grafana_panel_id,grafana_ref_id,grafana_panel_title,segment_label,service_type,benchmark_type,instance,service_label,timestamp_local,timestamp_utc,timestamp_unix,load_phase,offset_seconds,value,prom_labels_json
2,A,CPU Usage Rate,go_inventory,go,inventory,inventory-java:8082,inventory-java:8082 (inventory-service),2026-06-24 15:21:50,2026-06-24T09:51:50Z,1782294710,warmup,0.0,0.007142857142857143,"{""__name__"": ""process_cpu_usage""}"
2,A,CPU Usage Rate,go_inventory,go,inventory,order-java:8083,order-java:8083 (order-service),2026-06-24 15:21:50,2026-06-24T09:51:50Z,1782294710,warmup,0.0,0.007692307692307693,"{""__name__"": ""process_cpu_usage""}"
2,A,CPU Usage Rate,go_inventory,go,inventory,warehouse-java-twin:9084,warehouse-java-twin:9084 (warehouse-twin),2026-06-24 15:21:50,2026-06-24T09:51:50Z,1782294710,warmup,0.0,0.011764705882352941,"{""__name__"": ""process_cpu_usage""}"
2,A,CPU Usage Rate,go_inventory,go,inventory,inventory-java:8082,inventory-java:8082 (inventory-service),2026-06-24 15:22:05,2026-06-24T09:52:05Z,1782294725,warmup,15.0,0.00625,"{""__name__"": ""process_cpu_usage""}"
2,A,CPU Usage Rate,go_inventory,go,inventory,order-java:8083,order-java:8083 (order-service),2026-06-24 15:22:05,2026-06-24T09:52:05Z,1782294725,warmup,15.0,0.014285714285714285,"{""__name__"": ""process_cpu_usage""}"
2,A,CPU Usage Rate,go_inventory,go,inventory,warehouse-java-twin:9084,warehouse-java-twin:9084 (warehouse-twin),2026-06-24 15:22:05,2026-06-24T09:52:05Z,1782294725,warmup,15.0,0.008333333333333333,"{""__name__"": ""process_cpu_usage""}"
2,A,CPU Usage Rate,go_inventory,go,inventory,inventory-java:8082,inventory-java:8082 (inventory-service),2026-06-24 15:22:20,2026-06-24T09:52:20Z,1782294740,warmup,30.0,0.014285714285714285,"{""__name__"": ""process_cpu_usage""}"
2,A,CPU Usage Rate,go_inventory,go,inventory,order-java:8083,order-java:8083 (order-service),2026-06-24 15:22:20,2026-06-24T09:52:20Z,1782294740,warmup,30.0,0.01,"{""__name__"": ""process_cpu_usage""}"
2,A,CPU Usage Rate,go_inventory,go,inventory,warehouse-java-twin:9084,warehouse-java-twin:9084 (warehouse-twin),2026-06-24 15:22:20,2026-06-24T09:52:20Z,1782294740,warmup,30.0,0.016666666666666666,"{""__name__"": ""process_cpu_usage""}"
2,A,CPU Usage Rate,go_inventory,go,inventory,inventory-java:8082,inventory-java:8082 (inventory-service),2026-06-24 15:22:35,2026-06-24T09:52:35Z,1782294755,warmup,45.0,0.014285714285714285,"{""__name__"": ""process_cpu_usage""}"
2,A,CPU Usage Rate,go_inventory,go,inventory,order-java:8083,order-java:8083 (order-service),2026-06-24 15:22:35,2026-06-24T09:52:35Z,1782294755,warmup,45.0,0.016666666666666666,"{""__name__"": ""process_cpu_usage""}"
2,A,CPU Usage Rate,go_inventory,go,inventory,warehouse-java-twin:9084,warehouse-java-twin:9084 (warehouse-twin),2026-06-24 15:22:35,2026-06-24T09:52:35Z,1782294755,warmup,45.0,0.016666666666666666,"{""__name__"": ""process_cpu_usage""}"
2,A,CPU Usage Rate,go_inventory,go,inventory,inventory-java:8082,inventory-java:8082 (inventory-service),2026-06-24 15:22:50,2026-06-24T09:52:50Z,1782294770,warmup,60.0,0.014285714285714285,"{""__name__"": ""process_cpu_usage""}"
2,A,CPU Usage Rate,go_inventory,go,inventory,order-java:8083,order-java:8083 (order-service),2026-06-24 15:22:50,2026-06-24T09:52:50Z,1782294770,warmup,60.0,0.0,"{""__name__"": ""process_cpu_usage""}"
2,A,CPU Usage Rate,go_inventory,go,inventory,warehouse-java-twin:9084,warehouse-java-twin:9084 (warehouse-twin),2026-06-24 15:22:50,2026-06-24T09:52:50Z,1782294770,warmup,60.0,0.008333333333333333,"{""__name__"": ""process_cpu_usage""}"
2,A,CPU Usage Rate,go_inventory,go,inventory,inventory-java:8082,inventory-java:8082 (inventory-service),2026-06-24 15:23:05,2026-06-24T09:53:05Z,1782294785,warmup,75.0,0.04,"{""__name__"": ""process_cpu_usage""}"
2,A,CPU Usage Rate,go_inventory,go,inventory,order-java:8083,order-java:8083 (order-service),2026-06-24 15:23:05,2026-06-24T09:53:05Z,1782294785,warmup,75.0,0.01,"{""__name__"": ""process_cpu_usage""}"
2,A,CPU Usage Rate,go_inventory,go,inventory,warehouse-java-twin:9084,warehouse-java-twin:9084 (warehouse-twin),2026-06-24 15:23:05,2026-06-24T09:53:05Z,1782294785,warmup,75.0,0.0,"{""__name__"": ""process_cpu_usage""}"
2,A,CPU Usage Rate,go_inventory,go,inventory,inventory-java:8082,inventory-java:8082 (inventory-service),2026-06-24 15:23:20,2026-06-24T09:53:20Z,1782294800,warmup,90.0,0.011111111111111112,"{""__name__"": ""process_cpu_usage""}"
2,A,CPU Usage Rate,go_inventory,go,inventory,order-java:8083,order-java:8083 (order-service),2026-06-24 15:23:20,2026-06-24T09:53:20Z,1782294800,warmup,90.0,0.016666666666666666,"{""__name__"": ""process_cpu_usage""}"
2,A,CPU Usage Rate,go_inventory,go,inventory,warehouse-java-twin:9084,warehouse-java-twin:9084 (warehouse-twin),2026-06-24 15:23:20,2026-06-24T09:53:20Z,1782294800,warmup,90.0,0.022222222222222223,"{""__name__"": ""process_cpu_usage""}"
2,A,CPU Usage Rate,go_inventory,go,inventory,inventory-java:8082,inventory-java:8082 (inventory-service),2026-06-24 15:23:35,2026-06-24T09:53:35Z,1782294815,warmup,105.0,0.014285714285714285,"{""__name__"": ""process_cpu_usage""}"
2,A,CPU Usage Rate,go_inventory,go,inventory,order-java:8083,order-java:8083 (order-service),2026-06-24 15:23:35,2026-06-24T09:53:35Z,1782294815,warmup,105.0,0.007692307692307693,"{""__name__"": ""process_cpu_usage""}"
2,A,CPU Usage Rate,go_inventory,go,inventory,warehouse-java-twin:9084,warehouse-java-twin:9084 (warehouse-twin),2026-06-24 15:23:35,2026-06-24T09:53:35Z,1782294815,warmup,105.0,0.0058823529411764705,"{""__name__"": ""process_cpu_usage""}"
2,A,CPU Usage Rate,go_inventory,go,inventory,inventory-java:8082,inventory-java:8082 (inventory-service),2026-06-24 15:23:50,2026-06-24T09:53:50Z,1782294830,warmup,120.0,0.007692307692307693,"{""__name__"": ""process_cpu_usage""}"
2,A,CPU Usage Rate,go_inventory,go,inventory,order-java:8083,order-java:8083 (order-service),2026-06-24 15:23:50,2026-06-24T09:53:50Z,1782294830,warmup,120.0,0.007142857142857143,"{""__name__"": ""process_cpu_usage""}"
2,A,CPU Usage Rate,go_inventory,go,inventory,warehouse-java-twin:9084,warehouse-java-twin:9084 (warehouse-twin),2026-06-24 15:23:50,2026-06-24T09:53:50Z,1782294830,warmup,120.0,0.0058823529411764705,"{""__name__"": ""process_cpu_usage""}"
2,A,CPU Usage Rate,go_inventory,go,inventory,inventory-java:8082,inventory-java:8082 (inventory-service),2026-06-24 15:24:05,2026-06-24T09:54:05Z,1782294845,warmup,135.0,0.0,"{""__name__"": ""process_cpu_usage""}"
2,A,CPU Usage Rate,go_inventory,go,inventory,order-java:8083,order-java:8083 (order-service),2026-06-24 15:24:05,2026-06-24T09:54:05Z,1782294845,warmup,135.0,0.007142857142857143,"{""__name__"": ""process_cpu_usage""}"
2,A,CPU Usage Rate,go_inventory,go,inventory,warehouse-java-twin:9084,warehouse-java-twin:9084 (warehouse-twin),2026-06-24 15:24:05,2026-06-24T09:54:05Z,1782294845,warmup,135.0,0.0,"{""__name__"": ""process_cpu_usage""}"
2,A,CPU Usage Rate,go_inventory,go,inventory,inventory-java:8082,inventory-java:8082 (inventory-service),2026-06-24 15:24:20,2026-06-24T09:54:20Z,1782294860,warmup,150.0,0.00625,"{""__name__"": ""process_cpu_usage""}"
2,A,CPU Usage Rate,go_inventory,go,inventory,order-java:8083,order-java:8083 (order-service),2026-06-24 15:24:20,2026-06-24T09:54:20Z,1782294860,warmup,150.0,0.005555555555555556,"{""__name__"": ""process_cpu_usage""}"
2,A,CPU Usage Rate,go_inventory,go,inventory,warehouse-java-twin:9084,warehouse-java-twin:9084 (warehouse-twin),2026-06-24 15:24:20,2026-06-24T09:54:20Z,1782294860,warmup,150.0,0.006666666666666667,"{""__name__"": ""process_cpu_usage""}"
2,A,CPU Usage Rate,go_inventory,go,inventory,inventory-java:8082,inventory-java:8082 (inventory-service),2026-06-24 15:24:35,2026-06-24T09:54:35Z,1782294875,warmup,165.0,0.00909090909090909,"{""__name__"": ""process_cpu_usage""}"
2,A,CPU Usage Rate,go_inventory,go,inventory,order-java:8083,order-java:8083 (order-service),2026-06-24 15:24:35,2026-06-24T09:54:35Z,1782294875,warmup,165.0,0.0058823529411764705,"{""__name__"": ""process_cpu_usage""}"
2,A,CPU Usage Rate,go_inventory,go,inventory,warehouse-java-twin:9084,warehouse-java-twin:9084 (warehouse-twin),2026-06-24 15:24:35,2026-06-24T09:54:35Z,1782294875,warmup,165.0,0.006666666666666667,"{""__name__"": ""process_cpu_usage""}"
2,A,CPU Usage Rate,go_inventory,go,inventory,inventory-java:8082,inventory-java:8082 (inventory-service),2026-06-24 15:24:50,2026-06-24T09:54:50Z,1782294890,warmup,180.0,0.0,"{""__name__"": ""process_cpu_usage""}"
2,A,CPU Usage Rate,go_inventory,go,inventory,order-java:8083,order-java:8083 (order-service),2026-06-24 15:24:50,2026-06-24T09:54:50Z,1782294890,warmup,180.0,0.011111111111111112,"{""__name__"": ""process_cpu_usage""}"
2,A,CPU Usage Rate,go_inventory,go,inventory,warehouse-java-twin:9084,warehouse-java-twin:9084 (warehouse-twin),2026-06-24 15:24:50,2026-06-24T09:54:50Z,1782294890,warmup,180.0,0.015384615384615385,"{""__name__"": ""process_cpu_usage""}"
2,A,CPU Usage Rate,go_inventory,go,inventory,inventory-java:8082,inventory-java:8082 (inventory-service),2026-06-24 15:25:05,2026-06-24T09:55:05Z,1782294905,warmup,195.0,0.008333333333333333,"{""__name__"": ""process_cpu_usage""}"
2,A,CPU Usage Rate,go_inventory,go,inventory,order-java:8083,order-java:8083 (order-service),2026-06-24 15:25:05,2026-06-24T09:55:05Z,1782294905,warmup,195.0,0.007142857142857143,"{""__name__"": ""process_cpu_usage""}"
2,A,CPU Usage Rate,go_inventory,go,inventory,warehouse-java-twin:9084,warehouse-java-twin:9084 (warehouse-twin),2026-06-24 15:25:05,2026-06-24T09:55:05Z,1782294905,warmup,195.0,0.005555555555555556,"{""__name__"": ""process_cpu_usage""}"
2,A,CPU Usage Rate,go_inventory,go,inventory,inventory-java:8082,inventory-java:8082 (inventory-service),2026-06-24 15:25:20,2026-06-24T09:55:20Z,1782294920,warmup,210.0,0.008333333333333333,"{""__name__"": ""process_cpu_usage""}"
2,A,CPU Usage Rate,go_inventory,go,inventory,order-java:8083,order-java:8083 (order-service),2026-06-24 15:25:20,2026-06-24T09:55:20Z,1782294920,warmup,210.0,0.011764705882352941,"{""__name__"": ""process_cpu_usage""}"
2,A,CPU Usage Rate,go_inventory,go,inventory,warehouse-java-twin:9084,warehouse-java-twin:9084 (warehouse-twin),2026-06-24 15:25:20,2026-06-24T09:55:20Z,1782294920,warmup,210.0,0.016666666666666666,"{""__name__"": ""process_cpu_usage""}"
2,A,CPU Usage Rate,go_inventory,go,inventory,inventory-java:8082,inventory-java:8082 (inventory-service),2026-06-24 15:25:35,2026-06-24T09:55:35Z,1782294935,warmup,225.0,0.014285714285714285,"{""__name__"": ""process_cpu_usage""}"
2,A,CPU Usage Rate,go_inventory,go,inventory,order-java:8083,order-java:8083 (order-service),2026-06-24 15:25:35,2026-06-24T09:55:35Z,1782294935,warmup,225.0,0.00625,"{""__name__"": ""process_cpu_usage""}"
2,A,CPU Usage Rate,go_inventory,go,inventory,warehouse-java-twin:9084,warehouse-java-twin:9084 (warehouse-twin),2026-06-24 15:25:35,2026-06-24T09:55:35Z,1782294935,warmup,225.0,0.008333333333333333,"{""__name__"": ""process_cpu_usage""}"
2,A,CPU Usage Rate,go_inventory,go,inventory,inventory-java:8082,inventory-java:8082 (inventory-service),2026-06-24 15:25:50,2026-06-24T09:55:50Z,1782294950,warmup,240.0,0.011111111111111112,"{""__name__"": ""process_cpu_usage""}"
2,A,CPU Usage Rate,go_inventory,go,inventory,order-java:8083,order-java:8083 (order-service),2026-06-24 15:25:50,2026-06-24T09:55:50Z,1782294950,warmup,240.0,0.01,"{""__name__"": ""process_cpu_usage""}"
2,A,CPU Usage Rate,go_inventory,go,inventory,warehouse-java-twin:9084,warehouse-java-twin:9084 (warehouse-twin),2026-06-24 15:25:50,2026-06-24T09:55:50Z,1782294950,warmup,240.0,0.0,"{""__name__"": ""process_cpu_usage""}"
2,A,CPU Usage Rate,go_inventory,go,inventory,inventory-java:8082,inventory-java:8082 (inventory-service),2026-06-24 15:26:05,2026-06-24T09:56:05Z,1782294965,warmup,255.0,0.014285714285714285,"{""__name__"": ""process_cpu_usage""}"
2,A,CPU Usage Rate,go_inventory,go,inventory,order-java:8083,order-java:8083 (order-service),2026-06-24 15:26:05,2026-06-24T09:56:05Z,1782294965,warmup,255.0,0.0,"{""__name__"": ""process_cpu_usage""}"
2,A,CPU Usage Rate,go_inventory,go,inventory,warehouse-java-twin:9084,warehouse-java-twin:9084 (warehouse-twin),2026-06-24 15:26:05,2026-06-24T09:56:05Z,1782294965,warmup,255.0,0.008333333333333333,"{""__name__"": ""process_cpu_usage""}"
2,A,CPU Usage Rate,go_inventory,go,inventory,inventory-java:8082,inventory-java:8082 (inventory-service),2026-06-24 15:26:20,2026-06-24T09:56:20Z,1782294980,warmup,270.0,0.007692307692307693,"{""__name__"": ""process_cpu_usage""}"
2,A,CPU Usage Rate,go_inventory,go,inventory,order-java:8083,order-java:8083 (order-service),2026-06-24 15:26:20,2026-06-24T09:56:20Z,1782294980,warmup,270.0,0.006666666666666667,"{""__name__"": ""process_cpu_usage""}"
2,A,CPU Usage Rate,go_inventory,go,inventory,warehouse-java-twin:9084,warehouse-java-twin:9084 (warehouse-twin),2026-06-24 15:26:20,2026-06-24T09:56:20Z,1782294980,warmup,270.0,0.016666666666666666,"{""__name__"": ""process_cpu_usage""}"
2,A,CPU Usage Rate,go_inventory,go,inventory,inventory-java:8082,inventory-java:8082 (inventory-service),2026-06-24 15:26:35,2026-06-24T09:56:35Z,1782294995,warmup,285.0,0.008333333333333333,"{""__name__"": ""process_cpu_usage""}"
2,A,CPU Usage Rate,go_inventory,go,inventory,order-java:8083,order-java:8083 (order-service),2026-06-24 15:26:35,2026-06-24T09:56:35Z,1782294995,warmup,285.0,0.0,"{""__name__"": ""process_cpu_usage""}"
2,A,CPU Usage Rate,go_inventory,go,inventory,warehouse-java-twin:9084,warehouse-java-twin:9084 (warehouse-twin),2026-06-24 15:26:35,2026-06-24T09:56:35Z,1782294995,warmup,285.0,0.0125,"{""__name__"": ""process_cpu_usage""}"
2,A,CPU Usage Rate,go_inventory,go,inventory,inventory-java:8082,inventory-java:8082 (inventory-service),2026-06-24 15:26:50,2026-06-24T09:56:50Z,1782295010,ramp_1,300.0,0.023076923076923078,"{""__name__"": ""process_cpu_usage""}"
2,A,CPU Usage Rate,go_inventory,go,inventory,order-java:8083,order-java:8083 (order-service),2026-06-24 15:26:50,2026-06-24T09:56:50Z,1782295010,ramp_1,300.0,0.008333333333333333,"{""__name__"": ""process_cpu_usage""}"
2,A,CPU Usage Rate,go_inventory,go,inventory,warehouse-java-twin:9084,warehouse-java-twin:9084 (warehouse-twin),2026-06-24 15:26:50,2026-06-24T09:56:50Z,1782295010,ramp_1,300.0,0.016666666666666666,"{""__name__"": ""process_cpu_usage""}"
2,A,CPU Usage Rate,go_inventory,go,inventory,inventory-java:8082,inventory-java:8082 (inventory-service),2026-06-24 15:27:05,2026-06-24T09:57:05Z,1782295025,ramp_1,315.0,0.0125,"{""__name__"": ""process_cpu_usage""}"
2,A,CPU Usage Rate,go_inventory,go,inventory,order-java:8083,order-java:8083 (order-service),2026-06-24 15:27:05,2026-06-24T09:57:05Z,1782295025,ramp_1,315.0,0.007142857142857143,"{""__name__"": ""process_cpu_usage""}"
2,A,CPU Usage Rate,go_inventory,go,inventory,warehouse-java-twin:9084,warehouse-java-twin:9084 (warehouse-twin),2026-06-24 15:27:05,2026-06-24T09:57:05Z,1782295025,ramp_1,315.0,0.008333333333333333,"{""__name__"": ""process_cpu_usage""}"
2,A,CPU Usage Rate,go_inventory,go,inventory,inventory-java:8082,inventory-java:8082 (inventory-service),2026-06-24 15:27:20,2026-06-24T09:57:20Z,1782295040,ramp_1,330.0,0.007692307692307693,"{""__name__"": ""process_cpu_usage""}"
2,A,CPU Usage Rate,go_inventory,go,inventory,order-java:8083,order-java:8083 (order-service),2026-06-24 15:27:20,2026-06-24T09:57:20Z,1782295040,ramp_1,330.0,0.007142857142857143,"{""__name__"": ""process_cpu_usage""}"
2,A,CPU Usage Rate,go_inventory,go,inventory,warehouse-java-twin:9084,warehouse-java-twin:9084 (warehouse-twin),2026-06-24 15:27:20,2026-06-24T09:57:20Z,1782295040,ramp_1,330.0,0.008333333333333333,"{""__name__"": ""process_cpu_usage""}"
2,A,CPU Usage Rate,go_inventory,go,inventory,inventory-java:8082,inventory-java:8082 (inventory-service),2026-06-24 15:27:35,2026-06-24T09:57:35Z,1782295055,ramp_1,345.0,0.016666666666666666,"{""__name__"": ""process_cpu_usage""}"
2,A,CPU Usage Rate,go_inventory,go,inventory,order-java:8083,order-java:8083 (order-service),2026-06-24 15:27:35,2026-06-24T09:57:35Z,1782295055,ramp_1,345.0,0.014285714285714285,"{""__name__"": ""process_cpu_usage""}"
2,A,CPU Usage Rate,go_inventory,go,inventory,warehouse-java-twin:9084,warehouse-java-twin:9084 (warehouse-twin),2026-06-24 15:27:35,2026-06-24T09:57:35Z,1782295055,ramp_1,345.0,0.007142857142857143,"{""__name__"": ""process_cpu_usage""}"
2,A,CPU Usage Rate,go_inventory,go,inventory,inventory-java:8082,inventory-java:8082 (inventory-service),2026-06-24 15:27:50,2026-06-24T09:57:50Z,1782295070,ramp_1,360.0,0.011111111111111112,"{""__name__"": ""process_cpu_usage""}"
2,A,CPU Usage Rate,go_inventory,go,inventory,order-java:8083,order-java:8083 (order-service),2026-06-24 15:27:50,2026-06-24T09:57:50Z,1782295070,ramp_1,360.0,0.00625,"{""__name__"": ""process_cpu_usage""}"
2,A,CPU Usage Rate,go_inventory,go,inventory,warehouse-java-twin:9084,warehouse-java-twin:9084 (warehouse-twin),2026-06-24 15:27:50,2026-06-24T09:57:50Z,1782295070,ramp_1,360.0,0.0,"{""__name__"": ""process_cpu_usage""}"
2,A,CPU Usage Rate,go_inventory,go,inventory,inventory-java:8082,inventory-java:8082 (inventory-service),2026-06-24 15:28:05,2026-06-24T09:58:05Z,1782295085,ramp_1,375.0,0.007142857142857143,"{""__name__"": ""process_cpu_usage""}"
2,A,CPU Usage Rate,go_inventory,go,inventory,order-java:8083,order-java:8083 (order-service),2026-06-24 15:28:05,2026-06-24T09:58:05Z,1782295085,ramp_1,375.0,0.013333333333333334,"{""__name__"": ""process_cpu_usage""}"
2,A,CPU Usage Rate,go_inventory,go,inventory,warehouse-java-twin:9084,warehouse-java-twin:9084 (warehouse-twin),2026-06-24 15:28:05,2026-06-24T09:58:05Z,1782295085,ramp_1,375.0,0.0125,"{""__name__"": ""process_cpu_usage""}"
2,A,CPU Usage Rate,go_inventory,go,inventory,inventory-java:8082,inventory-java:8082 (inventory-service),2026-06-24 15:28:20,2026-06-24T09:58:20Z,1782295100,ramp_1,390.0,0.007142857142857143,"{""__name__"": ""process_cpu_usage""}"
2,A,CPU Usage Rate,go_inventory,go,inventory,order-java:8083,order-java:8083 (order-service),2026-06-24 15:28:20,2026-06-24T09:58:20Z,1782295100,ramp_1,390.0,0.008333333333333333,"{""__name__"": ""process_cpu_usage""}"
2,A,CPU Usage Rate,go_inventory,go,inventory,warehouse-java-twin:9084,warehouse-java-twin:9084 (warehouse-twin),2026-06-24 15:28:20,2026-06-24T09:58:20Z,1782295100,ramp_1,390.0,0.007142857142857143,"{""__name__"": ""process_cpu_usage""}"
2,A,CPU Usage Rate,go_inventory,go,inventory,inventory-java:8082,inventory-java:8082 (inventory-service),2026-06-24 15:28:35,2026-06-24T09:58:35Z,1782295115,ramp_1,405.0,0.006666666666666667,"{""__name__"": ""process_cpu_usage""}"
2,A,CPU Usage Rate,go_inventory,go,inventory,order-java:8083,order-java:8083 (order-service),2026-06-24 15:28:35,2026-06-24T09:58:35Z,1782295115,ramp_1,405.0,0.006666666666666667,"{""__name__"": ""process_cpu_usage""}"
2,A,CPU Usage Rate,go_inventory,go,inventory,warehouse-java-twin:9084,warehouse-java-twin:9084 (warehouse-twin),2026-06-24 15:28:35,2026-06-24T09:58:35Z,1782295115,ramp_1,405.0,0.01,"{""__name__"": ""process_cpu_usage""}"
2,A,CPU Usage Rate,go_inventory,go,inventory,inventory-java:8082,inventory-java:8082 (inventory-service),2026-06-24 15:28:50,2026-06-24T09:58:50Z,1782295130,ramp_1,420.0,0.01,"{""__name__"": ""process_cpu_usage""}"
2,A,CPU Usage Rate,go_inventory,go,inventory,order-java:8083,order-java:8083 (order-service),2026-06-24 15:28:50,2026-06-24T09:58:50Z,1782295130,ramp_1,420.0,0.0,"{""__name__"": ""process_cpu_usage""}"
2,A,CPU Usage Rate,go_inventory,go,inventory,warehouse-java-twin:9084,warehouse-java-twin:9084 (warehouse-twin),2026-06-24 15:28:50,2026-06-24T09:58:50Z,1782295130,ramp_1,420.0,0.0,"{""__name__"": ""process_cpu_usage""}"
2,A,CPU Usage Rate,go_inventory,go,inventory,inventory-java:8082,inventory-java:8082 (inventory-service),2026-06-24 15:29:05,2026-06-24T09:59:05Z,1782295145,ramp_1,435.0,0.04,"{""__name__"": ""process_cpu_usage""}"
2,A,CPU Usage Rate,go_inventory,go,inventory,order-java:8083,order-java:8083 (order-service),2026-06-24 15:29:05,2026-06-24T09:59:05Z,1782295145,ramp_1,435.0,0.0125,"{""__name__"": ""process_cpu_usage""}"
2,A,CPU Usage Rate,go_inventory,go,inventory,warehouse-java-twin:9084,warehouse-java-twin:9084 (warehouse-twin),2026-06-24 15:29:05,2026-06-24T09:59:05Z,1782295145,ramp_1,435.0,0.008333333333333333,"{""__name__"": ""process_cpu_usage""}"
2,A,CPU Usage Rate,go_inventory,go,inventory,inventory-java:8082,inventory-java:8082 (inventory-service),2026-06-24 15:29:20,2026-06-24T09:59:20Z,1782295160,ramp_1,450.0,0.014285714285714285,"{""__name__"": ""process_cpu_usage""}"
2,A,CPU Usage Rate,go_inventory,go,inventory,order-java:8083,order-java:8083 (order-service),2026-06-24 15:29:20,2026-06-24T09:59:20Z,1782295160,ramp_1,450.0,0.016666666666666666,"{""__name__"": ""process_cpu_usage""}"
2,A,CPU Usage Rate,go_inventory,go,inventory,warehouse-java-twin:9084,warehouse-java-twin:9084 (warehouse-twin),2026-06-24 15:29:20,2026-06-24T09:59:20Z,1782295160,ramp_1,450.0,0.01,"{""__name__"": ""process_cpu_usage""}"
2,A,CPU Usage Rate,go_inventory,go,inventory,inventory-java:8082,inventory-java:8082 (inventory-service),2026-06-24 15:29:35,2026-06-24T09:59:35Z,1782295175,ramp_1,465.0,0.011111111111111112,"{""__name__"": ""process_cpu_usage""}"
2,A,CPU Usage Rate,go_inventory,go,inventory,order-java:8083,order-java:8083 (order-service),2026-06-24 15:29:35,2026-06-24T09:59:35Z,1782295175,ramp_1,465.0,0.007692307692307693,"{""__name__"": ""process_cpu_usage""}"
2,A,CPU Usage Rate,go_inventory,go,inventory,warehouse-java-twin:9084,warehouse-java-twin:9084 (warehouse-twin),2026-06-24 15:29:35,2026-06-24T09:59:35Z,1782295175,ramp_1,465.0,0.00909090909090909,"{""__name__"": ""process_cpu_usage""}"
2,A,CPU Usage Rate,go_inventory,go,inventory,inventory-java:8082,inventory-java:8082 (inventory-service),2026-06-24 15:29:50,2026-06-24T09:59:50Z,1782295190,ramp_1,480.0,0.008333333333333333,"{""__name__"": ""process_cpu_usage""}"
2,A,CPU Usage Rate,go_inventory,go,inventory,order-java:8083,order-java:8083 (order-service),2026-06-24 15:29:50,2026-06-24T09:59:50Z,1782295190,ramp_1,480.0,0.008333333333333333,"{""__name__"": ""process_cpu_usage""}"
2,A,CPU Usage Rate,go_inventory,go,inventory,warehouse-java-twin:9084,warehouse-java-twin:9084 (warehouse-twin),2026-06-24 15:29:50,2026-06-24T09:59:50Z,1782295190,ramp_1,480.0,0.006666666666666667,"{""__name__"": ""process_cpu_usage""}"
2,A,CPU Usage Rate,go_inventory,go,inventory,inventory-java:8082,inventory-java:8082 (inventory-service),2026-06-24 15:30:05,2026-06-24T10:00:05Z,1782295205,ramp_1,495.0,0.01,"{""__name__"": ""process_cpu_usage""}"
2,A,CPU Usage Rate,go_inventory,go,inventory,order-java:8083,order-java:8083 (order-service),2026-06-24 15:30:05,2026-06-24T10:00:05Z,1782295205,ramp_1,495.0,0.00909090909090909,"{""__name__"": ""process_cpu_usage""}"
2,A,CPU Usage Rate,go_inventory,go,inventory,warehouse-java-twin:9084,warehouse-java-twin:9084 (warehouse-twin),2026-06-24 15:30:05,2026-06-24T10:00:05Z,1782295205,ramp_1,495.0,0.016666666666666666,"{""__name__"": ""process_cpu_usage""}"
2,A,CPU Usage Rate,go_inventory,go,inventory,inventory-java:8082,inventory-java:8082 (inventory-service),2026-06-24 15:30:20,2026-06-24T10:00:20Z,1782295220,ramp_1,510.0,0.014285714285714285,"{""__name__"": ""process_cpu_usage""}"
2,A,CPU Usage Rate,go_inventory,go,inventory,order-java:8083,order-java:8083 (order-service),2026-06-24 15:30:20,2026-06-24T10:00:20Z,1782295220,ramp_1,510.0,0.007142857142857143,"{""__name__"": ""process_cpu_usage""}"
2,A,CPU Usage Rate,go_inventory,go,inventory,warehouse-java-twin:9084,warehouse-java-twin:9084 (warehouse-twin),2026-06-24 15:30:20,2026-06-24T10:00:20Z,1782295220,ramp_1,510.0,0.00909090909090909,"{""__name__"": ""process_cpu_usage""}"
2,A,CPU Usage Rate,go_inventory,go,inventory,inventory-java:8082,inventory-java:8082 (inventory-service),2026-06-24 15:30:35,2026-06-24T10:00:35Z,1782295235,ramp_1,525.0,0.008333333333333333,"{""__name__"": ""process_cpu_usage""}"
2,A,CPU Usage Rate,go_inventory,go,inventory,order-java:8083,order-java:8083 (order-service),2026-06-24 15:30:35,2026-06-24T10:00:35Z,1782295235,ramp_1,525.0,0.011111111111111112,"{""__name__"": ""process_cpu_usage""}"
2,A,CPU Usage Rate,go_inventory,go,inventory,warehouse-java-twin:9084,warehouse-java-twin:9084 (warehouse-twin),2026-06-24 15:30:35,2026-06-24T10:00:35Z,1782295235,ramp_1,525.0,0.01,"{""__name__"": ""process_cpu_usage""}"
2,A,CPU Usage Rate,go_inventory,go,inventory,inventory-java:8082,inventory-java:8082 (inventory-service),2026-06-24 15:30:50,2026-06-24T10:00:50Z,1782295250,ramp_1,540.0,0.0,"{""__name__"": ""process_cpu_usage""}"
2,A,CPU Usage Rate,go_inventory,go,inventory,order-java:8083,order-java:8083 (order-service),2026-06-24 15:30:50,2026-06-24T10:00:50Z,1782295250,ramp_1,540.0,0.005555555555555556,"{""__name__"": ""process_cpu_usage""}"
2,A,CPU Usage Rate,go_inventory,go,inventory,warehouse-java-twin:9084,warehouse-java-twin:9084 (warehouse-twin),2026-06-24 15:30:50,2026-06-24T10:00:50Z,1782295250,ramp_1,540.0,0.008333333333333333,"{""__name__"": ""process_cpu_usage""}"
2,A,CPU Usage Rate,go_inventory,go,inventory,inventory-java:8082,inventory-java:8082 (inventory-service),2026-06-24 15:31:05,2026-06-24T10:01:05Z,1782295265,ramp_1,555.0,0.0125,"{""__name__"": ""process_cpu_usage""}"
2,A,CPU Usage Rate,go_inventory,go,inventory,order-java:8083,order-java:8083 (order-service),2026-06-24 15:31:05,2026-06-24T10:01:05Z,1782295265,ramp_1,555.0,0.00625,"{""__name__"": ""process_cpu_usage""}"
2,A,CPU Usage Rate,go_inventory,go,inventory,warehouse-java-twin:9084,warehouse-java-twin:9084 (warehouse-twin),2026-06-24 15:31:05,2026-06-24T10:01:05Z,1782295265,ramp_1,555.0,0.01,"{""__name__"": ""process_cpu_usage""}"
2,A,CPU Usage Rate,go_inventory,go,inventory,inventory-java:8082,inventory-java:8082 (inventory-service),2026-06-24 15:31:20,2026-06-24T10:01:20Z,1782295280,ramp_1,570.0,0.0,"{""__name__"": ""process_cpu_usage""}"
2,A,CPU Usage Rate,go_inventory,go,inventory,order-java:8083,order-java:8083 (order-service),2026-06-24 15:31:20,2026-06-24T10:01:20Z,1782295280,ramp_1,570.0,0.007142857142857143,"{""__name__"": ""process_cpu_usage""}"
2,A,CPU Usage Rate,go_inventory,go,inventory,warehouse-java-twin:9084,warehouse-java-twin:9084 (warehouse-twin),2026-06-24 15:31:20,2026-06-24T10:01:20Z,1782295280,ramp_1,570.0,0.0,"{""__name__"": ""process_cpu_usage""}"
2,A,CPU Usage Rate,go_inventory,go,inventory,inventory-java:8082,inventory-java:8082 (inventory-service),2026-06-24 15:31:35,2026-06-24T10:01:35Z,1782295295,ramp_1,585.0,0.0,"{""__name__"": ""process_cpu_usage""}"
2,A,CPU Usage Rate,go_inventory,go,inventory,order-java:8083,order-java:8083 (order-service),2026-06-24 15:31:35,2026-06-24T10:01:35Z,1782295295,ramp_1,585.0,0.0,"{""__name__"": ""process_cpu_usage""}"
2,A,CPU Usage Rate,go_inventory,go,inventory,warehouse-java-twin:9084,warehouse-java-twin:9084 (warehouse-twin),2026-06-24 15:31:35,2026-06-24T10:01:35Z,1782295295,ramp_1,585.0,0.007692307692307693,"{""__name__"": ""process_cpu_usage""}"
2,A,CPU Usage Rate,go_inventory,go,inventory,inventory-java:8082,inventory-java:8082 (inventory-service),2026-06-24 15:31:50,2026-06-24T10:01:50Z,1782295310,ramp_2,600.0,0.007142857142857143,"{""__name__"": ""process_cpu_usage""}"
2,A,CPU Usage Rate,go_inventory,go,inventory,order-java:8083,order-java:8083 (order-service),2026-06-24 15:31:50,2026-06-24T10:01:50Z,1782295310,ramp_2,600.0,0.007692307692307693,"{""__name__"": ""process_cpu_usage""}"
2,A,CPU Usage Rate,go_inventory,go,inventory,warehouse-java-twin:9084,warehouse-java-twin:9084 (warehouse-twin),2026-06-24 15:31:50,2026-06-24T10:01:50Z,1782295310,ramp_2,600.0,0.0,"{""__name__"": ""process_cpu_usage""}"
2,A,CPU Usage Rate,go_inventory,go,inventory,inventory-java:8082,inventory-java:8082 (inventory-service),2026-06-24 15:32:05,2026-06-24T10:02:05Z,1782295325,ramp_2,615.0,0.00625,"{""__name__"": ""process_cpu_usage""}"
2,A,CPU Usage Rate,go_inventory,go,inventory,order-java:8083,order-java:8083 (order-service),2026-06-24 15:32:05,2026-06-24T10:02:05Z,1782295325,ramp_2,615.0,0.006666666666666667,"{""__name__"": ""process_cpu_usage""}"
2,A,CPU Usage Rate,go_inventory,go,inventory,warehouse-java-twin:9084,warehouse-java-twin:9084 (warehouse-twin),2026-06-24 15:32:05,2026-06-24T10:02:05Z,1782295325,ramp_2,615.0,0.01,"{""__name__"": ""process_cpu_usage""}"
2,A,CPU Usage Rate,go_inventory,go,inventory,inventory-java:8082,inventory-java:8082 (inventory-service),2026-06-24 15:32:20,2026-06-24T10:02:20Z,1782295340,ramp_2,630.0,0.007142857142857143,"{""__name__"": ""process_cpu_usage""}"
2,A,CPU Usage Rate,go_inventory,go,inventory,order-java:8083,order-java:8083 (order-service),2026-06-24 15:32:20,2026-06-24T10:02:20Z,1782295340,ramp_2,630.0,0.011111111111111112,"{""__name__"": ""process_cpu_usage""}"
2,A,CPU Usage Rate,go_inventory,go,inventory,warehouse-java-twin:9084,warehouse-java-twin:9084 (warehouse-twin),2026-06-24 15:32:20,2026-06-24T10:02:20Z,1782295340,ramp_2,630.0,0.014285714285714285,"{""__name__"": ""process_cpu_usage""}"
2,A,CPU Usage Rate,go_inventory,go,inventory,inventory-java:8082,inventory-java:8082 (inventory-service),2026-06-24 15:32:35,2026-06-24T10:02:35Z,1782295355,ramp_2,645.0,0.008333333333333333,"{""__name__"": ""process_cpu_usage""}"
2,A,CPU Usage Rate,go_inventory,go,inventory,order-java:8083,order-java:8083 (order-service),2026-06-24 15:32:35,2026-06-24T10:02:35Z,1782295355,ramp_2,645.0,0.01,"{""__name__"": ""process_cpu_usage""}"
2,A,CPU Usage Rate,go_inventory,go,inventory,warehouse-java-twin:9084,warehouse-java-twin:9084 (warehouse-twin),2026-06-24 15:32:35,2026-06-24T10:02:35Z,1782295355,ramp_2,645.0,0.008333333333333333,"{""__name__"": ""process_cpu_usage""}"
2,A,CPU Usage Rate,go_inventory,go,inventory,inventory-java:8082,inventory-java:8082 (inventory-service),2026-06-24 15:32:50,2026-06-24T10:02:50Z,1782295370,ramp_2,660.0,0.006666666666666667,"{""__name__"": ""process_cpu_usage""}"
2,A,CPU Usage Rate,go_inventory,go,inventory,order-java:8083,order-java:8083 (order-service),2026-06-24 15:32:50,2026-06-24T10:02:50Z,1782295370,ramp_2,660.0,0.01818181818181818,"{""__name__"": ""process_cpu_usage""}"
2,A,CPU Usage Rate,go_inventory,go,inventory,warehouse-java-twin:9084,warehouse-java-twin:9084 (warehouse-twin),2026-06-24 15:32:50,2026-06-24T10:02:50Z,1782295370,ramp_2,660.0,0.006666666666666667,"{""__name__"": ""process_cpu_usage""}"
2,A,CPU Usage Rate,go_inventory,go,inventory,inventory-java:8082,inventory-java:8082 (inventory-service),2026-06-24 15:33:05,2026-06-24T10:03:05Z,1782295385,ramp_2,675.0,0.011111111111111112,"{""__name__"": ""process_cpu_usage""}"
2,A,CPU Usage Rate,go_inventory,go,inventory,order-java:8083,order-java:8083 (order-service),2026-06-24 15:33:05,2026-06-24T10:03:05Z,1782295385,ramp_2,675.0,0.0,"{""__name__"": ""process_cpu_usage""}"
2,A,CPU Usage Rate,go_inventory,go,inventory,warehouse-java-twin:9084,warehouse-java-twin:9084 (warehouse-twin),2026-06-24 15:33:05,2026-06-24T10:03:05Z,1782295385,ramp_2,675.0,0.011111111111111112,"{""__name__"": ""process_cpu_usage""}"
2,A,CPU Usage Rate,go_inventory,go,inventory,inventory-java:8082,inventory-java:8082 (inventory-service),2026-06-24 15:33:20,2026-06-24T10:03:20Z,1782295400,ramp_2,690.0,0.007142857142857143,"{""__name__"": ""process_cpu_usage""}"
2,A,CPU Usage Rate,go_inventory,go,inventory,order-java:8083,order-java:8083 (order-service),2026-06-24 15:33:20,2026-06-24T10:03:20Z,1782295400,ramp_2,690.0,0.025,"{""__name__"": ""process_cpu_usage""}"
2,A,CPU Usage Rate,go_inventory,go,inventory,warehouse-java-twin:9084,warehouse-java-twin:9084 (warehouse-twin),2026-06-24 15:33:20,2026-06-24T10:03:20Z,1782295400,ramp_2,690.0,0.014285714285714285,"{""__name__"": ""process_cpu_usage""}"
2,A,CPU Usage Rate,go_inventory,go,inventory,inventory-java:8082,inventory-java:8082 (inventory-service),2026-06-24 15:33:35,2026-06-24T10:03:35Z,1782295415,ramp_2,705.0,0.00909090909090909,"{""__name__"": ""process_cpu_usage""}"
2,A,CPU Usage Rate,go_inventory,go,inventory,order-java:8083,order-java:8083 (order-service),2026-06-24 15:33:35,2026-06-24T10:03:35Z,1782295415,ramp_2,705.0,0.016666666666666666,"{""__name__"": ""process_cpu_usage""}"
2,A,CPU Usage Rate,go_inventory,go,inventory,warehouse-java-twin:9084,warehouse-java-twin:9084 (warehouse-twin),2026-06-24 15:33:35,2026-06-24T10:03:35Z,1782295415,ramp_2,705.0,0.008333333333333333,"{""__name__"": ""process_cpu_usage""}"
2,A,CPU Usage Rate,go_inventory,go,inventory,inventory-java:8082,inventory-java:8082 (inventory-service),2026-06-24 15:33:50,2026-06-24T10:03:50Z,1782295430,ramp_2,720.0,0.0,"{""__name__"": ""process_cpu_usage""}"
2,A,CPU Usage Rate,go_inventory,go,inventory,order-java:8083,order-java:8083 (order-service),2026-06-24 15:33:50,2026-06-24T10:03:50Z,1782295430,ramp_2,720.0,0.016666666666666666,"{""__name__"": ""process_cpu_usage""}"
2,A,CPU Usage Rate,go_inventory,go,inventory,warehouse-java-twin:9084,warehouse-java-twin:9084 (warehouse-twin),2026-06-24 15:33:50,2026-06-24T10:03:50Z,1782295430,ramp_2,720.0,0.0,"{""__name__"": ""process_cpu_usage""}"
2,A,CPU Usage Rate,go_inventory,go,inventory,inventory-java:8082,inventory-java:8082 (inventory-service),2026-06-24 15:34:05,2026-06-24T10:04:05Z,1782295445,ramp_2,735.0,0.011111111111111112,"{""__name__"": ""process_cpu_usage""}"
2,A,CPU Usage Rate,go_inventory,go,inventory,order-java:8083,order-java:8083 (order-service),2026-06-24 15:34:05,2026-06-24T10:04:05Z,1782295445,ramp_2,735.0,0.02,"{""__name__"": ""process_cpu_usage""}"
2,A,CPU Usage Rate,go_inventory,go,inventory,warehouse-java-twin:9084,warehouse-java-twin:9084 (warehouse-twin),2026-06-24 15:34:05,2026-06-24T10:04:05Z,1782295445,ramp_2,735.0,0.02,"{""__name__"": ""process_cpu_usage""}"
2,A,CPU Usage Rate,go_inventory,go,inventory,inventory-java:8082,inventory-java:8082 (inventory-service),2026-06-24 15:34:20,2026-06-24T10:04:20Z,1782295460,ramp_2,750.0,0.007142857142857143,"{""__name__"": ""process_cpu_usage""}"
2,A,CPU Usage Rate,go_inventory,go,inventory,order-java:8083,order-java:8083 (order-service),2026-06-24 15:34:20,2026-06-24T10:04:20Z,1782295460,ramp_2,750.0,0.011111111111111112,"{""__name__"": ""process_cpu_usage""}"
2,A,CPU Usage Rate,go_inventory,go,inventory,warehouse-java-twin:9084,warehouse-java-twin:9084 (warehouse-twin),2026-06-24 15:34:20,2026-06-24T10:04:20Z,1782295460,ramp_2,750.0,0.006666666666666667,"{""__name__"": ""process_cpu_usage""}"
2,A,CPU Usage Rate,go_inventory,go,inventory,inventory-java:8082,inventory-java:8082 (inventory-service),2026-06-24 15:34:35,2026-06-24T10:04:35Z,1782295475,ramp_2,765.0,0.0,"{""__name__"": ""process_cpu_usage""}"
2,A,CPU Usage Rate,go_inventory,go,inventory,order-java:8083,order-java:8083 (order-service),2026-06-24 15:34:35,2026-06-24T10:04:35Z,1782295475,ramp_2,765.0,0.0,"{""__name__"": ""process_cpu_usage""}"
2,A,CPU Usage Rate,go_inventory,go,inventory,warehouse-java-twin:9084,warehouse-java-twin:9084 (warehouse-twin),2026-06-24 15:34:35,2026-06-24T10:04:35Z,1782295475,ramp_2,765.0,0.008333333333333333,"{""__name__"": ""process_cpu_usage""}"
2,A,CPU Usage Rate,go_inventory,go,inventory,inventory-java:8082,inventory-java:8082 (inventory-service),2026-06-24 15:34:50,2026-06-24T10:04:50Z,1782295490,ramp_2,780.0,0.0,"{""__name__"": ""process_cpu_usage""}"
2,A,CPU Usage Rate,go_inventory,go,inventory,order-java:8083,order-java:8083 (order-service),2026-06-24 15:34:50,2026-06-24T10:04:50Z,1782295490,ramp_2,780.0,0.007692307692307693,"{""__name__"": ""process_cpu_usage""}"
2,A,CPU Usage Rate,go_inventory,go,inventory,warehouse-java-twin:9084,warehouse-java-twin:9084 (warehouse-twin),2026-06-24 15:34:50,2026-06-24T10:04:50Z,1782295490,ramp_2,780.0,0.0,"{""__name__"": ""process_cpu_usage""}"
2,A,CPU Usage Rate,go_inventory,go,inventory,inventory-java:8082,inventory-java:8082 (inventory-service),2026-06-24 15:35:05,2026-06-24T10:05:05Z,1782295505,ramp_2,795.0,0.0,"{""__name__"": ""process_cpu_usage""}"
2,A,CPU Usage Rate,go_inventory,go,inventory,order-java:8083,order-java:8083 (order-service),2026-06-24 15:35:05,2026-06-24T10:05:05Z,1782295505,ramp_2,795.0,0.006666666666666667,"{""__name__"": ""process_cpu_usage""}"
2,A,CPU Usage Rate,go_inventory,go,inventory,warehouse-java-twin:9084,warehouse-java-twin:9084 (warehouse-twin),2026-06-24 15:35:05,2026-06-24T10:05:05Z,1782295505,ramp_2,795.0,0.0,"{""__name__"": ""process_cpu_usage""}"
2,A,CPU Usage Rate,go_inventory,go,inventory,inventory-java:8082,inventory-java:8082 (inventory-service),2026-06-24 15:35:20,2026-06-24T10:05:20Z,1782295520,ramp_2,810.0,0.0,"{""__name__"": ""process_cpu_usage""}"
2,A,CPU Usage Rate,go_inventory,go,inventory,order-java:8083,order-java:8083 (order-service),2026-06-24 15:35:20,2026-06-24T10:05:20Z,1782295520,ramp_2,810.0,0.01,"{""__name__"": ""process_cpu_usage""}"
2,A,CPU Usage Rate,go_inventory,go,inventory,warehouse-java-twin:9084,warehouse-java-twin:9084 (warehouse-twin),2026-06-24 15:35:20,2026-06-24T10:05:20Z,1782295520,ramp_2,810.0,0.01,"{""__name__"": ""process_cpu_usage""}"
2,A,CPU Usage Rate,go_inventory,go,inventory,inventory-java:8082,inventory-java:8082 (inventory-service),2026-06-24 15:35:35,2026-06-24T10:05:35Z,1782295535,ramp_2,825.0,0.01818181818181818,"{""__name__"": ""process_cpu_usage""}"
2,A,CPU Usage Rate,go_inventory,go,inventory,order-java:8083,order-java:8083 (order-service),2026-06-24 15:35:35,2026-06-24T10:05:35Z,1782295535,ramp_2,825.0,0.00909090909090909,"{""__name__"": ""process_cpu_usage""}"
2,A,CPU Usage Rate,go_inventory,go,inventory,warehouse-java-twin:9084,warehouse-java-twin:9084 (warehouse-twin),2026-06-24 15:35:35,2026-06-24T10:05:35Z,1782295535,ramp_2,825.0,0.0,"{""__name__"": ""process_cpu_usage""}"
2,A,CPU Usage Rate,go_inventory,go,inventory,inventory-java:8082,inventory-java:8082 (inventory-service),2026-06-24 15:35:50,2026-06-24T10:05:50Z,1782295550,ramp_2,840.0,0.00909090909090909,"{""__name__"": ""process_cpu_usage""}"
2,A,CPU Usage Rate,go_inventory,go,inventory,order-java:8083,order-java:8083 (order-service),2026-06-24 15:35:50,2026-06-24T10:05:50Z,1782295550,ramp_2,840.0,0.011111111111111112,"{""__name__"": ""process_cpu_usage""}"
2,A,CPU Usage Rate,go_inventory,go,inventory,warehouse-java-twin:9084,warehouse-java-twin:9084 (warehouse-twin),2026-06-24 15:35:50,2026-06-24T10:05:50Z,1782295550,ramp_2,840.0,0.008333333333333333,"{""__name__"": ""process_cpu_usage""}"
2,A,CPU Usage Rate,go_inventory,go,inventory,inventory-java:8082,inventory-java:8082 (inventory-service),2026-06-24 15:36:05,2026-06-24T10:06:05Z,1782295565,ramp_2,855.0,0.015384615384615385,"{""__name__"": ""process_cpu_usage""}"
2,A,CPU Usage Rate,go_inventory,go,inventory,order-java:8083,order-java:8083 (order-service),2026-06-24 15:36:05,2026-06-24T10:06:05Z,1782295565,ramp_2,855.0,0.0,"{""__name__"": ""process_cpu_usage""}"
2,A,CPU Usage Rate,go_inventory,go,inventory,warehouse-java-twin:9084,warehouse-java-twin:9084 (warehouse-twin),2026-06-24 15:36:05,2026-06-24T10:06:05Z,1782295565,ramp_2,855.0,0.0,"{""__name__"": ""process_cpu_usage""}"
2,A,CPU Usage Rate,go_inventory,go,inventory,inventory-java:8082,inventory-java:8082 (inventory-service),2026-06-24 15:36:20,2026-06-24T10:06:20Z,1782295580,ramp_2,870.0,0.011111111111111112,"{""__name__"": ""process_cpu_usage""}"
2,A,CPU Usage Rate,go_inventory,go,inventory,order-java:8083,order-java:8083 (order-service),2026-06-24 15:36:20,2026-06-24T10:06:20Z,1782295580,ramp_2,870.0,0.007142857142857143,"{""__name__"": ""process_cpu_usage""}"
2,A,CPU Usage Rate,go_inventory,go,inventory,warehouse-java-twin:9084,warehouse-java-twin:9084 (warehouse-twin),2026-06-24 15:36:20,2026-06-24T10:06:20Z,1782295580,ramp_2,870.0,0.015384615384615385,"{""__name__"": ""process_cpu_usage""}"
2,A,CPU Usage Rate,go_inventory,go,inventory,inventory-java:8082,inventory-java:8082 (inventory-service),2026-06-24 15:36:35,2026-06-24T10:06:35Z,1782295595,ramp_2,885.0,0.02,"{""__name__"": ""process_cpu_usage""}"
2,A,CPU Usage Rate,go_inventory,go,inventory,order-java:8083,order-java:8083 (order-service),2026-06-24 15:36:35,2026-06-24T10:06:35Z,1782295595,ramp_2,885.0,0.007692307692307693,"{""__name__"": ""process_cpu_usage""}"
2,A,CPU Usage Rate,go_inventory,go,inventory,warehouse-java-twin:9084,warehouse-java-twin:9084 (warehouse-twin),2026-06-24 15:36:35,2026-06-24T10:06:35Z,1782295595,ramp_2,885.0,0.016666666666666666,"{""__name__"": ""process_cpu_usage""}"
2,A,CPU Usage Rate,go_inventory,go,inventory,inventory-java:8082,inventory-java:8082 (inventory-service),2026-06-24 15:36:50,2026-06-24T10:06:50Z,1782295610,ramp_3,900.0,0.013333333333333334,"{""__name__"": ""process_cpu_usage""}"
2,A,CPU Usage Rate,go_inventory,go,inventory,order-java:8083,order-java:8083 (order-service),2026-06-24 15:36:50,2026-06-24T10:06:50Z,1782295610,ramp_3,900.0,0.007142857142857143,"{""__name__"": ""process_cpu_usage""}"
2,A,CPU Usage Rate,go_inventory,go,inventory,warehouse-java-twin:9084,warehouse-java-twin:9084 (warehouse-twin),2026-06-24 15:36:50,2026-06-24T10:06:50Z,1782295610,ramp_3,900.0,0.011111111111111112,"{""__name__"": ""process_cpu_usage""}"
2,A,CPU Usage Rate,go_inventory,go,inventory,inventory-java:8082,inventory-java:8082 (inventory-service),2026-06-24 15:37:05,2026-06-24T10:07:05Z,1782295625,ramp_3,915.0,0.007692307692307693,"{""__name__"": ""process_cpu_usage""}"
2,A,CPU Usage Rate,go_inventory,go,inventory,order-java:8083,order-java:8083 (order-service),2026-06-24 15:37:05,2026-06-24T10:07:05Z,1782295625,ramp_3,915.0,0.0,"{""__name__"": ""process_cpu_usage""}"
2,A,CPU Usage Rate,go_inventory,go,inventory,warehouse-java-twin:9084,warehouse-java-twin:9084 (warehouse-twin),2026-06-24 15:37:05,2026-06-24T10:07:05Z,1782295625,ramp_3,915.0,0.006666666666666667,"{""__name__"": ""process_cpu_usage""}"
2,A,CPU Usage Rate,go_inventory,go,inventory,inventory-java:8082,inventory-java:8082 (inventory-service),2026-06-24 15:37:20,2026-06-24T10:07:20Z,1782295640,ramp_3,930.0,0.01,"{""__name__"": ""process_cpu_usage""}"
2,A,CPU Usage Rate,go_inventory,go,inventory,order-java:8083,order-java:8083 (order-service),2026-06-24 15:37:20,2026-06-24T10:07:20Z,1782295640,ramp_3,930.0,0.007142857142857143,"{""__name__"": ""process_cpu_usage""}"
2,A,CPU Usage Rate,go_inventory,go,inventory,warehouse-java-twin:9084,warehouse-java-twin:9084 (warehouse-twin),2026-06-24 15:37:20,2026-06-24T10:07:20Z,1782295640,ramp_3,930.0,0.008333333333333333,"{""__name__"": ""process_cpu_usage""}"
2,A,CPU Usage Rate,go_inventory,go,inventory,inventory-java:8082,inventory-java:8082 (inventory-service),2026-06-24 15:37:35,2026-06-24T10:07:35Z,1782295655,ramp_3,945.0,0.0125,"{""__name__"": ""process_cpu_usage""}"
2,A,CPU Usage Rate,go_inventory,go,inventory,order-java:8083,order-java:8083 (order-service),2026-06-24 15:37:35,2026-06-24T10:07:35Z,1782295655,ramp_3,945.0,0.00625,"{""__name__"": ""process_cpu_usage""}"
2,A,CPU Usage Rate,go_inventory,go,inventory,warehouse-java-twin:9084,warehouse-java-twin:9084 (warehouse-twin),2026-06-24 15:37:35,2026-06-24T10:07:35Z,1782295655,ramp_3,945.0,0.0,"{""__name__"": ""process_cpu_usage""}"
2,A,CPU Usage Rate,go_inventory,go,inventory,inventory-java:8082,inventory-java:8082 (inventory-service),2026-06-24 15:37:50,2026-06-24T10:07:50Z,1782295670,ramp_3,960.0,0.0125,"{""__name__"": ""process_cpu_usage""}"
2,A,CPU Usage Rate,go_inventory,go,inventory,order-java:8083,order-java:8083 (order-service),2026-06-24 15:37:50,2026-06-24T10:07:50Z,1782295670,ramp_3,960.0,0.01,"{""__name__"": ""process_cpu_usage""}"
2,A,CPU Usage Rate,go_inventory,go,inventory,warehouse-java-twin:9084,warehouse-java-twin:9084 (warehouse-twin),2026-06-24 15:37:50,2026-06-24T10:07:50Z,1782295670,ramp_3,960.0,0.007692307692307693,"{""__name__"": ""process_cpu_usage""}"
2,A,CPU Usage Rate,go_inventory,go,inventory,inventory-java:8082,inventory-java:8082 (inventory-service),2026-06-24 15:38:05,2026-06-24T10:08:05Z,1782295685,ramp_3,975.0,0.01,"{""__name__"": ""process_cpu_usage""}"
2,A,CPU Usage Rate,go_inventory,go,inventory,order-java:8083,order-java:8083 (order-service),2026-06-24 15:38:05,2026-06-24T10:08:05Z,1782295685,ramp_3,975.0,0.0125,"{""__name__"": ""process_cpu_usage""}"
2,A,CPU Usage Rate,go_inventory,go,inventory,warehouse-java-twin:9084,warehouse-java-twin:9084 (warehouse-twin),2026-06-24 15:38:05,2026-06-24T10:08:05Z,1782295685,ramp_3,975.0,0.0,"{""__name__"": ""process_cpu_usage""}"
2,A,CPU Usage Rate,go_inventory,go,inventory,inventory-java:8082,inventory-java:8082 (inventory-service),2026-06-24 15:38:20,2026-06-24T10:08:20Z,1782295700,ramp_3,990.0,0.0125,"{""__name__"": ""process_cpu_usage""}"
2,A,CPU Usage Rate,go_inventory,go,inventory,order-java:8083,order-java:8083 (order-service),2026-06-24 15:38:20,2026-06-24T10:08:20Z,1782295700,ramp_3,990.0,0.007142857142857143,"{""__name__"": ""process_cpu_usage""}"
2,A,CPU Usage Rate,go_inventory,go,inventory,warehouse-java-twin:9084,warehouse-java-twin:9084 (warehouse-twin),2026-06-24 15:38:20,2026-06-24T10:08:20Z,1782295700,ramp_3,990.0,0.007692307692307693,"{""__name__"": ""process_cpu_usage""}"
2,A,CPU Usage Rate,go_inventory,go,inventory,inventory-java:8082,inventory-java:8082 (inventory-service),2026-06-24 15:38:35,2026-06-24T10:08:35Z,1782295715,ramp_3,1005.0,0.007692307692307693,"{""__name__"": ""process_cpu_usage""}"
2,A,CPU Usage Rate,go_inventory,go,inventory,order-java:8083,order-java:8083 (order-service),2026-06-24 15:38:35,2026-06-24T10:08:35Z,1782295715,ramp_3,1005.0,0.0125,"{""__name__"": ""process_cpu_usage""}"
2,A,CPU Usage Rate,go_inventory,go,inventory,warehouse-java-twin:9084,warehouse-java-twin:9084 (warehouse-twin),2026-06-24 15:38:35,2026-06-24T10:08:35Z,1782295715,ramp_3,1005.0,0.016666666666666666,"{""__name__"": ""process_cpu_usage""}"
2,A,CPU Usage Rate,go_inventory,go,inventory,inventory-java:8082,inventory-java:8082 (inventory-service),2026-06-24 15:38:50,2026-06-24T10:08:50Z,1782295730,ramp_3,1020.0,0.00909090909090909,"{""__name__"": ""process_cpu_usage""}"
2,A,CPU Usage Rate,go_inventory,go,inventory,order-java:8083,order-java:8083 (order-service),2026-06-24 15:38:50,2026-06-24T10:08:50Z,1782295730,ramp_3,1020.0,0.01818181818181818,"{""__name__"": ""process_cpu_usage""}"
2,A,CPU Usage Rate,go_inventory,go,inventory,warehouse-java-twin:9084,warehouse-java-twin:9084 (warehouse-twin),2026-06-24 15:38:50,2026-06-24T10:08:50Z,1782295730,ramp_3,1020.0,0.0125,"{""__name__"": ""process_cpu_usage""}"
2,A,CPU Usage Rate,go_inventory,go,inventory,inventory-java:8082,inventory-java:8082 (inventory-service),2026-06-24 15:39:05,2026-06-24T10:09:05Z,1782295745,ramp_3,1035.0,0.0,"{""__name__"": ""process_cpu_usage""}"
2,A,CPU Usage Rate,go_inventory,go,inventory,order-java:8083,order-java:8083 (order-service),2026-06-24 15:39:05,2026-06-24T10:09:05Z,1782295745,ramp_3,1035.0,0.007692307692307693,"{""__name__"": ""process_cpu_usage""}"
2,A,CPU Usage Rate,go_inventory,go,inventory,warehouse-java-twin:9084,warehouse-java-twin:9084 (warehouse-twin),2026-06-24 15:39:05,2026-06-24T10:09:05Z,1782295745,ramp_3,1035.0,0.0,"{""__name__"": ""process_cpu_usage""}"
2,A,CPU Usage Rate,go_inventory,go,inventory,inventory-java:8082,inventory-java:8082 (inventory-service),2026-06-24 15:39:20,2026-06-24T10:09:20Z,1782295760,ramp_3,1050.0,0.00909090909090909,"{""__name__"": ""process_cpu_usage""}"
2,A,CPU Usage Rate,go_inventory,go,inventory,order-java:8083,order-java:8083 (order-service),2026-06-24 15:39:20,2026-06-24T10:09:20Z,1782295760,ramp_3,1050.0,0.013333333333333334,"{""__name__"": ""process_cpu_usage""}"
2,A,CPU Usage Rate,go_inventory,go,inventory,warehouse-java-twin:9084,warehouse-java-twin:9084 (warehouse-twin),2026-06-24 15:39:20,2026-06-24T10:09:20Z,1782295760,ramp_3,1050.0,0.0,"{""__name__"": ""process_cpu_usage""}"
2,A,CPU Usage Rate,go_inventory,go,inventory,inventory-java:8082,inventory-java:8082 (inventory-service),2026-06-24 15:39:35,2026-06-24T10:09:35Z,1782295775,ramp_3,1065.0,0.006666666666666667,"{""__name__"": ""process_cpu_usage""}"
2,A,CPU Usage Rate,go_inventory,go,inventory,order-java:8083,order-java:8083 (order-service),2026-06-24 15:39:35,2026-06-24T10:09:35Z,1782295775,ramp_3,1065.0,0.007142857142857143,"{""__name__"": ""process_cpu_usage""}"
2,A,CPU Usage Rate,go_inventory,go,inventory,warehouse-java-twin:9084,warehouse-java-twin:9084 (warehouse-twin),2026-06-24 15:39:35,2026-06-24T10:09:35Z,1782295775,ramp_3,1065.0,0.02142857142857143,"{""__name__"": ""process_cpu_usage""}"
2,A,CPU Usage Rate,go_inventory,go,inventory,inventory-java:8082,inventory-java:8082 (inventory-service),2026-06-24 15:39:50,2026-06-24T10:09:50Z,1782295790,ramp_3,1080.0,0.007142857142857143,"{""__name__"": ""process_cpu_usage""}"
2,A,CPU Usage Rate,go_inventory,go,inventory,order-java:8083,order-java:8083 (order-service),2026-06-24 15:39:50,2026-06-24T10:09:50Z,1782295790,ramp_3,1080.0,0.008333333333333333,"{""__name__"": ""process_cpu_usage""}"
2,A,CPU Usage Rate,go_inventory,go,inventory,warehouse-java-twin:9084,warehouse-java-twin:9084 (warehouse-twin),2026-06-24 15:39:50,2026-06-24T10:09:50Z,1782295790,ramp_3,1080.0,0.008333333333333333,"{""__name__"": ""process_cpu_usage""}"
2,A,CPU Usage Rate,go_inventory,go,inventory,inventory-java:8082,inventory-java:8082 (inventory-service),2026-06-24 15:40:05,2026-06-24T10:10:05Z,1782295805,ramp_3,1095.0,0.01,"{""__name__"": ""process_cpu_usage""}"
2,A,CPU Usage Rate,go_inventory,go,inventory,order-java:8083,order-java:8083 (order-service),2026-06-24 15:40:05,2026-06-24T10:10:05Z,1782295805,ramp_3,1095.0,0.011111111111111112,"{""__name__"": ""process_cpu_usage""}"
2,A,CPU Usage Rate,go_inventory,go,inventory,warehouse-java-twin:9084,warehouse-java-twin:9084 (warehouse-twin),2026-06-24 15:40:05,2026-06-24T10:10:05Z,1782295805,ramp_3,1095.0,0.0,"{""__name__"": ""process_cpu_usage""}"
2,A,CPU Usage Rate,go_inventory,go,inventory,inventory-java:8082,inventory-java:8082 (inventory-service),2026-06-24 15:40:20,2026-06-24T10:10:20Z,1782295820,ramp_3,1110.0,0.014285714285714285,"{""__name__"": ""process_cpu_usage""}"
2,A,CPU Usage Rate,go_inventory,go,inventory,order-java:8083,order-java:8083 (order-service),2026-06-24 15:40:20,2026-06-24T10:10:20Z,1782295820,ramp_3,1110.0,0.014285714285714285,"{""__name__"": ""process_cpu_usage""}"
2,A,CPU Usage Rate,go_inventory,go,inventory,warehouse-java-twin:9084,warehouse-java-twin:9084 (warehouse-twin),2026-06-24 15:40:20,2026-06-24T10:10:20Z,1782295820,ramp_3,1110.0,0.008333333333333333,"{""__name__"": ""process_cpu_usage""}"
2,A,CPU Usage Rate,go_inventory,go,inventory,inventory-java:8082,inventory-java:8082 (inventory-service),2026-06-24 15:40:35,2026-06-24T10:10:35Z,1782295835,ramp_3,1125.0,0.01,"{""__name__"": ""process_cpu_usage""}"
2,A,CPU Usage Rate,go_inventory,go,inventory,order-java:8083,order-java:8083 (order-service),2026-06-24 15:40:35,2026-06-24T10:10:35Z,1782295835,ramp_3,1125.0,0.01,"{""__name__"": ""process_cpu_usage""}"
2,A,CPU Usage Rate,go_inventory,go,inventory,warehouse-java-twin:9084,warehouse-java-twin:9084 (warehouse-twin),2026-06-24 15:40:35,2026-06-24T10:10:35Z,1782295835,ramp_3,1125.0,0.0,"{""__name__"": ""process_cpu_usage""}"
2,A,CPU Usage Rate,go_inventory,go,inventory,inventory-java:8082,inventory-java:8082 (inventory-service),2026-06-24 15:40:50,2026-06-24T10:10:50Z,1782295850,ramp_3,1140.0,0.016666666666666666,"{""__name__"": ""process_cpu_usage""}"
2,A,CPU Usage Rate,go_inventory,go,inventory,order-java:8083,order-java:8083 (order-service),2026-06-24 15:40:50,2026-06-24T10:10:50Z,1782295850,ramp_3,1140.0,0.013333333333333334,"{""__name__"": ""process_cpu_usage""}"
2,A,CPU Usage Rate,go_inventory,go,inventory,warehouse-java-twin:9084,warehouse-java-twin:9084 (warehouse-twin),2026-06-24 15:40:50,2026-06-24T10:10:50Z,1782295850,ramp_3,1140.0,0.0058823529411764705,"{""__name__"": ""process_cpu_usage""}"
2,A,CPU Usage Rate,go_inventory,go,inventory,inventory-java:8082,inventory-java:8082 (inventory-service),2026-06-24 15:41:05,2026-06-24T10:11:05Z,1782295865,ramp_3,1155.0,0.21428571428571427,"{""__name__"": ""process_cpu_usage""}"
2,A,CPU Usage Rate,go_inventory,go,inventory,order-java:8083,order-java:8083 (order-service),2026-06-24 15:41:05,2026-06-24T10:11:05Z,1782295865,ramp_3,1155.0,0.00909090909090909,"{""__name__"": ""process_cpu_usage""}"
2,A,CPU Usage Rate,go_inventory,go,inventory,warehouse-java-twin:9084,warehouse-java-twin:9084 (warehouse-twin),2026-06-24 15:41:05,2026-06-24T10:11:05Z,1782295865,ramp_3,1155.0,0.0,"{""__name__"": ""process_cpu_usage""}"
2,A,CPU Usage Rate,go_inventory,go,inventory,inventory-java:8082,inventory-java:8082 (inventory-service),2026-06-24 15:41:20,2026-06-24T10:11:20Z,1782295880,ramp_3,1170.0,0.011111111111111112,"{""__name__"": ""process_cpu_usage""}"
2,A,CPU Usage Rate,go_inventory,go,inventory,order-java:8083,order-java:8083 (order-service),2026-06-24 15:41:20,2026-06-24T10:11:20Z,1782295880,ramp_3,1170.0,0.0125,"{""__name__"": ""process_cpu_usage""}"
2,A,CPU Usage Rate,go_inventory,go,inventory,warehouse-java-twin:9084,warehouse-java-twin:9084 (warehouse-twin),2026-06-24 15:41:20,2026-06-24T10:11:20Z,1782295880,ramp_3,1170.0,0.0,"{""__name__"": ""process_cpu_usage""}"
2,A,CPU Usage Rate,go_inventory,go,inventory,inventory-java:8082,inventory-java:8082 (inventory-service),2026-06-24 15:41:35,2026-06-24T10:11:35Z,1782295895,ramp_3,1185.0,0.00909090909090909,"{""__name__"": ""process_cpu_usage""}"
2,A,CPU Usage Rate,go_inventory,go,inventory,order-java:8083,order-java:8083 (order-service),2026-06-24 15:41:35,2026-06-24T10:11:35Z,1782295895,ramp_3,1185.0,0.01,"{""__name__"": ""process_cpu_usage""}"
2,A,CPU Usage Rate,go_inventory,go,inventory,warehouse-java-twin:9084,warehouse-java-twin:9084 (warehouse-twin),2026-06-24 15:41:35,2026-06-24T10:11:35Z,1782295895,ramp_3,1185.0,0.011111111111111112,"{""__name__"": ""process_cpu_usage""}"
2,A,CPU Usage Rate,go_inventory,go,inventory,inventory-java:8082,inventory-java:8082 (inventory-service),2026-06-24 15:41:50,2026-06-24T10:11:50Z,1782295910,sustain,1200.0,0.01,"{""__name__"": ""process_cpu_usage""}"
2,A,CPU Usage Rate,go_inventory,go,inventory,order-java:8083,order-java:8083 (order-service),2026-06-24 15:41:50,2026-06-24T10:11:50Z,1782295910,sustain,1200.0,0.00625,"{""__name__"": ""process_cpu_usage""}"
2,A,CPU Usage Rate,go_inventory,go,inventory,warehouse-java-twin:9084,warehouse-java-twin:9084 (warehouse-twin),2026-06-24 15:41:50,2026-06-24T10:11:50Z,1782295910,sustain,1200.0,0.0,"{""__name__"": ""process_cpu_usage""}"
2,A,CPU Usage Rate,go_inventory,go,inventory,inventory-java:8082,inventory-java:8082 (inventory-service),2026-06-24 15:42:05,2026-06-24T10:12:05Z,1782295925,sustain,1215.0,0.0125,"{""__name__"": ""process_cpu_usage""}"
2,A,CPU Usage Rate,go_inventory,go,inventory,order-java:8083,order-java:8083 (order-service),2026-06-24 15:42:05,2026-06-24T10:12:05Z,1782295925,sustain,1215.0,0.007142857142857143,"{""__name__"": ""process_cpu_usage""}"
2,A,CPU Usage Rate,go_inventory,go,inventory,warehouse-java-twin:9084,warehouse-java-twin:9084 (warehouse-twin),2026-06-24 15:42:05,2026-06-24T10:12:05Z,1782295925,sustain,1215.0,0.0,"{""__name__"": ""process_cpu_usage""}"
2,A,CPU Usage Rate,go_inventory,go,inventory,inventory-java:8082,inventory-java:8082 (inventory-service),2026-06-24 15:42:20,2026-06-24T10:12:20Z,1782295940,sustain,1230.0,0.0,"{""__name__"": ""process_cpu_usage""}"
2,A,CPU Usage Rate,go_inventory,go,inventory,order-java:8083,order-java:8083 (order-service),2026-06-24 15:42:20,2026-06-24T10:12:20Z,1782295940,sustain,1230.0,0.01,"{""__name__"": ""process_cpu_usage""}"
2,A,CPU Usage Rate,go_inventory,go,inventory,warehouse-java-twin:9084,warehouse-java-twin:9084 (warehouse-twin),2026-06-24 15:42:20,2026-06-24T10:12:20Z,1782295940,sustain,1230.0,0.0,"{""__name__"": ""process_cpu_usage""}"
2,A,CPU Usage Rate,go_inventory,go,inventory,inventory-java:8082,inventory-java:8082 (inventory-service),2026-06-24 15:42:35,2026-06-24T10:12:35Z,1782295955,sustain,1245.0,0.008333333333333333,"{""__name__"": ""process_cpu_usage""}"
2,A,CPU Usage Rate,go_inventory,go,inventory,order-java:8083,order-java:8083 (order-service),2026-06-24 15:42:35,2026-06-24T10:12:35Z,1782295955,sustain,1245.0,0.008333333333333333,"{""__name__"": ""process_cpu_usage""}"
2,A,CPU Usage Rate,go_inventory,go,inventory,warehouse-java-twin:9084,warehouse-java-twin:9084 (warehouse-twin),2026-06-24 15:42:35,2026-06-24T10:12:35Z,1782295955,sustain,1245.0,0.008333333333333333,"{""__name__"": ""process_cpu_usage""}"
2,A,CPU Usage Rate,go_inventory,go,inventory,inventory-java:8082,inventory-java:8082 (inventory-service),2026-06-24 15:42:50,2026-06-24T10:12:50Z,1782295970,sustain,1260.0,0.01,"{""__name__"": ""process_cpu_usage""}"
2,A,CPU Usage Rate,go_inventory,go,inventory,order-java:8083,order-java:8083 (order-service),2026-06-24 15:42:50,2026-06-24T10:12:50Z,1782295970,sustain,1260.0,0.007692307692307693,"{""__name__"": ""process_cpu_usage""}"
2,A,CPU Usage Rate,go_inventory,go,inventory,warehouse-java-twin:9084,warehouse-java-twin:9084 (warehouse-twin),2026-06-24 15:42:50,2026-06-24T10:12:50Z,1782295970,sustain,1260.0,0.0,"{""__name__"": ""process_cpu_usage""}"
2,A,CPU Usage Rate,go_inventory,go,inventory,inventory-java:8082,inventory-java:8082 (inventory-service),2026-06-24 15:43:05,2026-06-24T10:13:05Z,1782295985,sustain,1275.0,0.16363636363636364,"{""__name__"": ""process_cpu_usage""}"
2,A,CPU Usage Rate,go_inventory,go,inventory,order-java:8083,order-java:8083 (order-service),2026-06-24 15:43:05,2026-06-24T10:13:05Z,1782295985,sustain,1275.0,0.00909090909090909,"{""__name__"": ""process_cpu_usage""}"
2,A,CPU Usage Rate,go_inventory,go,inventory,warehouse-java-twin:9084,warehouse-java-twin:9084 (warehouse-twin),2026-06-24 15:43:05,2026-06-24T10:13:05Z,1782295985,sustain,1275.0,0.02727272727272727,"{""__name__"": ""process_cpu_usage""}"
2,A,CPU Usage Rate,go_inventory,go,inventory,inventory-java:8082,inventory-java:8082 (inventory-service),2026-06-24 15:43:20,2026-06-24T10:13:20Z,1782296000,sustain,1290.0,0.0,"{""__name__"": ""process_cpu_usage""}"
2,A,CPU Usage Rate,go_inventory,go,inventory,order-java:8083,order-java:8083 (order-service),2026-06-24 15:43:20,2026-06-24T10:13:20Z,1782296000,sustain,1290.0,0.007142857142857143,"{""__name__"": ""process_cpu_usage""}"
2,A,CPU Usage Rate,go_inventory,go,inventory,warehouse-java-twin:9084,warehouse-java-twin:9084 (warehouse-twin),2026-06-24 15:43:20,2026-06-24T10:13:20Z,1782296000,sustain,1290.0,0.016666666666666666,"{""__name__"": ""process_cpu_usage""}"
2,A,CPU Usage Rate,go_inventory,go,inventory,inventory-java:8082,inventory-java:8082 (inventory-service),2026-06-24 15:43:35,2026-06-24T10:13:35Z,1782296015,sustain,1305.0,0.0,"{""__name__"": ""process_cpu_usage""}"
2,A,CPU Usage Rate,go_inventory,go,inventory,order-java:8083,order-java:8083 (order-service),2026-06-24 15:43:35,2026-06-24T10:13:35Z,1782296015,sustain,1305.0,0.0125,"{""__name__"": ""process_cpu_usage""}"
2,A,CPU Usage Rate,go_inventory,go,inventory,warehouse-java-twin:9084,warehouse-java-twin:9084 (warehouse-twin),2026-06-24 15:43:35,2026-06-24T10:13:35Z,1782296015,sustain,1305.0,0.0,"{""__name__"": ""process_cpu_usage""}"
2,A,CPU Usage Rate,go_inventory,go,inventory,inventory-java:8082,inventory-java:8082 (inventory-service),2026-06-24 15:43:50,2026-06-24T10:13:50Z,1782296030,sustain,1320.0,0.00909090909090909,"{""__name__"": ""process_cpu_usage""}"
2,A,CPU Usage Rate,go_inventory,go,inventory,order-java:8083,order-java:8083 (order-service),2026-06-24 15:43:50,2026-06-24T10:13:50Z,1782296030,sustain,1320.0,0.006666666666666667,"{""__name__"": ""process_cpu_usage""}"
2,A,CPU Usage Rate,go_inventory,go,inventory,warehouse-java-twin:9084,warehouse-java-twin:9084 (warehouse-twin),2026-06-24 15:43:50,2026-06-24T10:13:50Z,1782296030,sustain,1320.0,0.0125,"{""__name__"": ""process_cpu_usage""}"
2,A,CPU Usage Rate,go_inventory,go,inventory,inventory-java:8082,inventory-java:8082 (inventory-service),2026-06-24 15:44:05,2026-06-24T10:14:05Z,1782296045,sustain,1335.0,0.0,"{""__name__"": ""process_cpu_usage""}"
2,A,CPU Usage Rate,go_inventory,go,inventory,order-java:8083,order-java:8083 (order-service),2026-06-24 15:44:05,2026-06-24T10:14:05Z,1782296045,sustain,1335.0,0.007142857142857143,"{""__name__"": ""process_cpu_usage""}"
2,A,CPU Usage Rate,go_inventory,go,inventory,warehouse-java-twin:9084,warehouse-java-twin:9084 (warehouse-twin),2026-06-24 15:44:05,2026-06-24T10:14:05Z,1782296045,sustain,1335.0,0.007142857142857143,"{""__name__"": ""process_cpu_usage""}"
2,A,CPU Usage Rate,go_inventory,go,inventory,inventory-java:8082,inventory-java:8082 (inventory-service),2026-06-24 15:44:20,2026-06-24T10:14:20Z,1782296060,sustain,1350.0,0.01,"{""__name__"": ""process_cpu_usage""}"
2,A,CPU Usage Rate,go_inventory,go,inventory,order-java:8083,order-java:8083 (order-service),2026-06-24 15:44:20,2026-06-24T10:14:20Z,1782296060,sustain,1350.0,0.01,"{""__name__"": ""process_cpu_usage""}"
2,A,CPU Usage Rate,go_inventory,go,inventory,warehouse-java-twin:9084,warehouse-java-twin:9084 (warehouse-twin),2026-06-24 15:44:20,2026-06-24T10:14:20Z,1782296060,sustain,1350.0,0.02,"{""__name__"": ""process_cpu_usage""}"
2,A,CPU Usage Rate,go_inventory,go,inventory,inventory-java:8082,inventory-java:8082 (inventory-service),2026-06-24 15:44:35,2026-06-24T10:14:35Z,1782296075,sustain,1365.0,0.0,"{""__name__"": ""process_cpu_usage""}"
2,A,CPU Usage Rate,go_inventory,go,inventory,order-java:8083,order-java:8083 (order-service),2026-06-24 15:44:35,2026-06-24T10:14:35Z,1782296075,sustain,1365.0,0.016666666666666666,"{""__name__"": ""process_cpu_usage""}"
2,A,CPU Usage Rate,go_inventory,go,inventory,warehouse-java-twin:9084,warehouse-java-twin:9084 (warehouse-twin),2026-06-24 15:44:35,2026-06-24T10:14:35Z,1782296075,sustain,1365.0,0.008333333333333333,"{""__name__"": ""process_cpu_usage""}"
2,A,CPU Usage Rate,go_inventory,go,inventory,inventory-java:8082,inventory-java:8082 (inventory-service),2026-06-24 15:44:50,2026-06-24T10:14:50Z,1782296090,sustain,1380.0,0.007142857142857143,"{""__name__"": ""process_cpu_usage""}"
2,A,CPU Usage Rate,go_inventory,go,inventory,order-java:8083,order-java:8083 (order-service),2026-06-24 15:44:50,2026-06-24T10:14:50Z,1782296090,sustain,1380.0,0.01764705882352941,"{""__name__"": ""process_cpu_usage""}"
2,A,CPU Usage Rate,go_inventory,go,inventory,warehouse-java-twin:9084,warehouse-java-twin:9084 (warehouse-twin),2026-06-24 15:44:50,2026-06-24T10:14:50Z,1782296090,sustain,1380.0,0.00909090909090909,"{""__name__"": ""process_cpu_usage""}"
2,A,CPU Usage Rate,go_inventory,go,inventory,inventory-java:8082,inventory-java:8082 (inventory-service),2026-06-24 15:45:05,2026-06-24T10:15:05Z,1782296105,sustain,1395.0,0.008333333333333333,"{""__name__"": ""process_cpu_usage""}"
2,A,CPU Usage Rate,go_inventory,go,inventory,order-java:8083,order-java:8083 (order-service),2026-06-24 15:45:05,2026-06-24T10:15:05Z,1782296105,sustain,1395.0,0.022222222222222223,"{""__name__"": ""process_cpu_usage""}"
2,A,CPU Usage Rate,go_inventory,go,inventory,warehouse-java-twin:9084,warehouse-java-twin:9084 (warehouse-twin),2026-06-24 15:45:05,2026-06-24T10:15:05Z,1782296105,sustain,1395.0,0.008333333333333333,"{""__name__"": ""process_cpu_usage""}"
2,A,CPU Usage Rate,go_inventory,go,inventory,inventory-java:8082,inventory-java:8082 (inventory-service),2026-06-24 15:45:20,2026-06-24T10:15:20Z,1782296120,sustain,1410.0,0.008333333333333333,"{""__name__"": ""process_cpu_usage""}"
2,A,CPU Usage Rate,go_inventory,go,inventory,order-java:8083,order-java:8083 (order-service),2026-06-24 15:45:20,2026-06-24T10:15:20Z,1782296120,sustain,1410.0,0.0058823529411764705,"{""__name__"": ""process_cpu_usage""}"
2,A,CPU Usage Rate,go_inventory,go,inventory,warehouse-java-twin:9084,warehouse-java-twin:9084 (warehouse-twin),2026-06-24 15:45:20,2026-06-24T10:15:20Z,1782296120,sustain,1410.0,0.01818181818181818,"{""__name__"": ""process_cpu_usage""}"
2,A,CPU Usage Rate,go_inventory,go,inventory,inventory-java:8082,inventory-java:8082 (inventory-service),2026-06-24 15:45:35,2026-06-24T10:15:35Z,1782296135,sustain,1425.0,0.007692307692307693,"{""__name__"": ""process_cpu_usage""}"
2,A,CPU Usage Rate,go_inventory,go,inventory,order-java:8083,order-java:8083 (order-service),2026-06-24 15:45:35,2026-06-24T10:15:35Z,1782296135,sustain,1425.0,0.01764705882352941,"{""__name__"": ""process_cpu_usage""}"
2,A,CPU Usage Rate,go_inventory,go,inventory,warehouse-java-twin:9084,warehouse-java-twin:9084 (warehouse-twin),2026-06-24 15:45:35,2026-06-24T10:15:35Z,1782296135,sustain,1425.0,0.008333333333333333,"{""__name__"": ""process_cpu_usage""}"
2,A,CPU Usage Rate,go_inventory,go,inventory,inventory-java:8082,inventory-java:8082 (inventory-service),2026-06-24 15:45:50,2026-06-24T10:15:50Z,1782296150,sustain,1440.0,0.01,"{""__name__"": ""process_cpu_usage""}"
2,A,CPU Usage Rate,go_inventory,go,inventory,order-java:8083,order-java:8083 (order-service),2026-06-24 15:45:50,2026-06-24T10:15:50Z,1782296150,sustain,1440.0,0.01,"{""__name__"": ""process_cpu_usage""}"
2,A,CPU Usage Rate,go_inventory,go,inventory,warehouse-java-twin:9084,warehouse-java-twin:9084 (warehouse-twin),2026-06-24 15:45:50,2026-06-24T10:15:50Z,1782296150,sustain,1440.0,0.007142857142857143,"{""__name__"": ""process_cpu_usage""}"
2,A,CPU Usage Rate,go_inventory,go,inventory,inventory-java:8082,inventory-java:8082 (inventory-service),2026-06-24 15:46:05,2026-06-24T10:16:05Z,1782296165,sustain,1455.0,0.00909090909090909,"{""__name__"": ""process_cpu_usage""}"
2,A,CPU Usage Rate,go_inventory,go,inventory,order-java:8083,order-java:8083 (order-service),2026-06-24 15:46:05,2026-06-24T10:16:05Z,1782296165,sustain,1455.0,0.00625,"{""__name__"": ""process_cpu_usage""}"
2,A,CPU Usage Rate,go_inventory,go,inventory,warehouse-java-twin:9084,warehouse-java-twin:9084 (warehouse-twin),2026-06-24 15:46:05,2026-06-24T10:16:05Z,1782296165,sustain,1455.0,0.008333333333333333,"{""__name__"": ""process_cpu_usage""}"
2,A,CPU Usage Rate,go_inventory,go,inventory,inventory-java:8082,inventory-java:8082 (inventory-service),2026-06-24 15:46:20,2026-06-24T10:16:20Z,1782296180,sustain,1470.0,0.013333333333333334,"{""__name__"": ""process_cpu_usage""}"
2,A,CPU Usage Rate,go_inventory,go,inventory,order-java:8083,order-java:8083 (order-service),2026-06-24 15:46:20,2026-06-24T10:16:20Z,1782296180,sustain,1470.0,0.014285714285714285,"{""__name__"": ""process_cpu_usage""}"
2,A,CPU Usage Rate,go_inventory,go,inventory,warehouse-java-twin:9084,warehouse-java-twin:9084 (warehouse-twin),2026-06-24 15:46:20,2026-06-24T10:16:20Z,1782296180,sustain,1470.0,0.016666666666666666,"{""__name__"": ""process_cpu_usage""}"
2,A,CPU Usage Rate,go_inventory,go,inventory,inventory-java:8082,inventory-java:8082 (inventory-service),2026-06-24 15:46:35,2026-06-24T10:16:35Z,1782296195,sustain,1485.0,0.01818181818181818,"{""__name__"": ""process_cpu_usage""}"
2,A,CPU Usage Rate,go_inventory,go,inventory,order-java:8083,order-java:8083 (order-service),2026-06-24 15:46:35,2026-06-24T10:16:35Z,1782296195,sustain,1485.0,0.03076923076923077,"{""__name__"": ""process_cpu_usage""}"
2,A,CPU Usage Rate,go_inventory,go,inventory,warehouse-java-twin:9084,warehouse-java-twin:9084 (warehouse-twin),2026-06-24 15:46:35,2026-06-24T10:16:35Z,1782296195,sustain,1485.0,0.01818181818181818,"{""__name__"": ""process_cpu_usage""}"
2,A,CPU Usage Rate,go_inventory,go,inventory,inventory-java:8082,inventory-java:8082 (inventory-service),2026-06-24 15:46:50,2026-06-24T10:16:50Z,1782296210,sustain,1500.0,0.016666666666666666,"{""__name__"": ""process_cpu_usage""}"
2,A,CPU Usage Rate,go_inventory,go,inventory,order-java:8083,order-java:8083 (order-service),2026-06-24 15:46:50,2026-06-24T10:16:50Z,1782296210,sustain,1500.0,0.016666666666666666,"{""__name__"": ""process_cpu_usage""}"
2,A,CPU Usage Rate,go_inventory,go,inventory,warehouse-java-twin:9084,warehouse-java-twin:9084 (warehouse-twin),2026-06-24 15:46:50,2026-06-24T10:16:50Z,1782296210,sustain,1500.0,0.01,"{""__name__"": ""process_cpu_usage""}"
2,A,CPU Usage Rate,go_inventory,go,inventory,inventory-java:8082,inventory-java:8082 (inventory-service),2026-06-24 15:47:05,2026-06-24T10:17:05Z,1782296225,sustain,1515.0,0.0,"{""__name__"": ""process_cpu_usage""}"
2,A,CPU Usage Rate,go_inventory,go,inventory,order-java:8083,order-java:8083 (order-service),2026-06-24 15:47:05,2026-06-24T10:17:05Z,1782296225,sustain,1515.0,0.007142857142857143,"{""__name__"": ""process_cpu_usage""}"
2,A,CPU Usage Rate,go_inventory,go,inventory,warehouse-java-twin:9084,warehouse-java-twin:9084 (warehouse-twin),2026-06-24 15:47:05,2026-06-24T10:17:05Z,1782296225,sustain,1515.0,0.01,"{""__name__"": ""process_cpu_usage""}"
2,A,CPU Usage Rate,go_inventory,go,inventory,inventory-java:8082,inventory-java:8082 (inventory-service),2026-06-24 15:47:20,2026-06-24T10:17:20Z,1782296240,sustain,1530.0,0.008333333333333333,"{""__name__"": ""process_cpu_usage""}"
2,A,CPU Usage Rate,go_inventory,go,inventory,order-java:8083,order-java:8083 (order-service),2026-06-24 15:47:20,2026-06-24T10:17:20Z,1782296240,sustain,1530.0,0.0,"{""__name__"": ""process_cpu_usage""}"
2,A,CPU Usage Rate,go_inventory,go,inventory,warehouse-java-twin:9084,warehouse-java-twin:9084 (warehouse-twin),2026-06-24 15:47:20,2026-06-24T10:17:20Z,1782296240,sustain,1530.0,0.0,"{""__name__"": ""process_cpu_usage""}"
2,A,CPU Usage Rate,go_inventory,go,inventory,inventory-java:8082,inventory-java:8082 (inventory-service),2026-06-24 15:47:35,2026-06-24T10:17:35Z,1782296255,sustain,1545.0,0.00909090909090909,"{""__name__"": ""process_cpu_usage""}"
2,A,CPU Usage Rate,go_inventory,go,inventory,order-java:8083,order-java:8083 (order-service),2026-06-24 15:47:35,2026-06-24T10:17:35Z,1782296255,sustain,1545.0,0.007142857142857143,"{""__name__"": ""process_cpu_usage""}"
2,A,CPU Usage Rate,go_inventory,go,inventory,warehouse-java-twin:9084,warehouse-java-twin:9084 (warehouse-twin),2026-06-24 15:47:35,2026-06-24T10:17:35Z,1782296255,sustain,1545.0,0.013333333333333334,"{""__name__"": ""process_cpu_usage""}"
2,A,CPU Usage Rate,go_inventory,go,inventory,inventory-java:8082,inventory-java:8082 (inventory-service),2026-06-24 15:47:50,2026-06-24T10:17:50Z,1782296270,sustain,1560.0,0.02,"{""__name__"": ""process_cpu_usage""}"
2,A,CPU Usage Rate,go_inventory,go,inventory,order-java:8083,order-java:8083 (order-service),2026-06-24 15:47:50,2026-06-24T10:17:50Z,1782296270,sustain,1560.0,0.022222222222222223,"{""__name__"": ""process_cpu_usage""}"
2,A,CPU Usage Rate,go_inventory,go,inventory,warehouse-java-twin:9084,warehouse-java-twin:9084 (warehouse-twin),2026-06-24 15:47:50,2026-06-24T10:17:50Z,1782296270,sustain,1560.0,0.008333333333333333,"{""__name__"": ""process_cpu_usage""}"
2,A,CPU Usage Rate,go_inventory,go,inventory,inventory-java:8082,inventory-java:8082 (inventory-service),2026-06-24 15:48:05,2026-06-24T10:18:05Z,1782296285,sustain,1575.0,0.007142857142857143,"{""__name__"": ""process_cpu_usage""}"
2,A,CPU Usage Rate,go_inventory,go,inventory,order-java:8083,order-java:8083 (order-service),2026-06-24 15:48:05,2026-06-24T10:18:05Z,1782296285,sustain,1575.0,0.01,"{""__name__"": ""process_cpu_usage""}"
2,A,CPU Usage Rate,go_inventory,go,inventory,warehouse-java-twin:9084,warehouse-java-twin:9084 (warehouse-twin),2026-06-24 15:48:05,2026-06-24T10:18:05Z,1782296285,sustain,1575.0,0.005555555555555556,"{""__name__"": ""process_cpu_usage""}"
2,A,CPU Usage Rate,go_inventory,go,inventory,inventory-java:8082,inventory-java:8082 (inventory-service),2026-06-24 15:48:20,2026-06-24T10:18:20Z,1782296300,sustain,1590.0,0.016666666666666666,"{""__name__"": ""process_cpu_usage""}"
2,A,CPU Usage Rate,go_inventory,go,inventory,order-java:8083,order-java:8083 (order-service),2026-06-24 15:48:20,2026-06-24T10:18:20Z,1782296300,sustain,1590.0,0.011111111111111112,"{""__name__"": ""process_cpu_usage""}"
2,A,CPU Usage Rate,go_inventory,go,inventory,warehouse-java-twin:9084,warehouse-java-twin:9084 (warehouse-twin),2026-06-24 15:48:20,2026-06-24T10:18:20Z,1782296300,sustain,1590.0,0.02,"{""__name__"": ""process_cpu_usage""}"
2,A,CPU Usage Rate,go_inventory,go,inventory,inventory-java:8082,inventory-java:8082 (inventory-service),2026-06-24 15:48:35,2026-06-24T10:18:35Z,1782296315,sustain,1605.0,0.00909090909090909,"{""__name__"": ""process_cpu_usage""}"
2,A,CPU Usage Rate,go_inventory,go,inventory,order-java:8083,order-java:8083 (order-service),2026-06-24 15:48:35,2026-06-24T10:18:35Z,1782296315,sustain,1605.0,0.0,"{""__name__"": ""process_cpu_usage""}"
2,A,CPU Usage Rate,go_inventory,go,inventory,warehouse-java-twin:9084,warehouse-java-twin:9084 (warehouse-twin),2026-06-24 15:48:35,2026-06-24T10:18:35Z,1782296315,sustain,1605.0,0.02,"{""__name__"": ""process_cpu_usage""}"
2,A,CPU Usage Rate,go_inventory,go,inventory,inventory-java:8082,inventory-java:8082 (inventory-service),2026-06-24 15:48:50,2026-06-24T10:18:50Z,1782296330,sustain,1620.0,0.00909090909090909,"{""__name__"": ""process_cpu_usage""}"
2,A,CPU Usage Rate,go_inventory,go,inventory,order-java:8083,order-java:8083 (order-service),2026-06-24 15:48:50,2026-06-24T10:18:50Z,1782296330,sustain,1620.0,0.01,"{""__name__"": ""process_cpu_usage""}"
2,A,CPU Usage Rate,go_inventory,go,inventory,warehouse-java-twin:9084,warehouse-java-twin:9084 (warehouse-twin),2026-06-24 15:48:50,2026-06-24T10:18:50Z,1782296330,sustain,1620.0,0.011111111111111112,"{""__name__"": ""process_cpu_usage""}"
2,A,CPU Usage Rate,go_inventory,go,inventory,inventory-java:8082,inventory-java:8082 (inventory-service),2026-06-24 15:49:05,2026-06-24T10:19:05Z,1782296345,sustain,1635.0,0.008333333333333333,"{""__name__"": ""process_cpu_usage""}"
2,A,CPU Usage Rate,go_inventory,go,inventory,order-java:8083,order-java:8083 (order-service),2026-06-24 15:49:05,2026-06-24T10:19:05Z,1782296345,sustain,1635.0,0.0125,"{""__name__"": ""process_cpu_usage""}"
2,A,CPU Usage Rate,go_inventory,go,inventory,warehouse-java-twin:9084,warehouse-java-twin:9084 (warehouse-twin),2026-06-24 15:49:05,2026-06-24T10:19:05Z,1782296345,sustain,1635.0,0.0,"{""__name__"": ""process_cpu_usage""}"
2,A,CPU Usage Rate,go_inventory,go,inventory,inventory-java:8082,inventory-java:8082 (inventory-service),2026-06-24 15:49:20,2026-06-24T10:19:20Z,1782296360,sustain,1650.0,0.00909090909090909,"{""__name__"": ""process_cpu_usage""}"
2,A,CPU Usage Rate,go_inventory,go,inventory,order-java:8083,order-java:8083 (order-service),2026-06-24 15:49:20,2026-06-24T10:19:20Z,1782296360,sustain,1650.0,0.01,"{""__name__"": ""process_cpu_usage""}"
2,A,CPU Usage Rate,go_inventory,go,inventory,warehouse-java-twin:9084,warehouse-java-twin:9084 (warehouse-twin),2026-06-24 15:49:20,2026-06-24T10:19:20Z,1782296360,sustain,1650.0,0.015384615384615385,"{""__name__"": ""process_cpu_usage""}"
2,A,CPU Usage Rate,go_inventory,go,inventory,inventory-java:8082,inventory-java:8082 (inventory-service),2026-06-24 15:49:35,2026-06-24T10:19:35Z,1782296375,sustain,1665.0,0.007692307692307693,"{""__name__"": ""process_cpu_usage""}"
2,A,CPU Usage Rate,go_inventory,go,inventory,order-java:8083,order-java:8083 (order-service),2026-06-24 15:49:35,2026-06-24T10:19:35Z,1782296375,sustain,1665.0,0.008333333333333333,"{""__name__"": ""process_cpu_usage""}"
2,A,CPU Usage Rate,go_inventory,go,inventory,warehouse-java-twin:9084,warehouse-java-twin:9084 (warehouse-twin),2026-06-24 15:49:35,2026-06-24T10:19:35Z,1782296375,sustain,1665.0,0.008333333333333333,"{""__name__"": ""process_cpu_usage""}"
2,A,CPU Usage Rate,go_inventory,go,inventory,inventory-java:8082,inventory-java:8082 (inventory-service),2026-06-24 15:49:50,2026-06-24T10:19:50Z,1782296390,sustain,1680.0,0.0,"{""__name__"": ""process_cpu_usage""}"
2,A,CPU Usage Rate,go_inventory,go,inventory,order-java:8083,order-java:8083 (order-service),2026-06-24 15:49:50,2026-06-24T10:19:50Z,1782296390,sustain,1680.0,0.0,"{""__name__"": ""process_cpu_usage""}"
2,A,CPU Usage Rate,go_inventory,go,inventory,warehouse-java-twin:9084,warehouse-java-twin:9084 (warehouse-twin),2026-06-24 15:49:50,2026-06-24T10:19:50Z,1782296390,sustain,1680.0,0.00909090909090909,"{""__name__"": ""process_cpu_usage""}"
2,A,CPU Usage Rate,go_inventory,go,inventory,inventory-java:8082,inventory-java:8082 (inventory-service),2026-06-24 15:50:05,2026-06-24T10:20:05Z,1782296405,sustain,1695.0,0.013333333333333334,"{""__name__"": ""process_cpu_usage""}"
2,A,CPU Usage Rate,go_inventory,go,inventory,order-java:8083,order-java:8083 (order-service),2026-06-24 15:50:05,2026-06-24T10:20:05Z,1782296405,sustain,1695.0,0.011111111111111112,"{""__name__"": ""process_cpu_usage""}"
2,A,CPU Usage Rate,go_inventory,go,inventory,warehouse-java-twin:9084,warehouse-java-twin:9084 (warehouse-twin),2026-06-24 15:50:05,2026-06-24T10:20:05Z,1782296405,sustain,1695.0,0.007692307692307693,"{""__name__"": ""process_cpu_usage""}"
2,A,CPU Usage Rate,go_inventory,go,inventory,inventory-java:8082,inventory-java:8082 (inventory-service),2026-06-24 15:50:20,2026-06-24T10:20:20Z,1782296420,sustain,1710.0,0.0,"{""__name__"": ""process_cpu_usage""}"
2,A,CPU Usage Rate,go_inventory,go,inventory,order-java:8083,order-java:8083 (order-service),2026-06-24 15:50:20,2026-06-24T10:20:20Z,1782296420,sustain,1710.0,0.02,"{""__name__"": ""process_cpu_usage""}"
2,A,CPU Usage Rate,go_inventory,go,inventory,warehouse-java-twin:9084,warehouse-java-twin:9084 (warehouse-twin),2026-06-24 15:50:20,2026-06-24T10:20:20Z,1782296420,sustain,1710.0,0.008333333333333333,"{""__name__"": ""process_cpu_usage""}"
2,A,CPU Usage Rate,go_inventory,go,inventory,inventory-java:8082,inventory-java:8082 (inventory-service),2026-06-24 15:50:35,2026-06-24T10:20:35Z,1782296435,sustain,1725.0,0.007692307692307693,"{""__name__"": ""process_cpu_usage""}"
2,A,CPU Usage Rate,go_inventory,go,inventory,order-java:8083,order-java:8083 (order-service),2026-06-24 15:50:35,2026-06-24T10:20:35Z,1782296435,sustain,1725.0,0.0,"{""__name__"": ""process_cpu_usage""}"
2,A,CPU Usage Rate,go_inventory,go,inventory,warehouse-java-twin:9084,warehouse-java-twin:9084 (warehouse-twin),2026-06-24 15:50:35,2026-06-24T10:20:35Z,1782296435,sustain,1725.0,0.006666666666666667,"{""__name__"": ""process_cpu_usage""}"
2,A,CPU Usage Rate,go_inventory,go,inventory,inventory-java:8082,inventory-java:8082 (inventory-service),2026-06-24 15:50:50,2026-06-24T10:20:50Z,1782296450,sustain,1740.0,0.0,"{""__name__"": ""process_cpu_usage""}"
2,A,CPU Usage Rate,go_inventory,go,inventory,order-java:8083,order-java:8083 (order-service),2026-06-24 15:50:50,2026-06-24T10:20:50Z,1782296450,sustain,1740.0,0.006666666666666667,"{""__name__"": ""process_cpu_usage""}"
2,A,CPU Usage Rate,go_inventory,go,inventory,warehouse-java-twin:9084,warehouse-java-twin:9084 (warehouse-twin),2026-06-24 15:50:50,2026-06-24T10:20:50Z,1782296450,sustain,1740.0,0.015384615384615385,"{""__name__"": ""process_cpu_usage""}"
2,A,CPU Usage Rate,go_inventory,go,inventory,inventory-java:8082,inventory-java:8082 (inventory-service),2026-06-24 15:51:05,2026-06-24T10:21:05Z,1782296465,sustain,1755.0,0.0,"{""__name__"": ""process_cpu_usage""}"
2,A,CPU Usage Rate,go_inventory,go,inventory,order-java:8083,order-java:8083 (order-service),2026-06-24 15:51:05,2026-06-24T10:21:05Z,1782296465,sustain,1755.0,0.0125,"{""__name__"": ""process_cpu_usage""}"
2,A,CPU Usage Rate,go_inventory,go,inventory,warehouse-java-twin:9084,warehouse-java-twin:9084 (warehouse-twin),2026-06-24 15:51:05,2026-06-24T10:21:05Z,1782296465,sustain,1755.0,0.008333333333333333,"{""__name__"": ""process_cpu_usage""}"
2,A,CPU Usage Rate,go_inventory,go,inventory,inventory-java:8082,inventory-java:8082 (inventory-service),2026-06-24 15:51:20,2026-06-24T10:21:20Z,1782296480,sustain,1770.0,0.00909090909090909,"{""__name__"": ""process_cpu_usage""}"
2,A,CPU Usage Rate,go_inventory,go,inventory,order-java:8083,order-java:8083 (order-service),2026-06-24 15:51:20,2026-06-24T10:21:20Z,1782296480,sustain,1770.0,0.007142857142857143,"{""__name__"": ""process_cpu_usage""}"
2,A,CPU Usage Rate,go_inventory,go,inventory,warehouse-java-twin:9084,warehouse-java-twin:9084 (warehouse-twin),2026-06-24 15:51:20,2026-06-24T10:21:20Z,1782296480,sustain,1770.0,0.011111111111111112,"{""__name__"": ""process_cpu_usage""}"
2,A,CPU Usage Rate,go_inventory,go,inventory,inventory-java:8082,inventory-java:8082 (inventory-service),2026-06-24 15:51:35,2026-06-24T10:21:35Z,1782296495,sustain,1785.0,0.006666666666666667,"{""__name__"": ""process_cpu_usage""}"
2,A,CPU Usage Rate,go_inventory,go,inventory,order-java:8083,order-java:8083 (order-service),2026-06-24 15:51:35,2026-06-24T10:21:35Z,1782296495,sustain,1785.0,0.011111111111111112,"{""__name__"": ""process_cpu_usage""}"
2,A,CPU Usage Rate,go_inventory,go,inventory,warehouse-java-twin:9084,warehouse-java-twin:9084 (warehouse-twin),2026-06-24 15:51:35,2026-06-24T10:21:35Z,1782296495,sustain,1785.0,0.00909090909090909,"{""__name__"": ""process_cpu_usage""}"
2,A,CPU Usage Rate,go_inventory,go,inventory,inventory-java:8082,inventory-java:8082 (inventory-service),2026-06-24 15:51:50,2026-06-24T10:21:50Z,1782296510,cooldown,1800.0,0.1,"{""__name__"": ""process_cpu_usage""}"
2,A,CPU Usage Rate,go_inventory,go,inventory,order-java:8083,order-java:8083 (order-service),2026-06-24 15:51:50,2026-06-24T10:21:50Z,1782296510,cooldown,1800.0,0.0125,"{""__name__"": ""process_cpu_usage""}"
2,A,CPU Usage Rate,go_inventory,go,inventory,warehouse-java-twin:9084,warehouse-java-twin:9084 (warehouse-twin),2026-06-24 15:51:50,2026-06-24T10:21:50Z,1782296510,cooldown,1800.0,0.01,"{""__name__"": ""process_cpu_usage""}"
2,A,CPU Usage Rate,go_inventory,go,inventory,inventory-java:8082,inventory-java:8082 (inventory-service),2026-06-24 15:52:05,2026-06-24T10:22:05Z,1782296525,cooldown,1815.0,0.00625,"{""__name__"": ""process_cpu_usage""}"
2,A,CPU Usage Rate,go_inventory,go,inventory,order-java:8083,order-java:8083 (order-service),2026-06-24 15:52:05,2026-06-24T10:22:05Z,1782296525,cooldown,1815.0,0.008333333333333333,"{""__name__"": ""process_cpu_usage""}"
2,A,CPU Usage Rate,go_inventory,go,inventory,warehouse-java-twin:9084,warehouse-java-twin:9084 (warehouse-twin),2026-06-24 15:52:05,2026-06-24T10:22:05Z,1782296525,cooldown,1815.0,0.00909090909090909,"{""__name__"": ""process_cpu_usage""}"
2,A,CPU Usage Rate,go_inventory,go,inventory,inventory-java:8082,inventory-java:8082 (inventory-service),2026-06-24 15:52:20,2026-06-24T10:22:20Z,1782296540,cooldown,1830.0,0.006666666666666667,"{""__name__"": ""process_cpu_usage""}"
2,A,CPU Usage Rate,go_inventory,go,inventory,order-java:8083,order-java:8083 (order-service),2026-06-24 15:52:20,2026-06-24T10:22:20Z,1782296540,cooldown,1830.0,0.016666666666666666,"{""__name__"": ""process_cpu_usage""}"
2,A,CPU Usage Rate,go_inventory,go,inventory,warehouse-java-twin:9084,warehouse-java-twin:9084 (warehouse-twin),2026-06-24 15:52:20,2026-06-24T10:22:20Z,1782296540,cooldown,1830.0,0.007142857142857143,"{""__name__"": ""process_cpu_usage""}"
2,A,CPU Usage Rate,go_inventory,go,inventory,inventory-java:8082,inventory-java:8082 (inventory-service),2026-06-24 15:52:35,2026-06-24T10:22:35Z,1782296555,cooldown,1845.0,0.0,"{""__name__"": ""process_cpu_usage""}"
2,A,CPU Usage Rate,go_inventory,go,inventory,order-java:8083,order-java:8083 (order-service),2026-06-24 15:52:35,2026-06-24T10:22:35Z,1782296555,cooldown,1845.0,0.006666666666666667,"{""__name__"": ""process_cpu_usage""}"
2,A,CPU Usage Rate,go_inventory,go,inventory,warehouse-java-twin:9084,warehouse-java-twin:9084 (warehouse-twin),2026-06-24 15:52:35,2026-06-24T10:22:35Z,1782296555,cooldown,1845.0,0.00909090909090909,"{""__name__"": ""process_cpu_usage""}"
2,A,CPU Usage Rate,go_inventory,go,inventory,inventory-java:8082,inventory-java:8082 (inventory-service),2026-06-24 15:52:50,2026-06-24T10:22:50Z,1782296570,cooldown,1860.0,0.004761904761904762,"{""__name__"": ""process_cpu_usage""}"
2,A,CPU Usage Rate,go_inventory,go,inventory,order-java:8083,order-java:8083 (order-service),2026-06-24 15:52:50,2026-06-24T10:22:50Z,1782296570,cooldown,1860.0,0.022222222222222223,"{""__name__"": ""process_cpu_usage""}"
2,A,CPU Usage Rate,go_inventory,go,inventory,warehouse-java-twin:9084,warehouse-java-twin:9084 (warehouse-twin),2026-06-24 15:52:50,2026-06-24T10:22:50Z,1782296570,cooldown,1860.0,0.006666666666666667,"{""__name__"": ""process_cpu_usage""}"
2,A,CPU Usage Rate,go_inventory,go,inventory,inventory-java:8082,inventory-java:8082 (inventory-service),2026-06-24 15:53:05,2026-06-24T10:23:05Z,1782296585,cooldown,1875.0,0.011111111111111112,"{""__name__"": ""process_cpu_usage""}"
2,A,CPU Usage Rate,go_inventory,go,inventory,order-java:8083,order-java:8083 (order-service),2026-06-24 15:53:05,2026-06-24T10:23:05Z,1782296585,cooldown,1875.0,0.0125,"{""__name__"": ""process_cpu_usage""}"
2,A,CPU Usage Rate,go_inventory,go,inventory,warehouse-java-twin:9084,warehouse-java-twin:9084 (warehouse-twin),2026-06-24 15:53:05,2026-06-24T10:23:05Z,1782296585,cooldown,1875.0,0.011111111111111112,"{""__name__"": ""process_cpu_usage""}"
2,A,CPU Usage Rate,go_inventory,go,inventory,inventory-java:8082,inventory-java:8082 (inventory-service),2026-06-24 15:53:20,2026-06-24T10:23:20Z,1782296600,cooldown,1890.0,0.008333333333333333,"{""__name__"": ""process_cpu_usage""}"
2,A,CPU Usage Rate,go_inventory,go,inventory,order-java:8083,order-java:8083 (order-service),2026-06-24 15:53:20,2026-06-24T10:23:20Z,1782296600,cooldown,1890.0,0.0,"{""__name__"": ""process_cpu_usage""}"
2,A,CPU Usage Rate,go_inventory,go,inventory,warehouse-java-twin:9084,warehouse-java-twin:9084 (warehouse-twin),2026-06-24 15:53:20,2026-06-24T10:23:20Z,1782296600,cooldown,1890.0,0.007692307692307693,"{""__name__"": ""process_cpu_usage""}"
2,A,CPU Usage Rate,go_inventory,go,inventory,inventory-java:8082,inventory-java:8082 (inventory-service),2026-06-24 15:53:35,2026-06-24T10:23:35Z,1782296615,cooldown,1905.0,0.05263157894736842,"{""__name__"": ""process_cpu_usage""}"
2,A,CPU Usage Rate,go_inventory,go,inventory,order-java:8083,order-java:8083 (order-service),2026-06-24 15:53:35,2026-06-24T10:23:35Z,1782296615,cooldown,1905.0,0.015384615384615385,"{""__name__"": ""process_cpu_usage""}"
2,A,CPU Usage Rate,go_inventory,go,inventory,warehouse-java-twin:9084,warehouse-java-twin:9084 (warehouse-twin),2026-06-24 15:53:35,2026-06-24T10:23:35Z,1782296615,cooldown,1905.0,0.007692307692307693,"{""__name__"": ""process_cpu_usage""}"
2,A,CPU Usage Rate,go_inventory,go,inventory,inventory-java:8082,inventory-java:8082 (inventory-service),2026-06-24 15:53:50,2026-06-24T10:23:50Z,1782296630,cooldown,1920.0,0.0,"{""__name__"": ""process_cpu_usage""}"
2,A,CPU Usage Rate,go_inventory,go,inventory,order-java:8083,order-java:8083 (order-service),2026-06-24 15:53:50,2026-06-24T10:23:50Z,1782296630,cooldown,1920.0,0.00909090909090909,"{""__name__"": ""process_cpu_usage""}"
2,A,CPU Usage Rate,go_inventory,go,inventory,warehouse-java-twin:9084,warehouse-java-twin:9084 (warehouse-twin),2026-06-24 15:53:50,2026-06-24T10:23:50Z,1782296630,cooldown,1920.0,0.01,"{""__name__"": ""process_cpu_usage""}"
2,A,CPU Usage Rate,go_inventory,go,inventory,inventory-java:8082,inventory-java:8082 (inventory-service),2026-06-24 15:54:05,2026-06-24T10:24:05Z,1782296645,cooldown,1935.0,0.00909090909090909,"{""__name__"": ""process_cpu_usage""}"
2,A,CPU Usage Rate,go_inventory,go,inventory,order-java:8083,order-java:8083 (order-service),2026-06-24 15:54:05,2026-06-24T10:24:05Z,1782296645,cooldown,1935.0,0.016666666666666666,"{""__name__"": ""process_cpu_usage""}"
2,A,CPU Usage Rate,go_inventory,go,inventory,warehouse-java-twin:9084,warehouse-java-twin:9084 (warehouse-twin),2026-06-24 15:54:05,2026-06-24T10:24:05Z,1782296645,cooldown,1935.0,0.01,"{""__name__"": ""process_cpu_usage""}"
2,A,CPU Usage Rate,go_inventory,go,inventory,inventory-java:8082,inventory-java:8082 (inventory-service),2026-06-24 15:54:20,2026-06-24T10:24:20Z,1782296660,cooldown,1950.0,0.022222222222222223,"{""__name__"": ""process_cpu_usage""}"
2,A,CPU Usage Rate,go_inventory,go,inventory,order-java:8083,order-java:8083 (order-service),2026-06-24 15:54:20,2026-06-24T10:24:20Z,1782296660,cooldown,1950.0,0.007142857142857143,"{""__name__"": ""process_cpu_usage""}"
2,A,CPU Usage Rate,go_inventory,go,inventory,warehouse-java-twin:9084,warehouse-java-twin:9084 (warehouse-twin),2026-06-24 15:54:20,2026-06-24T10:24:20Z,1782296660,cooldown,1950.0,0.008333333333333333,"{""__name__"": ""process_cpu_usage""}"
2,A,CPU Usage Rate,go_inventory,go,inventory,inventory-java:8082,inventory-java:8082 (inventory-service),2026-06-24 15:54:35,2026-06-24T10:24:35Z,1782296675,cooldown,1965.0,0.00909090909090909,"{""__name__"": ""process_cpu_usage""}"
2,A,CPU Usage Rate,go_inventory,go,inventory,order-java:8083,order-java:8083 (order-service),2026-06-24 15:54:35,2026-06-24T10:24:35Z,1782296675,cooldown,1965.0,0.015384615384615385,"{""__name__"": ""process_cpu_usage""}"
2,A,CPU Usage Rate,go_inventory,go,inventory,warehouse-java-twin:9084,warehouse-java-twin:9084 (warehouse-twin),2026-06-24 15:54:35,2026-06-24T10:24:35Z,1782296675,cooldown,1965.0,0.005555555555555556,"{""__name__"": ""process_cpu_usage""}"
2,A,CPU Usage Rate,go_inventory,go,inventory,inventory-java:8082,inventory-java:8082 (inventory-service),2026-06-24 15:54:50,2026-06-24T10:24:50Z,1782296690,cooldown,1980.0,0.0,"{""__name__"": ""process_cpu_usage""}"
2,A,CPU Usage Rate,go_inventory,go,inventory,order-java:8083,order-java:8083 (order-service),2026-06-24 15:54:50,2026-06-24T10:24:50Z,1782296690,cooldown,1980.0,0.013333333333333334,"{""__name__"": ""process_cpu_usage""}"
2,A,CPU Usage Rate,go_inventory,go,inventory,warehouse-java-twin:9084,warehouse-java-twin:9084 (warehouse-twin),2026-06-24 15:54:50,2026-06-24T10:24:50Z,1782296690,cooldown,1980.0,0.0,"{""__name__"": ""process_cpu_usage""}"
2,A,CPU Usage Rate,go_inventory,go,inventory,inventory-java:8082,inventory-java:8082 (inventory-service),2026-06-24 15:55:05,2026-06-24T10:25:05Z,1782296705,cooldown,1995.0,0.00909090909090909,"{""__name__"": ""process_cpu_usage""}"
2,A,CPU Usage Rate,go_inventory,go,inventory,order-java:8083,order-java:8083 (order-service),2026-06-24 15:55:05,2026-06-24T10:25:05Z,1782296705,cooldown,1995.0,0.013333333333333334,"{""__name__"": ""process_cpu_usage""}"
2,A,CPU Usage Rate,go_inventory,go,inventory,warehouse-java-twin:9084,warehouse-java-twin:9084 (warehouse-twin),2026-06-24 15:55:05,2026-06-24T10:25:05Z,1782296705,cooldown,1995.0,0.007142857142857143,"{""__name__"": ""process_cpu_usage""}"
2,A,CPU Usage Rate,go_inventory,go,inventory,inventory-java:8082,inventory-java:8082 (inventory-service),2026-06-24 15:55:20,2026-06-24T10:25:20Z,1782296720,cooldown,2010.0,0.008333333333333333,"{""__name__"": ""process_cpu_usage""}"
2,A,CPU Usage Rate,go_inventory,go,inventory,order-java:8083,order-java:8083 (order-service),2026-06-24 15:55:20,2026-06-24T10:25:20Z,1782296720,cooldown,2010.0,0.006666666666666667,"{""__name__"": ""process_cpu_usage""}"
2,A,CPU Usage Rate,go_inventory,go,inventory,warehouse-java-twin:9084,warehouse-java-twin:9084 (warehouse-twin),2026-06-24 15:55:20,2026-06-24T10:25:20Z,1782296720,cooldown,2010.0,0.00625,"{""__name__"": ""process_cpu_usage""}"
2,A,CPU Usage Rate,go_inventory,go,inventory,inventory-java:8082,inventory-java:8082 (inventory-service),2026-06-24 15:55:35,2026-06-24T10:25:35Z,1782296735,cooldown,2025.0,0.02,"{""__name__"": ""process_cpu_usage""}"
2,A,CPU Usage Rate,go_inventory,go,inventory,order-java:8083,order-java:8083 (order-service),2026-06-24 15:55:35,2026-06-24T10:25:35Z,1782296735,cooldown,2025.0,0.0,"{""__name__"": ""process_cpu_usage""}"
2,A,CPU Usage Rate,go_inventory,go,inventory,warehouse-java-twin:9084,warehouse-java-twin:9084 (warehouse-twin),2026-06-24 15:55:35,2026-06-24T10:25:35Z,1782296735,cooldown,2025.0,0.005555555555555556,"{""__name__"": ""process_cpu_usage""}"
2,A,CPU Usage Rate,go_inventory,go,inventory,inventory-java:8082,inventory-java:8082 (inventory-service),2026-06-24 15:55:50,2026-06-24T10:25:50Z,1782296750,cooldown,2040.0,0.015384615384615385,"{""__name__"": ""process_cpu_usage""}"
2,A,CPU Usage Rate,go_inventory,go,inventory,order-java:8083,order-java:8083 (order-service),2026-06-24 15:55:50,2026-06-24T10:25:50Z,1782296750,cooldown,2040.0,0.0,"{""__name__"": ""process_cpu_usage""}"
2,A,CPU Usage Rate,go_inventory,go,inventory,warehouse-java-twin:9084,warehouse-java-twin:9084 (warehouse-twin),2026-06-24 15:55:50,2026-06-24T10:25:50Z,1782296750,cooldown,2040.0,0.01,"{""__name__"": ""process_cpu_usage""}"
2,A,CPU Usage Rate,go_inventory,go,inventory,inventory-java:8082,inventory-java:8082 (inventory-service),2026-06-24 15:56:05,2026-06-24T10:26:05Z,1782296765,cooldown,2055.0,0.01,"{""__name__"": ""process_cpu_usage""}"
2,A,CPU Usage Rate,go_inventory,go,inventory,order-java:8083,order-java:8083 (order-service),2026-06-24 15:56:05,2026-06-24T10:26:05Z,1782296765,cooldown,2055.0,0.0058823529411764705,"{""__name__"": ""process_cpu_usage""}"
2,A,CPU Usage Rate,go_inventory,go,inventory,warehouse-java-twin:9084,warehouse-java-twin:9084 (warehouse-twin),2026-06-24 15:56:05,2026-06-24T10:26:05Z,1782296765,cooldown,2055.0,0.013333333333333334,"{""__name__"": ""process_cpu_usage""}"
2,A,CPU Usage Rate,go_inventory,go,inventory,inventory-java:8082,inventory-java:8082 (inventory-service),2026-06-24 15:56:20,2026-06-24T10:26:20Z,1782296780,cooldown,2070.0,0.01,"{""__name__"": ""process_cpu_usage""}"
2,A,CPU Usage Rate,go_inventory,go,inventory,order-java:8083,order-java:8083 (order-service),2026-06-24 15:56:20,2026-06-24T10:26:20Z,1782296780,cooldown,2070.0,0.007142857142857143,"{""__name__"": ""process_cpu_usage""}"
2,A,CPU Usage Rate,go_inventory,go,inventory,warehouse-java-twin:9084,warehouse-java-twin:9084 (warehouse-twin),2026-06-24 15:56:20,2026-06-24T10:26:20Z,1782296780,cooldown,2070.0,0.0125,"{""__name__"": ""process_cpu_usage""}"
2,A,CPU Usage Rate,go_inventory,go,inventory,inventory-java:8082,inventory-java:8082 (inventory-service),2026-06-24 15:56:35,2026-06-24T10:26:35Z,1782296795,cooldown,2085.0,0.00909090909090909,"{""__name__"": ""process_cpu_usage""}"
2,A,CPU Usage Rate,go_inventory,go,inventory,order-java:8083,order-java:8083 (order-service),2026-06-24 15:56:35,2026-06-24T10:26:35Z,1782296795,cooldown,2085.0,0.008333333333333333,"{""__name__"": ""process_cpu_usage""}"
2,A,CPU Usage Rate,go_inventory,go,inventory,warehouse-java-twin:9084,warehouse-java-twin:9084 (warehouse-twin),2026-06-24 15:56:35,2026-06-24T10:26:35Z,1782296795,cooldown,2085.0,0.006666666666666667,"{""__name__"": ""process_cpu_usage""}"
2,A,CPU Usage Rate,go_inventory,go,inventory,inventory-java:8082,inventory-java:8082 (inventory-service),2026-06-24 15:56:50,2026-06-24T10:26:50Z,1782296810,post_test,2100.0,0.00625,"{""__name__"": ""process_cpu_usage""}"
2,A,CPU Usage Rate,go_inventory,go,inventory,order-java:8083,order-java:8083 (order-service),2026-06-24 15:56:50,2026-06-24T10:26:50Z,1782296810,post_test,2100.0,0.0125,"{""__name__"": ""process_cpu_usage""}"
2,A,CPU Usage Rate,go_inventory,go,inventory,warehouse-java-twin:9084,warehouse-java-twin:9084 (warehouse-twin),2026-06-24 15:56:50,2026-06-24T10:26:50Z,1782296810,post_test,2100.0,0.0,"{""__name__"": ""process_cpu_usage""}"
2,A,CPU Usage Rate,go_order,go,order,inventory-java:8082,inventory-java:8082 (inventory-service),2026-06-24 14:01:32,2026-06-24T08:31:32Z,1782289892,warmup,0.0,0.007142857142857143,"{""__name__"": ""process_cpu_usage""}"
2,A,CPU Usage Rate,go_order,go,order,order-java:8083,order-java:8083 (order-service),2026-06-24 14:01:32,2026-06-24T08:31:32Z,1782289892,warmup,0.0,0.0,"{""__name__"": ""process_cpu_usage""}"
2,A,CPU Usage Rate,go_order,go,order,warehouse-java-twin:9084,warehouse-java-twin:9084 (warehouse-twin),2026-06-24 14:01:32,2026-06-24T08:31:32Z,1782289892,warmup,0.0,0.016666666666666666,"{""__name__"": ""process_cpu_usage""}"
2,A,CPU Usage Rate,go_order,go,order,inventory-java:8082,inventory-java:8082 (inventory-service),2026-06-24 14:01:47,2026-06-24T08:31:47Z,1782289907,warmup,15.0,0.008333333333333333,"{""__name__"": ""process_cpu_usage""}"
2,A,CPU Usage Rate,go_order,go,order,order-java:8083,order-java:8083 (order-service),2026-06-24 14:01:47,2026-06-24T08:31:47Z,1782289907,warmup,15.0,0.0,"{""__name__"": ""process_cpu_usage""}"
2,A,CPU Usage Rate,go_order,go,order,warehouse-java-twin:9084,warehouse-java-twin:9084 (warehouse-twin),2026-06-24 14:01:47,2026-06-24T08:31:47Z,1782289907,warmup,15.0,0.006666666666666667,"{""__name__"": ""process_cpu_usage""}"
2,A,CPU Usage Rate,go_order,go,order,inventory-java:8082,inventory-java:8082 (inventory-service),2026-06-24 14:02:02,2026-06-24T08:32:02Z,1782289922,warmup,30.0,0.008333333333333333,"{""__name__"": ""process_cpu_usage""}"
2,A,CPU Usage Rate,go_order,go,order,order-java:8083,order-java:8083 (order-service),2026-06-24 14:02:02,2026-06-24T08:32:02Z,1782289922,warmup,30.0,0.006666666666666667,"{""__name__"": ""process_cpu_usage""}"
2,A,CPU Usage Rate,go_order,go,order,warehouse-java-twin:9084,warehouse-java-twin:9084 (warehouse-twin),2026-06-24 14:02:02,2026-06-24T08:32:02Z,1782289922,warmup,30.0,0.015384615384615385,"{""__name__"": ""process_cpu_usage""}"
2,A,CPU Usage Rate,go_order,go,order,inventory-java:8082,inventory-java:8082 (inventory-service),2026-06-24 14:02:17,2026-06-24T08:32:17Z,1782289937,warmup,45.0,0.025,"{""__name__"": ""process_cpu_usage""}"
2,A,CPU Usage Rate,go_order,go,order,order-java:8083,order-java:8083 (order-service),2026-06-24 14:02:17,2026-06-24T08:32:17Z,1782289937,warmup,45.0,0.013333333333333334,"{""__name__"": ""process_cpu_usage""}"
2,A,CPU Usage Rate,go_order,go,order,warehouse-java-twin:9084,warehouse-java-twin:9084 (warehouse-twin),2026-06-24 14:02:17,2026-06-24T08:32:17Z,1782289937,warmup,45.0,0.0125,"{""__name__"": ""process_cpu_usage""}"
2,A,CPU Usage Rate,go_order,go,order,inventory-java:8082,inventory-java:8082 (inventory-service),2026-06-24 14:02:32,2026-06-24T08:32:32Z,1782289952,warmup,60.0,0.00625,"{""__name__"": ""process_cpu_usage""}"
2,A,CPU Usage Rate,go_order,go,order,order-java:8083,order-java:8083 (order-service),2026-06-24 14:02:32,2026-06-24T08:32:32Z,1782289952,warmup,60.0,0.007142857142857143,"{""__name__"": ""process_cpu_usage""}"
2,A,CPU Usage Rate,go_order,go,order,warehouse-java-twin:9084,warehouse-java-twin:9084 (warehouse-twin),2026-06-24 14:02:32,2026-06-24T08:32:32Z,1782289952,warmup,60.0,0.01,"{""__name__"": ""process_cpu_usage""}"
2,A,CPU Usage Rate,go_order,go,order,inventory-java:8082,inventory-java:8082 (inventory-service),2026-06-24 14:02:47,2026-06-24T08:32:47Z,1782289967,warmup,75.0,0.0,"{""__name__"": ""process_cpu_usage""}"
2,A,CPU Usage Rate,go_order,go,order,order-java:8083,order-java:8083 (order-service),2026-06-24 14:02:47,2026-06-24T08:32:47Z,1782289967,warmup,75.0,0.0,"{""__name__"": ""process_cpu_usage""}"
2,A,CPU Usage Rate,go_order,go,order,warehouse-java-twin:9084,warehouse-java-twin:9084 (warehouse-twin),2026-06-24 14:02:47,2026-06-24T08:32:47Z,1782289967,warmup,75.0,0.012903225806451613,"{""__name__"": ""process_cpu_usage""}"
2,A,CPU Usage Rate,go_order,go,order,inventory-java:8082,inventory-java:8082 (inventory-service),2026-06-24 14:03:02,2026-06-24T08:33:02Z,1782289982,warmup,90.0,0.0,"{""__name__"": ""process_cpu_usage""}"
2,A,CPU Usage Rate,go_order,go,order,order-java:8083,order-java:8083 (order-service),2026-06-24 14:03:02,2026-06-24T08:33:02Z,1782289982,warmup,90.0,0.0,"{""__name__"": ""process_cpu_usage""}"
2,A,CPU Usage Rate,go_order,go,order,warehouse-java-twin:9084,warehouse-java-twin:9084 (warehouse-twin),2026-06-24 14:03:02,2026-06-24T08:33:02Z,1782289982,warmup,90.0,0.013333333333333334,"{""__name__"": ""process_cpu_usage""}"
2,A,CPU Usage Rate,go_order,go,order,inventory-java:8082,inventory-java:8082 (inventory-service),2026-06-24 14:03:17,2026-06-24T08:33:17Z,1782289997,warmup,105.0,0.01,"{""__name__"": ""process_cpu_usage""}"
2,A,CPU Usage Rate,go_order,go,order,order-java:8083,order-java:8083 (order-service),2026-06-24 14:03:17,2026-06-24T08:33:17Z,1782289997,warmup,105.0,0.0,"{""__name__"": ""process_cpu_usage""}"
2,A,CPU Usage Rate,go_order,go,order,warehouse-java-twin:9084,warehouse-java-twin:9084 (warehouse-twin),2026-06-24 14:03:17,2026-06-24T08:33:17Z,1782289997,warmup,105.0,0.014814814814814815,"{""__name__"": ""process_cpu_usage""}"
2,A,CPU Usage Rate,go_order,go,order,inventory-java:8082,inventory-java:8082 (inventory-service),2026-06-24 14:03:32,2026-06-24T08:33:32Z,1782290012,warmup,120.0,0.016666666666666666,"{""__name__"": ""process_cpu_usage""}"
2,A,CPU Usage Rate,go_order,go,order,order-java:8083,order-java:8083 (order-service),2026-06-24 14:03:32,2026-06-24T08:33:32Z,1782290012,warmup,120.0,0.008333333333333333,"{""__name__"": ""process_cpu_usage""}"
2,A,CPU Usage Rate,go_order,go,order,warehouse-java-twin:9084,warehouse-java-twin:9084 (warehouse-twin),2026-06-24 14:03:32,2026-06-24T08:33:32Z,1782290012,warmup,120.0,0.018518518518518517,"{""__name__"": ""process_cpu_usage""}"
2,A,CPU Usage Rate,go_order,go,order,inventory-java:8082,inventory-java:8082 (inventory-service),2026-06-24 14:03:47,2026-06-24T08:33:47Z,1782290027,warmup,135.0,0.01,"{""__name__"": ""process_cpu_usage""}"
2,A,CPU Usage Rate,go_order,go,order,order-java:8083,order-java:8083 (order-service),2026-06-24 14:03:47,2026-06-24T08:33:47Z,1782290027,warmup,135.0,0.0,"{""__name__"": ""process_cpu_usage""}"
2,A,CPU Usage Rate,go_order,go,order,warehouse-java-twin:9084,warehouse-java-twin:9084 (warehouse-twin),2026-06-24 14:03:47,2026-06-24T08:33:47Z,1782290027,warmup,135.0,0.017241379310344827,"{""__name__"": ""process_cpu_usage""}"
2,A,CPU Usage Rate,go_order,go,order,inventory-java:8082,inventory-java:8082 (inventory-service),2026-06-24 14:04:02,2026-06-24T08:34:02Z,1782290042,warmup,150.0,0.008333333333333333,"{""__name__"": ""process_cpu_usage""}"
2,A,CPU Usage Rate,go_order,go,order,order-java:8083,order-java:8083 (order-service),2026-06-24 14:04:02,2026-06-24T08:34:02Z,1782290042,warmup,150.0,0.007692307692307693,"{""__name__"": ""process_cpu_usage""}"
2,A,CPU Usage Rate,go_order,go,order,warehouse-java-twin:9084,warehouse-java-twin:9084 (warehouse-twin),2026-06-24 14:04:02,2026-06-24T08:34:02Z,1782290042,warmup,150.0,0.023076923076923078,"{""__name__"": ""process_cpu_usage""}"
2,A,CPU Usage Rate,go_order,go,order,inventory-java:8082,inventory-java:8082 (inventory-service),2026-06-24 14:04:17,2026-06-24T08:34:17Z,1782290057,warmup,165.0,0.0058823529411764705,"{""__name__"": ""process_cpu_usage""}"
2,A,CPU Usage Rate,go_order,go,order,order-java:8083,order-java:8083 (order-service),2026-06-24 14:04:17,2026-06-24T08:34:17Z,1782290057,warmup,165.0,0.008333333333333333,"{""__name__"": ""process_cpu_usage""}"
2,A,CPU Usage Rate,go_order,go,order,warehouse-java-twin:9084,warehouse-java-twin:9084 (warehouse-twin),2026-06-24 14:04:17,2026-06-24T08:34:17Z,1782290057,warmup,165.0,0.013157894736842105,"{""__name__"": ""process_cpu_usage""}"
2,A,CPU Usage Rate,go_order,go,order,inventory-java:8082,inventory-java:8082 (inventory-service),2026-06-24 14:04:32,2026-06-24T08:34:32Z,1782290072,warmup,180.0,0.0125,"{""__name__"": ""process_cpu_usage""}"
2,A,CPU Usage Rate,go_order,go,order,order-java:8083,order-java:8083 (order-service),2026-06-24 14:04:32,2026-06-24T08:34:32Z,1782290072,warmup,180.0,0.007692307692307693,"{""__name__"": ""process_cpu_usage""}"
2,A,CPU Usage Rate,go_order,go,order,warehouse-java-twin:9084,warehouse-java-twin:9084 (warehouse-twin),2026-06-24 14:04:32,2026-06-24T08:34:32Z,1782290072,warmup,180.0,0.040740740740740744,"{""__name__"": ""process_cpu_usage""}"
2,A,CPU Usage Rate,go_order,go,order,inventory-java:8082,inventory-java:8082 (inventory-service),2026-06-24 14:04:47,2026-06-24T08:34:47Z,1782290087,warmup,195.0,0.007142857142857143,"{""__name__"": ""process_cpu_usage""}"
2,A,CPU Usage Rate,go_order,go,order,order-java:8083,order-java:8083 (order-service),2026-06-24 14:04:47,2026-06-24T08:34:47Z,1782290087,warmup,195.0,0.014285714285714285,"{""__name__"": ""process_cpu_usage""}"
2,A,CPU Usage Rate,go_order,go,order,warehouse-java-twin:9084,warehouse-java-twin:9084 (warehouse-twin),2026-06-24 14:04:47,2026-06-24T08:34:47Z,1782290087,warmup,195.0,0.030303030303030304,"{""__name__"": ""process_cpu_usage""}"
2,A,CPU Usage Rate,go_order,go,order,inventory-java:8082,inventory-java:8082 (inventory-service),2026-06-24 14:05:02,2026-06-24T08:35:02Z,1782290102,warmup,210.0,0.00625,"{""__name__"": ""process_cpu_usage""}"
2,A,CPU Usage Rate,go_order,go,order,order-java:8083,order-java:8083 (order-service),2026-06-24 14:05:02,2026-06-24T08:35:02Z,1782290102,warmup,210.0,0.008333333333333333,"{""__name__"": ""process_cpu_usage""}"
2,A,CPU Usage Rate,go_order,go,order,warehouse-java-twin:9084,warehouse-java-twin:9084 (warehouse-twin),2026-06-24 14:05:02,2026-06-24T08:35:02Z,1782290102,warmup,210.0,0.022222222222222223,"{""__name__"": ""process_cpu_usage""}"
2,A,CPU Usage Rate,go_order,go,order,inventory-java:8082,inventory-java:8082 (inventory-service),2026-06-24 14:05:17,2026-06-24T08:35:17Z,1782290117,warmup,225.0,0.007142857142857143,"{""__name__"": ""process_cpu_usage""}"
2,A,CPU Usage Rate,go_order,go,order,order-java:8083,order-java:8083 (order-service),2026-06-24 14:05:17,2026-06-24T08:35:17Z,1782290117,warmup,225.0,0.0,"{""__name__"": ""process_cpu_usage""}"
2,A,CPU Usage Rate,go_order,go,order,warehouse-java-twin:9084,warehouse-java-twin:9084 (warehouse-twin),2026-06-24 14:05:17,2026-06-24T08:35:17Z,1782290117,warmup,225.0,0.030555555555555555,"{""__name__"": ""process_cpu_usage""}"
2,A,CPU Usage Rate,go_order,go,order,inventory-java:8082,inventory-java:8082 (inventory-service),2026-06-24 14:05:32,2026-06-24T08:35:32Z,1782290132,warmup,240.0,0.013333333333333334,"{""__name__"": ""process_cpu_usage""}"
2,A,CPU Usage Rate,go_order,go,order,order-java:8083,order-java:8083 (order-service),2026-06-24 14:05:32,2026-06-24T08:35:32Z,1782290132,warmup,240.0,0.0,"{""__name__"": ""process_cpu_usage""}"
2,A,CPU Usage Rate,go_order,go,order,warehouse-java-twin:9084,warehouse-java-twin:9084 (warehouse-twin),2026-06-24 14:05:32,2026-06-24T08:35:32Z,1782290132,warmup,240.0,0.040625,"{""__name__"": ""process_cpu_usage""}"
2,A,CPU Usage Rate,go_order,go,order,inventory-java:8082,inventory-java:8082 (inventory-service),2026-06-24 14:05:47,2026-06-24T08:35:47Z,1782290147,warmup,255.0,0.025,"{""__name__"": ""process_cpu_usage""}"
2,A,CPU Usage Rate,go_order,go,order,order-java:8083,order-java:8083 (order-service),2026-06-24 14:05:47,2026-06-24T08:35:47Z,1782290147,warmup,255.0,0.0,"{""__name__"": ""process_cpu_usage""}"
2,A,CPU Usage Rate,go_order,go,order,warehouse-java-twin:9084,warehouse-java-twin:9084 (warehouse-twin),2026-06-24 14:05:47,2026-06-24T08:35:47Z,1782290147,warmup,255.0,0.03125,"{""__name__"": ""process_cpu_usage""}"
2,A,CPU Usage Rate,go_order,go,order,inventory-java:8082,inventory-java:8082 (inventory-service),2026-06-24 14:06:02,2026-06-24T08:36:02Z,1782290162,warmup,270.0,0.007692307692307693,"{""__name__"": ""process_cpu_usage""}"
2,A,CPU Usage Rate,go_order,go,order,order-java:8083,order-java:8083 (order-service),2026-06-24 14:06:02,2026-06-24T08:36:02Z,1782290162,warmup,270.0,0.007692307692307693,"{""__name__"": ""process_cpu_usage""}"
2,A,CPU Usage Rate,go_order,go,order,warehouse-java-twin:9084,warehouse-java-twin:9084 (warehouse-twin),2026-06-24 14:06:02,2026-06-24T08:36:02Z,1782290162,warmup,270.0,0.044444444444444446,"{""__name__"": ""process_cpu_usage""}"
2,A,CPU Usage Rate,go_order,go,order,inventory-java:8082,inventory-java:8082 (inventory-service),2026-06-24 14:06:17,2026-06-24T08:36:17Z,1782290177,warmup,285.0,0.007142857142857143,"{""__name__"": ""process_cpu_usage""}"
2,A,CPU Usage Rate,go_order,go,order,order-java:8083,order-java:8083 (order-service),2026-06-24 14:06:17,2026-06-24T08:36:17Z,1782290177,warmup,285.0,0.0,"{""__name__"": ""process_cpu_usage""}"
2,A,CPU Usage Rate,go_order,go,order,warehouse-java-twin:9084,warehouse-java-twin:9084 (warehouse-twin),2026-06-24 14:06:17,2026-06-24T08:36:17Z,1782290177,warmup,285.0,0.031818181818181815,"{""__name__"": ""process_cpu_usage""}"
2,A,CPU Usage Rate,go_order,go,order,inventory-java:8082,inventory-java:8082 (inventory-service),2026-06-24 14:06:32,2026-06-24T08:36:32Z,1782290192,ramp_1,300.0,0.01,"{""__name__"": ""process_cpu_usage""}"
2,A,CPU Usage Rate,go_order,go,order,order-java:8083,order-java:8083 (order-service),2026-06-24 14:06:32,2026-06-24T08:36:32Z,1782290192,ramp_1,300.0,0.0,"{""__name__"": ""process_cpu_usage""}"
2,A,CPU Usage Rate,go_order,go,order,warehouse-java-twin:9084,warehouse-java-twin:9084 (warehouse-twin),2026-06-24 14:06:32,2026-06-24T08:36:32Z,1782290192,ramp_1,300.0,0.02857142857142857,"{""__name__"": ""process_cpu_usage""}"
2,A,CPU Usage Rate,go_order,go,order,inventory-java:8082,inventory-java:8082 (inventory-service),2026-06-24 14:06:47,2026-06-24T08:36:47Z,1782290207,ramp_1,315.0,0.0,"{""__name__"": ""process_cpu_usage""}"
2,A,CPU Usage Rate,go_order,go,order,order-java:8083,order-java:8083 (order-service),2026-06-24 14:06:47,2026-06-24T08:36:47Z,1782290207,ramp_1,315.0,0.0,"{""__name__"": ""process_cpu_usage""}"
2,A,CPU Usage Rate,go_order,go,order,warehouse-java-twin:9084,warehouse-java-twin:9084 (warehouse-twin),2026-06-24 14:06:47,2026-06-24T08:36:47Z,1782290207,ramp_1,315.0,0.03125,"{""__name__"": ""process_cpu_usage""}"
2,A,CPU Usage Rate,go_order,go,order,inventory-java:8082,inventory-java:8082 (inventory-service),2026-06-24 14:07:02,2026-06-24T08:37:02Z,1782290222,ramp_1,330.0,0.007142857142857143,"{""__name__"": ""process_cpu_usage""}"
2,A,CPU Usage Rate,go_order,go,order,order-java:8083,order-java:8083 (order-service),2026-06-24 14:07:02,2026-06-24T08:37:02Z,1782290222,ramp_1,330.0,0.0,"{""__name__"": ""process_cpu_usage""}"
2,A,CPU Usage Rate,go_order,go,order,warehouse-java-twin:9084,warehouse-java-twin:9084 (warehouse-twin),2026-06-24 14:07:02,2026-06-24T08:37:02Z,1782290222,ramp_1,330.0,0.02972972972972973,"{""__name__"": ""process_cpu_usage""}"
2,A,CPU Usage Rate,go_order,go,order,inventory-java:8082,inventory-java:8082 (inventory-service),2026-06-24 14:07:17,2026-06-24T08:37:17Z,1782290237,ramp_1,345.0,0.008333333333333333,"{""__name__"": ""process_cpu_usage""}"
2,A,CPU Usage Rate,go_order,go,order,order-java:8083,order-java:8083 (order-service),2026-06-24 14:07:17,2026-06-24T08:37:17Z,1782290237,ramp_1,345.0,0.0,"{""__name__"": ""process_cpu_usage""}"
2,A,CPU Usage Rate,go_order,go,order,warehouse-java-twin:9084,warehouse-java-twin:9084 (warehouse-twin),2026-06-24 14:07:17,2026-06-24T08:37:17Z,1782290237,ramp_1,345.0,0.028205128205128206,"{""__name__"": ""process_cpu_usage""}"
2,A,CPU Usage Rate,go_order,go,order,inventory-java:8082,inventory-java:8082 (inventory-service),2026-06-24 14:07:32,2026-06-24T08:37:32Z,1782290252,ramp_1,360.0,0.0,"{""__name__"": ""process_cpu_usage""}"
2,A,CPU Usage Rate,go_order,go,order,order-java:8083,order-java:8083 (order-service),2026-06-24 14:07:32,2026-06-24T08:37:32Z,1782290252,ramp_1,360.0,0.0125,"{""__name__"": ""process_cpu_usage""}"
2,A,CPU Usage Rate,go_order,go,order,warehouse-java-twin:9084,warehouse-java-twin:9084 (warehouse-twin),2026-06-24 14:07:32,2026-06-24T08:37:32Z,1782290252,ramp_1,360.0,0.035,"{""__name__"": ""process_cpu_usage""}"
2,A,CPU Usage Rate,go_order,go,order,inventory-java:8082,inventory-java:8082 (inventory-service),2026-06-24 14:07:47,2026-06-24T08:37:47Z,1782290267,ramp_1,375.0,0.0,"{""__name__"": ""process_cpu_usage""}"
2,A,CPU Usage Rate,go_order,go,order,order-java:8083,order-java:8083 (order-service),2026-06-24 14:07:47,2026-06-24T08:37:47Z,1782290267,ramp_1,375.0,0.01,"{""__name__"": ""process_cpu_usage""}"
2,A,CPU Usage Rate,go_order,go,order,warehouse-java-twin:9084,warehouse-java-twin:9084 (warehouse-twin),2026-06-24 14:07:47,2026-06-24T08:37:47Z,1782290267,ramp_1,375.0,0.04285714285714286,"{""__name__"": ""process_cpu_usage""}"
2,A,CPU Usage Rate,go_order,go,order,inventory-java:8082,inventory-java:8082 (inventory-service),2026-06-24 14:08:02,2026-06-24T08:38:02Z,1782290282,ramp_1,390.0,0.011111111111111112,"{""__name__"": ""process_cpu_usage""}"
2,A,CPU Usage Rate,go_order,go,order,order-java:8083,order-java:8083 (order-service),2026-06-24 14:08:02,2026-06-24T08:38:02Z,1782290282,ramp_1,390.0,0.0125,"{""__name__"": ""process_cpu_usage""}"
2,A,CPU Usage Rate,go_order,go,order,warehouse-java-twin:9084,warehouse-java-twin:9084 (warehouse-twin),2026-06-24 14:08:02,2026-06-24T08:38:02Z,1782290282,ramp_1,390.0,0.04722222222222222,"{""__name__"": ""process_cpu_usage""}"
2,A,CPU Usage Rate,go_order,go,order,inventory-java:8082,inventory-java:8082 (inventory-service),2026-06-24 14:08:17,2026-06-24T08:38:17Z,1782290297,ramp_1,405.0,0.0,"{""__name__"": ""process_cpu_usage""}"
2,A,CPU Usage Rate,go_order,go,order,order-java:8083,order-java:8083 (order-service),2026-06-24 14:08:17,2026-06-24T08:38:17Z,1782290297,ramp_1,405.0,0.0,"{""__name__"": ""process_cpu_usage""}"
2,A,CPU Usage Rate,go_order,go,order,warehouse-java-twin:9084,warehouse-java-twin:9084 (warehouse-twin),2026-06-24 14:08:17,2026-06-24T08:38:17Z,1782290297,ramp_1,405.0,0.041666666666666664,"{""__name__"": ""process_cpu_usage""}"
2,A,CPU Usage Rate,go_order,go,order,inventory-java:8082,inventory-java:8082 (inventory-service),2026-06-24 14:08:32,2026-06-24T08:38:32Z,1782290312,ramp_1,420.0,0.0125,"{""__name__"": ""process_cpu_usage""}"
2,A,CPU Usage Rate,go_order,go,order,order-java:8083,order-java:8083 (order-service),2026-06-24 14:08:32,2026-06-24T08:38:32Z,1782290312,ramp_1,420.0,0.0,"{""__name__"": ""process_cpu_usage""}"
2,A,CPU Usage Rate,go_order,go,order,warehouse-java-twin:9084,warehouse-java-twin:9084 (warehouse-twin),2026-06-24 14:08:32,2026-06-24T08:38:32Z,1782290312,ramp_1,420.0,0.04285714285714286,"{""__name__"": ""process_cpu_usage""}"
2,A,CPU Usage Rate,go_order,go,order,inventory-java:8082,inventory-java:8082 (inventory-service),2026-06-24 14:08:47,2026-06-24T08:38:47Z,1782290327,ramp_1,435.0,0.025,"{""__name__"": ""process_cpu_usage""}"
2,A,CPU Usage Rate,go_order,go,order,order-java:8083,order-java:8083 (order-service),2026-06-24 14:08:47,2026-06-24T08:38:47Z,1782290327,ramp_1,435.0,0.0125,"{""__name__"": ""process_cpu_usage""}"
2,A,CPU Usage Rate,go_order,go,order,warehouse-java-twin:9084,warehouse-java-twin:9084 (warehouse-twin),2026-06-24 14:08:47,2026-06-24T08:38:47Z,1782290327,ramp_1,435.0,0.04375,"{""__name__"": ""process_cpu_usage""}"
2,A,CPU Usage Rate,go_order,go,order,inventory-java:8082,inventory-java:8082 (inventory-service),2026-06-24 14:09:02,2026-06-24T08:39:02Z,1782290342,ramp_1,450.0,0.0,"{""__name__"": ""process_cpu_usage""}"
2,A,CPU Usage Rate,go_order,go,order,order-java:8083,order-java:8083 (order-service),2026-06-24 14:09:02,2026-06-24T08:39:02Z,1782290342,ramp_1,450.0,0.01,"{""__name__"": ""process_cpu_usage""}"
2,A,CPU Usage Rate,go_order,go,order,warehouse-java-twin:9084,warehouse-java-twin:9084 (warehouse-twin),2026-06-24 14:09:02,2026-06-24T08:39:02Z,1782290342,ramp_1,450.0,0.05,"{""__name__"": ""process_cpu_usage""}"
2,A,CPU Usage Rate,go_order,go,order,inventory-java:8082,inventory-java:8082 (inventory-service),2026-06-24 14:09:17,2026-06-24T08:39:17Z,1782290357,ramp_1,465.0,0.0,"{""__name__"": ""process_cpu_usage""}"
2,A,CPU Usage Rate,go_order,go,order,order-java:8083,order-java:8083 (order-service),2026-06-24 14:09:17,2026-06-24T08:39:17Z,1782290357,ramp_1,465.0,0.0,"{""__name__"": ""process_cpu_usage""}"
2,A,CPU Usage Rate,go_order,go,order,warehouse-java-twin:9084,warehouse-java-twin:9084 (warehouse-twin),2026-06-24 14:09:17,2026-06-24T08:39:17Z,1782290357,ramp_1,465.0,0.05102040816326531,"{""__name__"": ""process_cpu_usage""}"
2,A,CPU Usage Rate,go_order,go,order,inventory-java:8082,inventory-java:8082 (inventory-service),2026-06-24 14:09:32,2026-06-24T08:39:32Z,1782290372,ramp_1,480.0,0.0125,"{""__name__"": ""process_cpu_usage""}"
2,A,CPU Usage Rate,go_order,go,order,order-java:8083,order-java:8083 (order-service),2026-06-24 14:09:32,2026-06-24T08:39:32Z,1782290372,ramp_1,480.0,0.0125,"{""__name__"": ""process_cpu_usage""}"
2,A,CPU Usage Rate,go_order,go,order,warehouse-java-twin:9084,warehouse-java-twin:9084 (warehouse-twin),2026-06-24 14:09:32,2026-06-24T08:39:32Z,1782290372,ramp_1,480.0,0.053061224489795916,"{""__name__"": ""process_cpu_usage""}"
2,A,CPU Usage Rate,go_order,go,order,inventory-java:8082,inventory-java:8082 (inventory-service),2026-06-24 14:09:47,2026-06-24T08:39:47Z,1782290387,ramp_1,495.0,0.0,"{""__name__"": ""process_cpu_usage""}"
2,A,CPU Usage Rate,go_order,go,order,order-java:8083,order-java:8083 (order-service),2026-06-24 14:09:47,2026-06-24T08:39:47Z,1782290387,ramp_1,495.0,0.0,"{""__name__"": ""process_cpu_usage""}"
2,A,CPU Usage Rate,go_order,go,order,warehouse-java-twin:9084,warehouse-java-twin:9084 (warehouse-twin),2026-06-24 14:09:47,2026-06-24T08:39:47Z,1782290387,ramp_1,495.0,0.054,"{""__name__"": ""process_cpu_usage""}"
2,A,CPU Usage Rate,go_order,go,order,inventory-java:8082,inventory-java:8082 (inventory-service),2026-06-24 14:10:02,2026-06-24T08:40:02Z,1782290402,ramp_1,510.0,0.016666666666666666,"{""__name__"": ""process_cpu_usage""}"
2,A,CPU Usage Rate,go_order,go,order,order-java:8083,order-java:8083 (order-service),2026-06-24 14:10:02,2026-06-24T08:40:02Z,1782290402,ramp_1,510.0,0.016666666666666666,"{""__name__"": ""process_cpu_usage""}"
2,A,CPU Usage Rate,go_order,go,order,warehouse-java-twin:9084,warehouse-java-twin:9084 (warehouse-twin),2026-06-24 14:10:02,2026-06-24T08:40:02Z,1782290402,ramp_1,510.0,0.06,"{""__name__"": ""process_cpu_usage""}"
2,A,CPU Usage Rate,go_order,go,order,inventory-java:8082,inventory-java:8082 (inventory-service),2026-06-24 14:10:17,2026-06-24T08:40:17Z,1782290417,ramp_1,525.0,0.0,"{""__name__"": ""process_cpu_usage""}"
2,A,CPU Usage Rate,go_order,go,order,order-java:8083,order-java:8083 (order-service),2026-06-24 14:10:17,2026-06-24T08:40:17Z,1782290417,ramp_1,525.0,0.0,"{""__name__"": ""process_cpu_usage""}"
2,A,CPU Usage Rate,go_order,go,order,warehouse-java-twin:9084,warehouse-java-twin:9084 (warehouse-twin),2026-06-24 14:10:17,2026-06-24T08:40:17Z,1782290417,ramp_1,525.0,0.064,"{""__name__"": ""process_cpu_usage""}"
2,A,CPU Usage Rate,go_order,go,order,inventory-java:8082,inventory-java:8082 (inventory-service),2026-06-24 14:10:32,2026-06-24T08:40:32Z,1782290432,ramp_1,540.0,0.03333333333333333,"{""__name__"": ""process_cpu_usage""}"
2,A,CPU Usage Rate,go_order,go,order,order-java:8083,order-java:8083 (order-service),2026-06-24 14:10:32,2026-06-24T08:40:32Z,1782290432,ramp_1,540.0,0.016666666666666666,"{""__name__"": ""process_cpu_usage""}"
2,A,CPU Usage Rate,go_order,go,order,warehouse-java-twin:9084,warehouse-java-twin:9084 (warehouse-twin),2026-06-24 14:10:32,2026-06-24T08:40:32Z,1782290432,ramp_1,540.0,0.09,"{""__name__"": ""process_cpu_usage""}"
2,A,CPU Usage Rate,go_order,go,order,inventory-java:8082,inventory-java:8082 (inventory-service),2026-06-24 14:10:47,2026-06-24T08:40:47Z,1782290447,ramp_1,555.0,0.0,"{""__name__"": ""process_cpu_usage""}"
2,A,CPU Usage Rate,go_order,go,order,order-java:8083,order-java:8083 (order-service),2026-06-24 14:10:47,2026-06-24T08:40:47Z,1782290447,ramp_1,555.0,0.1,"{""__name__"": ""process_cpu_usage""}"
2,A,CPU Usage Rate,go_order,go,order,warehouse-java-twin:9084,warehouse-java-twin:9084 (warehouse-twin),2026-06-24 14:10:47,2026-06-24T08:40:47Z,1782290447,ramp_1,555.0,0.116,"{""__name__"": ""process_cpu_usage""}"
2,A,CPU Usage Rate,go_order,go,order,inventory-java:8082,inventory-java:8082 (inventory-service),2026-06-24 14:11:02,2026-06-24T08:41:02Z,1782290462,ramp_1,570.0,0.008333333333333333,"{""__name__"": ""process_cpu_usage""}"
2,A,CPU Usage Rate,go_order,go,order,order-java:8083,order-java:8083 (order-service),2026-06-24 14:11:02,2026-06-24T08:41:02Z,1782290462,ramp_1,570.0,0.0,"{""__name__"": ""process_cpu_usage""}"
2,A,CPU Usage Rate,go_order,go,order,warehouse-java-twin:9084,warehouse-java-twin:9084 (warehouse-twin),2026-06-24 14:11:02,2026-06-24T08:41:02Z,1782290462,ramp_1,570.0,0.12,"{""__name__"": ""process_cpu_usage""}"
2,A,CPU Usage Rate,go_order,go,order,inventory-java:8082,inventory-java:8082 (inventory-service),2026-06-24 14:11:17,2026-06-24T08:41:17Z,1782290477,ramp_1,585.0,0.0,"{""__name__"": ""process_cpu_usage""}"
2,A,CPU Usage Rate,go_order,go,order,order-java:8083,order-java:8083 (order-service),2026-06-24 14:11:17,2026-06-24T08:41:17Z,1782290477,ramp_1,585.0,0.08571428571428572,"{""__name__"": ""process_cpu_usage""}"
2,A,CPU Usage Rate,go_order,go,order,warehouse-java-twin:9084,warehouse-java-twin:9084 (warehouse-twin),2026-06-24 14:11:17,2026-06-24T08:41:17Z,1782290477,ramp_1,585.0,0.152,"{""__name__"": ""process_cpu_usage""}"
2,A,CPU Usage Rate,go_order,go,order,inventory-java:8082,inventory-java:8082 (inventory-service),2026-06-24 14:11:32,2026-06-24T08:41:32Z,1782290492,ramp_2,600.0,0.0125,"{""__name__"": ""process_cpu_usage""}"
2,A,CPU Usage Rate,go_order,go,order,order-java:8083,order-java:8083 (order-service),2026-06-24 14:11:32,2026-06-24T08:41:32Z,1782290492,ramp_2,600.0,0.0,"{""__name__"": ""process_cpu_usage""}"
2,A,CPU Usage Rate,go_order,go,order,warehouse-java-twin:9084,warehouse-java-twin:9084 (warehouse-twin),2026-06-24 14:11:32,2026-06-24T08:41:32Z,1782290492,ramp_2,600.0,0.136,"{""__name__"": ""process_cpu_usage""}"
2,A,CPU Usage Rate,go_order,go,order,inventory-java:8082,inventory-java:8082 (inventory-service),2026-06-24 14:11:47,2026-06-24T08:41:47Z,1782290507,ramp_2,615.0,0.00909090909090909,"{""__name__"": ""process_cpu_usage""}"
2,A,CPU Usage Rate,go_order,go,order,order-java:8083,order-java:8083 (order-service),2026-06-24 14:11:47,2026-06-24T08:41:47Z,1782290507,ramp_2,615.0,0.02,"{""__name__"": ""process_cpu_usage""}"
2,A,CPU Usage Rate,go_order,go,order,warehouse-java-twin:9084,warehouse-java-twin:9084 (warehouse-twin),2026-06-24 14:11:47,2026-06-24T08:41:47Z,1782290507,ramp_2,615.0,0.142,"{""__name__"": ""process_cpu_usage""}"
2,A,CPU Usage Rate,go_order,go,order,inventory-java:8082,inventory-java:8082 (inventory-service),2026-06-24 14:12:02,2026-06-24T08:42:02Z,1782290522,ramp_2,630.0,0.0,"{""__name__"": ""process_cpu_usage""}"
2,A,CPU Usage Rate,go_order,go,order,order-java:8083,order-java:8083 (order-service),2026-06-24 14:12:02,2026-06-24T08:42:02Z,1782290522,ramp_2,630.0,0.02,"{""__name__"": ""process_cpu_usage""}"
2,A,CPU Usage Rate,go_order,go,order,warehouse-java-twin:9084,warehouse-java-twin:9084 (warehouse-twin),2026-06-24 14:12:02,2026-06-24T08:42:02Z,1782290522,ramp_2,630.0,0.128,"{""__name__"": ""process_cpu_usage""}"
2,A,CPU Usage Rate,go_order,go,order,inventory-java:8082,inventory-java:8082 (inventory-service),2026-06-24 14:12:17,2026-06-24T08:42:17Z,1782290537,ramp_2,645.0,0.0,"{""__name__"": ""process_cpu_usage""}"
2,A,CPU Usage Rate,go_order,go,order,order-java:8083,order-java:8083 (order-service),2026-06-24 14:12:17,2026-06-24T08:42:17Z,1782290537,ramp_2,645.0,0.016666666666666666,"{""__name__"": ""process_cpu_usage""}"
2,A,CPU Usage Rate,go_order,go,order,warehouse-java-twin:9084,warehouse-java-twin:9084 (warehouse-twin),2026-06-24 14:12:17,2026-06-24T08:42:17Z,1782290537,ramp_2,645.0,0.092,"{""__name__"": ""process_cpu_usage""}"
2,A,CPU Usage Rate,go_order,go,order,inventory-java:8082,inventory-java:8082 (inventory-service),2026-06-24 14:12:32,2026-06-24T08:42:32Z,1782290552,ramp_2,660.0,0.01,"{""__name__"": ""process_cpu_usage""}"
2,A,CPU Usage Rate,go_order,go,order,order-java:8083,order-java:8083 (order-service),2026-06-24 14:12:32,2026-06-24T08:42:32Z,1782290552,ramp_2,660.0,0.0125,"{""__name__"": ""process_cpu_usage""}"
2,A,CPU Usage Rate,go_order,go,order,warehouse-java-twin:9084,warehouse-java-twin:9084 (warehouse-twin),2026-06-24 14:12:32,2026-06-24T08:42:32Z,1782290552,ramp_2,660.0,0.114,"{""__name__"": ""process_cpu_usage""}"
2,A,CPU Usage Rate,go_order,go,order,inventory-java:8082,inventory-java:8082 (inventory-service),2026-06-24 14:12:47,2026-06-24T08:42:47Z,1782290567,ramp_2,675.0,0.01,"{""__name__"": ""process_cpu_usage""}"
2,A,CPU Usage Rate,go_order,go,order,order-java:8083,order-java:8083 (order-service),2026-06-24 14:12:47,2026-06-24T08:42:47Z,1782290567,ramp_2,675.0,0.02,"{""__name__"": ""process_cpu_usage""}"
2,A,CPU Usage Rate,go_order,go,order,warehouse-java-twin:9084,warehouse-java-twin:9084 (warehouse-twin),2026-06-24 14:12:47,2026-06-24T08:42:47Z,1782290567,ramp_2,675.0,0.154,"{""__name__"": ""process_cpu_usage""}"
2,A,CPU Usage Rate,go_order,go,order,inventory-java:8082,inventory-java:8082 (inventory-service),2026-06-24 14:13:02,2026-06-24T08:43:02Z,1782290582,ramp_2,690.0,0.0,"{""__name__"": ""process_cpu_usage""}"
2,A,CPU Usage Rate,go_order,go,order,order-java:8083,order-java:8083 (order-service),2026-06-24 14:13:02,2026-06-24T08:43:02Z,1782290582,ramp_2,690.0,0.0125,"{""__name__"": ""process_cpu_usage""}"
2,A,CPU Usage Rate,go_order,go,order,warehouse-java-twin:9084,warehouse-java-twin:9084 (warehouse-twin),2026-06-24 14:13:02,2026-06-24T08:43:02Z,1782290582,ramp_2,690.0,0.116,"{""__name__"": ""process_cpu_usage""}"
2,A,CPU Usage Rate,go_order,go,order,inventory-java:8082,inventory-java:8082 (inventory-service),2026-06-24 14:13:17,2026-06-24T08:43:17Z,1782290597,ramp_2,705.0,0.01818181818181818,"{""__name__"": ""process_cpu_usage""}"
2,A,CPU Usage Rate,go_order,go,order,order-java:8083,order-java:8083 (order-service),2026-06-24 14:13:17,2026-06-24T08:43:17Z,1782290597,ramp_2,705.0,0.0,"{""__name__"": ""process_cpu_usage""}"
2,A,CPU Usage Rate,go_order,go,order,warehouse-java-twin:9084,warehouse-java-twin:9084 (warehouse-twin),2026-06-24 14:13:17,2026-06-24T08:43:17Z,1782290597,ramp_2,705.0,0.166,"{""__name__"": ""process_cpu_usage""}"
2,A,CPU Usage Rate,go_order,go,order,inventory-java:8082,inventory-java:8082 (inventory-service),2026-06-24 14:13:32,2026-06-24T08:43:32Z,1782290612,ramp_2,720.0,0.03125,"{""__name__"": ""process_cpu_usage""}"
2,A,CPU Usage Rate,go_order,go,order,order-java:8083,order-java:8083 (order-service),2026-06-24 14:13:32,2026-06-24T08:43:32Z,1782290612,ramp_2,720.0,0.008333333333333333,"{""__name__"": ""process_cpu_usage""}"
2,A,CPU Usage Rate,go_order,go,order,warehouse-java-twin:9084,warehouse-java-twin:9084 (warehouse-twin),2026-06-24 14:13:32,2026-06-24T08:43:32Z,1782290612,ramp_2,720.0,0.166,"{""__name__"": ""process_cpu_usage""}"
2,A,CPU Usage Rate,go_order,go,order,inventory-java:8082,inventory-java:8082 (inventory-service),2026-06-24 14:13:47,2026-06-24T08:43:47Z,1782290627,ramp_2,735.0,0.01,"{""__name__"": ""process_cpu_usage""}"
2,A,CPU Usage Rate,go_order,go,order,order-java:8083,order-java:8083 (order-service),2026-06-24 14:13:47,2026-06-24T08:43:47Z,1782290627,ramp_2,735.0,0.011111111111111112,"{""__name__"": ""process_cpu_usage""}"
2,A,CPU Usage Rate,go_order,go,order,warehouse-java-twin:9084,warehouse-java-twin:9084 (warehouse-twin),2026-06-24 14:13:47,2026-06-24T08:43:47Z,1782290627,ramp_2,735.0,0.168,"{""__name__"": ""process_cpu_usage""}"
2,A,CPU Usage Rate,go_order,go,order,inventory-java:8082,inventory-java:8082 (inventory-service),2026-06-24 14:14:02,2026-06-24T08:44:02Z,1782290642,ramp_2,750.0,0.01,"{""__name__"": ""process_cpu_usage""}"
2,A,CPU Usage Rate,go_order,go,order,order-java:8083,order-java:8083 (order-service),2026-06-24 14:14:02,2026-06-24T08:44:02Z,1782290642,ramp_2,750.0,0.0,"{""__name__"": ""process_cpu_usage""}"
2,A,CPU Usage Rate,go_order,go,order,warehouse-java-twin:9084,warehouse-java-twin:9084 (warehouse-twin),2026-06-24 14:14:02,2026-06-24T08:44:02Z,1782290642,ramp_2,750.0,0.18,"{""__name__"": ""process_cpu_usage""}"
2,A,CPU Usage Rate,go_order,go,order,inventory-java:8082,inventory-java:8082 (inventory-service),2026-06-24 14:14:17,2026-06-24T08:44:17Z,1782290657,ramp_2,765.0,0.01,"{""__name__"": ""process_cpu_usage""}"
2,A,CPU Usage Rate,go_order,go,order,order-java:8083,order-java:8083 (order-service),2026-06-24 14:14:17,2026-06-24T08:44:17Z,1782290657,ramp_2,765.0,0.025,"{""__name__"": ""process_cpu_usage""}"
2,A,CPU Usage Rate,go_order,go,order,warehouse-java-twin:9084,warehouse-java-twin:9084 (warehouse-twin),2026-06-24 14:14:17,2026-06-24T08:44:17Z,1782290657,ramp_2,765.0,0.164,"{""__name__"": ""process_cpu_usage""}"
2,A,CPU Usage Rate,go_order,go,order,inventory-java:8082,inventory-java:8082 (inventory-service),2026-06-24 14:14:32,2026-06-24T08:44:32Z,1782290672,ramp_2,780.0,0.0875,"{""__name__"": ""process_cpu_usage""}"
2,A,CPU Usage Rate,go_order,go,order,order-java:8083,order-java:8083 (order-service),2026-06-24 14:14:32,2026-06-24T08:44:32Z,1782290672,ramp_2,780.0,0.00909090909090909,"{""__name__"": ""process_cpu_usage""}"
2,A,CPU Usage Rate,go_order,go,order,warehouse-java-twin:9084,warehouse-java-twin:9084 (warehouse-twin),2026-06-24 14:14:32,2026-06-24T08:44:32Z,1782290672,ramp_2,780.0,0.132,"{""__name__"": ""process_cpu_usage""}"
2,A,CPU Usage Rate,go_order,go,order,inventory-java:8082,inventory-java:8082 (inventory-service),2026-06-24 14:14:47,2026-06-24T08:44:47Z,1782290687,ramp_2,795.0,0.0,"{""__name__"": ""process_cpu_usage""}"
2,A,CPU Usage Rate,go_order,go,order,order-java:8083,order-java:8083 (order-service),2026-06-24 14:14:47,2026-06-24T08:44:47Z,1782290687,ramp_2,795.0,0.0,"{""__name__"": ""process_cpu_usage""}"
2,A,CPU Usage Rate,go_order,go,order,warehouse-java-twin:9084,warehouse-java-twin:9084 (warehouse-twin),2026-06-24 14:14:47,2026-06-24T08:44:47Z,1782290687,ramp_2,795.0,0.102,"{""__name__"": ""process_cpu_usage""}"
2,A,CPU Usage Rate,go_order,go,order,inventory-java:8082,inventory-java:8082 (inventory-service),2026-06-24 14:15:02,2026-06-24T08:45:02Z,1782290702,ramp_2,810.0,0.025,"{""__name__"": ""process_cpu_usage""}"
2,A,CPU Usage Rate,go_order,go,order,order-java:8083,order-java:8083 (order-service),2026-06-24 14:15:02,2026-06-24T08:45:02Z,1782290702,ramp_2,810.0,0.0,"{""__name__"": ""process_cpu_usage""}"
2,A,CPU Usage Rate,go_order,go,order,warehouse-java-twin:9084,warehouse-java-twin:9084 (warehouse-twin),2026-06-24 14:15:02,2026-06-24T08:45:02Z,1782290702,ramp_2,810.0,0.144,"{""__name__"": ""process_cpu_usage""}"
2,A,CPU Usage Rate,go_order,go,order,inventory-java:8082,inventory-java:8082 (inventory-service),2026-06-24 14:15:17,2026-06-24T08:45:17Z,1782290717,ramp_2,825.0,0.0,"{""__name__"": ""process_cpu_usage""}"
2,A,CPU Usage Rate,go_order,go,order,order-java:8083,order-java:8083 (order-service),2026-06-24 14:15:17,2026-06-24T08:45:17Z,1782290717,ramp_2,825.0,0.014285714285714285,"{""__name__"": ""process_cpu_usage""}"
2,A,CPU Usage Rate,go_order,go,order,warehouse-java-twin:9084,warehouse-java-twin:9084 (warehouse-twin),2026-06-24 14:15:17,2026-06-24T08:45:17Z,1782290717,ramp_2,825.0,0.116,"{""__name__"": ""process_cpu_usage""}"
2,A,CPU Usage Rate,go_order,go,order,inventory-java:8082,inventory-java:8082 (inventory-service),2026-06-24 14:15:32,2026-06-24T08:45:32Z,1782290732,ramp_2,840.0,0.01,"{""__name__"": ""process_cpu_usage""}"
2,A,CPU Usage Rate,go_order,go,order,order-java:8083,order-java:8083 (order-service),2026-06-24 14:15:32,2026-06-24T08:45:32Z,1782290732,ramp_2,840.0,0.014285714285714285,"{""__name__"": ""process_cpu_usage""}"
2,A,CPU Usage Rate,go_order,go,order,warehouse-java-twin:9084,warehouse-java-twin:9084 (warehouse-twin),2026-06-24 14:15:32,2026-06-24T08:45:32Z,1782290732,ramp_2,840.0,0.1,"{""__name__"": ""process_cpu_usage""}"
2,A,CPU Usage Rate,go_order,go,order,inventory-java:8082,inventory-java:8082 (inventory-service),2026-06-24 14:15:47,2026-06-24T08:45:47Z,1782290747,ramp_2,855.0,0.0,"{""__name__"": ""process_cpu_usage""}"
2,A,CPU Usage Rate,go_order,go,order,order-java:8083,order-java:8083 (order-service),2026-06-24 14:15:47,2026-06-24T08:45:47Z,1782290747,ramp_2,855.0,0.0,"{""__name__"": ""process_cpu_usage""}"
2,A,CPU Usage Rate,go_order,go,order,warehouse-java-twin:9084,warehouse-java-twin:9084 (warehouse-twin),2026-06-24 14:15:47,2026-06-24T08:45:47Z,1782290747,ramp_2,855.0,0.12,"{""__name__"": ""process_cpu_usage""}"
2,A,CPU Usage Rate,go_order,go,order,inventory-java:8082,inventory-java:8082 (inventory-service),2026-06-24 14:16:02,2026-06-24T08:46:02Z,1782290762,ramp_2,870.0,0.0,"{""__name__"": ""process_cpu_usage""}"
2,A,CPU Usage Rate,go_order,go,order,order-java:8083,order-java:8083 (order-service),2026-06-24 14:16:02,2026-06-24T08:46:02Z,1782290762,ramp_2,870.0,0.0,"{""__name__"": ""process_cpu_usage""}"
2,A,CPU Usage Rate,go_order,go,order,warehouse-java-twin:9084,warehouse-java-twin:9084 (warehouse-twin),2026-06-24 14:16:02,2026-06-24T08:46:02Z,1782290762,ramp_2,870.0,0.126,"{""__name__"": ""process_cpu_usage""}"
2,A,CPU Usage Rate,go_order,go,order,inventory-java:8082,inventory-java:8082 (inventory-service),2026-06-24 14:16:17,2026-06-24T08:46:17Z,1782290777,ramp_2,885.0,0.0125,"{""__name__"": ""process_cpu_usage""}"
2,A,CPU Usage Rate,go_order,go,order,order-java:8083,order-java:8083 (order-service),2026-06-24 14:16:17,2026-06-24T08:46:17Z,1782290777,ramp_2,885.0,0.011111111111111112,"{""__name__"": ""process_cpu_usage""}"
2,A,CPU Usage Rate,go_order,go,order,warehouse-java-twin:9084,warehouse-java-twin:9084 (warehouse-twin),2026-06-24 14:16:17,2026-06-24T08:46:17Z,1782290777,ramp_2,885.0,0.166,"{""__name__"": ""process_cpu_usage""}"
2,A,CPU Usage Rate,go_order,go,order,inventory-java:8082,inventory-java:8082 (inventory-service),2026-06-24 14:16:32,2026-06-24T08:46:32Z,1782290792,ramp_3,900.0,0.014285714285714285,"{""__name__"": ""process_cpu_usage""}"
2,A,CPU Usage Rate,go_order,go,order,order-java:8083,order-java:8083 (order-service),2026-06-24 14:16:32,2026-06-24T08:46:32Z,1782290792,ramp_3,900.0,0.016666666666666666,"{""__name__"": ""process_cpu_usage""}"
2,A,CPU Usage Rate,go_order,go,order,warehouse-java-twin:9084,warehouse-java-twin:9084 (warehouse-twin),2026-06-24 14:16:32,2026-06-24T08:46:32Z,1782290792,ramp_3,900.0,0.17,"{""__name__"": ""process_cpu_usage""}"
2,A,CPU Usage Rate,go_order,go,order,inventory-java:8082,inventory-java:8082 (inventory-service),2026-06-24 14:16:47,2026-06-24T08:46:47Z,1782290807,ramp_3,915.0,0.0,"{""__name__"": ""process_cpu_usage""}"
2,A,CPU Usage Rate,go_order,go,order,order-java:8083,order-java:8083 (order-service),2026-06-24 14:16:47,2026-06-24T08:46:47Z,1782290807,ramp_3,915.0,0.0,"{""__name__"": ""process_cpu_usage""}"
2,A,CPU Usage Rate,go_order,go,order,warehouse-java-twin:9084,warehouse-java-twin:9084 (warehouse-twin),2026-06-24 14:16:47,2026-06-24T08:46:47Z,1782290807,ramp_3,915.0,0.102,"{""__name__"": ""process_cpu_usage""}"
2,A,CPU Usage Rate,go_order,go,order,inventory-java:8082,inventory-java:8082 (inventory-service),2026-06-24 14:17:02,2026-06-24T08:47:02Z,1782290822,ramp_3,930.0,0.0,"{""__name__"": ""process_cpu_usage""}"
2,A,CPU Usage Rate,go_order,go,order,order-java:8083,order-java:8083 (order-service),2026-06-24 14:17:02,2026-06-24T08:47:02Z,1782290822,ramp_3,930.0,0.01,"{""__name__"": ""process_cpu_usage""}"
2,A,CPU Usage Rate,go_order,go,order,warehouse-java-twin:9084,warehouse-java-twin:9084 (warehouse-twin),2026-06-24 14:17:02,2026-06-24T08:47:02Z,1782290822,ramp_3,930.0,0.176,"{""__name__"": ""process_cpu_usage""}"
2,A,CPU Usage Rate,go_order,go,order,inventory-java:8082,inventory-java:8082 (inventory-service),2026-06-24 14:17:17,2026-06-24T08:47:17Z,1782290837,ramp_3,945.0,0.02857142857142857,"{""__name__"": ""process_cpu_usage""}"
2,A,CPU Usage Rate,go_order,go,order,order-java:8083,order-java:8083 (order-service),2026-06-24 14:17:17,2026-06-24T08:47:17Z,1782290837,ramp_3,945.0,0.0,"{""__name__"": ""process_cpu_usage""}"
2,A,CPU Usage Rate,go_order,go,order,warehouse-java-twin:9084,warehouse-java-twin:9084 (warehouse-twin),2026-06-24 14:17:17,2026-06-24T08:47:17Z,1782290837,ramp_3,945.0,0.13,"{""__name__"": ""process_cpu_usage""}"
2,A,CPU Usage Rate,go_order,go,order,inventory-java:8082,inventory-java:8082 (inventory-service),2026-06-24 14:17:32,2026-06-24T08:47:32Z,1782290852,ramp_3,960.0,0.008333333333333333,"{""__name__"": ""process_cpu_usage""}"
2,A,CPU Usage Rate,go_order,go,order,order-java:8083,order-java:8083 (order-service),2026-06-24 14:17:32,2026-06-24T08:47:32Z,1782290852,ramp_3,960.0,0.03333333333333333,"{""__name__"": ""process_cpu_usage""}"
2,A,CPU Usage Rate,go_order,go,order,warehouse-java-twin:9084,warehouse-java-twin:9084 (warehouse-twin),2026-06-24 14:17:32,2026-06-24T08:47:32Z,1782290852,ramp_3,960.0,0.172,"{""__name__"": ""process_cpu_usage""}"
2,A,CPU Usage Rate,go_order,go,order,inventory-java:8082,inventory-java:8082 (inventory-service),2026-06-24 14:17:47,2026-06-24T08:47:47Z,1782290867,ramp_3,975.0,0.07142857142857142,"{""__name__"": ""process_cpu_usage""}"
2,A,CPU Usage Rate,go_order,go,order,order-java:8083,order-java:8083 (order-service),2026-06-24 14:17:47,2026-06-24T08:47:47Z,1782290867,ramp_3,975.0,0.0,"{""__name__"": ""process_cpu_usage""}"
2,A,CPU Usage Rate,go_order,go,order,warehouse-java-twin:9084,warehouse-java-twin:9084 (warehouse-twin),2026-06-24 14:17:47,2026-06-24T08:47:47Z,1782290867,ramp_3,975.0,0.192,"{""__name__"": ""process_cpu_usage""}"
2,A,CPU Usage Rate,go_order,go,order,inventory-java:8082,inventory-java:8082 (inventory-service),2026-06-24 14:18:02,2026-06-24T08:48:02Z,1782290882,ramp_3,990.0,0.0125,"{""__name__"": ""process_cpu_usage""}"
2,A,CPU Usage Rate,go_order,go,order,order-java:8083,order-java:8083 (order-service),2026-06-24 14:18:02,2026-06-24T08:48:02Z,1782290882,ramp_3,990.0,0.015384615384615385,"{""__name__"": ""process_cpu_usage""}"
2,A,CPU Usage Rate,go_order,go,order,warehouse-java-twin:9084,warehouse-java-twin:9084 (warehouse-twin),2026-06-24 14:18:02,2026-06-24T08:48:02Z,1782290882,ramp_3,990.0,0.184,"{""__name__"": ""process_cpu_usage""}"
2,A,CPU Usage Rate,go_order,go,order,inventory-java:8082,inventory-java:8082 (inventory-service),2026-06-24 14:18:17,2026-06-24T08:48:17Z,1782290897,ramp_3,1005.0,0.02,"{""__name__"": ""process_cpu_usage""}"
2,A,CPU Usage Rate,go_order,go,order,order-java:8083,order-java:8083 (order-service),2026-06-24 14:18:17,2026-06-24T08:48:17Z,1782290897,ramp_3,1005.0,0.0,"{""__name__"": ""process_cpu_usage""}"
2,A,CPU Usage Rate,go_order,go,order,warehouse-java-twin:9084,warehouse-java-twin:9084 (warehouse-twin),2026-06-24 14:18:17,2026-06-24T08:48:17Z,1782290897,ramp_3,1005.0,0.132,"{""__name__"": ""process_cpu_usage""}"
2,A,CPU Usage Rate,go_order,go,order,inventory-java:8082,inventory-java:8082 (inventory-service),2026-06-24 14:18:32,2026-06-24T08:48:32Z,1782290912,ramp_3,1020.0,0.0,"{""__name__"": ""process_cpu_usage""}"
2,A,CPU Usage Rate,go_order,go,order,order-java:8083,order-java:8083 (order-service),2026-06-24 14:18:32,2026-06-24T08:48:32Z,1782290912,ramp_3,1020.0,0.016666666666666666,"{""__name__"": ""process_cpu_usage""}"
2,A,CPU Usage Rate,go_order,go,order,warehouse-java-twin:9084,warehouse-java-twin:9084 (warehouse-twin),2026-06-24 14:18:32,2026-06-24T08:48:32Z,1782290912,ramp_3,1020.0,0.14,"{""__name__"": ""process_cpu_usage""}"
2,A,CPU Usage Rate,go_order,go,order,inventory-java:8082,inventory-java:8082 (inventory-service),2026-06-24 14:18:47,2026-06-24T08:48:47Z,1782290927,ramp_3,1035.0,0.022222222222222223,"{""__name__"": ""process_cpu_usage""}"
2,A,CPU Usage Rate,go_order,go,order,order-java:8083,order-java:8083 (order-service),2026-06-24 14:18:47,2026-06-24T08:48:47Z,1782290927,ramp_3,1035.0,0.008333333333333333,"{""__name__"": ""process_cpu_usage""}"
2,A,CPU Usage Rate,go_order,go,order,warehouse-java-twin:9084,warehouse-java-twin:9084 (warehouse-twin),2026-06-24 14:18:47,2026-06-24T08:48:47Z,1782290927,ramp_3,1035.0,0.186,"{""__name__"": ""process_cpu_usage""}"
2,A,CPU Usage Rate,go_order,go,order,inventory-java:8082,inventory-java:8082 (inventory-service),2026-06-24 14:19:02,2026-06-24T08:49:02Z,1782290942,ramp_3,1050.0,0.00909090909090909,"{""__name__"": ""process_cpu_usage""}"
2,A,CPU Usage Rate,go_order,go,order,order-java:8083,order-java:8083 (order-service),2026-06-24 14:19:02,2026-06-24T08:49:02Z,1782290942,ramp_3,1050.0,0.008333333333333333,"{""__name__"": ""process_cpu_usage""}"
2,A,CPU Usage Rate,go_order,go,order,warehouse-java-twin:9084,warehouse-java-twin:9084 (warehouse-twin),2026-06-24 14:19:02,2026-06-24T08:49:02Z,1782290942,ramp_3,1050.0,0.164,"{""__name__"": ""process_cpu_usage""}"
2,A,CPU Usage Rate,go_order,go,order,inventory-java:8082,inventory-java:8082 (inventory-service),2026-06-24 14:19:17,2026-06-24T08:49:17Z,1782290957,ramp_3,1065.0,0.02,"{""__name__"": ""process_cpu_usage""}"
2,A,CPU Usage Rate,go_order,go,order,order-java:8083,order-java:8083 (order-service),2026-06-24 14:19:17,2026-06-24T08:49:17Z,1782290957,ramp_3,1065.0,0.008333333333333333,"{""__name__"": ""process_cpu_usage""}"
2,A,CPU Usage Rate,go_order,go,order,warehouse-java-twin:9084,warehouse-java-twin:9084 (warehouse-twin),2026-06-24 14:19:17,2026-06-24T08:49:17Z,1782290957,ramp_3,1065.0,0.184,"{""__name__"": ""process_cpu_usage""}"
2,A,CPU Usage Rate,go_order,go,order,inventory-java:8082,inventory-java:8082 (inventory-service),2026-06-24 14:19:32,2026-06-24T08:49:32Z,1782290972,ramp_3,1080.0,0.007692307692307693,"{""__name__"": ""process_cpu_usage""}"
2,A,CPU Usage Rate,go_order,go,order,order-java:8083,order-java:8083 (order-service),2026-06-24 14:19:32,2026-06-24T08:49:32Z,1782290972,ramp_3,1080.0,0.007142857142857143,"{""__name__"": ""process_cpu_usage""}"
2,A,CPU Usage Rate,go_order,go,order,warehouse-java-twin:9084,warehouse-java-twin:9084 (warehouse-twin),2026-06-24 14:19:32,2026-06-24T08:49:32Z,1782290972,ramp_3,1080.0,0.238,"{""__name__"": ""process_cpu_usage""}"
2,A,CPU Usage Rate,go_order,go,order,inventory-java:8082,inventory-java:8082 (inventory-service),2026-06-24 14:19:47,2026-06-24T08:49:47Z,1782290987,ramp_3,1095.0,0.022222222222222223,"{""__name__"": ""process_cpu_usage""}"
2,A,CPU Usage Rate,go_order,go,order,order-java:8083,order-java:8083 (order-service),2026-06-24 14:19:47,2026-06-24T08:49:47Z,1782290987,ramp_3,1095.0,0.008333333333333333,"{""__name__"": ""process_cpu_usage""}"
2,A,CPU Usage Rate,go_order,go,order,warehouse-java-twin:9084,warehouse-java-twin:9084 (warehouse-twin),2026-06-24 14:19:47,2026-06-24T08:49:47Z,1782290987,ramp_3,1095.0,0.176,"{""__name__"": ""process_cpu_usage""}"
2,A,CPU Usage Rate,go_order,go,order,inventory-java:8082,inventory-java:8082 (inventory-service),2026-06-24 14:20:02,2026-06-24T08:50:02Z,1782291002,ramp_3,1110.0,0.0125,"{""__name__"": ""process_cpu_usage""}"
2,A,CPU Usage Rate,go_order,go,order,order-java:8083,order-java:8083 (order-service),2026-06-24 14:20:02,2026-06-24T08:50:02Z,1782291002,ramp_3,1110.0,0.008333333333333333,"{""__name__"": ""process_cpu_usage""}"
2,A,CPU Usage Rate,go_order,go,order,warehouse-java-twin:9084,warehouse-java-twin:9084 (warehouse-twin),2026-06-24 14:20:02,2026-06-24T08:50:02Z,1782291002,ramp_3,1110.0,0.174,"{""__name__"": ""process_cpu_usage""}"
2,A,CPU Usage Rate,go_order,go,order,inventory-java:8082,inventory-java:8082 (inventory-service),2026-06-24 14:20:17,2026-06-24T08:50:17Z,1782291017,ramp_3,1125.0,0.0,"{""__name__"": ""process_cpu_usage""}"
2,A,CPU Usage Rate,go_order,go,order,order-java:8083,order-java:8083 (order-service),2026-06-24 14:20:17,2026-06-24T08:50:17Z,1782291017,ramp_3,1125.0,0.0125,"{""__name__"": ""process_cpu_usage""}"
2,A,CPU Usage Rate,go_order,go,order,warehouse-java-twin:9084,warehouse-java-twin:9084 (warehouse-twin),2026-06-24 14:20:17,2026-06-24T08:50:17Z,1782291017,ramp_3,1125.0,0.102,"{""__name__"": ""process_cpu_usage""}"
2,A,CPU Usage Rate,go_order,go,order,inventory-java:8082,inventory-java:8082 (inventory-service),2026-06-24 14:20:32,2026-06-24T08:50:32Z,1782291032,ramp_3,1140.0,0.011111111111111112,"{""__name__"": ""process_cpu_usage""}"
2,A,CPU Usage Rate,go_order,go,order,order-java:8083,order-java:8083 (order-service),2026-06-24 14:20:32,2026-06-24T08:50:32Z,1782291032,ramp_3,1140.0,0.00909090909090909,"{""__name__"": ""process_cpu_usage""}"
2,A,CPU Usage Rate,go_order,go,order,warehouse-java-twin:9084,warehouse-java-twin:9084 (warehouse-twin),2026-06-24 14:20:32,2026-06-24T08:50:32Z,1782291032,ramp_3,1140.0,0.104,"{""__name__"": ""process_cpu_usage""}"
2,A,CPU Usage Rate,go_order,go,order,inventory-java:8082,inventory-java:8082 (inventory-service),2026-06-24 14:20:47,2026-06-24T08:50:47Z,1782291047,ramp_3,1155.0,0.09166666666666666,"{""__name__"": ""process_cpu_usage""}"
2,A,CPU Usage Rate,go_order,go,order,order-java:8083,order-java:8083 (order-service),2026-06-24 14:20:47,2026-06-24T08:50:47Z,1782291047,ramp_3,1155.0,0.0,"{""__name__"": ""process_cpu_usage""}"
2,A,CPU Usage Rate,go_order,go,order,warehouse-java-twin:9084,warehouse-java-twin:9084 (warehouse-twin),2026-06-24 14:20:47,2026-06-24T08:50:47Z,1782291047,ramp_3,1155.0,0.156,"{""__name__"": ""process_cpu_usage""}"
2,A,CPU Usage Rate,go_order,go,order,inventory-java:8082,inventory-java:8082 (inventory-service),2026-06-24 14:21:02,2026-06-24T08:51:02Z,1782291062,ramp_3,1170.0,0.0,"{""__name__"": ""process_cpu_usage""}"
2,A,CPU Usage Rate,go_order,go,order,order-java:8083,order-java:8083 (order-service),2026-06-24 14:21:02,2026-06-24T08:51:02Z,1782291062,ramp_3,1170.0,0.0125,"{""__name__"": ""process_cpu_usage""}"
2,A,CPU Usage Rate,go_order,go,order,warehouse-java-twin:9084,warehouse-java-twin:9084 (warehouse-twin),2026-06-24 14:21:02,2026-06-24T08:51:02Z,1782291062,ramp_3,1170.0,0.102,"{""__name__"": ""process_cpu_usage""}"
2,A,CPU Usage Rate,go_order,go,order,inventory-java:8082,inventory-java:8082 (inventory-service),2026-06-24 14:21:17,2026-06-24T08:51:17Z,1782291077,ramp_3,1185.0,0.008333333333333333,"{""__name__"": ""process_cpu_usage""}"
2,A,CPU Usage Rate,go_order,go,order,order-java:8083,order-java:8083 (order-service),2026-06-24 14:21:17,2026-06-24T08:51:17Z,1782291077,ramp_3,1185.0,0.008333333333333333,"{""__name__"": ""process_cpu_usage""}"
2,A,CPU Usage Rate,go_order,go,order,warehouse-java-twin:9084,warehouse-java-twin:9084 (warehouse-twin),2026-06-24 14:21:17,2026-06-24T08:51:17Z,1782291077,ramp_3,1185.0,0.174,"{""__name__"": ""process_cpu_usage""}"
2,A,CPU Usage Rate,go_order,go,order,inventory-java:8082,inventory-java:8082 (inventory-service),2026-06-24 14:21:32,2026-06-24T08:51:32Z,1782291092,sustain,1200.0,0.01,"{""__name__"": ""process_cpu_usage""}"
2,A,CPU Usage Rate,go_order,go,order,order-java:8083,order-java:8083 (order-service),2026-06-24 14:21:32,2026-06-24T08:51:32Z,1782291092,sustain,1200.0,0.03333333333333333,"{""__name__"": ""process_cpu_usage""}"
2,A,CPU Usage Rate,go_order,go,order,warehouse-java-twin:9084,warehouse-java-twin:9084 (warehouse-twin),2026-06-24 14:21:32,2026-06-24T08:51:32Z,1782291092,sustain,1200.0,0.17,"{""__name__"": ""process_cpu_usage""}"
2,A,CPU Usage Rate,go_order,go,order,inventory-java:8082,inventory-java:8082 (inventory-service),2026-06-24 14:21:47,2026-06-24T08:51:47Z,1782291107,sustain,1215.0,0.014285714285714285,"{""__name__"": ""process_cpu_usage""}"
2,A,CPU Usage Rate,go_order,go,order,order-java:8083,order-java:8083 (order-service),2026-06-24 14:21:47,2026-06-24T08:51:47Z,1782291107,sustain,1215.0,0.14285714285714285,"{""__name__"": ""process_cpu_usage""}"
2,A,CPU Usage Rate,go_order,go,order,warehouse-java-twin:9084,warehouse-java-twin:9084 (warehouse-twin),2026-06-24 14:21:47,2026-06-24T08:51:47Z,1782291107,sustain,1215.0,0.176,"{""__name__"": ""process_cpu_usage""}"
2,A,CPU Usage Rate,go_order,go,order,inventory-java:8082,inventory-java:8082 (inventory-service),2026-06-24 14:22:02,2026-06-24T08:52:02Z,1782291122,sustain,1230.0,0.00909090909090909,"{""__name__"": ""process_cpu_usage""}"
2,A,CPU Usage Rate,go_order,go,order,order-java:8083,order-java:8083 (order-service),2026-06-24 14:22:02,2026-06-24T08:52:02Z,1782291122,sustain,1230.0,0.01,"{""__name__"": ""process_cpu_usage""}"
2,A,CPU Usage Rate,go_order,go,order,warehouse-java-twin:9084,warehouse-java-twin:9084 (warehouse-twin),2026-06-24 14:22:02,2026-06-24T08:52:02Z,1782291122,sustain,1230.0,0.164,"{""__name__"": ""process_cpu_usage""}"
2,A,CPU Usage Rate,go_order,go,order,inventory-java:8082,inventory-java:8082 (inventory-service),2026-06-24 14:22:17,2026-06-24T08:52:17Z,1782291137,sustain,1245.0,0.05,"{""__name__"": ""process_cpu_usage""}"
2,A,CPU Usage Rate,go_order,go,order,order-java:8083,order-java:8083 (order-service),2026-06-24 14:22:17,2026-06-24T08:52:17Z,1782291137,sustain,1245.0,0.0,"{""__name__"": ""process_cpu_usage""}"
2,A,CPU Usage Rate,go_order,go,order,warehouse-java-twin:9084,warehouse-java-twin:9084 (warehouse-twin),2026-06-24 14:22:17,2026-06-24T08:52:17Z,1782291137,sustain,1245.0,0.058,"{""__name__"": ""process_cpu_usage""}"
2,A,CPU Usage Rate,go_order,go,order,inventory-java:8082,inventory-java:8082 (inventory-service),2026-06-24 14:22:32,2026-06-24T08:52:32Z,1782291152,sustain,1260.0,0.0,"{""__name__"": ""process_cpu_usage""}"
2,A,CPU Usage Rate,go_order,go,order,order-java:8083,order-java:8083 (order-service),2026-06-24 14:22:32,2026-06-24T08:52:32Z,1782291152,sustain,1260.0,0.0,"{""__name__"": ""process_cpu_usage""}"
2,A,CPU Usage Rate,go_order,go,order,warehouse-java-twin:9084,warehouse-java-twin:9084 (warehouse-twin),2026-06-24 14:22:32,2026-06-24T08:52:32Z,1782291152,sustain,1260.0,0.13,"{""__name__"": ""process_cpu_usage""}"
2,A,CPU Usage Rate,go_order,go,order,inventory-java:8082,inventory-java:8082 (inventory-service),2026-06-24 14:22:47,2026-06-24T08:52:47Z,1782291167,sustain,1275.0,0.0125,"{""__name__"": ""process_cpu_usage""}"
2,A,CPU Usage Rate,go_order,go,order,order-java:8083,order-java:8083 (order-service),2026-06-24 14:22:47,2026-06-24T08:52:47Z,1782291167,sustain,1275.0,0.01,"{""__name__"": ""process_cpu_usage""}"
2,A,CPU Usage Rate,go_order,go,order,warehouse-java-twin:9084,warehouse-java-twin:9084 (warehouse-twin),2026-06-24 14:22:47,2026-06-24T08:52:47Z,1782291167,sustain,1275.0,0.16,"{""__name__"": ""process_cpu_usage""}"
2,A,CPU Usage Rate,go_order,go,order,inventory-java:8082,inventory-java:8082 (inventory-service),2026-06-24 14:23:02,2026-06-24T08:53:02Z,1782291182,sustain,1290.0,0.0,"{""__name__"": ""process_cpu_usage""}"
2,A,CPU Usage Rate,go_order,go,order,order-java:8083,order-java:8083 (order-service),2026-06-24 14:23:02,2026-06-24T08:53:02Z,1782291182,sustain,1290.0,0.02,"{""__name__"": ""process_cpu_usage""}"
2,A,CPU Usage Rate,go_order,go,order,warehouse-java-twin:9084,warehouse-java-twin:9084 (warehouse-twin),2026-06-24 14:23:02,2026-06-24T08:53:02Z,1782291182,sustain,1290.0,0.166,"{""__name__"": ""process_cpu_usage""}"
2,A,CPU Usage Rate,go_order,go,order,inventory-java:8082,inventory-java:8082 (inventory-service),2026-06-24 14:23:17,2026-06-24T08:53:17Z,1782291197,sustain,1305.0,0.0,"{""__name__"": ""process_cpu_usage""}"
2,A,CPU Usage Rate,go_order,go,order,order-java:8083,order-java:8083 (order-service),2026-06-24 14:23:17,2026-06-24T08:53:17Z,1782291197,sustain,1305.0,0.01,"{""__name__"": ""process_cpu_usage""}"
2,A,CPU Usage Rate,go_order,go,order,warehouse-java-twin:9084,warehouse-java-twin:9084 (warehouse-twin),2026-06-24 14:23:17,2026-06-24T08:53:17Z,1782291197,sustain,1305.0,0.168,"{""__name__"": ""process_cpu_usage""}"
2,A,CPU Usage Rate,go_order,go,order,inventory-java:8082,inventory-java:8082 (inventory-service),2026-06-24 14:23:32,2026-06-24T08:53:32Z,1782291212,sustain,1320.0,0.0,"{""__name__"": ""process_cpu_usage""}"
2,A,CPU Usage Rate,go_order,go,order,order-java:8083,order-java:8083 (order-service),2026-06-24 14:23:32,2026-06-24T08:53:32Z,1782291212,sustain,1320.0,0.0125,"{""__name__"": ""process_cpu_usage""}"
2,A,CPU Usage Rate,go_order,go,order,warehouse-java-twin:9084,warehouse-java-twin:9084 (warehouse-twin),2026-06-24 14:23:32,2026-06-24T08:53:32Z,1782291212,sustain,1320.0,0.114,"{""__name__"": ""process_cpu_usage""}"
2,A,CPU Usage Rate,go_order,go,order,inventory-java:8082,inventory-java:8082 (inventory-service),2026-06-24 14:23:47,2026-06-24T08:53:47Z,1782291227,sustain,1335.0,0.0,"{""__name__"": ""process_cpu_usage""}"
2,A,CPU Usage Rate,go_order,go,order,order-java:8083,order-java:8083 (order-service),2026-06-24 14:23:47,2026-06-24T08:53:47Z,1782291227,sustain,1335.0,0.0125,"{""__name__"": ""process_cpu_usage""}"
2,A,CPU Usage Rate,go_order,go,order,warehouse-java-twin:9084,warehouse-java-twin:9084 (warehouse-twin),2026-06-24 14:23:47,2026-06-24T08:53:47Z,1782291227,sustain,1335.0,0.11,"{""__name__"": ""process_cpu_usage""}"
2,A,CPU Usage Rate,go_order,go,order,inventory-java:8082,inventory-java:8082 (inventory-service),2026-06-24 14:24:02,2026-06-24T08:54:02Z,1782291242,sustain,1350.0,0.01,"{""__name__"": ""process_cpu_usage""}"
2,A,CPU Usage Rate,go_order,go,order,order-java:8083,order-java:8083 (order-service),2026-06-24 14:24:02,2026-06-24T08:54:02Z,1782291242,sustain,1350.0,0.008333333333333333,"{""__name__"": ""process_cpu_usage""}"
2,A,CPU Usage Rate,go_order,go,order,warehouse-java-twin:9084,warehouse-java-twin:9084 (warehouse-twin),2026-06-24 14:24:02,2026-06-24T08:54:02Z,1782291242,sustain,1350.0,0.18,"{""__name__"": ""process_cpu_usage""}"
2,A,CPU Usage Rate,go_order,go,order,inventory-java:8082,inventory-java:8082 (inventory-service),2026-06-24 14:24:17,2026-06-24T08:54:17Z,1782291257,sustain,1365.0,0.0125,"{""__name__"": ""process_cpu_usage""}"
2,A,CPU Usage Rate,go_order,go,order,order-java:8083,order-java:8083 (order-service),2026-06-24 14:24:17,2026-06-24T08:54:17Z,1782291257,sustain,1365.0,0.011111111111111112,"{""__name__"": ""process_cpu_usage""}"
2,A,CPU Usage Rate,go_order,go,order,warehouse-java-twin:9084,warehouse-java-twin:9084 (warehouse-twin),2026-06-24 14:24:17,2026-06-24T08:54:17Z,1782291257,sustain,1365.0,0.156,"{""__name__"": ""process_cpu_usage""}"
2,A,CPU Usage Rate,go_order,go,order,inventory-java:8082,inventory-java:8082 (inventory-service),2026-06-24 14:24:32,2026-06-24T08:54:32Z,1782291272,sustain,1380.0,0.0,"{""__name__"": ""process_cpu_usage""}"
2,A,CPU Usage Rate,go_order,go,order,order-java:8083,order-java:8083 (order-service),2026-06-24 14:24:32,2026-06-24T08:54:32Z,1782291272,sustain,1380.0,0.0,"{""__name__"": ""process_cpu_usage""}"
2,A,CPU Usage Rate,go_order,go,order,warehouse-java-twin:9084,warehouse-java-twin:9084 (warehouse-twin),2026-06-24 14:24:32,2026-06-24T08:54:32Z,1782291272,sustain,1380.0,0.114,"{""__name__"": ""process_cpu_usage""}"
2,A,CPU Usage Rate,go_order,go,order,inventory-java:8082,inventory-java:8082 (inventory-service),2026-06-24 14:24:47,2026-06-24T08:54:47Z,1782291287,sustain,1395.0,0.1,"{""__name__"": ""process_cpu_usage""}"
2,A,CPU Usage Rate,go_order,go,order,order-java:8083,order-java:8083 (order-service),2026-06-24 14:24:47,2026-06-24T08:54:47Z,1782291287,sustain,1395.0,0.014285714285714285,"{""__name__"": ""process_cpu_usage""}"
2,A,CPU Usage Rate,go_order,go,order,warehouse-java-twin:9084,warehouse-java-twin:9084 (warehouse-twin),2026-06-24 14:24:47,2026-06-24T08:54:47Z,1782291287,sustain,1395.0,0.136,"{""__name__"": ""process_cpu_usage""}"
2,A,CPU Usage Rate,go_order,go,order,inventory-java:8082,inventory-java:8082 (inventory-service),2026-06-24 14:25:02,2026-06-24T08:55:02Z,1782291302,sustain,1410.0,0.01,"{""__name__"": ""process_cpu_usage""}"
2,A,CPU Usage Rate,go_order,go,order,order-java:8083,order-java:8083 (order-service),2026-06-24 14:25:02,2026-06-24T08:55:02Z,1782291302,sustain,1410.0,0.0,"{""__name__"": ""process_cpu_usage""}"
2,A,CPU Usage Rate,go_order,go,order,warehouse-java-twin:9084,warehouse-java-twin:9084 (warehouse-twin),2026-06-24 14:25:02,2026-06-24T08:55:02Z,1782291302,sustain,1410.0,0.098,"{""__name__"": ""process_cpu_usage""}"
2,A,CPU Usage Rate,go_order,go,order,inventory-java:8082,inventory-java:8082 (inventory-service),2026-06-24 14:25:17,2026-06-24T08:55:17Z,1782291317,sustain,1425.0,0.01,"{""__name__"": ""process_cpu_usage""}"
2,A,CPU Usage Rate,go_order,go,order,order-java:8083,order-java:8083 (order-service),2026-06-24 14:25:17,2026-06-24T08:55:17Z,1782291317,sustain,1425.0,0.0,"{""__name__"": ""process_cpu_usage""}"
2,A,CPU Usage Rate,go_order,go,order,warehouse-java-twin:9084,warehouse-java-twin:9084 (warehouse-twin),2026-06-24 14:25:17,2026-06-24T08:55:17Z,1782291317,sustain,1425.0,0.096,"{""__name__"": ""process_cpu_usage""}"
2,A,CPU Usage Rate,go_order,go,order,inventory-java:8082,inventory-java:8082 (inventory-service),2026-06-24 14:25:32,2026-06-24T08:55:32Z,1782291332,sustain,1440.0,0.01,"{""__name__"": ""process_cpu_usage""}"
2,A,CPU Usage Rate,go_order,go,order,order-java:8083,order-java:8083 (order-service),2026-06-24 14:25:32,2026-06-24T08:55:32Z,1782291332,sustain,1440.0,0.016666666666666666,"{""__name__"": ""process_cpu_usage""}"
2,A,CPU Usage Rate,go_order,go,order,warehouse-java-twin:9084,warehouse-java-twin:9084 (warehouse-twin),2026-06-24 14:25:32,2026-06-24T08:55:32Z,1782291332,sustain,1440.0,0.14,"{""__name__"": ""process_cpu_usage""}"
2,A,CPU Usage Rate,go_order,go,order,inventory-java:8082,inventory-java:8082 (inventory-service),2026-06-24 14:25:47,2026-06-24T08:55:47Z,1782291347,sustain,1455.0,0.0,"{""__name__"": ""process_cpu_usage""}"
2,A,CPU Usage Rate,go_order,go,order,order-java:8083,order-java:8083 (order-service),2026-06-24 14:25:47,2026-06-24T08:55:47Z,1782291347,sustain,1455.0,0.008333333333333333,"{""__name__"": ""process_cpu_usage""}"
2,A,CPU Usage Rate,go_order,go,order,warehouse-java-twin:9084,warehouse-java-twin:9084 (warehouse-twin),2026-06-24 14:25:47,2026-06-24T08:55:47Z,1782291347,sustain,1455.0,0.108,"{""__name__"": ""process_cpu_usage""}"
2,A,CPU Usage Rate,go_order,go,order,inventory-java:8082,inventory-java:8082 (inventory-service),2026-06-24 14:26:02,2026-06-24T08:56:02Z,1782291362,sustain,1470.0,0.016666666666666666,"{""__name__"": ""process_cpu_usage""}"
2,A,CPU Usage Rate,go_order,go,order,order-java:8083,order-java:8083 (order-service),2026-06-24 14:26:02,2026-06-24T08:56:02Z,1782291362,sustain,1470.0,0.0,"{""__name__"": ""process_cpu_usage""}"
2,A,CPU Usage Rate,go_order,go,order,warehouse-java-twin:9084,warehouse-java-twin:9084 (warehouse-twin),2026-06-24 14:26:02,2026-06-24T08:56:02Z,1782291362,sustain,1470.0,0.106,"{""__name__"": ""process_cpu_usage""}"
2,A,CPU Usage Rate,go_order,go,order,inventory-java:8082,inventory-java:8082 (inventory-service),2026-06-24 14:26:17,2026-06-24T08:56:17Z,1782291377,sustain,1485.0,0.0125,"{""__name__"": ""process_cpu_usage""}"
2,A,CPU Usage Rate,go_order,go,order,order-java:8083,order-java:8083 (order-service),2026-06-24 14:26:17,2026-06-24T08:56:17Z,1782291377,sustain,1485.0,0.0,"{""__name__"": ""process_cpu_usage""}"
2,A,CPU Usage Rate,go_order,go,order,warehouse-java-twin:9084,warehouse-java-twin:9084 (warehouse-twin),2026-06-24 14:26:17,2026-06-24T08:56:17Z,1782291377,sustain,1485.0,0.13,"{""__name__"": ""process_cpu_usage""}"
2,A,CPU Usage Rate,go_order,go,order,inventory-java:8082,inventory-java:8082 (inventory-service),2026-06-24 14:26:32,2026-06-24T08:56:32Z,1782291392,sustain,1500.0,0.1,"{""__name__"": ""process_cpu_usage""}"
2,A,CPU Usage Rate,go_order,go,order,order-java:8083,order-java:8083 (order-service),2026-06-24 14:26:32,2026-06-24T08:56:32Z,1782291392,sustain,1500.0,0.02857142857142857,"{""__name__"": ""process_cpu_usage""}"
2,A,CPU Usage Rate,go_order,go,order,warehouse-java-twin:9084,warehouse-java-twin:9084 (warehouse-twin),2026-06-24 14:26:32,2026-06-24T08:56:32Z,1782291392,sustain,1500.0,0.106,"{""__name__"": ""process_cpu_usage""}"
2,A,CPU Usage Rate,go_order,go,order,inventory-java:8082,inventory-java:8082 (inventory-service),2026-06-24 14:26:47,2026-06-24T08:56:47Z,1782291407,sustain,1515.0,0.0,"{""__name__"": ""process_cpu_usage""}"
2,A,CPU Usage Rate,go_order,go,order,order-java:8083,order-java:8083 (order-service),2026-06-24 14:26:47,2026-06-24T08:56:47Z,1782291407,sustain,1515.0,0.01,"{""__name__"": ""process_cpu_usage""}"
2,A,CPU Usage Rate,go_order,go,order,warehouse-java-twin:9084,warehouse-java-twin:9084 (warehouse-twin),2026-06-24 14:26:47,2026-06-24T08:56:47Z,1782291407,sustain,1515.0,0.112,"{""__name__"": ""process_cpu_usage""}"
2,A,CPU Usage Rate,go_order,go,order,inventory-java:8082,inventory-java:8082 (inventory-service),2026-06-24 14:27:02,2026-06-24T08:57:02Z,1782291422,sustain,1530.0,0.016666666666666666,"{""__name__"": ""process_cpu_usage""}"
2,A,CPU Usage Rate,go_order,go,order,order-java:8083,order-java:8083 (order-service),2026-06-24 14:27:02,2026-06-24T08:57:02Z,1782291422,sustain,1530.0,0.016666666666666666,"{""__name__"": ""process_cpu_usage""}"
2,A,CPU Usage Rate,go_order,go,order,warehouse-java-twin:9084,warehouse-java-twin:9084 (warehouse-twin),2026-06-24 14:27:02,2026-06-24T08:57:02Z,1782291422,sustain,1530.0,0.13,"{""__name__"": ""process_cpu_usage""}"
2,A,CPU Usage Rate,go_order,go,order,inventory-java:8082,inventory-java:8082 (inventory-service),2026-06-24 14:27:17,2026-06-24T08:57:17Z,1782291437,sustain,1545.0,0.0,"{""__name__"": ""process_cpu_usage""}"
2,A,CPU Usage Rate,go_order,go,order,order-java:8083,order-java:8083 (order-service),2026-06-24 14:27:17,2026-06-24T08:57:17Z,1782291437,sustain,1545.0,0.0,"{""__name__"": ""process_cpu_usage""}"
2,A,CPU Usage Rate,go_order,go,order,warehouse-java-twin:9084,warehouse-java-twin:9084 (warehouse-twin),2026-06-24 14:27:17,2026-06-24T08:57:17Z,1782291437,sustain,1545.0,0.104,"{""__name__"": ""process_cpu_usage""}"
2,A,CPU Usage Rate,go_order,go,order,inventory-java:8082,inventory-java:8082 (inventory-service),2026-06-24 14:27:32,2026-06-24T08:57:32Z,1782291452,sustain,1560.0,0.0,"{""__name__"": ""process_cpu_usage""}"
2,A,CPU Usage Rate,go_order,go,order,order-java:8083,order-java:8083 (order-service),2026-06-24 14:27:32,2026-06-24T08:57:32Z,1782291452,sustain,1560.0,0.0,"{""__name__"": ""process_cpu_usage""}"
2,A,CPU Usage Rate,go_order,go,order,warehouse-java-twin:9084,warehouse-java-twin:9084 (warehouse-twin),2026-06-24 14:27:32,2026-06-24T08:57:32Z,1782291452,sustain,1560.0,0.108,"{""__name__"": ""process_cpu_usage""}"
2,A,CPU Usage Rate,go_order,go,order,inventory-java:8082,inventory-java:8082 (inventory-service),2026-06-24 14:27:47,2026-06-24T08:57:47Z,1782291467,sustain,1575.0,0.014285714285714285,"{""__name__"": ""process_cpu_usage""}"
2,A,CPU Usage Rate,go_order,go,order,order-java:8083,order-java:8083 (order-service),2026-06-24 14:27:47,2026-06-24T08:57:47Z,1782291467,sustain,1575.0,0.011111111111111112,"{""__name__"": ""process_cpu_usage""}"
2,A,CPU Usage Rate,go_order,go,order,warehouse-java-twin:9084,warehouse-java-twin:9084 (warehouse-twin),2026-06-24 14:27:47,2026-06-24T08:57:47Z,1782291467,sustain,1575.0,0.104,"{""__name__"": ""process_cpu_usage""}"
2,A,CPU Usage Rate,go_order,go,order,inventory-java:8082,inventory-java:8082 (inventory-service),2026-06-24 14:28:02,2026-06-24T08:58:02Z,1782291482,sustain,1590.0,0.014285714285714285,"{""__name__"": ""process_cpu_usage""}"
2,A,CPU Usage Rate,go_order,go,order,order-java:8083,order-java:8083 (order-service),2026-06-24 14:28:02,2026-06-24T08:58:02Z,1782291482,sustain,1590.0,0.014285714285714285,"{""__name__"": ""process_cpu_usage""}"
2,A,CPU Usage Rate,go_order,go,order,warehouse-java-twin:9084,warehouse-java-twin:9084 (warehouse-twin),2026-06-24 14:28:02,2026-06-24T08:58:02Z,1782291482,sustain,1590.0,0.102,"{""__name__"": ""process_cpu_usage""}"
2,A,CPU Usage Rate,go_order,go,order,inventory-java:8082,inventory-java:8082 (inventory-service),2026-06-24 14:28:17,2026-06-24T08:58:17Z,1782291497,sustain,1605.0,0.0,"{""__name__"": ""process_cpu_usage""}"
2,A,CPU Usage Rate,go_order,go,order,order-java:8083,order-java:8083 (order-service),2026-06-24 14:28:17,2026-06-24T08:58:17Z,1782291497,sustain,1605.0,0.0,"{""__name__"": ""process_cpu_usage""}"
2,A,CPU Usage Rate,go_order,go,order,warehouse-java-twin:9084,warehouse-java-twin:9084 (warehouse-twin),2026-06-24 14:28:17,2026-06-24T08:58:17Z,1782291497,sustain,1605.0,0.108,"{""__name__"": ""process_cpu_usage""}"
2,A,CPU Usage Rate,go_order,go,order,inventory-java:8082,inventory-java:8082 (inventory-service),2026-06-24 14:28:32,2026-06-24T08:58:32Z,1782291512,sustain,1620.0,0.02,"{""__name__"": ""process_cpu_usage""}"
2,A,CPU Usage Rate,go_order,go,order,order-java:8083,order-java:8083 (order-service),2026-06-24 14:28:32,2026-06-24T08:58:32Z,1782291512,sustain,1620.0,0.016666666666666666,"{""__name__"": ""process_cpu_usage""}"
2,A,CPU Usage Rate,go_order,go,order,warehouse-java-twin:9084,warehouse-java-twin:9084 (warehouse-twin),2026-06-24 14:28:32,2026-06-24T08:58:32Z,1782291512,sustain,1620.0,0.122,"{""__name__"": ""process_cpu_usage""}"
2,A,CPU Usage Rate,go_order,go,order,inventory-java:8082,inventory-java:8082 (inventory-service),2026-06-24 14:28:47,2026-06-24T08:58:47Z,1782291527,sustain,1635.0,0.01,"{""__name__"": ""process_cpu_usage""}"
2,A,CPU Usage Rate,go_order,go,order,order-java:8083,order-java:8083 (order-service),2026-06-24 14:28:47,2026-06-24T08:58:47Z,1782291527,sustain,1635.0,0.0,"{""__name__"": ""process_cpu_usage""}"
2,A,CPU Usage Rate,go_order,go,order,warehouse-java-twin:9084,warehouse-java-twin:9084 (warehouse-twin),2026-06-24 14:28:47,2026-06-24T08:58:47Z,1782291527,sustain,1635.0,0.156,"{""__name__"": ""process_cpu_usage""}"
2,A,CPU Usage Rate,go_order,go,order,inventory-java:8082,inventory-java:8082 (inventory-service),2026-06-24 14:29:02,2026-06-24T08:59:02Z,1782291542,sustain,1650.0,0.0,"{""__name__"": ""process_cpu_usage""}"
2,A,CPU Usage Rate,go_order,go,order,order-java:8083,order-java:8083 (order-service),2026-06-24 14:29:02,2026-06-24T08:59:02Z,1782291542,sustain,1650.0,0.014285714285714285,"{""__name__"": ""process_cpu_usage""}"
2,A,CPU Usage Rate,go_order,go,order,warehouse-java-twin:9084,warehouse-java-twin:9084 (warehouse-twin),2026-06-24 14:29:02,2026-06-24T08:59:02Z,1782291542,sustain,1650.0,0.106,"{""__name__"": ""process_cpu_usage""}"
2,A,CPU Usage Rate,go_order,go,order,inventory-java:8082,inventory-java:8082 (inventory-service),2026-06-24 14:29:17,2026-06-24T08:59:17Z,1782291557,sustain,1665.0,0.0,"{""__name__"": ""process_cpu_usage""}"
2,A,CPU Usage Rate,go_order,go,order,order-java:8083,order-java:8083 (order-service),2026-06-24 14:29:17,2026-06-24T08:59:17Z,1782291557,sustain,1665.0,0.016666666666666666,"{""__name__"": ""process_cpu_usage""}"
2,A,CPU Usage Rate,go_order,go,order,warehouse-java-twin:9084,warehouse-java-twin:9084 (warehouse-twin),2026-06-24 14:29:17,2026-06-24T08:59:17Z,1782291557,sustain,1665.0,0.108,"{""__name__"": ""process_cpu_usage""}"
2,A,CPU Usage Rate,go_order,go,order,inventory-java:8082,inventory-java:8082 (inventory-service),2026-06-24 14:29:32,2026-06-24T08:59:32Z,1782291572,sustain,1680.0,0.025,"{""__name__"": ""process_cpu_usage""}"
2,A,CPU Usage Rate,go_order,go,order,order-java:8083,order-java:8083 (order-service),2026-06-24 14:29:32,2026-06-24T08:59:32Z,1782291572,sustain,1680.0,0.025,"{""__name__"": ""process_cpu_usage""}"
2,A,CPU Usage Rate,go_order,go,order,warehouse-java-twin:9084,warehouse-java-twin:9084 (warehouse-twin),2026-06-24 14:29:32,2026-06-24T08:59:32Z,1782291572,sustain,1680.0,0.108,"{""__name__"": ""process_cpu_usage""}"
2,A,CPU Usage Rate,go_order,go,order,inventory-java:8082,inventory-java:8082 (inventory-service),2026-06-24 14:29:47,2026-06-24T08:59:47Z,1782291587,sustain,1695.0,0.025,"{""__name__"": ""process_cpu_usage""}"
2,A,CPU Usage Rate,go_order,go,order,order-java:8083,order-java:8083 (order-service),2026-06-24 14:29:47,2026-06-24T08:59:47Z,1782291587,sustain,1695.0,0.0,"{""__name__"": ""process_cpu_usage""}"
2,A,CPU Usage Rate,go_order,go,order,warehouse-java-twin:9084,warehouse-java-twin:9084 (warehouse-twin),2026-06-24 14:29:47,2026-06-24T08:59:47Z,1782291587,sustain,1695.0,0.108,"{""__name__"": ""process_cpu_usage""}"
2,A,CPU Usage Rate,go_order,go,order,inventory-java:8082,inventory-java:8082 (inventory-service),2026-06-24 14:30:02,2026-06-24T09:00:02Z,1782291602,sustain,1710.0,0.025,"{""__name__"": ""process_cpu_usage""}"
2,A,CPU Usage Rate,go_order,go,order,order-java:8083,order-java:8083 (order-service),2026-06-24 14:30:02,2026-06-24T09:00:02Z,1782291602,sustain,1710.0,0.0,"{""__name__"": ""process_cpu_usage""}"
2,A,CPU Usage Rate,go_order,go,order,warehouse-java-twin:9084,warehouse-java-twin:9084 (warehouse-twin),2026-06-24 14:30:02,2026-06-24T09:00:02Z,1782291602,sustain,1710.0,0.108,"{""__name__"": ""process_cpu_usage""}"
2,A,CPU Usage Rate,go_order,go,order,inventory-java:8082,inventory-java:8082 (inventory-service),2026-06-24 14:30:17,2026-06-24T09:00:17Z,1782291617,sustain,1725.0,0.0,"{""__name__"": ""process_cpu_usage""}"
2,A,CPU Usage Rate,go_order,go,order,order-java:8083,order-java:8083 (order-service),2026-06-24 14:30:17,2026-06-24T09:00:17Z,1782291617,sustain,1725.0,0.01818181818181818,"{""__name__"": ""process_cpu_usage""}"
2,A,CPU Usage Rate,go_order,go,order,warehouse-java-twin:9084,warehouse-java-twin:9084 (warehouse-twin),2026-06-24 14:30:17,2026-06-24T09:00:17Z,1782291617,sustain,1725.0,0.104,"{""__name__"": ""process_cpu_usage""}"
2,A,CPU Usage Rate,go_order,go,order,inventory-java:8082,inventory-java:8082 (inventory-service),2026-06-24 14:30:32,2026-06-24T09:00:32Z,1782291632,sustain,1740.0,0.0,"{""__name__"": ""process_cpu_usage""}"
2,A,CPU Usage Rate,go_order,go,order,order-java:8083,order-java:8083 (order-service),2026-06-24 14:30:32,2026-06-24T09:00:32Z,1782291632,sustain,1740.0,0.0,"{""__name__"": ""process_cpu_usage""}"
2,A,CPU Usage Rate,go_order,go,order,warehouse-java-twin:9084,warehouse-java-twin:9084 (warehouse-twin),2026-06-24 14:30:32,2026-06-24T09:00:32Z,1782291632,sustain,1740.0,0.106,"{""__name__"": ""process_cpu_usage""}"
2,A,CPU Usage Rate,go_order,go,order,inventory-java:8082,inventory-java:8082 (inventory-service),2026-06-24 14:30:47,2026-06-24T09:00:47Z,1782291647,sustain,1755.0,0.016666666666666666,"{""__name__"": ""process_cpu_usage""}"
2,A,CPU Usage Rate,go_order,go,order,order-java:8083,order-java:8083 (order-service),2026-06-24 14:30:47,2026-06-24T09:00:47Z,1782291647,sustain,1755.0,0.00909090909090909,"{""__name__"": ""process_cpu_usage""}"
2,A,CPU Usage Rate,go_order,go,order,warehouse-java-twin:9084,warehouse-java-twin:9084 (warehouse-twin),2026-06-24 14:30:47,2026-06-24T09:00:47Z,1782291647,sustain,1755.0,0.166,"{""__name__"": ""process_cpu_usage""}"
2,A,CPU Usage Rate,go_order,go,order,inventory-java:8082,inventory-java:8082 (inventory-service),2026-06-24 14:31:02,2026-06-24T09:01:02Z,1782291662,sustain,1770.0,0.0125,"{""__name__"": ""process_cpu_usage""}"
2,A,CPU Usage Rate,go_order,go,order,order-java:8083,order-java:8083 (order-service),2026-06-24 14:31:02,2026-06-24T09:01:02Z,1782291662,sustain,1770.0,0.022222222222222223,"{""__name__"": ""process_cpu_usage""}"
2,A,CPU Usage Rate,go_order,go,order,warehouse-java-twin:9084,warehouse-java-twin:9084 (warehouse-twin),2026-06-24 14:31:02,2026-06-24T09:01:02Z,1782291662,sustain,1770.0,0.11,"{""__name__"": ""process_cpu_usage""}"
2,A,CPU Usage Rate,go_order,go,order,inventory-java:8082,inventory-java:8082 (inventory-service),2026-06-24 14:31:17,2026-06-24T09:01:17Z,1782291677,sustain,1785.0,0.0,"{""__name__"": ""process_cpu_usage""}"
2,A,CPU Usage Rate,go_order,go,order,order-java:8083,order-java:8083 (order-service),2026-06-24 14:31:17,2026-06-24T09:01:17Z,1782291677,sustain,1785.0,0.0,"{""__name__"": ""process_cpu_usage""}"
2,A,CPU Usage Rate,go_order,go,order,warehouse-java-twin:9084,warehouse-java-twin:9084 (warehouse-twin),2026-06-24 14:31:17,2026-06-24T09:01:17Z,1782291677,sustain,1785.0,0.108,"{""__name__"": ""process_cpu_usage""}"
2,A,CPU Usage Rate,go_order,go,order,inventory-java:8082,inventory-java:8082 (inventory-service),2026-06-24 14:31:32,2026-06-24T09:01:32Z,1782291692,cooldown,1800.0,0.008333333333333333,"{""__name__"": ""process_cpu_usage""}"
2,A,CPU Usage Rate,go_order,go,order,order-java:8083,order-java:8083 (order-service),2026-06-24 14:31:32,2026-06-24T09:01:32Z,1782291692,cooldown,1800.0,0.00909090909090909,"{""__name__"": ""process_cpu_usage""}"
2,A,CPU Usage Rate,go_order,go,order,warehouse-java-twin:9084,warehouse-java-twin:9084 (warehouse-twin),2026-06-24 14:31:32,2026-06-24T09:01:32Z,1782291692,cooldown,1800.0,0.172,"{""__name__"": ""process_cpu_usage""}"
2,A,CPU Usage Rate,go_order,go,order,inventory-java:8082,inventory-java:8082 (inventory-service),2026-06-24 14:31:47,2026-06-24T09:01:47Z,1782291707,cooldown,1815.0,0.0,"{""__name__"": ""process_cpu_usage""}"
2,A,CPU Usage Rate,go_order,go,order,order-java:8083,order-java:8083 (order-service),2026-06-24 14:31:47,2026-06-24T09:01:47Z,1782291707,cooldown,1815.0,0.025,"{""__name__"": ""process_cpu_usage""}"
2,A,CPU Usage Rate,go_order,go,order,warehouse-java-twin:9084,warehouse-java-twin:9084 (warehouse-twin),2026-06-24 14:31:47,2026-06-24T09:01:47Z,1782291707,cooldown,1815.0,0.102,"{""__name__"": ""process_cpu_usage""}"
2,A,CPU Usage Rate,go_order,go,order,inventory-java:8082,inventory-java:8082 (inventory-service),2026-06-24 14:32:02,2026-06-24T09:02:02Z,1782291722,cooldown,1830.0,0.0125,"{""__name__"": ""process_cpu_usage""}"
2,A,CPU Usage Rate,go_order,go,order,order-java:8083,order-java:8083 (order-service),2026-06-24 14:32:02,2026-06-24T09:02:02Z,1782291722,cooldown,1830.0,0.016666666666666666,"{""__name__"": ""process_cpu_usage""}"
2,A,CPU Usage Rate,go_order,go,order,warehouse-java-twin:9084,warehouse-java-twin:9084 (warehouse-twin),2026-06-24 14:32:02,2026-06-24T09:02:02Z,1782291722,cooldown,1830.0,0.136,"{""__name__"": ""process_cpu_usage""}"
2,A,CPU Usage Rate,go_order,go,order,inventory-java:8082,inventory-java:8082 (inventory-service),2026-06-24 14:32:17,2026-06-24T09:02:17Z,1782291737,cooldown,1845.0,0.014285714285714285,"{""__name__"": ""process_cpu_usage""}"
2,A,CPU Usage Rate,go_order,go,order,order-java:8083,order-java:8083 (order-service),2026-06-24 14:32:17,2026-06-24T09:02:17Z,1782291737,cooldown,1845.0,0.016666666666666666,"{""__name__"": ""process_cpu_usage""}"
2,A,CPU Usage Rate,go_order,go,order,warehouse-java-twin:9084,warehouse-java-twin:9084 (warehouse-twin),2026-06-24 14:32:17,2026-06-24T09:02:17Z,1782291737,cooldown,1845.0,0.1,"{""__name__"": ""process_cpu_usage""}"
2,A,CPU Usage Rate,go_order,go,order,inventory-java:8082,inventory-java:8082 (inventory-service),2026-06-24 14:32:32,2026-06-24T09:02:32Z,1782291752,cooldown,1860.0,0.00909090909090909,"{""__name__"": ""process_cpu_usage""}"
2,A,CPU Usage Rate,go_order,go,order,order-java:8083,order-java:8083 (order-service),2026-06-24 14:32:32,2026-06-24T09:02:32Z,1782291752,cooldown,1860.0,0.015384615384615385,"{""__name__"": ""process_cpu_usage""}"
2,A,CPU Usage Rate,go_order,go,order,warehouse-java-twin:9084,warehouse-java-twin:9084 (warehouse-twin),2026-06-24 14:32:32,2026-06-24T09:02:32Z,1782291752,cooldown,1860.0,0.06,"{""__name__"": ""process_cpu_usage""}"
2,A,CPU Usage Rate,go_order,go,order,inventory-java:8082,inventory-java:8082 (inventory-service),2026-06-24 14:32:47,2026-06-24T09:02:47Z,1782291767,cooldown,1875.0,0.025,"{""__name__"": ""process_cpu_usage""}"
2,A,CPU Usage Rate,go_order,go,order,order-java:8083,order-java:8083 (order-service),2026-06-24 14:32:47,2026-06-24T09:02:47Z,1782291767,cooldown,1875.0,0.013333333333333334,"{""__name__"": ""process_cpu_usage""}"
2,A,CPU Usage Rate,go_order,go,order,warehouse-java-twin:9084,warehouse-java-twin:9084 (warehouse-twin),2026-06-24 14:32:47,2026-06-24T09:02:47Z,1782291767,cooldown,1875.0,0.17,"{""__name__"": ""process_cpu_usage""}"
2,A,CPU Usage Rate,go_order,go,order,inventory-java:8082,inventory-java:8082 (inventory-service),2026-06-24 14:33:02,2026-06-24T09:03:02Z,1782291782,cooldown,1890.0,0.0,"{""__name__"": ""process_cpu_usage""}"
2,A,CPU Usage Rate,go_order,go,order,order-java:8083,order-java:8083 (order-service),2026-06-24 14:33:02,2026-06-24T09:03:02Z,1782291782,cooldown,1890.0,0.00909090909090909,"{""__name__"": ""process_cpu_usage""}"
2,A,CPU Usage Rate,go_order,go,order,warehouse-java-twin:9084,warehouse-java-twin:9084 (warehouse-twin),2026-06-24 14:33:02,2026-06-24T09:03:02Z,1782291782,cooldown,1890.0,0.156,"{""__name__"": ""process_cpu_usage""}"
2,A,CPU Usage Rate,go_order,go,order,inventory-java:8082,inventory-java:8082 (inventory-service),2026-06-24 14:33:17,2026-06-24T09:03:17Z,1782291797,cooldown,1905.0,0.011111111111111112,"{""__name__"": ""process_cpu_usage""}"
2,A,CPU Usage Rate,go_order,go,order,order-java:8083,order-java:8083 (order-service),2026-06-24 14:33:17,2026-06-24T09:03:17Z,1782291797,cooldown,1905.0,0.01,"{""__name__"": ""process_cpu_usage""}"
2,A,CPU Usage Rate,go_order,go,order,warehouse-java-twin:9084,warehouse-java-twin:9084 (warehouse-twin),2026-06-24 14:33:17,2026-06-24T09:03:17Z,1782291797,cooldown,1905.0,0.168,"{""__name__"": ""process_cpu_usage""}"
2,A,CPU Usage Rate,go_order,go,order,inventory-java:8082,inventory-java:8082 (inventory-service),2026-06-24 14:33:32,2026-06-24T09:03:32Z,1782291812,cooldown,1920.0,0.008333333333333333,"{""__name__"": ""process_cpu_usage""}"
2,A,CPU Usage Rate,go_order,go,order,order-java:8083,order-java:8083 (order-service),2026-06-24 14:33:32,2026-06-24T09:03:32Z,1782291812,cooldown,1920.0,0.02,"{""__name__"": ""process_cpu_usage""}"
2,A,CPU Usage Rate,go_order,go,order,warehouse-java-twin:9084,warehouse-java-twin:9084 (warehouse-twin),2026-06-24 14:33:32,2026-06-24T09:03:32Z,1782291812,cooldown,1920.0,0.154,"{""__name__"": ""process_cpu_usage""}"
2,A,CPU Usage Rate,go_order,go,order,inventory-java:8082,inventory-java:8082 (inventory-service),2026-06-24 14:33:47,2026-06-24T09:03:47Z,1782291827,cooldown,1935.0,0.0,"{""__name__"": ""process_cpu_usage""}"
2,A,CPU Usage Rate,go_order,go,order,order-java:8083,order-java:8083 (order-service),2026-06-24 14:33:47,2026-06-24T09:03:47Z,1782291827,cooldown,1935.0,0.0125,"{""__name__"": ""process_cpu_usage""}"
2,A,CPU Usage Rate,go_order,go,order,warehouse-java-twin:9084,warehouse-java-twin:9084 (warehouse-twin),2026-06-24 14:33:47,2026-06-24T09:03:47Z,1782291827,cooldown,1935.0,0.166,"{""__name__"": ""process_cpu_usage""}"
2,A,CPU Usage Rate,go_order,go,order,inventory-java:8082,inventory-java:8082 (inventory-service),2026-06-24 14:34:02,2026-06-24T09:04:02Z,1782291842,cooldown,1950.0,0.0125,"{""__name__"": ""process_cpu_usage""}"
2,A,CPU Usage Rate,go_order,go,order,order-java:8083,order-java:8083 (order-service),2026-06-24 14:34:02,2026-06-24T09:04:02Z,1782291842,cooldown,1950.0,0.0,"{""__name__"": ""process_cpu_usage""}"
2,A,CPU Usage Rate,go_order,go,order,warehouse-java-twin:9084,warehouse-java-twin:9084 (warehouse-twin),2026-06-24 14:34:02,2026-06-24T09:04:02Z,1782291842,cooldown,1950.0,0.154,"{""__name__"": ""process_cpu_usage""}"
2,A,CPU Usage Rate,go_order,go,order,inventory-java:8082,inventory-java:8082 (inventory-service),2026-06-24 14:34:17,2026-06-24T09:04:17Z,1782291857,cooldown,1965.0,0.0,"{""__name__"": ""process_cpu_usage""}"
2,A,CPU Usage Rate,go_order,go,order,order-java:8083,order-java:8083 (order-service),2026-06-24 14:34:17,2026-06-24T09:04:17Z,1782291857,cooldown,1965.0,0.0125,"{""__name__"": ""process_cpu_usage""}"
2,A,CPU Usage Rate,go_order,go,order,warehouse-java-twin:9084,warehouse-java-twin:9084 (warehouse-twin),2026-06-24 14:34:17,2026-06-24T09:04:17Z,1782291857,cooldown,1965.0,0.104,"{""__name__"": ""process_cpu_usage""}"
2,A,CPU Usage Rate,go_order,go,order,inventory-java:8082,inventory-java:8082 (inventory-service),2026-06-24 14:34:32,2026-06-24T09:04:32Z,1782291872,cooldown,1980.0,0.016666666666666666,"{""__name__"": ""process_cpu_usage""}"
2,A,CPU Usage Rate,go_order,go,order,order-java:8083,order-java:8083 (order-service),2026-06-24 14:34:32,2026-06-24T09:04:32Z,1782291872,cooldown,1980.0,0.005555555555555556,"{""__name__"": ""process_cpu_usage""}"
2,A,CPU Usage Rate,go_order,go,order,warehouse-java-twin:9084,warehouse-java-twin:9084 (warehouse-twin),2026-06-24 14:34:32,2026-06-24T09:04:32Z,1782291872,cooldown,1980.0,0.1,"{""__name__"": ""process_cpu_usage""}"
2,A,CPU Usage Rate,go_order,go,order,inventory-java:8082,inventory-java:8082 (inventory-service),2026-06-24 14:34:47,2026-06-24T09:04:47Z,1782291887,cooldown,1995.0,0.0,"{""__name__"": ""process_cpu_usage""}"
2,A,CPU Usage Rate,go_order,go,order,order-java:8083,order-java:8083 (order-service),2026-06-24 14:34:47,2026-06-24T09:04:47Z,1782291887,cooldown,1995.0,0.014285714285714285,"{""__name__"": ""process_cpu_usage""}"
2,A,CPU Usage Rate,go_order,go,order,warehouse-java-twin:9084,warehouse-java-twin:9084 (warehouse-twin),2026-06-24 14:34:47,2026-06-24T09:04:47Z,1782291887,cooldown,1995.0,0.096,"{""__name__"": ""process_cpu_usage""}"
2,A,CPU Usage Rate,go_order,go,order,inventory-java:8082,inventory-java:8082 (inventory-service),2026-06-24 14:35:02,2026-06-24T09:05:02Z,1782291902,cooldown,2010.0,0.0125,"{""__name__"": ""process_cpu_usage""}"
2,A,CPU Usage Rate,go_order,go,order,order-java:8083,order-java:8083 (order-service),2026-06-24 14:35:02,2026-06-24T09:05:02Z,1782291902,cooldown,2010.0,0.025,"{""__name__"": ""process_cpu_usage""}"
2,A,CPU Usage Rate,go_order,go,order,warehouse-java-twin:9084,warehouse-java-twin:9084 (warehouse-twin),2026-06-24 14:35:02,2026-06-24T09:05:02Z,1782291902,cooldown,2010.0,0.098,"{""__name__"": ""process_cpu_usage""}"
2,A,CPU Usage Rate,go_order,go,order,inventory-java:8082,inventory-java:8082 (inventory-service),2026-06-24 14:35:17,2026-06-24T09:05:17Z,1782291917,cooldown,2025.0,0.00909090909090909,"{""__name__"": ""process_cpu_usage""}"
2,A,CPU Usage Rate,go_order,go,order,order-java:8083,order-java:8083 (order-service),2026-06-24 14:35:17,2026-06-24T09:05:17Z,1782291917,cooldown,2025.0,0.0,"{""__name__"": ""process_cpu_usage""}"
2,A,CPU Usage Rate,go_order,go,order,warehouse-java-twin:9084,warehouse-java-twin:9084 (warehouse-twin),2026-06-24 14:35:17,2026-06-24T09:05:17Z,1782291917,cooldown,2025.0,0.092,"{""__name__"": ""process_cpu_usage""}"
2,A,CPU Usage Rate,go_order,go,order,inventory-java:8082,inventory-java:8082 (inventory-service),2026-06-24 14:35:32,2026-06-24T09:05:32Z,1782291932,cooldown,2040.0,0.0,"{""__name__"": ""process_cpu_usage""}"
2,A,CPU Usage Rate,go_order,go,order,order-java:8083,order-java:8083 (order-service),2026-06-24 14:35:32,2026-06-24T09:05:32Z,1782291932,cooldown,2040.0,0.00909090909090909,"{""__name__"": ""process_cpu_usage""}"
2,A,CPU Usage Rate,go_order,go,order,warehouse-java-twin:9084,warehouse-java-twin:9084 (warehouse-twin),2026-06-24 14:35:32,2026-06-24T09:05:32Z,1782291932,cooldown,2040.0,0.074,"{""__name__"": ""process_cpu_usage""}"
2,A,CPU Usage Rate,go_order,go,order,inventory-java:8082,inventory-java:8082 (inventory-service),2026-06-24 14:35:47,2026-06-24T09:05:47Z,1782291947,cooldown,2055.0,0.0,"{""__name__"": ""process_cpu_usage""}"
2,A,CPU Usage Rate,go_order,go,order,order-java:8083,order-java:8083 (order-service),2026-06-24 14:35:47,2026-06-24T09:05:47Z,1782291947,cooldown,2055.0,0.0,"{""__name__"": ""process_cpu_usage""}"
2,A,CPU Usage Rate,go_order,go,order,warehouse-java-twin:9084,warehouse-java-twin:9084 (warehouse-twin),2026-06-24 14:35:47,2026-06-24T09:05:47Z,1782291947,cooldown,2055.0,0.058,"{""__name__"": ""process_cpu_usage""}"
2,A,CPU Usage Rate,go_order,go,order,inventory-java:8082,inventory-java:8082 (inventory-service),2026-06-24 14:36:02,2026-06-24T09:06:02Z,1782291962,cooldown,2070.0,0.01,"{""__name__"": ""process_cpu_usage""}"
2,A,CPU Usage Rate,go_order,go,order,order-java:8083,order-java:8083 (order-service),2026-06-24 14:36:02,2026-06-24T09:06:02Z,1782291962,cooldown,2070.0,0.0,"{""__name__"": ""process_cpu_usage""}"
2,A,CPU Usage Rate,go_order,go,order,warehouse-java-twin:9084,warehouse-java-twin:9084 (warehouse-twin),2026-06-24 14:36:02,2026-06-24T09:06:02Z,1782291962,cooldown,2070.0,0.044,"{""__name__"": ""process_cpu_usage""}"
2,A,CPU Usage Rate,go_order,go,order,inventory-java:8082,inventory-java:8082 (inventory-service),2026-06-24 14:36:17,2026-06-24T09:06:17Z,1782291977,cooldown,2085.0,0.0,"{""__name__"": ""process_cpu_usage""}"
2,A,CPU Usage Rate,go_order,go,order,order-java:8083,order-java:8083 (order-service),2026-06-24 14:36:17,2026-06-24T09:06:17Z,1782291977,cooldown,2085.0,0.0125,"{""__name__"": ""process_cpu_usage""}"
2,A,CPU Usage Rate,go_order,go,order,warehouse-java-twin:9084,warehouse-java-twin:9084 (warehouse-twin),2026-06-24 14:36:17,2026-06-24T09:06:17Z,1782291977,cooldown,2085.0,0.03125,"{""__name__"": ""process_cpu_usage""}"
2,A,CPU Usage Rate,go_order,go,order,inventory-java:8082,inventory-java:8082 (inventory-service),2026-06-24 14:36:32,2026-06-24T09:06:32Z,1782291992,post_test,2100.0,0.00909090909090909,"{""__name__"": ""process_cpu_usage""}"
2,A,CPU Usage Rate,go_order,go,order,order-java:8083,order-java:8083 (order-service),2026-06-24 14:36:32,2026-06-24T09:06:32Z,1782291992,post_test,2100.0,0.00909090909090909,"{""__name__"": ""process_cpu_usage""}"
2,A,CPU Usage Rate,go_order,go,order,warehouse-java-twin:9084,warehouse-java-twin:9084 (warehouse-twin),2026-06-24 14:36:32,2026-06-24T09:06:32Z,1782291992,post_test,2100.0,0.017142857142857144,"{""__name__"": ""process_cpu_usage""}"
2,A,CPU Usage Rate,java_inventory,java,inventory,inventory-java:8082,inventory-java:8082 (inventory-service),2026-06-24 16:01:59,2026-06-24T10:31:59Z,1782297119,warmup,0.0,0.22857142857142856,"{""__name__"": ""process_cpu_usage""}"
2,A,CPU Usage Rate,java_inventory,java,inventory,order-java:8083,order-java:8083 (order-service),2026-06-24 16:01:59,2026-06-24T10:31:59Z,1782297119,warmup,0.0,0.007142857142857143,"{""__name__"": ""process_cpu_usage""}"
2,A,CPU Usage Rate,java_inventory,java,inventory,warehouse-java-twin:9084,warehouse-java-twin:9084 (warehouse-twin),2026-06-24 16:01:59,2026-06-24T10:31:59Z,1782297119,warmup,0.0,0.0,"{""__name__"": ""process_cpu_usage""}"
2,A,CPU Usage Rate,java_inventory,java,inventory,inventory-java:8082,inventory-java:8082 (inventory-service),2026-06-24 16:02:14,2026-06-24T10:32:14Z,1782297134,warmup,15.0,0.0125,"{""__name__"": ""process_cpu_usage""}"
2,A,CPU Usage Rate,java_inventory,java,inventory,order-java:8083,order-java:8083 (order-service),2026-06-24 16:02:14,2026-06-24T10:32:14Z,1782297134,warmup,15.0,0.007692307692307693,"{""__name__"": ""process_cpu_usage""}"
2,A,CPU Usage Rate,java_inventory,java,inventory,warehouse-java-twin:9084,warehouse-java-twin:9084 (warehouse-twin),2026-06-24 16:02:14,2026-06-24T10:32:14Z,1782297134,warmup,15.0,0.016666666666666666,"{""__name__"": ""process_cpu_usage""}"
2,A,CPU Usage Rate,java_inventory,java,inventory,inventory-java:8082,inventory-java:8082 (inventory-service),2026-06-24 16:02:29,2026-06-24T10:32:29Z,1782297149,warmup,30.0,0.007692307692307693,"{""__name__"": ""process_cpu_usage""}"
2,A,CPU Usage Rate,java_inventory,java,inventory,order-java:8083,order-java:8083 (order-service),2026-06-24 16:02:29,2026-06-24T10:32:29Z,1782297149,warmup,30.0,0.007692307692307693,"{""__name__"": ""process_cpu_usage""}"
2,A,CPU Usage Rate,java_inventory,java,inventory,warehouse-java-twin:9084,warehouse-java-twin:9084 (warehouse-twin),2026-06-24 16:02:29,2026-06-24T10:32:29Z,1782297149,warmup,30.0,0.013333333333333334,"{""__name__"": ""process_cpu_usage""}"
2,A,CPU Usage Rate,java_inventory,java,inventory,inventory-java:8082,inventory-java:8082 (inventory-service),2026-06-24 16:02:44,2026-06-24T10:32:44Z,1782297164,warmup,45.0,0.005555555555555556,"{""__name__"": ""process_cpu_usage""}"
2,A,CPU Usage Rate,java_inventory,java,inventory,order-java:8083,order-java:8083 (order-service),2026-06-24 16:02:44,2026-06-24T10:32:44Z,1782297164,warmup,45.0,0.007142857142857143,"{""__name__"": ""process_cpu_usage""}"
2,A,CPU Usage Rate,java_inventory,java,inventory,warehouse-java-twin:9084,warehouse-java-twin:9084 (warehouse-twin),2026-06-24 16:02:44,2026-06-24T10:32:44Z,1782297164,warmup,45.0,0.008333333333333333,"{""__name__"": ""process_cpu_usage""}"
2,A,CPU Usage Rate,java_inventory,java,inventory,inventory-java:8082,inventory-java:8082 (inventory-service),2026-06-24 16:02:59,2026-06-24T10:32:59Z,1782297179,warmup,60.0,0.005263157894736842,"{""__name__"": ""process_cpu_usage""}"
2,A,CPU Usage Rate,java_inventory,java,inventory,order-java:8083,order-java:8083 (order-service),2026-06-24 16:02:59,2026-06-24T10:32:59Z,1782297179,warmup,60.0,0.00909090909090909,"{""__name__"": ""process_cpu_usage""}"
2,A,CPU Usage Rate,java_inventory,java,inventory,warehouse-java-twin:9084,warehouse-java-twin:9084 (warehouse-twin),2026-06-24 16:02:59,2026-06-24T10:32:59Z,1782297179,warmup,60.0,0.007692307692307693,"{""__name__"": ""process_cpu_usage""}"
2,A,CPU Usage Rate,java_inventory,java,inventory,inventory-java:8082,inventory-java:8082 (inventory-service),2026-06-24 16:03:14,2026-06-24T10:33:14Z,1782297194,warmup,75.0,0.01,"{""__name__"": ""process_cpu_usage""}"
2,A,CPU Usage Rate,java_inventory,java,inventory,order-java:8083,order-java:8083 (order-service),2026-06-24 16:03:14,2026-06-24T10:33:14Z,1782297194,warmup,75.0,0.007142857142857143,"{""__name__"": ""process_cpu_usage""}"
2,A,CPU Usage Rate,java_inventory,java,inventory,warehouse-java-twin:9084,warehouse-java-twin:9084 (warehouse-twin),2026-06-24 16:03:14,2026-06-24T10:33:14Z,1782297194,warmup,75.0,0.011111111111111112,"{""__name__"": ""process_cpu_usage""}"
2,A,CPU Usage Rate,java_inventory,java,inventory,inventory-java:8082,inventory-java:8082 (inventory-service),2026-06-24 16:03:29,2026-06-24T10:33:29Z,1782297209,warmup,90.0,0.011764705882352941,"{""__name__"": ""process_cpu_usage""}"
2,A,CPU Usage Rate,java_inventory,java,inventory,order-java:8083,order-java:8083 (order-service),2026-06-24 16:03:29,2026-06-24T10:33:29Z,1782297209,warmup,90.0,0.013333333333333334,"{""__name__"": ""process_cpu_usage""}"
2,A,CPU Usage Rate,java_inventory,java,inventory,warehouse-java-twin:9084,warehouse-java-twin:9084 (warehouse-twin),2026-06-24 16:03:29,2026-06-24T10:33:29Z,1782297209,warmup,90.0,0.0,"{""__name__"": ""process_cpu_usage""}"
2,A,CPU Usage Rate,java_inventory,java,inventory,inventory-java:8082,inventory-java:8082 (inventory-service),2026-06-24 16:03:44,2026-06-24T10:33:44Z,1782297224,warmup,105.0,0.01,"{""__name__"": ""process_cpu_usage""}"
2,A,CPU Usage Rate,java_inventory,java,inventory,order-java:8083,order-java:8083 (order-service),2026-06-24 16:03:44,2026-06-24T10:33:44Z,1782297224,warmup,105.0,0.015384615384615385,"{""__name__"": ""process_cpu_usage""}"
2,A,CPU Usage Rate,java_inventory,java,inventory,warehouse-java-twin:9084,warehouse-java-twin:9084 (warehouse-twin),2026-06-24 16:03:44,2026-06-24T10:33:44Z,1782297224,warmup,105.0,0.006666666666666667,"{""__name__"": ""process_cpu_usage""}"
2,A,CPU Usage Rate,java_inventory,java,inventory,inventory-java:8082,inventory-java:8082 (inventory-service),2026-06-24 16:03:59,2026-06-24T10:33:59Z,1782297239,warmup,120.0,0.007692307692307693,"{""__name__"": ""process_cpu_usage""}"
2,A,CPU Usage Rate,java_inventory,java,inventory,order-java:8083,order-java:8083 (order-service),2026-06-24 16:03:59,2026-06-24T10:33:59Z,1782297239,warmup,120.0,0.02,"{""__name__"": ""process_cpu_usage""}"
2,A,CPU Usage Rate,java_inventory,java,inventory,warehouse-java-twin:9084,warehouse-java-twin:9084 (warehouse-twin),2026-06-24 16:03:59,2026-06-24T10:33:59Z,1782297239,warmup,120.0,0.008333333333333333,"{""__name__"": ""process_cpu_usage""}"
2,A,CPU Usage Rate,java_inventory,java,inventory,inventory-java:8082,inventory-java:8082 (inventory-service),2026-06-24 16:04:14,2026-06-24T10:34:14Z,1782297254,warmup,135.0,0.007692307692307693,"{""__name__"": ""process_cpu_usage""}"
2,A,CPU Usage Rate,java_inventory,java,inventory,order-java:8083,order-java:8083 (order-service),2026-06-24 16:04:14,2026-06-24T10:34:14Z,1782297254,warmup,135.0,0.03333333333333333,"{""__name__"": ""process_cpu_usage""}"
2,A,CPU Usage Rate,java_inventory,java,inventory,warehouse-java-twin:9084,warehouse-java-twin:9084 (warehouse-twin),2026-06-24 16:04:14,2026-06-24T10:34:14Z,1782297254,warmup,135.0,0.0,"{""__name__"": ""process_cpu_usage""}"
2,A,CPU Usage Rate,java_inventory,java,inventory,inventory-java:8082,inventory-java:8082 (inventory-service),2026-06-24 16:04:29,2026-06-24T10:34:29Z,1782297269,warmup,150.0,0.011111111111111112,"{""__name__"": ""process_cpu_usage""}"
2,A,CPU Usage Rate,java_inventory,java,inventory,order-java:8083,order-java:8083 (order-service),2026-06-24 16:04:29,2026-06-24T10:34:29Z,1782297269,warmup,150.0,0.015384615384615385,"{""__name__"": ""process_cpu_usage""}"
2,A,CPU Usage Rate,java_inventory,java,inventory,warehouse-java-twin:9084,warehouse-java-twin:9084 (warehouse-twin),2026-06-24 16:04:29,2026-06-24T10:34:29Z,1782297269,warmup,150.0,0.011111111111111112,"{""__name__"": ""process_cpu_usage""}"
2,A,CPU Usage Rate,java_inventory,java,inventory,inventory-java:8082,inventory-java:8082 (inventory-service),2026-06-24 16:04:44,2026-06-24T10:34:44Z,1782297284,warmup,165.0,0.013793103448275862,"{""__name__"": ""process_cpu_usage""}"
2,A,CPU Usage Rate,java_inventory,java,inventory,order-java:8083,order-java:8083 (order-service),2026-06-24 16:04:44,2026-06-24T10:34:44Z,1782297284,warmup,165.0,0.011111111111111112,"{""__name__"": ""process_cpu_usage""}"
2,A,CPU Usage Rate,java_inventory,java,inventory,warehouse-java-twin:9084,warehouse-java-twin:9084 (warehouse-twin),2026-06-24 16:04:44,2026-06-24T10:34:44Z,1782297284,warmup,165.0,0.0125,"{""__name__"": ""process_cpu_usage""}"
2,A,CPU Usage Rate,java_inventory,java,inventory,inventory-java:8082,inventory-java:8082 (inventory-service),2026-06-24 16:04:59,2026-06-24T10:34:59Z,1782297299,warmup,180.0,0.01,"{""__name__"": ""process_cpu_usage""}"
2,A,CPU Usage Rate,java_inventory,java,inventory,order-java:8083,order-java:8083 (order-service),2026-06-24 16:04:59,2026-06-24T10:34:59Z,1782297299,warmup,180.0,0.016666666666666666,"{""__name__"": ""process_cpu_usage""}"
2,A,CPU Usage Rate,java_inventory,java,inventory,warehouse-java-twin:9084,warehouse-java-twin:9084 (warehouse-twin),2026-06-24 16:04:59,2026-06-24T10:34:59Z,1782297299,warmup,180.0,0.015384615384615385,"{""__name__"": ""process_cpu_usage""}"
2,A,CPU Usage Rate,java_inventory,java,inventory,inventory-java:8082,inventory-java:8082 (inventory-service),2026-06-24 16:05:14,2026-06-24T10:35:14Z,1782297314,warmup,195.0,0.012,"{""__name__"": ""process_cpu_usage""}"
2,A,CPU Usage Rate,java_inventory,java,inventory,order-java:8083,order-java:8083 (order-service),2026-06-24 16:05:14,2026-06-24T10:35:14Z,1782297314,warmup,195.0,0.01,"{""__name__"": ""process_cpu_usage""}"
2,A,CPU Usage Rate,java_inventory,java,inventory,warehouse-java-twin:9084,warehouse-java-twin:9084 (warehouse-twin),2026-06-24 16:05:14,2026-06-24T10:35:14Z,1782297314,warmup,195.0,0.014285714285714285,"{""__name__"": ""process_cpu_usage""}"
2,A,CPU Usage Rate,java_inventory,java,inventory,inventory-java:8082,inventory-java:8082 (inventory-service),2026-06-24 16:05:29,2026-06-24T10:35:29Z,1782297329,warmup,210.0,0.010344827586206896,"{""__name__"": ""process_cpu_usage""}"
2,A,CPU Usage Rate,java_inventory,java,inventory,order-java:8083,order-java:8083 (order-service),2026-06-24 16:05:29,2026-06-24T10:35:29Z,1782297329,warmup,210.0,0.005555555555555556,"{""__name__"": ""process_cpu_usage""}"
2,A,CPU Usage Rate,java_inventory,java,inventory,warehouse-java-twin:9084,warehouse-java-twin:9084 (warehouse-twin),2026-06-24 16:05:29,2026-06-24T10:35:29Z,1782297329,warmup,210.0,0.0,"{""__name__"": ""process_cpu_usage""}"
2,A,CPU Usage Rate,java_inventory,java,inventory,inventory-java:8082,inventory-java:8082 (inventory-service),2026-06-24 16:05:44,2026-06-24T10:35:44Z,1782297344,warmup,225.0,0.013793103448275862,"{""__name__"": ""process_cpu_usage""}"
2,A,CPU Usage Rate,java_inventory,java,inventory,order-java:8083,order-java:8083 (order-service),2026-06-24 16:05:44,2026-06-24T10:35:44Z,1782297344,warmup,225.0,0.013333333333333334,"{""__name__"": ""process_cpu_usage""}"
2,A,CPU Usage Rate,java_inventory,java,inventory,warehouse-java-twin:9084,warehouse-java-twin:9084 (warehouse-twin),2026-06-24 16:05:44,2026-06-24T10:35:44Z,1782297344,warmup,225.0,0.015384615384615385,"{""__name__"": ""process_cpu_usage""}"
2,A,CPU Usage Rate,java_inventory,java,inventory,inventory-java:8082,inventory-java:8082 (inventory-service),2026-06-24 16:05:59,2026-06-24T10:35:59Z,1782297359,warmup,240.0,0.012121212121212121,"{""__name__"": ""process_cpu_usage""}"
2,A,CPU Usage Rate,java_inventory,java,inventory,order-java:8083,order-java:8083 (order-service),2026-06-24 16:05:59,2026-06-24T10:35:59Z,1782297359,warmup,240.0,0.008333333333333333,"{""__name__"": ""process_cpu_usage""}"
2,A,CPU Usage Rate,java_inventory,java,inventory,warehouse-java-twin:9084,warehouse-java-twin:9084 (warehouse-twin),2026-06-24 16:05:59,2026-06-24T10:35:59Z,1782297359,warmup,240.0,0.006666666666666667,"{""__name__"": ""process_cpu_usage""}"
2,A,CPU Usage Rate,java_inventory,java,inventory,inventory-java:8082,inventory-java:8082 (inventory-service),2026-06-24 16:06:14,2026-06-24T10:36:14Z,1782297374,warmup,255.0,0.01764705882352941,"{""__name__"": ""process_cpu_usage""}"
2,A,CPU Usage Rate,java_inventory,java,inventory,order-java:8083,order-java:8083 (order-service),2026-06-24 16:06:14,2026-06-24T10:36:14Z,1782297374,warmup,255.0,0.01,"{""__name__"": ""process_cpu_usage""}"
2,A,CPU Usage Rate,java_inventory,java,inventory,warehouse-java-twin:9084,warehouse-java-twin:9084 (warehouse-twin),2026-06-24 16:06:14,2026-06-24T10:36:14Z,1782297374,warmup,255.0,0.01,"{""__name__"": ""process_cpu_usage""}"
2,A,CPU Usage Rate,java_inventory,java,inventory,inventory-java:8082,inventory-java:8082 (inventory-service),2026-06-24 16:06:29,2026-06-24T10:36:29Z,1782297389,warmup,270.0,0.016129032258064516,"{""__name__"": ""process_cpu_usage""}"
2,A,CPU Usage Rate,java_inventory,java,inventory,order-java:8083,order-java:8083 (order-service),2026-06-24 16:06:29,2026-06-24T10:36:29Z,1782297389,warmup,270.0,0.01818181818181818,"{""__name__"": ""process_cpu_usage""}"
2,A,CPU Usage Rate,java_inventory,java,inventory,warehouse-java-twin:9084,warehouse-java-twin:9084 (warehouse-twin),2026-06-24 16:06:29,2026-06-24T10:36:29Z,1782297389,warmup,270.0,0.007692307692307693,"{""__name__"": ""process_cpu_usage""}"
2,A,CPU Usage Rate,java_inventory,java,inventory,inventory-java:8082,inventory-java:8082 (inventory-service),2026-06-24 16:06:44,2026-06-24T10:36:44Z,1782297404,warmup,285.0,0.016129032258064516,"{""__name__"": ""process_cpu_usage""}"
2,A,CPU Usage Rate,java_inventory,java,inventory,order-java:8083,order-java:8083 (order-service),2026-06-24 16:06:44,2026-06-24T10:36:44Z,1782297404,warmup,285.0,0.00625,"{""__name__"": ""process_cpu_usage""}"
2,A,CPU Usage Rate,java_inventory,java,inventory,warehouse-java-twin:9084,warehouse-java-twin:9084 (warehouse-twin),2026-06-24 16:06:44,2026-06-24T10:36:44Z,1782297404,warmup,285.0,0.014285714285714285,"{""__name__"": ""process_cpu_usage""}"
2,A,CPU Usage Rate,java_inventory,java,inventory,inventory-java:8082,inventory-java:8082 (inventory-service),2026-06-24 16:06:59,2026-06-24T10:36:59Z,1782297419,ramp_1,300.0,0.010526315789473684,"{""__name__"": ""process_cpu_usage""}"
2,A,CPU Usage Rate,java_inventory,java,inventory,order-java:8083,order-java:8083 (order-service),2026-06-24 16:06:59,2026-06-24T10:36:59Z,1782297419,ramp_1,300.0,0.006666666666666667,"{""__name__"": ""process_cpu_usage""}"
2,A,CPU Usage Rate,java_inventory,java,inventory,warehouse-java-twin:9084,warehouse-java-twin:9084 (warehouse-twin),2026-06-24 16:06:59,2026-06-24T10:36:59Z,1782297419,ramp_1,300.0,0.006666666666666667,"{""__name__"": ""process_cpu_usage""}"
2,A,CPU Usage Rate,java_inventory,java,inventory,inventory-java:8082,inventory-java:8082 (inventory-service),2026-06-24 16:07:14,2026-06-24T10:37:14Z,1782297434,ramp_1,315.0,0.016,"{""__name__"": ""process_cpu_usage""}"
2,A,CPU Usage Rate,java_inventory,java,inventory,order-java:8083,order-java:8083 (order-service),2026-06-24 16:07:14,2026-06-24T10:37:14Z,1782297434,ramp_1,315.0,0.007692307692307693,"{""__name__"": ""process_cpu_usage""}"
2,A,CPU Usage Rate,java_inventory,java,inventory,warehouse-java-twin:9084,warehouse-java-twin:9084 (warehouse-twin),2026-06-24 16:07:14,2026-06-24T10:37:14Z,1782297434,ramp_1,315.0,0.00625,"{""__name__"": ""process_cpu_usage""}"
2,A,CPU Usage Rate,java_inventory,java,inventory,inventory-java:8082,inventory-java:8082 (inventory-service),2026-06-24 16:07:29,2026-06-24T10:37:29Z,1782297449,ramp_1,330.0,0.015384615384615385,"{""__name__"": ""process_cpu_usage""}"
2,A,CPU Usage Rate,java_inventory,java,inventory,order-java:8083,order-java:8083 (order-service),2026-06-24 16:07:29,2026-06-24T10:37:29Z,1782297449,ramp_1,330.0,0.01,"{""__name__"": ""process_cpu_usage""}"
2,A,CPU Usage Rate,java_inventory,java,inventory,warehouse-java-twin:9084,warehouse-java-twin:9084 (warehouse-twin),2026-06-24 16:07:29,2026-06-24T10:37:29Z,1782297449,ramp_1,330.0,0.014285714285714285,"{""__name__"": ""process_cpu_usage""}"
2,A,CPU Usage Rate,java_inventory,java,inventory,inventory-java:8082,inventory-java:8082 (inventory-service),2026-06-24 16:07:44,2026-06-24T10:37:44Z,1782297464,ramp_1,345.0,0.016666666666666666,"{""__name__"": ""process_cpu_usage""}"
2,A,CPU Usage Rate,java_inventory,java,inventory,order-java:8083,order-java:8083 (order-service),2026-06-24 16:07:44,2026-06-24T10:37:44Z,1782297464,ramp_1,345.0,0.0125,"{""__name__"": ""process_cpu_usage""}"
2,A,CPU Usage Rate,java_inventory,java,inventory,warehouse-java-twin:9084,warehouse-java-twin:9084 (warehouse-twin),2026-06-24 16:07:44,2026-06-24T10:37:44Z,1782297464,ramp_1,345.0,0.0125,"{""__name__"": ""process_cpu_usage""}"
2,A,CPU Usage Rate,java_inventory,java,inventory,inventory-java:8082,inventory-java:8082 (inventory-service),2026-06-24 16:07:59,2026-06-24T10:37:59Z,1782297479,ramp_1,360.0,0.01935483870967742,"{""__name__"": ""process_cpu_usage""}"
2,A,CPU Usage Rate,java_inventory,java,inventory,order-java:8083,order-java:8083 (order-service),2026-06-24 16:07:59,2026-06-24T10:37:59Z,1782297479,ramp_1,360.0,0.008333333333333333,"{""__name__"": ""process_cpu_usage""}"
2,A,CPU Usage Rate,java_inventory,java,inventory,warehouse-java-twin:9084,warehouse-java-twin:9084 (warehouse-twin),2026-06-24 16:07:59,2026-06-24T10:37:59Z,1782297479,ramp_1,360.0,0.008333333333333333,"{""__name__"": ""process_cpu_usage""}"
2,A,CPU Usage Rate,java_inventory,java,inventory,inventory-java:8082,inventory-java:8082 (inventory-service),2026-06-24 16:08:14,2026-06-24T10:38:14Z,1782297494,ramp_1,375.0,0.020588235294117647,"{""__name__"": ""process_cpu_usage""}"
2,A,CPU Usage Rate,java_inventory,java,inventory,order-java:8083,order-java:8083 (order-service),2026-06-24 16:08:14,2026-06-24T10:38:14Z,1782297494,ramp_1,375.0,0.007692307692307693,"{""__name__"": ""process_cpu_usage""}"
2,A,CPU Usage Rate,java_inventory,java,inventory,warehouse-java-twin:9084,warehouse-java-twin:9084 (warehouse-twin),2026-06-24 16:08:14,2026-06-24T10:38:14Z,1782297494,ramp_1,375.0,0.011111111111111112,"{""__name__"": ""process_cpu_usage""}"
2,A,CPU Usage Rate,java_inventory,java,inventory,inventory-java:8082,inventory-java:8082 (inventory-service),2026-06-24 16:08:29,2026-06-24T10:38:29Z,1782297509,ramp_1,390.0,0.021212121212121213,"{""__name__"": ""process_cpu_usage""}"
2,A,CPU Usage Rate,java_inventory,java,inventory,order-java:8083,order-java:8083 (order-service),2026-06-24 16:08:29,2026-06-24T10:38:29Z,1782297509,ramp_1,390.0,0.00625,"{""__name__"": ""process_cpu_usage""}"
2,A,CPU Usage Rate,java_inventory,java,inventory,warehouse-java-twin:9084,warehouse-java-twin:9084 (warehouse-twin),2026-06-24 16:08:29,2026-06-24T10:38:29Z,1782297509,ramp_1,390.0,0.00909090909090909,"{""__name__"": ""process_cpu_usage""}"
2,A,CPU Usage Rate,java_inventory,java,inventory,inventory-java:8082,inventory-java:8082 (inventory-service),2026-06-24 16:08:44,2026-06-24T10:38:44Z,1782297524,ramp_1,405.0,0.023076923076923078,"{""__name__"": ""process_cpu_usage""}"
2,A,CPU Usage Rate,java_inventory,java,inventory,order-java:8083,order-java:8083 (order-service),2026-06-24 16:08:44,2026-06-24T10:38:44Z,1782297524,ramp_1,405.0,0.008333333333333333,"{""__name__"": ""process_cpu_usage""}"
2,A,CPU Usage Rate,java_inventory,java,inventory,warehouse-java-twin:9084,warehouse-java-twin:9084 (warehouse-twin),2026-06-24 16:08:44,2026-06-24T10:38:44Z,1782297524,ramp_1,405.0,0.013333333333333334,"{""__name__"": ""process_cpu_usage""}"
2,A,CPU Usage Rate,java_inventory,java,inventory,inventory-java:8082,inventory-java:8082 (inventory-service),2026-06-24 16:08:59,2026-06-24T10:38:59Z,1782297539,ramp_1,420.0,0.020454545454545454,"{""__name__"": ""process_cpu_usage""}"
2,A,CPU Usage Rate,java_inventory,java,inventory,order-java:8083,order-java:8083 (order-service),2026-06-24 16:08:59,2026-06-24T10:38:59Z,1782297539,ramp_1,420.0,0.007142857142857143,"{""__name__"": ""process_cpu_usage""}"
2,A,CPU Usage Rate,java_inventory,java,inventory,warehouse-java-twin:9084,warehouse-java-twin:9084 (warehouse-twin),2026-06-24 16:08:59,2026-06-24T10:38:59Z,1782297539,ramp_1,420.0,0.015384615384615385,"{""__name__"": ""process_cpu_usage""}"
2,A,CPU Usage Rate,java_inventory,java,inventory,inventory-java:8082,inventory-java:8082 (inventory-service),2026-06-24 16:09:14,2026-06-24T10:39:14Z,1782297554,ramp_1,435.0,0.02619047619047619,"{""__name__"": ""process_cpu_usage""}"
2,A,CPU Usage Rate,java_inventory,java,inventory,order-java:8083,order-java:8083 (order-service),2026-06-24 16:09:14,2026-06-24T10:39:14Z,1782297554,ramp_1,435.0,0.007692307692307693,"{""__name__"": ""process_cpu_usage""}"
2,A,CPU Usage Rate,java_inventory,java,inventory,warehouse-java-twin:9084,warehouse-java-twin:9084 (warehouse-twin),2026-06-24 16:09:14,2026-06-24T10:39:14Z,1782297554,ramp_1,435.0,0.0125,"{""__name__"": ""process_cpu_usage""}"
2,A,CPU Usage Rate,java_inventory,java,inventory,inventory-java:8082,inventory-java:8082 (inventory-service),2026-06-24 16:09:29,2026-06-24T10:39:29Z,1782297569,ramp_1,450.0,0.022916666666666665,"{""__name__"": ""process_cpu_usage""}"
2,A,CPU Usage Rate,java_inventory,java,inventory,order-java:8083,order-java:8083 (order-service),2026-06-24 16:09:29,2026-06-24T10:39:29Z,1782297569,ramp_1,450.0,0.013333333333333334,"{""__name__"": ""process_cpu_usage""}"
2,A,CPU Usage Rate,java_inventory,java,inventory,warehouse-java-twin:9084,warehouse-java-twin:9084 (warehouse-twin),2026-06-24 16:09:29,2026-06-24T10:39:29Z,1782297569,ramp_1,450.0,0.006666666666666667,"{""__name__"": ""process_cpu_usage""}"
2,A,CPU Usage Rate,java_inventory,java,inventory,inventory-java:8082,inventory-java:8082 (inventory-service),2026-06-24 16:09:44,2026-06-24T10:39:44Z,1782297584,ramp_1,465.0,0.022,"{""__name__"": ""process_cpu_usage""}"
2,A,CPU Usage Rate,java_inventory,java,inventory,order-java:8083,order-java:8083 (order-service),2026-06-24 16:09:44,2026-06-24T10:39:44Z,1782297584,ramp_1,465.0,0.007142857142857143,"{""__name__"": ""process_cpu_usage""}"
2,A,CPU Usage Rate,java_inventory,java,inventory,warehouse-java-twin:9084,warehouse-java-twin:9084 (warehouse-twin),2026-06-24 16:09:44,2026-06-24T10:39:44Z,1782297584,ramp_1,465.0,0.008333333333333333,"{""__name__"": ""process_cpu_usage""}"
2,A,CPU Usage Rate,java_inventory,java,inventory,inventory-java:8082,inventory-java:8082 (inventory-service),2026-06-24 16:09:59,2026-06-24T10:39:59Z,1782297599,ramp_1,480.0,0.028,"{""__name__"": ""process_cpu_usage""}"
2,A,CPU Usage Rate,java_inventory,java,inventory,order-java:8083,order-java:8083 (order-service),2026-06-24 16:09:59,2026-06-24T10:39:59Z,1782297599,ramp_1,480.0,0.007142857142857143,"{""__name__"": ""process_cpu_usage""}"
2,A,CPU Usage Rate,java_inventory,java,inventory,warehouse-java-twin:9084,warehouse-java-twin:9084 (warehouse-twin),2026-06-24 16:09:59,2026-06-24T10:39:59Z,1782297599,ramp_1,480.0,0.0,"{""__name__"": ""process_cpu_usage""}"
2,A,CPU Usage Rate,java_inventory,java,inventory,inventory-java:8082,inventory-java:8082 (inventory-service),2026-06-24 16:10:14,2026-06-24T10:40:14Z,1782297614,ramp_1,495.0,0.026,"{""__name__"": ""process_cpu_usage""}"
2,A,CPU Usage Rate,java_inventory,java,inventory,order-java:8083,order-java:8083 (order-service),2026-06-24 16:10:14,2026-06-24T10:40:14Z,1782297614,ramp_1,495.0,0.014285714285714285,"{""__name__"": ""process_cpu_usage""}"
2,A,CPU Usage Rate,java_inventory,java,inventory,warehouse-java-twin:9084,warehouse-java-twin:9084 (warehouse-twin),2026-06-24 16:10:14,2026-06-24T10:40:14Z,1782297614,ramp_1,495.0,0.00625,"{""__name__"": ""process_cpu_usage""}"
2,A,CPU Usage Rate,java_inventory,java,inventory,inventory-java:8082,inventory-java:8082 (inventory-service),2026-06-24 16:10:29,2026-06-24T10:40:29Z,1782297629,ramp_1,510.0,0.026,"{""__name__"": ""process_cpu_usage""}"
2,A,CPU Usage Rate,java_inventory,java,inventory,order-java:8083,order-java:8083 (order-service),2026-06-24 16:10:29,2026-06-24T10:40:29Z,1782297629,ramp_1,510.0,0.007692307692307693,"{""__name__"": ""process_cpu_usage""}"
2,A,CPU Usage Rate,java_inventory,java,inventory,warehouse-java-twin:9084,warehouse-java-twin:9084 (warehouse-twin),2026-06-24 16:10:29,2026-06-24T10:40:29Z,1782297629,ramp_1,510.0,0.007692307692307693,"{""__name__"": ""process_cpu_usage""}"
2,A,CPU Usage Rate,java_inventory,java,inventory,inventory-java:8082,inventory-java:8082 (inventory-service),2026-06-24 16:10:44,2026-06-24T10:40:44Z,1782297644,ramp_1,525.0,0.028,"{""__name__"": ""process_cpu_usage""}"
2,A,CPU Usage Rate,java_inventory,java,inventory,order-java:8083,order-java:8083 (order-service),2026-06-24 16:10:44,2026-06-24T10:40:44Z,1782297644,ramp_1,525.0,0.007692307692307693,"{""__name__"": ""process_cpu_usage""}"
2,A,CPU Usage Rate,java_inventory,java,inventory,warehouse-java-twin:9084,warehouse-java-twin:9084 (warehouse-twin),2026-06-24 16:10:44,2026-06-24T10:40:44Z,1782297644,ramp_1,525.0,0.007142857142857143,"{""__name__"": ""process_cpu_usage""}"
2,A,CPU Usage Rate,java_inventory,java,inventory,inventory-java:8082,inventory-java:8082 (inventory-service),2026-06-24 16:10:59,2026-06-24T10:40:59Z,1782297659,ramp_1,540.0,0.03,"{""__name__"": ""process_cpu_usage""}"
2,A,CPU Usage Rate,java_inventory,java,inventory,order-java:8083,order-java:8083 (order-service),2026-06-24 16:10:59,2026-06-24T10:40:59Z,1782297659,ramp_1,540.0,0.0,"{""__name__"": ""process_cpu_usage""}"
2,A,CPU Usage Rate,java_inventory,java,inventory,warehouse-java-twin:9084,warehouse-java-twin:9084 (warehouse-twin),2026-06-24 16:10:59,2026-06-24T10:40:59Z,1782297659,ramp_1,540.0,0.007142857142857143,"{""__name__"": ""process_cpu_usage""}"
2,A,CPU Usage Rate,java_inventory,java,inventory,inventory-java:8082,inventory-java:8082 (inventory-service),2026-06-24 16:11:14,2026-06-24T10:41:14Z,1782297674,ramp_1,555.0,0.028,"{""__name__"": ""process_cpu_usage""}"
2,A,CPU Usage Rate,java_inventory,java,inventory,order-java:8083,order-java:8083 (order-service),2026-06-24 16:11:14,2026-06-24T10:41:14Z,1782297674,ramp_1,555.0,0.00625,"{""__name__"": ""process_cpu_usage""}"
2,A,CPU Usage Rate,java_inventory,java,inventory,warehouse-java-twin:9084,warehouse-java-twin:9084 (warehouse-twin),2026-06-24 16:11:14,2026-06-24T10:41:14Z,1782297674,ramp_1,555.0,0.008333333333333333,"{""__name__"": ""process_cpu_usage""}"
2,A,CPU Usage Rate,java_inventory,java,inventory,inventory-java:8082,inventory-java:8082 (inventory-service),2026-06-24 16:11:29,2026-06-24T10:41:29Z,1782297689,ramp_1,570.0,0.03,"{""__name__"": ""process_cpu_usage""}"
2,A,CPU Usage Rate,java_inventory,java,inventory,order-java:8083,order-java:8083 (order-service),2026-06-24 16:11:29,2026-06-24T10:41:29Z,1782297689,ramp_1,570.0,0.0,"{""__name__"": ""process_cpu_usage""}"
2,A,CPU Usage Rate,java_inventory,java,inventory,warehouse-java-twin:9084,warehouse-java-twin:9084 (warehouse-twin),2026-06-24 16:11:29,2026-06-24T10:41:29Z,1782297689,ramp_1,570.0,0.006666666666666667,"{""__name__"": ""process_cpu_usage""}"
2,A,CPU Usage Rate,java_inventory,java,inventory,inventory-java:8082,inventory-java:8082 (inventory-service),2026-06-24 16:11:44,2026-06-24T10:41:44Z,1782297704,ramp_1,585.0,0.032,"{""__name__"": ""process_cpu_usage""}"
2,A,CPU Usage Rate,java_inventory,java,inventory,order-java:8083,order-java:8083 (order-service),2026-06-24 16:11:44,2026-06-24T10:41:44Z,1782297704,ramp_1,585.0,0.01,"{""__name__"": ""process_cpu_usage""}"
2,A,CPU Usage Rate,java_inventory,java,inventory,warehouse-java-twin:9084,warehouse-java-twin:9084 (warehouse-twin),2026-06-24 16:11:44,2026-06-24T10:41:44Z,1782297704,ramp_1,585.0,0.0125,"{""__name__"": ""process_cpu_usage""}"
2,A,CPU Usage Rate,java_inventory,java,inventory,inventory-java:8082,inventory-java:8082 (inventory-service),2026-06-24 16:11:59,2026-06-24T10:41:59Z,1782297719,ramp_2,600.0,0.036,"{""__name__"": ""process_cpu_usage""}"
2,A,CPU Usage Rate,java_inventory,java,inventory,order-java:8083,order-java:8083 (order-service),2026-06-24 16:11:59,2026-06-24T10:41:59Z,1782297719,ramp_2,600.0,0.00909090909090909,"{""__name__"": ""process_cpu_usage""}"
2,A,CPU Usage Rate,java_inventory,java,inventory,warehouse-java-twin:9084,warehouse-java-twin:9084 (warehouse-twin),2026-06-24 16:11:59,2026-06-24T10:41:59Z,1782297719,ramp_2,600.0,0.004545454545454545,"{""__name__"": ""process_cpu_usage""}"
2,A,CPU Usage Rate,java_inventory,java,inventory,inventory-java:8082,inventory-java:8082 (inventory-service),2026-06-24 16:12:14,2026-06-24T10:42:14Z,1782297734,ramp_2,615.0,0.036,"{""__name__"": ""process_cpu_usage""}"
2,A,CPU Usage Rate,java_inventory,java,inventory,order-java:8083,order-java:8083 (order-service),2026-06-24 16:12:14,2026-06-24T10:42:14Z,1782297734,ramp_2,615.0,0.00909090909090909,"{""__name__"": ""process_cpu_usage""}"
2,A,CPU Usage Rate,java_inventory,java,inventory,warehouse-java-twin:9084,warehouse-java-twin:9084 (warehouse-twin),2026-06-24 16:12:14,2026-06-24T10:42:14Z,1782297734,ramp_2,615.0,0.007142857142857143,"{""__name__"": ""process_cpu_usage""}"
2,A,CPU Usage Rate,java_inventory,java,inventory,inventory-java:8082,inventory-java:8082 (inventory-service),2026-06-24 16:12:29,2026-06-24T10:42:29Z,1782297749,ramp_2,630.0,0.038,"{""__name__"": ""process_cpu_usage""}"
2,A,CPU Usage Rate,java_inventory,java,inventory,order-java:8083,order-java:8083 (order-service),2026-06-24 16:12:29,2026-06-24T10:42:29Z,1782297749,ramp_2,630.0,0.007692307692307693,"{""__name__"": ""process_cpu_usage""}"
2,A,CPU Usage Rate,java_inventory,java,inventory,warehouse-java-twin:9084,warehouse-java-twin:9084 (warehouse-twin),2026-06-24 16:12:29,2026-06-24T10:42:29Z,1782297749,ramp_2,630.0,0.025,"{""__name__"": ""process_cpu_usage""}"
2,A,CPU Usage Rate,java_inventory,java,inventory,inventory-java:8082,inventory-java:8082 (inventory-service),2026-06-24 16:12:44,2026-06-24T10:42:44Z,1782297764,ramp_2,645.0,0.038,"{""__name__"": ""process_cpu_usage""}"
2,A,CPU Usage Rate,java_inventory,java,inventory,order-java:8083,order-java:8083 (order-service),2026-06-24 16:12:44,2026-06-24T10:42:44Z,1782297764,ramp_2,645.0,0.00625,"{""__name__"": ""process_cpu_usage""}"
2,A,CPU Usage Rate,java_inventory,java,inventory,warehouse-java-twin:9084,warehouse-java-twin:9084 (warehouse-twin),2026-06-24 16:12:44,2026-06-24T10:42:44Z,1782297764,ramp_2,645.0,0.007142857142857143,"{""__name__"": ""process_cpu_usage""}"
2,A,CPU Usage Rate,java_inventory,java,inventory,inventory-java:8082,inventory-java:8082 (inventory-service),2026-06-24 16:12:59,2026-06-24T10:42:59Z,1782297779,ramp_2,660.0,0.036,"{""__name__"": ""process_cpu_usage""}"
2,A,CPU Usage Rate,java_inventory,java,inventory,order-java:8083,order-java:8083 (order-service),2026-06-24 16:12:59,2026-06-24T10:42:59Z,1782297779,ramp_2,660.0,0.008333333333333333,"{""__name__"": ""process_cpu_usage""}"
2,A,CPU Usage Rate,java_inventory,java,inventory,warehouse-java-twin:9084,warehouse-java-twin:9084 (warehouse-twin),2026-06-24 16:12:59,2026-06-24T10:42:59Z,1782297779,ramp_2,660.0,0.006666666666666667,"{""__name__"": ""process_cpu_usage""}"
2,A,CPU Usage Rate,java_inventory,java,inventory,inventory-java:8082,inventory-java:8082 (inventory-service),2026-06-24 16:13:14,2026-06-24T10:43:14Z,1782297794,ramp_2,675.0,0.03877551020408163,"{""__name__"": ""process_cpu_usage""}"
2,A,CPU Usage Rate,java_inventory,java,inventory,order-java:8083,order-java:8083 (order-service),2026-06-24 16:13:14,2026-06-24T10:43:14Z,1782297794,ramp_2,675.0,0.0,"{""__name__"": ""process_cpu_usage""}"
2,A,CPU Usage Rate,java_inventory,java,inventory,warehouse-java-twin:9084,warehouse-java-twin:9084 (warehouse-twin),2026-06-24 16:13:14,2026-06-24T10:43:14Z,1782297794,ramp_2,675.0,0.007142857142857143,"{""__name__"": ""process_cpu_usage""}"
2,A,CPU Usage Rate,java_inventory,java,inventory,inventory-java:8082,inventory-java:8082 (inventory-service),2026-06-24 16:13:29,2026-06-24T10:43:29Z,1782297809,ramp_2,690.0,0.054,"{""__name__"": ""process_cpu_usage""}"
2,A,CPU Usage Rate,java_inventory,java,inventory,order-java:8083,order-java:8083 (order-service),2026-06-24 16:13:29,2026-06-24T10:43:29Z,1782297809,ramp_2,690.0,0.006666666666666667,"{""__name__"": ""process_cpu_usage""}"
2,A,CPU Usage Rate,java_inventory,java,inventory,warehouse-java-twin:9084,warehouse-java-twin:9084 (warehouse-twin),2026-06-24 16:13:29,2026-06-24T10:43:29Z,1782297809,ramp_2,690.0,0.007142857142857143,"{""__name__"": ""process_cpu_usage""}"
2,A,CPU Usage Rate,java_inventory,java,inventory,inventory-java:8082,inventory-java:8082 (inventory-service),2026-06-24 16:13:44,2026-06-24T10:43:44Z,1782297824,ramp_2,705.0,0.04,"{""__name__"": ""process_cpu_usage""}"
2,A,CPU Usage Rate,java_inventory,java,inventory,order-java:8083,order-java:8083 (order-service),2026-06-24 16:13:44,2026-06-24T10:43:44Z,1782297824,ramp_2,705.0,0.00909090909090909,"{""__name__"": ""process_cpu_usage""}"
2,A,CPU Usage Rate,java_inventory,java,inventory,warehouse-java-twin:9084,warehouse-java-twin:9084 (warehouse-twin),2026-06-24 16:13:44,2026-06-24T10:43:44Z,1782297824,ramp_2,705.0,0.014285714285714285,"{""__name__"": ""process_cpu_usage""}"
2,A,CPU Usage Rate,java_inventory,java,inventory,inventory-java:8082,inventory-java:8082 (inventory-service),2026-06-24 16:13:59,2026-06-24T10:43:59Z,1782297839,ramp_2,720.0,0.042,"{""__name__"": ""process_cpu_usage""}"
2,A,CPU Usage Rate,java_inventory,java,inventory,order-java:8083,order-java:8083 (order-service),2026-06-24 16:13:59,2026-06-24T10:43:59Z,1782297839,ramp_2,720.0,0.007142857142857143,"{""__name__"": ""process_cpu_usage""}"
2,A,CPU Usage Rate,java_inventory,java,inventory,warehouse-java-twin:9084,warehouse-java-twin:9084 (warehouse-twin),2026-06-24 16:13:59,2026-06-24T10:43:59Z,1782297839,ramp_2,720.0,0.0125,"{""__name__"": ""process_cpu_usage""}"
2,A,CPU Usage Rate,java_inventory,java,inventory,inventory-java:8082,inventory-java:8082 (inventory-service),2026-06-24 16:14:14,2026-06-24T10:44:14Z,1782297854,ramp_2,735.0,0.048,"{""__name__"": ""process_cpu_usage""}"
2,A,CPU Usage Rate,java_inventory,java,inventory,order-java:8083,order-java:8083 (order-service),2026-06-24 16:14:14,2026-06-24T10:44:14Z,1782297854,ramp_2,735.0,0.011111111111111112,"{""__name__"": ""process_cpu_usage""}"
2,A,CPU Usage Rate,java_inventory,java,inventory,warehouse-java-twin:9084,warehouse-java-twin:9084 (warehouse-twin),2026-06-24 16:14:14,2026-06-24T10:44:14Z,1782297854,ramp_2,735.0,0.0,"{""__name__"": ""process_cpu_usage""}"
2,A,CPU Usage Rate,java_inventory,java,inventory,inventory-java:8082,inventory-java:8082 (inventory-service),2026-06-24 16:14:29,2026-06-24T10:44:29Z,1782297869,ramp_2,750.0,0.020833333333333332,"{""__name__"": ""process_cpu_usage""}"
2,A,CPU Usage Rate,java_inventory,java,inventory,order-java:8083,order-java:8083 (order-service),2026-06-24 16:14:29,2026-06-24T10:44:29Z,1782297869,ramp_2,750.0,0.016666666666666666,"{""__name__"": ""process_cpu_usage""}"
2,A,CPU Usage Rate,java_inventory,java,inventory,warehouse-java-twin:9084,warehouse-java-twin:9084 (warehouse-twin),2026-06-24 16:14:29,2026-06-24T10:44:29Z,1782297869,ramp_2,750.0,0.011111111111111112,"{""__name__"": ""process_cpu_usage""}"
2,A,CPU Usage Rate,java_inventory,java,inventory,inventory-java:8082,inventory-java:8082 (inventory-service),2026-06-24 16:14:44,2026-06-24T10:44:44Z,1782297884,ramp_2,765.0,0.022,"{""__name__"": ""process_cpu_usage""}"
2,A,CPU Usage Rate,java_inventory,java,inventory,order-java:8083,order-java:8083 (order-service),2026-06-24 16:14:44,2026-06-24T10:44:44Z,1782297884,ramp_2,765.0,0.0,"{""__name__"": ""process_cpu_usage""}"
2,A,CPU Usage Rate,java_inventory,java,inventory,warehouse-java-twin:9084,warehouse-java-twin:9084 (warehouse-twin),2026-06-24 16:14:44,2026-06-24T10:44:44Z,1782297884,ramp_2,765.0,0.00909090909090909,"{""__name__"": ""process_cpu_usage""}"
2,A,CPU Usage Rate,java_inventory,java,inventory,inventory-java:8082,inventory-java:8082 (inventory-service),2026-06-24 16:14:59,2026-06-24T10:44:59Z,1782297899,ramp_2,780.0,0.020833333333333332,"{""__name__"": ""process_cpu_usage""}"
2,A,CPU Usage Rate,java_inventory,java,inventory,order-java:8083,order-java:8083 (order-service),2026-06-24 16:14:59,2026-06-24T10:44:59Z,1782297899,ramp_2,780.0,0.02,"{""__name__"": ""process_cpu_usage""}"
2,A,CPU Usage Rate,java_inventory,java,inventory,warehouse-java-twin:9084,warehouse-java-twin:9084 (warehouse-twin),2026-06-24 16:14:59,2026-06-24T10:44:59Z,1782297899,ramp_2,780.0,0.007142857142857143,"{""__name__"": ""process_cpu_usage""}"
2,A,CPU Usage Rate,java_inventory,java,inventory,inventory-java:8082,inventory-java:8082 (inventory-service),2026-06-24 16:15:14,2026-06-24T10:45:14Z,1782297914,ramp_2,795.0,0.05,"{""__name__"": ""process_cpu_usage""}"
2,A,CPU Usage Rate,java_inventory,java,inventory,order-java:8083,order-java:8083 (order-service),2026-06-24 16:15:14,2026-06-24T10:45:14Z,1782297914,ramp_2,795.0,0.008333333333333333,"{""__name__"": ""process_cpu_usage""}"
2,A,CPU Usage Rate,java_inventory,java,inventory,warehouse-java-twin:9084,warehouse-java-twin:9084 (warehouse-twin),2026-06-24 16:15:14,2026-06-24T10:45:14Z,1782297914,ramp_2,795.0,0.00909090909090909,"{""__name__"": ""process_cpu_usage""}"
2,A,CPU Usage Rate,java_inventory,java,inventory,inventory-java:8082,inventory-java:8082 (inventory-service),2026-06-24 16:15:29,2026-06-24T10:45:29Z,1782297929,ramp_2,810.0,0.052,"{""__name__"": ""process_cpu_usage""}"
2,A,CPU Usage Rate,java_inventory,java,inventory,order-java:8083,order-java:8083 (order-service),2026-06-24 16:15:29,2026-06-24T10:45:29Z,1782297929,ramp_2,810.0,0.02857142857142857,"{""__name__"": ""process_cpu_usage""}"
2,A,CPU Usage Rate,java_inventory,java,inventory,warehouse-java-twin:9084,warehouse-java-twin:9084 (warehouse-twin),2026-06-24 16:15:29,2026-06-24T10:45:29Z,1782297929,ramp_2,810.0,0.01,"{""__name__"": ""process_cpu_usage""}"
2,A,CPU Usage Rate,java_inventory,java,inventory,inventory-java:8082,inventory-java:8082 (inventory-service),2026-06-24 16:15:44,2026-06-24T10:45:44Z,1782297944,ramp_2,825.0,0.056,"{""__name__"": ""process_cpu_usage""}"
2,A,CPU Usage Rate,java_inventory,java,inventory,order-java:8083,order-java:8083 (order-service),2026-06-24 16:15:44,2026-06-24T10:45:44Z,1782297944,ramp_2,825.0,0.008333333333333333,"{""__name__"": ""process_cpu_usage""}"
2,A,CPU Usage Rate,java_inventory,java,inventory,warehouse-java-twin:9084,warehouse-java-twin:9084 (warehouse-twin),2026-06-24 16:15:44,2026-06-24T10:45:44Z,1782297944,ramp_2,825.0,0.0,"{""__name__"": ""process_cpu_usage""}"
2,A,CPU Usage Rate,java_inventory,java,inventory,inventory-java:8082,inventory-java:8082 (inventory-service),2026-06-24 16:15:59,2026-06-24T10:45:59Z,1782297959,ramp_2,840.0,0.056,"{""__name__"": ""process_cpu_usage""}"
2,A,CPU Usage Rate,java_inventory,java,inventory,order-java:8083,order-java:8083 (order-service),2026-06-24 16:15:59,2026-06-24T10:45:59Z,1782297959,ramp_2,840.0,0.01,"{""__name__"": ""process_cpu_usage""}"
2,A,CPU Usage Rate,java_inventory,java,inventory,warehouse-java-twin:9084,warehouse-java-twin:9084 (warehouse-twin),2026-06-24 16:15:59,2026-06-24T10:45:59Z,1782297959,ramp_2,840.0,0.0,"{""__name__"": ""process_cpu_usage""}"
2,A,CPU Usage Rate,java_inventory,java,inventory,inventory-java:8082,inventory-java:8082 (inventory-service),2026-06-24 16:16:14,2026-06-24T10:46:14Z,1782297974,ramp_2,855.0,0.058,"{""__name__"": ""process_cpu_usage""}"
2,A,CPU Usage Rate,java_inventory,java,inventory,order-java:8083,order-java:8083 (order-service),2026-06-24 16:16:14,2026-06-24T10:46:14Z,1782297974,ramp_2,855.0,0.008333333333333333,"{""__name__"": ""process_cpu_usage""}"
2,A,CPU Usage Rate,java_inventory,java,inventory,warehouse-java-twin:9084,warehouse-java-twin:9084 (warehouse-twin),2026-06-24 16:16:14,2026-06-24T10:46:14Z,1782297974,ramp_2,855.0,0.0,"{""__name__"": ""process_cpu_usage""}"
2,A,CPU Usage Rate,java_inventory,java,inventory,inventory-java:8082,inventory-java:8082 (inventory-service),2026-06-24 16:16:29,2026-06-24T10:46:29Z,1782297989,ramp_2,870.0,0.06,"{""__name__"": ""process_cpu_usage""}"
2,A,CPU Usage Rate,java_inventory,java,inventory,order-java:8083,order-java:8083 (order-service),2026-06-24 16:16:29,2026-06-24T10:46:29Z,1782297989,ramp_2,870.0,0.006666666666666667,"{""__name__"": ""process_cpu_usage""}"
2,A,CPU Usage Rate,java_inventory,java,inventory,warehouse-java-twin:9084,warehouse-java-twin:9084 (warehouse-twin),2026-06-24 16:16:29,2026-06-24T10:46:29Z,1782297989,ramp_2,870.0,0.011111111111111112,"{""__name__"": ""process_cpu_usage""}"
2,A,CPU Usage Rate,java_inventory,java,inventory,inventory-java:8082,inventory-java:8082 (inventory-service),2026-06-24 16:16:44,2026-06-24T10:46:44Z,1782298004,ramp_2,885.0,0.058,"{""__name__"": ""process_cpu_usage""}"
2,A,CPU Usage Rate,java_inventory,java,inventory,order-java:8083,order-java:8083 (order-service),2026-06-24 16:16:44,2026-06-24T10:46:44Z,1782298004,ramp_2,885.0,0.0,"{""__name__"": ""process_cpu_usage""}"
2,A,CPU Usage Rate,java_inventory,java,inventory,warehouse-java-twin:9084,warehouse-java-twin:9084 (warehouse-twin),2026-06-24 16:16:44,2026-06-24T10:46:44Z,1782298004,ramp_2,885.0,0.008333333333333333,"{""__name__"": ""process_cpu_usage""}"
2,A,CPU Usage Rate,java_inventory,java,inventory,inventory-java:8082,inventory-java:8082 (inventory-service),2026-06-24 16:16:59,2026-06-24T10:46:59Z,1782298019,ramp_3,900.0,0.062,"{""__name__"": ""process_cpu_usage""}"
2,A,CPU Usage Rate,java_inventory,java,inventory,order-java:8083,order-java:8083 (order-service),2026-06-24 16:16:59,2026-06-24T10:46:59Z,1782298019,ramp_3,900.0,0.00909090909090909,"{""__name__"": ""process_cpu_usage""}"
2,A,CPU Usage Rate,java_inventory,java,inventory,warehouse-java-twin:9084,warehouse-java-twin:9084 (warehouse-twin),2026-06-24 16:16:59,2026-06-24T10:46:59Z,1782298019,ramp_3,900.0,0.013333333333333334,"{""__name__"": ""process_cpu_usage""}"
2,A,CPU Usage Rate,java_inventory,java,inventory,inventory-java:8082,inventory-java:8082 (inventory-service),2026-06-24 16:17:14,2026-06-24T10:47:14Z,1782298034,ramp_3,915.0,0.064,"{""__name__"": ""process_cpu_usage""}"
2,A,CPU Usage Rate,java_inventory,java,inventory,order-java:8083,order-java:8083 (order-service),2026-06-24 16:17:14,2026-06-24T10:47:14Z,1782298034,ramp_3,915.0,0.016666666666666666,"{""__name__"": ""process_cpu_usage""}"
2,A,CPU Usage Rate,java_inventory,java,inventory,warehouse-java-twin:9084,warehouse-java-twin:9084 (warehouse-twin),2026-06-24 16:17:14,2026-06-24T10:47:14Z,1782298034,ramp_3,915.0,0.01,"{""__name__"": ""process_cpu_usage""}"
2,A,CPU Usage Rate,java_inventory,java,inventory,inventory-java:8082,inventory-java:8082 (inventory-service),2026-06-24 16:17:29,2026-06-24T10:47:29Z,1782298049,ramp_3,930.0,0.066,"{""__name__"": ""process_cpu_usage""}"
2,A,CPU Usage Rate,java_inventory,java,inventory,order-java:8083,order-java:8083 (order-service),2026-06-24 16:17:29,2026-06-24T10:47:29Z,1782298049,ramp_3,930.0,0.015384615384615385,"{""__name__"": ""process_cpu_usage""}"
2,A,CPU Usage Rate,java_inventory,java,inventory,warehouse-java-twin:9084,warehouse-java-twin:9084 (warehouse-twin),2026-06-24 16:17:29,2026-06-24T10:47:29Z,1782298049,ramp_3,930.0,0.014285714285714285,"{""__name__"": ""process_cpu_usage""}"
2,A,CPU Usage Rate,java_inventory,java,inventory,inventory-java:8082,inventory-java:8082 (inventory-service),2026-06-24 16:17:44,2026-06-24T10:47:44Z,1782298064,ramp_3,945.0,0.064,"{""__name__"": ""process_cpu_usage""}"
2,A,CPU Usage Rate,java_inventory,java,inventory,order-java:8083,order-java:8083 (order-service),2026-06-24 16:17:44,2026-06-24T10:47:44Z,1782298064,ramp_3,945.0,0.01,"{""__name__"": ""process_cpu_usage""}"
2,A,CPU Usage Rate,java_inventory,java,inventory,warehouse-java-twin:9084,warehouse-java-twin:9084 (warehouse-twin),2026-06-24 16:17:44,2026-06-24T10:47:44Z,1782298064,ramp_3,945.0,0.022222222222222223,"{""__name__"": ""process_cpu_usage""}"
2,A,CPU Usage Rate,java_inventory,java,inventory,inventory-java:8082,inventory-java:8082 (inventory-service),2026-06-24 16:17:59,2026-06-24T10:47:59Z,1782298079,ramp_3,960.0,0.068,"{""__name__"": ""process_cpu_usage""}"
2,A,CPU Usage Rate,java_inventory,java,inventory,order-java:8083,order-java:8083 (order-service),2026-06-24 16:17:59,2026-06-24T10:47:59Z,1782298079,ramp_3,960.0,0.016666666666666666,"{""__name__"": ""process_cpu_usage""}"
2,A,CPU Usage Rate,java_inventory,java,inventory,warehouse-java-twin:9084,warehouse-java-twin:9084 (warehouse-twin),2026-06-24 16:17:59,2026-06-24T10:47:59Z,1782298079,ramp_3,960.0,0.014285714285714285,"{""__name__"": ""process_cpu_usage""}"
2,A,CPU Usage Rate,java_inventory,java,inventory,inventory-java:8082,inventory-java:8082 (inventory-service),2026-06-24 16:18:14,2026-06-24T10:48:14Z,1782298094,ramp_3,975.0,0.068,"{""__name__"": ""process_cpu_usage""}"
2,A,CPU Usage Rate,java_inventory,java,inventory,order-java:8083,order-java:8083 (order-service),2026-06-24 16:18:14,2026-06-24T10:48:14Z,1782298094,ramp_3,975.0,0.014285714285714285,"{""__name__"": ""process_cpu_usage""}"
2,A,CPU Usage Rate,java_inventory,java,inventory,warehouse-java-twin:9084,warehouse-java-twin:9084 (warehouse-twin),2026-06-24 16:18:14,2026-06-24T10:48:14Z,1782298094,ramp_3,975.0,0.016666666666666666,"{""__name__"": ""process_cpu_usage""}"
2,A,CPU Usage Rate,java_inventory,java,inventory,inventory-java:8082,inventory-java:8082 (inventory-service),2026-06-24 16:18:29,2026-06-24T10:48:29Z,1782298109,ramp_3,990.0,0.078,"{""__name__"": ""process_cpu_usage""}"
2,A,CPU Usage Rate,java_inventory,java,inventory,order-java:8083,order-java:8083 (order-service),2026-06-24 16:18:29,2026-06-24T10:48:29Z,1782298109,ramp_3,990.0,0.007692307692307693,"{""__name__"": ""process_cpu_usage""}"
2,A,CPU Usage Rate,java_inventory,java,inventory,warehouse-java-twin:9084,warehouse-java-twin:9084 (warehouse-twin),2026-06-24 16:18:29,2026-06-24T10:48:29Z,1782298109,ramp_3,990.0,0.007692307692307693,"{""__name__"": ""process_cpu_usage""}"
2,A,CPU Usage Rate,java_inventory,java,inventory,inventory-java:8082,inventory-java:8082 (inventory-service),2026-06-24 16:18:44,2026-06-24T10:48:44Z,1782298124,ramp_3,1005.0,0.078,"{""__name__"": ""process_cpu_usage""}"
2,A,CPU Usage Rate,java_inventory,java,inventory,order-java:8083,order-java:8083 (order-service),2026-06-24 16:18:44,2026-06-24T10:48:44Z,1782298124,ramp_3,1005.0,0.011764705882352941,"{""__name__"": ""process_cpu_usage""}"
2,A,CPU Usage Rate,java_inventory,java,inventory,warehouse-java-twin:9084,warehouse-java-twin:9084 (warehouse-twin),2026-06-24 16:18:44,2026-06-24T10:48:44Z,1782298124,ramp_3,1005.0,0.016666666666666666,"{""__name__"": ""process_cpu_usage""}"
2,A,CPU Usage Rate,java_inventory,java,inventory,inventory-java:8082,inventory-java:8082 (inventory-service),2026-06-24 16:18:59,2026-06-24T10:48:59Z,1782298139,ramp_3,1020.0,0.078,"{""__name__"": ""process_cpu_usage""}"
2,A,CPU Usage Rate,java_inventory,java,inventory,order-java:8083,order-java:8083 (order-service),2026-06-24 16:18:59,2026-06-24T10:48:59Z,1782298139,ramp_3,1020.0,0.02,"{""__name__"": ""process_cpu_usage""}"
2,A,CPU Usage Rate,java_inventory,java,inventory,warehouse-java-twin:9084,warehouse-java-twin:9084 (warehouse-twin),2026-06-24 16:18:59,2026-06-24T10:48:59Z,1782298139,ramp_3,1020.0,0.014285714285714285,"{""__name__"": ""process_cpu_usage""}"
2,A,CPU Usage Rate,java_inventory,java,inventory,inventory-java:8082,inventory-java:8082 (inventory-service),2026-06-24 16:19:14,2026-06-24T10:49:14Z,1782298154,ramp_3,1035.0,0.086,"{""__name__"": ""process_cpu_usage""}"
2,A,CPU Usage Rate,java_inventory,java,inventory,order-java:8083,order-java:8083 (order-service),2026-06-24 16:19:14,2026-06-24T10:49:14Z,1782298154,ramp_3,1035.0,0.02,"{""__name__"": ""process_cpu_usage""}"
2,A,CPU Usage Rate,java_inventory,java,inventory,warehouse-java-twin:9084,warehouse-java-twin:9084 (warehouse-twin),2026-06-24 16:19:14,2026-06-24T10:49:14Z,1782298154,ramp_3,1035.0,0.013333333333333334,"{""__name__"": ""process_cpu_usage""}"
2,A,CPU Usage Rate,java_inventory,java,inventory,inventory-java:8082,inventory-java:8082 (inventory-service),2026-06-24 16:19:29,2026-06-24T10:49:29Z,1782298169,ramp_3,1050.0,0.086,"{""__name__"": ""process_cpu_usage""}"
2,A,CPU Usage Rate,java_inventory,java,inventory,order-java:8083,order-java:8083 (order-service),2026-06-24 16:19:29,2026-06-24T10:49:29Z,1782298169,ramp_3,1050.0,0.00909090909090909,"{""__name__"": ""process_cpu_usage""}"
2,A,CPU Usage Rate,java_inventory,java,inventory,warehouse-java-twin:9084,warehouse-java-twin:9084 (warehouse-twin),2026-06-24 16:19:29,2026-06-24T10:49:29Z,1782298169,ramp_3,1050.0,0.016666666666666666,"{""__name__"": ""process_cpu_usage""}"
2,A,CPU Usage Rate,java_inventory,java,inventory,inventory-java:8082,inventory-java:8082 (inventory-service),2026-06-24 16:19:44,2026-06-24T10:49:44Z,1782298184,ramp_3,1065.0,0.082,"{""__name__"": ""process_cpu_usage""}"
2,A,CPU Usage Rate,java_inventory,java,inventory,order-java:8083,order-java:8083 (order-service),2026-06-24 16:19:44,2026-06-24T10:49:44Z,1782298184,ramp_3,1065.0,0.013333333333333334,"{""__name__"": ""process_cpu_usage""}"
2,A,CPU Usage Rate,java_inventory,java,inventory,warehouse-java-twin:9084,warehouse-java-twin:9084 (warehouse-twin),2026-06-24 16:19:44,2026-06-24T10:49:44Z,1782298184,ramp_3,1065.0,0.007692307692307693,"{""__name__"": ""process_cpu_usage""}"
2,A,CPU Usage Rate,java_inventory,java,inventory,inventory-java:8082,inventory-java:8082 (inventory-service),2026-06-24 16:19:59,2026-06-24T10:49:59Z,1782298199,ramp_3,1080.0,0.086,"{""__name__"": ""process_cpu_usage""}"
2,A,CPU Usage Rate,java_inventory,java,inventory,order-java:8083,order-java:8083 (order-service),2026-06-24 16:19:59,2026-06-24T10:49:59Z,1782298199,ramp_3,1080.0,0.016666666666666666,"{""__name__"": ""process_cpu_usage""}"
2,A,CPU Usage Rate,java_inventory,java,inventory,warehouse-java-twin:9084,warehouse-java-twin:9084 (warehouse-twin),2026-06-24 16:19:59,2026-06-24T10:49:59Z,1782298199,ramp_3,1080.0,0.0125,"{""__name__"": ""process_cpu_usage""}"
2,A,CPU Usage Rate,java_inventory,java,inventory,inventory-java:8082,inventory-java:8082 (inventory-service),2026-06-24 16:20:14,2026-06-24T10:50:14Z,1782298214,ramp_3,1095.0,0.088,"{""__name__"": ""process_cpu_usage""}"
2,A,CPU Usage Rate,java_inventory,java,inventory,order-java:8083,order-java:8083 (order-service),2026-06-24 16:20:14,2026-06-24T10:50:14Z,1782298214,ramp_3,1095.0,0.00625,"{""__name__"": ""process_cpu_usage""}"
2,A,CPU Usage Rate,java_inventory,java,inventory,warehouse-java-twin:9084,warehouse-java-twin:9084 (warehouse-twin),2026-06-24 16:20:14,2026-06-24T10:50:14Z,1782298214,ramp_3,1095.0,0.00909090909090909,"{""__name__"": ""process_cpu_usage""}"
2,A,CPU Usage Rate,java_inventory,java,inventory,inventory-java:8082,inventory-java:8082 (inventory-service),2026-06-24 16:20:29,2026-06-24T10:50:29Z,1782298229,ramp_3,1110.0,0.094,"{""__name__"": ""process_cpu_usage""}"
2,A,CPU Usage Rate,java_inventory,java,inventory,order-java:8083,order-java:8083 (order-service),2026-06-24 16:20:29,2026-06-24T10:50:29Z,1782298229,ramp_3,1110.0,0.007142857142857143,"{""__name__"": ""process_cpu_usage""}"
2,A,CPU Usage Rate,java_inventory,java,inventory,warehouse-java-twin:9084,warehouse-java-twin:9084 (warehouse-twin),2026-06-24 16:20:29,2026-06-24T10:50:29Z,1782298229,ramp_3,1110.0,0.008333333333333333,"{""__name__"": ""process_cpu_usage""}"
2,A,CPU Usage Rate,java_inventory,java,inventory,inventory-java:8082,inventory-java:8082 (inventory-service),2026-06-24 16:20:44,2026-06-24T10:50:44Z,1782298244,ramp_3,1125.0,0.096,"{""__name__"": ""process_cpu_usage""}"
2,A,CPU Usage Rate,java_inventory,java,inventory,order-java:8083,order-java:8083 (order-service),2026-06-24 16:20:44,2026-06-24T10:50:44Z,1782298244,ramp_3,1125.0,0.008333333333333333,"{""__name__"": ""process_cpu_usage""}"
2,A,CPU Usage Rate,java_inventory,java,inventory,warehouse-java-twin:9084,warehouse-java-twin:9084 (warehouse-twin),2026-06-24 16:20:44,2026-06-24T10:50:44Z,1782298244,ramp_3,1125.0,0.0,"{""__name__"": ""process_cpu_usage""}"
2,A,CPU Usage Rate,java_inventory,java,inventory,inventory-java:8082,inventory-java:8082 (inventory-service),2026-06-24 16:20:59,2026-06-24T10:50:59Z,1782298259,ramp_3,1140.0,0.096,"{""__name__"": ""process_cpu_usage""}"
2,A,CPU Usage Rate,java_inventory,java,inventory,order-java:8083,order-java:8083 (order-service),2026-06-24 16:20:59,2026-06-24T10:50:59Z,1782298259,ramp_3,1140.0,0.015384615384615385,"{""__name__"": ""process_cpu_usage""}"
2,A,CPU Usage Rate,java_inventory,java,inventory,warehouse-java-twin:9084,warehouse-java-twin:9084 (warehouse-twin),2026-06-24 16:20:59,2026-06-24T10:50:59Z,1782298259,ramp_3,1140.0,0.013333333333333334,"{""__name__"": ""process_cpu_usage""}"
2,A,CPU Usage Rate,java_inventory,java,inventory,inventory-java:8082,inventory-java:8082 (inventory-service),2026-06-24 16:21:14,2026-06-24T10:51:14Z,1782298274,ramp_3,1155.0,0.102,"{""__name__"": ""process_cpu_usage""}"
2,A,CPU Usage Rate,java_inventory,java,inventory,order-java:8083,order-java:8083 (order-service),2026-06-24 16:21:14,2026-06-24T10:51:14Z,1782298274,ramp_3,1155.0,0.008333333333333333,"{""__name__"": ""process_cpu_usage""}"
2,A,CPU Usage Rate,java_inventory,java,inventory,warehouse-java-twin:9084,warehouse-java-twin:9084 (warehouse-twin),2026-06-24 16:21:14,2026-06-24T10:51:14Z,1782298274,ramp_3,1155.0,0.03333333333333333,"{""__name__"": ""process_cpu_usage""}"
2,A,CPU Usage Rate,java_inventory,java,inventory,inventory-java:8082,inventory-java:8082 (inventory-service),2026-06-24 16:21:29,2026-06-24T10:51:29Z,1782298289,ramp_3,1170.0,0.102,"{""__name__"": ""process_cpu_usage""}"
2,A,CPU Usage Rate,java_inventory,java,inventory,order-java:8083,order-java:8083 (order-service),2026-06-24 16:21:29,2026-06-24T10:51:29Z,1782298289,ramp_3,1170.0,0.00909090909090909,"{""__name__"": ""process_cpu_usage""}"
2,A,CPU Usage Rate,java_inventory,java,inventory,warehouse-java-twin:9084,warehouse-java-twin:9084 (warehouse-twin),2026-06-24 16:21:29,2026-06-24T10:51:29Z,1782298289,ramp_3,1170.0,0.007142857142857143,"{""__name__"": ""process_cpu_usage""}"
2,A,CPU Usage Rate,java_inventory,java,inventory,inventory-java:8082,inventory-java:8082 (inventory-service),2026-06-24 16:21:44,2026-06-24T10:51:44Z,1782298304,ramp_3,1185.0,0.11,"{""__name__"": ""process_cpu_usage""}"
2,A,CPU Usage Rate,java_inventory,java,inventory,order-java:8083,order-java:8083 (order-service),2026-06-24 16:21:44,2026-06-24T10:51:44Z,1782298304,ramp_3,1185.0,0.01,"{""__name__"": ""process_cpu_usage""}"
2,A,CPU Usage Rate,java_inventory,java,inventory,warehouse-java-twin:9084,warehouse-java-twin:9084 (warehouse-twin),2026-06-24 16:21:44,2026-06-24T10:51:44Z,1782298304,ramp_3,1185.0,0.007142857142857143,"{""__name__"": ""process_cpu_usage""}"
2,A,CPU Usage Rate,java_inventory,java,inventory,inventory-java:8082,inventory-java:8082 (inventory-service),2026-06-24 16:21:59,2026-06-24T10:51:59Z,1782298319,sustain,1200.0,0.128,"{""__name__"": ""process_cpu_usage""}"
2,A,CPU Usage Rate,java_inventory,java,inventory,order-java:8083,order-java:8083 (order-service),2026-06-24 16:21:59,2026-06-24T10:51:59Z,1782298319,sustain,1200.0,0.00909090909090909,"{""__name__"": ""process_cpu_usage""}"
2,A,CPU Usage Rate,java_inventory,java,inventory,warehouse-java-twin:9084,warehouse-java-twin:9084 (warehouse-twin),2026-06-24 16:21:59,2026-06-24T10:51:59Z,1782298319,sustain,1200.0,0.007142857142857143,"{""__name__"": ""process_cpu_usage""}"
2,A,CPU Usage Rate,java_inventory,java,inventory,inventory-java:8082,inventory-java:8082 (inventory-service),2026-06-24 16:22:14,2026-06-24T10:52:14Z,1782298334,sustain,1215.0,0.104,"{""__name__"": ""process_cpu_usage""}"
2,A,CPU Usage Rate,java_inventory,java,inventory,order-java:8083,order-java:8083 (order-service),2026-06-24 16:22:14,2026-06-24T10:52:14Z,1782298334,sustain,1215.0,0.008333333333333333,"{""__name__"": ""process_cpu_usage""}"
2,A,CPU Usage Rate,java_inventory,java,inventory,warehouse-java-twin:9084,warehouse-java-twin:9084 (warehouse-twin),2026-06-24 16:22:14,2026-06-24T10:52:14Z,1782298334,sustain,1215.0,0.008333333333333333,"{""__name__"": ""process_cpu_usage""}"
2,A,CPU Usage Rate,java_inventory,java,inventory,inventory-java:8082,inventory-java:8082 (inventory-service),2026-06-24 16:22:29,2026-06-24T10:52:29Z,1782298349,sustain,1230.0,0.108,"{""__name__"": ""process_cpu_usage""}"
2,A,CPU Usage Rate,java_inventory,java,inventory,order-java:8083,order-java:8083 (order-service),2026-06-24 16:22:29,2026-06-24T10:52:29Z,1782298349,sustain,1230.0,0.007692307692307693,"{""__name__"": ""process_cpu_usage""}"
2,A,CPU Usage Rate,java_inventory,java,inventory,warehouse-java-twin:9084,warehouse-java-twin:9084 (warehouse-twin),2026-06-24 16:22:29,2026-06-24T10:52:29Z,1782298349,sustain,1230.0,0.0,"{""__name__"": ""process_cpu_usage""}"
2,A,CPU Usage Rate,java_inventory,java,inventory,inventory-java:8082,inventory-java:8082 (inventory-service),2026-06-24 16:22:44,2026-06-24T10:52:44Z,1782298364,sustain,1245.0,0.112,"{""__name__"": ""process_cpu_usage""}"
2,A,CPU Usage Rate,java_inventory,java,inventory,order-java:8083,order-java:8083 (order-service),2026-06-24 16:22:44,2026-06-24T10:52:44Z,1782298364,sustain,1245.0,0.02,"{""__name__"": ""process_cpu_usage""}"
2,A,CPU Usage Rate,java_inventory,java,inventory,warehouse-java-twin:9084,warehouse-java-twin:9084 (warehouse-twin),2026-06-24 16:22:44,2026-06-24T10:52:44Z,1782298364,sustain,1245.0,0.0125,"{""__name__"": ""process_cpu_usage""}"
2,A,CPU Usage Rate,java_inventory,java,inventory,inventory-java:8082,inventory-java:8082 (inventory-service),2026-06-24 16:22:59,2026-06-24T10:52:59Z,1782298379,sustain,1260.0,0.106,"{""__name__"": ""process_cpu_usage""}"
2,A,CPU Usage Rate,java_inventory,java,inventory,order-java:8083,order-java:8083 (order-service),2026-06-24 16:22:59,2026-06-24T10:52:59Z,1782298379,sustain,1260.0,0.0,"{""__name__"": ""process_cpu_usage""}"
2,A,CPU Usage Rate,java_inventory,java,inventory,warehouse-java-twin:9084,warehouse-java-twin:9084 (warehouse-twin),2026-06-24 16:22:59,2026-06-24T10:52:59Z,1782298379,sustain,1260.0,0.0,"{""__name__"": ""process_cpu_usage""}"
2,A,CPU Usage Rate,java_inventory,java,inventory,inventory-java:8082,inventory-java:8082 (inventory-service),2026-06-24 16:23:14,2026-06-24T10:53:14Z,1782298394,sustain,1275.0,0.104,"{""__name__"": ""process_cpu_usage""}"
2,A,CPU Usage Rate,java_inventory,java,inventory,order-java:8083,order-java:8083 (order-service),2026-06-24 16:23:14,2026-06-24T10:53:14Z,1782298394,sustain,1275.0,0.01818181818181818,"{""__name__"": ""process_cpu_usage""}"
2,A,CPU Usage Rate,java_inventory,java,inventory,warehouse-java-twin:9084,warehouse-java-twin:9084 (warehouse-twin),2026-06-24 16:23:14,2026-06-24T10:53:14Z,1782298394,sustain,1275.0,0.01,"{""__name__"": ""process_cpu_usage""}"
2,A,CPU Usage Rate,java_inventory,java,inventory,inventory-java:8082,inventory-java:8082 (inventory-service),2026-06-24 16:23:29,2026-06-24T10:53:29Z,1782298409,sustain,1290.0,0.106,"{""__name__"": ""process_cpu_usage""}"
2,A,CPU Usage Rate,java_inventory,java,inventory,order-java:8083,order-java:8083 (order-service),2026-06-24 16:23:29,2026-06-24T10:53:29Z,1782298409,sustain,1290.0,0.02,"{""__name__"": ""process_cpu_usage""}"
2,A,CPU Usage Rate,java_inventory,java,inventory,warehouse-java-twin:9084,warehouse-java-twin:9084 (warehouse-twin),2026-06-24 16:23:29,2026-06-24T10:53:29Z,1782298409,sustain,1290.0,0.01,"{""__name__"": ""process_cpu_usage""}"
2,A,CPU Usage Rate,java_inventory,java,inventory,inventory-java:8082,inventory-java:8082 (inventory-service),2026-06-24 16:23:44,2026-06-24T10:53:44Z,1782298424,sustain,1305.0,0.106,"{""__name__"": ""process_cpu_usage""}"
2,A,CPU Usage Rate,java_inventory,java,inventory,order-java:8083,order-java:8083 (order-service),2026-06-24 16:23:44,2026-06-24T10:53:44Z,1782298424,sustain,1305.0,0.007142857142857143,"{""__name__"": ""process_cpu_usage""}"
2,A,CPU Usage Rate,java_inventory,java,inventory,warehouse-java-twin:9084,warehouse-java-twin:9084 (warehouse-twin),2026-06-24 16:23:44,2026-06-24T10:53:44Z,1782298424,sustain,1305.0,0.006666666666666667,"{""__name__"": ""process_cpu_usage""}"
2,A,CPU Usage Rate,java_inventory,java,inventory,inventory-java:8082,inventory-java:8082 (inventory-service),2026-06-24 16:23:59,2026-06-24T10:53:59Z,1782298439,sustain,1320.0,0.102,"{""__name__"": ""process_cpu_usage""}"
2,A,CPU Usage Rate,java_inventory,java,inventory,order-java:8083,order-java:8083 (order-service),2026-06-24 16:23:59,2026-06-24T10:53:59Z,1782298439,sustain,1320.0,0.013333333333333334,"{""__name__"": ""process_cpu_usage""}"
2,A,CPU Usage Rate,java_inventory,java,inventory,warehouse-java-twin:9084,warehouse-java-twin:9084 (warehouse-twin),2026-06-24 16:23:59,2026-06-24T10:53:59Z,1782298439,sustain,1320.0,0.0,"{""__name__"": ""process_cpu_usage""}"
2,A,CPU Usage Rate,java_inventory,java,inventory,inventory-java:8082,inventory-java:8082 (inventory-service),2026-06-24 16:24:14,2026-06-24T10:54:14Z,1782298454,sustain,1335.0,0.102,"{""__name__"": ""process_cpu_usage""}"
2,A,CPU Usage Rate,java_inventory,java,inventory,order-java:8083,order-java:8083 (order-service),2026-06-24 16:24:14,2026-06-24T10:54:14Z,1782298454,sustain,1335.0,0.006666666666666667,"{""__name__"": ""process_cpu_usage""}"
2,A,CPU Usage Rate,java_inventory,java,inventory,warehouse-java-twin:9084,warehouse-java-twin:9084 (warehouse-twin),2026-06-24 16:24:14,2026-06-24T10:54:14Z,1782298454,sustain,1335.0,0.007692307692307693,"{""__name__"": ""process_cpu_usage""}"
2,A,CPU Usage Rate,java_inventory,java,inventory,inventory-java:8082,inventory-java:8082 (inventory-service),2026-06-24 16:24:29,2026-06-24T10:54:29Z,1782298469,sustain,1350.0,0.10204081632653061,"{""__name__"": ""process_cpu_usage""}"
2,A,CPU Usage Rate,java_inventory,java,inventory,order-java:8083,order-java:8083 (order-service),2026-06-24 16:24:29,2026-06-24T10:54:29Z,1782298469,sustain,1350.0,0.005555555555555556,"{""__name__"": ""process_cpu_usage""}"
2,A,CPU Usage Rate,java_inventory,java,inventory,warehouse-java-twin:9084,warehouse-java-twin:9084 (warehouse-twin),2026-06-24 16:24:29,2026-06-24T10:54:29Z,1782298469,sustain,1350.0,0.00909090909090909,"{""__name__"": ""process_cpu_usage""}"
2,A,CPU Usage Rate,java_inventory,java,inventory,inventory-java:8082,inventory-java:8082 (inventory-service),2026-06-24 16:24:44,2026-06-24T10:54:44Z,1782298484,sustain,1365.0,0.098,"{""__name__"": ""process_cpu_usage""}"
2,A,CPU Usage Rate,java_inventory,java,inventory,order-java:8083,order-java:8083 (order-service),2026-06-24 16:24:44,2026-06-24T10:54:44Z,1782298484,sustain,1365.0,0.01,"{""__name__"": ""process_cpu_usage""}"
2,A,CPU Usage Rate,java_inventory,java,inventory,warehouse-java-twin:9084,warehouse-java-twin:9084 (warehouse-twin),2026-06-24 16:24:44,2026-06-24T10:54:44Z,1782298484,sustain,1365.0,0.016666666666666666,"{""__name__"": ""process_cpu_usage""}"
2,A,CPU Usage Rate,java_inventory,java,inventory,inventory-java:8082,inventory-java:8082 (inventory-service),2026-06-24 16:24:59,2026-06-24T10:54:59Z,1782298499,sustain,1380.0,0.1,"{""__name__"": ""process_cpu_usage""}"
2,A,CPU Usage Rate,java_inventory,java,inventory,order-java:8083,order-java:8083 (order-service),2026-06-24 16:24:59,2026-06-24T10:54:59Z,1782298499,sustain,1380.0,0.008333333333333333,"{""__name__"": ""process_cpu_usage""}"
2,A,CPU Usage Rate,java_inventory,java,inventory,warehouse-java-twin:9084,warehouse-java-twin:9084 (warehouse-twin),2026-06-24 16:24:59,2026-06-24T10:54:59Z,1782298499,sustain,1380.0,0.016666666666666666,"{""__name__"": ""process_cpu_usage""}"
2,A,CPU Usage Rate,java_inventory,java,inventory,inventory-java:8082,inventory-java:8082 (inventory-service),2026-06-24 16:25:14,2026-06-24T10:55:14Z,1782298514,sustain,1395.0,0.098,"{""__name__"": ""process_cpu_usage""}"
2,A,CPU Usage Rate,java_inventory,java,inventory,order-java:8083,order-java:8083 (order-service),2026-06-24 16:25:14,2026-06-24T10:55:14Z,1782298514,sustain,1395.0,0.02,"{""__name__"": ""process_cpu_usage""}"
2,A,CPU Usage Rate,java_inventory,java,inventory,warehouse-java-twin:9084,warehouse-java-twin:9084 (warehouse-twin),2026-06-24 16:25:14,2026-06-24T10:55:14Z,1782298514,sustain,1395.0,0.008333333333333333,"{""__name__"": ""process_cpu_usage""}"
2,A,CPU Usage Rate,java_inventory,java,inventory,inventory-java:8082,inventory-java:8082 (inventory-service),2026-06-24 16:25:29,2026-06-24T10:55:29Z,1782298529,sustain,1410.0,0.104,"{""__name__"": ""process_cpu_usage""}"
2,A,CPU Usage Rate,java_inventory,java,inventory,order-java:8083,order-java:8083 (order-service),2026-06-24 16:25:29,2026-06-24T10:55:29Z,1782298529,sustain,1410.0,0.013333333333333334,"{""__name__"": ""process_cpu_usage""}"
2,A,CPU Usage Rate,java_inventory,java,inventory,warehouse-java-twin:9084,warehouse-java-twin:9084 (warehouse-twin),2026-06-24 16:25:29,2026-06-24T10:55:29Z,1782298529,sustain,1410.0,0.0058823529411764705,"{""__name__"": ""process_cpu_usage""}"
2,A,CPU Usage Rate,java_inventory,java,inventory,inventory-java:8082,inventory-java:8082 (inventory-service),2026-06-24 16:25:44,2026-06-24T10:55:44Z,1782298544,sustain,1425.0,0.098,"{""__name__"": ""process_cpu_usage""}"
2,A,CPU Usage Rate,java_inventory,java,inventory,order-java:8083,order-java:8083 (order-service),2026-06-24 16:25:44,2026-06-24T10:55:44Z,1782298544,sustain,1425.0,0.0,"{""__name__"": ""process_cpu_usage""}"
2,A,CPU Usage Rate,java_inventory,java,inventory,warehouse-java-twin:9084,warehouse-java-twin:9084 (warehouse-twin),2026-06-24 16:25:44,2026-06-24T10:55:44Z,1782298544,sustain,1425.0,0.007692307692307693,"{""__name__"": ""process_cpu_usage""}"
2,A,CPU Usage Rate,java_inventory,java,inventory,inventory-java:8082,inventory-java:8082 (inventory-service),2026-06-24 16:25:59,2026-06-24T10:55:59Z,1782298559,sustain,1440.0,0.102,"{""__name__"": ""process_cpu_usage""}"
2,A,CPU Usage Rate,java_inventory,java,inventory,order-java:8083,order-java:8083 (order-service),2026-06-24 16:25:59,2026-06-24T10:55:59Z,1782298559,sustain,1440.0,0.015384615384615385,"{""__name__"": ""process_cpu_usage""}"
2,A,CPU Usage Rate,java_inventory,java,inventory,warehouse-java-twin:9084,warehouse-java-twin:9084 (warehouse-twin),2026-06-24 16:25:59,2026-06-24T10:55:59Z,1782298559,sustain,1440.0,0.008333333333333333,"{""__name__"": ""process_cpu_usage""}"
2,A,CPU Usage Rate,java_inventory,java,inventory,inventory-java:8082,inventory-java:8082 (inventory-service),2026-06-24 16:26:14,2026-06-24T10:56:14Z,1782298574,sustain,1455.0,0.098,"{""__name__"": ""process_cpu_usage""}"
2,A,CPU Usage Rate,java_inventory,java,inventory,order-java:8083,order-java:8083 (order-service),2026-06-24 16:26:14,2026-06-24T10:56:14Z,1782298574,sustain,1455.0,0.008333333333333333,"{""__name__"": ""process_cpu_usage""}"
2,A,CPU Usage Rate,java_inventory,java,inventory,warehouse-java-twin:9084,warehouse-java-twin:9084 (warehouse-twin),2026-06-24 16:26:14,2026-06-24T10:56:14Z,1782298574,sustain,1455.0,0.014285714285714285,"{""__name__"": ""process_cpu_usage""}"
2,A,CPU Usage Rate,java_inventory,java,inventory,inventory-java:8082,inventory-java:8082 (inventory-service),2026-06-24 16:26:29,2026-06-24T10:56:29Z,1782298589,sustain,1470.0,0.104,"{""__name__"": ""process_cpu_usage""}"
2,A,CPU Usage Rate,java_inventory,java,inventory,order-java:8083,order-java:8083 (order-service),2026-06-24 16:26:29,2026-06-24T10:56:29Z,1782298589,sustain,1470.0,0.015384615384615385,"{""__name__"": ""process_cpu_usage""}"
2,A,CPU Usage Rate,java_inventory,java,inventory,warehouse-java-twin:9084,warehouse-java-twin:9084 (warehouse-twin),2026-06-24 16:26:29,2026-06-24T10:56:29Z,1782298589,sustain,1470.0,0.008333333333333333,"{""__name__"": ""process_cpu_usage""}"
2,A,CPU Usage Rate,java_inventory,java,inventory,inventory-java:8082,inventory-java:8082 (inventory-service),2026-06-24 16:26:44,2026-06-24T10:56:44Z,1782298604,sustain,1485.0,0.066,"{""__name__"": ""process_cpu_usage""}"
2,A,CPU Usage Rate,java_inventory,java,inventory,order-java:8083,order-java:8083 (order-service),2026-06-24 16:26:44,2026-06-24T10:56:44Z,1782298604,sustain,1485.0,0.016666666666666666,"{""__name__"": ""process_cpu_usage""}"
2,A,CPU Usage Rate,java_inventory,java,inventory,warehouse-java-twin:9084,warehouse-java-twin:9084 (warehouse-twin),2026-06-24 16:26:44,2026-06-24T10:56:44Z,1782298604,sustain,1485.0,0.0,"{""__name__"": ""process_cpu_usage""}"
2,A,CPU Usage Rate,java_inventory,java,inventory,inventory-java:8082,inventory-java:8082 (inventory-service),2026-06-24 16:26:59,2026-06-24T10:56:59Z,1782298619,sustain,1500.0,0.04285714285714286,"{""__name__"": ""process_cpu_usage""}"
2,A,CPU Usage Rate,java_inventory,java,inventory,order-java:8083,order-java:8083 (order-service),2026-06-24 16:26:59,2026-06-24T10:56:59Z,1782298619,sustain,1500.0,0.016666666666666666,"{""__name__"": ""process_cpu_usage""}"
2,A,CPU Usage Rate,java_inventory,java,inventory,warehouse-java-twin:9084,warehouse-java-twin:9084 (warehouse-twin),2026-06-24 16:26:59,2026-06-24T10:56:59Z,1782298619,sustain,1500.0,0.0,"{""__name__"": ""process_cpu_usage""}"
2,A,CPU Usage Rate,java_inventory,java,inventory,inventory-java:8082,inventory-java:8082 (inventory-service),2026-06-24 16:27:14,2026-06-24T10:57:14Z,1782298634,sustain,1515.0,0.041666666666666664,"{""__name__"": ""process_cpu_usage""}"
2,A,CPU Usage Rate,java_inventory,java,inventory,order-java:8083,order-java:8083 (order-service),2026-06-24 16:27:14,2026-06-24T10:57:14Z,1782298634,sustain,1515.0,0.0125,"{""__name__"": ""process_cpu_usage""}"
2,A,CPU Usage Rate,java_inventory,java,inventory,warehouse-java-twin:9084,warehouse-java-twin:9084 (warehouse-twin),2026-06-24 16:27:14,2026-06-24T10:57:14Z,1782298634,sustain,1515.0,0.01,"{""__name__"": ""process_cpu_usage""}"
2,A,CPU Usage Rate,java_inventory,java,inventory,inventory-java:8082,inventory-java:8082 (inventory-service),2026-06-24 16:27:29,2026-06-24T10:57:29Z,1782298649,sustain,1530.0,0.044897959183673466,"{""__name__"": ""process_cpu_usage""}"
2,A,CPU Usage Rate,java_inventory,java,inventory,order-java:8083,order-java:8083 (order-service),2026-06-24 16:27:29,2026-06-24T10:57:29Z,1782298649,sustain,1530.0,0.0125,"{""__name__"": ""process_cpu_usage""}"
2,A,CPU Usage Rate,java_inventory,java,inventory,warehouse-java-twin:9084,warehouse-java-twin:9084 (warehouse-twin),2026-06-24 16:27:29,2026-06-24T10:57:29Z,1782298649,sustain,1530.0,0.0125,"{""__name__"": ""process_cpu_usage""}"
2,A,CPU Usage Rate,java_inventory,java,inventory,inventory-java:8082,inventory-java:8082 (inventory-service),2026-06-24 16:27:44,2026-06-24T10:57:44Z,1782298664,sustain,1545.0,0.038,"{""__name__"": ""process_cpu_usage""}"
2,A,CPU Usage Rate,java_inventory,java,inventory,order-java:8083,order-java:8083 (order-service),2026-06-24 16:27:44,2026-06-24T10:57:44Z,1782298664,sustain,1545.0,0.01,"{""__name__"": ""process_cpu_usage""}"
2,A,CPU Usage Rate,java_inventory,java,inventory,warehouse-java-twin:9084,warehouse-java-twin:9084 (warehouse-twin),2026-06-24 16:27:44,2026-06-24T10:57:44Z,1782298664,sustain,1545.0,0.0125,"{""__name__"": ""process_cpu_usage""}"
2,A,CPU Usage Rate,java_inventory,java,inventory,inventory-java:8082,inventory-java:8082 (inventory-service),2026-06-24 16:27:59,2026-06-24T10:57:59Z,1782298679,sustain,1560.0,0.1,"{""__name__"": ""process_cpu_usage""}"
2,A,CPU Usage Rate,java_inventory,java,inventory,order-java:8083,order-java:8083 (order-service),2026-06-24 16:27:59,2026-06-24T10:57:59Z,1782298679,sustain,1560.0,0.008333333333333333,"{""__name__"": ""process_cpu_usage""}"
2,A,CPU Usage Rate,java_inventory,java,inventory,warehouse-java-twin:9084,warehouse-java-twin:9084 (warehouse-twin),2026-06-24 16:27:59,2026-06-24T10:57:59Z,1782298679,sustain,1560.0,0.00909090909090909,"{""__name__"": ""process_cpu_usage""}"
2,A,CPU Usage Rate,java_inventory,java,inventory,inventory-java:8082,inventory-java:8082 (inventory-service),2026-06-24 16:28:14,2026-06-24T10:58:14Z,1782298694,sustain,1575.0,0.102,"{""__name__"": ""process_cpu_usage""}"
2,A,CPU Usage Rate,java_inventory,java,inventory,order-java:8083,order-java:8083 (order-service),2026-06-24 16:28:14,2026-06-24T10:58:14Z,1782298694,sustain,1575.0,0.0125,"{""__name__"": ""process_cpu_usage""}"
2,A,CPU Usage Rate,java_inventory,java,inventory,warehouse-java-twin:9084,warehouse-java-twin:9084 (warehouse-twin),2026-06-24 16:28:14,2026-06-24T10:58:14Z,1782298694,sustain,1575.0,0.016666666666666666,"{""__name__"": ""process_cpu_usage""}"
2,A,CPU Usage Rate,java_inventory,java,inventory,inventory-java:8082,inventory-java:8082 (inventory-service),2026-06-24 16:28:29,2026-06-24T10:58:29Z,1782298709,sustain,1590.0,0.096,"{""__name__"": ""process_cpu_usage""}"
2,A,CPU Usage Rate,java_inventory,java,inventory,order-java:8083,order-java:8083 (order-service),2026-06-24 16:28:29,2026-06-24T10:58:29Z,1782298709,sustain,1590.0,0.014285714285714285,"{""__name__"": ""process_cpu_usage""}"
2,A,CPU Usage Rate,java_inventory,java,inventory,warehouse-java-twin:9084,warehouse-java-twin:9084 (warehouse-twin),2026-06-24 16:28:29,2026-06-24T10:58:29Z,1782298709,sustain,1590.0,0.0,"{""__name__"": ""process_cpu_usage""}"
2,A,CPU Usage Rate,java_inventory,java,inventory,inventory-java:8082,inventory-java:8082 (inventory-service),2026-06-24 16:28:44,2026-06-24T10:58:44Z,1782298724,sustain,1605.0,0.098,"{""__name__"": ""process_cpu_usage""}"
2,A,CPU Usage Rate,java_inventory,java,inventory,order-java:8083,order-java:8083 (order-service),2026-06-24 16:28:44,2026-06-24T10:58:44Z,1782298724,sustain,1605.0,0.0,"{""__name__"": ""process_cpu_usage""}"
2,A,CPU Usage Rate,java_inventory,java,inventory,warehouse-java-twin:9084,warehouse-java-twin:9084 (warehouse-twin),2026-06-24 16:28:44,2026-06-24T10:58:44Z,1782298724,sustain,1605.0,0.01818181818181818,"{""__name__"": ""process_cpu_usage""}"
2,A,CPU Usage Rate,java_inventory,java,inventory,inventory-java:8082,inventory-java:8082 (inventory-service),2026-06-24 16:28:59,2026-06-24T10:58:59Z,1782298739,sustain,1620.0,0.094,"{""__name__"": ""process_cpu_usage""}"
2,A,CPU Usage Rate,java_inventory,java,inventory,order-java:8083,order-java:8083 (order-service),2026-06-24 16:28:59,2026-06-24T10:58:59Z,1782298739,sustain,1620.0,0.00909090909090909,"{""__name__"": ""process_cpu_usage""}"
2,A,CPU Usage Rate,java_inventory,java,inventory,warehouse-java-twin:9084,warehouse-java-twin:9084 (warehouse-twin),2026-06-24 16:28:59,2026-06-24T10:58:59Z,1782298739,sustain,1620.0,0.01,"{""__name__"": ""process_cpu_usage""}"
2,A,CPU Usage Rate,java_inventory,java,inventory,inventory-java:8082,inventory-java:8082 (inventory-service),2026-06-24 16:29:14,2026-06-24T10:59:14Z,1782298754,sustain,1635.0,0.098,"{""__name__"": ""process_cpu_usage""}"
2,A,CPU Usage Rate,java_inventory,java,inventory,order-java:8083,order-java:8083 (order-service),2026-06-24 16:29:14,2026-06-24T10:59:14Z,1782298754,sustain,1635.0,0.04,"{""__name__"": ""process_cpu_usage""}"
2,A,CPU Usage Rate,java_inventory,java,inventory,warehouse-java-twin:9084,warehouse-java-twin:9084 (warehouse-twin),2026-06-24 16:29:14,2026-06-24T10:59:14Z,1782298754,sustain,1635.0,0.008333333333333333,"{""__name__"": ""process_cpu_usage""}"
2,A,CPU Usage Rate,java_inventory,java,inventory,inventory-java:8082,inventory-java:8082 (inventory-service),2026-06-24 16:29:29,2026-06-24T10:59:29Z,1782298769,sustain,1650.0,0.1,"{""__name__"": ""process_cpu_usage""}"
2,A,CPU Usage Rate,java_inventory,java,inventory,order-java:8083,order-java:8083 (order-service),2026-06-24 16:29:29,2026-06-24T10:59:29Z,1782298769,sustain,1650.0,0.01,"{""__name__"": ""process_cpu_usage""}"
2,A,CPU Usage Rate,java_inventory,java,inventory,warehouse-java-twin:9084,warehouse-java-twin:9084 (warehouse-twin),2026-06-24 16:29:29,2026-06-24T10:59:29Z,1782298769,sustain,1650.0,0.01,"{""__name__"": ""process_cpu_usage""}"
2,A,CPU Usage Rate,java_inventory,java,inventory,inventory-java:8082,inventory-java:8082 (inventory-service),2026-06-24 16:29:44,2026-06-24T10:59:44Z,1782298784,sustain,1665.0,0.114,"{""__name__"": ""process_cpu_usage""}"
2,A,CPU Usage Rate,java_inventory,java,inventory,order-java:8083,order-java:8083 (order-service),2026-06-24 16:29:44,2026-06-24T10:59:44Z,1782298784,sustain,1665.0,0.006666666666666667,"{""__name__"": ""process_cpu_usage""}"
2,A,CPU Usage Rate,java_inventory,java,inventory,warehouse-java-twin:9084,warehouse-java-twin:9084 (warehouse-twin),2026-06-24 16:29:44,2026-06-24T10:59:44Z,1782298784,sustain,1665.0,0.0,"{""__name__"": ""process_cpu_usage""}"
2,A,CPU Usage Rate,java_inventory,java,inventory,inventory-java:8082,inventory-java:8082 (inventory-service),2026-06-24 16:29:59,2026-06-24T10:59:59Z,1782298799,sustain,1680.0,0.102,"{""__name__"": ""process_cpu_usage""}"
2,A,CPU Usage Rate,java_inventory,java,inventory,order-java:8083,order-java:8083 (order-service),2026-06-24 16:29:59,2026-06-24T10:59:59Z,1782298799,sustain,1680.0,0.007692307692307693,"{""__name__"": ""process_cpu_usage""}"
2,A,CPU Usage Rate,java_inventory,java,inventory,warehouse-java-twin:9084,warehouse-java-twin:9084 (warehouse-twin),2026-06-24 16:29:59,2026-06-24T10:59:59Z,1782298799,sustain,1680.0,0.011764705882352941,"{""__name__"": ""process_cpu_usage""}"
2,A,CPU Usage Rate,java_inventory,java,inventory,inventory-java:8082,inventory-java:8082 (inventory-service),2026-06-24 16:30:14,2026-06-24T11:00:14Z,1782298814,sustain,1695.0,0.102,"{""__name__"": ""process_cpu_usage""}"
2,A,CPU Usage Rate,java_inventory,java,inventory,order-java:8083,order-java:8083 (order-service),2026-06-24 16:30:14,2026-06-24T11:00:14Z,1782298814,sustain,1695.0,0.007692307692307693,"{""__name__"": ""process_cpu_usage""}"
2,A,CPU Usage Rate,java_inventory,java,inventory,warehouse-java-twin:9084,warehouse-java-twin:9084 (warehouse-twin),2026-06-24 16:30:14,2026-06-24T11:00:14Z,1782298814,sustain,1695.0,0.00909090909090909,"{""__name__"": ""process_cpu_usage""}"
2,A,CPU Usage Rate,java_inventory,java,inventory,inventory-java:8082,inventory-java:8082 (inventory-service),2026-06-24 16:30:29,2026-06-24T11:00:29Z,1782298829,sustain,1710.0,0.096,"{""__name__"": ""process_cpu_usage""}"
2,A,CPU Usage Rate,java_inventory,java,inventory,order-java:8083,order-java:8083 (order-service),2026-06-24 16:30:29,2026-06-24T11:00:29Z,1782298829,sustain,1710.0,0.007142857142857143,"{""__name__"": ""process_cpu_usage""}"
2,A,CPU Usage Rate,java_inventory,java,inventory,warehouse-java-twin:9084,warehouse-java-twin:9084 (warehouse-twin),2026-06-24 16:30:29,2026-06-24T11:00:29Z,1782298829,sustain,1710.0,0.0125,"{""__name__"": ""process_cpu_usage""}"
2,A,CPU Usage Rate,java_inventory,java,inventory,inventory-java:8082,inventory-java:8082 (inventory-service),2026-06-24 16:30:44,2026-06-24T11:00:44Z,1782298844,sustain,1725.0,0.1,"{""__name__"": ""process_cpu_usage""}"
2,A,CPU Usage Rate,java_inventory,java,inventory,order-java:8083,order-java:8083 (order-service),2026-06-24 16:30:44,2026-06-24T11:00:44Z,1782298844,sustain,1725.0,0.0,"{""__name__"": ""process_cpu_usage""}"
2,A,CPU Usage Rate,java_inventory,java,inventory,warehouse-java-twin:9084,warehouse-java-twin:9084 (warehouse-twin),2026-06-24 16:30:44,2026-06-24T11:00:44Z,1782298844,sustain,1725.0,0.016666666666666666,"{""__name__"": ""process_cpu_usage""}"
2,A,CPU Usage Rate,java_inventory,java,inventory,inventory-java:8082,inventory-java:8082 (inventory-service),2026-06-24 16:30:59,2026-06-24T11:00:59Z,1782298859,sustain,1740.0,0.11,"{""__name__"": ""process_cpu_usage""}"
2,A,CPU Usage Rate,java_inventory,java,inventory,order-java:8083,order-java:8083 (order-service),2026-06-24 16:30:59,2026-06-24T11:00:59Z,1782298859,sustain,1740.0,0.016666666666666666,"{""__name__"": ""process_cpu_usage""}"
2,A,CPU Usage Rate,java_inventory,java,inventory,warehouse-java-twin:9084,warehouse-java-twin:9084 (warehouse-twin),2026-06-24 16:30:59,2026-06-24T11:00:59Z,1782298859,sustain,1740.0,0.00909090909090909,"{""__name__"": ""process_cpu_usage""}"
2,A,CPU Usage Rate,java_inventory,java,inventory,inventory-java:8082,inventory-java:8082 (inventory-service),2026-06-24 16:31:14,2026-06-24T11:01:14Z,1782298874,sustain,1755.0,0.112,"{""__name__"": ""process_cpu_usage""}"
2,A,CPU Usage Rate,java_inventory,java,inventory,order-java:8083,order-java:8083 (order-service),2026-06-24 16:31:14,2026-06-24T11:01:14Z,1782298874,sustain,1755.0,0.0,"{""__name__"": ""process_cpu_usage""}"
2,A,CPU Usage Rate,java_inventory,java,inventory,warehouse-java-twin:9084,warehouse-java-twin:9084 (warehouse-twin),2026-06-24 16:31:14,2026-06-24T11:01:14Z,1782298874,sustain,1755.0,0.008333333333333333,"{""__name__"": ""process_cpu_usage""}"
2,A,CPU Usage Rate,java_inventory,java,inventory,inventory-java:8082,inventory-java:8082 (inventory-service),2026-06-24 16:31:29,2026-06-24T11:01:29Z,1782298889,sustain,1770.0,0.102,"{""__name__"": ""process_cpu_usage""}"
2,A,CPU Usage Rate,java_inventory,java,inventory,order-java:8083,order-java:8083 (order-service),2026-06-24 16:31:29,2026-06-24T11:01:29Z,1782298889,sustain,1770.0,0.007142857142857143,"{""__name__"": ""process_cpu_usage""}"
2,A,CPU Usage Rate,java_inventory,java,inventory,warehouse-java-twin:9084,warehouse-java-twin:9084 (warehouse-twin),2026-06-24 16:31:29,2026-06-24T11:01:29Z,1782298889,sustain,1770.0,0.006666666666666667,"{""__name__"": ""process_cpu_usage""}"
2,A,CPU Usage Rate,java_inventory,java,inventory,inventory-java:8082,inventory-java:8082 (inventory-service),2026-06-24 16:31:44,2026-06-24T11:01:44Z,1782298904,sustain,1785.0,0.094,"{""__name__"": ""process_cpu_usage""}"
2,A,CPU Usage Rate,java_inventory,java,inventory,order-java:8083,order-java:8083 (order-service),2026-06-24 16:31:44,2026-06-24T11:01:44Z,1782298904,sustain,1785.0,0.013333333333333334,"{""__name__"": ""process_cpu_usage""}"
2,A,CPU Usage Rate,java_inventory,java,inventory,warehouse-java-twin:9084,warehouse-java-twin:9084 (warehouse-twin),2026-06-24 16:31:44,2026-06-24T11:01:44Z,1782298904,sustain,1785.0,0.0,"{""__name__"": ""process_cpu_usage""}"
2,A,CPU Usage Rate,java_inventory,java,inventory,inventory-java:8082,inventory-java:8082 (inventory-service),2026-06-24 16:31:59,2026-06-24T11:01:59Z,1782298919,cooldown,1800.0,0.102,"{""__name__"": ""process_cpu_usage""}"
2,A,CPU Usage Rate,java_inventory,java,inventory,order-java:8083,order-java:8083 (order-service),2026-06-24 16:31:59,2026-06-24T11:01:59Z,1782298919,cooldown,1800.0,0.014285714285714285,"{""__name__"": ""process_cpu_usage""}"
2,A,CPU Usage Rate,java_inventory,java,inventory,warehouse-java-twin:9084,warehouse-java-twin:9084 (warehouse-twin),2026-06-24 16:31:59,2026-06-24T11:01:59Z,1782298919,cooldown,1800.0,0.007142857142857143,"{""__name__"": ""process_cpu_usage""}"
2,A,CPU Usage Rate,java_inventory,java,inventory,inventory-java:8082,inventory-java:8082 (inventory-service),2026-06-24 16:32:14,2026-06-24T11:02:14Z,1782298934,cooldown,1815.0,0.098,"{""__name__"": ""process_cpu_usage""}"
2,A,CPU Usage Rate,java_inventory,java,inventory,order-java:8083,order-java:8083 (order-service),2026-06-24 16:32:14,2026-06-24T11:02:14Z,1782298934,cooldown,1815.0,0.01,"{""__name__"": ""process_cpu_usage""}"
2,A,CPU Usage Rate,java_inventory,java,inventory,warehouse-java-twin:9084,warehouse-java-twin:9084 (warehouse-twin),2026-06-24 16:32:14,2026-06-24T11:02:14Z,1782298934,cooldown,1815.0,0.008333333333333333,"{""__name__"": ""process_cpu_usage""}"
2,A,CPU Usage Rate,java_inventory,java,inventory,inventory-java:8082,inventory-java:8082 (inventory-service),2026-06-24 16:32:29,2026-06-24T11:02:29Z,1782298949,cooldown,1830.0,0.092,"{""__name__"": ""process_cpu_usage""}"
2,A,CPU Usage Rate,java_inventory,java,inventory,order-java:8083,order-java:8083 (order-service),2026-06-24 16:32:29,2026-06-24T11:02:29Z,1782298949,cooldown,1830.0,0.00625,"{""__name__"": ""process_cpu_usage""}"
2,A,CPU Usage Rate,java_inventory,java,inventory,warehouse-java-twin:9084,warehouse-java-twin:9084 (warehouse-twin),2026-06-24 16:32:29,2026-06-24T11:02:29Z,1782298949,cooldown,1830.0,0.008333333333333333,"{""__name__"": ""process_cpu_usage""}"
2,A,CPU Usage Rate,java_inventory,java,inventory,inventory-java:8082,inventory-java:8082 (inventory-service),2026-06-24 16:32:44,2026-06-24T11:02:44Z,1782298964,cooldown,1845.0,0.088,"{""__name__"": ""process_cpu_usage""}"
2,A,CPU Usage Rate,java_inventory,java,inventory,order-java:8083,order-java:8083 (order-service),2026-06-24 16:32:44,2026-06-24T11:02:44Z,1782298964,cooldown,1845.0,0.00625,"{""__name__"": ""process_cpu_usage""}"
2,A,CPU Usage Rate,java_inventory,java,inventory,warehouse-java-twin:9084,warehouse-java-twin:9084 (warehouse-twin),2026-06-24 16:32:44,2026-06-24T11:02:44Z,1782298964,cooldown,1845.0,0.00909090909090909,"{""__name__"": ""process_cpu_usage""}"
2,A,CPU Usage Rate,java_inventory,java,inventory,inventory-java:8082,inventory-java:8082 (inventory-service),2026-06-24 16:32:59,2026-06-24T11:02:59Z,1782298979,cooldown,1860.0,0.07659574468085106,"{""__name__"": ""process_cpu_usage""}"
2,A,CPU Usage Rate,java_inventory,java,inventory,order-java:8083,order-java:8083 (order-service),2026-06-24 16:32:59,2026-06-24T11:02:59Z,1782298979,cooldown,1860.0,0.006666666666666667,"{""__name__"": ""process_cpu_usage""}"
2,A,CPU Usage Rate,java_inventory,java,inventory,warehouse-java-twin:9084,warehouse-java-twin:9084 (warehouse-twin),2026-06-24 16:32:59,2026-06-24T11:02:59Z,1782298979,cooldown,1860.0,0.00625,"{""__name__"": ""process_cpu_usage""}"
2,A,CPU Usage Rate,java_inventory,java,inventory,inventory-java:8082,inventory-java:8082 (inventory-service),2026-06-24 16:33:14,2026-06-24T11:03:14Z,1782298994,cooldown,1875.0,0.08333333333333333,"{""__name__"": ""process_cpu_usage""}"
2,A,CPU Usage Rate,java_inventory,java,inventory,order-java:8083,order-java:8083 (order-service),2026-06-24 16:33:14,2026-06-24T11:03:14Z,1782298994,cooldown,1875.0,0.007142857142857143,"{""__name__"": ""process_cpu_usage""}"
2,A,CPU Usage Rate,java_inventory,java,inventory,warehouse-java-twin:9084,warehouse-java-twin:9084 (warehouse-twin),2026-06-24 16:33:14,2026-06-24T11:03:14Z,1782298994,cooldown,1875.0,0.01,"{""__name__"": ""process_cpu_usage""}"
2,A,CPU Usage Rate,java_inventory,java,inventory,inventory-java:8082,inventory-java:8082 (inventory-service),2026-06-24 16:33:29,2026-06-24T11:03:29Z,1782299009,cooldown,1890.0,0.066,"{""__name__"": ""process_cpu_usage""}"
2,A,CPU Usage Rate,java_inventory,java,inventory,order-java:8083,order-java:8083 (order-service),2026-06-24 16:33:29,2026-06-24T11:03:29Z,1782299009,cooldown,1890.0,0.016666666666666666,"{""__name__"": ""process_cpu_usage""}"
2,A,CPU Usage Rate,java_inventory,java,inventory,warehouse-java-twin:9084,warehouse-java-twin:9084 (warehouse-twin),2026-06-24 16:33:29,2026-06-24T11:03:29Z,1782299009,cooldown,1890.0,0.08461538461538462,"{""__name__"": ""process_cpu_usage""}"
2,A,CPU Usage Rate,java_inventory,java,inventory,inventory-java:8082,inventory-java:8082 (inventory-service),2026-06-24 16:33:44,2026-06-24T11:03:44Z,1782299024,cooldown,1905.0,0.07173913043478261,"{""__name__"": ""process_cpu_usage""}"
2,A,CPU Usage Rate,java_inventory,java,inventory,order-java:8083,order-java:8083 (order-service),2026-06-24 16:33:44,2026-06-24T11:03:44Z,1782299024,cooldown,1905.0,0.01818181818181818,"{""__name__"": ""process_cpu_usage""}"
2,A,CPU Usage Rate,java_inventory,java,inventory,warehouse-java-twin:9084,warehouse-java-twin:9084 (warehouse-twin),2026-06-24 16:33:44,2026-06-24T11:03:44Z,1782299024,cooldown,1905.0,0.0,"{""__name__"": ""process_cpu_usage""}"
2,A,CPU Usage Rate,java_inventory,java,inventory,inventory-java:8082,inventory-java:8082 (inventory-service),2026-06-24 16:33:59,2026-06-24T11:03:59Z,1782299039,cooldown,1920.0,0.07021276595744681,"{""__name__"": ""process_cpu_usage""}"
2,A,CPU Usage Rate,java_inventory,java,inventory,order-java:8083,order-java:8083 (order-service),2026-06-24 16:33:59,2026-06-24T11:03:59Z,1782299039,cooldown,1920.0,0.01875,"{""__name__"": ""process_cpu_usage""}"
2,A,CPU Usage Rate,java_inventory,java,inventory,warehouse-java-twin:9084,warehouse-java-twin:9084 (warehouse-twin),2026-06-24 16:33:59,2026-06-24T11:03:59Z,1782299039,cooldown,1920.0,0.013333333333333334,"{""__name__"": ""process_cpu_usage""}"
2,A,CPU Usage Rate,java_inventory,java,inventory,inventory-java:8082,inventory-java:8082 (inventory-service),2026-06-24 16:34:14,2026-06-24T11:04:14Z,1782299054,cooldown,1935.0,0.06326530612244897,"{""__name__"": ""process_cpu_usage""}"
2,A,CPU Usage Rate,java_inventory,java,inventory,order-java:8083,order-java:8083 (order-service),2026-06-24 16:34:14,2026-06-24T11:04:14Z,1782299054,cooldown,1935.0,0.02,"{""__name__"": ""process_cpu_usage""}"
2,A,CPU Usage Rate,java_inventory,java,inventory,warehouse-java-twin:9084,warehouse-java-twin:9084 (warehouse-twin),2026-06-24 16:34:14,2026-06-24T11:04:14Z,1782299054,cooldown,1935.0,0.011111111111111112,"{""__name__"": ""process_cpu_usage""}"
2,A,CPU Usage Rate,java_inventory,java,inventory,inventory-java:8082,inventory-java:8082 (inventory-service),2026-06-24 16:34:29,2026-06-24T11:04:29Z,1782299069,cooldown,1950.0,0.04565217391304348,"{""__name__"": ""process_cpu_usage""}"
2,A,CPU Usage Rate,java_inventory,java,inventory,order-java:8083,order-java:8083 (order-service),2026-06-24 16:34:29,2026-06-24T11:04:29Z,1782299069,cooldown,1950.0,0.025,"{""__name__"": ""process_cpu_usage""}"
2,A,CPU Usage Rate,java_inventory,java,inventory,warehouse-java-twin:9084,warehouse-java-twin:9084 (warehouse-twin),2026-06-24 16:34:29,2026-06-24T11:04:29Z,1782299069,cooldown,1950.0,0.011111111111111112,"{""__name__"": ""process_cpu_usage""}"
2,A,CPU Usage Rate,java_inventory,java,inventory,inventory-java:8082,inventory-java:8082 (inventory-service),2026-06-24 16:34:44,2026-06-24T11:04:44Z,1782299084,cooldown,1965.0,0.03958333333333333,"{""__name__"": ""process_cpu_usage""}"
2,A,CPU Usage Rate,java_inventory,java,inventory,order-java:8083,order-java:8083 (order-service),2026-06-24 16:34:44,2026-06-24T11:04:44Z,1782299084,cooldown,1965.0,0.007142857142857143,"{""__name__"": ""process_cpu_usage""}"
2,A,CPU Usage Rate,java_inventory,java,inventory,warehouse-java-twin:9084,warehouse-java-twin:9084 (warehouse-twin),2026-06-24 16:34:44,2026-06-24T11:04:44Z,1782299084,cooldown,1965.0,0.01,"{""__name__"": ""process_cpu_usage""}"
2,A,CPU Usage Rate,java_inventory,java,inventory,inventory-java:8082,inventory-java:8082 (inventory-service),2026-06-24 16:34:59,2026-06-24T11:04:59Z,1782299099,cooldown,1980.0,0.036,"{""__name__"": ""process_cpu_usage""}"
2,A,CPU Usage Rate,java_inventory,java,inventory,order-java:8083,order-java:8083 (order-service),2026-06-24 16:34:59,2026-06-24T11:04:59Z,1782299099,cooldown,1980.0,0.016666666666666666,"{""__name__"": ""process_cpu_usage""}"
2,A,CPU Usage Rate,java_inventory,java,inventory,warehouse-java-twin:9084,warehouse-java-twin:9084 (warehouse-twin),2026-06-24 16:34:59,2026-06-24T11:04:59Z,1782299099,cooldown,1980.0,0.03333333333333333,"{""__name__"": ""process_cpu_usage""}"
2,A,CPU Usage Rate,java_inventory,java,inventory,inventory-java:8082,inventory-java:8082 (inventory-service),2026-06-24 16:35:14,2026-06-24T11:05:14Z,1782299114,cooldown,1995.0,0.046511627906976744,"{""__name__"": ""process_cpu_usage""}"
2,A,CPU Usage Rate,java_inventory,java,inventory,order-java:8083,order-java:8083 (order-service),2026-06-24 16:35:14,2026-06-24T11:05:14Z,1782299114,cooldown,1995.0,0.0,"{""__name__"": ""process_cpu_usage""}"
2,A,CPU Usage Rate,java_inventory,java,inventory,warehouse-java-twin:9084,warehouse-java-twin:9084 (warehouse-twin),2026-06-24 16:35:14,2026-06-24T11:05:14Z,1782299114,cooldown,1995.0,0.007142857142857143,"{""__name__"": ""process_cpu_usage""}"
2,A,CPU Usage Rate,java_inventory,java,inventory,inventory-java:8082,inventory-java:8082 (inventory-service),2026-06-24 16:35:29,2026-06-24T11:05:29Z,1782299129,cooldown,2010.0,0.03636363636363636,"{""__name__"": ""process_cpu_usage""}"
2,A,CPU Usage Rate,java_inventory,java,inventory,order-java:8083,order-java:8083 (order-service),2026-06-24 16:35:29,2026-06-24T11:05:29Z,1782299129,cooldown,2010.0,0.01,"{""__name__"": ""process_cpu_usage""}"
2,A,CPU Usage Rate,java_inventory,java,inventory,warehouse-java-twin:9084,warehouse-java-twin:9084 (warehouse-twin),2026-06-24 16:35:29,2026-06-24T11:05:29Z,1782299129,cooldown,2010.0,0.02,"{""__name__"": ""process_cpu_usage""}"
2,A,CPU Usage Rate,java_inventory,java,inventory,inventory-java:8082,inventory-java:8082 (inventory-service),2026-06-24 16:35:44,2026-06-24T11:05:44Z,1782299144,cooldown,2025.0,0.02826086956521739,"{""__name__"": ""process_cpu_usage""}"
2,A,CPU Usage Rate,java_inventory,java,inventory,order-java:8083,order-java:8083 (order-service),2026-06-24 16:35:44,2026-06-24T11:05:44Z,1782299144,cooldown,2025.0,0.007692307692307693,"{""__name__"": ""process_cpu_usage""}"
2,A,CPU Usage Rate,java_inventory,java,inventory,warehouse-java-twin:9084,warehouse-java-twin:9084 (warehouse-twin),2026-06-24 16:35:44,2026-06-24T11:05:44Z,1782299144,cooldown,2025.0,0.0,"{""__name__"": ""process_cpu_usage""}"
2,A,CPU Usage Rate,java_inventory,java,inventory,inventory-java:8082,inventory-java:8082 (inventory-service),2026-06-24 16:35:59,2026-06-24T11:05:59Z,1782299159,cooldown,2040.0,0.03888888888888889,"{""__name__"": ""process_cpu_usage""}"
2,A,CPU Usage Rate,java_inventory,java,inventory,order-java:8083,order-java:8083 (order-service),2026-06-24 16:35:59,2026-06-24T11:05:59Z,1782299159,cooldown,2040.0,0.01818181818181818,"{""__name__"": ""process_cpu_usage""}"
2,A,CPU Usage Rate,java_inventory,java,inventory,warehouse-java-twin:9084,warehouse-java-twin:9084 (warehouse-twin),2026-06-24 16:35:59,2026-06-24T11:05:59Z,1782299159,cooldown,2040.0,0.01,"{""__name__"": ""process_cpu_usage""}"
2,A,CPU Usage Rate,java_inventory,java,inventory,inventory-java:8082,inventory-java:8082 (inventory-service),2026-06-24 16:36:14,2026-06-24T11:06:14Z,1782299174,cooldown,2055.0,0.03513513513513514,"{""__name__"": ""process_cpu_usage""}"
2,A,CPU Usage Rate,java_inventory,java,inventory,order-java:8083,order-java:8083 (order-service),2026-06-24 16:36:14,2026-06-24T11:06:14Z,1782299174,cooldown,2055.0,0.025,"{""__name__"": ""process_cpu_usage""}"
2,A,CPU Usage Rate,java_inventory,java,inventory,warehouse-java-twin:9084,warehouse-java-twin:9084 (warehouse-twin),2026-06-24 16:36:14,2026-06-24T11:06:14Z,1782299174,cooldown,2055.0,0.016666666666666666,"{""__name__"": ""process_cpu_usage""}"
2,A,CPU Usage Rate,java_inventory,java,inventory,inventory-java:8082,inventory-java:8082 (inventory-service),2026-06-24 16:36:29,2026-06-24T11:06:29Z,1782299189,cooldown,2070.0,0.025,"{""__name__"": ""process_cpu_usage""}"
2,A,CPU Usage Rate,java_inventory,java,inventory,order-java:8083,order-java:8083 (order-service),2026-06-24 16:36:29,2026-06-24T11:06:29Z,1782299189,cooldown,2070.0,0.016666666666666666,"{""__name__"": ""process_cpu_usage""}"
2,A,CPU Usage Rate,java_inventory,java,inventory,warehouse-java-twin:9084,warehouse-java-twin:9084 (warehouse-twin),2026-06-24 16:36:29,2026-06-24T11:06:29Z,1782299189,cooldown,2070.0,0.008333333333333333,"{""__name__"": ""process_cpu_usage""}"
2,A,CPU Usage Rate,java_inventory,java,inventory,inventory-java:8082,inventory-java:8082 (inventory-service),2026-06-24 16:36:44,2026-06-24T11:06:44Z,1782299204,cooldown,2085.0,0.020689655172413793,"{""__name__"": ""process_cpu_usage""}"
2,A,CPU Usage Rate,java_inventory,java,inventory,order-java:8083,order-java:8083 (order-service),2026-06-24 16:36:44,2026-06-24T11:06:44Z,1782299204,cooldown,2085.0,0.02666666666666667,"{""__name__"": ""process_cpu_usage""}"
2,A,CPU Usage Rate,java_inventory,java,inventory,warehouse-java-twin:9084,warehouse-java-twin:9084 (warehouse-twin),2026-06-24 16:36:44,2026-06-24T11:06:44Z,1782299204,cooldown,2085.0,0.006666666666666667,"{""__name__"": ""process_cpu_usage""}"
2,A,CPU Usage Rate,java_inventory,java,inventory,inventory-java:8082,inventory-java:8082 (inventory-service),2026-06-24 16:36:59,2026-06-24T11:06:59Z,1782299219,post_test,2100.0,0.007692307692307693,"{""__name__"": ""process_cpu_usage""}"
2,A,CPU Usage Rate,java_inventory,java,inventory,order-java:8083,order-java:8083 (order-service),2026-06-24 16:36:59,2026-06-24T11:06:59Z,1782299219,post_test,2100.0,0.015384615384615385,"{""__name__"": ""process_cpu_usage""}"
2,A,CPU Usage Rate,java_inventory,java,inventory,warehouse-java-twin:9084,warehouse-java-twin:9084 (warehouse-twin),2026-06-24 16:36:59,2026-06-24T11:06:59Z,1782299219,post_test,2100.0,0.01,"{""__name__"": ""process_cpu_usage""}"
2,A,CPU Usage Rate,java_order,java,order,inventory-java:8082,inventory-java:8082 (inventory-service),2026-06-24 14:41:40,2026-06-24T09:11:40Z,1782292300,warmup,0.0,0.007692307692307693,"{""__name__"": ""process_cpu_usage""}"
2,A,CPU Usage Rate,java_order,java,order,order-java:8083,order-java:8083 (order-service),2026-06-24 14:41:40,2026-06-24T09:11:40Z,1782292300,warmup,0.0,0.0875,"{""__name__"": ""process_cpu_usage""}"
2,A,CPU Usage Rate,java_order,java,order,warehouse-java-twin:9084,warehouse-java-twin:9084 (warehouse-twin),2026-06-24 14:41:40,2026-06-24T09:11:40Z,1782292300,warmup,0.0,0.0125,"{""__name__"": ""process_cpu_usage""}"
2,A,CPU Usage Rate,java_order,java,order,inventory-java:8082,inventory-java:8082 (inventory-service),2026-06-24 14:41:55,2026-06-24T09:11:55Z,1782292315,warmup,15.0,0.027777777777777776,"{""__name__"": ""process_cpu_usage""}"
2,A,CPU Usage Rate,java_order,java,order,order-java:8083,order-java:8083 (order-service),2026-06-24 14:41:55,2026-06-24T09:11:55Z,1782292315,warmup,15.0,0.00909090909090909,"{""__name__"": ""process_cpu_usage""}"
2,A,CPU Usage Rate,java_order,java,order,warehouse-java-twin:9084,warehouse-java-twin:9084 (warehouse-twin),2026-06-24 14:41:55,2026-06-24T09:11:55Z,1782292315,warmup,15.0,0.01,"{""__name__"": ""process_cpu_usage""}"
2,A,CPU Usage Rate,java_order,java,order,inventory-java:8082,inventory-java:8082 (inventory-service),2026-06-24 14:42:10,2026-06-24T09:12:10Z,1782292330,warmup,30.0,0.007142857142857143,"{""__name__"": ""process_cpu_usage""}"
2,A,CPU Usage Rate,java_order,java,order,order-java:8083,order-java:8083 (order-service),2026-06-24 14:42:10,2026-06-24T09:12:10Z,1782292330,warmup,30.0,0.0058823529411764705,"{""__name__"": ""process_cpu_usage""}"
2,A,CPU Usage Rate,java_order,java,order,warehouse-java-twin:9084,warehouse-java-twin:9084 (warehouse-twin),2026-06-24 14:42:10,2026-06-24T09:12:10Z,1782292330,warmup,30.0,0.011111111111111112,"{""__name__"": ""process_cpu_usage""}"
2,A,CPU Usage Rate,java_order,java,order,inventory-java:8082,inventory-java:8082 (inventory-service),2026-06-24 14:42:25,2026-06-24T09:12:25Z,1782292345,warmup,45.0,0.006666666666666667,"{""__name__"": ""process_cpu_usage""}"
2,A,CPU Usage Rate,java_order,java,order,order-java:8083,order-java:8083 (order-service),2026-06-24 14:42:25,2026-06-24T09:12:25Z,1782292345,warmup,45.0,0.020833333333333332,"{""__name__"": ""process_cpu_usage""}"
2,A,CPU Usage Rate,java_order,java,order,warehouse-java-twin:9084,warehouse-java-twin:9084 (warehouse-twin),2026-06-24 14:42:25,2026-06-24T09:12:25Z,1782292345,warmup,45.0,0.008333333333333333,"{""__name__"": ""process_cpu_usage""}"
2,A,CPU Usage Rate,java_order,java,order,inventory-java:8082,inventory-java:8082 (inventory-service),2026-06-24 14:42:40,2026-06-24T09:12:40Z,1782292360,warmup,60.0,0.015384615384615385,"{""__name__"": ""process_cpu_usage""}"
2,A,CPU Usage Rate,java_order,java,order,order-java:8083,order-java:8083 (order-service),2026-06-24 14:42:40,2026-06-24T09:12:40Z,1782292360,warmup,60.0,0.018518518518518517,"{""__name__"": ""process_cpu_usage""}"
2,A,CPU Usage Rate,java_order,java,order,warehouse-java-twin:9084,warehouse-java-twin:9084 (warehouse-twin),2026-06-24 14:42:40,2026-06-24T09:12:40Z,1782292360,warmup,60.0,0.016666666666666666,"{""__name__"": ""process_cpu_usage""}"
2,A,CPU Usage Rate,java_order,java,order,inventory-java:8082,inventory-java:8082 (inventory-service),2026-06-24 14:42:55,2026-06-24T09:12:55Z,1782292375,warmup,75.0,0.007142857142857143,"{""__name__"": ""process_cpu_usage""}"
2,A,CPU Usage Rate,java_order,java,order,order-java:8083,order-java:8083 (order-service),2026-06-24 14:42:55,2026-06-24T09:12:55Z,1782292375,warmup,75.0,0.07428571428571429,"{""__name__"": ""process_cpu_usage""}"
2,A,CPU Usage Rate,java_order,java,order,warehouse-java-twin:9084,warehouse-java-twin:9084 (warehouse-twin),2026-06-24 14:42:55,2026-06-24T09:12:55Z,1782292375,warmup,75.0,0.0,"{""__name__"": ""process_cpu_usage""}"
2,A,CPU Usage Rate,java_order,java,order,inventory-java:8082,inventory-java:8082 (inventory-service),2026-06-24 14:43:10,2026-06-24T09:13:10Z,1782292390,warmup,90.0,0.016666666666666666,"{""__name__"": ""process_cpu_usage""}"
2,A,CPU Usage Rate,java_order,java,order,order-java:8083,order-java:8083 (order-service),2026-06-24 14:43:10,2026-06-24T09:13:10Z,1782292390,warmup,90.0,0.016666666666666666,"{""__name__"": ""process_cpu_usage""}"
2,A,CPU Usage Rate,java_order,java,order,warehouse-java-twin:9084,warehouse-java-twin:9084 (warehouse-twin),2026-06-24 14:43:10,2026-06-24T09:13:10Z,1782292390,warmup,90.0,0.01818181818181818,"{""__name__"": ""process_cpu_usage""}"
2,A,CPU Usage Rate,java_order,java,order,inventory-java:8082,inventory-java:8082 (inventory-service),2026-06-24 14:43:25,2026-06-24T09:13:25Z,1782292405,warmup,105.0,0.010526315789473684,"{""__name__"": ""process_cpu_usage""}"
2,A,CPU Usage Rate,java_order,java,order,order-java:8083,order-java:8083 (order-service),2026-06-24 14:43:25,2026-06-24T09:13:25Z,1782292405,warmup,105.0,0.01627906976744186,"{""__name__"": ""process_cpu_usage""}"
2,A,CPU Usage Rate,java_order,java,order,warehouse-java-twin:9084,warehouse-java-twin:9084 (warehouse-twin),2026-06-24 14:43:25,2026-06-24T09:13:25Z,1782292405,warmup,105.0,0.0,"{""__name__"": ""process_cpu_usage""}"
2,A,CPU Usage Rate,java_order,java,order,inventory-java:8082,inventory-java:8082 (inventory-service),2026-06-24 14:43:40,2026-06-24T09:13:40Z,1782292420,warmup,120.0,0.004545454545454545,"{""__name__"": ""process_cpu_usage""}"
2,A,CPU Usage Rate,java_order,java,order,order-java:8083,order-java:8083 (order-service),2026-06-24 14:43:40,2026-06-24T09:13:40Z,1782292420,warmup,120.0,0.017948717948717947,"{""__name__"": ""process_cpu_usage""}"
2,A,CPU Usage Rate,java_order,java,order,warehouse-java-twin:9084,warehouse-java-twin:9084 (warehouse-twin),2026-06-24 14:43:40,2026-06-24T09:13:40Z,1782292420,warmup,120.0,0.01,"{""__name__"": ""process_cpu_usage""}"
2,A,CPU Usage Rate,java_order,java,order,inventory-java:8082,inventory-java:8082 (inventory-service),2026-06-24 14:43:55,2026-06-24T09:13:55Z,1782292435,warmup,135.0,0.00625,"{""__name__"": ""process_cpu_usage""}"
2,A,CPU Usage Rate,java_order,java,order,order-java:8083,order-java:8083 (order-service),2026-06-24 14:43:55,2026-06-24T09:13:55Z,1782292435,warmup,135.0,0.016666666666666666,"{""__name__"": ""process_cpu_usage""}"
2,A,CPU Usage Rate,java_order,java,order,warehouse-java-twin:9084,warehouse-java-twin:9084 (warehouse-twin),2026-06-24 14:43:55,2026-06-24T09:13:55Z,1782292435,warmup,135.0,0.016666666666666666,"{""__name__"": ""process_cpu_usage""}"
2,A,CPU Usage Rate,java_order,java,order,inventory-java:8082,inventory-java:8082 (inventory-service),2026-06-24 14:44:10,2026-06-24T09:14:10Z,1782292450,warmup,150.0,0.004,"{""__name__"": ""process_cpu_usage""}"
2,A,CPU Usage Rate,java_order,java,order,order-java:8083,order-java:8083 (order-service),2026-06-24 14:44:10,2026-06-24T09:14:10Z,1782292450,warmup,150.0,0.01702127659574468,"{""__name__"": ""process_cpu_usage""}"
2,A,CPU Usage Rate,java_order,java,order,warehouse-java-twin:9084,warehouse-java-twin:9084 (warehouse-twin),2026-06-24 14:44:10,2026-06-24T09:14:10Z,1782292450,warmup,150.0,0.015384615384615385,"{""__name__"": ""process_cpu_usage""}"
2,A,CPU Usage Rate,java_order,java,order,inventory-java:8082,inventory-java:8082 (inventory-service),2026-06-24 14:44:25,2026-06-24T09:14:25Z,1782292465,warmup,165.0,0.007692307692307693,"{""__name__"": ""process_cpu_usage""}"
2,A,CPU Usage Rate,java_order,java,order,order-java:8083,order-java:8083 (order-service),2026-06-24 14:44:25,2026-06-24T09:14:25Z,1782292465,warmup,165.0,0.018367346938775512,"{""__name__"": ""process_cpu_usage""}"
2,A,CPU Usage Rate,java_order,java,order,warehouse-java-twin:9084,warehouse-java-twin:9084 (warehouse-twin),2026-06-24 14:44:25,2026-06-24T09:14:25Z,1782292465,warmup,165.0,0.01,"{""__name__"": ""process_cpu_usage""}"
2,A,CPU Usage Rate,java_order,java,order,inventory-java:8082,inventory-java:8082 (inventory-service),2026-06-24 14:44:40,2026-06-24T09:14:40Z,1782292480,warmup,180.0,0.00909090909090909,"{""__name__"": ""process_cpu_usage""}"
2,A,CPU Usage Rate,java_order,java,order,order-java:8083,order-java:8083 (order-service),2026-06-24 14:44:40,2026-06-24T09:14:40Z,1782292480,warmup,180.0,0.014893617021276596,"{""__name__"": ""process_cpu_usage""}"
2,A,CPU Usage Rate,java_order,java,order,warehouse-java-twin:9084,warehouse-java-twin:9084 (warehouse-twin),2026-06-24 14:44:40,2026-06-24T09:14:40Z,1782292480,warmup,180.0,0.008333333333333333,"{""__name__"": ""process_cpu_usage""}"
2,A,CPU Usage Rate,java_order,java,order,inventory-java:8082,inventory-java:8082 (inventory-service),2026-06-24 14:44:55,2026-06-24T09:14:55Z,1782292495,warmup,195.0,0.011111111111111112,"{""__name__"": ""process_cpu_usage""}"
2,A,CPU Usage Rate,java_order,java,order,order-java:8083,order-java:8083 (order-service),2026-06-24 14:44:55,2026-06-24T09:14:55Z,1782292495,warmup,195.0,0.017391304347826087,"{""__name__"": ""process_cpu_usage""}"
2,A,CPU Usage Rate,java_order,java,order,warehouse-java-twin:9084,warehouse-java-twin:9084 (warehouse-twin),2026-06-24 14:44:55,2026-06-24T09:14:55Z,1782292495,warmup,195.0,0.01,"{""__name__"": ""process_cpu_usage""}"
2,A,CPU Usage Rate,java_order,java,order,inventory-java:8082,inventory-java:8082 (inventory-service),2026-06-24 14:45:10,2026-06-24T09:15:10Z,1782292510,warmup,210.0,0.008695652173913044,"{""__name__"": ""process_cpu_usage""}"
2,A,CPU Usage Rate,java_order,java,order,order-java:8083,order-java:8083 (order-service),2026-06-24 14:45:10,2026-06-24T09:15:10Z,1782292510,warmup,210.0,0.018367346938775512,"{""__name__"": ""process_cpu_usage""}"
2,A,CPU Usage Rate,java_order,java,order,warehouse-java-twin:9084,warehouse-java-twin:9084 (warehouse-twin),2026-06-24 14:45:10,2026-06-24T09:15:10Z,1782292510,warmup,210.0,0.0,"{""__name__"": ""process_cpu_usage""}"
2,A,CPU Usage Rate,java_order,java,order,inventory-java:8082,inventory-java:8082 (inventory-service),2026-06-24 14:45:25,2026-06-24T09:15:25Z,1782292525,warmup,225.0,0.011538461538461539,"{""__name__"": ""process_cpu_usage""}"
2,A,CPU Usage Rate,java_order,java,order,order-java:8083,order-java:8083 (order-service),2026-06-24 14:45:25,2026-06-24T09:15:25Z,1782292525,warmup,225.0,0.026530612244897958,"{""__name__"": ""process_cpu_usage""}"
2,A,CPU Usage Rate,java_order,java,order,warehouse-java-twin:9084,warehouse-java-twin:9084 (warehouse-twin),2026-06-24 14:45:25,2026-06-24T09:15:25Z,1782292525,warmup,225.0,0.011111111111111112,"{""__name__"": ""process_cpu_usage""}"
2,A,CPU Usage Rate,java_order,java,order,inventory-java:8082,inventory-java:8082 (inventory-service),2026-06-24 14:45:40,2026-06-24T09:15:40Z,1782292540,warmup,240.0,0.010714285714285714,"{""__name__"": ""process_cpu_usage""}"
2,A,CPU Usage Rate,java_order,java,order,order-java:8083,order-java:8083 (order-service),2026-06-24 14:45:40,2026-06-24T09:15:40Z,1782292540,warmup,240.0,0.02857142857142857,"{""__name__"": ""process_cpu_usage""}"
2,A,CPU Usage Rate,java_order,java,order,warehouse-java-twin:9084,warehouse-java-twin:9084 (warehouse-twin),2026-06-24 14:45:40,2026-06-24T09:15:40Z,1782292540,warmup,240.0,0.0,"{""__name__"": ""process_cpu_usage""}"
2,A,CPU Usage Rate,java_order,java,order,inventory-java:8082,inventory-java:8082 (inventory-service),2026-06-24 14:45:55,2026-06-24T09:15:55Z,1782292555,warmup,255.0,0.011538461538461539,"{""__name__"": ""process_cpu_usage""}"
2,A,CPU Usage Rate,java_order,java,order,order-java:8083,order-java:8083 (order-service),2026-06-24 14:45:55,2026-06-24T09:15:55Z,1782292555,warmup,255.0,0.028,"{""__name__"": ""process_cpu_usage""}"
2,A,CPU Usage Rate,java_order,java,order,warehouse-java-twin:9084,warehouse-java-twin:9084 (warehouse-twin),2026-06-24 14:45:55,2026-06-24T09:15:55Z,1782292555,warmup,255.0,0.0,"{""__name__"": ""process_cpu_usage""}"
2,A,CPU Usage Rate,java_order,java,order,inventory-java:8082,inventory-java:8082 (inventory-service),2026-06-24 14:46:10,2026-06-24T09:16:10Z,1782292570,warmup,270.0,0.00909090909090909,"{""__name__"": ""process_cpu_usage""}"
2,A,CPU Usage Rate,java_order,java,order,order-java:8083,order-java:8083 (order-service),2026-06-24 14:46:10,2026-06-24T09:16:10Z,1782292570,warmup,270.0,0.023404255319148935,"{""__name__"": ""process_cpu_usage""}"
2,A,CPU Usage Rate,java_order,java,order,warehouse-java-twin:9084,warehouse-java-twin:9084 (warehouse-twin),2026-06-24 14:46:10,2026-06-24T09:16:10Z,1782292570,warmup,270.0,0.01,"{""__name__"": ""process_cpu_usage""}"
2,A,CPU Usage Rate,java_order,java,order,inventory-java:8082,inventory-java:8082 (inventory-service),2026-06-24 14:46:25,2026-06-24T09:16:25Z,1782292585,warmup,285.0,0.011111111111111112,"{""__name__"": ""process_cpu_usage""}"
2,A,CPU Usage Rate,java_order,java,order,order-java:8083,order-java:8083 (order-service),2026-06-24 14:46:25,2026-06-24T09:16:25Z,1782292585,warmup,285.0,0.023404255319148935,"{""__name__"": ""process_cpu_usage""}"
2,A,CPU Usage Rate,java_order,java,order,warehouse-java-twin:9084,warehouse-java-twin:9084 (warehouse-twin),2026-06-24 14:46:25,2026-06-24T09:16:25Z,1782292585,warmup,285.0,0.008333333333333333,"{""__name__"": ""process_cpu_usage""}"
2,A,CPU Usage Rate,java_order,java,order,inventory-java:8082,inventory-java:8082 (inventory-service),2026-06-24 14:46:40,2026-06-24T09:16:40Z,1782292600,ramp_1,300.0,0.014285714285714285,"{""__name__"": ""process_cpu_usage""}"
2,A,CPU Usage Rate,java_order,java,order,order-java:8083,order-java:8083 (order-service),2026-06-24 14:46:40,2026-06-24T09:16:40Z,1782292600,ramp_1,300.0,0.030612244897959183,"{""__name__"": ""process_cpu_usage""}"
2,A,CPU Usage Rate,java_order,java,order,warehouse-java-twin:9084,warehouse-java-twin:9084 (warehouse-twin),2026-06-24 14:46:40,2026-06-24T09:16:40Z,1782292600,ramp_1,300.0,0.0,"{""__name__"": ""process_cpu_usage""}"
2,A,CPU Usage Rate,java_order,java,order,inventory-java:8082,inventory-java:8082 (inventory-service),2026-06-24 14:46:55,2026-06-24T09:16:55Z,1782292615,ramp_1,315.0,0.014285714285714285,"{""__name__"": ""process_cpu_usage""}"
2,A,CPU Usage Rate,java_order,java,order,order-java:8083,order-java:8083 (order-service),2026-06-24 14:46:55,2026-06-24T09:16:55Z,1782292615,ramp_1,315.0,0.06666666666666667,"{""__name__"": ""process_cpu_usage""}"
2,A,CPU Usage Rate,java_order,java,order,warehouse-java-twin:9084,warehouse-java-twin:9084 (warehouse-twin),2026-06-24 14:46:55,2026-06-24T09:16:55Z,1782292615,ramp_1,315.0,0.014285714285714285,"{""__name__"": ""process_cpu_usage""}"
2,A,CPU Usage Rate,java_order,java,order,inventory-java:8082,inventory-java:8082 (inventory-service),2026-06-24 14:47:10,2026-06-24T09:17:10Z,1782292630,ramp_1,330.0,0.012903225806451613,"{""__name__"": ""process_cpu_usage""}"
2,A,CPU Usage Rate,java_order,java,order,order-java:8083,order-java:8083 (order-service),2026-06-24 14:47:10,2026-06-24T09:17:10Z,1782292630,ramp_1,330.0,0.04285714285714286,"{""__name__"": ""process_cpu_usage""}"
2,A,CPU Usage Rate,java_order,java,order,warehouse-java-twin:9084,warehouse-java-twin:9084 (warehouse-twin),2026-06-24 14:47:10,2026-06-24T09:17:10Z,1782292630,ramp_1,330.0,0.013333333333333334,"{""__name__"": ""process_cpu_usage""}"
2,A,CPU Usage Rate,java_order,java,order,inventory-java:8082,inventory-java:8082 (inventory-service),2026-06-24 14:47:25,2026-06-24T09:17:25Z,1782292645,ramp_1,345.0,0.00909090909090909,"{""__name__"": ""process_cpu_usage""}"
2,A,CPU Usage Rate,java_order,java,order,order-java:8083,order-java:8083 (order-service),2026-06-24 14:47:25,2026-06-24T09:17:25Z,1782292645,ramp_1,345.0,0.034,"{""__name__"": ""process_cpu_usage""}"
2,A,CPU Usage Rate,java_order,java,order,warehouse-java-twin:9084,warehouse-java-twin:9084 (warehouse-twin),2026-06-24 14:47:25,2026-06-24T09:17:25Z,1782292645,ramp_1,345.0,0.0,"{""__name__"": ""process_cpu_usage""}"
2,A,CPU Usage Rate,java_order,java,order,inventory-java:8082,inventory-java:8082 (inventory-service),2026-06-24 14:47:40,2026-06-24T09:17:40Z,1782292660,ramp_1,360.0,0.011428571428571429,"{""__name__"": ""process_cpu_usage""}"
2,A,CPU Usage Rate,java_order,java,order,order-java:8083,order-java:8083 (order-service),2026-06-24 14:47:40,2026-06-24T09:17:40Z,1782292660,ramp_1,360.0,0.04,"{""__name__"": ""process_cpu_usage""}"
2,A,CPU Usage Rate,java_order,java,order,warehouse-java-twin:9084,warehouse-java-twin:9084 (warehouse-twin),2026-06-24 14:47:40,2026-06-24T09:17:40Z,1782292660,ramp_1,360.0,0.0,"{""__name__"": ""process_cpu_usage""}"
2,A,CPU Usage Rate,java_order,java,order,inventory-java:8082,inventory-java:8082 (inventory-service),2026-06-24 14:47:55,2026-06-24T09:17:55Z,1782292675,ramp_1,375.0,0.013513513513513514,"{""__name__"": ""process_cpu_usage""}"
2,A,CPU Usage Rate,java_order,java,order,order-java:8083,order-java:8083 (order-service),2026-06-24 14:47:55,2026-06-24T09:17:55Z,1782292675,ramp_1,375.0,0.05,"{""__name__"": ""process_cpu_usage""}"
2,A,CPU Usage Rate,java_order,java,order,warehouse-java-twin:9084,warehouse-java-twin:9084 (warehouse-twin),2026-06-24 14:47:55,2026-06-24T09:17:55Z,1782292675,ramp_1,375.0,0.016666666666666666,"{""__name__"": ""process_cpu_usage""}"
2,A,CPU Usage Rate,java_order,java,order,inventory-java:8082,inventory-java:8082 (inventory-service),2026-06-24 14:48:10,2026-06-24T09:18:10Z,1782292690,ramp_1,390.0,0.0125,"{""__name__"": ""process_cpu_usage""}"
2,A,CPU Usage Rate,java_order,java,order,order-java:8083,order-java:8083 (order-service),2026-06-24 14:48:10,2026-06-24T09:18:10Z,1782292690,ramp_1,390.0,0.058,"{""__name__"": ""process_cpu_usage""}"
2,A,CPU Usage Rate,java_order,java,order,warehouse-java-twin:9084,warehouse-java-twin:9084 (warehouse-twin),2026-06-24 14:48:10,2026-06-24T09:18:10Z,1782292690,ramp_1,390.0,0.008333333333333333,"{""__name__"": ""process_cpu_usage""}"
2,A,CPU Usage Rate,java_order,java,order,inventory-java:8082,inventory-java:8082 (inventory-service),2026-06-24 14:48:25,2026-06-24T09:18:25Z,1782292705,ramp_1,405.0,0.010810810810810811,"{""__name__"": ""process_cpu_usage""}"
2,A,CPU Usage Rate,java_order,java,order,order-java:8083,order-java:8083 (order-service),2026-06-24 14:48:25,2026-06-24T09:18:25Z,1782292705,ramp_1,405.0,0.046,"{""__name__"": ""process_cpu_usage""}"
2,A,CPU Usage Rate,java_order,java,order,warehouse-java-twin:9084,warehouse-java-twin:9084 (warehouse-twin),2026-06-24 14:48:25,2026-06-24T09:18:25Z,1782292705,ramp_1,405.0,0.0,"{""__name__"": ""process_cpu_usage""}"
2,A,CPU Usage Rate,java_order,java,order,inventory-java:8082,inventory-java:8082 (inventory-service),2026-06-24 14:48:40,2026-06-24T09:18:40Z,1782292720,ramp_1,420.0,0.00967741935483871,"{""__name__"": ""process_cpu_usage""}"
2,A,CPU Usage Rate,java_order,java,order,order-java:8083,order-java:8083 (order-service),2026-06-24 14:48:40,2026-06-24T09:18:40Z,1782292720,ramp_1,420.0,0.088,"{""__name__"": ""process_cpu_usage""}"
2,A,CPU Usage Rate,java_order,java,order,warehouse-java-twin:9084,warehouse-java-twin:9084 (warehouse-twin),2026-06-24 14:48:40,2026-06-24T09:18:40Z,1782292720,ramp_1,420.0,0.016666666666666666,"{""__name__"": ""process_cpu_usage""}"
2,A,CPU Usage Rate,java_order,java,order,inventory-java:8082,inventory-java:8082 (inventory-service),2026-06-24 14:48:55,2026-06-24T09:18:55Z,1782292735,ramp_1,435.0,0.01627906976744186,"{""__name__"": ""process_cpu_usage""}"
2,A,CPU Usage Rate,java_order,java,order,order-java:8083,order-java:8083 (order-service),2026-06-24 14:48:55,2026-06-24T09:18:55Z,1782292735,ramp_1,435.0,0.088,"{""__name__"": ""process_cpu_usage""}"
2,A,CPU Usage Rate,java_order,java,order,warehouse-java-twin:9084,warehouse-java-twin:9084 (warehouse-twin),2026-06-24 14:48:55,2026-06-24T09:18:55Z,1782292735,ramp_1,435.0,0.00909090909090909,"{""__name__"": ""process_cpu_usage""}"
2,A,CPU Usage Rate,java_order,java,order,inventory-java:8082,inventory-java:8082 (inventory-service),2026-06-24 14:49:10,2026-06-24T09:19:10Z,1782292750,ramp_1,450.0,0.017777777777777778,"{""__name__"": ""process_cpu_usage""}"
2,A,CPU Usage Rate,java_order,java,order,order-java:8083,order-java:8083 (order-service),2026-06-24 14:49:10,2026-06-24T09:19:10Z,1782292750,ramp_1,450.0,0.08,"{""__name__"": ""process_cpu_usage""}"
2,A,CPU Usage Rate,java_order,java,order,warehouse-java-twin:9084,warehouse-java-twin:9084 (warehouse-twin),2026-06-24 14:49:10,2026-06-24T09:19:10Z,1782292750,ramp_1,450.0,0.008333333333333333,"{""__name__"": ""process_cpu_usage""}"
2,A,CPU Usage Rate,java_order,java,order,inventory-java:8082,inventory-java:8082 (inventory-service),2026-06-24 14:49:25,2026-06-24T09:19:25Z,1782292765,ramp_1,465.0,0.014285714285714285,"{""__name__"": ""process_cpu_usage""}"
2,A,CPU Usage Rate,java_order,java,order,order-java:8083,order-java:8083 (order-service),2026-06-24 14:49:25,2026-06-24T09:19:25Z,1782292765,ramp_1,465.0,0.064,"{""__name__"": ""process_cpu_usage""}"
2,A,CPU Usage Rate,java_order,java,order,warehouse-java-twin:9084,warehouse-java-twin:9084 (warehouse-twin),2026-06-24 14:49:25,2026-06-24T09:19:25Z,1782292765,ramp_1,465.0,0.0,"{""__name__"": ""process_cpu_usage""}"
2,A,CPU Usage Rate,java_order,java,order,inventory-java:8082,inventory-java:8082 (inventory-service),2026-06-24 14:49:40,2026-06-24T09:19:40Z,1782292780,ramp_1,480.0,0.015,"{""__name__"": ""process_cpu_usage""}"
2,A,CPU Usage Rate,java_order,java,order,order-java:8083,order-java:8083 (order-service),2026-06-24 14:49:40,2026-06-24T09:19:40Z,1782292780,ramp_1,480.0,0.068,"{""__name__"": ""process_cpu_usage""}"
2,A,CPU Usage Rate,java_order,java,order,warehouse-java-twin:9084,warehouse-java-twin:9084 (warehouse-twin),2026-06-24 14:49:40,2026-06-24T09:19:40Z,1782292780,ramp_1,480.0,0.0,"{""__name__"": ""process_cpu_usage""}"
2,A,CPU Usage Rate,java_order,java,order,inventory-java:8082,inventory-java:8082 (inventory-service),2026-06-24 14:49:55,2026-06-24T09:19:55Z,1782292795,ramp_1,495.0,0.014634146341463415,"{""__name__"": ""process_cpu_usage""}"
2,A,CPU Usage Rate,java_order,java,order,order-java:8083,order-java:8083 (order-service),2026-06-24 14:49:55,2026-06-24T09:19:55Z,1782292795,ramp_1,495.0,0.088,"{""__name__"": ""process_cpu_usage""}"
2,A,CPU Usage Rate,java_order,java,order,warehouse-java-twin:9084,warehouse-java-twin:9084 (warehouse-twin),2026-06-24 14:49:55,2026-06-24T09:19:55Z,1782292795,ramp_1,495.0,0.01,"{""__name__"": ""process_cpu_usage""}"
2,A,CPU Usage Rate,java_order,java,order,inventory-java:8082,inventory-java:8082 (inventory-service),2026-06-24 14:50:10,2026-06-24T09:20:10Z,1782292810,ramp_1,510.0,0.014634146341463415,"{""__name__"": ""process_cpu_usage""}"
2,A,CPU Usage Rate,java_order,java,order,order-java:8083,order-java:8083 (order-service),2026-06-24 14:50:10,2026-06-24T09:20:10Z,1782292810,ramp_1,510.0,0.068,"{""__name__"": ""process_cpu_usage""}"
2,A,CPU Usage Rate,java_order,java,order,warehouse-java-twin:9084,warehouse-java-twin:9084 (warehouse-twin),2026-06-24 14:50:10,2026-06-24T09:20:10Z,1782292810,ramp_1,510.0,0.01,"{""__name__"": ""process_cpu_usage""}"
2,A,CPU Usage Rate,java_order,java,order,inventory-java:8082,inventory-java:8082 (inventory-service),2026-06-24 14:50:25,2026-06-24T09:20:25Z,1782292825,ramp_1,525.0,0.01707317073170732,"{""__name__"": ""process_cpu_usage""}"
2,A,CPU Usage Rate,java_order,java,order,order-java:8083,order-java:8083 (order-service),2026-06-24 14:50:25,2026-06-24T09:20:25Z,1782292825,ramp_1,525.0,0.076,"{""__name__"": ""process_cpu_usage""}"
2,A,CPU Usage Rate,java_order,java,order,warehouse-java-twin:9084,warehouse-java-twin:9084 (warehouse-twin),2026-06-24 14:50:25,2026-06-24T09:20:25Z,1782292825,ramp_1,525.0,0.0,"{""__name__"": ""process_cpu_usage""}"
2,A,CPU Usage Rate,java_order,java,order,inventory-java:8082,inventory-java:8082 (inventory-service),2026-06-24 14:50:40,2026-06-24T09:20:40Z,1782292840,ramp_1,540.0,0.015,"{""__name__"": ""process_cpu_usage""}"
2,A,CPU Usage Rate,java_order,java,order,order-java:8083,order-java:8083 (order-service),2026-06-24 14:50:40,2026-06-24T09:20:40Z,1782292840,ramp_1,540.0,0.064,"{""__name__"": ""process_cpu_usage""}"
2,A,CPU Usage Rate,java_order,java,order,warehouse-java-twin:9084,warehouse-java-twin:9084 (warehouse-twin),2026-06-24 14:50:40,2026-06-24T09:20:40Z,1782292840,ramp_1,540.0,0.01,"{""__name__"": ""process_cpu_usage""}"
2,A,CPU Usage Rate,java_order,java,order,inventory-java:8082,inventory-java:8082 (inventory-service),2026-06-24 14:50:55,2026-06-24T09:20:55Z,1782292855,ramp_1,555.0,0.01707317073170732,"{""__name__"": ""process_cpu_usage""}"
2,A,CPU Usage Rate,java_order,java,order,order-java:8083,order-java:8083 (order-service),2026-06-24 14:50:55,2026-06-24T09:20:55Z,1782292855,ramp_1,555.0,0.072,"{""__name__"": ""process_cpu_usage""}"
2,A,CPU Usage Rate,java_order,java,order,warehouse-java-twin:9084,warehouse-java-twin:9084 (warehouse-twin),2026-06-24 14:50:55,2026-06-24T09:20:55Z,1782292855,ramp_1,555.0,0.014285714285714285,"{""__name__"": ""process_cpu_usage""}"
2,A,CPU Usage Rate,java_order,java,order,inventory-java:8082,inventory-java:8082 (inventory-service),2026-06-24 14:51:10,2026-06-24T09:21:10Z,1782292870,ramp_1,570.0,0.021052631578947368,"{""__name__"": ""process_cpu_usage""}"
2,A,CPU Usage Rate,java_order,java,order,order-java:8083,order-java:8083 (order-service),2026-06-24 14:51:10,2026-06-24T09:21:10Z,1782292870,ramp_1,570.0,0.094,"{""__name__"": ""process_cpu_usage""}"
2,A,CPU Usage Rate,java_order,java,order,warehouse-java-twin:9084,warehouse-java-twin:9084 (warehouse-twin),2026-06-24 14:51:10,2026-06-24T09:21:10Z,1782292870,ramp_1,570.0,0.01,"{""__name__"": ""process_cpu_usage""}"
2,A,CPU Usage Rate,java_order,java,order,inventory-java:8082,inventory-java:8082 (inventory-service),2026-06-24 14:51:25,2026-06-24T09:21:25Z,1782292885,ramp_1,585.0,0.01702127659574468,"{""__name__"": ""process_cpu_usage""}"
2,A,CPU Usage Rate,java_order,java,order,order-java:8083,order-java:8083 (order-service),2026-06-24 14:51:25,2026-06-24T09:21:25Z,1782292885,ramp_1,585.0,0.096,"{""__name__"": ""process_cpu_usage""}"
2,A,CPU Usage Rate,java_order,java,order,warehouse-java-twin:9084,warehouse-java-twin:9084 (warehouse-twin),2026-06-24 14:51:25,2026-06-24T09:21:25Z,1782292885,ramp_1,585.0,0.0,"{""__name__"": ""process_cpu_usage""}"
2,A,CPU Usage Rate,java_order,java,order,inventory-java:8082,inventory-java:8082 (inventory-service),2026-06-24 14:51:40,2026-06-24T09:21:40Z,1782292900,ramp_2,600.0,0.018,"{""__name__"": ""process_cpu_usage""}"
2,A,CPU Usage Rate,java_order,java,order,order-java:8083,order-java:8083 (order-service),2026-06-24 14:51:40,2026-06-24T09:21:40Z,1782292900,ramp_2,600.0,0.098,"{""__name__"": ""process_cpu_usage""}"
2,A,CPU Usage Rate,java_order,java,order,warehouse-java-twin:9084,warehouse-java-twin:9084 (warehouse-twin),2026-06-24 14:51:40,2026-06-24T09:21:40Z,1782292900,ramp_2,600.0,0.02,"{""__name__"": ""process_cpu_usage""}"
2,A,CPU Usage Rate,java_order,java,order,inventory-java:8082,inventory-java:8082 (inventory-service),2026-06-24 14:51:55,2026-06-24T09:21:55Z,1782292915,ramp_2,615.0,0.02040816326530612,"{""__name__"": ""process_cpu_usage""}"
2,A,CPU Usage Rate,java_order,java,order,order-java:8083,order-java:8083 (order-service),2026-06-24 14:51:55,2026-06-24T09:21:55Z,1782292915,ramp_2,615.0,0.104,"{""__name__"": ""process_cpu_usage""}"
2,A,CPU Usage Rate,java_order,java,order,warehouse-java-twin:9084,warehouse-java-twin:9084 (warehouse-twin),2026-06-24 14:51:55,2026-06-24T09:21:55Z,1782292915,ramp_2,615.0,0.025,"{""__name__"": ""process_cpu_usage""}"
2,A,CPU Usage Rate,java_order,java,order,inventory-java:8082,inventory-java:8082 (inventory-service),2026-06-24 14:52:10,2026-06-24T09:22:10Z,1782292930,ramp_2,630.0,0.018,"{""__name__"": ""process_cpu_usage""}"
2,A,CPU Usage Rate,java_order,java,order,order-java:8083,order-java:8083 (order-service),2026-06-24 14:52:10,2026-06-24T09:22:10Z,1782292930,ramp_2,630.0,0.114,"{""__name__"": ""process_cpu_usage""}"
2,A,CPU Usage Rate,java_order,java,order,warehouse-java-twin:9084,warehouse-java-twin:9084 (warehouse-twin),2026-06-24 14:52:10,2026-06-24T09:22:10Z,1782292930,ramp_2,630.0,0.0,"{""__name__"": ""process_cpu_usage""}"
2,A,CPU Usage Rate,java_order,java,order,inventory-java:8082,inventory-java:8082 (inventory-service),2026-06-24 14:52:25,2026-06-24T09:22:25Z,1782292945,ramp_2,645.0,0.022916666666666665,"{""__name__"": ""process_cpu_usage""}"
2,A,CPU Usage Rate,java_order,java,order,order-java:8083,order-java:8083 (order-service),2026-06-24 14:52:25,2026-06-24T09:22:25Z,1782292945,ramp_2,645.0,0.12,"{""__name__"": ""process_cpu_usage""}"
2,A,CPU Usage Rate,java_order,java,order,warehouse-java-twin:9084,warehouse-java-twin:9084 (warehouse-twin),2026-06-24 14:52:25,2026-06-24T09:22:25Z,1782292945,ramp_2,645.0,0.011111111111111112,"{""__name__"": ""process_cpu_usage""}"
2,A,CPU Usage Rate,java_order,java,order,inventory-java:8082,inventory-java:8082 (inventory-service),2026-06-24 14:52:40,2026-06-24T09:22:40Z,1782292960,ramp_2,660.0,0.022916666666666665,"{""__name__"": ""process_cpu_usage""}"
2,A,CPU Usage Rate,java_order,java,order,order-java:8083,order-java:8083 (order-service),2026-06-24 14:52:40,2026-06-24T09:22:40Z,1782292960,ramp_2,660.0,0.116,"{""__name__"": ""process_cpu_usage""}"
2,A,CPU Usage Rate,java_order,java,order,warehouse-java-twin:9084,warehouse-java-twin:9084 (warehouse-twin),2026-06-24 14:52:40,2026-06-24T09:22:40Z,1782292960,ramp_2,660.0,0.0,"{""__name__"": ""process_cpu_usage""}"
2,A,CPU Usage Rate,java_order,java,order,inventory-java:8082,inventory-java:8082 (inventory-service),2026-06-24 14:52:55,2026-06-24T09:22:55Z,1782292975,ramp_2,675.0,0.022448979591836733,"{""__name__"": ""process_cpu_usage""}"
2,A,CPU Usage Rate,java_order,java,order,order-java:8083,order-java:8083 (order-service),2026-06-24 14:52:55,2026-06-24T09:22:55Z,1782292975,ramp_2,675.0,0.124,"{""__name__"": ""process_cpu_usage""}"
2,A,CPU Usage Rate,java_order,java,order,warehouse-java-twin:9084,warehouse-java-twin:9084 (warehouse-twin),2026-06-24 14:52:55,2026-06-24T09:22:55Z,1782292975,ramp_2,675.0,0.016666666666666666,"{""__name__"": ""process_cpu_usage""}"
2,A,CPU Usage Rate,java_order,java,order,inventory-java:8082,inventory-java:8082 (inventory-service),2026-06-24 14:53:10,2026-06-24T09:23:10Z,1782292990,ramp_2,690.0,0.032,"{""__name__"": ""process_cpu_usage""}"
2,A,CPU Usage Rate,java_order,java,order,order-java:8083,order-java:8083 (order-service),2026-06-24 14:53:10,2026-06-24T09:23:10Z,1782292990,ramp_2,690.0,0.14,"{""__name__"": ""process_cpu_usage""}"
2,A,CPU Usage Rate,java_order,java,order,warehouse-java-twin:9084,warehouse-java-twin:9084 (warehouse-twin),2026-06-24 14:53:10,2026-06-24T09:23:10Z,1782292990,ramp_2,690.0,0.0125,"{""__name__"": ""process_cpu_usage""}"
2,A,CPU Usage Rate,java_order,java,order,inventory-java:8082,inventory-java:8082 (inventory-service),2026-06-24 14:53:25,2026-06-24T09:23:25Z,1782293005,ramp_2,705.0,0.035555555555555556,"{""__name__"": ""process_cpu_usage""}"
2,A,CPU Usage Rate,java_order,java,order,order-java:8083,order-java:8083 (order-service),2026-06-24 14:53:25,2026-06-24T09:23:25Z,1782293005,ramp_2,705.0,0.148,"{""__name__"": ""process_cpu_usage""}"
2,A,CPU Usage Rate,java_order,java,order,warehouse-java-twin:9084,warehouse-java-twin:9084 (warehouse-twin),2026-06-24 14:53:25,2026-06-24T09:23:25Z,1782293005,ramp_2,705.0,0.0125,"{""__name__"": ""process_cpu_usage""}"
2,A,CPU Usage Rate,java_order,java,order,inventory-java:8082,inventory-java:8082 (inventory-service),2026-06-24 14:53:40,2026-06-24T09:23:40Z,1782293020,ramp_2,720.0,0.0375,"{""__name__"": ""process_cpu_usage""}"
2,A,CPU Usage Rate,java_order,java,order,order-java:8083,order-java:8083 (order-service),2026-06-24 14:53:40,2026-06-24T09:23:40Z,1782293020,ramp_2,720.0,0.168,"{""__name__"": ""process_cpu_usage""}"
2,A,CPU Usage Rate,java_order,java,order,warehouse-java-twin:9084,warehouse-java-twin:9084 (warehouse-twin),2026-06-24 14:53:40,2026-06-24T09:23:40Z,1782293020,ramp_2,720.0,0.007142857142857143,"{""__name__"": ""process_cpu_usage""}"
2,A,CPU Usage Rate,java_order,java,order,inventory-java:8082,inventory-java:8082 (inventory-service),2026-06-24 14:53:55,2026-06-24T09:23:55Z,1782293035,ramp_2,735.0,0.04285714285714286,"{""__name__"": ""process_cpu_usage""}"
2,A,CPU Usage Rate,java_order,java,order,order-java:8083,order-java:8083 (order-service),2026-06-24 14:53:55,2026-06-24T09:23:55Z,1782293035,ramp_2,735.0,0.19310344827586207,"{""__name__"": ""process_cpu_usage""}"
2,A,CPU Usage Rate,java_order,java,order,warehouse-java-twin:9084,warehouse-java-twin:9084 (warehouse-twin),2026-06-24 14:53:55,2026-06-24T09:23:55Z,1782293035,ramp_2,735.0,0.00625,"{""__name__"": ""process_cpu_usage""}"
2,A,CPU Usage Rate,java_order,java,order,inventory-java:8082,inventory-java:8082 (inventory-service),2026-06-24 14:54:10,2026-06-24T09:24:10Z,1782293050,ramp_2,750.0,0.044,"{""__name__"": ""process_cpu_usage""}"
2,A,CPU Usage Rate,java_order,java,order,order-java:8083,order-java:8083 (order-service),2026-06-24 14:54:10,2026-06-24T09:24:10Z,1782293050,ramp_2,750.0,0.226,"{""__name__"": ""process_cpu_usage""}"
2,A,CPU Usage Rate,java_order,java,order,warehouse-java-twin:9084,warehouse-java-twin:9084 (warehouse-twin),2026-06-24 14:54:10,2026-06-24T09:24:10Z,1782293050,ramp_2,750.0,0.02666666666666667,"{""__name__"": ""process_cpu_usage""}"
2,A,CPU Usage Rate,java_order,java,order,inventory-java:8082,inventory-java:8082 (inventory-service),2026-06-24 14:54:25,2026-06-24T09:24:25Z,1782293065,ramp_2,765.0,0.03333333333333333,"{""__name__"": ""process_cpu_usage""}"
2,A,CPU Usage Rate,java_order,java,order,order-java:8083,order-java:8083 (order-service),2026-06-24 14:54:25,2026-06-24T09:24:25Z,1782293065,ramp_2,765.0,0.132,"{""__name__"": ""process_cpu_usage""}"
2,A,CPU Usage Rate,java_order,java,order,warehouse-java-twin:9084,warehouse-java-twin:9084 (warehouse-twin),2026-06-24 14:54:25,2026-06-24T09:24:25Z,1782293065,ramp_2,765.0,0.0,"{""__name__"": ""process_cpu_usage""}"
2,A,CPU Usage Rate,java_order,java,order,inventory-java:8082,inventory-java:8082 (inventory-service),2026-06-24 14:54:40,2026-06-24T09:24:40Z,1782293080,ramp_2,780.0,0.048,"{""__name__"": ""process_cpu_usage""}"
2,A,CPU Usage Rate,java_order,java,order,order-java:8083,order-java:8083 (order-service),2026-06-24 14:54:40,2026-06-24T09:24:40Z,1782293080,ramp_2,780.0,0.13902439024390245,"{""__name__"": ""process_cpu_usage""}"
2,A,CPU Usage Rate,java_order,java,order,warehouse-java-twin:9084,warehouse-java-twin:9084 (warehouse-twin),2026-06-24 14:54:40,2026-06-24T09:24:40Z,1782293080,ramp_2,780.0,0.008333333333333333,"{""__name__"": ""process_cpu_usage""}"
2,A,CPU Usage Rate,java_order,java,order,inventory-java:8082,inventory-java:8082 (inventory-service),2026-06-24 14:54:55,2026-06-24T09:24:55Z,1782293095,ramp_2,795.0,0.034482758620689655,"{""__name__"": ""process_cpu_usage""}"
2,A,CPU Usage Rate,java_order,java,order,order-java:8083,order-java:8083 (order-service),2026-06-24 14:54:55,2026-06-24T09:24:55Z,1782293095,ramp_2,795.0,0.178,"{""__name__"": ""process_cpu_usage""}"
2,A,CPU Usage Rate,java_order,java,order,warehouse-java-twin:9084,warehouse-java-twin:9084 (warehouse-twin),2026-06-24 14:54:55,2026-06-24T09:24:55Z,1782293095,ramp_2,795.0,0.0125,"{""__name__"": ""process_cpu_usage""}"
2,A,CPU Usage Rate,java_order,java,order,inventory-java:8082,inventory-java:8082 (inventory-service),2026-06-24 14:55:10,2026-06-24T09:25:10Z,1782293110,ramp_2,810.0,0.031578947368421054,"{""__name__"": ""process_cpu_usage""}"
2,A,CPU Usage Rate,java_order,java,order,order-java:8083,order-java:8083 (order-service),2026-06-24 14:55:10,2026-06-24T09:25:10Z,1782293110,ramp_2,810.0,0.19583333333333333,"{""__name__"": ""process_cpu_usage""}"
2,A,CPU Usage Rate,java_order,java,order,warehouse-java-twin:9084,warehouse-java-twin:9084 (warehouse-twin),2026-06-24 14:55:10,2026-06-24T09:25:10Z,1782293110,ramp_2,810.0,0.0,"{""__name__"": ""process_cpu_usage""}"
2,A,CPU Usage Rate,java_order,java,order,inventory-java:8082,inventory-java:8082 (inventory-service),2026-06-24 14:55:25,2026-06-24T09:25:25Z,1782293125,ramp_2,825.0,0.034782608695652174,"{""__name__"": ""process_cpu_usage""}"
2,A,CPU Usage Rate,java_order,java,order,order-java:8083,order-java:8083 (order-service),2026-06-24 14:55:25,2026-06-24T09:25:25Z,1782293125,ramp_2,825.0,0.18888888888888888,"{""__name__"": ""process_cpu_usage""}"
2,A,CPU Usage Rate,java_order,java,order,warehouse-java-twin:9084,warehouse-java-twin:9084 (warehouse-twin),2026-06-24 14:55:25,2026-06-24T09:25:25Z,1782293125,ramp_2,825.0,0.01,"{""__name__"": ""process_cpu_usage""}"
2,A,CPU Usage Rate,java_order,java,order,inventory-java:8082,inventory-java:8082 (inventory-service),2026-06-24 14:55:40,2026-06-24T09:25:40Z,1782293140,ramp_2,840.0,0.035,"{""__name__"": ""process_cpu_usage""}"
2,A,CPU Usage Rate,java_order,java,order,order-java:8083,order-java:8083 (order-service),2026-06-24 14:55:40,2026-06-24T09:25:40Z,1782293140,ramp_2,840.0,0.11875,"{""__name__"": ""process_cpu_usage""}"
2,A,CPU Usage Rate,java_order,java,order,warehouse-java-twin:9084,warehouse-java-twin:9084 (warehouse-twin),2026-06-24 14:55:40,2026-06-24T09:25:40Z,1782293140,ramp_2,840.0,0.008333333333333333,"{""__name__"": ""process_cpu_usage""}"
2,A,CPU Usage Rate,java_order,java,order,inventory-java:8082,inventory-java:8082 (inventory-service),2026-06-24 14:55:55,2026-06-24T09:25:55Z,1782293155,ramp_2,855.0,0.023076923076923078,"{""__name__"": ""process_cpu_usage""}"
2,A,CPU Usage Rate,java_order,java,order,order-java:8083,order-java:8083 (order-service),2026-06-24 14:55:55,2026-06-24T09:25:55Z,1782293155,ramp_2,855.0,0.12439024390243902,"{""__name__"": ""process_cpu_usage""}"
2,A,CPU Usage Rate,java_order,java,order,warehouse-java-twin:9084,warehouse-java-twin:9084 (warehouse-twin),2026-06-24 14:55:55,2026-06-24T09:25:55Z,1782293155,ramp_2,855.0,0.016666666666666666,"{""__name__"": ""process_cpu_usage""}"
2,A,CPU Usage Rate,java_order,java,order,inventory-java:8082,inventory-java:8082 (inventory-service),2026-06-24 14:56:10,2026-06-24T09:26:10Z,1782293170,ramp_2,870.0,0.031818181818181815,"{""__name__"": ""process_cpu_usage""}"
2,A,CPU Usage Rate,java_order,java,order,order-java:8083,order-java:8083 (order-service),2026-06-24 14:56:10,2026-06-24T09:26:10Z,1782293170,ramp_2,870.0,0.16590909090909092,"{""__name__"": ""process_cpu_usage""}"
2,A,CPU Usage Rate,java_order,java,order,warehouse-java-twin:9084,warehouse-java-twin:9084 (warehouse-twin),2026-06-24 14:56:10,2026-06-24T09:26:10Z,1782293170,ramp_2,870.0,0.0125,"{""__name__"": ""process_cpu_usage""}"
2,A,CPU Usage Rate,java_order,java,order,inventory-java:8082,inventory-java:8082 (inventory-service),2026-06-24 14:56:25,2026-06-24T09:26:25Z,1782293185,ramp_2,885.0,0.020689655172413793,"{""__name__"": ""process_cpu_usage""}"
2,A,CPU Usage Rate,java_order,java,order,order-java:8083,order-java:8083 (order-service),2026-06-24 14:56:25,2026-06-24T09:26:25Z,1782293185,ramp_2,885.0,0.12608695652173912,"{""__name__"": ""process_cpu_usage""}"
2,A,CPU Usage Rate,java_order,java,order,warehouse-java-twin:9084,warehouse-java-twin:9084 (warehouse-twin),2026-06-24 14:56:25,2026-06-24T09:26:25Z,1782293185,ramp_2,885.0,0.025,"{""__name__"": ""process_cpu_usage""}"
2,A,CPU Usage Rate,java_order,java,order,inventory-java:8082,inventory-java:8082 (inventory-service),2026-06-24 14:56:40,2026-06-24T09:26:40Z,1782293200,ramp_3,900.0,0.023076923076923078,"{""__name__"": ""process_cpu_usage""}"
2,A,CPU Usage Rate,java_order,java,order,order-java:8083,order-java:8083 (order-service),2026-06-24 14:56:40,2026-06-24T09:26:40Z,1782293200,ramp_3,900.0,0.1511111111111111,"{""__name__"": ""process_cpu_usage""}"
2,A,CPU Usage Rate,java_order,java,order,warehouse-java-twin:9084,warehouse-java-twin:9084 (warehouse-twin),2026-06-24 14:56:40,2026-06-24T09:26:40Z,1782293200,ramp_3,900.0,0.0125,"{""__name__"": ""process_cpu_usage""}"
2,A,CPU Usage Rate,java_order,java,order,inventory-java:8082,inventory-java:8082 (inventory-service),2026-06-24 14:56:55,2026-06-24T09:26:55Z,1782293215,ramp_3,915.0,0.03333333333333333,"{""__name__"": ""process_cpu_usage""}"
2,A,CPU Usage Rate,java_order,java,order,order-java:8083,order-java:8083 (order-service),2026-06-24 14:56:55,2026-06-24T09:26:55Z,1782293215,ramp_3,915.0,0.16458333333333333,"{""__name__"": ""process_cpu_usage""}"
2,A,CPU Usage Rate,java_order,java,order,warehouse-java-twin:9084,warehouse-java-twin:9084 (warehouse-twin),2026-06-24 14:56:55,2026-06-24T09:26:55Z,1782293215,ramp_3,915.0,0.025,"{""__name__"": ""process_cpu_usage""}"
2,A,CPU Usage Rate,java_order,java,order,inventory-java:8082,inventory-java:8082 (inventory-service),2026-06-24 14:57:10,2026-06-24T09:27:10Z,1782293230,ramp_3,930.0,0.0375,"{""__name__"": ""process_cpu_usage""}"
2,A,CPU Usage Rate,java_order,java,order,order-java:8083,order-java:8083 (order-service),2026-06-24 14:57:10,2026-06-24T09:27:10Z,1782293230,ramp_3,930.0,0.14468085106382977,"{""__name__"": ""process_cpu_usage""}"
2,A,CPU Usage Rate,java_order,java,order,warehouse-java-twin:9084,warehouse-java-twin:9084 (warehouse-twin),2026-06-24 14:57:10,2026-06-24T09:27:10Z,1782293230,ramp_3,930.0,0.025,"{""__name__"": ""process_cpu_usage""}"
2,A,CPU Usage Rate,java_order,java,order,inventory-java:8082,inventory-java:8082 (inventory-service),2026-06-24 14:57:25,2026-06-24T09:27:25Z,1782293245,ramp_3,945.0,0.02608695652173913,"{""__name__"": ""process_cpu_usage""}"
2,A,CPU Usage Rate,java_order,java,order,order-java:8083,order-java:8083 (order-service),2026-06-24 14:57:25,2026-06-24T09:27:25Z,1782293245,ramp_3,945.0,0.154,"{""__name__"": ""process_cpu_usage""}"
2,A,CPU Usage Rate,java_order,java,order,warehouse-java-twin:9084,warehouse-java-twin:9084 (warehouse-twin),2026-06-24 14:57:25,2026-06-24T09:27:25Z,1782293245,ramp_3,945.0,0.0,"{""__name__"": ""process_cpu_usage""}"
2,A,CPU Usage Rate,java_order,java,order,inventory-java:8082,inventory-java:8082 (inventory-service),2026-06-24 14:57:40,2026-06-24T09:27:40Z,1782293260,ramp_3,960.0,0.028125,"{""__name__"": ""process_cpu_usage""}"
2,A,CPU Usage Rate,java_order,java,order,order-java:8083,order-java:8083 (order-service),2026-06-24 14:57:40,2026-06-24T09:27:40Z,1782293260,ramp_3,960.0,0.204,"{""__name__"": ""process_cpu_usage""}"
2,A,CPU Usage Rate,java_order,java,order,warehouse-java-twin:9084,warehouse-java-twin:9084 (warehouse-twin),2026-06-24 14:57:40,2026-06-24T09:27:40Z,1782293260,ramp_3,960.0,0.016666666666666666,"{""__name__"": ""process_cpu_usage""}"
2,A,CPU Usage Rate,java_order,java,order,inventory-java:8082,inventory-java:8082 (inventory-service),2026-06-24 14:57:55,2026-06-24T09:27:55Z,1782293275,ramp_3,975.0,0.03666666666666667,"{""__name__"": ""process_cpu_usage""}"
2,A,CPU Usage Rate,java_order,java,order,order-java:8083,order-java:8083 (order-service),2026-06-24 14:57:55,2026-06-24T09:27:55Z,1782293275,ramp_3,975.0,0.222,"{""__name__"": ""process_cpu_usage""}"
2,A,CPU Usage Rate,java_order,java,order,warehouse-java-twin:9084,warehouse-java-twin:9084 (warehouse-twin),2026-06-24 14:57:55,2026-06-24T09:27:55Z,1782293275,ramp_3,975.0,0.0,"{""__name__"": ""process_cpu_usage""}"
2,A,CPU Usage Rate,java_order,java,order,inventory-java:8082,inventory-java:8082 (inventory-service),2026-06-24 14:58:10,2026-06-24T09:28:10Z,1782293290,ramp_3,990.0,0.071875,"{""__name__"": ""process_cpu_usage""}"
2,A,CPU Usage Rate,java_order,java,order,order-java:8083,order-java:8083 (order-service),2026-06-24 14:58:10,2026-06-24T09:28:10Z,1782293290,ramp_3,990.0,0.178,"{""__name__"": ""process_cpu_usage""}"
2,A,CPU Usage Rate,java_order,java,order,warehouse-java-twin:9084,warehouse-java-twin:9084 (warehouse-twin),2026-06-24 14:58:10,2026-06-24T09:28:10Z,1782293290,ramp_3,990.0,0.011111111111111112,"{""__name__"": ""process_cpu_usage""}"
2,A,CPU Usage Rate,java_order,java,order,inventory-java:8082,inventory-java:8082 (inventory-service),2026-06-24 14:58:25,2026-06-24T09:28:25Z,1782293305,ramp_3,1005.0,0.05714285714285714,"{""__name__"": ""process_cpu_usage""}"
2,A,CPU Usage Rate,java_order,java,order,order-java:8083,order-java:8083 (order-service),2026-06-24 14:58:25,2026-06-24T09:28:25Z,1782293305,ramp_3,1005.0,0.2,"{""__name__"": ""process_cpu_usage""}"
2,A,CPU Usage Rate,java_order,java,order,warehouse-java-twin:9084,warehouse-java-twin:9084 (warehouse-twin),2026-06-24 14:58:25,2026-06-24T09:28:25Z,1782293305,ramp_3,1005.0,0.07142857142857142,"{""__name__"": ""process_cpu_usage""}"
2,A,CPU Usage Rate,java_order,java,order,inventory-java:8082,inventory-java:8082 (inventory-service),2026-06-24 14:58:40,2026-06-24T09:28:40Z,1782293320,ramp_3,1020.0,0.055,"{""__name__"": ""process_cpu_usage""}"
2,A,CPU Usage Rate,java_order,java,order,order-java:8083,order-java:8083 (order-service),2026-06-24 14:58:40,2026-06-24T09:28:40Z,1782293320,ramp_3,1020.0,0.28604651162790695,"{""__name__"": ""process_cpu_usage""}"
2,A,CPU Usage Rate,java_order,java,order,warehouse-java-twin:9084,warehouse-java-twin:9084 (warehouse-twin),2026-06-24 14:58:40,2026-06-24T09:28:40Z,1782293320,ramp_3,1020.0,0.025,"{""__name__"": ""process_cpu_usage""}"
2,A,CPU Usage Rate,java_order,java,order,inventory-java:8082,inventory-java:8082 (inventory-service),2026-06-24 14:58:55,2026-06-24T09:28:55Z,1782293335,ramp_3,1035.0,0.03,"{""__name__"": ""process_cpu_usage""}"
2,A,CPU Usage Rate,java_order,java,order,order-java:8083,order-java:8083 (order-service),2026-06-24 14:58:55,2026-06-24T09:28:55Z,1782293335,ramp_3,1035.0,0.047058823529411764,"{""__name__"": ""process_cpu_usage""}"
2,A,CPU Usage Rate,java_order,java,order,warehouse-java-twin:9084,warehouse-java-twin:9084 (warehouse-twin),2026-06-24 14:58:55,2026-06-24T09:28:55Z,1782293335,ramp_3,1035.0,0.011111111111111112,"{""__name__"": ""process_cpu_usage""}"
2,A,CPU Usage Rate,java_order,java,order,inventory-java:8082,inventory-java:8082 (inventory-service),2026-06-24 14:59:10,2026-06-24T09:29:10Z,1782293350,ramp_3,1050.0,0.02857142857142857,"{""__name__"": ""process_cpu_usage""}"
2,A,CPU Usage Rate,java_order,java,order,order-java:8083,order-java:8083 (order-service),2026-06-24 14:59:10,2026-06-24T09:29:10Z,1782293350,ramp_3,1050.0,0.2818181818181818,"{""__name__"": ""process_cpu_usage""}"
2,A,CPU Usage Rate,java_order,java,order,warehouse-java-twin:9084,warehouse-java-twin:9084 (warehouse-twin),2026-06-24 14:59:10,2026-06-24T09:29:10Z,1782293350,ramp_3,1050.0,0.01,"{""__name__"": ""process_cpu_usage""}"
2,A,CPU Usage Rate,java_order,java,order,inventory-java:8082,inventory-java:8082 (inventory-service),2026-06-24 14:59:25,2026-06-24T09:29:25Z,1782293365,ramp_3,1065.0,0.03333333333333333,"{""__name__"": ""process_cpu_usage""}"
2,A,CPU Usage Rate,java_order,java,order,order-java:8083,order-java:8083 (order-service),2026-06-24 14:59:25,2026-06-24T09:29:25Z,1782293365,ramp_3,1065.0,0.17857142857142858,"{""__name__"": ""process_cpu_usage""}"
2,A,CPU Usage Rate,java_order,java,order,warehouse-java-twin:9084,warehouse-java-twin:9084 (warehouse-twin),2026-06-24 14:59:25,2026-06-24T09:29:25Z,1782293365,ramp_3,1065.0,0.0,"{""__name__"": ""process_cpu_usage""}"
2,A,CPU Usage Rate,java_order,java,order,inventory-java:8082,inventory-java:8082 (inventory-service),2026-06-24 14:59:40,2026-06-24T09:29:40Z,1782293380,ramp_3,1080.0,0.03823529411764706,"{""__name__"": ""process_cpu_usage""}"
2,A,CPU Usage Rate,java_order,java,order,order-java:8083,order-java:8083 (order-service),2026-06-24 14:59:40,2026-06-24T09:29:40Z,1782293380,ramp_3,1080.0,0.21176470588235294,"{""__name__"": ""process_cpu_usage""}"
2,A,CPU Usage Rate,java_order,java,order,warehouse-java-twin:9084,warehouse-java-twin:9084 (warehouse-twin),2026-06-24 14:59:40,2026-06-24T09:29:40Z,1782293380,ramp_3,1080.0,0.0125,"{""__name__"": ""process_cpu_usage""}"
2,A,CPU Usage Rate,java_order,java,order,inventory-java:8082,inventory-java:8082 (inventory-service),2026-06-24 14:59:55,2026-06-24T09:29:55Z,1782293395,ramp_3,1095.0,0.028,"{""__name__"": ""process_cpu_usage""}"
2,A,CPU Usage Rate,java_order,java,order,order-java:8083,order-java:8083 (order-service),2026-06-24 14:59:55,2026-06-24T09:29:55Z,1782293395,ramp_3,1095.0,0.17714285714285713,"{""__name__"": ""process_cpu_usage""}"
2,A,CPU Usage Rate,java_order,java,order,warehouse-java-twin:9084,warehouse-java-twin:9084 (warehouse-twin),2026-06-24 14:59:55,2026-06-24T09:29:55Z,1782293395,ramp_3,1095.0,0.0,"{""__name__"": ""process_cpu_usage""}"
2,A,CPU Usage Rate,java_order,java,order,inventory-java:8082,inventory-java:8082 (inventory-service),2026-06-24 15:00:10,2026-06-24T09:30:10Z,1782293410,ramp_3,1110.0,0.02857142857142857,"{""__name__"": ""process_cpu_usage""}"
2,A,CPU Usage Rate,java_order,java,order,order-java:8083,order-java:8083 (order-service),2026-06-24 15:00:10,2026-06-24T09:30:10Z,1782293410,ramp_3,1110.0,0.12307692307692308,"{""__name__"": ""process_cpu_usage""}"
2,A,CPU Usage Rate,java_order,java,order,warehouse-java-twin:9084,warehouse-java-twin:9084 (warehouse-twin),2026-06-24 15:00:10,2026-06-24T09:30:10Z,1782293410,ramp_3,1110.0,0.0125,"{""__name__"": ""process_cpu_usage""}"
2,A,CPU Usage Rate,java_order,java,order,inventory-java:8082,inventory-java:8082 (inventory-service),2026-06-24 15:00:25,2026-06-24T09:30:25Z,1782293425,ramp_3,1125.0,0.0,"{""__name__"": ""process_cpu_usage""}"
2,A,CPU Usage Rate,java_order,java,order,order-java:8083,order-java:8083 (order-service),2026-06-24 15:00:25,2026-06-24T09:30:25Z,1782293425,ramp_3,1125.0,0.2,"{""__name__"": ""process_cpu_usage""}"
2,A,CPU Usage Rate,java_order,java,order,warehouse-java-twin:9084,warehouse-java-twin:9084 (warehouse-twin),2026-06-24 15:00:25,2026-06-24T09:30:25Z,1782293425,ramp_3,1125.0,0.0,"{""__name__"": ""process_cpu_usage""}"
2,A,CPU Usage Rate,java_order,java,order,inventory-java:8082,inventory-java:8082 (inventory-service),2026-06-24 15:00:40,2026-06-24T09:30:40Z,1782293440,ramp_3,1140.0,0.06571428571428571,"{""__name__"": ""process_cpu_usage""}"
2,A,CPU Usage Rate,java_order,java,order,order-java:8083,order-java:8083 (order-service),2026-06-24 15:00:40,2026-06-24T09:30:40Z,1782293440,ramp_3,1140.0,0.352,"{""__name__"": ""process_cpu_usage""}"
2,A,CPU Usage Rate,java_order,java,order,warehouse-java-twin:9084,warehouse-java-twin:9084 (warehouse-twin),2026-06-24 15:00:40,2026-06-24T09:30:40Z,1782293440,ramp_3,1140.0,0.008333333333333333,"{""__name__"": ""process_cpu_usage""}"
2,A,CPU Usage Rate,java_order,java,order,inventory-java:8082,inventory-java:8082 (inventory-service),2026-06-24 15:00:55,2026-06-24T09:30:55Z,1782293455,ramp_3,1155.0,0.05918367346938776,"{""__name__"": ""process_cpu_usage""}"
2,A,CPU Usage Rate,java_order,java,order,order-java:8083,order-java:8083 (order-service),2026-06-24 15:00:55,2026-06-24T09:30:55Z,1782293455,ramp_3,1155.0,0.28846153846153844,"{""__name__"": ""process_cpu_usage""}"
2,A,CPU Usage Rate,java_order,java,order,warehouse-java-twin:9084,warehouse-java-twin:9084 (warehouse-twin),2026-06-24 15:00:55,2026-06-24T09:30:55Z,1782293455,ramp_3,1155.0,0.03333333333333333,"{""__name__"": ""process_cpu_usage""}"
2,A,CPU Usage Rate,java_order,java,order,inventory-java:8082,inventory-java:8082 (inventory-service),2026-06-24 15:01:10,2026-06-24T09:31:10Z,1782293470,ramp_3,1170.0,0.040625,"{""__name__"": ""process_cpu_usage""}"
2,A,CPU Usage Rate,java_order,java,order,order-java:8083,order-java:8083 (order-service),2026-06-24 15:01:10,2026-06-24T09:31:10Z,1782293470,ramp_3,1170.0,0.08235294117647059,"{""__name__"": ""process_cpu_usage""}"
2,A,CPU Usage Rate,java_order,java,order,warehouse-java-twin:9084,warehouse-java-twin:9084 (warehouse-twin),2026-06-24 15:01:10,2026-06-24T09:31:10Z,1782293470,ramp_3,1170.0,0.0,"{""__name__"": ""process_cpu_usage""}"
2,A,CPU Usage Rate,java_order,java,order,inventory-java:8082,inventory-java:8082 (inventory-service),2026-06-24 15:01:25,2026-06-24T09:31:25Z,1782293485,ramp_3,1185.0,0.04871794871794872,"{""__name__"": ""process_cpu_usage""}"
2,A,CPU Usage Rate,java_order,java,order,order-java:8083,order-java:8083 (order-service),2026-06-24 15:01:25,2026-06-24T09:31:25Z,1782293485,ramp_3,1185.0,0.11428571428571428,"{""__name__"": ""process_cpu_usage""}"
2,A,CPU Usage Rate,java_order,java,order,warehouse-java-twin:9084,warehouse-java-twin:9084 (warehouse-twin),2026-06-24 15:01:25,2026-06-24T09:31:25Z,1782293485,ramp_3,1185.0,0.025,"{""__name__"": ""process_cpu_usage""}"
2,A,CPU Usage Rate,java_order,java,order,inventory-java:8082,inventory-java:8082 (inventory-service),2026-06-24 15:01:40,2026-06-24T09:31:40Z,1782293500,sustain,1200.0,0.039285714285714285,"{""__name__"": ""process_cpu_usage""}"
2,A,CPU Usage Rate,java_order,java,order,order-java:8083,order-java:8083 (order-service),2026-06-24 15:01:40,2026-06-24T09:31:40Z,1782293500,sustain,1200.0,0.04285714285714286,"{""__name__"": ""process_cpu_usage""}"
2,A,CPU Usage Rate,java_order,java,order,warehouse-java-twin:9084,warehouse-java-twin:9084 (warehouse-twin),2026-06-24 15:01:40,2026-06-24T09:31:40Z,1782293500,sustain,1200.0,0.0,"{""__name__"": ""process_cpu_usage""}"
2,A,CPU Usage Rate,java_order,java,order,inventory-java:8082,inventory-java:8082 (inventory-service),2026-06-24 15:01:55,2026-06-24T09:31:55Z,1782293515,sustain,1215.0,0.016666666666666666,"{""__name__"": ""process_cpu_usage""}"
2,A,CPU Usage Rate,java_order,java,order,order-java:8083,order-java:8083 (order-service),2026-06-24 15:01:55,2026-06-24T09:31:55Z,1782293515,sustain,1215.0,0.15263157894736842,"{""__name__"": ""process_cpu_usage""}"
2,A,CPU Usage Rate,java_order,java,order,warehouse-java-twin:9084,warehouse-java-twin:9084 (warehouse-twin),2026-06-24 15:01:55,2026-06-24T09:31:55Z,1782293515,sustain,1215.0,0.03333333333333333,"{""__name__"": ""process_cpu_usage""}"
2,A,CPU Usage Rate,java_order,java,order,inventory-java:8082,inventory-java:8082 (inventory-service),2026-06-24 15:02:10,2026-06-24T09:32:10Z,1782293530,sustain,1230.0,0.04090909090909091,"{""__name__"": ""process_cpu_usage""}"
2,A,CPU Usage Rate,java_order,java,order,order-java:8083,order-java:8083 (order-service),2026-06-24 15:02:10,2026-06-24T09:32:10Z,1782293530,sustain,1230.0,0.2875,"{""__name__"": ""process_cpu_usage""}"
2,A,CPU Usage Rate,java_order,java,order,warehouse-java-twin:9084,warehouse-java-twin:9084 (warehouse-twin),2026-06-24 15:02:10,2026-06-24T09:32:10Z,1782293530,sustain,1230.0,0.0,"{""__name__"": ""process_cpu_usage""}"
2,A,CPU Usage Rate,java_order,java,order,inventory-java:8082,inventory-java:8082 (inventory-service),2026-06-24 15:02:25,2026-06-24T09:32:25Z,1782293545,sustain,1245.0,0.02727272727272727,"{""__name__"": ""process_cpu_usage""}"
2,A,CPU Usage Rate,java_order,java,order,order-java:8083,order-java:8083 (order-service),2026-06-24 15:02:25,2026-06-24T09:32:25Z,1782293545,sustain,1245.0,0.22258064516129034,"{""__name__"": ""process_cpu_usage""}"
2,A,CPU Usage Rate,java_order,java,order,warehouse-java-twin:9084,warehouse-java-twin:9084 (warehouse-twin),2026-06-24 15:02:25,2026-06-24T09:32:25Z,1782293545,sustain,1245.0,0.0,"{""__name__"": ""process_cpu_usage""}"
2,A,CPU Usage Rate,java_order,java,order,inventory-java:8082,inventory-java:8082 (inventory-service),2026-06-24 15:02:40,2026-06-24T09:32:40Z,1782293560,sustain,1260.0,0.05238095238095238,"{""__name__"": ""process_cpu_usage""}"
2,A,CPU Usage Rate,java_order,java,order,order-java:8083,order-java:8083 (order-service),2026-06-24 15:02:40,2026-06-24T09:32:40Z,1782293560,sustain,1260.0,0.316,"{""__name__"": ""process_cpu_usage""}"
2,A,CPU Usage Rate,java_order,java,order,warehouse-java-twin:9084,warehouse-java-twin:9084 (warehouse-twin),2026-06-24 15:02:40,2026-06-24T09:32:40Z,1782293560,sustain,1260.0,0.016666666666666666,"{""__name__"": ""process_cpu_usage""}"
2,A,CPU Usage Rate,java_order,java,order,inventory-java:8082,inventory-java:8082 (inventory-service),2026-06-24 15:02:55,2026-06-24T09:32:55Z,1782293575,sustain,1275.0,0.05526315789473684,"{""__name__"": ""process_cpu_usage""}"
2,A,CPU Usage Rate,java_order,java,order,order-java:8083,order-java:8083 (order-service),2026-06-24 15:02:55,2026-06-24T09:32:55Z,1782293575,sustain,1275.0,0.3024390243902439,"{""__name__"": ""process_cpu_usage""}"
2,A,CPU Usage Rate,java_order,java,order,warehouse-java-twin:9084,warehouse-java-twin:9084 (warehouse-twin),2026-06-24 15:02:55,2026-06-24T09:32:55Z,1782293575,sustain,1275.0,0.0,"{""__name__"": ""process_cpu_usage""}"
2,A,CPU Usage Rate,java_order,java,order,inventory-java:8082,inventory-java:8082 (inventory-service),2026-06-24 15:03:10,2026-06-24T09:33:10Z,1782293590,sustain,1290.0,0.045,"{""__name__"": ""process_cpu_usage""}"
2,A,CPU Usage Rate,java_order,java,order,order-java:8083,order-java:8083 (order-service),2026-06-24 15:03:10,2026-06-24T09:33:10Z,1782293590,sustain,1290.0,0.19230769230769232,"{""__name__"": ""process_cpu_usage""}"
2,A,CPU Usage Rate,java_order,java,order,warehouse-java-twin:9084,warehouse-java-twin:9084 (warehouse-twin),2026-06-24 15:03:10,2026-06-24T09:33:10Z,1782293590,sustain,1290.0,0.0,"{""__name__"": ""process_cpu_usage""}"
2,A,CPU Usage Rate,java_order,java,order,inventory-java:8082,inventory-java:8082 (inventory-service),2026-06-24 15:03:25,2026-06-24T09:33:25Z,1782293605,sustain,1305.0,0.047619047619047616,"{""__name__"": ""process_cpu_usage""}"
2,A,CPU Usage Rate,java_order,java,order,order-java:8083,order-java:8083 (order-service),2026-06-24 15:03:25,2026-06-24T09:33:25Z,1782293605,sustain,1305.0,0.205,"{""__name__"": ""process_cpu_usage""}"
2,A,CPU Usage Rate,java_order,java,order,warehouse-java-twin:9084,warehouse-java-twin:9084 (warehouse-twin),2026-06-24 15:03:25,2026-06-24T09:33:25Z,1782293605,sustain,1305.0,0.025,"{""__name__"": ""process_cpu_usage""}"
2,A,CPU Usage Rate,java_order,java,order,inventory-java:8082,inventory-java:8082 (inventory-service),2026-06-24 15:03:40,2026-06-24T09:33:40Z,1782293620,sustain,1320.0,0.041666666666666664,"{""__name__"": ""process_cpu_usage""}"
2,A,CPU Usage Rate,java_order,java,order,order-java:8083,order-java:8083 (order-service),2026-06-24 15:03:40,2026-06-24T09:33:40Z,1782293620,sustain,1320.0,0.275,"{""__name__"": ""process_cpu_usage""}"
2,A,CPU Usage Rate,java_order,java,order,warehouse-java-twin:9084,warehouse-java-twin:9084 (warehouse-twin),2026-06-24 15:03:40,2026-06-24T09:33:40Z,1782293620,sustain,1320.0,0.0,"{""__name__"": ""process_cpu_usage""}"
2,A,CPU Usage Rate,java_order,java,order,inventory-java:8082,inventory-java:8082 (inventory-service),2026-06-24 15:03:55,2026-06-24T09:33:55Z,1782293635,sustain,1335.0,0.06222222222222222,"{""__name__"": ""process_cpu_usage""}"
2,A,CPU Usage Rate,java_order,java,order,order-java:8083,order-java:8083 (order-service),2026-06-24 15:03:55,2026-06-24T09:33:55Z,1782293635,sustain,1335.0,0.28095238095238095,"{""__name__"": ""process_cpu_usage""}"
2,A,CPU Usage Rate,java_order,java,order,warehouse-java-twin:9084,warehouse-java-twin:9084 (warehouse-twin),2026-06-24 15:03:55,2026-06-24T09:33:55Z,1782293635,sustain,1335.0,0.02,"{""__name__"": ""process_cpu_usage""}"
2,A,CPU Usage Rate,java_order,java,order,inventory-java:8082,inventory-java:8082 (inventory-service),2026-06-24 15:04:10,2026-06-24T09:34:10Z,1782293650,sustain,1350.0,0.046153846153846156,"{""__name__"": ""process_cpu_usage""}"
2,A,CPU Usage Rate,java_order,java,order,order-java:8083,order-java:8083 (order-service),2026-06-24 15:04:10,2026-06-24T09:34:10Z,1782293650,sustain,1350.0,0.05,"{""__name__"": ""process_cpu_usage""}"
2,A,CPU Usage Rate,java_order,java,order,warehouse-java-twin:9084,warehouse-java-twin:9084 (warehouse-twin),2026-06-24 15:04:10,2026-06-24T09:34:10Z,1782293650,sustain,1350.0,0.01,"{""__name__"": ""process_cpu_usage""}"
2,A,CPU Usage Rate,java_order,java,order,inventory-java:8082,inventory-java:8082 (inventory-service),2026-06-24 15:04:25,2026-06-24T09:34:25Z,1782293665,sustain,1365.0,0.03125,"{""__name__"": ""process_cpu_usage""}"
2,A,CPU Usage Rate,java_order,java,order,order-java:8083,order-java:8083 (order-service),2026-06-24 15:04:25,2026-06-24T09:34:25Z,1782293665,sustain,1365.0,0.116,"{""__name__"": ""process_cpu_usage""}"
2,A,CPU Usage Rate,java_order,java,order,warehouse-java-twin:9084,warehouse-java-twin:9084 (warehouse-twin),2026-06-24 15:04:25,2026-06-24T09:34:25Z,1782293665,sustain,1365.0,0.0,"{""__name__"": ""process_cpu_usage""}"
2,A,CPU Usage Rate,java_order,java,order,inventory-java:8082,inventory-java:8082 (inventory-service),2026-06-24 15:04:40,2026-06-24T09:34:40Z,1782293680,sustain,1380.0,0.02,"{""__name__"": ""process_cpu_usage""}"
2,A,CPU Usage Rate,java_order,java,order,order-java:8083,order-java:8083 (order-service),2026-06-24 15:04:40,2026-06-24T09:34:40Z,1782293680,sustain,1380.0,0.11,"{""__name__"": ""process_cpu_usage""}"
2,A,CPU Usage Rate,java_order,java,order,warehouse-java-twin:9084,warehouse-java-twin:9084 (warehouse-twin),2026-06-24 15:04:40,2026-06-24T09:34:40Z,1782293680,sustain,1380.0,0.01,"{""__name__"": ""process_cpu_usage""}"
2,A,CPU Usage Rate,java_order,java,order,inventory-java:8082,inventory-java:8082 (inventory-service),2026-06-24 15:04:55,2026-06-24T09:34:55Z,1782293695,sustain,1395.0,0.031818181818181815,"{""__name__"": ""process_cpu_usage""}"
2,A,CPU Usage Rate,java_order,java,order,order-java:8083,order-java:8083 (order-service),2026-06-24 15:04:55,2026-06-24T09:34:55Z,1782293695,sustain,1395.0,0.22727272727272727,"{""__name__"": ""process_cpu_usage""}"
2,A,CPU Usage Rate,java_order,java,order,warehouse-java-twin:9084,warehouse-java-twin:9084 (warehouse-twin),2026-06-24 15:04:55,2026-06-24T09:34:55Z,1782293695,sustain,1395.0,0.016666666666666666,"{""__name__"": ""process_cpu_usage""}"
2,A,CPU Usage Rate,java_order,java,order,inventory-java:8082,inventory-java:8082 (inventory-service),2026-06-24 15:05:10,2026-06-24T09:35:10Z,1782293710,sustain,1410.0,0.01,"{""__name__"": ""process_cpu_usage""}"
2,A,CPU Usage Rate,java_order,java,order,order-java:8083,order-java:8083 (order-service),2026-06-24 15:05:10,2026-06-24T09:35:10Z,1782293710,sustain,1410.0,0.14074074074074075,"{""__name__"": ""process_cpu_usage""}"
2,A,CPU Usage Rate,java_order,java,order,warehouse-java-twin:9084,warehouse-java-twin:9084 (warehouse-twin),2026-06-24 15:05:10,2026-06-24T09:35:10Z,1782293710,sustain,1410.0,0.0,"{""__name__"": ""process_cpu_usage""}"
2,A,CPU Usage Rate,java_order,java,order,inventory-java:8082,inventory-java:8082 (inventory-service),2026-06-24 15:05:25,2026-06-24T09:35:25Z,1782293725,sustain,1425.0,0.05416666666666667,"{""__name__"": ""process_cpu_usage""}"
2,A,CPU Usage Rate,java_order,java,order,order-java:8083,order-java:8083 (order-service),2026-06-24 15:05:25,2026-06-24T09:35:25Z,1782293725,sustain,1425.0,0.298,"{""__name__"": ""process_cpu_usage""}"
2,A,CPU Usage Rate,java_order,java,order,warehouse-java-twin:9084,warehouse-java-twin:9084 (warehouse-twin),2026-06-24 15:05:25,2026-06-24T09:35:25Z,1782293725,sustain,1425.0,0.0,"{""__name__"": ""process_cpu_usage""}"
2,A,CPU Usage Rate,java_order,java,order,inventory-java:8082,inventory-java:8082 (inventory-service),2026-06-24 15:05:40,2026-06-24T09:35:40Z,1782293740,sustain,1440.0,0.065,"{""__name__"": ""process_cpu_usage""}"
2,A,CPU Usage Rate,java_order,java,order,order-java:8083,order-java:8083 (order-service),2026-06-24 15:05:40,2026-06-24T09:35:40Z,1782293740,sustain,1440.0,0.2951219512195122,"{""__name__"": ""process_cpu_usage""}"
2,A,CPU Usage Rate,java_order,java,order,warehouse-java-twin:9084,warehouse-java-twin:9084 (warehouse-twin),2026-06-24 15:05:40,2026-06-24T09:35:40Z,1782293740,sustain,1440.0,0.0,"{""__name__"": ""process_cpu_usage""}"
2,A,CPU Usage Rate,java_order,java,order,inventory-java:8082,inventory-java:8082 (inventory-service),2026-06-24 15:05:55,2026-06-24T09:35:55Z,1782293755,sustain,1455.0,0.04523809523809524,"{""__name__"": ""process_cpu_usage""}"
2,A,CPU Usage Rate,java_order,java,order,order-java:8083,order-java:8083 (order-service),2026-06-24 15:05:55,2026-06-24T09:35:55Z,1782293755,sustain,1455.0,0.2111111111111111,"{""__name__"": ""process_cpu_usage""}"
2,A,CPU Usage Rate,java_order,java,order,warehouse-java-twin:9084,warehouse-java-twin:9084 (warehouse-twin),2026-06-24 15:05:55,2026-06-24T09:35:55Z,1782293755,sustain,1455.0,0.0,"{""__name__"": ""process_cpu_usage""}"
2,A,CPU Usage Rate,java_order,java,order,inventory-java:8082,inventory-java:8082 (inventory-service),2026-06-24 15:06:10,2026-06-24T09:36:10Z,1782293770,sustain,1470.0,0.04473684210526316,"{""__name__"": ""process_cpu_usage""}"
2,A,CPU Usage Rate,java_order,java,order,order-java:8083,order-java:8083 (order-service),2026-06-24 15:06:10,2026-06-24T09:36:10Z,1782293770,sustain,1470.0,0.16666666666666666,"{""__name__"": ""process_cpu_usage""}"
2,A,CPU Usage Rate,java_order,java,order,warehouse-java-twin:9084,warehouse-java-twin:9084 (warehouse-twin),2026-06-24 15:06:10,2026-06-24T09:36:10Z,1782293770,sustain,1470.0,0.0,"{""__name__"": ""process_cpu_usage""}"
2,A,CPU Usage Rate,java_order,java,order,inventory-java:8082,inventory-java:8082 (inventory-service),2026-06-24 15:06:25,2026-06-24T09:36:25Z,1782293785,sustain,1485.0,0.042222222222222223,"{""__name__"": ""process_cpu_usage""}"
2,A,CPU Usage Rate,java_order,java,order,order-java:8083,order-java:8083 (order-service),2026-06-24 15:06:25,2026-06-24T09:36:25Z,1782293785,sustain,1485.0,0.1736842105263158,"{""__name__"": ""process_cpu_usage""}"
2,A,CPU Usage Rate,java_order,java,order,warehouse-java-twin:9084,warehouse-java-twin:9084 (warehouse-twin),2026-06-24 15:06:25,2026-06-24T09:36:25Z,1782293785,sustain,1485.0,0.025,"{""__name__"": ""process_cpu_usage""}"
2,A,CPU Usage Rate,java_order,java,order,inventory-java:8082,inventory-java:8082 (inventory-service),2026-06-24 15:06:40,2026-06-24T09:36:40Z,1782293800,sustain,1500.0,0.05277777777777778,"{""__name__"": ""process_cpu_usage""}"
2,A,CPU Usage Rate,java_order,java,order,order-java:8083,order-java:8083 (order-service),2026-06-24 15:06:40,2026-06-24T09:36:40Z,1782293800,sustain,1500.0,0.15,"{""__name__"": ""process_cpu_usage""}"
2,A,CPU Usage Rate,java_order,java,order,warehouse-java-twin:9084,warehouse-java-twin:9084 (warehouse-twin),2026-06-24 15:06:40,2026-06-24T09:36:40Z,1782293800,sustain,1500.0,0.01,"{""__name__"": ""process_cpu_usage""}"
2,A,CPU Usage Rate,java_order,java,order,inventory-java:8082,inventory-java:8082 (inventory-service),2026-06-24 15:06:55,2026-06-24T09:36:55Z,1782293815,sustain,1515.0,0.02666666666666667,"{""__name__"": ""process_cpu_usage""}"
2,A,CPU Usage Rate,java_order,java,order,order-java:8083,order-java:8083 (order-service),2026-06-24 15:06:55,2026-06-24T09:36:55Z,1782293815,sustain,1515.0,0.08461538461538462,"{""__name__"": ""process_cpu_usage""}"
2,A,CPU Usage Rate,java_order,java,order,warehouse-java-twin:9084,warehouse-java-twin:9084 (warehouse-twin),2026-06-24 15:06:55,2026-06-24T09:36:55Z,1782293815,sustain,1515.0,0.0125,"{""__name__"": ""process_cpu_usage""}"
2,A,CPU Usage Rate,java_order,java,order,inventory-java:8082,inventory-java:8082 (inventory-service),2026-06-24 15:07:10,2026-06-24T09:37:10Z,1782293830,sustain,1530.0,0.015789473684210527,"{""__name__"": ""process_cpu_usage""}"
2,A,CPU Usage Rate,java_order,java,order,order-java:8083,order-java:8083 (order-service),2026-06-24 15:07:10,2026-06-24T09:37:10Z,1782293830,sustain,1530.0,0.12727272727272726,"{""__name__"": ""process_cpu_usage""}"
2,A,CPU Usage Rate,java_order,java,order,warehouse-java-twin:9084,warehouse-java-twin:9084 (warehouse-twin),2026-06-24 15:07:10,2026-06-24T09:37:10Z,1782293830,sustain,1530.0,0.025,"{""__name__"": ""process_cpu_usage""}"
2,A,CPU Usage Rate,java_order,java,order,inventory-java:8082,inventory-java:8082 (inventory-service),2026-06-24 15:07:25,2026-06-24T09:37:25Z,1782293845,sustain,1545.0,0.02857142857142857,"{""__name__"": ""process_cpu_usage""}"
2,A,CPU Usage Rate,java_order,java,order,order-java:8083,order-java:8083 (order-service),2026-06-24 15:07:25,2026-06-24T09:37:25Z,1782293845,sustain,1545.0,0.08,"{""__name__"": ""process_cpu_usage""}"
2,A,CPU Usage Rate,java_order,java,order,warehouse-java-twin:9084,warehouse-java-twin:9084 (warehouse-twin),2026-06-24 15:07:25,2026-06-24T09:37:25Z,1782293845,sustain,1545.0,0.008333333333333333,"{""__name__"": ""process_cpu_usage""}"
2,A,CPU Usage Rate,java_order,java,order,inventory-java:8082,inventory-java:8082 (inventory-service),2026-06-24 15:07:40,2026-06-24T09:37:40Z,1782293860,sustain,1560.0,0.022222222222222223,"{""__name__"": ""process_cpu_usage""}"
2,A,CPU Usage Rate,java_order,java,order,order-java:8083,order-java:8083 (order-service),2026-06-24 15:07:40,2026-06-24T09:37:40Z,1782293860,sustain,1560.0,0.05333333333333334,"{""__name__"": ""process_cpu_usage""}"
2,A,CPU Usage Rate,java_order,java,order,warehouse-java-twin:9084,warehouse-java-twin:9084 (warehouse-twin),2026-06-24 15:07:40,2026-06-24T09:37:40Z,1782293860,sustain,1560.0,0.016666666666666666,"{""__name__"": ""process_cpu_usage""}"
2,A,CPU Usage Rate,java_order,java,order,inventory-java:8082,inventory-java:8082 (inventory-service),2026-06-24 15:07:55,2026-06-24T09:37:55Z,1782293875,sustain,1575.0,0.04,"{""__name__"": ""process_cpu_usage""}"
2,A,CPU Usage Rate,java_order,java,order,order-java:8083,order-java:8083 (order-service),2026-06-24 15:07:55,2026-06-24T09:37:55Z,1782293875,sustain,1575.0,0.15,"{""__name__"": ""process_cpu_usage""}"
2,A,CPU Usage Rate,java_order,java,order,warehouse-java-twin:9084,warehouse-java-twin:9084 (warehouse-twin),2026-06-24 15:07:55,2026-06-24T09:37:55Z,1782293875,sustain,1575.0,0.0,"{""__name__"": ""process_cpu_usage""}"
2,A,CPU Usage Rate,java_order,java,order,inventory-java:8082,inventory-java:8082 (inventory-service),2026-06-24 15:08:10,2026-06-24T09:38:10Z,1782293890,sustain,1590.0,0.034482758620689655,"{""__name__"": ""process_cpu_usage""}"
2,A,CPU Usage Rate,java_order,java,order,order-java:8083,order-java:8083 (order-service),2026-06-24 15:08:10,2026-06-24T09:38:10Z,1782293890,sustain,1590.0,0.188,"{""__name__"": ""process_cpu_usage""}"
2,A,CPU Usage Rate,java_order,java,order,warehouse-java-twin:9084,warehouse-java-twin:9084 (warehouse-twin),2026-06-24 15:08:10,2026-06-24T09:38:10Z,1782293890,sustain,1590.0,0.0125,"{""__name__"": ""process_cpu_usage""}"
2,A,CPU Usage Rate,java_order,java,order,inventory-java:8082,inventory-java:8082 (inventory-service),2026-06-24 15:08:25,2026-06-24T09:38:25Z,1782293905,sustain,1605.0,0.037037037037037035,"{""__name__"": ""process_cpu_usage""}"
2,A,CPU Usage Rate,java_order,java,order,order-java:8083,order-java:8083 (order-service),2026-06-24 15:08:25,2026-06-24T09:38:25Z,1782293905,sustain,1605.0,0.04375,"{""__name__"": ""process_cpu_usage""}"
2,A,CPU Usage Rate,java_order,java,order,warehouse-java-twin:9084,warehouse-java-twin:9084 (warehouse-twin),2026-06-24 15:08:25,2026-06-24T09:38:25Z,1782293905,sustain,1605.0,0.014285714285714285,"{""__name__"": ""process_cpu_usage""}"
2,A,CPU Usage Rate,java_order,java,order,inventory-java:8082,inventory-java:8082 (inventory-service),2026-06-24 15:08:40,2026-06-24T09:38:40Z,1782293920,sustain,1620.0,0.02142857142857143,"{""__name__"": ""process_cpu_usage""}"
2,A,CPU Usage Rate,java_order,java,order,order-java:8083,order-java:8083 (order-service),2026-06-24 15:08:40,2026-06-24T09:38:40Z,1782293920,sustain,1620.0,0.2097560975609756,"{""__name__"": ""process_cpu_usage""}"
2,A,CPU Usage Rate,java_order,java,order,warehouse-java-twin:9084,warehouse-java-twin:9084 (warehouse-twin),2026-06-24 15:08:40,2026-06-24T09:38:40Z,1782293920,sustain,1620.0,0.0125,"{""__name__"": ""process_cpu_usage""}"
2,A,CPU Usage Rate,java_order,java,order,inventory-java:8082,inventory-java:8082 (inventory-service),2026-06-24 15:08:55,2026-06-24T09:38:55Z,1782293935,sustain,1635.0,0.07333333333333333,"{""__name__"": ""process_cpu_usage""}"
2,A,CPU Usage Rate,java_order,java,order,order-java:8083,order-java:8083 (order-service),2026-06-24 15:08:55,2026-06-24T09:38:55Z,1782293935,sustain,1635.0,0.21063829787234042,"{""__name__"": ""process_cpu_usage""}"
2,A,CPU Usage Rate,java_order,java,order,warehouse-java-twin:9084,warehouse-java-twin:9084 (warehouse-twin),2026-06-24 15:08:55,2026-06-24T09:38:55Z,1782293935,sustain,1635.0,0.0,"{""__name__"": ""process_cpu_usage""}"
2,A,CPU Usage Rate,java_order,java,order,inventory-java:8082,inventory-java:8082 (inventory-service),2026-06-24 15:09:10,2026-06-24T09:39:10Z,1782293950,sustain,1650.0,0.047619047619047616,"{""__name__"": ""process_cpu_usage""}"
2,A,CPU Usage Rate,java_order,java,order,order-java:8083,order-java:8083 (order-service),2026-06-24 15:09:10,2026-06-24T09:39:10Z,1782293950,sustain,1650.0,0.178,"{""__name__"": ""process_cpu_usage""}"
2,A,CPU Usage Rate,java_order,java,order,warehouse-java-twin:9084,warehouse-java-twin:9084 (warehouse-twin),2026-06-24 15:09:10,2026-06-24T09:39:10Z,1782293950,sustain,1650.0,0.05,"{""__name__"": ""process_cpu_usage""}"
2,A,CPU Usage Rate,java_order,java,order,inventory-java:8082,inventory-java:8082 (inventory-service),2026-06-24 15:09:25,2026-06-24T09:39:25Z,1782293965,sustain,1665.0,0.04285714285714286,"{""__name__"": ""process_cpu_usage""}"
2,A,CPU Usage Rate,java_order,java,order,order-java:8083,order-java:8083 (order-service),2026-06-24 15:09:25,2026-06-24T09:39:25Z,1782293965,sustain,1665.0,0.214,"{""__name__"": ""process_cpu_usage""}"
2,A,CPU Usage Rate,java_order,java,order,warehouse-java-twin:9084,warehouse-java-twin:9084 (warehouse-twin),2026-06-24 15:09:25,2026-06-24T09:39:25Z,1782293965,sustain,1665.0,0.016666666666666666,"{""__name__"": ""process_cpu_usage""}"
2,A,CPU Usage Rate,java_order,java,order,inventory-java:8082,inventory-java:8082 (inventory-service),2026-06-24 15:09:40,2026-06-24T09:39:40Z,1782293980,sustain,1680.0,0.04375,"{""__name__"": ""process_cpu_usage""}"
2,A,CPU Usage Rate,java_order,java,order,order-java:8083,order-java:8083 (order-service),2026-06-24 15:09:40,2026-06-24T09:39:40Z,1782293980,sustain,1680.0,0.18571428571428572,"{""__name__"": ""process_cpu_usage""}"
2,A,CPU Usage Rate,java_order,java,order,warehouse-java-twin:9084,warehouse-java-twin:9084 (warehouse-twin),2026-06-24 15:09:40,2026-06-24T09:39:40Z,1782293980,sustain,1680.0,0.01,"{""__name__"": ""process_cpu_usage""}"
2,A,CPU Usage Rate,java_order,java,order,inventory-java:8082,inventory-java:8082 (inventory-service),2026-06-24 15:09:55,2026-06-24T09:39:55Z,1782293995,sustain,1695.0,0.031578947368421054,"{""__name__"": ""process_cpu_usage""}"
2,A,CPU Usage Rate,java_order,java,order,order-java:8083,order-java:8083 (order-service),2026-06-24 15:09:55,2026-06-24T09:39:55Z,1782293995,sustain,1695.0,0.1627450980392157,"{""__name__"": ""process_cpu_usage""}"
2,A,CPU Usage Rate,java_order,java,order,warehouse-java-twin:9084,warehouse-java-twin:9084 (warehouse-twin),2026-06-24 15:09:55,2026-06-24T09:39:55Z,1782293995,sustain,1695.0,0.0125,"{""__name__"": ""process_cpu_usage""}"
2,A,CPU Usage Rate,java_order,java,order,inventory-java:8082,inventory-java:8082 (inventory-service),2026-06-24 15:10:10,2026-06-24T09:40:10Z,1782294010,sustain,1710.0,0.042105263157894736,"{""__name__"": ""process_cpu_usage""}"
2,A,CPU Usage Rate,java_order,java,order,order-java:8083,order-java:8083 (order-service),2026-06-24 15:10:10,2026-06-24T09:40:10Z,1782294010,sustain,1710.0,0.21041666666666667,"{""__name__"": ""process_cpu_usage""}"
2,A,CPU Usage Rate,java_order,java,order,warehouse-java-twin:9084,warehouse-java-twin:9084 (warehouse-twin),2026-06-24 15:10:10,2026-06-24T09:40:10Z,1782294010,sustain,1710.0,0.0,"{""__name__"": ""process_cpu_usage""}"
2,A,CPU Usage Rate,java_order,java,order,inventory-java:8082,inventory-java:8082 (inventory-service),2026-06-24 15:10:25,2026-06-24T09:40:25Z,1782294025,sustain,1725.0,0.02962962962962963,"{""__name__"": ""process_cpu_usage""}"
2,A,CPU Usage Rate,java_order,java,order,order-java:8083,order-java:8083 (order-service),2026-06-24 15:10:25,2026-06-24T09:40:25Z,1782294025,sustain,1725.0,0.075,"{""__name__"": ""process_cpu_usage""}"
2,A,CPU Usage Rate,java_order,java,order,warehouse-java-twin:9084,warehouse-java-twin:9084 (warehouse-twin),2026-06-24 15:10:25,2026-06-24T09:40:25Z,1782294025,sustain,1725.0,0.0,"{""__name__"": ""process_cpu_usage""}"
2,A,CPU Usage Rate,java_order,java,order,inventory-java:8082,inventory-java:8082 (inventory-service),2026-06-24 15:10:40,2026-06-24T09:40:40Z,1782294040,sustain,1740.0,0.05,"{""__name__"": ""process_cpu_usage""}"
2,A,CPU Usage Rate,java_order,java,order,order-java:8083,order-java:8083 (order-service),2026-06-24 15:10:40,2026-06-24T09:40:40Z,1782294040,sustain,1740.0,0.2163265306122449,"{""__name__"": ""process_cpu_usage""}"
2,A,CPU Usage Rate,java_order,java,order,warehouse-java-twin:9084,warehouse-java-twin:9084 (warehouse-twin),2026-06-24 15:10:40,2026-06-24T09:40:40Z,1782294040,sustain,1740.0,0.014285714285714285,"{""__name__"": ""process_cpu_usage""}"
2,A,CPU Usage Rate,java_order,java,order,inventory-java:8082,inventory-java:8082 (inventory-service),2026-06-24 15:10:55,2026-06-24T09:40:55Z,1782294055,sustain,1755.0,0.07272727272727272,"{""__name__"": ""process_cpu_usage""}"
2,A,CPU Usage Rate,java_order,java,order,order-java:8083,order-java:8083 (order-service),2026-06-24 15:10:55,2026-06-24T09:40:55Z,1782294055,sustain,1755.0,0.19444444444444445,"{""__name__"": ""process_cpu_usage""}"
2,A,CPU Usage Rate,java_order,java,order,warehouse-java-twin:9084,warehouse-java-twin:9084 (warehouse-twin),2026-06-24 15:10:55,2026-06-24T09:40:55Z,1782294055,sustain,1755.0,0.05,"{""__name__"": ""process_cpu_usage""}"
2,A,CPU Usage Rate,java_order,java,order,inventory-java:8082,inventory-java:8082 (inventory-service),2026-06-24 15:11:10,2026-06-24T09:41:10Z,1782294070,sustain,1770.0,0.03333333333333333,"{""__name__"": ""process_cpu_usage""}"
2,A,CPU Usage Rate,java_order,java,order,order-java:8083,order-java:8083 (order-service),2026-06-24 15:11:10,2026-06-24T09:41:10Z,1782294070,sustain,1770.0,0.14814814814814814,"{""__name__"": ""process_cpu_usage""}"
2,A,CPU Usage Rate,java_order,java,order,warehouse-java-twin:9084,warehouse-java-twin:9084 (warehouse-twin),2026-06-24 15:11:10,2026-06-24T09:41:10Z,1782294070,sustain,1770.0,0.0,"{""__name__"": ""process_cpu_usage""}"
2,A,CPU Usage Rate,java_order,java,order,inventory-java:8082,inventory-java:8082 (inventory-service),2026-06-24 15:11:25,2026-06-24T09:41:25Z,1782294085,sustain,1785.0,0.038461538461538464,"{""__name__"": ""process_cpu_usage""}"
2,A,CPU Usage Rate,java_order,java,order,warehouse-java-twin:9084,warehouse-java-twin:9084 (warehouse-twin),2026-06-24 15:11:25,2026-06-24T09:41:25Z,1782294085,sustain,1785.0,0.01818181818181818,"{""__name__"": ""process_cpu_usage""}"
2,A,CPU Usage Rate,java_order,java,order,inventory-java:8082,inventory-java:8082 (inventory-service),2026-06-24 15:11:40,2026-06-24T09:41:40Z,1782294100,cooldown,1800.0,0.0425531914893617,"{""__name__"": ""process_cpu_usage""}"
2,A,CPU Usage Rate,java_order,java,order,order-java:8083,order-java:8083 (order-service),2026-06-24 15:11:40,2026-06-24T09:41:40Z,1782294100,cooldown,1800.0,0.20909090909090908,"{""__name__"": ""process_cpu_usage""}"
2,A,CPU Usage Rate,java_order,java,order,warehouse-java-twin:9084,warehouse-java-twin:9084 (warehouse-twin),2026-06-24 15:11:40,2026-06-24T09:41:40Z,1782294100,cooldown,1800.0,0.0,"{""__name__"": ""process_cpu_usage""}"
2,A,CPU Usage Rate,java_order,java,order,inventory-java:8082,inventory-java:8082 (inventory-service),2026-06-24 15:11:55,2026-06-24T09:41:55Z,1782294115,cooldown,1815.0,0.046,"{""__name__"": ""process_cpu_usage""}"
2,A,CPU Usage Rate,java_order,java,order,order-java:8083,order-java:8083 (order-service),2026-06-24 15:11:55,2026-06-24T09:41:55Z,1782294115,cooldown,1815.0,0.1891891891891892,"{""__name__"": ""process_cpu_usage""}"
2,A,CPU Usage Rate,java_order,java,order,warehouse-java-twin:9084,warehouse-java-twin:9084 (warehouse-twin),2026-06-24 15:11:55,2026-06-24T09:41:55Z,1782294115,cooldown,1815.0,0.0,"{""__name__"": ""process_cpu_usage""}"
2,A,CPU Usage Rate,java_order,java,order,inventory-java:8082,inventory-java:8082 (inventory-service),2026-06-24 15:12:10,2026-06-24T09:42:10Z,1782294130,cooldown,1830.0,0.044,"{""__name__"": ""process_cpu_usage""}"
2,A,CPU Usage Rate,java_order,java,order,order-java:8083,order-java:8083 (order-service),2026-06-24 15:12:10,2026-06-24T09:42:10Z,1782294130,cooldown,1830.0,0.20222222222222222,"{""__name__"": ""process_cpu_usage""}"
2,A,CPU Usage Rate,java_order,java,order,warehouse-java-twin:9084,warehouse-java-twin:9084 (warehouse-twin),2026-06-24 15:12:10,2026-06-24T09:42:10Z,1782294130,cooldown,1830.0,0.0,"{""__name__"": ""process_cpu_usage""}"
2,A,CPU Usage Rate,java_order,java,order,inventory-java:8082,inventory-java:8082 (inventory-service),2026-06-24 15:12:25,2026-06-24T09:42:25Z,1782294145,cooldown,1845.0,0.046,"{""__name__"": ""process_cpu_usage""}"
2,A,CPU Usage Rate,java_order,java,order,order-java:8083,order-java:8083 (order-service),2026-06-24 15:12:25,2026-06-24T09:42:25Z,1782294145,cooldown,1845.0,0.18536585365853658,"{""__name__"": ""process_cpu_usage""}"
2,A,CPU Usage Rate,java_order,java,order,warehouse-java-twin:9084,warehouse-java-twin:9084 (warehouse-twin),2026-06-24 15:12:25,2026-06-24T09:42:25Z,1782294145,cooldown,1845.0,0.016666666666666666,"{""__name__"": ""process_cpu_usage""}"
2,A,CPU Usage Rate,java_order,java,order,inventory-java:8082,inventory-java:8082 (inventory-service),2026-06-24 15:12:40,2026-06-24T09:42:40Z,1782294160,cooldown,1860.0,0.038,"{""__name__"": ""process_cpu_usage""}"
2,A,CPU Usage Rate,java_order,java,order,order-java:8083,order-java:8083 (order-service),2026-06-24 15:12:40,2026-06-24T09:42:40Z,1782294160,cooldown,1860.0,0.18055555555555555,"{""__name__"": ""process_cpu_usage""}"
2,A,CPU Usage Rate,java_order,java,order,warehouse-java-twin:9084,warehouse-java-twin:9084 (warehouse-twin),2026-06-24 15:12:40,2026-06-24T09:42:40Z,1782294160,cooldown,1860.0,0.02,"{""__name__"": ""process_cpu_usage""}"
2,A,CPU Usage Rate,java_order,java,order,inventory-java:8082,inventory-java:8082 (inventory-service),2026-06-24 15:12:55,2026-06-24T09:42:55Z,1782294175,cooldown,1875.0,0.046,"{""__name__"": ""process_cpu_usage""}"
2,A,CPU Usage Rate,java_order,java,order,order-java:8083,order-java:8083 (order-service),2026-06-24 15:12:55,2026-06-24T09:42:55Z,1782294175,cooldown,1875.0,0.2217391304347826,"{""__name__"": ""process_cpu_usage""}"
2,A,CPU Usage Rate,java_order,java,order,warehouse-java-twin:9084,warehouse-java-twin:9084 (warehouse-twin),2026-06-24 15:12:55,2026-06-24T09:42:55Z,1782294175,cooldown,1875.0,0.0,"{""__name__"": ""process_cpu_usage""}"
2,A,CPU Usage Rate,java_order,java,order,inventory-java:8082,inventory-java:8082 (inventory-service),2026-06-24 15:13:10,2026-06-24T09:43:10Z,1782294190,cooldown,1890.0,0.0375,"{""__name__"": ""process_cpu_usage""}"
2,A,CPU Usage Rate,java_order,java,order,order-java:8083,order-java:8083 (order-service),2026-06-24 15:13:10,2026-06-24T09:43:10Z,1782294190,cooldown,1890.0,0.19767441860465115,"{""__name__"": ""process_cpu_usage""}"
2,A,CPU Usage Rate,java_order,java,order,warehouse-java-twin:9084,warehouse-java-twin:9084 (warehouse-twin),2026-06-24 15:13:10,2026-06-24T09:43:10Z,1782294190,cooldown,1890.0,0.03333333333333333,"{""__name__"": ""process_cpu_usage""}"
2,A,CPU Usage Rate,java_order,java,order,inventory-java:8082,inventory-java:8082 (inventory-service),2026-06-24 15:13:25,2026-06-24T09:43:25Z,1782294205,cooldown,1905.0,0.038,"{""__name__"": ""process_cpu_usage""}"
2,A,CPU Usage Rate,java_order,java,order,order-java:8083,order-java:8083 (order-service),2026-06-24 15:13:25,2026-06-24T09:43:25Z,1782294205,cooldown,1905.0,0.20204081632653062,"{""__name__"": ""process_cpu_usage""}"
2,A,CPU Usage Rate,java_order,java,order,warehouse-java-twin:9084,warehouse-java-twin:9084 (warehouse-twin),2026-06-24 15:13:25,2026-06-24T09:43:25Z,1782294205,cooldown,1905.0,0.025,"{""__name__"": ""process_cpu_usage""}"
2,A,CPU Usage Rate,java_order,java,order,inventory-java:8082,inventory-java:8082 (inventory-service),2026-06-24 15:13:40,2026-06-24T09:43:40Z,1782294220,cooldown,1920.0,0.03414634146341464,"{""__name__"": ""process_cpu_usage""}"
2,A,CPU Usage Rate,java_order,java,order,order-java:8083,order-java:8083 (order-service),2026-06-24 15:13:40,2026-06-24T09:43:40Z,1782294220,cooldown,1920.0,0.188,"{""__name__"": ""process_cpu_usage""}"
2,A,CPU Usage Rate,java_order,java,order,warehouse-java-twin:9084,warehouse-java-twin:9084 (warehouse-twin),2026-06-24 15:13:40,2026-06-24T09:43:40Z,1782294220,cooldown,1920.0,0.016666666666666666,"{""__name__"": ""process_cpu_usage""}"
2,A,CPU Usage Rate,java_order,java,order,inventory-java:8082,inventory-java:8082 (inventory-service),2026-06-24 15:13:55,2026-06-24T09:43:55Z,1782294235,cooldown,1935.0,0.032432432432432434,"{""__name__"": ""process_cpu_usage""}"
2,A,CPU Usage Rate,java_order,java,order,order-java:8083,order-java:8083 (order-service),2026-06-24 15:13:55,2026-06-24T09:43:55Z,1782294235,cooldown,1935.0,0.176,"{""__name__"": ""process_cpu_usage""}"
2,A,CPU Usage Rate,java_order,java,order,warehouse-java-twin:9084,warehouse-java-twin:9084 (warehouse-twin),2026-06-24 15:13:55,2026-06-24T09:43:55Z,1782294235,cooldown,1935.0,0.016666666666666666,"{""__name__"": ""process_cpu_usage""}"
2,A,CPU Usage Rate,java_order,java,order,inventory-java:8082,inventory-java:8082 (inventory-service),2026-06-24 15:14:10,2026-06-24T09:44:10Z,1782294250,cooldown,1950.0,0.028,"{""__name__"": ""process_cpu_usage""}"
2,A,CPU Usage Rate,java_order,java,order,order-java:8083,order-java:8083 (order-service),2026-06-24 15:14:10,2026-06-24T09:44:10Z,1782294250,cooldown,1950.0,0.15217391304347827,"{""__name__"": ""process_cpu_usage""}"
2,A,CPU Usage Rate,java_order,java,order,warehouse-java-twin:9084,warehouse-java-twin:9084 (warehouse-twin),2026-06-24 15:14:10,2026-06-24T09:44:10Z,1782294250,cooldown,1950.0,0.03333333333333333,"{""__name__"": ""process_cpu_usage""}"
2,A,CPU Usage Rate,java_order,java,order,inventory-java:8082,inventory-java:8082 (inventory-service),2026-06-24 15:14:25,2026-06-24T09:44:25Z,1782294265,cooldown,1965.0,0.026,"{""__name__"": ""process_cpu_usage""}"
2,A,CPU Usage Rate,java_order,java,order,order-java:8083,order-java:8083 (order-service),2026-06-24 15:14:25,2026-06-24T09:44:25Z,1782294265,cooldown,1965.0,0.15,"{""__name__"": ""process_cpu_usage""}"
2,A,CPU Usage Rate,java_order,java,order,warehouse-java-twin:9084,warehouse-java-twin:9084 (warehouse-twin),2026-06-24 15:14:25,2026-06-24T09:44:25Z,1782294265,cooldown,1965.0,0.0,"{""__name__"": ""process_cpu_usage""}"
2,A,CPU Usage Rate,java_order,java,order,inventory-java:8082,inventory-java:8082 (inventory-service),2026-06-24 15:14:40,2026-06-24T09:44:40Z,1782294280,cooldown,1980.0,0.026530612244897958,"{""__name__"": ""process_cpu_usage""}"
2,A,CPU Usage Rate,java_order,java,order,order-java:8083,order-java:8083 (order-service),2026-06-24 15:14:40,2026-06-24T09:44:40Z,1782294280,cooldown,1980.0,0.146,"{""__name__"": ""process_cpu_usage""}"
2,A,CPU Usage Rate,java_order,java,order,warehouse-java-twin:9084,warehouse-java-twin:9084 (warehouse-twin),2026-06-24 15:14:40,2026-06-24T09:44:40Z,1782294280,cooldown,1980.0,0.0,"{""__name__"": ""process_cpu_usage""}"
2,A,CPU Usage Rate,java_order,java,order,inventory-java:8082,inventory-java:8082 (inventory-service),2026-06-24 15:14:55,2026-06-24T09:44:55Z,1782294295,cooldown,1995.0,0.022727272727272728,"{""__name__"": ""process_cpu_usage""}"
2,A,CPU Usage Rate,java_order,java,order,order-java:8083,order-java:8083 (order-service),2026-06-24 15:14:55,2026-06-24T09:44:55Z,1782294295,cooldown,1995.0,0.086,"{""__name__"": ""process_cpu_usage""}"
2,A,CPU Usage Rate,java_order,java,order,warehouse-java-twin:9084,warehouse-java-twin:9084 (warehouse-twin),2026-06-24 15:14:55,2026-06-24T09:44:55Z,1782294295,cooldown,1995.0,0.0,"{""__name__"": ""process_cpu_usage""}"
2,A,CPU Usage Rate,java_order,java,order,inventory-java:8082,inventory-java:8082 (inventory-service),2026-06-24 15:15:10,2026-06-24T09:45:10Z,1782294310,cooldown,2010.0,0.020833333333333332,"{""__name__"": ""process_cpu_usage""}"
2,A,CPU Usage Rate,java_order,java,order,order-java:8083,order-java:8083 (order-service),2026-06-24 15:15:10,2026-06-24T09:45:10Z,1782294310,cooldown,2010.0,0.11,"{""__name__"": ""process_cpu_usage""}"
2,A,CPU Usage Rate,java_order,java,order,warehouse-java-twin:9084,warehouse-java-twin:9084 (warehouse-twin),2026-06-24 15:15:10,2026-06-24T09:45:10Z,1782294310,cooldown,2010.0,0.02727272727272727,"{""__name__"": ""process_cpu_usage""}"
2,A,CPU Usage Rate,java_order,java,order,inventory-java:8082,inventory-java:8082 (inventory-service),2026-06-24 15:15:25,2026-06-24T09:45:25Z,1782294325,cooldown,2025.0,0.018367346938775512,"{""__name__"": ""process_cpu_usage""}"
2,A,CPU Usage Rate,java_order,java,order,order-java:8083,order-java:8083 (order-service),2026-06-24 15:15:25,2026-06-24T09:45:25Z,1782294325,cooldown,2025.0,0.114,"{""__name__"": ""process_cpu_usage""}"
2,A,CPU Usage Rate,java_order,java,order,warehouse-java-twin:9084,warehouse-java-twin:9084 (warehouse-twin),2026-06-24 15:15:25,2026-06-24T09:45:25Z,1782294325,cooldown,2025.0,0.014285714285714285,"{""__name__"": ""process_cpu_usage""}"
2,A,CPU Usage Rate,java_order,java,order,inventory-java:8082,inventory-java:8082 (inventory-service),2026-06-24 15:15:40,2026-06-24T09:45:40Z,1782294340,cooldown,2040.0,0.014893617021276596,"{""__name__"": ""process_cpu_usage""}"
2,A,CPU Usage Rate,java_order,java,order,order-java:8083,order-java:8083 (order-service),2026-06-24 15:15:40,2026-06-24T09:45:40Z,1782294340,cooldown,2040.0,0.078,"{""__name__"": ""process_cpu_usage""}"
2,A,CPU Usage Rate,java_order,java,order,warehouse-java-twin:9084,warehouse-java-twin:9084 (warehouse-twin),2026-06-24 15:15:40,2026-06-24T09:45:40Z,1782294340,cooldown,2040.0,0.0,"{""__name__"": ""process_cpu_usage""}"
2,A,CPU Usage Rate,java_order,java,order,inventory-java:8082,inventory-java:8082 (inventory-service),2026-06-24 15:15:55,2026-06-24T09:45:55Z,1782294355,cooldown,2055.0,0.02142857142857143,"{""__name__"": ""process_cpu_usage""}"
2,A,CPU Usage Rate,java_order,java,order,order-java:8083,order-java:8083 (order-service),2026-06-24 15:15:55,2026-06-24T09:45:55Z,1782294355,cooldown,2055.0,0.064,"{""__name__"": ""process_cpu_usage""}"
2,A,CPU Usage Rate,java_order,java,order,warehouse-java-twin:9084,warehouse-java-twin:9084 (warehouse-twin),2026-06-24 15:15:55,2026-06-24T09:45:55Z,1782294355,cooldown,2055.0,0.03333333333333333,"{""__name__"": ""process_cpu_usage""}"
2,A,CPU Usage Rate,java_order,java,order,inventory-java:8082,inventory-java:8082 (inventory-service),2026-06-24 15:16:10,2026-06-24T09:46:10Z,1782294370,cooldown,2070.0,0.011627906976744186,"{""__name__"": ""process_cpu_usage""}"
2,A,CPU Usage Rate,java_order,java,order,order-java:8083,order-java:8083 (order-service),2026-06-24 15:16:10,2026-06-24T09:46:10Z,1782294370,cooldown,2070.0,0.05,"{""__name__"": ""process_cpu_usage""}"
2,A,CPU Usage Rate,java_order,java,order,warehouse-java-twin:9084,warehouse-java-twin:9084 (warehouse-twin),2026-06-24 15:16:10,2026-06-24T09:46:10Z,1782294370,cooldown,2070.0,0.01,"{""__name__"": ""process_cpu_usage""}"
2,A,CPU Usage Rate,java_order,java,order,inventory-java:8082,inventory-java:8082 (inventory-service),2026-06-24 15:16:25,2026-06-24T09:46:25Z,1782294385,cooldown,2085.0,0.00975609756097561,"{""__name__"": ""process_cpu_usage""}"
2,A,CPU Usage Rate,java_order,java,order,order-java:8083,order-java:8083 (order-service),2026-06-24 15:16:25,2026-06-24T09:46:25Z,1782294385,cooldown,2085.0,0.044,"{""__name__"": ""process_cpu_usage""}"
2,A,CPU Usage Rate,java_order,java,order,warehouse-java-twin:9084,warehouse-java-twin:9084 (warehouse-twin),2026-06-24 15:16:25,2026-06-24T09:46:25Z,1782294385,cooldown,2085.0,0.01,"{""__name__"": ""process_cpu_usage""}"
2,A,CPU Usage Rate,java_order,java,order,inventory-java:8082,inventory-java:8082 (inventory-service),2026-06-24 15:16:40,2026-06-24T09:46:40Z,1782294400,post_test,2100.0,0.005263157894736842,"{""__name__"": ""process_cpu_usage""}"
2,A,CPU Usage Rate,java_order,java,order,order-java:8083,order-java:8083 (order-service),2026-06-24 15:16:40,2026-06-24T09:46:40Z,1782294400,post_test,2100.0,0.01951219512195122,"{""__name__"": ""process_cpu_usage""}"
2,A,CPU Usage Rate,java_order,java,order,warehouse-java-twin:9084,warehouse-java-twin:9084 (warehouse-twin),2026-06-24 15:16:40,2026-06-24T09:46:40Z,1782294400,post_test,2100.0,0.0,"{""__name__"": ""process_cpu_usage""}"
