grafana_panel_id,grafana_ref_id,grafana_panel_title,segment_label,service_type,benchmark_type,instance,service_label,timestamp_local,timestamp_utc,timestamp_unix,load_phase,offset_seconds,value,prom_labels_json
5,B,The Resource Footprint (Memory Churn),go_inventory,go,inventory,inventory-go-twin:9082,inventory-go-twin:9082,2026-06-24 12:41:12,2026-06-24T07:11:12Z,1782285072,warmup,0.0,3376784.0,"{""__name__"": ""go_memstats_heap_alloc_bytes""}"
5,B,The Resource Footprint (Memory Churn),go_inventory,go,inventory,order-go-twin:9083,order-go-twin:9083,2026-06-24 12:41:12,2026-06-24T07:11:12Z,1782285072,warmup,0.0,3713232.0,"{""__name__"": ""go_memstats_heap_alloc_bytes""}"
5,B,The Resource Footprint (Memory Churn),go_inventory,go,inventory,warehouse-go:8084,warehouse-go:8084,2026-06-24 12:41:12,2026-06-24T07:11:12Z,1782285072,warmup,0.0,7312112.0,"{""__name__"": ""go_memstats_heap_alloc_bytes""}"
5,B,The Resource Footprint (Memory Churn),go_inventory,go,inventory,inventory-go-twin:9082,inventory-go-twin:9082,2026-06-24 12:41:27,2026-06-24T07:11:27Z,1782285087,warmup,15.0,3972904.0,"{""__name__"": ""go_memstats_heap_alloc_bytes""}"
5,B,The Resource Footprint (Memory Churn),go_inventory,go,inventory,order-go-twin:9083,order-go-twin:9083,2026-06-24 12:41:27,2026-06-24T07:11:27Z,1782285087,warmup,15.0,4955248.0,"{""__name__"": ""go_memstats_heap_alloc_bytes""}"
5,B,The Resource Footprint (Memory Churn),go_inventory,go,inventory,warehouse-go:8084,warehouse-go:8084,2026-06-24 12:41:27,2026-06-24T07:11:27Z,1782285087,warmup,15.0,6385496.0,"{""__name__"": ""go_memstats_heap_alloc_bytes""}"
5,B,The Resource Footprint (Memory Churn),go_inventory,go,inventory,inventory-go-twin:9082,inventory-go-twin:9082,2026-06-24 12:41:42,2026-06-24T07:11:42Z,1782285102,warmup,30.0,4769608.0,"{""__name__"": ""go_memstats_heap_alloc_bytes""}"
5,B,The Resource Footprint (Memory Churn),go_inventory,go,inventory,order-go-twin:9083,order-go-twin:9083,2026-06-24 12:41:42,2026-06-24T07:11:42Z,1782285102,warmup,30.0,5615152.0,"{""__name__"": ""go_memstats_heap_alloc_bytes""}"
5,B,The Resource Footprint (Memory Churn),go_inventory,go,inventory,warehouse-go:8084,warehouse-go:8084,2026-06-24 12:41:42,2026-06-24T07:11:42Z,1782285102,warmup,30.0,6751832.0,"{""__name__"": ""go_memstats_heap_alloc_bytes""}"
5,B,The Resource Footprint (Memory Churn),go_inventory,go,inventory,inventory-go-twin:9082,inventory-go-twin:9082,2026-06-24 12:41:57,2026-06-24T07:11:57Z,1782285117,warmup,45.0,3581776.0,"{""__name__"": ""go_memstats_heap_alloc_bytes""}"
5,B,The Resource Footprint (Memory Churn),go_inventory,go,inventory,order-go-twin:9083,order-go-twin:9083,2026-06-24 12:41:57,2026-06-24T07:11:57Z,1782285117,warmup,45.0,3613712.0,"{""__name__"": ""go_memstats_heap_alloc_bytes""}"
5,B,The Resource Footprint (Memory Churn),go_inventory,go,inventory,warehouse-go:8084,warehouse-go:8084,2026-06-24 12:41:57,2026-06-24T07:11:57Z,1782285117,warmup,45.0,7961128.0,"{""__name__"": ""go_memstats_heap_alloc_bytes""}"
5,B,The Resource Footprint (Memory Churn),go_inventory,go,inventory,inventory-go-twin:9082,inventory-go-twin:9082,2026-06-24 12:42:12,2026-06-24T07:12:12Z,1782285132,warmup,60.0,4284440.0,"{""__name__"": ""go_memstats_heap_alloc_bytes""}"
5,B,The Resource Footprint (Memory Churn),go_inventory,go,inventory,order-go-twin:9083,order-go-twin:9083,2026-06-24 12:42:12,2026-06-24T07:12:12Z,1782285132,warmup,60.0,4046032.0,"{""__name__"": ""go_memstats_heap_alloc_bytes""}"
5,B,The Resource Footprint (Memory Churn),go_inventory,go,inventory,warehouse-go:8084,warehouse-go:8084,2026-06-24 12:42:12,2026-06-24T07:12:12Z,1782285132,warmup,60.0,5957800.0,"{""__name__"": ""go_memstats_heap_alloc_bytes""}"
5,B,The Resource Footprint (Memory Churn),go_inventory,go,inventory,inventory-go-twin:9082,inventory-go-twin:9082,2026-06-24 12:42:27,2026-06-24T07:12:27Z,1782285147,warmup,75.0,5160616.0,"{""__name__"": ""go_memstats_heap_alloc_bytes""}"
5,B,The Resource Footprint (Memory Churn),go_inventory,go,inventory,order-go-twin:9083,order-go-twin:9083,2026-06-24 12:42:27,2026-06-24T07:12:27Z,1782285147,warmup,75.0,4673760.0,"{""__name__"": ""go_memstats_heap_alloc_bytes""}"
5,B,The Resource Footprint (Memory Churn),go_inventory,go,inventory,warehouse-go:8084,warehouse-go:8084,2026-06-24 12:42:27,2026-06-24T07:12:27Z,1782285147,warmup,75.0,6287896.0,"{""__name__"": ""go_memstats_heap_alloc_bytes""}"
5,B,The Resource Footprint (Memory Churn),go_inventory,go,inventory,inventory-go-twin:9082,inventory-go-twin:9082,2026-06-24 12:42:42,2026-06-24T07:12:42Z,1782285162,warmup,90.0,3613384.0,"{""__name__"": ""go_memstats_heap_alloc_bytes""}"
5,B,The Resource Footprint (Memory Churn),go_inventory,go,inventory,order-go-twin:9083,order-go-twin:9083,2026-06-24 12:42:42,2026-06-24T07:12:42Z,1782285162,warmup,90.0,5510904.0,"{""__name__"": ""go_memstats_heap_alloc_bytes""}"
5,B,The Resource Footprint (Memory Churn),go_inventory,go,inventory,warehouse-go:8084,warehouse-go:8084,2026-06-24 12:42:42,2026-06-24T07:12:42Z,1782285162,warmup,90.0,6892664.0,"{""__name__"": ""go_memstats_heap_alloc_bytes""}"
5,B,The Resource Footprint (Memory Churn),go_inventory,go,inventory,inventory-go-twin:9082,inventory-go-twin:9082,2026-06-24 12:42:57,2026-06-24T07:12:57Z,1782285177,warmup,105.0,4534872.0,"{""__name__"": ""go_memstats_heap_alloc_bytes""}"
5,B,The Resource Footprint (Memory Churn),go_inventory,go,inventory,order-go-twin:9083,order-go-twin:9083,2026-06-24 12:42:57,2026-06-24T07:12:57Z,1782285177,warmup,105.0,3618808.0,"{""__name__"": ""go_memstats_heap_alloc_bytes""}"
5,B,The Resource Footprint (Memory Churn),go_inventory,go,inventory,warehouse-go:8084,warehouse-go:8084,2026-06-24 12:42:57,2026-06-24T07:12:57Z,1782285177,warmup,105.0,8325832.0,"{""__name__"": ""go_memstats_heap_alloc_bytes""}"
5,B,The Resource Footprint (Memory Churn),go_inventory,go,inventory,inventory-go-twin:9082,inventory-go-twin:9082,2026-06-24 12:43:12,2026-06-24T07:13:12Z,1782285192,warmup,120.0,5371784.0,"{""__name__"": ""go_memstats_heap_alloc_bytes""}"
5,B,The Resource Footprint (Memory Churn),go_inventory,go,inventory,order-go-twin:9083,order-go-twin:9083,2026-06-24 12:43:12,2026-06-24T07:13:12Z,1782285192,warmup,120.0,4055816.0,"{""__name__"": ""go_memstats_heap_alloc_bytes""}"
5,B,The Resource Footprint (Memory Churn),go_inventory,go,inventory,warehouse-go:8084,warehouse-go:8084,2026-06-24 12:43:12,2026-06-24T07:13:12Z,1782285192,warmup,120.0,6743040.0,"{""__name__"": ""go_memstats_heap_alloc_bytes""}"
5,B,The Resource Footprint (Memory Churn),go_inventory,go,inventory,inventory-go-twin:9082,inventory-go-twin:9082,2026-06-24 12:43:27,2026-06-24T07:13:27Z,1782285207,warmup,135.0,4727432.0,"{""__name__"": ""go_memstats_heap_alloc_bytes""}"
5,B,The Resource Footprint (Memory Churn),go_inventory,go,inventory,order-go-twin:9083,order-go-twin:9083,2026-06-24 12:43:27,2026-06-24T07:13:27Z,1782285207,warmup,135.0,4721016.0,"{""__name__"": ""go_memstats_heap_alloc_bytes""}"
5,B,The Resource Footprint (Memory Churn),go_inventory,go,inventory,warehouse-go:8084,warehouse-go:8084,2026-06-24 12:43:27,2026-06-24T07:13:27Z,1782285207,warmup,135.0,7241024.0,"{""__name__"": ""go_memstats_heap_alloc_bytes""}"
5,B,The Resource Footprint (Memory Churn),go_inventory,go,inventory,inventory-go-twin:9082,inventory-go-twin:9082,2026-06-24 12:43:42,2026-06-24T07:13:42Z,1782285222,warmup,150.0,3350552.0,"{""__name__"": ""go_memstats_heap_alloc_bytes""}"
5,B,The Resource Footprint (Memory Churn),go_inventory,go,inventory,order-go-twin:9083,order-go-twin:9083,2026-06-24 12:43:42,2026-06-24T07:13:42Z,1782285222,warmup,150.0,5390896.0,"{""__name__"": ""go_memstats_heap_alloc_bytes""}"
5,B,The Resource Footprint (Memory Churn),go_inventory,go,inventory,warehouse-go:8084,warehouse-go:8084,2026-06-24 12:43:42,2026-06-24T07:13:42Z,1782285222,warmup,150.0,7750768.0,"{""__name__"": ""go_memstats_heap_alloc_bytes""}"
5,B,The Resource Footprint (Memory Churn),go_inventory,go,inventory,inventory-go-twin:9082,inventory-go-twin:9082,2026-06-24 12:43:57,2026-06-24T07:13:57Z,1782285237,warmup,165.0,4207384.0,"{""__name__"": ""go_memstats_heap_alloc_bytes""}"
5,B,The Resource Footprint (Memory Churn),go_inventory,go,inventory,order-go-twin:9083,order-go-twin:9083,2026-06-24 12:43:57,2026-06-24T07:13:57Z,1782285237,warmup,165.0,3568800.0,"{""__name__"": ""go_memstats_heap_alloc_bytes""}"
5,B,The Resource Footprint (Memory Churn),go_inventory,go,inventory,warehouse-go:8084,warehouse-go:8084,2026-06-24 12:43:57,2026-06-24T07:13:57Z,1782285237,warmup,165.0,8427824.0,"{""__name__"": ""go_memstats_heap_alloc_bytes""}"
5,B,The Resource Footprint (Memory Churn),go_inventory,go,inventory,inventory-go-twin:9082,inventory-go-twin:9082,2026-06-24 12:44:12,2026-06-24T07:14:12Z,1782285252,warmup,180.0,3722160.0,"{""__name__"": ""go_memstats_heap_alloc_bytes""}"
5,B,The Resource Footprint (Memory Churn),go_inventory,go,inventory,order-go-twin:9083,order-go-twin:9083,2026-06-24 12:44:12,2026-06-24T07:14:12Z,1782285252,warmup,180.0,3931264.0,"{""__name__"": ""go_memstats_heap_alloc_bytes""}"
5,B,The Resource Footprint (Memory Churn),go_inventory,go,inventory,warehouse-go:8084,warehouse-go:8084,2026-06-24 12:44:12,2026-06-24T07:14:12Z,1782285252,warmup,180.0,9103224.0,"{""__name__"": ""go_memstats_heap_alloc_bytes""}"
5,B,The Resource Footprint (Memory Churn),go_inventory,go,inventory,inventory-go-twin:9082,inventory-go-twin:9082,2026-06-24 12:44:27,2026-06-24T07:14:27Z,1782285267,warmup,195.0,4757968.0,"{""__name__"": ""go_memstats_heap_alloc_bytes""}"
5,B,The Resource Footprint (Memory Churn),go_inventory,go,inventory,order-go-twin:9083,order-go-twin:9083,2026-06-24 12:44:27,2026-06-24T07:14:27Z,1782285267,warmup,195.0,4491520.0,"{""__name__"": ""go_memstats_heap_alloc_bytes""}"
5,B,The Resource Footprint (Memory Churn),go_inventory,go,inventory,warehouse-go:8084,warehouse-go:8084,2026-06-24 12:44:27,2026-06-24T07:14:27Z,1782285267,warmup,195.0,6571696.0,"{""__name__"": ""go_memstats_heap_alloc_bytes""}"
5,B,The Resource Footprint (Memory Churn),go_inventory,go,inventory,inventory-go-twin:9082,inventory-go-twin:9082,2026-06-24 12:44:42,2026-06-24T07:14:42Z,1782285282,warmup,210.0,3445160.0,"{""__name__"": ""go_memstats_heap_alloc_bytes""}"
5,B,The Resource Footprint (Memory Churn),go_inventory,go,inventory,order-go-twin:9083,order-go-twin:9083,2026-06-24 12:44:42,2026-06-24T07:14:42Z,1782285282,warmup,210.0,5195016.0,"{""__name__"": ""go_memstats_heap_alloc_bytes""}"
5,B,The Resource Footprint (Memory Churn),go_inventory,go,inventory,warehouse-go:8084,warehouse-go:8084,2026-06-24 12:44:42,2026-06-24T07:14:42Z,1782285282,warmup,210.0,6980128.0,"{""__name__"": ""go_memstats_heap_alloc_bytes""}"
5,B,The Resource Footprint (Memory Churn),go_inventory,go,inventory,inventory-go-twin:9082,inventory-go-twin:9082,2026-06-24 12:44:57,2026-06-24T07:14:57Z,1782285297,warmup,225.0,4580912.0,"{""__name__"": ""go_memstats_heap_alloc_bytes""}"
5,B,The Resource Footprint (Memory Churn),go_inventory,go,inventory,order-go-twin:9083,order-go-twin:9083,2026-06-24 12:44:57,2026-06-24T07:14:57Z,1782285297,warmup,225.0,5846856.0,"{""__name__"": ""go_memstats_heap_alloc_bytes""}"
5,B,The Resource Footprint (Memory Churn),go_inventory,go,inventory,warehouse-go:8084,warehouse-go:8084,2026-06-24 12:44:57,2026-06-24T07:14:57Z,1782285297,warmup,225.0,8277552.0,"{""__name__"": ""go_memstats_heap_alloc_bytes""}"
5,B,The Resource Footprint (Memory Churn),go_inventory,go,inventory,inventory-go-twin:9082,inventory-go-twin:9082,2026-06-24 12:45:12,2026-06-24T07:15:12Z,1782285312,warmup,240.0,3791336.0,"{""__name__"": ""go_memstats_heap_alloc_bytes""}"
5,B,The Resource Footprint (Memory Churn),go_inventory,go,inventory,order-go-twin:9083,order-go-twin:9083,2026-06-24 12:45:12,2026-06-24T07:15:12Z,1782285312,warmup,240.0,3723536.0,"{""__name__"": ""go_memstats_heap_alloc_bytes""}"
5,B,The Resource Footprint (Memory Churn),go_inventory,go,inventory,warehouse-go:8084,warehouse-go:8084,2026-06-24 12:45:12,2026-06-24T07:15:12Z,1782285312,warmup,240.0,8747936.0,"{""__name__"": ""go_memstats_heap_alloc_bytes""}"
5,B,The Resource Footprint (Memory Churn),go_inventory,go,inventory,inventory-go-twin:9082,inventory-go-twin:9082,2026-06-24 12:45:27,2026-06-24T07:15:27Z,1782285327,warmup,255.0,4964600.0,"{""__name__"": ""go_memstats_heap_alloc_bytes""}"
5,B,The Resource Footprint (Memory Churn),go_inventory,go,inventory,order-go-twin:9083,order-go-twin:9083,2026-06-24 12:45:27,2026-06-24T07:15:27Z,1782285327,warmup,255.0,4270128.0,"{""__name__"": ""go_memstats_heap_alloc_bytes""}"
5,B,The Resource Footprint (Memory Churn),go_inventory,go,inventory,warehouse-go:8084,warehouse-go:8084,2026-06-24 12:45:27,2026-06-24T07:15:27Z,1782285327,warmup,255.0,9359840.0,"{""__name__"": ""go_memstats_heap_alloc_bytes""}"
5,B,The Resource Footprint (Memory Churn),go_inventory,go,inventory,inventory-go-twin:9082,inventory-go-twin:9082,2026-06-24 12:45:42,2026-06-24T07:15:42Z,1782285342,warmup,270.0,3911664.0,"{""__name__"": ""go_memstats_heap_alloc_bytes""}"
5,B,The Resource Footprint (Memory Churn),go_inventory,go,inventory,order-go-twin:9083,order-go-twin:9083,2026-06-24 12:45:42,2026-06-24T07:15:42Z,1782285342,warmup,270.0,4930224.0,"{""__name__"": ""go_memstats_heap_alloc_bytes""}"
5,B,The Resource Footprint (Memory Churn),go_inventory,go,inventory,warehouse-go:8084,warehouse-go:8084,2026-06-24 12:45:42,2026-06-24T07:15:42Z,1782285342,warmup,270.0,6608536.0,"{""__name__"": ""go_memstats_heap_alloc_bytes""}"
5,B,The Resource Footprint (Memory Churn),go_inventory,go,inventory,inventory-go-twin:9082,inventory-go-twin:9082,2026-06-24 12:45:57,2026-06-24T07:15:57Z,1782285357,warmup,285.0,5163936.0,"{""__name__"": ""go_memstats_heap_alloc_bytes""}"
5,B,The Resource Footprint (Memory Churn),go_inventory,go,inventory,order-go-twin:9083,order-go-twin:9083,2026-06-24 12:45:57,2026-06-24T07:15:57Z,1782285357,warmup,285.0,5595304.0,"{""__name__"": ""go_memstats_heap_alloc_bytes""}"
5,B,The Resource Footprint (Memory Churn),go_inventory,go,inventory,warehouse-go:8084,warehouse-go:8084,2026-06-24 12:45:57,2026-06-24T07:15:57Z,1782285357,warmup,285.0,7901704.0,"{""__name__"": ""go_memstats_heap_alloc_bytes""}"
5,B,The Resource Footprint (Memory Churn),go_inventory,go,inventory,inventory-go-twin:9082,inventory-go-twin:9082,2026-06-24 12:46:12,2026-06-24T07:16:12Z,1782285372,ramp_1,300.0,3919984.0,"{""__name__"": ""go_memstats_heap_alloc_bytes""}"
5,B,The Resource Footprint (Memory Churn),go_inventory,go,inventory,order-go-twin:9083,order-go-twin:9083,2026-06-24 12:46:12,2026-06-24T07:16:12Z,1782285372,ramp_1,300.0,3625216.0,"{""__name__"": ""go_memstats_heap_alloc_bytes""}"
5,B,The Resource Footprint (Memory Churn),go_inventory,go,inventory,warehouse-go:8084,warehouse-go:8084,2026-06-24 12:46:12,2026-06-24T07:16:12Z,1782285372,ramp_1,300.0,9193544.0,"{""__name__"": ""go_memstats_heap_alloc_bytes""}"
5,B,The Resource Footprint (Memory Churn),go_inventory,go,inventory,inventory-go-twin:9082,inventory-go-twin:9082,2026-06-24 12:46:27,2026-06-24T07:16:27Z,1782285387,ramp_1,315.0,3633224.0,"{""__name__"": ""go_memstats_heap_alloc_bytes""}"
5,B,The Resource Footprint (Memory Churn),go_inventory,go,inventory,order-go-twin:9083,order-go-twin:9083,2026-06-24 12:46:27,2026-06-24T07:16:27Z,1782285387,ramp_1,315.0,3952416.0,"{""__name__"": ""go_memstats_heap_alloc_bytes""}"
5,B,The Resource Footprint (Memory Churn),go_inventory,go,inventory,warehouse-go:8084,warehouse-go:8084,2026-06-24 12:46:27,2026-06-24T07:16:27Z,1782285387,ramp_1,315.0,9795720.0,"{""__name__"": ""go_memstats_heap_alloc_bytes""}"
5,B,The Resource Footprint (Memory Churn),go_inventory,go,inventory,inventory-go-twin:9082,inventory-go-twin:9082,2026-06-24 12:46:42,2026-06-24T07:16:42Z,1782285402,ramp_1,330.0,5109944.0,"{""__name__"": ""go_memstats_heap_alloc_bytes""}"
5,B,The Resource Footprint (Memory Churn),go_inventory,go,inventory,order-go-twin:9083,order-go-twin:9083,2026-06-24 12:46:42,2026-06-24T07:16:42Z,1782285402,ramp_1,330.0,4523184.0,"{""__name__"": ""go_memstats_heap_alloc_bytes""}"
5,B,The Resource Footprint (Memory Churn),go_inventory,go,inventory,warehouse-go:8084,warehouse-go:8084,2026-06-24 12:46:42,2026-06-24T07:16:42Z,1782285402,ramp_1,330.0,8253416.0,"{""__name__"": ""go_memstats_heap_alloc_bytes""}"
5,B,The Resource Footprint (Memory Churn),go_inventory,go,inventory,inventory-go-twin:9082,inventory-go-twin:9082,2026-06-24 12:46:57,2026-06-24T07:16:57Z,1782285417,ramp_1,345.0,4027384.0,"{""__name__"": ""go_memstats_heap_alloc_bytes""}"
5,B,The Resource Footprint (Memory Churn),go_inventory,go,inventory,order-go-twin:9083,order-go-twin:9083,2026-06-24 12:46:57,2026-06-24T07:16:57Z,1782285417,ramp_1,345.0,5244224.0,"{""__name__"": ""go_memstats_heap_alloc_bytes""}"
5,B,The Resource Footprint (Memory Churn),go_inventory,go,inventory,warehouse-go:8084,warehouse-go:8084,2026-06-24 12:46:57,2026-06-24T07:16:57Z,1782285417,ramp_1,345.0,9510296.0,"{""__name__"": ""go_memstats_heap_alloc_bytes""}"
5,B,The Resource Footprint (Memory Churn),go_inventory,go,inventory,inventory-go-twin:9082,inventory-go-twin:9082,2026-06-24 12:47:12,2026-06-24T07:17:12Z,1782285432,ramp_1,360.0,3655224.0,"{""__name__"": ""go_memstats_heap_alloc_bytes""}"
5,B,The Resource Footprint (Memory Churn),go_inventory,go,inventory,order-go-twin:9083,order-go-twin:9083,2026-06-24 12:47:12,2026-06-24T07:17:12Z,1782285432,ramp_1,360.0,5852872.0,"{""__name__"": ""go_memstats_heap_alloc_bytes""}"
5,B,The Resource Footprint (Memory Churn),go_inventory,go,inventory,warehouse-go:8084,warehouse-go:8084,2026-06-24 12:47:12,2026-06-24T07:17:12Z,1782285432,ramp_1,360.0,5854104.0,"{""__name__"": ""go_memstats_heap_alloc_bytes""}"
5,B,The Resource Footprint (Memory Churn),go_inventory,go,inventory,inventory-go-twin:9082,inventory-go-twin:9082,2026-06-24 12:47:27,2026-06-24T07:17:27Z,1782285447,ramp_1,375.0,5549976.0,"{""__name__"": ""go_memstats_heap_alloc_bytes""}"
5,B,The Resource Footprint (Memory Churn),go_inventory,go,inventory,order-go-twin:9083,order-go-twin:9083,2026-06-24 12:47:27,2026-06-24T07:17:27Z,1782285447,ramp_1,375.0,3753728.0,"{""__name__"": ""go_memstats_heap_alloc_bytes""}"
5,B,The Resource Footprint (Memory Churn),go_inventory,go,inventory,warehouse-go:8084,warehouse-go:8084,2026-06-24 12:47:27,2026-06-24T07:17:27Z,1782285447,ramp_1,375.0,7864312.0,"{""__name__"": ""go_memstats_heap_alloc_bytes""}"
5,B,The Resource Footprint (Memory Churn),go_inventory,go,inventory,inventory-go-twin:9082,inventory-go-twin:9082,2026-06-24 12:47:42,2026-06-24T07:17:42Z,1782285462,ramp_1,390.0,4980336.0,"{""__name__"": ""go_memstats_heap_alloc_bytes""}"
5,B,The Resource Footprint (Memory Churn),go_inventory,go,inventory,order-go-twin:9083,order-go-twin:9083,2026-06-24 12:47:42,2026-06-24T07:17:42Z,1782285462,ramp_1,390.0,4296256.0,"{""__name__"": ""go_memstats_heap_alloc_bytes""}"
5,B,The Resource Footprint (Memory Churn),go_inventory,go,inventory,warehouse-go:8084,warehouse-go:8084,2026-06-24 12:47:42,2026-06-24T07:17:42Z,1782285462,ramp_1,390.0,8425584.0,"{""__name__"": ""go_memstats_heap_alloc_bytes""}"
5,B,The Resource Footprint (Memory Churn),go_inventory,go,inventory,inventory-go-twin:9082,inventory-go-twin:9082,2026-06-24 12:47:57,2026-06-24T07:17:57Z,1782285477,ramp_1,405.0,4811616.0,"{""__name__"": ""go_memstats_heap_alloc_bytes""}"
5,B,The Resource Footprint (Memory Churn),go_inventory,go,inventory,order-go-twin:9083,order-go-twin:9083,2026-06-24 12:47:57,2026-06-24T07:17:57Z,1782285477,ramp_1,405.0,4957584.0,"{""__name__"": ""go_memstats_heap_alloc_bytes""}"
5,B,The Resource Footprint (Memory Churn),go_inventory,go,inventory,warehouse-go:8084,warehouse-go:8084,2026-06-24 12:47:57,2026-06-24T07:17:57Z,1782285477,ramp_1,405.0,5757232.0,"{""__name__"": ""go_memstats_heap_alloc_bytes""}"
5,B,The Resource Footprint (Memory Churn),go_inventory,go,inventory,inventory-go-twin:9082,inventory-go-twin:9082,2026-06-24 12:48:12,2026-06-24T07:18:12Z,1782285492,ramp_1,420.0,4695976.0,"{""__name__"": ""go_memstats_heap_alloc_bytes""}"
5,B,The Resource Footprint (Memory Churn),go_inventory,go,inventory,order-go-twin:9083,order-go-twin:9083,2026-06-24 12:48:12,2026-06-24T07:18:12Z,1782285492,ramp_1,420.0,5585416.0,"{""__name__"": ""go_memstats_heap_alloc_bytes""}"
5,B,The Resource Footprint (Memory Churn),go_inventory,go,inventory,warehouse-go:8084,warehouse-go:8084,2026-06-24 12:48:12,2026-06-24T07:18:12Z,1782285492,ramp_1,420.0,7841008.0,"{""__name__"": ""go_memstats_heap_alloc_bytes""}"
5,B,The Resource Footprint (Memory Churn),go_inventory,go,inventory,inventory-go-twin:9082,inventory-go-twin:9082,2026-06-24 12:48:27,2026-06-24T07:18:27Z,1782285507,ramp_1,435.0,4224584.0,"{""__name__"": ""go_memstats_heap_alloc_bytes""}"
5,B,The Resource Footprint (Memory Churn),go_inventory,go,inventory,order-go-twin:9083,order-go-twin:9083,2026-06-24 12:48:27,2026-06-24T07:18:27Z,1782285507,ramp_1,435.0,3735400.0,"{""__name__"": ""go_memstats_heap_alloc_bytes""}"
5,B,The Resource Footprint (Memory Churn),go_inventory,go,inventory,warehouse-go:8084,warehouse-go:8084,2026-06-24 12:48:27,2026-06-24T07:18:27Z,1782285507,ramp_1,435.0,6667288.0,"{""__name__"": ""go_memstats_heap_alloc_bytes""}"
5,B,The Resource Footprint (Memory Churn),go_inventory,go,inventory,inventory-go-twin:9082,inventory-go-twin:9082,2026-06-24 12:48:42,2026-06-24T07:18:42Z,1782285522,ramp_1,450.0,3839560.0,"{""__name__"": ""go_memstats_heap_alloc_bytes""}"
5,B,The Resource Footprint (Memory Churn),go_inventory,go,inventory,order-go-twin:9083,order-go-twin:9083,2026-06-24 12:48:42,2026-06-24T07:18:42Z,1782285522,ramp_1,450.0,4212856.0,"{""__name__"": ""go_memstats_heap_alloc_bytes""}"
5,B,The Resource Footprint (Memory Churn),go_inventory,go,inventory,warehouse-go:8084,warehouse-go:8084,2026-06-24 12:48:42,2026-06-24T07:18:42Z,1782285522,ramp_1,450.0,7994280.0,"{""__name__"": ""go_memstats_heap_alloc_bytes""}"
5,B,The Resource Footprint (Memory Churn),go_inventory,go,inventory,inventory-go-twin:9082,inventory-go-twin:9082,2026-06-24 12:48:57,2026-06-24T07:18:57Z,1782285537,ramp_1,465.0,3659312.0,"{""__name__"": ""go_memstats_heap_alloc_bytes""}"
5,B,The Resource Footprint (Memory Churn),go_inventory,go,inventory,order-go-twin:9083,order-go-twin:9083,2026-06-24 12:48:57,2026-06-24T07:18:57Z,1782285537,ramp_1,465.0,4900696.0,"{""__name__"": ""go_memstats_heap_alloc_bytes""}"
5,B,The Resource Footprint (Memory Churn),go_inventory,go,inventory,warehouse-go:8084,warehouse-go:8084,2026-06-24 12:48:57,2026-06-24T07:18:57Z,1782285537,ramp_1,465.0,5840224.0,"{""__name__"": ""go_memstats_heap_alloc_bytes""}"
5,B,The Resource Footprint (Memory Churn),go_inventory,go,inventory,inventory-go-twin:9082,inventory-go-twin:9082,2026-06-24 12:49:12,2026-06-24T07:19:12Z,1782285552,ramp_1,480.0,6484128.0,"{""__name__"": ""go_memstats_heap_alloc_bytes""}"
5,B,The Resource Footprint (Memory Churn),go_inventory,go,inventory,order-go-twin:9083,order-go-twin:9083,2026-06-24 12:49:12,2026-06-24T07:19:12Z,1782285552,ramp_1,480.0,5512248.0,"{""__name__"": ""go_memstats_heap_alloc_bytes""}"
5,B,The Resource Footprint (Memory Churn),go_inventory,go,inventory,warehouse-go:8084,warehouse-go:8084,2026-06-24 12:49:12,2026-06-24T07:19:12Z,1782285552,ramp_1,480.0,7014656.0,"{""__name__"": ""go_memstats_heap_alloc_bytes""}"
5,B,The Resource Footprint (Memory Churn),go_inventory,go,inventory,inventory-go-twin:9082,inventory-go-twin:9082,2026-06-24 12:49:27,2026-06-24T07:19:27Z,1782285567,ramp_1,495.0,4503688.0,"{""__name__"": ""go_memstats_heap_alloc_bytes""}"
5,B,The Resource Footprint (Memory Churn),go_inventory,go,inventory,order-go-twin:9083,order-go-twin:9083,2026-06-24 12:49:27,2026-06-24T07:19:27Z,1782285567,ramp_1,495.0,3568144.0,"{""__name__"": ""go_memstats_heap_alloc_bytes""}"
5,B,The Resource Footprint (Memory Churn),go_inventory,go,inventory,warehouse-go:8084,warehouse-go:8084,2026-06-24 12:49:27,2026-06-24T07:19:27Z,1782285567,ramp_1,495.0,7575680.0,"{""__name__"": ""go_memstats_heap_alloc_bytes""}"
5,B,The Resource Footprint (Memory Churn),go_inventory,go,inventory,inventory-go-twin:9082,inventory-go-twin:9082,2026-06-24 12:49:42,2026-06-24T07:19:42Z,1782285582,ramp_1,510.0,3931184.0,"{""__name__"": ""go_memstats_heap_alloc_bytes""}"
5,B,The Resource Footprint (Memory Churn),go_inventory,go,inventory,order-go-twin:9083,order-go-twin:9083,2026-06-24 12:49:42,2026-06-24T07:19:42Z,1782285582,ramp_1,510.0,3977008.0,"{""__name__"": ""go_memstats_heap_alloc_bytes""}"
5,B,The Resource Footprint (Memory Churn),go_inventory,go,inventory,warehouse-go:8084,warehouse-go:8084,2026-06-24 12:49:42,2026-06-24T07:19:42Z,1782285582,ramp_1,510.0,8162992.0,"{""__name__"": ""go_memstats_heap_alloc_bytes""}"
5,B,The Resource Footprint (Memory Churn),go_inventory,go,inventory,inventory-go-twin:9082,inventory-go-twin:9082,2026-06-24 12:49:57,2026-06-24T07:19:57Z,1782285597,ramp_1,525.0,5046632.0,"{""__name__"": ""go_memstats_heap_alloc_bytes""}"
5,B,The Resource Footprint (Memory Churn),go_inventory,go,inventory,order-go-twin:9083,order-go-twin:9083,2026-06-24 12:49:57,2026-06-24T07:19:57Z,1782285597,ramp_1,525.0,4540544.0,"{""__name__"": ""go_memstats_heap_alloc_bytes""}"
5,B,The Resource Footprint (Memory Churn),go_inventory,go,inventory,warehouse-go:8084,warehouse-go:8084,2026-06-24 12:49:57,2026-06-24T07:19:57Z,1782285597,ramp_1,525.0,7523632.0,"{""__name__"": ""go_memstats_heap_alloc_bytes""}"
5,B,The Resource Footprint (Memory Churn),go_inventory,go,inventory,inventory-go-twin:9082,inventory-go-twin:9082,2026-06-24 12:50:12,2026-06-24T07:20:12Z,1782285612,ramp_1,540.0,2876168.0,"{""__name__"": ""go_memstats_heap_alloc_bytes""}"
5,B,The Resource Footprint (Memory Churn),go_inventory,go,inventory,order-go-twin:9083,order-go-twin:9083,2026-06-24 12:50:12,2026-06-24T07:20:12Z,1782285612,ramp_1,540.0,5183256.0,"{""__name__"": ""go_memstats_heap_alloc_bytes""}"
5,B,The Resource Footprint (Memory Churn),go_inventory,go,inventory,warehouse-go:8084,warehouse-go:8084,2026-06-24 12:50:12,2026-06-24T07:20:12Z,1782285612,ramp_1,540.0,8060176.0,"{""__name__"": ""go_memstats_heap_alloc_bytes""}"
5,B,The Resource Footprint (Memory Churn),go_inventory,go,inventory,inventory-go-twin:9082,inventory-go-twin:9082,2026-06-24 12:50:27,2026-06-24T07:20:27Z,1782285627,ramp_1,555.0,3949568.0,"{""__name__"": ""go_memstats_heap_alloc_bytes""}"
5,B,The Resource Footprint (Memory Churn),go_inventory,go,inventory,order-go-twin:9083,order-go-twin:9083,2026-06-24 12:50:27,2026-06-24T07:20:27Z,1782285627,ramp_1,555.0,3535128.0,"{""__name__"": ""go_memstats_heap_alloc_bytes""}"
5,B,The Resource Footprint (Memory Churn),go_inventory,go,inventory,warehouse-go:8084,warehouse-go:8084,2026-06-24 12:50:27,2026-06-24T07:20:27Z,1782285627,ramp_1,555.0,5664672.0,"{""__name__"": ""go_memstats_heap_alloc_bytes""}"
5,B,The Resource Footprint (Memory Churn),go_inventory,go,inventory,inventory-go-twin:9082,inventory-go-twin:9082,2026-06-24 12:50:42,2026-06-24T07:20:42Z,1782285642,ramp_1,570.0,4251512.0,"{""__name__"": ""go_memstats_heap_alloc_bytes""}"
5,B,The Resource Footprint (Memory Churn),go_inventory,go,inventory,order-go-twin:9083,order-go-twin:9083,2026-06-24 12:50:42,2026-06-24T07:20:42Z,1782285642,ramp_1,570.0,3887320.0,"{""__name__"": ""go_memstats_heap_alloc_bytes""}"
5,B,The Resource Footprint (Memory Churn),go_inventory,go,inventory,warehouse-go:8084,warehouse-go:8084,2026-06-24 12:50:42,2026-06-24T07:20:42Z,1782285642,ramp_1,570.0,4834304.0,"{""__name__"": ""go_memstats_heap_alloc_bytes""}"
5,B,The Resource Footprint (Memory Churn),go_inventory,go,inventory,inventory-go-twin:9082,inventory-go-twin:9082,2026-06-24 12:50:57,2026-06-24T07:20:57Z,1782285657,ramp_1,585.0,5699512.0,"{""__name__"": ""go_memstats_heap_alloc_bytes""}"
5,B,The Resource Footprint (Memory Churn),go_inventory,go,inventory,order-go-twin:9083,order-go-twin:9083,2026-06-24 12:50:57,2026-06-24T07:20:57Z,1782285657,ramp_1,585.0,4459192.0,"{""__name__"": ""go_memstats_heap_alloc_bytes""}"
5,B,The Resource Footprint (Memory Churn),go_inventory,go,inventory,warehouse-go:8084,warehouse-go:8084,2026-06-24 12:50:57,2026-06-24T07:20:57Z,1782285657,ramp_1,585.0,6016880.0,"{""__name__"": ""go_memstats_heap_alloc_bytes""}"
5,B,The Resource Footprint (Memory Churn),go_inventory,go,inventory,inventory-go-twin:9082,inventory-go-twin:9082,2026-06-24 12:51:12,2026-06-24T07:21:12Z,1782285672,ramp_2,600.0,5576488.0,"{""__name__"": ""go_memstats_heap_alloc_bytes""}"
5,B,The Resource Footprint (Memory Churn),go_inventory,go,inventory,order-go-twin:9083,order-go-twin:9083,2026-06-24 12:51:12,2026-06-24T07:21:12Z,1782285672,ramp_2,600.0,5146704.0,"{""__name__"": ""go_memstats_heap_alloc_bytes""}"
5,B,The Resource Footprint (Memory Churn),go_inventory,go,inventory,warehouse-go:8084,warehouse-go:8084,2026-06-24 12:51:12,2026-06-24T07:21:12Z,1782285672,ramp_2,600.0,6586480.0,"{""__name__"": ""go_memstats_heap_alloc_bytes""}"
5,B,The Resource Footprint (Memory Churn),go_inventory,go,inventory,inventory-go-twin:9082,inventory-go-twin:9082,2026-06-24 12:51:27,2026-06-24T07:21:27Z,1782285687,ramp_2,615.0,3785888.0,"{""__name__"": ""go_memstats_heap_alloc_bytes""}"
5,B,The Resource Footprint (Memory Churn),go_inventory,go,inventory,order-go-twin:9083,order-go-twin:9083,2026-06-24 12:51:27,2026-06-24T07:21:27Z,1782285687,ramp_2,615.0,5800496.0,"{""__name__"": ""go_memstats_heap_alloc_bytes""}"
5,B,The Resource Footprint (Memory Churn),go_inventory,go,inventory,warehouse-go:8084,warehouse-go:8084,2026-06-24 12:51:27,2026-06-24T07:21:27Z,1782285687,ramp_2,615.0,7880592.0,"{""__name__"": ""go_memstats_heap_alloc_bytes""}"
5,B,The Resource Footprint (Memory Churn),go_inventory,go,inventory,inventory-go-twin:9082,inventory-go-twin:9082,2026-06-24 12:51:42,2026-06-24T07:21:42Z,1782285702,ramp_2,630.0,5708200.0,"{""__name__"": ""go_memstats_heap_alloc_bytes""}"
5,B,The Resource Footprint (Memory Churn),go_inventory,go,inventory,order-go-twin:9083,order-go-twin:9083,2026-06-24 12:51:42,2026-06-24T07:21:42Z,1782285702,ramp_2,630.0,3909912.0,"{""__name__"": ""go_memstats_heap_alloc_bytes""}"
5,B,The Resource Footprint (Memory Churn),go_inventory,go,inventory,warehouse-go:8084,warehouse-go:8084,2026-06-24 12:51:42,2026-06-24T07:21:42Z,1782285702,ramp_2,630.0,5795856.0,"{""__name__"": ""go_memstats_heap_alloc_bytes""}"
5,B,The Resource Footprint (Memory Churn),go_inventory,go,inventory,inventory-go-twin:9082,inventory-go-twin:9082,2026-06-24 12:51:57,2026-06-24T07:21:57Z,1782285717,ramp_2,645.0,3367200.0,"{""__name__"": ""go_memstats_heap_alloc_bytes""}"
5,B,The Resource Footprint (Memory Churn),go_inventory,go,inventory,order-go-twin:9083,order-go-twin:9083,2026-06-24 12:51:57,2026-06-24T07:21:57Z,1782285717,ramp_2,645.0,4436096.0,"{""__name__"": ""go_memstats_heap_alloc_bytes""}"
5,B,The Resource Footprint (Memory Churn),go_inventory,go,inventory,warehouse-go:8084,warehouse-go:8084,2026-06-24 12:51:57,2026-06-24T07:21:57Z,1782285717,ramp_2,645.0,6315968.0,"{""__name__"": ""go_memstats_heap_alloc_bytes""}"
5,B,The Resource Footprint (Memory Churn),go_inventory,go,inventory,inventory-go-twin:9082,inventory-go-twin:9082,2026-06-24 12:52:12,2026-06-24T07:22:12Z,1782285732,ramp_2,660.0,3262072.0,"{""__name__"": ""go_memstats_heap_alloc_bytes""}"
5,B,The Resource Footprint (Memory Churn),go_inventory,go,inventory,order-go-twin:9083,order-go-twin:9083,2026-06-24 12:52:12,2026-06-24T07:22:12Z,1782285732,ramp_2,660.0,5025088.0,"{""__name__"": ""go_memstats_heap_alloc_bytes""}"
5,B,The Resource Footprint (Memory Churn),go_inventory,go,inventory,warehouse-go:8084,warehouse-go:8084,2026-06-24 12:52:12,2026-06-24T07:22:12Z,1782285732,ramp_2,660.0,7744336.0,"{""__name__"": ""go_memstats_heap_alloc_bytes""}"
5,B,The Resource Footprint (Memory Churn),go_inventory,go,inventory,inventory-go-twin:9082,inventory-go-twin:9082,2026-06-24 12:52:27,2026-06-24T07:22:27Z,1782285747,ramp_2,675.0,4063584.0,"{""__name__"": ""go_memstats_heap_alloc_bytes""}"
5,B,The Resource Footprint (Memory Churn),go_inventory,go,inventory,order-go-twin:9083,order-go-twin:9083,2026-06-24 12:52:27,2026-06-24T07:22:27Z,1782285747,ramp_2,675.0,5763280.0,"{""__name__"": ""go_memstats_heap_alloc_bytes""}"
5,B,The Resource Footprint (Memory Churn),go_inventory,go,inventory,warehouse-go:8084,warehouse-go:8084,2026-06-24 12:52:27,2026-06-24T07:22:27Z,1782285747,ramp_2,675.0,6715656.0,"{""__name__"": ""go_memstats_heap_alloc_bytes""}"
5,B,The Resource Footprint (Memory Churn),go_inventory,go,inventory,inventory-go-twin:9082,inventory-go-twin:9082,2026-06-24 12:52:42,2026-06-24T07:22:42Z,1782285762,ramp_2,690.0,4416376.0,"{""__name__"": ""go_memstats_heap_alloc_bytes""}"
5,B,The Resource Footprint (Memory Churn),go_inventory,go,inventory,order-go-twin:9083,order-go-twin:9083,2026-06-24 12:52:42,2026-06-24T07:22:42Z,1782285762,ramp_2,690.0,3745408.0,"{""__name__"": ""go_memstats_heap_alloc_bytes""}"
5,B,The Resource Footprint (Memory Churn),go_inventory,go,inventory,warehouse-go:8084,warehouse-go:8084,2026-06-24 12:52:42,2026-06-24T07:22:42Z,1782285762,ramp_2,690.0,7981112.0,"{""__name__"": ""go_memstats_heap_alloc_bytes""}"
5,B,The Resource Footprint (Memory Churn),go_inventory,go,inventory,inventory-go-twin:9082,inventory-go-twin:9082,2026-06-24 12:52:57,2026-06-24T07:22:57Z,1782285777,ramp_2,705.0,4988712.0,"{""__name__"": ""go_memstats_heap_alloc_bytes""}"
5,B,The Resource Footprint (Memory Churn),go_inventory,go,inventory,order-go-twin:9083,order-go-twin:9083,2026-06-24 12:52:57,2026-06-24T07:22:57Z,1782285777,ramp_2,705.0,4296896.0,"{""__name__"": ""go_memstats_heap_alloc_bytes""}"
5,B,The Resource Footprint (Memory Churn),go_inventory,go,inventory,warehouse-go:8084,warehouse-go:8084,2026-06-24 12:52:57,2026-06-24T07:22:57Z,1782285777,ramp_2,705.0,6437400.0,"{""__name__"": ""go_memstats_heap_alloc_bytes""}"
5,B,The Resource Footprint (Memory Churn),go_inventory,go,inventory,inventory-go-twin:9082,inventory-go-twin:9082,2026-06-24 12:53:12,2026-06-24T07:23:12Z,1782285792,ramp_2,720.0,3116904.0,"{""__name__"": ""go_memstats_heap_alloc_bytes""}"
5,B,The Resource Footprint (Memory Churn),go_inventory,go,inventory,order-go-twin:9083,order-go-twin:9083,2026-06-24 12:53:12,2026-06-24T07:23:12Z,1782285792,ramp_2,720.0,4954520.0,"{""__name__"": ""go_memstats_heap_alloc_bytes""}"
5,B,The Resource Footprint (Memory Churn),go_inventory,go,inventory,warehouse-go:8084,warehouse-go:8084,2026-06-24 12:53:12,2026-06-24T07:23:12Z,1782285792,ramp_2,720.0,8486728.0,"{""__name__"": ""go_memstats_heap_alloc_bytes""}"
5,B,The Resource Footprint (Memory Churn),go_inventory,go,inventory,inventory-go-twin:9082,inventory-go-twin:9082,2026-06-24 12:53:27,2026-06-24T07:23:27Z,1782285807,ramp_2,735.0,4141376.0,"{""__name__"": ""go_memstats_heap_alloc_bytes""}"
5,B,The Resource Footprint (Memory Churn),go_inventory,go,inventory,order-go-twin:9083,order-go-twin:9083,2026-06-24 12:53:27,2026-06-24T07:23:27Z,1782285807,ramp_2,735.0,5644008.0,"{""__name__"": ""go_memstats_heap_alloc_bytes""}"
5,B,The Resource Footprint (Memory Churn),go_inventory,go,inventory,warehouse-go:8084,warehouse-go:8084,2026-06-24 12:53:27,2026-06-24T07:23:27Z,1782285807,ramp_2,735.0,5608704.0,"{""__name__"": ""go_memstats_heap_alloc_bytes""}"
5,B,The Resource Footprint (Memory Churn),go_inventory,go,inventory,inventory-go-twin:9082,inventory-go-twin:9082,2026-06-24 12:53:42,2026-06-24T07:23:42Z,1782285822,ramp_2,750.0,4559376.0,"{""__name__"": ""go_memstats_heap_alloc_bytes""}"
5,B,The Resource Footprint (Memory Churn),go_inventory,go,inventory,order-go-twin:9083,order-go-twin:9083,2026-06-24 12:53:42,2026-06-24T07:23:42Z,1782285822,ramp_2,750.0,3857016.0,"{""__name__"": ""go_memstats_heap_alloc_bytes""}"
5,B,The Resource Footprint (Memory Churn),go_inventory,go,inventory,warehouse-go:8084,warehouse-go:8084,2026-06-24 12:53:42,2026-06-24T07:23:42Z,1782285822,ramp_2,750.0,4935992.0,"{""__name__"": ""go_memstats_heap_alloc_bytes""}"
5,B,The Resource Footprint (Memory Churn),go_inventory,go,inventory,inventory-go-twin:9082,inventory-go-twin:9082,2026-06-24 12:53:57,2026-06-24T07:23:57Z,1782285837,ramp_2,765.0,5136424.0,"{""__name__"": ""go_memstats_heap_alloc_bytes""}"
5,B,The Resource Footprint (Memory Churn),go_inventory,go,inventory,order-go-twin:9083,order-go-twin:9083,2026-06-24 12:53:57,2026-06-24T07:23:57Z,1782285837,ramp_2,765.0,4412312.0,"{""__name__"": ""go_memstats_heap_alloc_bytes""}"
5,B,The Resource Footprint (Memory Churn),go_inventory,go,inventory,warehouse-go:8084,warehouse-go:8084,2026-06-24 12:53:57,2026-06-24T07:23:57Z,1782285837,ramp_2,765.0,5301320.0,"{""__name__"": ""go_memstats_heap_alloc_bytes""}"
5,B,The Resource Footprint (Memory Churn),go_inventory,go,inventory,inventory-go-twin:9082,inventory-go-twin:9082,2026-06-24 12:54:12,2026-06-24T07:24:12Z,1782285852,ramp_2,780.0,4742480.0,"{""__name__"": ""go_memstats_heap_alloc_bytes""}"
5,B,The Resource Footprint (Memory Churn),go_inventory,go,inventory,order-go-twin:9083,order-go-twin:9083,2026-06-24 12:54:12,2026-06-24T07:24:12Z,1782285852,ramp_2,780.0,5067792.0,"{""__name__"": ""go_memstats_heap_alloc_bytes""}"
5,B,The Resource Footprint (Memory Churn),go_inventory,go,inventory,warehouse-go:8084,warehouse-go:8084,2026-06-24 12:54:12,2026-06-24T07:24:12Z,1782285852,ramp_2,780.0,5848272.0,"{""__name__"": ""go_memstats_heap_alloc_bytes""}"
5,B,The Resource Footprint (Memory Churn),go_inventory,go,inventory,inventory-go-twin:9082,inventory-go-twin:9082,2026-06-24 12:54:27,2026-06-24T07:24:27Z,1782285867,ramp_2,795.0,4444192.0,"{""__name__"": ""go_memstats_heap_alloc_bytes""}"
5,B,The Resource Footprint (Memory Churn),go_inventory,go,inventory,order-go-twin:9083,order-go-twin:9083,2026-06-24 12:54:27,2026-06-24T07:24:27Z,1782285867,ramp_2,795.0,5737368.0,"{""__name__"": ""go_memstats_heap_alloc_bytes""}"
5,B,The Resource Footprint (Memory Churn),go_inventory,go,inventory,warehouse-go:8084,warehouse-go:8084,2026-06-24 12:54:27,2026-06-24T07:24:27Z,1782285867,ramp_2,795.0,5689960.0,"{""__name__"": ""go_memstats_heap_alloc_bytes""}"
5,B,The Resource Footprint (Memory Churn),go_inventory,go,inventory,inventory-go-twin:9082,inventory-go-twin:9082,2026-06-24 12:54:42,2026-06-24T07:24:42Z,1782285882,ramp_2,810.0,3470912.0,"{""__name__"": ""go_memstats_heap_alloc_bytes""}"
5,B,The Resource Footprint (Memory Churn),go_inventory,go,inventory,order-go-twin:9083,order-go-twin:9083,2026-06-24 12:54:42,2026-06-24T07:24:42Z,1782285882,ramp_2,810.0,3752928.0,"{""__name__"": ""go_memstats_heap_alloc_bytes""}"
5,B,The Resource Footprint (Memory Churn),go_inventory,go,inventory,warehouse-go:8084,warehouse-go:8084,2026-06-24 12:54:42,2026-06-24T07:24:42Z,1782285882,ramp_2,810.0,6185304.0,"{""__name__"": ""go_memstats_heap_alloc_bytes""}"
5,B,The Resource Footprint (Memory Churn),go_inventory,go,inventory,inventory-go-twin:9082,inventory-go-twin:9082,2026-06-24 12:54:57,2026-06-24T07:24:57Z,1782285897,ramp_2,825.0,3931472.0,"{""__name__"": ""go_memstats_heap_alloc_bytes""}"
5,B,The Resource Footprint (Memory Churn),go_inventory,go,inventory,order-go-twin:9083,order-go-twin:9083,2026-06-24 12:54:57,2026-06-24T07:24:57Z,1782285897,ramp_2,825.0,4277904.0,"{""__name__"": ""go_memstats_heap_alloc_bytes""}"
5,B,The Resource Footprint (Memory Churn),go_inventory,go,inventory,warehouse-go:8084,warehouse-go:8084,2026-06-24 12:54:57,2026-06-24T07:24:57Z,1782285897,ramp_2,825.0,3855616.0,"{""__name__"": ""go_memstats_heap_alloc_bytes""}"
5,B,The Resource Footprint (Memory Churn),go_inventory,go,inventory,inventory-go-twin:9082,inventory-go-twin:9082,2026-06-24 12:55:12,2026-06-24T07:25:12Z,1782285912,ramp_2,840.0,4364968.0,"{""__name__"": ""go_memstats_heap_alloc_bytes""}"
5,B,The Resource Footprint (Memory Churn),go_inventory,go,inventory,order-go-twin:9083,order-go-twin:9083,2026-06-24 12:55:12,2026-06-24T07:25:12Z,1782285912,ramp_2,840.0,4934720.0,"{""__name__"": ""go_memstats_heap_alloc_bytes""}"
5,B,The Resource Footprint (Memory Churn),go_inventory,go,inventory,warehouse-go:8084,warehouse-go:8084,2026-06-24 12:55:12,2026-06-24T07:25:12Z,1782285912,ramp_2,840.0,4782408.0,"{""__name__"": ""go_memstats_heap_alloc_bytes""}"
5,B,The Resource Footprint (Memory Churn),go_inventory,go,inventory,inventory-go-twin:9082,inventory-go-twin:9082,2026-06-24 12:55:27,2026-06-24T07:25:27Z,1782285927,ramp_2,855.0,4528160.0,"{""__name__"": ""go_memstats_heap_alloc_bytes""}"
5,B,The Resource Footprint (Memory Churn),go_inventory,go,inventory,order-go-twin:9083,order-go-twin:9083,2026-06-24 12:55:27,2026-06-24T07:25:27Z,1782285927,ramp_2,855.0,5659720.0,"{""__name__"": ""go_memstats_heap_alloc_bytes""}"
5,B,The Resource Footprint (Memory Churn),go_inventory,go,inventory,warehouse-go:8084,warehouse-go:8084,2026-06-24 12:55:27,2026-06-24T07:25:27Z,1782285927,ramp_2,855.0,5242440.0,"{""__name__"": ""go_memstats_heap_alloc_bytes""}"
5,B,The Resource Footprint (Memory Churn),go_inventory,go,inventory,inventory-go-twin:9082,inventory-go-twin:9082,2026-06-24 12:55:42,2026-06-24T07:25:42Z,1782285942,ramp_2,870.0,4229408.0,"{""__name__"": ""go_memstats_heap_alloc_bytes""}"
5,B,The Resource Footprint (Memory Churn),go_inventory,go,inventory,order-go-twin:9083,order-go-twin:9083,2026-06-24 12:55:42,2026-06-24T07:25:42Z,1782285942,ramp_2,870.0,3834632.0,"{""__name__"": ""go_memstats_heap_alloc_bytes""}"
5,B,The Resource Footprint (Memory Churn),go_inventory,go,inventory,warehouse-go:8084,warehouse-go:8084,2026-06-24 12:55:42,2026-06-24T07:25:42Z,1782285942,ramp_2,870.0,5715104.0,"{""__name__"": ""go_memstats_heap_alloc_bytes""}"
5,B,The Resource Footprint (Memory Churn),go_inventory,go,inventory,inventory-go-twin:9082,inventory-go-twin:9082,2026-06-24 12:55:57,2026-06-24T07:25:57Z,1782285957,ramp_2,885.0,4833328.0,"{""__name__"": ""go_memstats_heap_alloc_bytes""}"
5,B,The Resource Footprint (Memory Churn),go_inventory,go,inventory,order-go-twin:9083,order-go-twin:9083,2026-06-24 12:55:57,2026-06-24T07:25:57Z,1782285957,ramp_2,885.0,4382808.0,"{""__name__"": ""go_memstats_heap_alloc_bytes""}"
5,B,The Resource Footprint (Memory Churn),go_inventory,go,inventory,warehouse-go:8084,warehouse-go:8084,2026-06-24 12:55:57,2026-06-24T07:25:57Z,1782285957,ramp_2,885.0,6903280.0,"{""__name__"": ""go_memstats_heap_alloc_bytes""}"
5,B,The Resource Footprint (Memory Churn),go_inventory,go,inventory,inventory-go-twin:9082,inventory-go-twin:9082,2026-06-24 12:56:12,2026-06-24T07:26:12Z,1782285972,ramp_3,900.0,4447736.0,"{""__name__"": ""go_memstats_heap_alloc_bytes""}"
5,B,The Resource Footprint (Memory Churn),go_inventory,go,inventory,order-go-twin:9083,order-go-twin:9083,2026-06-24 12:56:12,2026-06-24T07:26:12Z,1782285972,ramp_3,900.0,5039656.0,"{""__name__"": ""go_memstats_heap_alloc_bytes""}"
5,B,The Resource Footprint (Memory Churn),go_inventory,go,inventory,warehouse-go:8084,warehouse-go:8084,2026-06-24 12:56:12,2026-06-24T07:26:12Z,1782285972,ramp_3,900.0,8164544.0,"{""__name__"": ""go_memstats_heap_alloc_bytes""}"
5,B,The Resource Footprint (Memory Churn),go_inventory,go,inventory,inventory-go-twin:9082,inventory-go-twin:9082,2026-06-24 12:56:27,2026-06-24T07:26:27Z,1782285987,ramp_3,915.0,3942512.0,"{""__name__"": ""go_memstats_heap_alloc_bytes""}"
5,B,The Resource Footprint (Memory Churn),go_inventory,go,inventory,order-go-twin:9083,order-go-twin:9083,2026-06-24 12:56:27,2026-06-24T07:26:27Z,1782285987,ramp_3,915.0,5691704.0,"{""__name__"": ""go_memstats_heap_alloc_bytes""}"
5,B,The Resource Footprint (Memory Churn),go_inventory,go,inventory,warehouse-go:8084,warehouse-go:8084,2026-06-24 12:56:27,2026-06-24T07:26:27Z,1782285987,ramp_3,915.0,4958904.0,"{""__name__"": ""go_memstats_heap_alloc_bytes""}"
5,B,The Resource Footprint (Memory Churn),go_inventory,go,inventory,inventory-go-twin:9082,inventory-go-twin:9082,2026-06-24 12:56:42,2026-06-24T07:26:42Z,1782286002,ramp_3,930.0,6004336.0,"{""__name__"": ""go_memstats_heap_alloc_bytes""}"
5,B,The Resource Footprint (Memory Churn),go_inventory,go,inventory,order-go-twin:9083,order-go-twin:9083,2026-06-24 12:56:42,2026-06-24T07:26:42Z,1782286002,ramp_3,930.0,4509584.0,"{""__name__"": ""go_memstats_heap_alloc_bytes""}"
5,B,The Resource Footprint (Memory Churn),go_inventory,go,inventory,warehouse-go:8084,warehouse-go:8084,2026-06-24 12:56:42,2026-06-24T07:26:42Z,1782286002,ramp_3,930.0,7066264.0,"{""__name__"": ""go_memstats_heap_alloc_bytes""}"
5,B,The Resource Footprint (Memory Churn),go_inventory,go,inventory,inventory-go-twin:9082,inventory-go-twin:9082,2026-06-24 12:56:57,2026-06-24T07:26:57Z,1782286017,ramp_3,945.0,6883808.0,"{""__name__"": ""go_memstats_heap_alloc_bytes""}"
5,B,The Resource Footprint (Memory Churn),go_inventory,go,inventory,order-go-twin:9083,order-go-twin:9083,2026-06-24 12:56:57,2026-06-24T07:26:57Z,1782286017,ramp_3,945.0,5072432.0,"{""__name__"": ""go_memstats_heap_alloc_bytes""}"
5,B,The Resource Footprint (Memory Churn),go_inventory,go,inventory,warehouse-go:8084,warehouse-go:8084,2026-06-24 12:56:57,2026-06-24T07:26:57Z,1782286017,ramp_3,945.0,5806040.0,"{""__name__"": ""go_memstats_heap_alloc_bytes""}"
5,B,The Resource Footprint (Memory Churn),go_inventory,go,inventory,inventory-go-twin:9082,inventory-go-twin:9082,2026-06-24 12:57:12,2026-06-24T07:27:12Z,1782286032,ramp_3,960.0,6113632.0,"{""__name__"": ""go_memstats_heap_alloc_bytes""}"
5,B,The Resource Footprint (Memory Churn),go_inventory,go,inventory,order-go-twin:9083,order-go-twin:9083,2026-06-24 12:57:12,2026-06-24T07:27:12Z,1782286032,ramp_3,960.0,5732560.0,"{""__name__"": ""go_memstats_heap_alloc_bytes""}"
5,B,The Resource Footprint (Memory Churn),go_inventory,go,inventory,warehouse-go:8084,warehouse-go:8084,2026-06-24 12:57:12,2026-06-24T07:27:12Z,1782286032,ramp_3,960.0,5595432.0,"{""__name__"": ""go_memstats_heap_alloc_bytes""}"
5,B,The Resource Footprint (Memory Churn),go_inventory,go,inventory,inventory-go-twin:9082,inventory-go-twin:9082,2026-06-24 12:57:27,2026-06-24T07:27:27Z,1782286047,ramp_3,975.0,6606248.0,"{""__name__"": ""go_memstats_heap_alloc_bytes""}"
5,B,The Resource Footprint (Memory Churn),go_inventory,go,inventory,order-go-twin:9083,order-go-twin:9083,2026-06-24 12:57:27,2026-06-24T07:27:27Z,1782286047,ramp_3,975.0,3806232.0,"{""__name__"": ""go_memstats_heap_alloc_bytes""}"
5,B,The Resource Footprint (Memory Churn),go_inventory,go,inventory,warehouse-go:8084,warehouse-go:8084,2026-06-24 12:57:27,2026-06-24T07:27:27Z,1782286047,ramp_3,975.0,6948584.0,"{""__name__"": ""go_memstats_heap_alloc_bytes""}"
5,B,The Resource Footprint (Memory Churn),go_inventory,go,inventory,inventory-go-twin:9082,inventory-go-twin:9082,2026-06-24 12:57:42,2026-06-24T07:27:42Z,1782286062,ramp_3,990.0,7365904.0,"{""__name__"": ""go_memstats_heap_alloc_bytes""}"
5,B,The Resource Footprint (Memory Churn),go_inventory,go,inventory,order-go-twin:9083,order-go-twin:9083,2026-06-24 12:57:42,2026-06-24T07:27:42Z,1782286062,ramp_3,990.0,4310104.0,"{""__name__"": ""go_memstats_heap_alloc_bytes""}"
5,B,The Resource Footprint (Memory Churn),go_inventory,go,inventory,warehouse-go:8084,warehouse-go:8084,2026-06-24 12:57:42,2026-06-24T07:27:42Z,1782286062,ramp_3,990.0,5778288.0,"{""__name__"": ""go_memstats_heap_alloc_bytes""}"
5,B,The Resource Footprint (Memory Churn),go_inventory,go,inventory,inventory-go-twin:9082,inventory-go-twin:9082,2026-06-24 12:57:57,2026-06-24T07:27:57Z,1782286077,ramp_3,1005.0,6152512.0,"{""__name__"": ""go_memstats_heap_alloc_bytes""}"
5,B,The Resource Footprint (Memory Churn),go_inventory,go,inventory,order-go-twin:9083,order-go-twin:9083,2026-06-24 12:57:57,2026-06-24T07:27:57Z,1782286077,ramp_3,1005.0,4947376.0,"{""__name__"": ""go_memstats_heap_alloc_bytes""}"
5,B,The Resource Footprint (Memory Churn),go_inventory,go,inventory,warehouse-go:8084,warehouse-go:8084,2026-06-24 12:57:57,2026-06-24T07:27:57Z,1782286077,ramp_3,1005.0,7102640.0,"{""__name__"": ""go_memstats_heap_alloc_bytes""}"
5,B,The Resource Footprint (Memory Churn),go_inventory,go,inventory,inventory-go-twin:9082,inventory-go-twin:9082,2026-06-24 12:58:12,2026-06-24T07:28:12Z,1782286092,ramp_3,1020.0,5546864.0,"{""__name__"": ""go_memstats_heap_alloc_bytes""}"
5,B,The Resource Footprint (Memory Churn),go_inventory,go,inventory,order-go-twin:9083,order-go-twin:9083,2026-06-24 12:58:12,2026-06-24T07:28:12Z,1782286092,ramp_3,1020.0,5629968.0,"{""__name__"": ""go_memstats_heap_alloc_bytes""}"
5,B,The Resource Footprint (Memory Churn),go_inventory,go,inventory,warehouse-go:8084,warehouse-go:8084,2026-06-24 12:58:12,2026-06-24T07:28:12Z,1782286092,ramp_3,1020.0,5781360.0,"{""__name__"": ""go_memstats_heap_alloc_bytes""}"
5,B,The Resource Footprint (Memory Churn),go_inventory,go,inventory,inventory-go-twin:9082,inventory-go-twin:9082,2026-06-24 12:58:27,2026-06-24T07:28:27Z,1782286107,ramp_3,1035.0,5913896.0,"{""__name__"": ""go_memstats_heap_alloc_bytes""}"
5,B,The Resource Footprint (Memory Churn),go_inventory,go,inventory,order-go-twin:9083,order-go-twin:9083,2026-06-24 12:58:27,2026-06-24T07:28:27Z,1782286107,ramp_3,1035.0,3655320.0,"{""__name__"": ""go_memstats_heap_alloc_bytes""}"
5,B,The Resource Footprint (Memory Churn),go_inventory,go,inventory,warehouse-go:8084,warehouse-go:8084,2026-06-24 12:58:27,2026-06-24T07:28:27Z,1782286107,ramp_3,1035.0,6366960.0,"{""__name__"": ""go_memstats_heap_alloc_bytes""}"
5,B,The Resource Footprint (Memory Churn),go_inventory,go,inventory,inventory-go-twin:9082,inventory-go-twin:9082,2026-06-24 12:58:42,2026-06-24T07:28:42Z,1782286122,ramp_3,1050.0,6074240.0,"{""__name__"": ""go_memstats_heap_alloc_bytes""}"
5,B,The Resource Footprint (Memory Churn),go_inventory,go,inventory,order-go-twin:9083,order-go-twin:9083,2026-06-24 12:58:42,2026-06-24T07:28:42Z,1782286122,ramp_3,1050.0,4198112.0,"{""__name__"": ""go_memstats_heap_alloc_bytes""}"
5,B,The Resource Footprint (Memory Churn),go_inventory,go,inventory,warehouse-go:8084,warehouse-go:8084,2026-06-24 12:58:42,2026-06-24T07:28:42Z,1782286122,ramp_3,1050.0,5617376.0,"{""__name__"": ""go_memstats_heap_alloc_bytes""}"
5,B,The Resource Footprint (Memory Churn),go_inventory,go,inventory,inventory-go-twin:9082,inventory-go-twin:9082,2026-06-24 12:58:57,2026-06-24T07:28:57Z,1782286137,ramp_3,1065.0,7200800.0,"{""__name__"": ""go_memstats_heap_alloc_bytes""}"
5,B,The Resource Footprint (Memory Churn),go_inventory,go,inventory,order-go-twin:9083,order-go-twin:9083,2026-06-24 12:58:57,2026-06-24T07:28:57Z,1782286137,ramp_3,1065.0,4792752.0,"{""__name__"": ""go_memstats_heap_alloc_bytes""}"
5,B,The Resource Footprint (Memory Churn),go_inventory,go,inventory,warehouse-go:8084,warehouse-go:8084,2026-06-24 12:58:57,2026-06-24T07:28:57Z,1782286137,ramp_3,1065.0,6826592.0,"{""__name__"": ""go_memstats_heap_alloc_bytes""}"
5,B,The Resource Footprint (Memory Churn),go_inventory,go,inventory,inventory-go-twin:9082,inventory-go-twin:9082,2026-06-24 12:59:12,2026-06-24T07:29:12Z,1782286152,ramp_3,1080.0,6231784.0,"{""__name__"": ""go_memstats_heap_alloc_bytes""}"
5,B,The Resource Footprint (Memory Churn),go_inventory,go,inventory,order-go-twin:9083,order-go-twin:9083,2026-06-24 12:59:12,2026-06-24T07:29:12Z,1782286152,ramp_3,1080.0,5438120.0,"{""__name__"": ""go_memstats_heap_alloc_bytes""}"
5,B,The Resource Footprint (Memory Churn),go_inventory,go,inventory,warehouse-go:8084,warehouse-go:8084,2026-06-24 12:59:12,2026-06-24T07:29:12Z,1782286152,ramp_3,1080.0,4033032.0,"{""__name__"": ""go_memstats_heap_alloc_bytes""}"
5,B,The Resource Footprint (Memory Churn),go_inventory,go,inventory,inventory-go-twin:9082,inventory-go-twin:9082,2026-06-24 12:59:27,2026-06-24T07:29:27Z,1782286167,ramp_3,1095.0,7689416.0,"{""__name__"": ""go_memstats_heap_alloc_bytes""}"
5,B,The Resource Footprint (Memory Churn),go_inventory,go,inventory,order-go-twin:9083,order-go-twin:9083,2026-06-24 12:59:27,2026-06-24T07:29:27Z,1782286167,ramp_3,1095.0,3567720.0,"{""__name__"": ""go_memstats_heap_alloc_bytes""}"
5,B,The Resource Footprint (Memory Churn),go_inventory,go,inventory,warehouse-go:8084,warehouse-go:8084,2026-06-24 12:59:27,2026-06-24T07:29:27Z,1782286167,ramp_3,1095.0,5641040.0,"{""__name__"": ""go_memstats_heap_alloc_bytes""}"
5,B,The Resource Footprint (Memory Churn),go_inventory,go,inventory,inventory-go-twin:9082,inventory-go-twin:9082,2026-06-24 12:59:42,2026-06-24T07:29:42Z,1782286182,ramp_3,1110.0,3684712.0,"{""__name__"": ""go_memstats_heap_alloc_bytes""}"
5,B,The Resource Footprint (Memory Churn),go_inventory,go,inventory,order-go-twin:9083,order-go-twin:9083,2026-06-24 12:59:42,2026-06-24T07:29:42Z,1782286182,ramp_3,1110.0,3985368.0,"{""__name__"": ""go_memstats_heap_alloc_bytes""}"
5,B,The Resource Footprint (Memory Churn),go_inventory,go,inventory,warehouse-go:8084,warehouse-go:8084,2026-06-24 12:59:42,2026-06-24T07:29:42Z,1782286182,ramp_3,1110.0,4749568.0,"{""__name__"": ""go_memstats_heap_alloc_bytes""}"
5,B,The Resource Footprint (Memory Churn),go_inventory,go,inventory,inventory-go-twin:9082,inventory-go-twin:9082,2026-06-24 12:59:57,2026-06-24T07:29:57Z,1782286197,ramp_3,1125.0,4736640.0,"{""__name__"": ""go_memstats_heap_alloc_bytes""}"
5,B,The Resource Footprint (Memory Churn),go_inventory,go,inventory,order-go-twin:9083,order-go-twin:9083,2026-06-24 12:59:57,2026-06-24T07:29:57Z,1782286197,ramp_3,1125.0,4697552.0,"{""__name__"": ""go_memstats_heap_alloc_bytes""}"
5,B,The Resource Footprint (Memory Churn),go_inventory,go,inventory,warehouse-go:8084,warehouse-go:8084,2026-06-24 12:59:57,2026-06-24T07:29:57Z,1782286197,ramp_3,1125.0,5993264.0,"{""__name__"": ""go_memstats_heap_alloc_bytes""}"
5,B,The Resource Footprint (Memory Churn),go_inventory,go,inventory,inventory-go-twin:9082,inventory-go-twin:9082,2026-06-24 13:00:12,2026-06-24T07:30:12Z,1782286212,ramp_3,1140.0,6198392.0,"{""__name__"": ""go_memstats_heap_alloc_bytes""}"
5,B,The Resource Footprint (Memory Churn),go_inventory,go,inventory,order-go-twin:9083,order-go-twin:9083,2026-06-24 13:00:12,2026-06-24T07:30:12Z,1782286212,ramp_3,1140.0,5296064.0,"{""__name__"": ""go_memstats_heap_alloc_bytes""}"
5,B,The Resource Footprint (Memory Churn),go_inventory,go,inventory,warehouse-go:8084,warehouse-go:8084,2026-06-24 13:00:12,2026-06-24T07:30:12Z,1782286212,ramp_3,1140.0,6629816.0,"{""__name__"": ""go_memstats_heap_alloc_bytes""}"
5,B,The Resource Footprint (Memory Churn),go_inventory,go,inventory,inventory-go-twin:9082,inventory-go-twin:9082,2026-06-24 13:00:27,2026-06-24T07:30:27Z,1782286227,ramp_3,1155.0,7845888.0,"{""__name__"": ""go_memstats_heap_alloc_bytes""}"
5,B,The Resource Footprint (Memory Churn),go_inventory,go,inventory,order-go-twin:9083,order-go-twin:9083,2026-06-24 13:00:27,2026-06-24T07:30:27Z,1782286227,ramp_3,1155.0,5821200.0,"{""__name__"": ""go_memstats_heap_alloc_bytes""}"
5,B,The Resource Footprint (Memory Churn),go_inventory,go,inventory,warehouse-go:8084,warehouse-go:8084,2026-06-24 13:00:27,2026-06-24T07:30:27Z,1782286227,ramp_3,1155.0,4898328.0,"{""__name__"": ""go_memstats_heap_alloc_bytes""}"
5,B,The Resource Footprint (Memory Churn),go_inventory,go,inventory,inventory-go-twin:9082,inventory-go-twin:9082,2026-06-24 13:00:42,2026-06-24T07:30:42Z,1782286242,ramp_3,1170.0,8332032.0,"{""__name__"": ""go_memstats_heap_alloc_bytes""}"
5,B,The Resource Footprint (Memory Churn),go_inventory,go,inventory,order-go-twin:9083,order-go-twin:9083,2026-06-24 13:00:42,2026-06-24T07:30:42Z,1782286242,ramp_3,1170.0,3763808.0,"{""__name__"": ""go_memstats_heap_alloc_bytes""}"
5,B,The Resource Footprint (Memory Churn),go_inventory,go,inventory,warehouse-go:8084,warehouse-go:8084,2026-06-24 13:00:42,2026-06-24T07:30:42Z,1782286242,ramp_3,1170.0,5678656.0,"{""__name__"": ""go_memstats_heap_alloc_bytes""}"
5,B,The Resource Footprint (Memory Churn),go_inventory,go,inventory,inventory-go-twin:9082,inventory-go-twin:9082,2026-06-24 13:00:57,2026-06-24T07:30:57Z,1782286257,ramp_3,1185.0,7084552.0,"{""__name__"": ""go_memstats_heap_alloc_bytes""}"
5,B,The Resource Footprint (Memory Churn),go_inventory,go,inventory,order-go-twin:9083,order-go-twin:9083,2026-06-24 13:00:57,2026-06-24T07:30:57Z,1782286257,ramp_3,1185.0,4350928.0,"{""__name__"": ""go_memstats_heap_alloc_bytes""}"
5,B,The Resource Footprint (Memory Churn),go_inventory,go,inventory,warehouse-go:8084,warehouse-go:8084,2026-06-24 13:00:57,2026-06-24T07:30:57Z,1782286257,ramp_3,1185.0,4670696.0,"{""__name__"": ""go_memstats_heap_alloc_bytes""}"
5,B,The Resource Footprint (Memory Churn),go_inventory,go,inventory,inventory-go-twin:9082,inventory-go-twin:9082,2026-06-24 13:01:12,2026-06-24T07:31:12Z,1782286272,sustain,1200.0,7354784.0,"{""__name__"": ""go_memstats_heap_alloc_bytes""}"
5,B,The Resource Footprint (Memory Churn),go_inventory,go,inventory,order-go-twin:9083,order-go-twin:9083,2026-06-24 13:01:12,2026-06-24T07:31:12Z,1782286272,sustain,1200.0,4944480.0,"{""__name__"": ""go_memstats_heap_alloc_bytes""}"
5,B,The Resource Footprint (Memory Churn),go_inventory,go,inventory,warehouse-go:8084,warehouse-go:8084,2026-06-24 13:01:12,2026-06-24T07:31:12Z,1782286272,sustain,1200.0,6632296.0,"{""__name__"": ""go_memstats_heap_alloc_bytes""}"
5,B,The Resource Footprint (Memory Churn),go_inventory,go,inventory,inventory-go-twin:9082,inventory-go-twin:9082,2026-06-24 13:01:27,2026-06-24T07:31:27Z,1782286287,sustain,1215.0,4295008.0,"{""__name__"": ""go_memstats_heap_alloc_bytes""}"
5,B,The Resource Footprint (Memory Churn),go_inventory,go,inventory,order-go-twin:9083,order-go-twin:9083,2026-06-24 13:01:27,2026-06-24T07:31:27Z,1782286287,sustain,1215.0,5511936.0,"{""__name__"": ""go_memstats_heap_alloc_bytes""}"
5,B,The Resource Footprint (Memory Churn),go_inventory,go,inventory,warehouse-go:8084,warehouse-go:8084,2026-06-24 13:01:27,2026-06-24T07:31:27Z,1782286287,sustain,1215.0,4985048.0,"{""__name__"": ""go_memstats_heap_alloc_bytes""}"
5,B,The Resource Footprint (Memory Churn),go_inventory,go,inventory,inventory-go-twin:9082,inventory-go-twin:9082,2026-06-24 13:01:42,2026-06-24T07:31:42Z,1782286302,sustain,1230.0,4432752.0,"{""__name__"": ""go_memstats_heap_alloc_bytes""}"
5,B,The Resource Footprint (Memory Churn),go_inventory,go,inventory,order-go-twin:9083,order-go-twin:9083,2026-06-24 13:01:42,2026-06-24T07:31:42Z,1782286302,sustain,1230.0,3622280.0,"{""__name__"": ""go_memstats_heap_alloc_bytes""}"
5,B,The Resource Footprint (Memory Churn),go_inventory,go,inventory,warehouse-go:8084,warehouse-go:8084,2026-06-24 13:01:42,2026-06-24T07:31:42Z,1782286302,sustain,1230.0,7090552.0,"{""__name__"": ""go_memstats_heap_alloc_bytes""}"
5,B,The Resource Footprint (Memory Churn),go_inventory,go,inventory,inventory-go-twin:9082,inventory-go-twin:9082,2026-06-24 13:01:57,2026-06-24T07:31:57Z,1782286317,sustain,1245.0,5954976.0,"{""__name__"": ""go_memstats_heap_alloc_bytes""}"
5,B,The Resource Footprint (Memory Churn),go_inventory,go,inventory,order-go-twin:9083,order-go-twin:9083,2026-06-24 13:01:57,2026-06-24T07:31:57Z,1782286317,sustain,1245.0,3980200.0,"{""__name__"": ""go_memstats_heap_alloc_bytes""}"
5,B,The Resource Footprint (Memory Churn),go_inventory,go,inventory,warehouse-go:8084,warehouse-go:8084,2026-06-24 13:01:57,2026-06-24T07:31:57Z,1782286317,sustain,1245.0,5655032.0,"{""__name__"": ""go_memstats_heap_alloc_bytes""}"
5,B,The Resource Footprint (Memory Churn),go_inventory,go,inventory,inventory-go-twin:9082,inventory-go-twin:9082,2026-06-24 13:02:12,2026-06-24T07:32:12Z,1782286332,sustain,1260.0,8363264.0,"{""__name__"": ""go_memstats_heap_alloc_bytes""}"
5,B,The Resource Footprint (Memory Churn),go_inventory,go,inventory,order-go-twin:9083,order-go-twin:9083,2026-06-24 13:02:12,2026-06-24T07:32:12Z,1782286332,sustain,1260.0,4548904.0,"{""__name__"": ""go_memstats_heap_alloc_bytes""}"
5,B,The Resource Footprint (Memory Churn),go_inventory,go,inventory,warehouse-go:8084,warehouse-go:8084,2026-06-24 13:02:12,2026-06-24T07:32:12Z,1782286332,sustain,1260.0,4704872.0,"{""__name__"": ""go_memstats_heap_alloc_bytes""}"
5,B,The Resource Footprint (Memory Churn),go_inventory,go,inventory,inventory-go-twin:9082,inventory-go-twin:9082,2026-06-24 13:02:27,2026-06-24T07:32:27Z,1782286347,sustain,1275.0,7852328.0,"{""__name__"": ""go_memstats_heap_alloc_bytes""}"
5,B,The Resource Footprint (Memory Churn),go_inventory,go,inventory,order-go-twin:9083,order-go-twin:9083,2026-06-24 13:02:27,2026-06-24T07:32:27Z,1782286347,sustain,1275.0,5224384.0,"{""__name__"": ""go_memstats_heap_alloc_bytes""}"
5,B,The Resource Footprint (Memory Churn),go_inventory,go,inventory,warehouse-go:8084,warehouse-go:8084,2026-06-24 13:02:27,2026-06-24T07:32:27Z,1782286347,sustain,1275.0,6694872.0,"{""__name__"": ""go_memstats_heap_alloc_bytes""}"
5,B,The Resource Footprint (Memory Churn),go_inventory,go,inventory,inventory-go-twin:9082,inventory-go-twin:9082,2026-06-24 13:02:42,2026-06-24T07:32:42Z,1782286362,sustain,1290.0,7108680.0,"{""__name__"": ""go_memstats_heap_alloc_bytes""}"
5,B,The Resource Footprint (Memory Churn),go_inventory,go,inventory,order-go-twin:9083,order-go-twin:9083,2026-06-24 13:02:42,2026-06-24T07:32:42Z,1782286362,sustain,1290.0,5913392.0,"{""__name__"": ""go_memstats_heap_alloc_bytes""}"
5,B,The Resource Footprint (Memory Churn),go_inventory,go,inventory,warehouse-go:8084,warehouse-go:8084,2026-06-24 13:02:42,2026-06-24T07:32:42Z,1782286362,sustain,1290.0,6546840.0,"{""__name__"": ""go_memstats_heap_alloc_bytes""}"
5,B,The Resource Footprint (Memory Churn),go_inventory,go,inventory,inventory-go-twin:9082,inventory-go-twin:9082,2026-06-24 13:02:57,2026-06-24T07:32:57Z,1782286377,sustain,1305.0,4141176.0,"{""__name__"": ""go_memstats_heap_alloc_bytes""}"
5,B,The Resource Footprint (Memory Churn),go_inventory,go,inventory,order-go-twin:9083,order-go-twin:9083,2026-06-24 13:02:57,2026-06-24T07:32:57Z,1782286377,sustain,1305.0,3841288.0,"{""__name__"": ""go_memstats_heap_alloc_bytes""}"
5,B,The Resource Footprint (Memory Churn),go_inventory,go,inventory,warehouse-go:8084,warehouse-go:8084,2026-06-24 13:02:57,2026-06-24T07:32:57Z,1782286377,sustain,1305.0,5661536.0,"{""__name__"": ""go_memstats_heap_alloc_bytes""}"
5,B,The Resource Footprint (Memory Churn),go_inventory,go,inventory,inventory-go-twin:9082,inventory-go-twin:9082,2026-06-24 13:03:12,2026-06-24T07:33:12Z,1782286392,sustain,1320.0,7487288.0,"{""__name__"": ""go_memstats_heap_alloc_bytes""}"
5,B,The Resource Footprint (Memory Churn),go_inventory,go,inventory,order-go-twin:9083,order-go-twin:9083,2026-06-24 13:03:12,2026-06-24T07:33:12Z,1782286392,sustain,1320.0,4369472.0,"{""__name__"": ""go_memstats_heap_alloc_bytes""}"
5,B,The Resource Footprint (Memory Churn),go_inventory,go,inventory,warehouse-go:8084,warehouse-go:8084,2026-06-24 13:03:12,2026-06-24T07:33:12Z,1782286392,sustain,1320.0,6875168.0,"{""__name__"": ""go_memstats_heap_alloc_bytes""}"
5,B,The Resource Footprint (Memory Churn),go_inventory,go,inventory,inventory-go-twin:9082,inventory-go-twin:9082,2026-06-24 13:03:27,2026-06-24T07:33:27Z,1782286407,sustain,1335.0,3980576.0,"{""__name__"": ""go_memstats_heap_alloc_bytes""}"
5,B,The Resource Footprint (Memory Churn),go_inventory,go,inventory,order-go-twin:9083,order-go-twin:9083,2026-06-24 13:03:27,2026-06-24T07:33:27Z,1782286407,sustain,1335.0,5049216.0,"{""__name__"": ""go_memstats_heap_alloc_bytes""}"
5,B,The Resource Footprint (Memory Churn),go_inventory,go,inventory,warehouse-go:8084,warehouse-go:8084,2026-06-24 13:03:27,2026-06-24T07:33:27Z,1782286407,sustain,1335.0,5758280.0,"{""__name__"": ""go_memstats_heap_alloc_bytes""}"
5,B,The Resource Footprint (Memory Churn),go_inventory,go,inventory,inventory-go-twin:9082,inventory-go-twin:9082,2026-06-24 13:03:42,2026-06-24T07:33:42Z,1782286422,sustain,1350.0,7331928.0,"{""__name__"": ""go_memstats_heap_alloc_bytes""}"
5,B,The Resource Footprint (Memory Churn),go_inventory,go,inventory,order-go-twin:9083,order-go-twin:9083,2026-06-24 13:03:42,2026-06-24T07:33:42Z,1782286422,sustain,1350.0,5729192.0,"{""__name__"": ""go_memstats_heap_alloc_bytes""}"
5,B,The Resource Footprint (Memory Churn),go_inventory,go,inventory,warehouse-go:8084,warehouse-go:8084,2026-06-24 13:03:42,2026-06-24T07:33:42Z,1782286422,sustain,1350.0,6280584.0,"{""__name__"": ""go_memstats_heap_alloc_bytes""}"
5,B,The Resource Footprint (Memory Churn),go_inventory,go,inventory,inventory-go-twin:9082,inventory-go-twin:9082,2026-06-24 13:03:57,2026-06-24T07:33:57Z,1782286437,sustain,1365.0,5393744.0,"{""__name__"": ""go_memstats_heap_alloc_bytes""}"
5,B,The Resource Footprint (Memory Churn),go_inventory,go,inventory,order-go-twin:9083,order-go-twin:9083,2026-06-24 13:03:57,2026-06-24T07:33:57Z,1782286437,sustain,1365.0,3700984.0,"{""__name__"": ""go_memstats_heap_alloc_bytes""}"
5,B,The Resource Footprint (Memory Churn),go_inventory,go,inventory,warehouse-go:8084,warehouse-go:8084,2026-06-24 13:03:57,2026-06-24T07:33:57Z,1782286437,sustain,1365.0,6569080.0,"{""__name__"": ""go_memstats_heap_alloc_bytes""}"
5,B,The Resource Footprint (Memory Churn),go_inventory,go,inventory,inventory-go-twin:9082,inventory-go-twin:9082,2026-06-24 13:04:12,2026-06-24T07:34:12Z,1782286452,sustain,1380.0,5013400.0,"{""__name__"": ""go_memstats_heap_alloc_bytes""}"
5,B,The Resource Footprint (Memory Churn),go_inventory,go,inventory,order-go-twin:9083,order-go-twin:9083,2026-06-24 13:04:12,2026-06-24T07:34:12Z,1782286452,sustain,1380.0,4174680.0,"{""__name__"": ""go_memstats_heap_alloc_bytes""}"
5,B,The Resource Footprint (Memory Churn),go_inventory,go,inventory,warehouse-go:8084,warehouse-go:8084,2026-06-24 13:04:12,2026-06-24T07:34:12Z,1782286452,sustain,1380.0,6583968.0,"{""__name__"": ""go_memstats_heap_alloc_bytes""}"
5,B,The Resource Footprint (Memory Churn),go_inventory,go,inventory,inventory-go-twin:9082,inventory-go-twin:9082,2026-06-24 13:04:27,2026-06-24T07:34:27Z,1782286467,sustain,1395.0,8600888.0,"{""__name__"": ""go_memstats_heap_alloc_bytes""}"
5,B,The Resource Footprint (Memory Churn),go_inventory,go,inventory,order-go-twin:9083,order-go-twin:9083,2026-06-24 13:04:27,2026-06-24T07:34:27Z,1782286467,sustain,1395.0,4814048.0,"{""__name__"": ""go_memstats_heap_alloc_bytes""}"
5,B,The Resource Footprint (Memory Churn),go_inventory,go,inventory,warehouse-go:8084,warehouse-go:8084,2026-06-24 13:04:27,2026-06-24T07:34:27Z,1782286467,sustain,1395.0,7888496.0,"{""__name__"": ""go_memstats_heap_alloc_bytes""}"
5,B,The Resource Footprint (Memory Churn),go_inventory,go,inventory,inventory-go-twin:9082,inventory-go-twin:9082,2026-06-24 13:04:42,2026-06-24T07:34:42Z,1782286482,sustain,1410.0,4027952.0,"{""__name__"": ""go_memstats_heap_alloc_bytes""}"
5,B,The Resource Footprint (Memory Churn),go_inventory,go,inventory,order-go-twin:9083,order-go-twin:9083,2026-06-24 13:04:42,2026-06-24T07:34:42Z,1782286482,sustain,1410.0,5478256.0,"{""__name__"": ""go_memstats_heap_alloc_bytes""}"
5,B,The Resource Footprint (Memory Churn),go_inventory,go,inventory,warehouse-go:8084,warehouse-go:8084,2026-06-24 13:04:42,2026-06-24T07:34:42Z,1782286482,sustain,1410.0,5773960.0,"{""__name__"": ""go_memstats_heap_alloc_bytes""}"
5,B,The Resource Footprint (Memory Churn),go_inventory,go,inventory,inventory-go-twin:9082,inventory-go-twin:9082,2026-06-24 13:04:57,2026-06-24T07:34:57Z,1782286497,sustain,1425.0,5612760.0,"{""__name__"": ""go_memstats_heap_alloc_bytes""}"
5,B,The Resource Footprint (Memory Churn),go_inventory,go,inventory,order-go-twin:9083,order-go-twin:9083,2026-06-24 13:04:57,2026-06-24T07:34:57Z,1782286497,sustain,1425.0,3631408.0,"{""__name__"": ""go_memstats_heap_alloc_bytes""}"
5,B,The Resource Footprint (Memory Churn),go_inventory,go,inventory,warehouse-go:8084,warehouse-go:8084,2026-06-24 13:04:57,2026-06-24T07:34:57Z,1782286497,sustain,1425.0,7887320.0,"{""__name__"": ""go_memstats_heap_alloc_bytes""}"
5,B,The Resource Footprint (Memory Churn),go_inventory,go,inventory,inventory-go-twin:9082,inventory-go-twin:9082,2026-06-24 13:05:12,2026-06-24T07:35:12Z,1782286512,sustain,1440.0,3592480.0,"{""__name__"": ""go_memstats_heap_alloc_bytes""}"
5,B,The Resource Footprint (Memory Churn),go_inventory,go,inventory,order-go-twin:9083,order-go-twin:9083,2026-06-24 13:05:12,2026-06-24T07:35:12Z,1782286512,sustain,1440.0,3995328.0,"{""__name__"": ""go_memstats_heap_alloc_bytes""}"
5,B,The Resource Footprint (Memory Churn),go_inventory,go,inventory,warehouse-go:8084,warehouse-go:8084,2026-06-24 13:05:12,2026-06-24T07:35:12Z,1782286512,sustain,1440.0,7172272.0,"{""__name__"": ""go_memstats_heap_alloc_bytes""}"
5,B,The Resource Footprint (Memory Churn),go_inventory,go,inventory,inventory-go-twin:9082,inventory-go-twin:9082,2026-06-24 13:05:27,2026-06-24T07:35:27Z,1782286527,sustain,1455.0,7895728.0,"{""__name__"": ""go_memstats_heap_alloc_bytes""}"
5,B,The Resource Footprint (Memory Churn),go_inventory,go,inventory,order-go-twin:9083,order-go-twin:9083,2026-06-24 13:05:27,2026-06-24T07:35:27Z,1782286527,sustain,1455.0,4602464.0,"{""__name__"": ""go_memstats_heap_alloc_bytes""}"
5,B,The Resource Footprint (Memory Churn),go_inventory,go,inventory,warehouse-go:8084,warehouse-go:8084,2026-06-24 13:05:27,2026-06-24T07:35:27Z,1782286527,sustain,1455.0,5193600.0,"{""__name__"": ""go_memstats_heap_alloc_bytes""}"
5,B,The Resource Footprint (Memory Churn),go_inventory,go,inventory,inventory-go-twin:9082,inventory-go-twin:9082,2026-06-24 13:05:42,2026-06-24T07:35:42Z,1782286542,sustain,1470.0,5373168.0,"{""__name__"": ""go_memstats_heap_alloc_bytes""}"
5,B,The Resource Footprint (Memory Churn),go_inventory,go,inventory,order-go-twin:9083,order-go-twin:9083,2026-06-24 13:05:42,2026-06-24T07:35:42Z,1782286542,sustain,1470.0,5273968.0,"{""__name__"": ""go_memstats_heap_alloc_bytes""}"
5,B,The Resource Footprint (Memory Churn),go_inventory,go,inventory,warehouse-go:8084,warehouse-go:8084,2026-06-24 13:05:42,2026-06-24T07:35:42Z,1782286542,sustain,1470.0,7243664.0,"{""__name__"": ""go_memstats_heap_alloc_bytes""}"
5,B,The Resource Footprint (Memory Churn),go_inventory,go,inventory,inventory-go-twin:9082,inventory-go-twin:9082,2026-06-24 13:05:57,2026-06-24T07:35:57Z,1782286557,sustain,1485.0,4577544.0,"{""__name__"": ""go_memstats_heap_alloc_bytes""}"
5,B,The Resource Footprint (Memory Churn),go_inventory,go,inventory,order-go-twin:9083,order-go-twin:9083,2026-06-24 13:05:57,2026-06-24T07:35:57Z,1782286557,sustain,1485.0,3514160.0,"{""__name__"": ""go_memstats_heap_alloc_bytes""}"
5,B,The Resource Footprint (Memory Churn),go_inventory,go,inventory,warehouse-go:8084,warehouse-go:8084,2026-06-24 13:05:57,2026-06-24T07:35:57Z,1782286557,sustain,1485.0,7809272.0,"{""__name__"": ""go_memstats_heap_alloc_bytes""}"
5,B,The Resource Footprint (Memory Churn),go_inventory,go,inventory,inventory-go-twin:9082,inventory-go-twin:9082,2026-06-24 13:06:12,2026-06-24T07:36:12Z,1782286572,sustain,1500.0,7402776.0,"{""__name__"": ""go_memstats_heap_alloc_bytes""}"
5,B,The Resource Footprint (Memory Churn),go_inventory,go,inventory,order-go-twin:9083,order-go-twin:9083,2026-06-24 13:06:12,2026-06-24T07:36:12Z,1782286572,sustain,1500.0,3853184.0,"{""__name__"": ""go_memstats_heap_alloc_bytes""}"
5,B,The Resource Footprint (Memory Churn),go_inventory,go,inventory,warehouse-go:8084,warehouse-go:8084,2026-06-24 13:06:12,2026-06-24T07:36:12Z,1782286572,sustain,1500.0,6349600.0,"{""__name__"": ""go_memstats_heap_alloc_bytes""}"
5,B,The Resource Footprint (Memory Churn),go_inventory,go,inventory,inventory-go-twin:9082,inventory-go-twin:9082,2026-06-24 13:06:27,2026-06-24T07:36:27Z,1782286587,sustain,1515.0,6709984.0,"{""__name__"": ""go_memstats_heap_alloc_bytes""}"
5,B,The Resource Footprint (Memory Churn),go_inventory,go,inventory,order-go-twin:9083,order-go-twin:9083,2026-06-24 13:06:27,2026-06-24T07:36:27Z,1782286587,sustain,1515.0,4447224.0,"{""__name__"": ""go_memstats_heap_alloc_bytes""}"
5,B,The Resource Footprint (Memory Churn),go_inventory,go,inventory,warehouse-go:8084,warehouse-go:8084,2026-06-24 13:06:27,2026-06-24T07:36:27Z,1782286587,sustain,1515.0,5329152.0,"{""__name__"": ""go_memstats_heap_alloc_bytes""}"
5,B,The Resource Footprint (Memory Churn),go_inventory,go,inventory,inventory-go-twin:9082,inventory-go-twin:9082,2026-06-24 13:06:42,2026-06-24T07:36:42Z,1782286602,sustain,1530.0,5498384.0,"{""__name__"": ""go_memstats_heap_alloc_bytes""}"
5,B,The Resource Footprint (Memory Churn),go_inventory,go,inventory,order-go-twin:9083,order-go-twin:9083,2026-06-24 13:06:42,2026-06-24T07:36:42Z,1782286602,sustain,1530.0,5094760.0,"{""__name__"": ""go_memstats_heap_alloc_bytes""}"
5,B,The Resource Footprint (Memory Churn),go_inventory,go,inventory,warehouse-go:8084,warehouse-go:8084,2026-06-24 13:06:42,2026-06-24T07:36:42Z,1782286602,sustain,1530.0,4405136.0,"{""__name__"": ""go_memstats_heap_alloc_bytes""}"
5,B,The Resource Footprint (Memory Churn),go_inventory,go,inventory,inventory-go-twin:9082,inventory-go-twin:9082,2026-06-24 13:06:57,2026-06-24T07:36:57Z,1782286617,sustain,1545.0,7734400.0,"{""__name__"": ""go_memstats_heap_alloc_bytes""}"
5,B,The Resource Footprint (Memory Churn),go_inventory,go,inventory,order-go-twin:9083,order-go-twin:9083,2026-06-24 13:06:57,2026-06-24T07:36:57Z,1782286617,sustain,1545.0,5841856.0,"{""__name__"": ""go_memstats_heap_alloc_bytes""}"
5,B,The Resource Footprint (Memory Churn),go_inventory,go,inventory,warehouse-go:8084,warehouse-go:8084,2026-06-24 13:06:57,2026-06-24T07:36:57Z,1782286617,sustain,1545.0,4817824.0,"{""__name__"": ""go_memstats_heap_alloc_bytes""}"
5,B,The Resource Footprint (Memory Churn),go_inventory,go,inventory,inventory-go-twin:9082,inventory-go-twin:9082,2026-06-24 13:07:12,2026-06-24T07:37:12Z,1782286632,sustain,1560.0,7964032.0,"{""__name__"": ""go_memstats_heap_alloc_bytes""}"
5,B,The Resource Footprint (Memory Churn),go_inventory,go,inventory,order-go-twin:9083,order-go-twin:9083,2026-06-24 13:07:12,2026-06-24T07:37:12Z,1782286632,sustain,1560.0,3873752.0,"{""__name__"": ""go_memstats_heap_alloc_bytes""}"
5,B,The Resource Footprint (Memory Churn),go_inventory,go,inventory,warehouse-go:8084,warehouse-go:8084,2026-06-24 13:07:12,2026-06-24T07:37:12Z,1782286632,sustain,1560.0,5316848.0,"{""__name__"": ""go_memstats_heap_alloc_bytes""}"
5,B,The Resource Footprint (Memory Churn),go_inventory,go,inventory,inventory-go-twin:9082,inventory-go-twin:9082,2026-06-24 13:07:27,2026-06-24T07:37:27Z,1782286647,sustain,1575.0,5456144.0,"{""__name__"": ""go_memstats_heap_alloc_bytes""}"
5,B,The Resource Footprint (Memory Churn),go_inventory,go,inventory,order-go-twin:9083,order-go-twin:9083,2026-06-24 13:07:27,2026-06-24T07:37:27Z,1782286647,sustain,1575.0,4398392.0,"{""__name__"": ""go_memstats_heap_alloc_bytes""}"
5,B,The Resource Footprint (Memory Churn),go_inventory,go,inventory,warehouse-go:8084,warehouse-go:8084,2026-06-24 13:07:27,2026-06-24T07:37:27Z,1782286647,sustain,1575.0,5887328.0,"{""__name__"": ""go_memstats_heap_alloc_bytes""}"
5,B,The Resource Footprint (Memory Churn),go_inventory,go,inventory,inventory-go-twin:9082,inventory-go-twin:9082,2026-06-24 13:07:42,2026-06-24T07:37:42Z,1782286662,sustain,1590.0,7115568.0,"{""__name__"": ""go_memstats_heap_alloc_bytes""}"
5,B,The Resource Footprint (Memory Churn),go_inventory,go,inventory,order-go-twin:9083,order-go-twin:9083,2026-06-24 13:07:42,2026-06-24T07:37:42Z,1782286662,sustain,1590.0,5092552.0,"{""__name__"": ""go_memstats_heap_alloc_bytes""}"
5,B,The Resource Footprint (Memory Churn),go_inventory,go,inventory,warehouse-go:8084,warehouse-go:8084,2026-06-24 13:07:42,2026-06-24T07:37:42Z,1782286662,sustain,1590.0,6999744.0,"{""__name__"": ""go_memstats_heap_alloc_bytes""}"
5,B,The Resource Footprint (Memory Churn),go_inventory,go,inventory,inventory-go-twin:9082,inventory-go-twin:9082,2026-06-24 13:07:57,2026-06-24T07:37:57Z,1782286677,sustain,1605.0,7769296.0,"{""__name__"": ""go_memstats_heap_alloc_bytes""}"
5,B,The Resource Footprint (Memory Churn),go_inventory,go,inventory,order-go-twin:9083,order-go-twin:9083,2026-06-24 13:07:57,2026-06-24T07:37:57Z,1782286677,sustain,1605.0,5690344.0,"{""__name__"": ""go_memstats_heap_alloc_bytes""}"
5,B,The Resource Footprint (Memory Churn),go_inventory,go,inventory,warehouse-go:8084,warehouse-go:8084,2026-06-24 13:07:57,2026-06-24T07:37:57Z,1782286677,sustain,1605.0,6118712.0,"{""__name__"": ""go_memstats_heap_alloc_bytes""}"
5,B,The Resource Footprint (Memory Churn),go_inventory,go,inventory,inventory-go-twin:9082,inventory-go-twin:9082,2026-06-24 13:08:12,2026-06-24T07:38:12Z,1782286692,sustain,1620.0,5982280.0,"{""__name__"": ""go_memstats_heap_alloc_bytes""}"
5,B,The Resource Footprint (Memory Churn),go_inventory,go,inventory,order-go-twin:9083,order-go-twin:9083,2026-06-24 13:08:12,2026-06-24T07:38:12Z,1782286692,sustain,1620.0,3642488.0,"{""__name__"": ""go_memstats_heap_alloc_bytes""}"
5,B,The Resource Footprint (Memory Churn),go_inventory,go,inventory,warehouse-go:8084,warehouse-go:8084,2026-06-24 13:08:12,2026-06-24T07:38:12Z,1782286692,sustain,1620.0,5128048.0,"{""__name__"": ""go_memstats_heap_alloc_bytes""}"
5,B,The Resource Footprint (Memory Churn),go_inventory,go,inventory,inventory-go-twin:9082,inventory-go-twin:9082,2026-06-24 13:08:27,2026-06-24T07:38:27Z,1782286707,sustain,1635.0,8668560.0,"{""__name__"": ""go_memstats_heap_alloc_bytes""}"
5,B,The Resource Footprint (Memory Churn),go_inventory,go,inventory,order-go-twin:9083,order-go-twin:9083,2026-06-24 13:08:27,2026-06-24T07:38:27Z,1782286707,sustain,1635.0,4160008.0,"{""__name__"": ""go_memstats_heap_alloc_bytes""}"
5,B,The Resource Footprint (Memory Churn),go_inventory,go,inventory,warehouse-go:8084,warehouse-go:8084,2026-06-24 13:08:27,2026-06-24T07:38:27Z,1782286707,sustain,1635.0,5117768.0,"{""__name__"": ""go_memstats_heap_alloc_bytes""}"
5,B,The Resource Footprint (Memory Churn),go_inventory,go,inventory,inventory-go-twin:9082,inventory-go-twin:9082,2026-06-24 13:08:42,2026-06-24T07:38:42Z,1782286722,sustain,1650.0,6974200.0,"{""__name__"": ""go_memstats_heap_alloc_bytes""}"
5,B,The Resource Footprint (Memory Churn),go_inventory,go,inventory,order-go-twin:9083,order-go-twin:9083,2026-06-24 13:08:42,2026-06-24T07:38:42Z,1782286722,sustain,1650.0,4766808.0,"{""__name__"": ""go_memstats_heap_alloc_bytes""}"
5,B,The Resource Footprint (Memory Churn),go_inventory,go,inventory,warehouse-go:8084,warehouse-go:8084,2026-06-24 13:08:42,2026-06-24T07:38:42Z,1782286722,sustain,1650.0,6014864.0,"{""__name__"": ""go_memstats_heap_alloc_bytes""}"
5,B,The Resource Footprint (Memory Churn),go_inventory,go,inventory,inventory-go-twin:9082,inventory-go-twin:9082,2026-06-24 13:08:57,2026-06-24T07:38:57Z,1782286737,sustain,1665.0,7948816.0,"{""__name__"": ""go_memstats_heap_alloc_bytes""}"
5,B,The Resource Footprint (Memory Churn),go_inventory,go,inventory,order-go-twin:9083,order-go-twin:9083,2026-06-24 13:08:57,2026-06-24T07:38:57Z,1782286737,sustain,1665.0,5401816.0,"{""__name__"": ""go_memstats_heap_alloc_bytes""}"
5,B,The Resource Footprint (Memory Churn),go_inventory,go,inventory,warehouse-go:8084,warehouse-go:8084,2026-06-24 13:08:57,2026-06-24T07:38:57Z,1782286737,sustain,1665.0,6298096.0,"{""__name__"": ""go_memstats_heap_alloc_bytes""}"
5,B,The Resource Footprint (Memory Churn),go_inventory,go,inventory,inventory-go-twin:9082,inventory-go-twin:9082,2026-06-24 13:09:12,2026-06-24T07:39:12Z,1782286752,sustain,1680.0,3687448.0,"{""__name__"": ""go_memstats_heap_alloc_bytes""}"
5,B,The Resource Footprint (Memory Churn),go_inventory,go,inventory,order-go-twin:9083,order-go-twin:9083,2026-06-24 13:09:12,2026-06-24T07:39:12Z,1782286752,sustain,1680.0,3561816.0,"{""__name__"": ""go_memstats_heap_alloc_bytes""}"
5,B,The Resource Footprint (Memory Churn),go_inventory,go,inventory,warehouse-go:8084,warehouse-go:8084,2026-06-24 13:09:12,2026-06-24T07:39:12Z,1782286752,sustain,1680.0,4475576.0,"{""__name__"": ""go_memstats_heap_alloc_bytes""}"
5,B,The Resource Footprint (Memory Churn),go_inventory,go,inventory,inventory-go-twin:9082,inventory-go-twin:9082,2026-06-24 13:09:27,2026-06-24T07:39:27Z,1782286767,sustain,1695.0,4485928.0,"{""__name__"": ""go_memstats_heap_alloc_bytes""}"
5,B,The Resource Footprint (Memory Churn),go_inventory,go,inventory,order-go-twin:9083,order-go-twin:9083,2026-06-24 13:09:27,2026-06-24T07:39:27Z,1782286767,sustain,1695.0,3912952.0,"{""__name__"": ""go_memstats_heap_alloc_bytes""}"
5,B,The Resource Footprint (Memory Churn),go_inventory,go,inventory,warehouse-go:8084,warehouse-go:8084,2026-06-24 13:09:27,2026-06-24T07:39:27Z,1782286767,sustain,1695.0,3668280.0,"{""__name__"": ""go_memstats_heap_alloc_bytes""}"
5,B,The Resource Footprint (Memory Churn),go_inventory,go,inventory,inventory-go-twin:9082,inventory-go-twin:9082,2026-06-24 13:09:42,2026-06-24T07:39:42Z,1782286782,sustain,1710.0,7928152.0,"{""__name__"": ""go_memstats_heap_alloc_bytes""}"
5,B,The Resource Footprint (Memory Churn),go_inventory,go,inventory,order-go-twin:9083,order-go-twin:9083,2026-06-24 13:09:42,2026-06-24T07:39:42Z,1782286782,sustain,1710.0,4500968.0,"{""__name__"": ""go_memstats_heap_alloc_bytes""}"
5,B,The Resource Footprint (Memory Churn),go_inventory,go,inventory,warehouse-go:8084,warehouse-go:8084,2026-06-24 13:09:42,2026-06-24T07:39:42Z,1782286782,sustain,1710.0,3402728.0,"{""__name__"": ""go_memstats_heap_alloc_bytes""}"
5,B,The Resource Footprint (Memory Churn),go_inventory,go,inventory,inventory-go-twin:9082,inventory-go-twin:9082,2026-06-24 13:09:57,2026-06-24T07:39:57Z,1782286797,sustain,1725.0,6704408.0,"{""__name__"": ""go_memstats_heap_alloc_bytes""}"
5,B,The Resource Footprint (Memory Churn),go_inventory,go,inventory,order-go-twin:9083,order-go-twin:9083,2026-06-24 13:09:57,2026-06-24T07:39:57Z,1782286797,sustain,1725.0,5123296.0,"{""__name__"": ""go_memstats_heap_alloc_bytes""}"
5,B,The Resource Footprint (Memory Churn),go_inventory,go,inventory,warehouse-go:8084,warehouse-go:8084,2026-06-24 13:09:57,2026-06-24T07:39:57Z,1782286797,sustain,1725.0,5118784.0,"{""__name__"": ""go_memstats_heap_alloc_bytes""}"
5,B,The Resource Footprint (Memory Churn),go_inventory,go,inventory,inventory-go-twin:9082,inventory-go-twin:9082,2026-06-24 13:10:12,2026-06-24T07:40:12Z,1782286812,sustain,1740.0,6671824.0,"{""__name__"": ""go_memstats_heap_alloc_bytes""}"
5,B,The Resource Footprint (Memory Churn),go_inventory,go,inventory,order-go-twin:9083,order-go-twin:9083,2026-06-24 13:10:12,2026-06-24T07:40:12Z,1782286812,sustain,1740.0,5844640.0,"{""__name__"": ""go_memstats_heap_alloc_bytes""}"
5,B,The Resource Footprint (Memory Churn),go_inventory,go,inventory,warehouse-go:8084,warehouse-go:8084,2026-06-24 13:10:12,2026-06-24T07:40:12Z,1782286812,sustain,1740.0,5266584.0,"{""__name__"": ""go_memstats_heap_alloc_bytes""}"
5,B,The Resource Footprint (Memory Churn),go_inventory,go,inventory,inventory-go-twin:9082,inventory-go-twin:9082,2026-06-24 13:10:27,2026-06-24T07:40:27Z,1782286827,sustain,1755.0,5469128.0,"{""__name__"": ""go_memstats_heap_alloc_bytes""}"
5,B,The Resource Footprint (Memory Churn),go_inventory,go,inventory,order-go-twin:9083,order-go-twin:9083,2026-06-24 13:10:27,2026-06-24T07:40:27Z,1782286827,sustain,1755.0,3767768.0,"{""__name__"": ""go_memstats_heap_alloc_bytes""}"
5,B,The Resource Footprint (Memory Churn),go_inventory,go,inventory,warehouse-go:8084,warehouse-go:8084,2026-06-24 13:10:27,2026-06-24T07:40:27Z,1782286827,sustain,1755.0,4442840.0,"{""__name__"": ""go_memstats_heap_alloc_bytes""}"
5,B,The Resource Footprint (Memory Churn),go_inventory,go,inventory,inventory-go-twin:9082,inventory-go-twin:9082,2026-06-24 13:10:42,2026-06-24T07:40:42Z,1782286842,sustain,1770.0,5307936.0,"{""__name__"": ""go_memstats_heap_alloc_bytes""}"
5,B,The Resource Footprint (Memory Churn),go_inventory,go,inventory,order-go-twin:9083,order-go-twin:9083,2026-06-24 13:10:42,2026-06-24T07:40:42Z,1782286842,sustain,1770.0,4282648.0,"{""__name__"": ""go_memstats_heap_alloc_bytes""}"
5,B,The Resource Footprint (Memory Churn),go_inventory,go,inventory,warehouse-go:8084,warehouse-go:8084,2026-06-24 13:10:42,2026-06-24T07:40:42Z,1782286842,sustain,1770.0,4261472.0,"{""__name__"": ""go_memstats_heap_alloc_bytes""}"
5,B,The Resource Footprint (Memory Churn),go_inventory,go,inventory,inventory-go-twin:9082,inventory-go-twin:9082,2026-06-24 13:10:57,2026-06-24T07:40:57Z,1782286857,sustain,1785.0,5226144.0,"{""__name__"": ""go_memstats_heap_alloc_bytes""}"
5,B,The Resource Footprint (Memory Churn),go_inventory,go,inventory,order-go-twin:9083,order-go-twin:9083,2026-06-24 13:10:57,2026-06-24T07:40:57Z,1782286857,sustain,1785.0,4934624.0,"{""__name__"": ""go_memstats_heap_alloc_bytes""}"
5,B,The Resource Footprint (Memory Churn),go_inventory,go,inventory,warehouse-go:8084,warehouse-go:8084,2026-06-24 13:10:57,2026-06-24T07:40:57Z,1782286857,sustain,1785.0,5518512.0,"{""__name__"": ""go_memstats_heap_alloc_bytes""}"
5,B,The Resource Footprint (Memory Churn),go_inventory,go,inventory,inventory-go-twin:9082,inventory-go-twin:9082,2026-06-24 13:11:12,2026-06-24T07:41:12Z,1782286872,cooldown,1800.0,5234784.0,"{""__name__"": ""go_memstats_heap_alloc_bytes""}"
5,B,The Resource Footprint (Memory Churn),go_inventory,go,inventory,order-go-twin:9083,order-go-twin:9083,2026-06-24 13:11:12,2026-06-24T07:41:12Z,1782286872,cooldown,1800.0,5680312.0,"{""__name__"": ""go_memstats_heap_alloc_bytes""}"
5,B,The Resource Footprint (Memory Churn),go_inventory,go,inventory,warehouse-go:8084,warehouse-go:8084,2026-06-24 13:11:12,2026-06-24T07:41:12Z,1782286872,cooldown,1800.0,6151576.0,"{""__name__"": ""go_memstats_heap_alloc_bytes""}"
5,B,The Resource Footprint (Memory Churn),go_inventory,go,inventory,inventory-go-twin:9082,inventory-go-twin:9082,2026-06-24 13:11:27,2026-06-24T07:41:27Z,1782286887,cooldown,1815.0,7895216.0,"{""__name__"": ""go_memstats_heap_alloc_bytes""}"
5,B,The Resource Footprint (Memory Churn),go_inventory,go,inventory,order-go-twin:9083,order-go-twin:9083,2026-06-24 13:11:27,2026-06-24T07:41:27Z,1782286887,cooldown,1815.0,3707504.0,"{""__name__"": ""go_memstats_heap_alloc_bytes""}"
5,B,The Resource Footprint (Memory Churn),go_inventory,go,inventory,warehouse-go:8084,warehouse-go:8084,2026-06-24 13:11:27,2026-06-24T07:41:27Z,1782286887,cooldown,1815.0,6703688.0,"{""__name__"": ""go_memstats_heap_alloc_bytes""}"
5,B,The Resource Footprint (Memory Churn),go_inventory,go,inventory,inventory-go-twin:9082,inventory-go-twin:9082,2026-06-24 13:11:42,2026-06-24T07:41:42Z,1782286902,cooldown,1830.0,5064552.0,"{""__name__"": ""go_memstats_heap_alloc_bytes""}"
5,B,The Resource Footprint (Memory Churn),go_inventory,go,inventory,order-go-twin:9083,order-go-twin:9083,2026-06-24 13:11:42,2026-06-24T07:41:42Z,1782286902,cooldown,1830.0,4123728.0,"{""__name__"": ""go_memstats_heap_alloc_bytes""}"
5,B,The Resource Footprint (Memory Churn),go_inventory,go,inventory,warehouse-go:8084,warehouse-go:8084,2026-06-24 13:11:42,2026-06-24T07:41:42Z,1782286902,cooldown,1830.0,5232744.0,"{""__name__"": ""go_memstats_heap_alloc_bytes""}"
5,B,The Resource Footprint (Memory Churn),go_inventory,go,inventory,inventory-go-twin:9082,inventory-go-twin:9082,2026-06-24 13:11:57,2026-06-24T07:41:57Z,1782286917,cooldown,1845.0,5422904.0,"{""__name__"": ""go_memstats_heap_alloc_bytes""}"
5,B,The Resource Footprint (Memory Churn),go_inventory,go,inventory,order-go-twin:9083,order-go-twin:9083,2026-06-24 13:11:57,2026-06-24T07:41:57Z,1782286917,cooldown,1845.0,4740704.0,"{""__name__"": ""go_memstats_heap_alloc_bytes""}"
5,B,The Resource Footprint (Memory Churn),go_inventory,go,inventory,warehouse-go:8084,warehouse-go:8084,2026-06-24 13:11:57,2026-06-24T07:41:57Z,1782286917,cooldown,1845.0,6117984.0,"{""__name__"": ""go_memstats_heap_alloc_bytes""}"
5,B,The Resource Footprint (Memory Churn),go_inventory,go,inventory,inventory-go-twin:9082,inventory-go-twin:9082,2026-06-24 13:12:12,2026-06-24T07:42:12Z,1782286932,cooldown,1860.0,5621888.0,"{""__name__"": ""go_memstats_heap_alloc_bytes""}"
5,B,The Resource Footprint (Memory Churn),go_inventory,go,inventory,order-go-twin:9083,order-go-twin:9083,2026-06-24 13:12:12,2026-06-24T07:42:12Z,1782286932,cooldown,1860.0,5436960.0,"{""__name__"": ""go_memstats_heap_alloc_bytes""}"
5,B,The Resource Footprint (Memory Churn),go_inventory,go,inventory,warehouse-go:8084,warehouse-go:8084,2026-06-24 13:12:12,2026-06-24T07:42:12Z,1782286932,cooldown,1860.0,4222624.0,"{""__name__"": ""go_memstats_heap_alloc_bytes""}"
5,B,The Resource Footprint (Memory Churn),go_inventory,go,inventory,inventory-go-twin:9082,inventory-go-twin:9082,2026-06-24 13:12:27,2026-06-24T07:42:27Z,1782286947,cooldown,1875.0,5929424.0,"{""__name__"": ""go_memstats_heap_alloc_bytes""}"
5,B,The Resource Footprint (Memory Churn),go_inventory,go,inventory,order-go-twin:9083,order-go-twin:9083,2026-06-24 13:12:27,2026-06-24T07:42:27Z,1782286947,cooldown,1875.0,3560656.0,"{""__name__"": ""go_memstats_heap_alloc_bytes""}"
5,B,The Resource Footprint (Memory Churn),go_inventory,go,inventory,warehouse-go:8084,warehouse-go:8084,2026-06-24 13:12:27,2026-06-24T07:42:27Z,1782286947,cooldown,1875.0,5466688.0,"{""__name__"": ""go_memstats_heap_alloc_bytes""}"
5,B,The Resource Footprint (Memory Churn),go_inventory,go,inventory,inventory-go-twin:9082,inventory-go-twin:9082,2026-06-24 13:12:42,2026-06-24T07:42:42Z,1782286962,cooldown,1890.0,5459528.0,"{""__name__"": ""go_memstats_heap_alloc_bytes""}"
5,B,The Resource Footprint (Memory Churn),go_inventory,go,inventory,order-go-twin:9083,order-go-twin:9083,2026-06-24 13:12:42,2026-06-24T07:42:42Z,1782286962,cooldown,1890.0,3896352.0,"{""__name__"": ""go_memstats_heap_alloc_bytes""}"
5,B,The Resource Footprint (Memory Churn),go_inventory,go,inventory,warehouse-go:8084,warehouse-go:8084,2026-06-24 13:12:42,2026-06-24T07:42:42Z,1782286962,cooldown,1890.0,6143296.0,"{""__name__"": ""go_memstats_heap_alloc_bytes""}"
5,B,The Resource Footprint (Memory Churn),go_inventory,go,inventory,inventory-go-twin:9082,inventory-go-twin:9082,2026-06-24 13:12:57,2026-06-24T07:42:57Z,1782286977,cooldown,1905.0,7774808.0,"{""__name__"": ""go_memstats_heap_alloc_bytes""}"
5,B,The Resource Footprint (Memory Churn),go_inventory,go,inventory,order-go-twin:9083,order-go-twin:9083,2026-06-24 13:12:57,2026-06-24T07:42:57Z,1782286977,cooldown,1905.0,4486992.0,"{""__name__"": ""go_memstats_heap_alloc_bytes""}"
5,B,The Resource Footprint (Memory Churn),go_inventory,go,inventory,warehouse-go:8084,warehouse-go:8084,2026-06-24 13:12:57,2026-06-24T07:42:57Z,1782286977,cooldown,1905.0,5295216.0,"{""__name__"": ""go_memstats_heap_alloc_bytes""}"
5,B,The Resource Footprint (Memory Churn),go_inventory,go,inventory,inventory-go-twin:9082,inventory-go-twin:9082,2026-06-24 13:13:12,2026-06-24T07:43:12Z,1782286992,cooldown,1920.0,4380408.0,"{""__name__"": ""go_memstats_heap_alloc_bytes""}"
5,B,The Resource Footprint (Memory Churn),go_inventory,go,inventory,order-go-twin:9083,order-go-twin:9083,2026-06-24 13:13:12,2026-06-24T07:43:12Z,1782286992,cooldown,1920.0,5177360.0,"{""__name__"": ""go_memstats_heap_alloc_bytes""}"
5,B,The Resource Footprint (Memory Churn),go_inventory,go,inventory,warehouse-go:8084,warehouse-go:8084,2026-06-24 13:13:12,2026-06-24T07:43:12Z,1782286992,cooldown,1920.0,5295472.0,"{""__name__"": ""go_memstats_heap_alloc_bytes""}"
5,B,The Resource Footprint (Memory Churn),go_inventory,go,inventory,inventory-go-twin:9082,inventory-go-twin:9082,2026-06-24 13:13:27,2026-06-24T07:43:27Z,1782287007,cooldown,1935.0,6167608.0,"{""__name__"": ""go_memstats_heap_alloc_bytes""}"
5,B,The Resource Footprint (Memory Churn),go_inventory,go,inventory,order-go-twin:9083,order-go-twin:9083,2026-06-24 13:13:27,2026-06-24T07:43:27Z,1782287007,cooldown,1935.0,5850544.0,"{""__name__"": ""go_memstats_heap_alloc_bytes""}"
5,B,The Resource Footprint (Memory Churn),go_inventory,go,inventory,warehouse-go:8084,warehouse-go:8084,2026-06-24 13:13:27,2026-06-24T07:43:27Z,1782287007,cooldown,1935.0,4690024.0,"{""__name__"": ""go_memstats_heap_alloc_bytes""}"
5,B,The Resource Footprint (Memory Churn),go_inventory,go,inventory,inventory-go-twin:9082,inventory-go-twin:9082,2026-06-24 13:13:42,2026-06-24T07:43:42Z,1782287022,cooldown,1950.0,6667240.0,"{""__name__"": ""go_memstats_heap_alloc_bytes""}"
5,B,The Resource Footprint (Memory Churn),go_inventory,go,inventory,order-go-twin:9083,order-go-twin:9083,2026-06-24 13:13:42,2026-06-24T07:43:42Z,1782287022,cooldown,1950.0,3734064.0,"{""__name__"": ""go_memstats_heap_alloc_bytes""}"
5,B,The Resource Footprint (Memory Churn),go_inventory,go,inventory,warehouse-go:8084,warehouse-go:8084,2026-06-24 13:13:42,2026-06-24T07:43:42Z,1782287022,cooldown,1950.0,5251776.0,"{""__name__"": ""go_memstats_heap_alloc_bytes""}"
5,B,The Resource Footprint (Memory Churn),go_inventory,go,inventory,inventory-go-twin:9082,inventory-go-twin:9082,2026-06-24 13:13:57,2026-06-24T07:43:57Z,1782287037,cooldown,1965.0,5218576.0,"{""__name__"": ""go_memstats_heap_alloc_bytes""}"
5,B,The Resource Footprint (Memory Churn),go_inventory,go,inventory,order-go-twin:9083,order-go-twin:9083,2026-06-24 13:13:57,2026-06-24T07:43:57Z,1782287037,cooldown,1965.0,4129424.0,"{""__name__"": ""go_memstats_heap_alloc_bytes""}"
5,B,The Resource Footprint (Memory Churn),go_inventory,go,inventory,warehouse-go:8084,warehouse-go:8084,2026-06-24 13:13:57,2026-06-24T07:43:57Z,1782287037,cooldown,1965.0,5133072.0,"{""__name__"": ""go_memstats_heap_alloc_bytes""}"
5,B,The Resource Footprint (Memory Churn),go_inventory,go,inventory,inventory-go-twin:9082,inventory-go-twin:9082,2026-06-24 13:14:12,2026-06-24T07:44:12Z,1782287052,cooldown,1980.0,6931848.0,"{""__name__"": ""go_memstats_heap_alloc_bytes""}"
5,B,The Resource Footprint (Memory Churn),go_inventory,go,inventory,order-go-twin:9083,order-go-twin:9083,2026-06-24 13:14:12,2026-06-24T07:44:12Z,1782287052,cooldown,1980.0,4839432.0,"{""__name__"": ""go_memstats_heap_alloc_bytes""}"
5,B,The Resource Footprint (Memory Churn),go_inventory,go,inventory,warehouse-go:8084,warehouse-go:8084,2026-06-24 13:14:12,2026-06-24T07:44:12Z,1782287052,cooldown,1980.0,6439600.0,"{""__name__"": ""go_memstats_heap_alloc_bytes""}"
5,B,The Resource Footprint (Memory Churn),go_inventory,go,inventory,inventory-go-twin:9082,inventory-go-twin:9082,2026-06-24 13:14:27,2026-06-24T07:44:27Z,1782287067,cooldown,1995.0,5304320.0,"{""__name__"": ""go_memstats_heap_alloc_bytes""}"
5,B,The Resource Footprint (Memory Churn),go_inventory,go,inventory,order-go-twin:9083,order-go-twin:9083,2026-06-24 13:14:27,2026-06-24T07:44:27Z,1782287067,cooldown,1995.0,5457896.0,"{""__name__"": ""go_memstats_heap_alloc_bytes""}"
5,B,The Resource Footprint (Memory Churn),go_inventory,go,inventory,warehouse-go:8084,warehouse-go:8084,2026-06-24 13:14:27,2026-06-24T07:44:27Z,1782287067,cooldown,1995.0,4367800.0,"{""__name__"": ""go_memstats_heap_alloc_bytes""}"
5,B,The Resource Footprint (Memory Churn),go_inventory,go,inventory,inventory-go-twin:9082,inventory-go-twin:9082,2026-06-24 13:14:42,2026-06-24T07:44:42Z,1782287082,cooldown,2010.0,5290248.0,"{""__name__"": ""go_memstats_heap_alloc_bytes""}"
5,B,The Resource Footprint (Memory Churn),go_inventory,go,inventory,order-go-twin:9083,order-go-twin:9083,2026-06-24 13:14:42,2026-06-24T07:44:42Z,1782287082,cooldown,2010.0,6106504.0,"{""__name__"": ""go_memstats_heap_alloc_bytes""}"
5,B,The Resource Footprint (Memory Churn),go_inventory,go,inventory,warehouse-go:8084,warehouse-go:8084,2026-06-24 13:14:42,2026-06-24T07:44:42Z,1782287082,cooldown,2010.0,4489488.0,"{""__name__"": ""go_memstats_heap_alloc_bytes""}"
5,B,The Resource Footprint (Memory Churn),go_inventory,go,inventory,inventory-go-twin:9082,inventory-go-twin:9082,2026-06-24 13:14:57,2026-06-24T07:44:57Z,1782287097,cooldown,2025.0,5546296.0,"{""__name__"": ""go_memstats_heap_alloc_bytes""}"
5,B,The Resource Footprint (Memory Churn),go_inventory,go,inventory,order-go-twin:9083,order-go-twin:9083,2026-06-24 13:14:57,2026-06-24T07:44:57Z,1782287097,cooldown,2025.0,3858456.0,"{""__name__"": ""go_memstats_heap_alloc_bytes""}"
5,B,The Resource Footprint (Memory Churn),go_inventory,go,inventory,warehouse-go:8084,warehouse-go:8084,2026-06-24 13:14:57,2026-06-24T07:44:57Z,1782287097,cooldown,2025.0,4381808.0,"{""__name__"": ""go_memstats_heap_alloc_bytes""}"
5,B,The Resource Footprint (Memory Churn),go_inventory,go,inventory,inventory-go-twin:9082,inventory-go-twin:9082,2026-06-24 13:15:12,2026-06-24T07:45:12Z,1782287112,cooldown,2040.0,7628376.0,"{""__name__"": ""go_memstats_heap_alloc_bytes""}"
5,B,The Resource Footprint (Memory Churn),go_inventory,go,inventory,order-go-twin:9083,order-go-twin:9083,2026-06-24 13:15:12,2026-06-24T07:45:12Z,1782287112,cooldown,2040.0,4417992.0,"{""__name__"": ""go_memstats_heap_alloc_bytes""}"
5,B,The Resource Footprint (Memory Churn),go_inventory,go,inventory,warehouse-go:8084,warehouse-go:8084,2026-06-24 13:15:12,2026-06-24T07:45:12Z,1782287112,cooldown,2040.0,5668160.0,"{""__name__"": ""go_memstats_heap_alloc_bytes""}"
5,B,The Resource Footprint (Memory Churn),go_inventory,go,inventory,inventory-go-twin:9082,inventory-go-twin:9082,2026-06-24 13:15:27,2026-06-24T07:45:27Z,1782287127,cooldown,2055.0,7352736.0,"{""__name__"": ""go_memstats_heap_alloc_bytes""}"
5,B,The Resource Footprint (Memory Churn),go_inventory,go,inventory,order-go-twin:9083,order-go-twin:9083,2026-06-24 13:15:27,2026-06-24T07:45:27Z,1782287127,cooldown,2055.0,5027880.0,"{""__name__"": ""go_memstats_heap_alloc_bytes""}"
5,B,The Resource Footprint (Memory Churn),go_inventory,go,inventory,warehouse-go:8084,warehouse-go:8084,2026-06-24 13:15:27,2026-06-24T07:45:27Z,1782287127,cooldown,2055.0,4458928.0,"{""__name__"": ""go_memstats_heap_alloc_bytes""}"
5,B,The Resource Footprint (Memory Churn),go_inventory,go,inventory,inventory-go-twin:9082,inventory-go-twin:9082,2026-06-24 13:15:42,2026-06-24T07:45:42Z,1782287142,cooldown,2070.0,7124816.0,"{""__name__"": ""go_memstats_heap_alloc_bytes""}"
5,B,The Resource Footprint (Memory Churn),go_inventory,go,inventory,order-go-twin:9083,order-go-twin:9083,2026-06-24 13:15:42,2026-06-24T07:45:42Z,1782287142,cooldown,2070.0,5830152.0,"{""__name__"": ""go_memstats_heap_alloc_bytes""}"
5,B,The Resource Footprint (Memory Churn),go_inventory,go,inventory,warehouse-go:8084,warehouse-go:8084,2026-06-24 13:15:42,2026-06-24T07:45:42Z,1782287142,cooldown,2070.0,4962144.0,"{""__name__"": ""go_memstats_heap_alloc_bytes""}"
5,B,The Resource Footprint (Memory Churn),go_inventory,go,inventory,inventory-go-twin:9082,inventory-go-twin:9082,2026-06-24 13:15:57,2026-06-24T07:45:57Z,1782287157,cooldown,2085.0,5515704.0,"{""__name__"": ""go_memstats_heap_alloc_bytes""}"
5,B,The Resource Footprint (Memory Churn),go_inventory,go,inventory,order-go-twin:9083,order-go-twin:9083,2026-06-24 13:15:57,2026-06-24T07:45:57Z,1782287157,cooldown,2085.0,3591968.0,"{""__name__"": ""go_memstats_heap_alloc_bytes""}"
5,B,The Resource Footprint (Memory Churn),go_inventory,go,inventory,warehouse-go:8084,warehouse-go:8084,2026-06-24 13:15:57,2026-06-24T07:45:57Z,1782287157,cooldown,2085.0,4460928.0,"{""__name__"": ""go_memstats_heap_alloc_bytes""}"
5,B,The Resource Footprint (Memory Churn),go_inventory,go,inventory,inventory-go-twin:9082,inventory-go-twin:9082,2026-06-24 13:16:12,2026-06-24T07:46:12Z,1782287172,post_test,2100.0,6590144.0,"{""__name__"": ""go_memstats_heap_alloc_bytes""}"
5,B,The Resource Footprint (Memory Churn),go_inventory,go,inventory,order-go-twin:9083,order-go-twin:9083,2026-06-24 13:16:12,2026-06-24T07:46:12Z,1782287172,post_test,2100.0,4123200.0,"{""__name__"": ""go_memstats_heap_alloc_bytes""}"
5,B,The Resource Footprint (Memory Churn),go_inventory,go,inventory,warehouse-go:8084,warehouse-go:8084,2026-06-24 13:16:12,2026-06-24T07:46:12Z,1782287172,post_test,2100.0,5777056.0,"{""__name__"": ""go_memstats_heap_alloc_bytes""}"
5,B,The Resource Footprint (Memory Churn),go_order,go,order,inventory-go-twin:9082,inventory-go-twin:9082,2026-06-24 11:20:51,2026-06-24T05:50:51Z,1782280251,warmup,0.0,3549288.0,"{""__name__"": ""go_memstats_heap_alloc_bytes""}"
5,B,The Resource Footprint (Memory Churn),go_order,go,order,order-go-twin:9083,order-go-twin:9083,2026-06-24 11:20:51,2026-06-24T05:50:51Z,1782280251,warmup,0.0,3316664.0,"{""__name__"": ""go_memstats_heap_alloc_bytes""}"
5,B,The Resource Footprint (Memory Churn),go_order,go,order,warehouse-go:8084,warehouse-go:8084,2026-06-24 11:20:51,2026-06-24T05:50:51Z,1782280251,warmup,0.0,4091512.0,"{""__name__"": ""go_memstats_heap_alloc_bytes""}"
5,B,The Resource Footprint (Memory Churn),go_order,go,order,inventory-go-twin:9082,inventory-go-twin:9082,2026-06-24 11:21:06,2026-06-24T05:51:06Z,1782280266,warmup,15.0,4210496.0,"{""__name__"": ""go_memstats_heap_alloc_bytes""}"
5,B,The Resource Footprint (Memory Churn),go_order,go,order,order-go-twin:9083,order-go-twin:9083,2026-06-24 11:21:06,2026-06-24T05:51:06Z,1782280266,warmup,15.0,3864000.0,"{""__name__"": ""go_memstats_heap_alloc_bytes""}"
5,B,The Resource Footprint (Memory Churn),go_order,go,order,warehouse-go:8084,warehouse-go:8084,2026-06-24 11:21:06,2026-06-24T05:51:06Z,1782280266,warmup,15.0,4486424.0,"{""__name__"": ""go_memstats_heap_alloc_bytes""}"
5,B,The Resource Footprint (Memory Churn),go_order,go,order,inventory-go-twin:9082,inventory-go-twin:9082,2026-06-24 11:21:21,2026-06-24T05:51:21Z,1782280281,warmup,30.0,4723856.0,"{""__name__"": ""go_memstats_heap_alloc_bytes""}"
5,B,The Resource Footprint (Memory Churn),go_order,go,order,order-go-twin:9083,order-go-twin:9083,2026-06-24 11:21:21,2026-06-24T05:51:21Z,1782280281,warmup,30.0,4362032.0,"{""__name__"": ""go_memstats_heap_alloc_bytes""}"
5,B,The Resource Footprint (Memory Churn),go_order,go,order,warehouse-go:8084,warehouse-go:8084,2026-06-24 11:21:21,2026-06-24T05:51:21Z,1782280281,warmup,30.0,3938000.0,"{""__name__"": ""go_memstats_heap_alloc_bytes""}"
5,B,The Resource Footprint (Memory Churn),go_order,go,order,inventory-go-twin:9082,inventory-go-twin:9082,2026-06-24 11:21:36,2026-06-24T05:51:36Z,1782280296,warmup,45.0,3183520.0,"{""__name__"": ""go_memstats_heap_alloc_bytes""}"
5,B,The Resource Footprint (Memory Churn),go_order,go,order,order-go-twin:9083,order-go-twin:9083,2026-06-24 11:21:36,2026-06-24T05:51:36Z,1782280296,warmup,45.0,3482392.0,"{""__name__"": ""go_memstats_heap_alloc_bytes""}"
5,B,The Resource Footprint (Memory Churn),go_order,go,order,warehouse-go:8084,warehouse-go:8084,2026-06-24 11:21:36,2026-06-24T05:51:36Z,1782280296,warmup,45.0,3941200.0,"{""__name__"": ""go_memstats_heap_alloc_bytes""}"
5,B,The Resource Footprint (Memory Churn),go_order,go,order,inventory-go-twin:9082,inventory-go-twin:9082,2026-06-24 11:21:51,2026-06-24T05:51:51Z,1782280311,warmup,60.0,4015800.0,"{""__name__"": ""go_memstats_heap_alloc_bytes""}"
5,B,The Resource Footprint (Memory Churn),go_order,go,order,order-go-twin:9083,order-go-twin:9083,2026-06-24 11:21:51,2026-06-24T05:51:51Z,1782280311,warmup,60.0,4645200.0,"{""__name__"": ""go_memstats_heap_alloc_bytes""}"
5,B,The Resource Footprint (Memory Churn),go_order,go,order,warehouse-go:8084,warehouse-go:8084,2026-06-24 11:21:51,2026-06-24T05:51:51Z,1782280311,warmup,60.0,5144896.0,"{""__name__"": ""go_memstats_heap_alloc_bytes""}"
5,B,The Resource Footprint (Memory Churn),go_order,go,order,inventory-go-twin:9082,inventory-go-twin:9082,2026-06-24 11:22:06,2026-06-24T05:52:06Z,1782280326,warmup,75.0,3321776.0,"{""__name__"": ""go_memstats_heap_alloc_bytes""}"
5,B,The Resource Footprint (Memory Churn),go_order,go,order,order-go-twin:9083,order-go-twin:9083,2026-06-24 11:22:06,2026-06-24T05:52:06Z,1782280326,warmup,75.0,4017464.0,"{""__name__"": ""go_memstats_heap_alloc_bytes""}"
5,B,The Resource Footprint (Memory Churn),go_order,go,order,warehouse-go:8084,warehouse-go:8084,2026-06-24 11:22:06,2026-06-24T05:52:06Z,1782280326,warmup,75.0,5803968.0,"{""__name__"": ""go_memstats_heap_alloc_bytes""}"
5,B,The Resource Footprint (Memory Churn),go_order,go,order,inventory-go-twin:9082,inventory-go-twin:9082,2026-06-24 11:22:21,2026-06-24T05:52:21Z,1782280341,warmup,90.0,4479040.0,"{""__name__"": ""go_memstats_heap_alloc_bytes""}"
5,B,The Resource Footprint (Memory Churn),go_order,go,order,order-go-twin:9083,order-go-twin:9083,2026-06-24 11:22:21,2026-06-24T05:52:21Z,1782280341,warmup,90.0,3792848.0,"{""__name__"": ""go_memstats_heap_alloc_bytes""}"
5,B,The Resource Footprint (Memory Churn),go_order,go,order,warehouse-go:8084,warehouse-go:8084,2026-06-24 11:22:21,2026-06-24T05:52:21Z,1782280341,warmup,90.0,6564408.0,"{""__name__"": ""go_memstats_heap_alloc_bytes""}"
5,B,The Resource Footprint (Memory Churn),go_order,go,order,inventory-go-twin:9082,inventory-go-twin:9082,2026-06-24 11:22:36,2026-06-24T05:52:36Z,1782280356,warmup,105.0,3891152.0,"{""__name__"": ""go_memstats_heap_alloc_bytes""}"
5,B,The Resource Footprint (Memory Churn),go_order,go,order,order-go-twin:9083,order-go-twin:9083,2026-06-24 11:22:36,2026-06-24T05:52:36Z,1782280356,warmup,105.0,4157232.0,"{""__name__"": ""go_memstats_heap_alloc_bytes""}"
5,B,The Resource Footprint (Memory Churn),go_order,go,order,warehouse-go:8084,warehouse-go:8084,2026-06-24 11:22:36,2026-06-24T05:52:36Z,1782280356,warmup,105.0,4356040.0,"{""__name__"": ""go_memstats_heap_alloc_bytes""}"
5,B,The Resource Footprint (Memory Churn),go_order,go,order,inventory-go-twin:9082,inventory-go-twin:9082,2026-06-24 11:22:51,2026-06-24T05:52:51Z,1782280371,warmup,120.0,3428432.0,"{""__name__"": ""go_memstats_heap_alloc_bytes""}"
5,B,The Resource Footprint (Memory Churn),go_order,go,order,order-go-twin:9083,order-go-twin:9083,2026-06-24 11:22:51,2026-06-24T05:52:51Z,1782280371,warmup,120.0,2804328.0,"{""__name__"": ""go_memstats_heap_alloc_bytes""}"
5,B,The Resource Footprint (Memory Churn),go_order,go,order,warehouse-go:8084,warehouse-go:8084,2026-06-24 11:22:51,2026-06-24T05:52:51Z,1782280371,warmup,120.0,4773432.0,"{""__name__"": ""go_memstats_heap_alloc_bytes""}"
5,B,The Resource Footprint (Memory Churn),go_order,go,order,inventory-go-twin:9082,inventory-go-twin:9082,2026-06-24 11:23:06,2026-06-24T05:53:06Z,1782280386,warmup,135.0,4730360.0,"{""__name__"": ""go_memstats_heap_alloc_bytes""}"
5,B,The Resource Footprint (Memory Churn),go_order,go,order,order-go-twin:9083,order-go-twin:9083,2026-06-24 11:23:06,2026-06-24T05:53:06Z,1782280386,warmup,135.0,2880264.0,"{""__name__"": ""go_memstats_heap_alloc_bytes""}"
5,B,The Resource Footprint (Memory Churn),go_order,go,order,warehouse-go:8084,warehouse-go:8084,2026-06-24 11:23:06,2026-06-24T05:53:06Z,1782280386,warmup,135.0,3958344.0,"{""__name__"": ""go_memstats_heap_alloc_bytes""}"
5,B,The Resource Footprint (Memory Churn),go_order,go,order,inventory-go-twin:9082,inventory-go-twin:9082,2026-06-24 11:23:21,2026-06-24T05:53:21Z,1782280401,warmup,150.0,4088888.0,"{""__name__"": ""go_memstats_heap_alloc_bytes""}"
5,B,The Resource Footprint (Memory Churn),go_order,go,order,order-go-twin:9083,order-go-twin:9083,2026-06-24 11:23:21,2026-06-24T05:53:21Z,1782280401,warmup,150.0,4210904.0,"{""__name__"": ""go_memstats_heap_alloc_bytes""}"
5,B,The Resource Footprint (Memory Churn),go_order,go,order,warehouse-go:8084,warehouse-go:8084,2026-06-24 11:23:21,2026-06-24T05:53:21Z,1782280401,warmup,150.0,3957760.0,"{""__name__"": ""go_memstats_heap_alloc_bytes""}"
5,B,The Resource Footprint (Memory Churn),go_order,go,order,inventory-go-twin:9082,inventory-go-twin:9082,2026-06-24 11:23:36,2026-06-24T05:53:36Z,1782280416,warmup,165.0,3568432.0,"{""__name__"": ""go_memstats_heap_alloc_bytes""}"
5,B,The Resource Footprint (Memory Churn),go_order,go,order,order-go-twin:9083,order-go-twin:9083,2026-06-24 11:23:36,2026-06-24T05:53:36Z,1782280416,warmup,165.0,2673040.0,"{""__name__"": ""go_memstats_heap_alloc_bytes""}"
5,B,The Resource Footprint (Memory Churn),go_order,go,order,warehouse-go:8084,warehouse-go:8084,2026-06-24 11:23:36,2026-06-24T05:53:36Z,1782280416,warmup,165.0,3986312.0,"{""__name__"": ""go_memstats_heap_alloc_bytes""}"
5,B,The Resource Footprint (Memory Churn),go_order,go,order,inventory-go-twin:9082,inventory-go-twin:9082,2026-06-24 11:23:51,2026-06-24T05:53:51Z,1782280431,warmup,180.0,3758104.0,"{""__name__"": ""go_memstats_heap_alloc_bytes""}"
5,B,The Resource Footprint (Memory Churn),go_order,go,order,order-go-twin:9083,order-go-twin:9083,2026-06-24 11:23:51,2026-06-24T05:53:51Z,1782280431,warmup,180.0,3290928.0,"{""__name__"": ""go_memstats_heap_alloc_bytes""}"
5,B,The Resource Footprint (Memory Churn),go_order,go,order,warehouse-go:8084,warehouse-go:8084,2026-06-24 11:23:51,2026-06-24T05:53:51Z,1782280431,warmup,180.0,5061864.0,"{""__name__"": ""go_memstats_heap_alloc_bytes""}"
5,B,The Resource Footprint (Memory Churn),go_order,go,order,inventory-go-twin:9082,inventory-go-twin:9082,2026-06-24 11:24:06,2026-06-24T05:54:06Z,1782280446,warmup,195.0,3387920.0,"{""__name__"": ""go_memstats_heap_alloc_bytes""}"
5,B,The Resource Footprint (Memory Churn),go_order,go,order,order-go-twin:9083,order-go-twin:9083,2026-06-24 11:24:06,2026-06-24T05:54:06Z,1782280446,warmup,195.0,2982560.0,"{""__name__"": ""go_memstats_heap_alloc_bytes""}"
5,B,The Resource Footprint (Memory Churn),go_order,go,order,warehouse-go:8084,warehouse-go:8084,2026-06-24 11:24:06,2026-06-24T05:54:06Z,1782280446,warmup,195.0,4077520.0,"{""__name__"": ""go_memstats_heap_alloc_bytes""}"
5,B,The Resource Footprint (Memory Churn),go_order,go,order,inventory-go-twin:9082,inventory-go-twin:9082,2026-06-24 11:24:21,2026-06-24T05:54:21Z,1782280461,warmup,210.0,4999832.0,"{""__name__"": ""go_memstats_heap_alloc_bytes""}"
5,B,The Resource Footprint (Memory Churn),go_order,go,order,order-go-twin:9083,order-go-twin:9083,2026-06-24 11:24:21,2026-06-24T05:54:21Z,1782280461,warmup,210.0,2835216.0,"{""__name__"": ""go_memstats_heap_alloc_bytes""}"
5,B,The Resource Footprint (Memory Churn),go_order,go,order,warehouse-go:8084,warehouse-go:8084,2026-06-24 11:24:21,2026-06-24T05:54:21Z,1782280461,warmup,210.0,4834400.0,"{""__name__"": ""go_memstats_heap_alloc_bytes""}"
5,B,The Resource Footprint (Memory Churn),go_order,go,order,inventory-go-twin:9082,inventory-go-twin:9082,2026-06-24 11:24:36,2026-06-24T05:54:36Z,1782280476,warmup,225.0,4726808.0,"{""__name__"": ""go_memstats_heap_alloc_bytes""}"
5,B,The Resource Footprint (Memory Churn),go_order,go,order,order-go-twin:9083,order-go-twin:9083,2026-06-24 11:24:36,2026-06-24T05:54:36Z,1782280476,warmup,225.0,3867504.0,"{""__name__"": ""go_memstats_heap_alloc_bytes""}"
5,B,The Resource Footprint (Memory Churn),go_order,go,order,warehouse-go:8084,warehouse-go:8084,2026-06-24 11:24:36,2026-06-24T05:54:36Z,1782280476,warmup,225.0,4890192.0,"{""__name__"": ""go_memstats_heap_alloc_bytes""}"
5,B,The Resource Footprint (Memory Churn),go_order,go,order,inventory-go-twin:9082,inventory-go-twin:9082,2026-06-24 11:24:51,2026-06-24T05:54:51Z,1782280491,warmup,240.0,4692736.0,"{""__name__"": ""go_memstats_heap_alloc_bytes""}"
5,B,The Resource Footprint (Memory Churn),go_order,go,order,order-go-twin:9083,order-go-twin:9083,2026-06-24 11:24:51,2026-06-24T05:54:51Z,1782280491,warmup,240.0,3395200.0,"{""__name__"": ""go_memstats_heap_alloc_bytes""}"
5,B,The Resource Footprint (Memory Churn),go_order,go,order,warehouse-go:8084,warehouse-go:8084,2026-06-24 11:24:51,2026-06-24T05:54:51Z,1782280491,warmup,240.0,5269472.0,"{""__name__"": ""go_memstats_heap_alloc_bytes""}"
5,B,The Resource Footprint (Memory Churn),go_order,go,order,inventory-go-twin:9082,inventory-go-twin:9082,2026-06-24 11:25:06,2026-06-24T05:55:06Z,1782280506,warmup,255.0,4779192.0,"{""__name__"": ""go_memstats_heap_alloc_bytes""}"
5,B,The Resource Footprint (Memory Churn),go_order,go,order,order-go-twin:9083,order-go-twin:9083,2026-06-24 11:25:06,2026-06-24T05:55:06Z,1782280506,warmup,255.0,4322712.0,"{""__name__"": ""go_memstats_heap_alloc_bytes""}"
5,B,The Resource Footprint (Memory Churn),go_order,go,order,warehouse-go:8084,warehouse-go:8084,2026-06-24 11:25:06,2026-06-24T05:55:06Z,1782280506,warmup,255.0,5670520.0,"{""__name__"": ""go_memstats_heap_alloc_bytes""}"
5,B,The Resource Footprint (Memory Churn),go_order,go,order,inventory-go-twin:9082,inventory-go-twin:9082,2026-06-24 11:25:21,2026-06-24T05:55:21Z,1782280521,warmup,270.0,3881352.0,"{""__name__"": ""go_memstats_heap_alloc_bytes""}"
5,B,The Resource Footprint (Memory Churn),go_order,go,order,order-go-twin:9083,order-go-twin:9083,2026-06-24 11:25:21,2026-06-24T05:55:21Z,1782280521,warmup,270.0,4828656.0,"{""__name__"": ""go_memstats_heap_alloc_bytes""}"
5,B,The Resource Footprint (Memory Churn),go_order,go,order,warehouse-go:8084,warehouse-go:8084,2026-06-24 11:25:21,2026-06-24T05:55:21Z,1782280521,warmup,270.0,6812296.0,"{""__name__"": ""go_memstats_heap_alloc_bytes""}"
5,B,The Resource Footprint (Memory Churn),go_order,go,order,inventory-go-twin:9082,inventory-go-twin:9082,2026-06-24 11:25:36,2026-06-24T05:55:36Z,1782280536,warmup,285.0,2788528.0,"{""__name__"": ""go_memstats_heap_alloc_bytes""}"
5,B,The Resource Footprint (Memory Churn),go_order,go,order,order-go-twin:9083,order-go-twin:9083,2026-06-24 11:25:36,2026-06-24T05:55:36Z,1782280536,warmup,285.0,3199688.0,"{""__name__"": ""go_memstats_heap_alloc_bytes""}"
5,B,The Resource Footprint (Memory Churn),go_order,go,order,warehouse-go:8084,warehouse-go:8084,2026-06-24 11:25:36,2026-06-24T05:55:36Z,1782280536,warmup,285.0,7278248.0,"{""__name__"": ""go_memstats_heap_alloc_bytes""}"
5,B,The Resource Footprint (Memory Churn),go_order,go,order,inventory-go-twin:9082,inventory-go-twin:9082,2026-06-24 11:25:51,2026-06-24T05:55:51Z,1782280551,ramp_1,300.0,4138256.0,"{""__name__"": ""go_memstats_heap_alloc_bytes""}"
5,B,The Resource Footprint (Memory Churn),go_order,go,order,order-go-twin:9083,order-go-twin:9083,2026-06-24 11:25:51,2026-06-24T05:55:51Z,1782280551,ramp_1,300.0,4689216.0,"{""__name__"": ""go_memstats_heap_alloc_bytes""}"
5,B,The Resource Footprint (Memory Churn),go_order,go,order,warehouse-go:8084,warehouse-go:8084,2026-06-24 11:25:51,2026-06-24T05:55:51Z,1782280551,ramp_1,300.0,6615960.0,"{""__name__"": ""go_memstats_heap_alloc_bytes""}"
5,B,The Resource Footprint (Memory Churn),go_order,go,order,inventory-go-twin:9082,inventory-go-twin:9082,2026-06-24 11:26:06,2026-06-24T05:56:06Z,1782280566,ramp_1,315.0,4779552.0,"{""__name__"": ""go_memstats_heap_alloc_bytes""}"
5,B,The Resource Footprint (Memory Churn),go_order,go,order,order-go-twin:9083,order-go-twin:9083,2026-06-24 11:26:06,2026-06-24T05:56:06Z,1782280566,ramp_1,315.0,4514784.0,"{""__name__"": ""go_memstats_heap_alloc_bytes""}"
5,B,The Resource Footprint (Memory Churn),go_order,go,order,warehouse-go:8084,warehouse-go:8084,2026-06-24 11:26:06,2026-06-24T05:56:06Z,1782280566,ramp_1,315.0,8641992.0,"{""__name__"": ""go_memstats_heap_alloc_bytes""}"
5,B,The Resource Footprint (Memory Churn),go_order,go,order,inventory-go-twin:9082,inventory-go-twin:9082,2026-06-24 11:26:21,2026-06-24T05:56:21Z,1782280581,ramp_1,330.0,4218192.0,"{""__name__"": ""go_memstats_heap_alloc_bytes""}"
5,B,The Resource Footprint (Memory Churn),go_order,go,order,order-go-twin:9083,order-go-twin:9083,2026-06-24 11:26:21,2026-06-24T05:56:21Z,1782280581,ramp_1,330.0,5611736.0,"{""__name__"": ""go_memstats_heap_alloc_bytes""}"
5,B,The Resource Footprint (Memory Churn),go_order,go,order,warehouse-go:8084,warehouse-go:8084,2026-06-24 11:26:21,2026-06-24T05:56:21Z,1782280581,ramp_1,330.0,9958040.0,"{""__name__"": ""go_memstats_heap_alloc_bytes""}"
5,B,The Resource Footprint (Memory Churn),go_order,go,order,inventory-go-twin:9082,inventory-go-twin:9082,2026-06-24 11:26:36,2026-06-24T05:56:36Z,1782280596,ramp_1,345.0,4454328.0,"{""__name__"": ""go_memstats_heap_alloc_bytes""}"
5,B,The Resource Footprint (Memory Churn),go_order,go,order,order-go-twin:9083,order-go-twin:9083,2026-06-24 11:26:36,2026-06-24T05:56:36Z,1782280596,ramp_1,345.0,2547792.0,"{""__name__"": ""go_memstats_heap_alloc_bytes""}"
5,B,The Resource Footprint (Memory Churn),go_order,go,order,warehouse-go:8084,warehouse-go:8084,2026-06-24 11:26:36,2026-06-24T05:56:36Z,1782280596,ramp_1,345.0,5814504.0,"{""__name__"": ""go_memstats_heap_alloc_bytes""}"
5,B,The Resource Footprint (Memory Churn),go_order,go,order,inventory-go-twin:9082,inventory-go-twin:9082,2026-06-24 11:26:51,2026-06-24T05:56:51Z,1782280611,ramp_1,360.0,5295032.0,"{""__name__"": ""go_memstats_heap_alloc_bytes""}"
5,B,The Resource Footprint (Memory Churn),go_order,go,order,order-go-twin:9083,order-go-twin:9083,2026-06-24 11:26:51,2026-06-24T05:56:51Z,1782280611,ramp_1,360.0,3150768.0,"{""__name__"": ""go_memstats_heap_alloc_bytes""}"
5,B,The Resource Footprint (Memory Churn),go_order,go,order,warehouse-go:8084,warehouse-go:8084,2026-06-24 11:26:51,2026-06-24T05:56:51Z,1782280611,ramp_1,360.0,6101656.0,"{""__name__"": ""go_memstats_heap_alloc_bytes""}"
5,B,The Resource Footprint (Memory Churn),go_order,go,order,inventory-go-twin:9082,inventory-go-twin:9082,2026-06-24 11:27:06,2026-06-24T05:57:06Z,1782280626,ramp_1,375.0,3131144.0,"{""__name__"": ""go_memstats_heap_alloc_bytes""}"
5,B,The Resource Footprint (Memory Churn),go_order,go,order,order-go-twin:9083,order-go-twin:9083,2026-06-24 11:27:06,2026-06-24T05:57:06Z,1782280626,ramp_1,375.0,2915848.0,"{""__name__"": ""go_memstats_heap_alloc_bytes""}"
5,B,The Resource Footprint (Memory Churn),go_order,go,order,warehouse-go:8084,warehouse-go:8084,2026-06-24 11:27:06,2026-06-24T05:57:06Z,1782280626,ramp_1,375.0,7272728.0,"{""__name__"": ""go_memstats_heap_alloc_bytes""}"
5,B,The Resource Footprint (Memory Churn),go_order,go,order,inventory-go-twin:9082,inventory-go-twin:9082,2026-06-24 11:27:21,2026-06-24T05:57:21Z,1782280641,ramp_1,390.0,3937512.0,"{""__name__"": ""go_memstats_heap_alloc_bytes""}"
5,B,The Resource Footprint (Memory Churn),go_order,go,order,order-go-twin:9083,order-go-twin:9083,2026-06-24 11:27:21,2026-06-24T05:57:21Z,1782280641,ramp_1,390.0,5136232.0,"{""__name__"": ""go_memstats_heap_alloc_bytes""}"
5,B,The Resource Footprint (Memory Churn),go_order,go,order,warehouse-go:8084,warehouse-go:8084,2026-06-24 11:27:21,2026-06-24T05:57:21Z,1782280641,ramp_1,390.0,7766168.0,"{""__name__"": ""go_memstats_heap_alloc_bytes""}"
5,B,The Resource Footprint (Memory Churn),go_order,go,order,inventory-go-twin:9082,inventory-go-twin:9082,2026-06-24 11:27:36,2026-06-24T05:57:36Z,1782280656,ramp_1,405.0,4658792.0,"{""__name__"": ""go_memstats_heap_alloc_bytes""}"
5,B,The Resource Footprint (Memory Churn),go_order,go,order,order-go-twin:9083,order-go-twin:9083,2026-06-24 11:27:36,2026-06-24T05:57:36Z,1782280656,ramp_1,405.0,2973840.0,"{""__name__"": ""go_memstats_heap_alloc_bytes""}"
5,B,The Resource Footprint (Memory Churn),go_order,go,order,warehouse-go:8084,warehouse-go:8084,2026-06-24 11:27:36,2026-06-24T05:57:36Z,1782280656,ramp_1,405.0,8199000.0,"{""__name__"": ""go_memstats_heap_alloc_bytes""}"
5,B,The Resource Footprint (Memory Churn),go_order,go,order,inventory-go-twin:9082,inventory-go-twin:9082,2026-06-24 11:27:51,2026-06-24T05:57:51Z,1782280671,ramp_1,420.0,4342352.0,"{""__name__"": ""go_memstats_heap_alloc_bytes""}"
5,B,The Resource Footprint (Memory Churn),go_order,go,order,order-go-twin:9083,order-go-twin:9083,2026-06-24 11:27:51,2026-06-24T05:57:51Z,1782280671,ramp_1,420.0,3334480.0,"{""__name__"": ""go_memstats_heap_alloc_bytes""}"
5,B,The Resource Footprint (Memory Churn),go_order,go,order,warehouse-go:8084,warehouse-go:8084,2026-06-24 11:27:51,2026-06-24T05:57:51Z,1782280671,ramp_1,420.0,6698608.0,"{""__name__"": ""go_memstats_heap_alloc_bytes""}"
5,B,The Resource Footprint (Memory Churn),go_order,go,order,inventory-go-twin:9082,inventory-go-twin:9082,2026-06-24 11:28:06,2026-06-24T05:58:06Z,1782280686,ramp_1,435.0,4428912.0,"{""__name__"": ""go_memstats_heap_alloc_bytes""}"
5,B,The Resource Footprint (Memory Churn),go_order,go,order,order-go-twin:9083,order-go-twin:9083,2026-06-24 11:28:06,2026-06-24T05:58:06Z,1782280686,ramp_1,435.0,3900800.0,"{""__name__"": ""go_memstats_heap_alloc_bytes""}"
5,B,The Resource Footprint (Memory Churn),go_order,go,order,warehouse-go:8084,warehouse-go:8084,2026-06-24 11:28:06,2026-06-24T05:58:06Z,1782280686,ramp_1,435.0,6950128.0,"{""__name__"": ""go_memstats_heap_alloc_bytes""}"
5,B,The Resource Footprint (Memory Churn),go_order,go,order,inventory-go-twin:9082,inventory-go-twin:9082,2026-06-24 11:28:21,2026-06-24T05:58:21Z,1782280701,ramp_1,450.0,4420208.0,"{""__name__"": ""go_memstats_heap_alloc_bytes""}"
5,B,The Resource Footprint (Memory Churn),go_order,go,order,order-go-twin:9083,order-go-twin:9083,2026-06-24 11:28:21,2026-06-24T05:58:21Z,1782280701,ramp_1,450.0,4296792.0,"{""__name__"": ""go_memstats_heap_alloc_bytes""}"
5,B,The Resource Footprint (Memory Churn),go_order,go,order,warehouse-go:8084,warehouse-go:8084,2026-06-24 11:28:21,2026-06-24T05:58:21Z,1782280701,ramp_1,450.0,7302288.0,"{""__name__"": ""go_memstats_heap_alloc_bytes""}"
5,B,The Resource Footprint (Memory Churn),go_order,go,order,inventory-go-twin:9082,inventory-go-twin:9082,2026-06-24 11:28:36,2026-06-24T05:58:36Z,1782280716,ramp_1,465.0,4557400.0,"{""__name__"": ""go_memstats_heap_alloc_bytes""}"
5,B,The Resource Footprint (Memory Churn),go_order,go,order,order-go-twin:9083,order-go-twin:9083,2026-06-24 11:28:36,2026-06-24T05:58:36Z,1782280716,ramp_1,465.0,2854104.0,"{""__name__"": ""go_memstats_heap_alloc_bytes""}"
5,B,The Resource Footprint (Memory Churn),go_order,go,order,warehouse-go:8084,warehouse-go:8084,2026-06-24 11:28:36,2026-06-24T05:58:36Z,1782280716,ramp_1,465.0,7866960.0,"{""__name__"": ""go_memstats_heap_alloc_bytes""}"
5,B,The Resource Footprint (Memory Churn),go_order,go,order,inventory-go-twin:9082,inventory-go-twin:9082,2026-06-24 11:28:51,2026-06-24T05:58:51Z,1782280731,ramp_1,480.0,4042696.0,"{""__name__"": ""go_memstats_heap_alloc_bytes""}"
5,B,The Resource Footprint (Memory Churn),go_order,go,order,order-go-twin:9083,order-go-twin:9083,2026-06-24 11:28:51,2026-06-24T05:58:51Z,1782280731,ramp_1,480.0,4609056.0,"{""__name__"": ""go_memstats_heap_alloc_bytes""}"
5,B,The Resource Footprint (Memory Churn),go_order,go,order,warehouse-go:8084,warehouse-go:8084,2026-06-24 11:28:51,2026-06-24T05:58:51Z,1782280731,ramp_1,480.0,8411440.0,"{""__name__"": ""go_memstats_heap_alloc_bytes""}"
5,B,The Resource Footprint (Memory Churn),go_order,go,order,inventory-go-twin:9082,inventory-go-twin:9082,2026-06-24 11:29:06,2026-06-24T05:59:06Z,1782280746,ramp_1,495.0,3068696.0,"{""__name__"": ""go_memstats_heap_alloc_bytes""}"
5,B,The Resource Footprint (Memory Churn),go_order,go,order,order-go-twin:9083,order-go-twin:9083,2026-06-24 11:29:06,2026-06-24T05:59:06Z,1782280746,ramp_1,495.0,4293024.0,"{""__name__"": ""go_memstats_heap_alloc_bytes""}"
5,B,The Resource Footprint (Memory Churn),go_order,go,order,warehouse-go:8084,warehouse-go:8084,2026-06-24 11:29:06,2026-06-24T05:59:06Z,1782280746,ramp_1,495.0,9008840.0,"{""__name__"": ""go_memstats_heap_alloc_bytes""}"
5,B,The Resource Footprint (Memory Churn),go_order,go,order,inventory-go-twin:9082,inventory-go-twin:9082,2026-06-24 11:29:21,2026-06-24T05:59:21Z,1782280761,ramp_1,510.0,3741160.0,"{""__name__"": ""go_memstats_heap_alloc_bytes""}"
5,B,The Resource Footprint (Memory Churn),go_order,go,order,order-go-twin:9083,order-go-twin:9083,2026-06-24 11:29:21,2026-06-24T05:59:21Z,1782280761,ramp_1,510.0,4762432.0,"{""__name__"": ""go_memstats_heap_alloc_bytes""}"
5,B,The Resource Footprint (Memory Churn),go_order,go,order,warehouse-go:8084,warehouse-go:8084,2026-06-24 11:29:21,2026-06-24T05:59:21Z,1782280761,ramp_1,510.0,9549832.0,"{""__name__"": ""go_memstats_heap_alloc_bytes""}"
5,B,The Resource Footprint (Memory Churn),go_order,go,order,inventory-go-twin:9082,inventory-go-twin:9082,2026-06-24 11:29:36,2026-06-24T05:59:36Z,1782280776,ramp_1,525.0,3102200.0,"{""__name__"": ""go_memstats_heap_alloc_bytes""}"
5,B,The Resource Footprint (Memory Churn),go_order,go,order,order-go-twin:9083,order-go-twin:9083,2026-06-24 11:29:36,2026-06-24T05:59:36Z,1782280776,ramp_1,525.0,3309456.0,"{""__name__"": ""go_memstats_heap_alloc_bytes""}"
5,B,The Resource Footprint (Memory Churn),go_order,go,order,warehouse-go:8084,warehouse-go:8084,2026-06-24 11:29:36,2026-06-24T05:59:36Z,1782280776,ramp_1,525.0,6723744.0,"{""__name__"": ""go_memstats_heap_alloc_bytes""}"
5,B,The Resource Footprint (Memory Churn),go_order,go,order,inventory-go-twin:9082,inventory-go-twin:9082,2026-06-24 11:29:51,2026-06-24T05:59:51Z,1782280791,ramp_1,540.0,3301568.0,"{""__name__"": ""go_memstats_heap_alloc_bytes""}"
5,B,The Resource Footprint (Memory Churn),go_order,go,order,order-go-twin:9083,order-go-twin:9083,2026-06-24 11:29:51,2026-06-24T05:59:51Z,1782280791,ramp_1,540.0,2866976.0,"{""__name__"": ""go_memstats_heap_alloc_bytes""}"
5,B,The Resource Footprint (Memory Churn),go_order,go,order,warehouse-go:8084,warehouse-go:8084,2026-06-24 11:29:51,2026-06-24T05:59:51Z,1782280791,ramp_1,540.0,7060272.0,"{""__name__"": ""go_memstats_heap_alloc_bytes""}"
5,B,The Resource Footprint (Memory Churn),go_order,go,order,inventory-go-twin:9082,inventory-go-twin:9082,2026-06-24 11:30:06,2026-06-24T06:00:06Z,1782280806,ramp_1,555.0,3286712.0,"{""__name__"": ""go_memstats_heap_alloc_bytes""}"
5,B,The Resource Footprint (Memory Churn),go_order,go,order,order-go-twin:9083,order-go-twin:9083,2026-06-24 11:30:06,2026-06-24T06:00:06Z,1782280806,ramp_1,555.0,4988896.0,"{""__name__"": ""go_memstats_heap_alloc_bytes""}"
5,B,The Resource Footprint (Memory Churn),go_order,go,order,warehouse-go:8084,warehouse-go:8084,2026-06-24 11:30:06,2026-06-24T06:00:06Z,1782280806,ramp_1,555.0,8320192.0,"{""__name__"": ""go_memstats_heap_alloc_bytes""}"
5,B,The Resource Footprint (Memory Churn),go_order,go,order,inventory-go-twin:9082,inventory-go-twin:9082,2026-06-24 11:30:21,2026-06-24T06:00:21Z,1782280821,ramp_1,570.0,4284360.0,"{""__name__"": ""go_memstats_heap_alloc_bytes""}"
5,B,The Resource Footprint (Memory Churn),go_order,go,order,order-go-twin:9083,order-go-twin:9083,2026-06-24 11:30:21,2026-06-24T06:00:21Z,1782280821,ramp_1,570.0,3210600.0,"{""__name__"": ""go_memstats_heap_alloc_bytes""}"
5,B,The Resource Footprint (Memory Churn),go_order,go,order,warehouse-go:8084,warehouse-go:8084,2026-06-24 11:30:21,2026-06-24T06:00:21Z,1782280821,ramp_1,570.0,9672496.0,"{""__name__"": ""go_memstats_heap_alloc_bytes""}"
5,B,The Resource Footprint (Memory Churn),go_order,go,order,inventory-go-twin:9082,inventory-go-twin:9082,2026-06-24 11:30:36,2026-06-24T06:00:36Z,1782280836,ramp_1,585.0,2249344.0,"{""__name__"": ""go_memstats_heap_alloc_bytes""}"
5,B,The Resource Footprint (Memory Churn),go_order,go,order,order-go-twin:9083,order-go-twin:9083,2026-06-24 11:30:36,2026-06-24T06:00:36Z,1782280836,ramp_1,585.0,4286576.0,"{""__name__"": ""go_memstats_heap_alloc_bytes""}"
5,B,The Resource Footprint (Memory Churn),go_order,go,order,warehouse-go:8084,warehouse-go:8084,2026-06-24 11:30:36,2026-06-24T06:00:36Z,1782280836,ramp_1,585.0,10264272.0,"{""__name__"": ""go_memstats_heap_alloc_bytes""}"
5,B,The Resource Footprint (Memory Churn),go_order,go,order,inventory-go-twin:9082,inventory-go-twin:9082,2026-06-24 11:30:51,2026-06-24T06:00:51Z,1782280851,ramp_2,600.0,2704224.0,"{""__name__"": ""go_memstats_heap_alloc_bytes""}"
5,B,The Resource Footprint (Memory Churn),go_order,go,order,order-go-twin:9083,order-go-twin:9083,2026-06-24 11:30:51,2026-06-24T06:00:51Z,1782280851,ramp_2,600.0,3697520.0,"{""__name__"": ""go_memstats_heap_alloc_bytes""}"
5,B,The Resource Footprint (Memory Churn),go_order,go,order,warehouse-go:8084,warehouse-go:8084,2026-06-24 11:30:51,2026-06-24T06:00:51Z,1782280851,ramp_2,600.0,6125168.0,"{""__name__"": ""go_memstats_heap_alloc_bytes""}"
5,B,The Resource Footprint (Memory Churn),go_order,go,order,inventory-go-twin:9082,inventory-go-twin:9082,2026-06-24 11:31:06,2026-06-24T06:01:06Z,1782280866,ramp_2,615.0,3052144.0,"{""__name__"": ""go_memstats_heap_alloc_bytes""}"
5,B,The Resource Footprint (Memory Churn),go_order,go,order,order-go-twin:9083,order-go-twin:9083,2026-06-24 11:31:06,2026-06-24T06:01:06Z,1782280866,ramp_2,615.0,4650744.0,"{""__name__"": ""go_memstats_heap_alloc_bytes""}"
5,B,The Resource Footprint (Memory Churn),go_order,go,order,warehouse-go:8084,warehouse-go:8084,2026-06-24 11:31:06,2026-06-24T06:01:06Z,1782280866,ramp_2,615.0,7341888.0,"{""__name__"": ""go_memstats_heap_alloc_bytes""}"
5,B,The Resource Footprint (Memory Churn),go_order,go,order,inventory-go-twin:9082,inventory-go-twin:9082,2026-06-24 11:31:21,2026-06-24T06:01:21Z,1782280881,ramp_2,630.0,4451744.0,"{""__name__"": ""go_memstats_heap_alloc_bytes""}"
5,B,The Resource Footprint (Memory Churn),go_order,go,order,order-go-twin:9083,order-go-twin:9083,2026-06-24 11:31:21,2026-06-24T06:01:21Z,1782280881,ramp_2,630.0,3185328.0,"{""__name__"": ""go_memstats_heap_alloc_bytes""}"
5,B,The Resource Footprint (Memory Churn),go_order,go,order,warehouse-go:8084,warehouse-go:8084,2026-06-24 11:31:21,2026-06-24T06:01:21Z,1782280881,ramp_2,630.0,4233744.0,"{""__name__"": ""go_memstats_heap_alloc_bytes""}"
5,B,The Resource Footprint (Memory Churn),go_order,go,order,inventory-go-twin:9082,inventory-go-twin:9082,2026-06-24 11:31:36,2026-06-24T06:01:36Z,1782280896,ramp_2,645.0,4488792.0,"{""__name__"": ""go_memstats_heap_alloc_bytes""}"
5,B,The Resource Footprint (Memory Churn),go_order,go,order,order-go-twin:9083,order-go-twin:9083,2026-06-24 11:31:36,2026-06-24T06:01:36Z,1782280896,ramp_2,645.0,3728576.0,"{""__name__"": ""go_memstats_heap_alloc_bytes""}"
5,B,The Resource Footprint (Memory Churn),go_order,go,order,warehouse-go:8084,warehouse-go:8084,2026-06-24 11:31:36,2026-06-24T06:01:36Z,1782280896,ramp_2,645.0,6167008.0,"{""__name__"": ""go_memstats_heap_alloc_bytes""}"
5,B,The Resource Footprint (Memory Churn),go_order,go,order,inventory-go-twin:9082,inventory-go-twin:9082,2026-06-24 11:31:51,2026-06-24T06:01:51Z,1782280911,ramp_2,660.0,2024024.0,"{""__name__"": ""go_memstats_heap_alloc_bytes""}"
5,B,The Resource Footprint (Memory Churn),go_order,go,order,order-go-twin:9083,order-go-twin:9083,2026-06-24 11:31:51,2026-06-24T06:01:51Z,1782280911,ramp_2,660.0,4637672.0,"{""__name__"": ""go_memstats_heap_alloc_bytes""}"
5,B,The Resource Footprint (Memory Churn),go_order,go,order,warehouse-go:8084,warehouse-go:8084,2026-06-24 11:31:51,2026-06-24T06:01:51Z,1782280911,ramp_2,660.0,4199456.0,"{""__name__"": ""go_memstats_heap_alloc_bytes""}"
5,B,The Resource Footprint (Memory Churn),go_order,go,order,inventory-go-twin:9082,inventory-go-twin:9082,2026-06-24 11:32:06,2026-06-24T06:02:06Z,1782280926,ramp_2,675.0,2222872.0,"{""__name__"": ""go_memstats_heap_alloc_bytes""}"
5,B,The Resource Footprint (Memory Churn),go_order,go,order,order-go-twin:9083,order-go-twin:9083,2026-06-24 11:32:06,2026-06-24T06:02:06Z,1782280926,ramp_2,675.0,5048144.0,"{""__name__"": ""go_memstats_heap_alloc_bytes""}"
5,B,The Resource Footprint (Memory Churn),go_order,go,order,warehouse-go:8084,warehouse-go:8084,2026-06-24 11:32:06,2026-06-24T06:02:06Z,1782280926,ramp_2,675.0,5351296.0,"{""__name__"": ""go_memstats_heap_alloc_bytes""}"
5,B,The Resource Footprint (Memory Churn),go_order,go,order,inventory-go-twin:9082,inventory-go-twin:9082,2026-06-24 11:32:21,2026-06-24T06:02:21Z,1782280941,ramp_2,690.0,2824704.0,"{""__name__"": ""go_memstats_heap_alloc_bytes""}"
5,B,The Resource Footprint (Memory Churn),go_order,go,order,order-go-twin:9083,order-go-twin:9083,2026-06-24 11:32:21,2026-06-24T06:02:21Z,1782280941,ramp_2,690.0,3989840.0,"{""__name__"": ""go_memstats_heap_alloc_bytes""}"
5,B,The Resource Footprint (Memory Churn),go_order,go,order,warehouse-go:8084,warehouse-go:8084,2026-06-24 11:32:21,2026-06-24T06:02:21Z,1782280941,ramp_2,690.0,4086520.0,"{""__name__"": ""go_memstats_heap_alloc_bytes""}"
5,B,The Resource Footprint (Memory Churn),go_order,go,order,inventory-go-twin:9082,inventory-go-twin:9082,2026-06-24 11:32:36,2026-06-24T06:02:36Z,1782280956,ramp_2,705.0,4768592.0,"{""__name__"": ""go_memstats_heap_alloc_bytes""}"
5,B,The Resource Footprint (Memory Churn),go_order,go,order,order-go-twin:9083,order-go-twin:9083,2026-06-24 11:32:36,2026-06-24T06:02:36Z,1782280956,ramp_2,705.0,4082672.0,"{""__name__"": ""go_memstats_heap_alloc_bytes""}"
5,B,The Resource Footprint (Memory Churn),go_order,go,order,warehouse-go:8084,warehouse-go:8084,2026-06-24 11:32:36,2026-06-24T06:02:36Z,1782280956,ramp_2,705.0,6010536.0,"{""__name__"": ""go_memstats_heap_alloc_bytes""}"
5,B,The Resource Footprint (Memory Churn),go_order,go,order,inventory-go-twin:9082,inventory-go-twin:9082,2026-06-24 11:32:51,2026-06-24T06:02:51Z,1782280971,ramp_2,720.0,4706760.0,"{""__name__"": ""go_memstats_heap_alloc_bytes""}"
5,B,The Resource Footprint (Memory Churn),go_order,go,order,order-go-twin:9083,order-go-twin:9083,2026-06-24 11:32:51,2026-06-24T06:02:51Z,1782280971,ramp_2,720.0,3884824.0,"{""__name__"": ""go_memstats_heap_alloc_bytes""}"
5,B,The Resource Footprint (Memory Churn),go_order,go,order,warehouse-go:8084,warehouse-go:8084,2026-06-24 11:32:51,2026-06-24T06:02:51Z,1782280971,ramp_2,720.0,5038912.0,"{""__name__"": ""go_memstats_heap_alloc_bytes""}"
5,B,The Resource Footprint (Memory Churn),go_order,go,order,inventory-go-twin:9082,inventory-go-twin:9082,2026-06-24 11:33:06,2026-06-24T06:03:06Z,1782280986,ramp_2,735.0,4365808.0,"{""__name__"": ""go_memstats_heap_alloc_bytes""}"
5,B,The Resource Footprint (Memory Churn),go_order,go,order,order-go-twin:9083,order-go-twin:9083,2026-06-24 11:33:06,2026-06-24T06:03:06Z,1782280986,ramp_2,735.0,3556648.0,"{""__name__"": ""go_memstats_heap_alloc_bytes""}"
5,B,The Resource Footprint (Memory Churn),go_order,go,order,warehouse-go:8084,warehouse-go:8084,2026-06-24 11:33:06,2026-06-24T06:03:06Z,1782280986,ramp_2,735.0,7030256.0,"{""__name__"": ""go_memstats_heap_alloc_bytes""}"
5,B,The Resource Footprint (Memory Churn),go_order,go,order,inventory-go-twin:9082,inventory-go-twin:9082,2026-06-24 11:33:21,2026-06-24T06:03:21Z,1782281001,ramp_2,750.0,1978448.0,"{""__name__"": ""go_memstats_heap_alloc_bytes""}"
5,B,The Resource Footprint (Memory Churn),go_order,go,order,order-go-twin:9083,order-go-twin:9083,2026-06-24 11:33:21,2026-06-24T06:03:21Z,1782281001,ramp_2,750.0,3696664.0,"{""__name__"": ""go_memstats_heap_alloc_bytes""}"
5,B,The Resource Footprint (Memory Churn),go_order,go,order,warehouse-go:8084,warehouse-go:8084,2026-06-24 11:33:21,2026-06-24T06:03:21Z,1782281001,ramp_2,750.0,7522320.0,"{""__name__"": ""go_memstats_heap_alloc_bytes""}"
5,B,The Resource Footprint (Memory Churn),go_order,go,order,inventory-go-twin:9082,inventory-go-twin:9082,2026-06-24 11:33:36,2026-06-24T06:03:36Z,1782281016,ramp_2,765.0,2312824.0,"{""__name__"": ""go_memstats_heap_alloc_bytes""}"
5,B,The Resource Footprint (Memory Churn),go_order,go,order,order-go-twin:9083,order-go-twin:9083,2026-06-24 11:33:36,2026-06-24T06:03:36Z,1782281016,ramp_2,765.0,5355264.0,"{""__name__"": ""go_memstats_heap_alloc_bytes""}"
5,B,The Resource Footprint (Memory Churn),go_order,go,order,warehouse-go:8084,warehouse-go:8084,2026-06-24 11:33:36,2026-06-24T06:03:36Z,1782281016,ramp_2,765.0,6036704.0,"{""__name__"": ""go_memstats_heap_alloc_bytes""}"
5,B,The Resource Footprint (Memory Churn),go_order,go,order,inventory-go-twin:9082,inventory-go-twin:9082,2026-06-24 11:33:51,2026-06-24T06:03:51Z,1782281031,ramp_2,780.0,3153632.0,"{""__name__"": ""go_memstats_heap_alloc_bytes""}"
5,B,The Resource Footprint (Memory Churn),go_order,go,order,order-go-twin:9083,order-go-twin:9083,2026-06-24 11:33:51,2026-06-24T06:03:51Z,1782281031,ramp_2,780.0,5745472.0,"{""__name__"": ""go_memstats_heap_alloc_bytes""}"
5,B,The Resource Footprint (Memory Churn),go_order,go,order,warehouse-go:8084,warehouse-go:8084,2026-06-24 11:33:51,2026-06-24T06:03:51Z,1782281031,ramp_2,780.0,7199072.0,"{""__name__"": ""go_memstats_heap_alloc_bytes""}"
5,B,The Resource Footprint (Memory Churn),go_order,go,order,inventory-go-twin:9082,inventory-go-twin:9082,2026-06-24 11:34:06,2026-06-24T06:04:06Z,1782281046,ramp_2,795.0,2330320.0,"{""__name__"": ""go_memstats_heap_alloc_bytes""}"
5,B,The Resource Footprint (Memory Churn),go_order,go,order,order-go-twin:9083,order-go-twin:9083,2026-06-24 11:34:06,2026-06-24T06:04:06Z,1782281046,ramp_2,795.0,3692208.0,"{""__name__"": ""go_memstats_heap_alloc_bytes""}"
5,B,The Resource Footprint (Memory Churn),go_order,go,order,warehouse-go:8084,warehouse-go:8084,2026-06-24 11:34:06,2026-06-24T06:04:06Z,1782281046,ramp_2,795.0,5225488.0,"{""__name__"": ""go_memstats_heap_alloc_bytes""}"
5,B,The Resource Footprint (Memory Churn),go_order,go,order,inventory-go-twin:9082,inventory-go-twin:9082,2026-06-24 11:34:21,2026-06-24T06:04:21Z,1782281061,ramp_2,810.0,4604168.0,"{""__name__"": ""go_memstats_heap_alloc_bytes""}"
5,B,The Resource Footprint (Memory Churn),go_order,go,order,order-go-twin:9083,order-go-twin:9083,2026-06-24 11:34:21,2026-06-24T06:04:21Z,1782281061,ramp_2,810.0,6444112.0,"{""__name__"": ""go_memstats_heap_alloc_bytes""}"
5,B,The Resource Footprint (Memory Churn),go_order,go,order,warehouse-go:8084,warehouse-go:8084,2026-06-24 11:34:21,2026-06-24T06:04:21Z,1782281061,ramp_2,810.0,5650800.0,"{""__name__"": ""go_memstats_heap_alloc_bytes""}"
5,B,The Resource Footprint (Memory Churn),go_order,go,order,inventory-go-twin:9082,inventory-go-twin:9082,2026-06-24 11:34:36,2026-06-24T06:04:36Z,1782281076,ramp_2,825.0,4669712.0,"{""__name__"": ""go_memstats_heap_alloc_bytes""}"
5,B,The Resource Footprint (Memory Churn),go_order,go,order,order-go-twin:9083,order-go-twin:9083,2026-06-24 11:34:36,2026-06-24T06:04:36Z,1782281076,ramp_2,825.0,4205624.0,"{""__name__"": ""go_memstats_heap_alloc_bytes""}"
5,B,The Resource Footprint (Memory Churn),go_order,go,order,warehouse-go:8084,warehouse-go:8084,2026-06-24 11:34:36,2026-06-24T06:04:36Z,1782281076,ramp_2,825.0,6166224.0,"{""__name__"": ""go_memstats_heap_alloc_bytes""}"
5,B,The Resource Footprint (Memory Churn),go_order,go,order,inventory-go-twin:9082,inventory-go-twin:9082,2026-06-24 11:34:51,2026-06-24T06:04:51Z,1782281091,ramp_2,840.0,4499080.0,"{""__name__"": ""go_memstats_heap_alloc_bytes""}"
5,B,The Resource Footprint (Memory Churn),go_order,go,order,order-go-twin:9083,order-go-twin:9083,2026-06-24 11:34:51,2026-06-24T06:04:51Z,1782281091,ramp_2,840.0,4706688.0,"{""__name__"": ""go_memstats_heap_alloc_bytes""}"
5,B,The Resource Footprint (Memory Churn),go_order,go,order,warehouse-go:8084,warehouse-go:8084,2026-06-24 11:34:51,2026-06-24T06:04:51Z,1782281091,ramp_2,840.0,5052232.0,"{""__name__"": ""go_memstats_heap_alloc_bytes""}"
5,B,The Resource Footprint (Memory Churn),go_order,go,order,inventory-go-twin:9082,inventory-go-twin:9082,2026-06-24 11:35:06,2026-06-24T06:05:06Z,1782281106,ramp_2,855.0,3100424.0,"{""__name__"": ""go_memstats_heap_alloc_bytes""}"
5,B,The Resource Footprint (Memory Churn),go_order,go,order,order-go-twin:9083,order-go-twin:9083,2026-06-24 11:35:06,2026-06-24T06:05:06Z,1782281106,ramp_2,855.0,6503976.0,"{""__name__"": ""go_memstats_heap_alloc_bytes""}"
5,B,The Resource Footprint (Memory Churn),go_order,go,order,warehouse-go:8084,warehouse-go:8084,2026-06-24 11:35:06,2026-06-24T06:05:06Z,1782281106,ramp_2,855.0,7772360.0,"{""__name__"": ""go_memstats_heap_alloc_bytes""}"
5,B,The Resource Footprint (Memory Churn),go_order,go,order,inventory-go-twin:9082,inventory-go-twin:9082,2026-06-24 11:35:21,2026-06-24T06:05:21Z,1782281121,ramp_2,870.0,2015392.0,"{""__name__"": ""go_memstats_heap_alloc_bytes""}"
5,B,The Resource Footprint (Memory Churn),go_order,go,order,order-go-twin:9083,order-go-twin:9083,2026-06-24 11:35:21,2026-06-24T06:05:21Z,1782281121,ramp_2,870.0,4160816.0,"{""__name__"": ""go_memstats_heap_alloc_bytes""}"
5,B,The Resource Footprint (Memory Churn),go_order,go,order,warehouse-go:8084,warehouse-go:8084,2026-06-24 11:35:21,2026-06-24T06:05:21Z,1782281121,ramp_2,870.0,6773976.0,"{""__name__"": ""go_memstats_heap_alloc_bytes""}"
5,B,The Resource Footprint (Memory Churn),go_order,go,order,inventory-go-twin:9082,inventory-go-twin:9082,2026-06-24 11:35:36,2026-06-24T06:05:36Z,1782281136,ramp_2,885.0,2851880.0,"{""__name__"": ""go_memstats_heap_alloc_bytes""}"
5,B,The Resource Footprint (Memory Churn),go_order,go,order,order-go-twin:9083,order-go-twin:9083,2026-06-24 11:35:36,2026-06-24T06:05:36Z,1782281136,ramp_2,885.0,7316296.0,"{""__name__"": ""go_memstats_heap_alloc_bytes""}"
5,B,The Resource Footprint (Memory Churn),go_order,go,order,warehouse-go:8084,warehouse-go:8084,2026-06-24 11:35:36,2026-06-24T06:05:36Z,1782281136,ramp_2,885.0,5060944.0,"{""__name__"": ""go_memstats_heap_alloc_bytes""}"
5,B,The Resource Footprint (Memory Churn),go_order,go,order,inventory-go-twin:9082,inventory-go-twin:9082,2026-06-24 11:35:51,2026-06-24T06:05:51Z,1782281151,ramp_3,900.0,2976752.0,"{""__name__"": ""go_memstats_heap_alloc_bytes""}"
5,B,The Resource Footprint (Memory Churn),go_order,go,order,order-go-twin:9083,order-go-twin:9083,2026-06-24 11:35:51,2026-06-24T06:05:51Z,1782281151,ramp_3,900.0,4249248.0,"{""__name__"": ""go_memstats_heap_alloc_bytes""}"
5,B,The Resource Footprint (Memory Churn),go_order,go,order,warehouse-go:8084,warehouse-go:8084,2026-06-24 11:35:51,2026-06-24T06:05:51Z,1782281151,ramp_3,900.0,7874304.0,"{""__name__"": ""go_memstats_heap_alloc_bytes""}"
5,B,The Resource Footprint (Memory Churn),go_order,go,order,inventory-go-twin:9082,inventory-go-twin:9082,2026-06-24 11:36:06,2026-06-24T06:06:06Z,1782281166,ramp_3,915.0,4322136.0,"{""__name__"": ""go_memstats_heap_alloc_bytes""}"
5,B,The Resource Footprint (Memory Churn),go_order,go,order,order-go-twin:9083,order-go-twin:9083,2026-06-24 11:36:06,2026-06-24T06:06:06Z,1782281166,ramp_3,915.0,6023952.0,"{""__name__"": ""go_memstats_heap_alloc_bytes""}"
5,B,The Resource Footprint (Memory Churn),go_order,go,order,warehouse-go:8084,warehouse-go:8084,2026-06-24 11:36:06,2026-06-24T06:06:06Z,1782281166,ramp_3,915.0,6014800.0,"{""__name__"": ""go_memstats_heap_alloc_bytes""}"
5,B,The Resource Footprint (Memory Churn),go_order,go,order,inventory-go-twin:9082,inventory-go-twin:9082,2026-06-24 11:36:21,2026-06-24T06:06:21Z,1782281181,ramp_3,930.0,4642568.0,"{""__name__"": ""go_memstats_heap_alloc_bytes""}"
5,B,The Resource Footprint (Memory Churn),go_order,go,order,order-go-twin:9083,order-go-twin:9083,2026-06-24 11:36:21,2026-06-24T06:06:21Z,1782281181,ramp_3,930.0,5307504.0,"{""__name__"": ""go_memstats_heap_alloc_bytes""}"
5,B,The Resource Footprint (Memory Churn),go_order,go,order,warehouse-go:8084,warehouse-go:8084,2026-06-24 11:36:21,2026-06-24T06:06:21Z,1782281181,ramp_3,930.0,7207264.0,"{""__name__"": ""go_memstats_heap_alloc_bytes""}"
5,B,The Resource Footprint (Memory Churn),go_order,go,order,inventory-go-twin:9082,inventory-go-twin:9082,2026-06-24 11:36:36,2026-06-24T06:06:36Z,1782281196,ramp_3,945.0,2369912.0,"{""__name__"": ""go_memstats_heap_alloc_bytes""}"
5,B,The Resource Footprint (Memory Churn),go_order,go,order,order-go-twin:9083,order-go-twin:9083,2026-06-24 11:36:36,2026-06-24T06:06:36Z,1782281196,ramp_3,945.0,8769240.0,"{""__name__"": ""go_memstats_heap_alloc_bytes""}"
5,B,The Resource Footprint (Memory Churn),go_order,go,order,warehouse-go:8084,warehouse-go:8084,2026-06-24 11:36:36,2026-06-24T06:06:36Z,1782281196,ramp_3,945.0,5796080.0,"{""__name__"": ""go_memstats_heap_alloc_bytes""}"
5,B,The Resource Footprint (Memory Churn),go_order,go,order,inventory-go-twin:9082,inventory-go-twin:9082,2026-06-24 11:36:51,2026-06-24T06:06:51Z,1782281211,ramp_3,960.0,1988152.0,"{""__name__"": ""go_memstats_heap_alloc_bytes""}"
5,B,The Resource Footprint (Memory Churn),go_order,go,order,order-go-twin:9083,order-go-twin:9083,2026-06-24 11:36:51,2026-06-24T06:06:51Z,1782281211,ramp_3,960.0,9207920.0,"{""__name__"": ""go_memstats_heap_alloc_bytes""}"
5,B,The Resource Footprint (Memory Churn),go_order,go,order,warehouse-go:8084,warehouse-go:8084,2026-06-24 11:36:51,2026-06-24T06:06:51Z,1782281211,ramp_3,960.0,4945336.0,"{""__name__"": ""go_memstats_heap_alloc_bytes""}"
5,B,The Resource Footprint (Memory Churn),go_order,go,order,inventory-go-twin:9082,inventory-go-twin:9082,2026-06-24 11:37:06,2026-06-24T06:07:06Z,1782281226,ramp_3,975.0,4857712.0,"{""__name__"": ""go_memstats_heap_alloc_bytes""}"
5,B,The Resource Footprint (Memory Churn),go_order,go,order,order-go-twin:9083,order-go-twin:9083,2026-06-24 11:37:06,2026-06-24T06:07:06Z,1782281226,ramp_3,975.0,6166488.0,"{""__name__"": ""go_memstats_heap_alloc_bytes""}"
5,B,The Resource Footprint (Memory Churn),go_order,go,order,warehouse-go:8084,warehouse-go:8084,2026-06-24 11:37:06,2026-06-24T06:07:06Z,1782281226,ramp_3,975.0,6897864.0,"{""__name__"": ""go_memstats_heap_alloc_bytes""}"
5,B,The Resource Footprint (Memory Churn),go_order,go,order,inventory-go-twin:9082,inventory-go-twin:9082,2026-06-24 11:37:21,2026-06-24T06:07:21Z,1782281241,ramp_3,990.0,2009312.0,"{""__name__"": ""go_memstats_heap_alloc_bytes""}"
5,B,The Resource Footprint (Memory Churn),go_order,go,order,order-go-twin:9083,order-go-twin:9083,2026-06-24 11:37:21,2026-06-24T06:07:21Z,1782281241,ramp_3,990.0,6337128.0,"{""__name__"": ""go_memstats_heap_alloc_bytes""}"
5,B,The Resource Footprint (Memory Churn),go_order,go,order,warehouse-go:8084,warehouse-go:8084,2026-06-24 11:37:21,2026-06-24T06:07:21Z,1782281241,ramp_3,990.0,6122272.0,"{""__name__"": ""go_memstats_heap_alloc_bytes""}"
5,B,The Resource Footprint (Memory Churn),go_order,go,order,inventory-go-twin:9082,inventory-go-twin:9082,2026-06-24 11:37:36,2026-06-24T06:07:36Z,1782281256,ramp_3,1005.0,4305968.0,"{""__name__"": ""go_memstats_heap_alloc_bytes""}"
5,B,The Resource Footprint (Memory Churn),go_order,go,order,order-go-twin:9083,order-go-twin:9083,2026-06-24 11:37:36,2026-06-24T06:07:36Z,1782281256,ramp_3,1005.0,8266488.0,"{""__name__"": ""go_memstats_heap_alloc_bytes""}"
5,B,The Resource Footprint (Memory Churn),go_order,go,order,warehouse-go:8084,warehouse-go:8084,2026-06-24 11:37:36,2026-06-24T06:07:36Z,1782281256,ramp_3,1005.0,5692464.0,"{""__name__"": ""go_memstats_heap_alloc_bytes""}"
5,B,The Resource Footprint (Memory Churn),go_order,go,order,inventory-go-twin:9082,inventory-go-twin:9082,2026-06-24 11:37:51,2026-06-24T06:07:51Z,1782281271,ramp_3,1020.0,2008008.0,"{""__name__"": ""go_memstats_heap_alloc_bytes""}"
5,B,The Resource Footprint (Memory Churn),go_order,go,order,order-go-twin:9083,order-go-twin:9083,2026-06-24 11:37:51,2026-06-24T06:07:51Z,1782281271,ramp_3,1020.0,6260592.0,"{""__name__"": ""go_memstats_heap_alloc_bytes""}"
5,B,The Resource Footprint (Memory Churn),go_order,go,order,warehouse-go:8084,warehouse-go:8084,2026-06-24 11:37:51,2026-06-24T06:07:51Z,1782281271,ramp_3,1020.0,6051984.0,"{""__name__"": ""go_memstats_heap_alloc_bytes""}"
5,B,The Resource Footprint (Memory Churn),go_order,go,order,inventory-go-twin:9082,inventory-go-twin:9082,2026-06-24 11:38:06,2026-06-24T06:08:06Z,1782281286,ramp_3,1035.0,2192368.0,"{""__name__"": ""go_memstats_heap_alloc_bytes""}"
5,B,The Resource Footprint (Memory Churn),go_order,go,order,order-go-twin:9083,order-go-twin:9083,2026-06-24 11:38:06,2026-06-24T06:08:06Z,1782281286,ramp_3,1035.0,5656520.0,"{""__name__"": ""go_memstats_heap_alloc_bytes""}"
5,B,The Resource Footprint (Memory Churn),go_order,go,order,warehouse-go:8084,warehouse-go:8084,2026-06-24 11:38:06,2026-06-24T06:08:06Z,1782281286,ramp_3,1035.0,7301344.0,"{""__name__"": ""go_memstats_heap_alloc_bytes""}"
5,B,The Resource Footprint (Memory Churn),go_order,go,order,inventory-go-twin:9082,inventory-go-twin:9082,2026-06-24 11:38:21,2026-06-24T06:08:21Z,1782281301,ramp_3,1050.0,2162976.0,"{""__name__"": ""go_memstats_heap_alloc_bytes""}"
5,B,The Resource Footprint (Memory Churn),go_order,go,order,order-go-twin:9083,order-go-twin:9083,2026-06-24 11:38:21,2026-06-24T06:08:21Z,1782281301,ramp_3,1050.0,7946592.0,"{""__name__"": ""go_memstats_heap_alloc_bytes""}"
5,B,The Resource Footprint (Memory Churn),go_order,go,order,warehouse-go:8084,warehouse-go:8084,2026-06-24 11:38:21,2026-06-24T06:08:21Z,1782281301,ramp_3,1050.0,6663456.0,"{""__name__"": ""go_memstats_heap_alloc_bytes""}"
5,B,The Resource Footprint (Memory Churn),go_order,go,order,inventory-go-twin:9082,inventory-go-twin:9082,2026-06-24 11:38:36,2026-06-24T06:08:36Z,1782281316,ramp_3,1065.0,4542280.0,"{""__name__"": ""go_memstats_heap_alloc_bytes""}"
5,B,The Resource Footprint (Memory Churn),go_order,go,order,order-go-twin:9083,order-go-twin:9083,2026-06-24 11:38:36,2026-06-24T06:08:36Z,1782281316,ramp_3,1065.0,6431224.0,"{""__name__"": ""go_memstats_heap_alloc_bytes""}"
5,B,The Resource Footprint (Memory Churn),go_order,go,order,warehouse-go:8084,warehouse-go:8084,2026-06-24 11:38:36,2026-06-24T06:08:36Z,1782281316,ramp_3,1065.0,8708992.0,"{""__name__"": ""go_memstats_heap_alloc_bytes""}"
5,B,The Resource Footprint (Memory Churn),go_order,go,order,inventory-go-twin:9082,inventory-go-twin:9082,2026-06-24 11:38:51,2026-06-24T06:08:51Z,1782281331,ramp_3,1080.0,4683952.0,"{""__name__"": ""go_memstats_heap_alloc_bytes""}"
5,B,The Resource Footprint (Memory Churn),go_order,go,order,order-go-twin:9083,order-go-twin:9083,2026-06-24 11:38:51,2026-06-24T06:08:51Z,1782281331,ramp_3,1080.0,9687024.0,"{""__name__"": ""go_memstats_heap_alloc_bytes""}"
5,B,The Resource Footprint (Memory Churn),go_order,go,order,warehouse-go:8084,warehouse-go:8084,2026-06-24 11:38:51,2026-06-24T06:08:51Z,1782281331,ramp_3,1080.0,5836080.0,"{""__name__"": ""go_memstats_heap_alloc_bytes""}"
5,B,The Resource Footprint (Memory Churn),go_order,go,order,inventory-go-twin:9082,inventory-go-twin:9082,2026-06-24 11:39:06,2026-06-24T06:09:06Z,1782281346,ramp_3,1095.0,2310600.0,"{""__name__"": ""go_memstats_heap_alloc_bytes""}"
5,B,The Resource Footprint (Memory Churn),go_order,go,order,order-go-twin:9083,order-go-twin:9083,2026-06-24 11:39:06,2026-06-24T06:09:06Z,1782281346,ramp_3,1095.0,8858320.0,"{""__name__"": ""go_memstats_heap_alloc_bytes""}"
5,B,The Resource Footprint (Memory Churn),go_order,go,order,warehouse-go:8084,warehouse-go:8084,2026-06-24 11:39:06,2026-06-24T06:09:06Z,1782281346,ramp_3,1095.0,4871400.0,"{""__name__"": ""go_memstats_heap_alloc_bytes""}"
5,B,The Resource Footprint (Memory Churn),go_order,go,order,inventory-go-twin:9082,inventory-go-twin:9082,2026-06-24 11:39:21,2026-06-24T06:09:21Z,1782281361,ramp_3,1110.0,4492736.0,"{""__name__"": ""go_memstats_heap_alloc_bytes""}"
5,B,The Resource Footprint (Memory Churn),go_order,go,order,order-go-twin:9083,order-go-twin:9083,2026-06-24 11:39:21,2026-06-24T06:09:21Z,1782281361,ramp_3,1110.0,9972560.0,"{""__name__"": ""go_memstats_heap_alloc_bytes""}"
5,B,The Resource Footprint (Memory Churn),go_order,go,order,warehouse-go:8084,warehouse-go:8084,2026-06-24 11:39:21,2026-06-24T06:09:21Z,1782281361,ramp_3,1110.0,7647016.0,"{""__name__"": ""go_memstats_heap_alloc_bytes""}"
5,B,The Resource Footprint (Memory Churn),go_order,go,order,inventory-go-twin:9082,inventory-go-twin:9082,2026-06-24 11:39:36,2026-06-24T06:09:36Z,1782281376,ramp_3,1125.0,4713264.0,"{""__name__"": ""go_memstats_heap_alloc_bytes""}"
5,B,The Resource Footprint (Memory Churn),go_order,go,order,order-go-twin:9083,order-go-twin:9083,2026-06-24 11:39:36,2026-06-24T06:09:36Z,1782281376,ramp_3,1125.0,8888312.0,"{""__name__"": ""go_memstats_heap_alloc_bytes""}"
5,B,The Resource Footprint (Memory Churn),go_order,go,order,warehouse-go:8084,warehouse-go:8084,2026-06-24 11:39:36,2026-06-24T06:09:36Z,1782281376,ramp_3,1125.0,5879896.0,"{""__name__"": ""go_memstats_heap_alloc_bytes""}"
5,B,The Resource Footprint (Memory Churn),go_order,go,order,inventory-go-twin:9082,inventory-go-twin:9082,2026-06-24 11:39:51,2026-06-24T06:09:51Z,1782281391,ramp_3,1140.0,1996464.0,"{""__name__"": ""go_memstats_heap_alloc_bytes""}"
5,B,The Resource Footprint (Memory Churn),go_order,go,order,order-go-twin:9083,order-go-twin:9083,2026-06-24 11:39:51,2026-06-24T06:09:51Z,1782281391,ramp_3,1140.0,15243944.0,"{""__name__"": ""go_memstats_heap_alloc_bytes""}"
5,B,The Resource Footprint (Memory Churn),go_order,go,order,warehouse-go:8084,warehouse-go:8084,2026-06-24 11:39:51,2026-06-24T06:09:51Z,1782281391,ramp_3,1140.0,6280648.0,"{""__name__"": ""go_memstats_heap_alloc_bytes""}"
5,B,The Resource Footprint (Memory Churn),go_order,go,order,inventory-go-twin:9082,inventory-go-twin:9082,2026-06-24 11:40:06,2026-06-24T06:10:06Z,1782281406,ramp_3,1155.0,4096296.0,"{""__name__"": ""go_memstats_heap_alloc_bytes""}"
5,B,The Resource Footprint (Memory Churn),go_order,go,order,order-go-twin:9083,order-go-twin:9083,2026-06-24 11:40:06,2026-06-24T06:10:06Z,1782281406,ramp_3,1155.0,12912384.0,"{""__name__"": ""go_memstats_heap_alloc_bytes""}"
5,B,The Resource Footprint (Memory Churn),go_order,go,order,warehouse-go:8084,warehouse-go:8084,2026-06-24 11:40:06,2026-06-24T06:10:06Z,1782281406,ramp_3,1155.0,6553984.0,"{""__name__"": ""go_memstats_heap_alloc_bytes""}"
5,B,The Resource Footprint (Memory Churn),go_order,go,order,inventory-go-twin:9082,inventory-go-twin:9082,2026-06-24 11:40:21,2026-06-24T06:10:21Z,1782281421,ramp_3,1170.0,2479376.0,"{""__name__"": ""go_memstats_heap_alloc_bytes""}"
5,B,The Resource Footprint (Memory Churn),go_order,go,order,order-go-twin:9083,order-go-twin:9083,2026-06-24 11:40:21,2026-06-24T06:10:21Z,1782281421,ramp_3,1170.0,13084776.0,"{""__name__"": ""go_memstats_heap_alloc_bytes""}"
5,B,The Resource Footprint (Memory Churn),go_order,go,order,warehouse-go:8084,warehouse-go:8084,2026-06-24 11:40:21,2026-06-24T06:10:21Z,1782281421,ramp_3,1170.0,6916752.0,"{""__name__"": ""go_memstats_heap_alloc_bytes""}"
5,B,The Resource Footprint (Memory Churn),go_order,go,order,inventory-go-twin:9082,inventory-go-twin:9082,2026-06-24 11:40:36,2026-06-24T06:10:36Z,1782281436,ramp_3,1185.0,3829208.0,"{""__name__"": ""go_memstats_heap_alloc_bytes""}"
5,B,The Resource Footprint (Memory Churn),go_order,go,order,order-go-twin:9083,order-go-twin:9083,2026-06-24 11:40:36,2026-06-24T06:10:36Z,1782281436,ramp_3,1185.0,10889376.0,"{""__name__"": ""go_memstats_heap_alloc_bytes""}"
5,B,The Resource Footprint (Memory Churn),go_order,go,order,warehouse-go:8084,warehouse-go:8084,2026-06-24 11:40:36,2026-06-24T06:10:36Z,1782281436,ramp_3,1185.0,7389168.0,"{""__name__"": ""go_memstats_heap_alloc_bytes""}"
5,B,The Resource Footprint (Memory Churn),go_order,go,order,inventory-go-twin:9082,inventory-go-twin:9082,2026-06-24 11:40:51,2026-06-24T06:10:51Z,1782281451,sustain,1200.0,3112840.0,"{""__name__"": ""go_memstats_heap_alloc_bytes""}"
5,B,The Resource Footprint (Memory Churn),go_order,go,order,order-go-twin:9083,order-go-twin:9083,2026-06-24 11:40:51,2026-06-24T06:10:51Z,1782281451,sustain,1200.0,13687440.0,"{""__name__"": ""go_memstats_heap_alloc_bytes""}"
5,B,The Resource Footprint (Memory Churn),go_order,go,order,warehouse-go:8084,warehouse-go:8084,2026-06-24 11:40:51,2026-06-24T06:10:51Z,1782281451,sustain,1200.0,7882720.0,"{""__name__"": ""go_memstats_heap_alloc_bytes""}"
5,B,The Resource Footprint (Memory Churn),go_order,go,order,inventory-go-twin:9082,inventory-go-twin:9082,2026-06-24 11:41:06,2026-06-24T06:11:06Z,1782281466,sustain,1215.0,4568048.0,"{""__name__"": ""go_memstats_heap_alloc_bytes""}"
5,B,The Resource Footprint (Memory Churn),go_order,go,order,order-go-twin:9083,order-go-twin:9083,2026-06-24 11:41:06,2026-06-24T06:11:06Z,1782281466,sustain,1215.0,11269696.0,"{""__name__"": ""go_memstats_heap_alloc_bytes""}"
5,B,The Resource Footprint (Memory Churn),go_order,go,order,warehouse-go:8084,warehouse-go:8084,2026-06-24 11:41:06,2026-06-24T06:11:06Z,1782281466,sustain,1215.0,8471808.0,"{""__name__"": ""go_memstats_heap_alloc_bytes""}"
5,B,The Resource Footprint (Memory Churn),go_order,go,order,inventory-go-twin:9082,inventory-go-twin:9082,2026-06-24 11:41:21,2026-06-24T06:11:21Z,1782281481,sustain,1230.0,2131768.0,"{""__name__"": ""go_memstats_heap_alloc_bytes""}"
5,B,The Resource Footprint (Memory Churn),go_order,go,order,order-go-twin:9083,order-go-twin:9083,2026-06-24 11:41:21,2026-06-24T06:11:21Z,1782281481,sustain,1230.0,10869592.0,"{""__name__"": ""go_memstats_heap_alloc_bytes""}"
5,B,The Resource Footprint (Memory Churn),go_order,go,order,warehouse-go:8084,warehouse-go:8084,2026-06-24 11:41:21,2026-06-24T06:11:21Z,1782281481,sustain,1230.0,9822632.0,"{""__name__"": ""go_memstats_heap_alloc_bytes""}"
5,B,The Resource Footprint (Memory Churn),go_order,go,order,inventory-go-twin:9082,inventory-go-twin:9082,2026-06-24 11:41:36,2026-06-24T06:11:36Z,1782281496,sustain,1245.0,2071072.0,"{""__name__"": ""go_memstats_heap_alloc_bytes""}"
5,B,The Resource Footprint (Memory Churn),go_order,go,order,order-go-twin:9083,order-go-twin:9083,2026-06-24 11:41:36,2026-06-24T06:11:36Z,1782281496,sustain,1245.0,8376616.0,"{""__name__"": ""go_memstats_heap_alloc_bytes""}"
5,B,The Resource Footprint (Memory Churn),go_order,go,order,warehouse-go:8084,warehouse-go:8084,2026-06-24 11:41:36,2026-06-24T06:11:36Z,1782281496,sustain,1245.0,5980008.0,"{""__name__"": ""go_memstats_heap_alloc_bytes""}"
5,B,The Resource Footprint (Memory Churn),go_order,go,order,inventory-go-twin:9082,inventory-go-twin:9082,2026-06-24 11:41:51,2026-06-24T06:11:51Z,1782281511,sustain,1260.0,3105256.0,"{""__name__"": ""go_memstats_heap_alloc_bytes""}"
5,B,The Resource Footprint (Memory Churn),go_order,go,order,order-go-twin:9083,order-go-twin:9083,2026-06-24 11:41:51,2026-06-24T06:11:51Z,1782281511,sustain,1260.0,17071288.0,"{""__name__"": ""go_memstats_heap_alloc_bytes""}"
5,B,The Resource Footprint (Memory Churn),go_order,go,order,warehouse-go:8084,warehouse-go:8084,2026-06-24 11:41:51,2026-06-24T06:11:51Z,1782281511,sustain,1260.0,6383592.0,"{""__name__"": ""go_memstats_heap_alloc_bytes""}"
5,B,The Resource Footprint (Memory Churn),go_order,go,order,inventory-go-twin:9082,inventory-go-twin:9082,2026-06-24 11:42:06,2026-06-24T06:12:06Z,1782281526,sustain,1275.0,2686208.0,"{""__name__"": ""go_memstats_heap_alloc_bytes""}"
5,B,The Resource Footprint (Memory Churn),go_order,go,order,order-go-twin:9083,order-go-twin:9083,2026-06-24 11:42:06,2026-06-24T06:12:06Z,1782281526,sustain,1275.0,10346936.0,"{""__name__"": ""go_memstats_heap_alloc_bytes""}"
5,B,The Resource Footprint (Memory Churn),go_order,go,order,warehouse-go:8084,warehouse-go:8084,2026-06-24 11:42:06,2026-06-24T06:12:06Z,1782281526,sustain,1275.0,6740040.0,"{""__name__"": ""go_memstats_heap_alloc_bytes""}"
5,B,The Resource Footprint (Memory Churn),go_order,go,order,inventory-go-twin:9082,inventory-go-twin:9082,2026-06-24 11:42:21,2026-06-24T06:12:21Z,1782281541,sustain,1290.0,2036736.0,"{""__name__"": ""go_memstats_heap_alloc_bytes""}"
5,B,The Resource Footprint (Memory Churn),go_order,go,order,order-go-twin:9083,order-go-twin:9083,2026-06-24 11:42:21,2026-06-24T06:12:21Z,1782281541,sustain,1290.0,10120232.0,"{""__name__"": ""go_memstats_heap_alloc_bytes""}"
5,B,The Resource Footprint (Memory Churn),go_order,go,order,warehouse-go:8084,warehouse-go:8084,2026-06-24 11:42:21,2026-06-24T06:12:21Z,1782281541,sustain,1290.0,7135784.0,"{""__name__"": ""go_memstats_heap_alloc_bytes""}"
5,B,The Resource Footprint (Memory Churn),go_order,go,order,inventory-go-twin:9082,inventory-go-twin:9082,2026-06-24 11:42:36,2026-06-24T06:12:36Z,1782281556,sustain,1305.0,2092544.0,"{""__name__"": ""go_memstats_heap_alloc_bytes""}"
5,B,The Resource Footprint (Memory Churn),go_order,go,order,order-go-twin:9083,order-go-twin:9083,2026-06-24 11:42:36,2026-06-24T06:12:36Z,1782281556,sustain,1305.0,9352880.0,"{""__name__"": ""go_memstats_heap_alloc_bytes""}"
5,B,The Resource Footprint (Memory Churn),go_order,go,order,warehouse-go:8084,warehouse-go:8084,2026-06-24 11:42:36,2026-06-24T06:12:36Z,1782281556,sustain,1305.0,6648048.0,"{""__name__"": ""go_memstats_heap_alloc_bytes""}"
5,B,The Resource Footprint (Memory Churn),go_order,go,order,inventory-go-twin:9082,inventory-go-twin:9082,2026-06-24 11:42:51,2026-06-24T06:12:51Z,1782281571,sustain,1320.0,2925952.0,"{""__name__"": ""go_memstats_heap_alloc_bytes""}"
5,B,The Resource Footprint (Memory Churn),go_order,go,order,order-go-twin:9083,order-go-twin:9083,2026-06-24 11:42:51,2026-06-24T06:12:51Z,1782281571,sustain,1320.0,16753080.0,"{""__name__"": ""go_memstats_heap_alloc_bytes""}"
5,B,The Resource Footprint (Memory Churn),go_order,go,order,warehouse-go:8084,warehouse-go:8084,2026-06-24 11:42:51,2026-06-24T06:12:51Z,1782281571,sustain,1320.0,6860960.0,"{""__name__"": ""go_memstats_heap_alloc_bytes""}"
5,B,The Resource Footprint (Memory Churn),go_order,go,order,inventory-go-twin:9082,inventory-go-twin:9082,2026-06-24 11:43:06,2026-06-24T06:13:06Z,1782281586,sustain,1335.0,2545944.0,"{""__name__"": ""go_memstats_heap_alloc_bytes""}"
5,B,The Resource Footprint (Memory Churn),go_order,go,order,order-go-twin:9083,order-go-twin:9083,2026-06-24 11:43:06,2026-06-24T06:13:06Z,1782281586,sustain,1335.0,10462224.0,"{""__name__"": ""go_memstats_heap_alloc_bytes""}"
5,B,The Resource Footprint (Memory Churn),go_order,go,order,warehouse-go:8084,warehouse-go:8084,2026-06-24 11:43:06,2026-06-24T06:13:06Z,1782281586,sustain,1335.0,7277712.0,"{""__name__"": ""go_memstats_heap_alloc_bytes""}"
5,B,The Resource Footprint (Memory Churn),go_order,go,order,inventory-go-twin:9082,inventory-go-twin:9082,2026-06-24 11:43:21,2026-06-24T06:13:21Z,1782281601,sustain,1350.0,4910616.0,"{""__name__"": ""go_memstats_heap_alloc_bytes""}"
5,B,The Resource Footprint (Memory Churn),go_order,go,order,order-go-twin:9083,order-go-twin:9083,2026-06-24 11:43:21,2026-06-24T06:13:21Z,1782281601,sustain,1350.0,10404552.0,"{""__name__"": ""go_memstats_heap_alloc_bytes""}"
5,B,The Resource Footprint (Memory Churn),go_order,go,order,warehouse-go:8084,warehouse-go:8084,2026-06-24 11:43:21,2026-06-24T06:13:21Z,1782281601,sustain,1350.0,7788368.0,"{""__name__"": ""go_memstats_heap_alloc_bytes""}"
5,B,The Resource Footprint (Memory Churn),go_order,go,order,inventory-go-twin:9082,inventory-go-twin:9082,2026-06-24 11:43:36,2026-06-24T06:13:36Z,1782281616,sustain,1365.0,4310560.0,"{""__name__"": ""go_memstats_heap_alloc_bytes""}"
5,B,The Resource Footprint (Memory Churn),go_order,go,order,order-go-twin:9083,order-go-twin:9083,2026-06-24 11:43:36,2026-06-24T06:13:36Z,1782281616,sustain,1365.0,12927120.0,"{""__name__"": ""go_memstats_heap_alloc_bytes""}"
5,B,The Resource Footprint (Memory Churn),go_order,go,order,warehouse-go:8084,warehouse-go:8084,2026-06-24 11:43:36,2026-06-24T06:13:36Z,1782281616,sustain,1365.0,8315936.0,"{""__name__"": ""go_memstats_heap_alloc_bytes""}"
5,B,The Resource Footprint (Memory Churn),go_order,go,order,inventory-go-twin:9082,inventory-go-twin:9082,2026-06-24 11:43:51,2026-06-24T06:13:51Z,1782281631,sustain,1380.0,4457912.0,"{""__name__"": ""go_memstats_heap_alloc_bytes""}"
5,B,The Resource Footprint (Memory Churn),go_order,go,order,order-go-twin:9083,order-go-twin:9083,2026-06-24 11:43:51,2026-06-24T06:13:51Z,1782281631,sustain,1380.0,12446640.0,"{""__name__"": ""go_memstats_heap_alloc_bytes""}"
5,B,The Resource Footprint (Memory Churn),go_order,go,order,warehouse-go:8084,warehouse-go:8084,2026-06-24 11:43:51,2026-06-24T06:13:51Z,1782281631,sustain,1380.0,8866464.0,"{""__name__"": ""go_memstats_heap_alloc_bytes""}"
5,B,The Resource Footprint (Memory Churn),go_order,go,order,inventory-go-twin:9082,inventory-go-twin:9082,2026-06-24 11:44:06,2026-06-24T06:14:06Z,1782281646,sustain,1395.0,4334496.0,"{""__name__"": ""go_memstats_heap_alloc_bytes""}"
5,B,The Resource Footprint (Memory Churn),go_order,go,order,order-go-twin:9083,order-go-twin:9083,2026-06-24 11:44:06,2026-06-24T06:14:06Z,1782281646,sustain,1395.0,10628928.0,"{""__name__"": ""go_memstats_heap_alloc_bytes""}"
5,B,The Resource Footprint (Memory Churn),go_order,go,order,warehouse-go:8084,warehouse-go:8084,2026-06-24 11:44:06,2026-06-24T06:14:06Z,1782281646,sustain,1395.0,9453840.0,"{""__name__"": ""go_memstats_heap_alloc_bytes""}"
5,B,The Resource Footprint (Memory Churn),go_order,go,order,inventory-go-twin:9082,inventory-go-twin:9082,2026-06-24 11:44:21,2026-06-24T06:14:21Z,1782281661,sustain,1410.0,4339680.0,"{""__name__"": ""go_memstats_heap_alloc_bytes""}"
5,B,The Resource Footprint (Memory Churn),go_order,go,order,order-go-twin:9083,order-go-twin:9083,2026-06-24 11:44:21,2026-06-24T06:14:21Z,1782281661,sustain,1410.0,9484224.0,"{""__name__"": ""go_memstats_heap_alloc_bytes""}"
5,B,The Resource Footprint (Memory Churn),go_order,go,order,warehouse-go:8084,warehouse-go:8084,2026-06-24 11:44:21,2026-06-24T06:14:21Z,1782281661,sustain,1410.0,10056704.0,"{""__name__"": ""go_memstats_heap_alloc_bytes""}"
5,B,The Resource Footprint (Memory Churn),go_order,go,order,inventory-go-twin:9082,inventory-go-twin:9082,2026-06-24 11:44:36,2026-06-24T06:14:36Z,1782281676,sustain,1425.0,3015904.0,"{""__name__"": ""go_memstats_heap_alloc_bytes""}"
5,B,The Resource Footprint (Memory Churn),go_order,go,order,order-go-twin:9083,order-go-twin:9083,2026-06-24 11:44:36,2026-06-24T06:14:36Z,1782281676,sustain,1425.0,8058536.0,"{""__name__"": ""go_memstats_heap_alloc_bytes""}"
5,B,The Resource Footprint (Memory Churn),go_order,go,order,warehouse-go:8084,warehouse-go:8084,2026-06-24 11:44:36,2026-06-24T06:14:36Z,1782281676,sustain,1425.0,6045776.0,"{""__name__"": ""go_memstats_heap_alloc_bytes""}"
5,B,The Resource Footprint (Memory Churn),go_order,go,order,inventory-go-twin:9082,inventory-go-twin:9082,2026-06-24 11:44:51,2026-06-24T06:14:51Z,1782281691,sustain,1440.0,4572728.0,"{""__name__"": ""go_memstats_heap_alloc_bytes""}"
5,B,The Resource Footprint (Memory Churn),go_order,go,order,order-go-twin:9083,order-go-twin:9083,2026-06-24 11:44:51,2026-06-24T06:14:51Z,1782281691,sustain,1440.0,12806992.0,"{""__name__"": ""go_memstats_heap_alloc_bytes""}"
5,B,The Resource Footprint (Memory Churn),go_order,go,order,warehouse-go:8084,warehouse-go:8084,2026-06-24 11:44:51,2026-06-24T06:14:51Z,1782281691,sustain,1440.0,7243952.0,"{""__name__"": ""go_memstats_heap_alloc_bytes""}"
5,B,The Resource Footprint (Memory Churn),go_order,go,order,inventory-go-twin:9082,inventory-go-twin:9082,2026-06-24 11:45:06,2026-06-24T06:15:06Z,1782281706,sustain,1455.0,4615800.0,"{""__name__"": ""go_memstats_heap_alloc_bytes""}"
5,B,The Resource Footprint (Memory Churn),go_order,go,order,order-go-twin:9083,order-go-twin:9083,2026-06-24 11:45:06,2026-06-24T06:15:06Z,1782281706,sustain,1455.0,13145048.0,"{""__name__"": ""go_memstats_heap_alloc_bytes""}"
5,B,The Resource Footprint (Memory Churn),go_order,go,order,warehouse-go:8084,warehouse-go:8084,2026-06-24 11:45:06,2026-06-24T06:15:06Z,1782281706,sustain,1455.0,8483776.0,"{""__name__"": ""go_memstats_heap_alloc_bytes""}"
5,B,The Resource Footprint (Memory Churn),go_order,go,order,inventory-go-twin:9082,inventory-go-twin:9082,2026-06-24 11:45:21,2026-06-24T06:15:21Z,1782281721,sustain,1470.0,4060256.0,"{""__name__"": ""go_memstats_heap_alloc_bytes""}"
5,B,The Resource Footprint (Memory Churn),go_order,go,order,order-go-twin:9083,order-go-twin:9083,2026-06-24 11:45:21,2026-06-24T06:15:21Z,1782281721,sustain,1470.0,10321672.0,"{""__name__"": ""go_memstats_heap_alloc_bytes""}"
5,B,The Resource Footprint (Memory Churn),go_order,go,order,warehouse-go:8084,warehouse-go:8084,2026-06-24 11:45:21,2026-06-24T06:15:21Z,1782281721,sustain,1470.0,7549712.0,"{""__name__"": ""go_memstats_heap_alloc_bytes""}"
5,B,The Resource Footprint (Memory Churn),go_order,go,order,inventory-go-twin:9082,inventory-go-twin:9082,2026-06-24 11:45:36,2026-06-24T06:15:36Z,1782281736,sustain,1485.0,2600128.0,"{""__name__"": ""go_memstats_heap_alloc_bytes""}"
5,B,The Resource Footprint (Memory Churn),go_order,go,order,order-go-twin:9083,order-go-twin:9083,2026-06-24 11:45:36,2026-06-24T06:15:36Z,1782281736,sustain,1485.0,9395560.0,"{""__name__"": ""go_memstats_heap_alloc_bytes""}"
5,B,The Resource Footprint (Memory Churn),go_order,go,order,warehouse-go:8084,warehouse-go:8084,2026-06-24 11:45:36,2026-06-24T06:15:36Z,1782281736,sustain,1485.0,5001776.0,"{""__name__"": ""go_memstats_heap_alloc_bytes""}"
5,B,The Resource Footprint (Memory Churn),go_order,go,order,inventory-go-twin:9082,inventory-go-twin:9082,2026-06-24 11:45:51,2026-06-24T06:15:51Z,1782281751,sustain,1500.0,2878296.0,"{""__name__"": ""go_memstats_heap_alloc_bytes""}"
5,B,The Resource Footprint (Memory Churn),go_order,go,order,order-go-twin:9083,order-go-twin:9083,2026-06-24 11:45:51,2026-06-24T06:15:51Z,1782281751,sustain,1500.0,7725760.0,"{""__name__"": ""go_memstats_heap_alloc_bytes""}"
5,B,The Resource Footprint (Memory Churn),go_order,go,order,warehouse-go:8084,warehouse-go:8084,2026-06-24 11:45:51,2026-06-24T06:15:51Z,1782281751,sustain,1500.0,5431072.0,"{""__name__"": ""go_memstats_heap_alloc_bytes""}"
5,B,The Resource Footprint (Memory Churn),go_order,go,order,inventory-go-twin:9082,inventory-go-twin:9082,2026-06-24 11:46:06,2026-06-24T06:16:06Z,1782281766,sustain,1515.0,5019272.0,"{""__name__"": ""go_memstats_heap_alloc_bytes""}"
5,B,The Resource Footprint (Memory Churn),go_order,go,order,order-go-twin:9083,order-go-twin:9083,2026-06-24 11:46:06,2026-06-24T06:16:06Z,1782281766,sustain,1515.0,10450152.0,"{""__name__"": ""go_memstats_heap_alloc_bytes""}"
5,B,The Resource Footprint (Memory Churn),go_order,go,order,warehouse-go:8084,warehouse-go:8084,2026-06-24 11:46:06,2026-06-24T06:16:06Z,1782281766,sustain,1515.0,5028720.0,"{""__name__"": ""go_memstats_heap_alloc_bytes""}"
5,B,The Resource Footprint (Memory Churn),go_order,go,order,inventory-go-twin:9082,inventory-go-twin:9082,2026-06-24 11:46:21,2026-06-24T06:16:21Z,1782281781,sustain,1530.0,2127424.0,"{""__name__"": ""go_memstats_heap_alloc_bytes""}"
5,B,The Resource Footprint (Memory Churn),go_order,go,order,order-go-twin:9083,order-go-twin:9083,2026-06-24 11:46:21,2026-06-24T06:16:21Z,1782281781,sustain,1530.0,11783712.0,"{""__name__"": ""go_memstats_heap_alloc_bytes""}"
5,B,The Resource Footprint (Memory Churn),go_order,go,order,warehouse-go:8084,warehouse-go:8084,2026-06-24 11:46:21,2026-06-24T06:16:21Z,1782281781,sustain,1530.0,6296496.0,"{""__name__"": ""go_memstats_heap_alloc_bytes""}"
5,B,The Resource Footprint (Memory Churn),go_order,go,order,inventory-go-twin:9082,inventory-go-twin:9082,2026-06-24 11:46:36,2026-06-24T06:16:36Z,1782281796,sustain,1545.0,4653984.0,"{""__name__"": ""go_memstats_heap_alloc_bytes""}"
5,B,The Resource Footprint (Memory Churn),go_order,go,order,order-go-twin:9083,order-go-twin:9083,2026-06-24 11:46:36,2026-06-24T06:16:36Z,1782281796,sustain,1545.0,9613400.0,"{""__name__"": ""go_memstats_heap_alloc_bytes""}"
5,B,The Resource Footprint (Memory Churn),go_order,go,order,warehouse-go:8084,warehouse-go:8084,2026-06-24 11:46:36,2026-06-24T06:16:36Z,1782281796,sustain,1545.0,4915608.0,"{""__name__"": ""go_memstats_heap_alloc_bytes""}"
5,B,The Resource Footprint (Memory Churn),go_order,go,order,inventory-go-twin:9082,inventory-go-twin:9082,2026-06-24 11:46:51,2026-06-24T06:16:51Z,1782281811,sustain,1560.0,2927728.0,"{""__name__"": ""go_memstats_heap_alloc_bytes""}"
5,B,The Resource Footprint (Memory Churn),go_order,go,order,order-go-twin:9083,order-go-twin:9083,2026-06-24 11:46:51,2026-06-24T06:16:51Z,1782281811,sustain,1560.0,16327320.0,"{""__name__"": ""go_memstats_heap_alloc_bytes""}"
5,B,The Resource Footprint (Memory Churn),go_order,go,order,warehouse-go:8084,warehouse-go:8084,2026-06-24 11:46:51,2026-06-24T06:16:51Z,1782281811,sustain,1560.0,3967144.0,"{""__name__"": ""go_memstats_heap_alloc_bytes""}"
5,B,The Resource Footprint (Memory Churn),go_order,go,order,inventory-go-twin:9082,inventory-go-twin:9082,2026-06-24 11:47:06,2026-06-24T06:17:06Z,1782281826,sustain,1575.0,4349944.0,"{""__name__"": ""go_memstats_heap_alloc_bytes""}"
5,B,The Resource Footprint (Memory Churn),go_order,go,order,order-go-twin:9083,order-go-twin:9083,2026-06-24 11:47:06,2026-06-24T06:17:06Z,1782281826,sustain,1575.0,11287456.0,"{""__name__"": ""go_memstats_heap_alloc_bytes""}"
5,B,The Resource Footprint (Memory Churn),go_order,go,order,warehouse-go:8084,warehouse-go:8084,2026-06-24 11:47:06,2026-06-24T06:17:06Z,1782281826,sustain,1575.0,5107752.0,"{""__name__"": ""go_memstats_heap_alloc_bytes""}"
5,B,The Resource Footprint (Memory Churn),go_order,go,order,inventory-go-twin:9082,inventory-go-twin:9082,2026-06-24 11:47:21,2026-06-24T06:17:21Z,1782281841,sustain,1590.0,2877848.0,"{""__name__"": ""go_memstats_heap_alloc_bytes""}"
5,B,The Resource Footprint (Memory Churn),go_order,go,order,order-go-twin:9083,order-go-twin:9083,2026-06-24 11:47:21,2026-06-24T06:17:21Z,1782281841,sustain,1590.0,10705152.0,"{""__name__"": ""go_memstats_heap_alloc_bytes""}"
5,B,The Resource Footprint (Memory Churn),go_order,go,order,warehouse-go:8084,warehouse-go:8084,2026-06-24 11:47:21,2026-06-24T06:17:21Z,1782281841,sustain,1590.0,4891336.0,"{""__name__"": ""go_memstats_heap_alloc_bytes""}"
5,B,The Resource Footprint (Memory Churn),go_order,go,order,inventory-go-twin:9082,inventory-go-twin:9082,2026-06-24 11:47:36,2026-06-24T06:17:36Z,1782281856,sustain,1605.0,4155624.0,"{""__name__"": ""go_memstats_heap_alloc_bytes""}"
5,B,The Resource Footprint (Memory Churn),go_order,go,order,order-go-twin:9083,order-go-twin:9083,2026-06-24 11:47:36,2026-06-24T06:17:36Z,1782281856,sustain,1605.0,9529336.0,"{""__name__"": ""go_memstats_heap_alloc_bytes""}"
5,B,The Resource Footprint (Memory Churn),go_order,go,order,warehouse-go:8084,warehouse-go:8084,2026-06-24 11:47:36,2026-06-24T06:17:36Z,1782281856,sustain,1605.0,5006312.0,"{""__name__"": ""go_memstats_heap_alloc_bytes""}"
5,B,The Resource Footprint (Memory Churn),go_order,go,order,inventory-go-twin:9082,inventory-go-twin:9082,2026-06-24 11:47:51,2026-06-24T06:17:51Z,1782281871,sustain,1620.0,4443816.0,"{""__name__"": ""go_memstats_heap_alloc_bytes""}"
5,B,The Resource Footprint (Memory Churn),go_order,go,order,order-go-twin:9083,order-go-twin:9083,2026-06-24 11:47:51,2026-06-24T06:17:51Z,1782281871,sustain,1620.0,8673160.0,"{""__name__"": ""go_memstats_heap_alloc_bytes""}"
5,B,The Resource Footprint (Memory Churn),go_order,go,order,warehouse-go:8084,warehouse-go:8084,2026-06-24 11:47:51,2026-06-24T06:17:51Z,1782281871,sustain,1620.0,4059280.0,"{""__name__"": ""go_memstats_heap_alloc_bytes""}"
5,B,The Resource Footprint (Memory Churn),go_order,go,order,inventory-go-twin:9082,inventory-go-twin:9082,2026-06-24 11:48:06,2026-06-24T06:18:06Z,1782281886,sustain,1635.0,4461104.0,"{""__name__"": ""go_memstats_heap_alloc_bytes""}"
5,B,The Resource Footprint (Memory Churn),go_order,go,order,order-go-twin:9083,order-go-twin:9083,2026-06-24 11:48:06,2026-06-24T06:18:06Z,1782281886,sustain,1635.0,13996176.0,"{""__name__"": ""go_memstats_heap_alloc_bytes""}"
5,B,The Resource Footprint (Memory Churn),go_order,go,order,warehouse-go:8084,warehouse-go:8084,2026-06-24 11:48:06,2026-06-24T06:18:06Z,1782281886,sustain,1635.0,4068264.0,"{""__name__"": ""go_memstats_heap_alloc_bytes""}"
5,B,The Resource Footprint (Memory Churn),go_order,go,order,inventory-go-twin:9082,inventory-go-twin:9082,2026-06-24 11:48:21,2026-06-24T06:18:21Z,1782281901,sustain,1650.0,2784064.0,"{""__name__"": ""go_memstats_heap_alloc_bytes""}"
5,B,The Resource Footprint (Memory Churn),go_order,go,order,order-go-twin:9083,order-go-twin:9083,2026-06-24 11:48:21,2026-06-24T06:18:21Z,1782281901,sustain,1650.0,10064720.0,"{""__name__"": ""go_memstats_heap_alloc_bytes""}"
5,B,The Resource Footprint (Memory Churn),go_order,go,order,warehouse-go:8084,warehouse-go:8084,2026-06-24 11:48:21,2026-06-24T06:18:21Z,1782281901,sustain,1650.0,4934824.0,"{""__name__"": ""go_memstats_heap_alloc_bytes""}"
5,B,The Resource Footprint (Memory Churn),go_order,go,order,inventory-go-twin:9082,inventory-go-twin:9082,2026-06-24 11:48:36,2026-06-24T06:18:36Z,1782281916,sustain,1665.0,2932104.0,"{""__name__"": ""go_memstats_heap_alloc_bytes""}"
5,B,The Resource Footprint (Memory Churn),go_order,go,order,order-go-twin:9083,order-go-twin:9083,2026-06-24 11:48:36,2026-06-24T06:18:36Z,1782281916,sustain,1665.0,8771944.0,"{""__name__"": ""go_memstats_heap_alloc_bytes""}"
5,B,The Resource Footprint (Memory Churn),go_order,go,order,warehouse-go:8084,warehouse-go:8084,2026-06-24 11:48:36,2026-06-24T06:18:36Z,1782281916,sustain,1665.0,4893896.0,"{""__name__"": ""go_memstats_heap_alloc_bytes""}"
5,B,The Resource Footprint (Memory Churn),go_order,go,order,inventory-go-twin:9082,inventory-go-twin:9082,2026-06-24 11:48:51,2026-06-24T06:18:51Z,1782281931,sustain,1680.0,2750408.0,"{""__name__"": ""go_memstats_heap_alloc_bytes""}"
5,B,The Resource Footprint (Memory Churn),go_order,go,order,order-go-twin:9083,order-go-twin:9083,2026-06-24 11:48:51,2026-06-24T06:18:51Z,1782281931,sustain,1680.0,10213736.0,"{""__name__"": ""go_memstats_heap_alloc_bytes""}"
5,B,The Resource Footprint (Memory Churn),go_order,go,order,warehouse-go:8084,warehouse-go:8084,2026-06-24 11:48:51,2026-06-24T06:18:51Z,1782281931,sustain,1680.0,3124800.0,"{""__name__"": ""go_memstats_heap_alloc_bytes""}"
5,B,The Resource Footprint (Memory Churn),go_order,go,order,inventory-go-twin:9082,inventory-go-twin:9082,2026-06-24 11:49:06,2026-06-24T06:19:06Z,1782281946,sustain,1695.0,4623296.0,"{""__name__"": ""go_memstats_heap_alloc_bytes""}"
5,B,The Resource Footprint (Memory Churn),go_order,go,order,order-go-twin:9083,order-go-twin:9083,2026-06-24 11:49:06,2026-06-24T06:19:06Z,1782281946,sustain,1695.0,10040136.0,"{""__name__"": ""go_memstats_heap_alloc_bytes""}"
5,B,The Resource Footprint (Memory Churn),go_order,go,order,warehouse-go:8084,warehouse-go:8084,2026-06-24 11:49:06,2026-06-24T06:19:06Z,1782281946,sustain,1695.0,4169672.0,"{""__name__"": ""go_memstats_heap_alloc_bytes""}"
5,B,The Resource Footprint (Memory Churn),go_order,go,order,inventory-go-twin:9082,inventory-go-twin:9082,2026-06-24 11:49:21,2026-06-24T06:19:21Z,1782281961,sustain,1710.0,4608208.0,"{""__name__"": ""go_memstats_heap_alloc_bytes""}"
5,B,The Resource Footprint (Memory Churn),go_order,go,order,order-go-twin:9083,order-go-twin:9083,2026-06-24 11:49:21,2026-06-24T06:19:21Z,1782281961,sustain,1710.0,9833928.0,"{""__name__"": ""go_memstats_heap_alloc_bytes""}"
5,B,The Resource Footprint (Memory Churn),go_order,go,order,warehouse-go:8084,warehouse-go:8084,2026-06-24 11:49:21,2026-06-24T06:19:21Z,1782281961,sustain,1710.0,5035032.0,"{""__name__"": ""go_memstats_heap_alloc_bytes""}"
5,B,The Resource Footprint (Memory Churn),go_order,go,order,inventory-go-twin:9082,inventory-go-twin:9082,2026-06-24 11:49:36,2026-06-24T06:19:36Z,1782281976,sustain,1725.0,2286688.0,"{""__name__"": ""go_memstats_heap_alloc_bytes""}"
5,B,The Resource Footprint (Memory Churn),go_order,go,order,order-go-twin:9083,order-go-twin:9083,2026-06-24 11:49:36,2026-06-24T06:19:36Z,1782281976,sustain,1725.0,9582040.0,"{""__name__"": ""go_memstats_heap_alloc_bytes""}"
5,B,The Resource Footprint (Memory Churn),go_order,go,order,warehouse-go:8084,warehouse-go:8084,2026-06-24 11:49:36,2026-06-24T06:19:36Z,1782281976,sustain,1725.0,6978328.0,"{""__name__"": ""go_memstats_heap_alloc_bytes""}"
5,B,The Resource Footprint (Memory Churn),go_order,go,order,inventory-go-twin:9082,inventory-go-twin:9082,2026-06-24 11:49:51,2026-06-24T06:19:51Z,1782281991,sustain,1740.0,4467248.0,"{""__name__"": ""go_memstats_heap_alloc_bytes""}"
5,B,The Resource Footprint (Memory Churn),go_order,go,order,order-go-twin:9083,order-go-twin:9083,2026-06-24 11:49:51,2026-06-24T06:19:51Z,1782281991,sustain,1740.0,9329024.0,"{""__name__"": ""go_memstats_heap_alloc_bytes""}"
5,B,The Resource Footprint (Memory Churn),go_order,go,order,warehouse-go:8084,warehouse-go:8084,2026-06-24 11:49:51,2026-06-24T06:19:51Z,1782281991,sustain,1740.0,5884784.0,"{""__name__"": ""go_memstats_heap_alloc_bytes""}"
5,B,The Resource Footprint (Memory Churn),go_order,go,order,inventory-go-twin:9082,inventory-go-twin:9082,2026-06-24 11:50:06,2026-06-24T06:20:06Z,1782282006,sustain,1755.0,2307992.0,"{""__name__"": ""go_memstats_heap_alloc_bytes""}"
5,B,The Resource Footprint (Memory Churn),go_order,go,order,order-go-twin:9083,order-go-twin:9083,2026-06-24 11:50:06,2026-06-24T06:20:06Z,1782282006,sustain,1755.0,9585176.0,"{""__name__"": ""go_memstats_heap_alloc_bytes""}"
5,B,The Resource Footprint (Memory Churn),go_order,go,order,warehouse-go:8084,warehouse-go:8084,2026-06-24 11:50:06,2026-06-24T06:20:06Z,1782282006,sustain,1755.0,4273264.0,"{""__name__"": ""go_memstats_heap_alloc_bytes""}"
5,B,The Resource Footprint (Memory Churn),go_order,go,order,inventory-go-twin:9082,inventory-go-twin:9082,2026-06-24 11:50:21,2026-06-24T06:20:21Z,1782282021,sustain,1770.0,2098136.0,"{""__name__"": ""go_memstats_heap_alloc_bytes""}"
5,B,The Resource Footprint (Memory Churn),go_order,go,order,order-go-twin:9083,order-go-twin:9083,2026-06-24 11:50:21,2026-06-24T06:20:21Z,1782282021,sustain,1770.0,7468184.0,"{""__name__"": ""go_memstats_heap_alloc_bytes""}"
5,B,The Resource Footprint (Memory Churn),go_order,go,order,warehouse-go:8084,warehouse-go:8084,2026-06-24 11:50:21,2026-06-24T06:20:21Z,1782282021,sustain,1770.0,5814008.0,"{""__name__"": ""go_memstats_heap_alloc_bytes""}"
5,B,The Resource Footprint (Memory Churn),go_order,go,order,inventory-go-twin:9082,inventory-go-twin:9082,2026-06-24 11:50:36,2026-06-24T06:20:36Z,1782282036,sustain,1785.0,2970776.0,"{""__name__"": ""go_memstats_heap_alloc_bytes""}"
5,B,The Resource Footprint (Memory Churn),go_order,go,order,order-go-twin:9083,order-go-twin:9083,2026-06-24 11:50:36,2026-06-24T06:20:36Z,1782282036,sustain,1785.0,9397360.0,"{""__name__"": ""go_memstats_heap_alloc_bytes""}"
5,B,The Resource Footprint (Memory Churn),go_order,go,order,warehouse-go:8084,warehouse-go:8084,2026-06-24 11:50:36,2026-06-24T06:20:36Z,1782282036,sustain,1785.0,4031832.0,"{""__name__"": ""go_memstats_heap_alloc_bytes""}"
5,B,The Resource Footprint (Memory Churn),go_order,go,order,inventory-go-twin:9082,inventory-go-twin:9082,2026-06-24 11:50:51,2026-06-24T06:20:51Z,1782282051,cooldown,1800.0,4484256.0,"{""__name__"": ""go_memstats_heap_alloc_bytes""}"
5,B,The Resource Footprint (Memory Churn),go_order,go,order,order-go-twin:9083,order-go-twin:9083,2026-06-24 11:50:51,2026-06-24T06:20:51Z,1782282051,cooldown,1800.0,9240992.0,"{""__name__"": ""go_memstats_heap_alloc_bytes""}"
5,B,The Resource Footprint (Memory Churn),go_order,go,order,warehouse-go:8084,warehouse-go:8084,2026-06-24 11:50:51,2026-06-24T06:20:51Z,1782282051,cooldown,1800.0,5788112.0,"{""__name__"": ""go_memstats_heap_alloc_bytes""}"
5,B,The Resource Footprint (Memory Churn),go_order,go,order,inventory-go-twin:9082,inventory-go-twin:9082,2026-06-24 11:51:06,2026-06-24T06:21:06Z,1782282066,cooldown,1815.0,4517992.0,"{""__name__"": ""go_memstats_heap_alloc_bytes""}"
5,B,The Resource Footprint (Memory Churn),go_order,go,order,order-go-twin:9083,order-go-twin:9083,2026-06-24 11:51:06,2026-06-24T06:21:06Z,1782282066,cooldown,1815.0,7499456.0,"{""__name__"": ""go_memstats_heap_alloc_bytes""}"
5,B,The Resource Footprint (Memory Churn),go_order,go,order,warehouse-go:8084,warehouse-go:8084,2026-06-24 11:51:06,2026-06-24T06:21:06Z,1782282066,cooldown,1815.0,5036480.0,"{""__name__"": ""go_memstats_heap_alloc_bytes""}"
5,B,The Resource Footprint (Memory Churn),go_order,go,order,inventory-go-twin:9082,inventory-go-twin:9082,2026-06-24 11:51:21,2026-06-24T06:21:21Z,1782282081,cooldown,1830.0,3000376.0,"{""__name__"": ""go_memstats_heap_alloc_bytes""}"
5,B,The Resource Footprint (Memory Churn),go_order,go,order,order-go-twin:9083,order-go-twin:9083,2026-06-24 11:51:21,2026-06-24T06:21:21Z,1782282081,cooldown,1830.0,7039224.0,"{""__name__"": ""go_memstats_heap_alloc_bytes""}"
5,B,The Resource Footprint (Memory Churn),go_order,go,order,warehouse-go:8084,warehouse-go:8084,2026-06-24 11:51:21,2026-06-24T06:21:21Z,1782282081,cooldown,1830.0,3971144.0,"{""__name__"": ""go_memstats_heap_alloc_bytes""}"
5,B,The Resource Footprint (Memory Churn),go_order,go,order,inventory-go-twin:9082,inventory-go-twin:9082,2026-06-24 11:51:36,2026-06-24T06:21:36Z,1782282096,cooldown,1845.0,2702640.0,"{""__name__"": ""go_memstats_heap_alloc_bytes""}"
5,B,The Resource Footprint (Memory Churn),go_order,go,order,order-go-twin:9083,order-go-twin:9083,2026-06-24 11:51:36,2026-06-24T06:21:36Z,1782282096,cooldown,1845.0,8050448.0,"{""__name__"": ""go_memstats_heap_alloc_bytes""}"
5,B,The Resource Footprint (Memory Churn),go_order,go,order,warehouse-go:8084,warehouse-go:8084,2026-06-24 11:51:36,2026-06-24T06:21:36Z,1782282096,cooldown,1845.0,4311768.0,"{""__name__"": ""go_memstats_heap_alloc_bytes""}"
5,B,The Resource Footprint (Memory Churn),go_order,go,order,inventory-go-twin:9082,inventory-go-twin:9082,2026-06-24 11:51:51,2026-06-24T06:21:51Z,1782282111,cooldown,1860.0,4761328.0,"{""__name__"": ""go_memstats_heap_alloc_bytes""}"
5,B,The Resource Footprint (Memory Churn),go_order,go,order,order-go-twin:9083,order-go-twin:9083,2026-06-24 11:51:51,2026-06-24T06:21:51Z,1782282111,cooldown,1860.0,9269200.0,"{""__name__"": ""go_memstats_heap_alloc_bytes""}"
5,B,The Resource Footprint (Memory Churn),go_order,go,order,warehouse-go:8084,warehouse-go:8084,2026-06-24 11:51:51,2026-06-24T06:21:51Z,1782282111,cooldown,1860.0,5510392.0,"{""__name__"": ""go_memstats_heap_alloc_bytes""}"
5,B,The Resource Footprint (Memory Churn),go_order,go,order,inventory-go-twin:9082,inventory-go-twin:9082,2026-06-24 11:52:06,2026-06-24T06:22:06Z,1782282126,cooldown,1875.0,4405544.0,"{""__name__"": ""go_memstats_heap_alloc_bytes""}"
5,B,The Resource Footprint (Memory Churn),go_order,go,order,order-go-twin:9083,order-go-twin:9083,2026-06-24 11:52:06,2026-06-24T06:22:06Z,1782282126,cooldown,1875.0,13429696.0,"{""__name__"": ""go_memstats_heap_alloc_bytes""}"
5,B,The Resource Footprint (Memory Churn),go_order,go,order,warehouse-go:8084,warehouse-go:8084,2026-06-24 11:52:06,2026-06-24T06:22:06Z,1782282126,cooldown,1875.0,5164776.0,"{""__name__"": ""go_memstats_heap_alloc_bytes""}"
5,B,The Resource Footprint (Memory Churn),go_order,go,order,inventory-go-twin:9082,inventory-go-twin:9082,2026-06-24 11:52:21,2026-06-24T06:22:21Z,1782282141,cooldown,1890.0,4654224.0,"{""__name__"": ""go_memstats_heap_alloc_bytes""}"
5,B,The Resource Footprint (Memory Churn),go_order,go,order,order-go-twin:9083,order-go-twin:9083,2026-06-24 11:52:21,2026-06-24T06:22:21Z,1782282141,cooldown,1890.0,11664536.0,"{""__name__"": ""go_memstats_heap_alloc_bytes""}"
5,B,The Resource Footprint (Memory Churn),go_order,go,order,warehouse-go:8084,warehouse-go:8084,2026-06-24 11:52:21,2026-06-24T06:22:21Z,1782282141,cooldown,1890.0,4945856.0,"{""__name__"": ""go_memstats_heap_alloc_bytes""}"
5,B,The Resource Footprint (Memory Churn),go_order,go,order,inventory-go-twin:9082,inventory-go-twin:9082,2026-06-24 11:52:36,2026-06-24T06:22:36Z,1782282156,cooldown,1905.0,2613440.0,"{""__name__"": ""go_memstats_heap_alloc_bytes""}"
5,B,The Resource Footprint (Memory Churn),go_order,go,order,order-go-twin:9083,order-go-twin:9083,2026-06-24 11:52:36,2026-06-24T06:22:36Z,1782282156,cooldown,1905.0,11904968.0,"{""__name__"": ""go_memstats_heap_alloc_bytes""}"
5,B,The Resource Footprint (Memory Churn),go_order,go,order,warehouse-go:8084,warehouse-go:8084,2026-06-24 11:52:36,2026-06-24T06:22:36Z,1782282156,cooldown,1905.0,6018976.0,"{""__name__"": ""go_memstats_heap_alloc_bytes""}"
5,B,The Resource Footprint (Memory Churn),go_order,go,order,inventory-go-twin:9082,inventory-go-twin:9082,2026-06-24 11:52:51,2026-06-24T06:22:51Z,1782282171,cooldown,1920.0,2248248.0,"{""__name__"": ""go_memstats_heap_alloc_bytes""}"
5,B,The Resource Footprint (Memory Churn),go_order,go,order,order-go-twin:9083,order-go-twin:9083,2026-06-24 11:52:51,2026-06-24T06:22:51Z,1782282171,cooldown,1920.0,7221376.0,"{""__name__"": ""go_memstats_heap_alloc_bytes""}"
5,B,The Resource Footprint (Memory Churn),go_order,go,order,warehouse-go:8084,warehouse-go:8084,2026-06-24 11:52:51,2026-06-24T06:22:51Z,1782282171,cooldown,1920.0,4058408.0,"{""__name__"": ""go_memstats_heap_alloc_bytes""}"
5,B,The Resource Footprint (Memory Churn),go_order,go,order,inventory-go-twin:9082,inventory-go-twin:9082,2026-06-24 11:53:06,2026-06-24T06:23:06Z,1782282186,cooldown,1935.0,4488856.0,"{""__name__"": ""go_memstats_heap_alloc_bytes""}"
5,B,The Resource Footprint (Memory Churn),go_order,go,order,order-go-twin:9083,order-go-twin:9083,2026-06-24 11:53:06,2026-06-24T06:23:06Z,1782282186,cooldown,1935.0,10381224.0,"{""__name__"": ""go_memstats_heap_alloc_bytes""}"
5,B,The Resource Footprint (Memory Churn),go_order,go,order,warehouse-go:8084,warehouse-go:8084,2026-06-24 11:53:06,2026-06-24T06:23:06Z,1782282186,cooldown,1935.0,5245848.0,"{""__name__"": ""go_memstats_heap_alloc_bytes""}"
5,B,The Resource Footprint (Memory Churn),go_order,go,order,inventory-go-twin:9082,inventory-go-twin:9082,2026-06-24 11:53:21,2026-06-24T06:23:21Z,1782282201,cooldown,1950.0,4431016.0,"{""__name__"": ""go_memstats_heap_alloc_bytes""}"
5,B,The Resource Footprint (Memory Churn),go_order,go,order,order-go-twin:9083,order-go-twin:9083,2026-06-24 11:53:21,2026-06-24T06:23:21Z,1782282201,cooldown,1950.0,6430000.0,"{""__name__"": ""go_memstats_heap_alloc_bytes""}"
5,B,The Resource Footprint (Memory Churn),go_order,go,order,warehouse-go:8084,warehouse-go:8084,2026-06-24 11:53:21,2026-06-24T06:23:21Z,1782282201,cooldown,1950.0,4235832.0,"{""__name__"": ""go_memstats_heap_alloc_bytes""}"
5,B,The Resource Footprint (Memory Churn),go_order,go,order,inventory-go-twin:9082,inventory-go-twin:9082,2026-06-24 11:53:36,2026-06-24T06:23:36Z,1782282216,cooldown,1965.0,2258680.0,"{""__name__"": ""go_memstats_heap_alloc_bytes""}"
5,B,The Resource Footprint (Memory Churn),go_order,go,order,order-go-twin:9083,order-go-twin:9083,2026-06-24 11:53:36,2026-06-24T06:23:36Z,1782282216,cooldown,1965.0,10370808.0,"{""__name__"": ""go_memstats_heap_alloc_bytes""}"
5,B,The Resource Footprint (Memory Churn),go_order,go,order,warehouse-go:8084,warehouse-go:8084,2026-06-24 11:53:36,2026-06-24T06:23:36Z,1782282216,cooldown,1965.0,4796792.0,"{""__name__"": ""go_memstats_heap_alloc_bytes""}"
5,B,The Resource Footprint (Memory Churn),go_order,go,order,inventory-go-twin:9082,inventory-go-twin:9082,2026-06-24 11:53:51,2026-06-24T06:23:51Z,1782282231,cooldown,1980.0,4442752.0,"{""__name__"": ""go_memstats_heap_alloc_bytes""}"
5,B,The Resource Footprint (Memory Churn),go_order,go,order,order-go-twin:9083,order-go-twin:9083,2026-06-24 11:53:51,2026-06-24T06:23:51Z,1782282231,cooldown,1980.0,12202280.0,"{""__name__"": ""go_memstats_heap_alloc_bytes""}"
5,B,The Resource Footprint (Memory Churn),go_order,go,order,warehouse-go:8084,warehouse-go:8084,2026-06-24 11:53:51,2026-06-24T06:23:51Z,1782282231,cooldown,1980.0,6007064.0,"{""__name__"": ""go_memstats_heap_alloc_bytes""}"
5,B,The Resource Footprint (Memory Churn),go_order,go,order,inventory-go-twin:9082,inventory-go-twin:9082,2026-06-24 11:54:06,2026-06-24T06:24:06Z,1782282246,cooldown,1995.0,4727104.0,"{""__name__"": ""go_memstats_heap_alloc_bytes""}"
5,B,The Resource Footprint (Memory Churn),go_order,go,order,order-go-twin:9083,order-go-twin:9083,2026-06-24 11:54:06,2026-06-24T06:24:06Z,1782282246,cooldown,1995.0,5241832.0,"{""__name__"": ""go_memstats_heap_alloc_bytes""}"
5,B,The Resource Footprint (Memory Churn),go_order,go,order,warehouse-go:8084,warehouse-go:8084,2026-06-24 11:54:06,2026-06-24T06:24:06Z,1782282246,cooldown,1995.0,4813592.0,"{""__name__"": ""go_memstats_heap_alloc_bytes""}"
5,B,The Resource Footprint (Memory Churn),go_order,go,order,inventory-go-twin:9082,inventory-go-twin:9082,2026-06-24 11:54:21,2026-06-24T06:24:21Z,1782282261,cooldown,2010.0,3076672.0,"{""__name__"": ""go_memstats_heap_alloc_bytes""}"
5,B,The Resource Footprint (Memory Churn),go_order,go,order,order-go-twin:9083,order-go-twin:9083,2026-06-24 11:54:21,2026-06-24T06:24:21Z,1782282261,cooldown,2010.0,5845048.0,"{""__name__"": ""go_memstats_heap_alloc_bytes""}"
5,B,The Resource Footprint (Memory Churn),go_order,go,order,warehouse-go:8084,warehouse-go:8084,2026-06-24 11:54:21,2026-06-24T06:24:21Z,1782282261,cooldown,2010.0,6802472.0,"{""__name__"": ""go_memstats_heap_alloc_bytes""}"
5,B,The Resource Footprint (Memory Churn),go_order,go,order,inventory-go-twin:9082,inventory-go-twin:9082,2026-06-24 11:54:36,2026-06-24T06:24:36Z,1782282276,cooldown,2025.0,4561576.0,"{""__name__"": ""go_memstats_heap_alloc_bytes""}"
5,B,The Resource Footprint (Memory Churn),go_order,go,order,order-go-twin:9083,order-go-twin:9083,2026-06-24 11:54:36,2026-06-24T06:24:36Z,1782282276,cooldown,2025.0,9056824.0,"{""__name__"": ""go_memstats_heap_alloc_bytes""}"
5,B,The Resource Footprint (Memory Churn),go_order,go,order,warehouse-go:8084,warehouse-go:8084,2026-06-24 11:54:36,2026-06-24T06:24:36Z,1782282276,cooldown,2025.0,6621080.0,"{""__name__"": ""go_memstats_heap_alloc_bytes""}"
5,B,The Resource Footprint (Memory Churn),go_order,go,order,inventory-go-twin:9082,inventory-go-twin:9082,2026-06-24 11:54:51,2026-06-24T06:24:51Z,1782282291,cooldown,2040.0,3882096.0,"{""__name__"": ""go_memstats_heap_alloc_bytes""}"
5,B,The Resource Footprint (Memory Churn),go_order,go,order,order-go-twin:9083,order-go-twin:9083,2026-06-24 11:54:51,2026-06-24T06:24:51Z,1782282291,cooldown,2040.0,6248608.0,"{""__name__"": ""go_memstats_heap_alloc_bytes""}"
5,B,The Resource Footprint (Memory Churn),go_order,go,order,warehouse-go:8084,warehouse-go:8084,2026-06-24 11:54:51,2026-06-24T06:24:51Z,1782282291,cooldown,2040.0,4842168.0,"{""__name__"": ""go_memstats_heap_alloc_bytes""}"
5,B,The Resource Footprint (Memory Churn),go_order,go,order,inventory-go-twin:9082,inventory-go-twin:9082,2026-06-24 11:55:06,2026-06-24T06:25:06Z,1782282306,cooldown,2055.0,2899608.0,"{""__name__"": ""go_memstats_heap_alloc_bytes""}"
5,B,The Resource Footprint (Memory Churn),go_order,go,order,order-go-twin:9083,order-go-twin:9083,2026-06-24 11:55:06,2026-06-24T06:25:06Z,1782282306,cooldown,2055.0,8980320.0,"{""__name__"": ""go_memstats_heap_alloc_bytes""}"
5,B,The Resource Footprint (Memory Churn),go_order,go,order,warehouse-go:8084,warehouse-go:8084,2026-06-24 11:55:06,2026-06-24T06:25:06Z,1782282306,cooldown,2055.0,5995800.0,"{""__name__"": ""go_memstats_heap_alloc_bytes""}"
5,B,The Resource Footprint (Memory Churn),go_order,go,order,inventory-go-twin:9082,inventory-go-twin:9082,2026-06-24 11:55:21,2026-06-24T06:25:21Z,1782282321,cooldown,2070.0,2948720.0,"{""__name__"": ""go_memstats_heap_alloc_bytes""}"
5,B,The Resource Footprint (Memory Churn),go_order,go,order,order-go-twin:9083,order-go-twin:9083,2026-06-24 11:55:21,2026-06-24T06:25:21Z,1782282321,cooldown,2070.0,4543216.0,"{""__name__"": ""go_memstats_heap_alloc_bytes""}"
5,B,The Resource Footprint (Memory Churn),go_order,go,order,warehouse-go:8084,warehouse-go:8084,2026-06-24 11:55:21,2026-06-24T06:25:21Z,1782282321,cooldown,2070.0,7235496.0,"{""__name__"": ""go_memstats_heap_alloc_bytes""}"
5,B,The Resource Footprint (Memory Churn),go_order,go,order,inventory-go-twin:9082,inventory-go-twin:9082,2026-06-24 11:55:36,2026-06-24T06:25:36Z,1782282336,cooldown,2085.0,4555200.0,"{""__name__"": ""go_memstats_heap_alloc_bytes""}"
5,B,The Resource Footprint (Memory Churn),go_order,go,order,order-go-twin:9083,order-go-twin:9083,2026-06-24 11:55:36,2026-06-24T06:25:36Z,1782282336,cooldown,2085.0,7691880.0,"{""__name__"": ""go_memstats_heap_alloc_bytes""}"
5,B,The Resource Footprint (Memory Churn),go_order,go,order,warehouse-go:8084,warehouse-go:8084,2026-06-24 11:55:36,2026-06-24T06:25:36Z,1782282336,cooldown,2085.0,5986304.0,"{""__name__"": ""go_memstats_heap_alloc_bytes""}"
5,B,The Resource Footprint (Memory Churn),go_order,go,order,inventory-go-twin:9082,inventory-go-twin:9082,2026-06-24 11:55:51,2026-06-24T06:25:51Z,1782282351,post_test,2100.0,3322096.0,"{""__name__"": ""go_memstats_heap_alloc_bytes""}"
5,B,The Resource Footprint (Memory Churn),go_order,go,order,order-go-twin:9083,order-go-twin:9083,2026-06-24 11:55:51,2026-06-24T06:25:51Z,1782282351,post_test,2100.0,7101264.0,"{""__name__"": ""go_memstats_heap_alloc_bytes""}"
5,B,The Resource Footprint (Memory Churn),go_order,go,order,warehouse-go:8084,warehouse-go:8084,2026-06-24 11:55:51,2026-06-24T06:25:51Z,1782282351,post_test,2100.0,7235152.0,"{""__name__"": ""go_memstats_heap_alloc_bytes""}"
5,B,The Resource Footprint (Memory Churn),java_inventory,java,inventory,inventory-go-twin:9082,inventory-go-twin:9082,2026-06-24 13:21:22,2026-06-24T07:51:22Z,1782287482,warmup,0.0,3417840.0,"{""__name__"": ""go_memstats_heap_alloc_bytes""}"
5,B,The Resource Footprint (Memory Churn),java_inventory,java,inventory,order-go-twin:9083,order-go-twin:9083,2026-06-24 13:21:22,2026-06-24T07:51:22Z,1782287482,warmup,0.0,4145720.0,"{""__name__"": ""go_memstats_heap_alloc_bytes""}"
5,B,The Resource Footprint (Memory Churn),java_inventory,java,inventory,warehouse-go:8084,warehouse-go:8084,2026-06-24 13:21:22,2026-06-24T07:51:22Z,1782287482,warmup,0.0,5301096.0,"{""__name__"": ""go_memstats_heap_alloc_bytes""}"
5,B,The Resource Footprint (Memory Churn),java_inventory,java,inventory,inventory-go-twin:9082,inventory-go-twin:9082,2026-06-24 13:21:37,2026-06-24T07:51:37Z,1782287497,warmup,15.0,3936480.0,"{""__name__"": ""go_memstats_heap_alloc_bytes""}"
5,B,The Resource Footprint (Memory Churn),java_inventory,java,inventory,order-go-twin:9083,order-go-twin:9083,2026-06-24 13:21:37,2026-06-24T07:51:37Z,1782287497,warmup,15.0,4772128.0,"{""__name__"": ""go_memstats_heap_alloc_bytes""}"
5,B,The Resource Footprint (Memory Churn),java_inventory,java,inventory,warehouse-go:8084,warehouse-go:8084,2026-06-24 13:21:37,2026-06-24T07:51:37Z,1782287497,warmup,15.0,5247424.0,"{""__name__"": ""go_memstats_heap_alloc_bytes""}"
5,B,The Resource Footprint (Memory Churn),java_inventory,java,inventory,inventory-go-twin:9082,inventory-go-twin:9082,2026-06-24 13:21:52,2026-06-24T07:51:52Z,1782287512,warmup,30.0,4753216.0,"{""__name__"": ""go_memstats_heap_alloc_bytes""}"
5,B,The Resource Footprint (Memory Churn),java_inventory,java,inventory,order-go-twin:9083,order-go-twin:9083,2026-06-24 13:21:52,2026-06-24T07:51:52Z,1782287512,warmup,30.0,5456160.0,"{""__name__"": ""go_memstats_heap_alloc_bytes""}"
5,B,The Resource Footprint (Memory Churn),java_inventory,java,inventory,warehouse-go:8084,warehouse-go:8084,2026-06-24 13:21:52,2026-06-24T07:51:52Z,1782287512,warmup,30.0,5193136.0,"{""__name__"": ""go_memstats_heap_alloc_bytes""}"
5,B,The Resource Footprint (Memory Churn),java_inventory,java,inventory,inventory-go-twin:9082,inventory-go-twin:9082,2026-06-24 13:22:07,2026-06-24T07:52:07Z,1782287527,warmup,45.0,5522312.0,"{""__name__"": ""go_memstats_heap_alloc_bytes""}"
5,B,The Resource Footprint (Memory Churn),java_inventory,java,inventory,order-go-twin:9083,order-go-twin:9083,2026-06-24 13:22:07,2026-06-24T07:52:07Z,1782287527,warmup,45.0,3622264.0,"{""__name__"": ""go_memstats_heap_alloc_bytes""}"
5,B,The Resource Footprint (Memory Churn),java_inventory,java,inventory,warehouse-go:8084,warehouse-go:8084,2026-06-24 13:22:07,2026-06-24T07:52:07Z,1782287527,warmup,45.0,5263880.0,"{""__name__"": ""go_memstats_heap_alloc_bytes""}"
5,B,The Resource Footprint (Memory Churn),java_inventory,java,inventory,inventory-go-twin:9082,inventory-go-twin:9082,2026-06-24 13:22:22,2026-06-24T07:52:22Z,1782287542,warmup,60.0,3652376.0,"{""__name__"": ""go_memstats_heap_alloc_bytes""}"
5,B,The Resource Footprint (Memory Churn),java_inventory,java,inventory,order-go-twin:9083,order-go-twin:9083,2026-06-24 13:22:22,2026-06-24T07:52:22Z,1782287542,warmup,60.0,3998504.0,"{""__name__"": ""go_memstats_heap_alloc_bytes""}"
5,B,The Resource Footprint (Memory Churn),java_inventory,java,inventory,warehouse-go:8084,warehouse-go:8084,2026-06-24 13:22:22,2026-06-24T07:52:22Z,1782287542,warmup,60.0,6157296.0,"{""__name__"": ""go_memstats_heap_alloc_bytes""}"
5,B,The Resource Footprint (Memory Churn),java_inventory,java,inventory,inventory-go-twin:9082,inventory-go-twin:9082,2026-06-24 13:22:37,2026-06-24T07:52:37Z,1782287557,warmup,75.0,4335480.0,"{""__name__"": ""go_memstats_heap_alloc_bytes""}"
5,B,The Resource Footprint (Memory Churn),java_inventory,java,inventory,order-go-twin:9083,order-go-twin:9083,2026-06-24 13:22:37,2026-06-24T07:52:37Z,1782287557,warmup,75.0,4603544.0,"{""__name__"": ""go_memstats_heap_alloc_bytes""}"
5,B,The Resource Footprint (Memory Churn),java_inventory,java,inventory,warehouse-go:8084,warehouse-go:8084,2026-06-24 13:22:37,2026-06-24T07:52:37Z,1782287557,warmup,75.0,6246744.0,"{""__name__"": ""go_memstats_heap_alloc_bytes""}"
5,B,The Resource Footprint (Memory Churn),java_inventory,java,inventory,inventory-go-twin:9082,inventory-go-twin:9082,2026-06-24 13:22:52,2026-06-24T07:52:52Z,1782287572,warmup,90.0,5155168.0,"{""__name__"": ""go_memstats_heap_alloc_bytes""}"
5,B,The Resource Footprint (Memory Churn),java_inventory,java,inventory,order-go-twin:9083,order-go-twin:9083,2026-06-24 13:22:52,2026-06-24T07:52:52Z,1782287572,warmup,90.0,5228936.0,"{""__name__"": ""go_memstats_heap_alloc_bytes""}"
5,B,The Resource Footprint (Memory Churn),java_inventory,java,inventory,warehouse-go:8084,warehouse-go:8084,2026-06-24 13:22:52,2026-06-24T07:52:52Z,1782287572,warmup,90.0,5187552.0,"{""__name__"": ""go_memstats_heap_alloc_bytes""}"
5,B,The Resource Footprint (Memory Churn),java_inventory,java,inventory,inventory-go-twin:9082,inventory-go-twin:9082,2026-06-24 13:23:07,2026-06-24T07:53:07Z,1782287587,warmup,105.0,3463120.0,"{""__name__"": ""go_memstats_heap_alloc_bytes""}"
5,B,The Resource Footprint (Memory Churn),java_inventory,java,inventory,order-go-twin:9083,order-go-twin:9083,2026-06-24 13:23:07,2026-06-24T07:53:07Z,1782287587,warmup,105.0,5904768.0,"{""__name__"": ""go_memstats_heap_alloc_bytes""}"
5,B,The Resource Footprint (Memory Churn),java_inventory,java,inventory,warehouse-go:8084,warehouse-go:8084,2026-06-24 13:23:07,2026-06-24T07:53:07Z,1782287587,warmup,105.0,5298632.0,"{""__name__"": ""go_memstats_heap_alloc_bytes""}"
5,B,The Resource Footprint (Memory Churn),java_inventory,java,inventory,inventory-go-twin:9082,inventory-go-twin:9082,2026-06-24 13:23:22,2026-06-24T07:53:22Z,1782287602,warmup,120.0,4172600.0,"{""__name__"": ""go_memstats_heap_alloc_bytes""}"
5,B,The Resource Footprint (Memory Churn),java_inventory,java,inventory,order-go-twin:9083,order-go-twin:9083,2026-06-24 13:23:22,2026-06-24T07:53:22Z,1782287602,warmup,120.0,3802688.0,"{""__name__"": ""go_memstats_heap_alloc_bytes""}"
5,B,The Resource Footprint (Memory Churn),java_inventory,java,inventory,warehouse-go:8084,warehouse-go:8084,2026-06-24 13:23:22,2026-06-24T07:53:22Z,1782287602,warmup,120.0,6052496.0,"{""__name__"": ""go_memstats_heap_alloc_bytes""}"
5,B,The Resource Footprint (Memory Churn),java_inventory,java,inventory,inventory-go-twin:9082,inventory-go-twin:9082,2026-06-24 13:23:37,2026-06-24T07:53:37Z,1782287617,warmup,135.0,5061704.0,"{""__name__"": ""go_memstats_heap_alloc_bytes""}"
5,B,The Resource Footprint (Memory Churn),java_inventory,java,inventory,order-go-twin:9083,order-go-twin:9083,2026-06-24 13:23:37,2026-06-24T07:53:37Z,1782287617,warmup,135.0,4304360.0,"{""__name__"": ""go_memstats_heap_alloc_bytes""}"
5,B,The Resource Footprint (Memory Churn),java_inventory,java,inventory,warehouse-go:8084,warehouse-go:8084,2026-06-24 13:23:37,2026-06-24T07:53:37Z,1782287617,warmup,135.0,5171808.0,"{""__name__"": ""go_memstats_heap_alloc_bytes""}"
5,B,The Resource Footprint (Memory Churn),java_inventory,java,inventory,inventory-go-twin:9082,inventory-go-twin:9082,2026-06-24 13:23:52,2026-06-24T07:53:52Z,1782287632,warmup,150.0,3388184.0,"{""__name__"": ""go_memstats_heap_alloc_bytes""}"
5,B,The Resource Footprint (Memory Churn),java_inventory,java,inventory,order-go-twin:9083,order-go-twin:9083,2026-06-24 13:23:52,2026-06-24T07:53:52Z,1782287632,warmup,150.0,4942296.0,"{""__name__"": ""go_memstats_heap_alloc_bytes""}"
5,B,The Resource Footprint (Memory Churn),java_inventory,java,inventory,warehouse-go:8084,warehouse-go:8084,2026-06-24 13:23:52,2026-06-24T07:53:52Z,1782287632,warmup,150.0,7235920.0,"{""__name__"": ""go_memstats_heap_alloc_bytes""}"
5,B,The Resource Footprint (Memory Churn),java_inventory,java,inventory,inventory-go-twin:9082,inventory-go-twin:9082,2026-06-24 13:24:07,2026-06-24T07:54:07Z,1782287647,warmup,165.0,3895320.0,"{""__name__"": ""go_memstats_heap_alloc_bytes""}"
5,B,The Resource Footprint (Memory Churn),java_inventory,java,inventory,order-go-twin:9083,order-go-twin:9083,2026-06-24 13:24:07,2026-06-24T07:54:07Z,1782287647,warmup,165.0,5641848.0,"{""__name__"": ""go_memstats_heap_alloc_bytes""}"
5,B,The Resource Footprint (Memory Churn),java_inventory,java,inventory,warehouse-go:8084,warehouse-go:8084,2026-06-24 13:24:07,2026-06-24T07:54:07Z,1782287647,warmup,165.0,6135288.0,"{""__name__"": ""go_memstats_heap_alloc_bytes""}"
5,B,The Resource Footprint (Memory Churn),java_inventory,java,inventory,inventory-go-twin:9082,inventory-go-twin:9082,2026-06-24 13:24:22,2026-06-24T07:54:22Z,1782287662,warmup,180.0,4741992.0,"{""__name__"": ""go_memstats_heap_alloc_bytes""}"
5,B,The Resource Footprint (Memory Churn),java_inventory,java,inventory,order-go-twin:9083,order-go-twin:9083,2026-06-24 13:24:22,2026-06-24T07:54:22Z,1782287662,warmup,180.0,3703784.0,"{""__name__"": ""go_memstats_heap_alloc_bytes""}"
5,B,The Resource Footprint (Memory Churn),java_inventory,java,inventory,warehouse-go:8084,warehouse-go:8084,2026-06-24 13:24:22,2026-06-24T07:54:22Z,1782287662,warmup,180.0,4487504.0,"{""__name__"": ""go_memstats_heap_alloc_bytes""}"
5,B,The Resource Footprint (Memory Churn),java_inventory,java,inventory,inventory-go-twin:9082,inventory-go-twin:9082,2026-06-24 13:24:37,2026-06-24T07:54:37Z,1782287677,warmup,195.0,5450768.0,"{""__name__"": ""go_memstats_heap_alloc_bytes""}"
5,B,The Resource Footprint (Memory Churn),java_inventory,java,inventory,order-go-twin:9083,order-go-twin:9083,2026-06-24 13:24:37,2026-06-24T07:54:37Z,1782287677,warmup,195.0,4137160.0,"{""__name__"": ""go_memstats_heap_alloc_bytes""}"
5,B,The Resource Footprint (Memory Churn),java_inventory,java,inventory,warehouse-go:8084,warehouse-go:8084,2026-06-24 13:24:37,2026-06-24T07:54:37Z,1782287677,warmup,195.0,4885344.0,"{""__name__"": ""go_memstats_heap_alloc_bytes""}"
5,B,The Resource Footprint (Memory Churn),java_inventory,java,inventory,inventory-go-twin:9082,inventory-go-twin:9082,2026-06-24 13:24:52,2026-06-24T07:54:52Z,1782287692,warmup,210.0,4423976.0,"{""__name__"": ""go_memstats_heap_alloc_bytes""}"
5,B,The Resource Footprint (Memory Churn),java_inventory,java,inventory,order-go-twin:9083,order-go-twin:9083,2026-06-24 13:24:52,2026-06-24T07:54:52Z,1782287692,warmup,210.0,4829248.0,"{""__name__"": ""go_memstats_heap_alloc_bytes""}"
5,B,The Resource Footprint (Memory Churn),java_inventory,java,inventory,warehouse-go:8084,warehouse-go:8084,2026-06-24 13:24:52,2026-06-24T07:54:52Z,1782287692,warmup,210.0,5498640.0,"{""__name__"": ""go_memstats_heap_alloc_bytes""}"
5,B,The Resource Footprint (Memory Churn),java_inventory,java,inventory,inventory-go-twin:9082,inventory-go-twin:9082,2026-06-24 13:25:07,2026-06-24T07:55:07Z,1782287707,warmup,225.0,5119072.0,"{""__name__"": ""go_memstats_heap_alloc_bytes""}"
5,B,The Resource Footprint (Memory Churn),java_inventory,java,inventory,order-go-twin:9083,order-go-twin:9083,2026-06-24 13:25:07,2026-06-24T07:55:07Z,1782287707,warmup,225.0,5460384.0,"{""__name__"": ""go_memstats_heap_alloc_bytes""}"
5,B,The Resource Footprint (Memory Churn),java_inventory,java,inventory,warehouse-go:8084,warehouse-go:8084,2026-06-24 13:25:07,2026-06-24T07:55:07Z,1782287707,warmup,225.0,4288832.0,"{""__name__"": ""go_memstats_heap_alloc_bytes""}"
5,B,The Resource Footprint (Memory Churn),java_inventory,java,inventory,inventory-go-twin:9082,inventory-go-twin:9082,2026-06-24 13:25:22,2026-06-24T07:55:22Z,1782287722,warmup,240.0,3449272.0,"{""__name__"": ""go_memstats_heap_alloc_bytes""}"
5,B,The Resource Footprint (Memory Churn),java_inventory,java,inventory,order-go-twin:9083,order-go-twin:9083,2026-06-24 13:25:22,2026-06-24T07:55:22Z,1782287722,warmup,240.0,3611928.0,"{""__name__"": ""go_memstats_heap_alloc_bytes""}"
5,B,The Resource Footprint (Memory Churn),java_inventory,java,inventory,warehouse-go:8084,warehouse-go:8084,2026-06-24 13:25:22,2026-06-24T07:55:22Z,1782287722,warmup,240.0,5457120.0,"{""__name__"": ""go_memstats_heap_alloc_bytes""}"
5,B,The Resource Footprint (Memory Churn),java_inventory,java,inventory,inventory-go-twin:9082,inventory-go-twin:9082,2026-06-24 13:25:37,2026-06-24T07:55:37Z,1782287737,warmup,255.0,3955096.0,"{""__name__"": ""go_memstats_heap_alloc_bytes""}"
5,B,The Resource Footprint (Memory Churn),java_inventory,java,inventory,order-go-twin:9083,order-go-twin:9083,2026-06-24 13:25:37,2026-06-24T07:55:37Z,1782287737,warmup,255.0,4002872.0,"{""__name__"": ""go_memstats_heap_alloc_bytes""}"
5,B,The Resource Footprint (Memory Churn),java_inventory,java,inventory,warehouse-go:8084,warehouse-go:8084,2026-06-24 13:25:37,2026-06-24T07:55:37Z,1782287737,warmup,255.0,5341552.0,"{""__name__"": ""go_memstats_heap_alloc_bytes""}"
5,B,The Resource Footprint (Memory Churn),java_inventory,java,inventory,inventory-go-twin:9082,inventory-go-twin:9082,2026-06-24 13:25:52,2026-06-24T07:55:52Z,1782287752,warmup,270.0,4688376.0,"{""__name__"": ""go_memstats_heap_alloc_bytes""}"
5,B,The Resource Footprint (Memory Churn),java_inventory,java,inventory,order-go-twin:9083,order-go-twin:9083,2026-06-24 13:25:52,2026-06-24T07:55:52Z,1782287752,warmup,270.0,4624840.0,"{""__name__"": ""go_memstats_heap_alloc_bytes""}"
5,B,The Resource Footprint (Memory Churn),java_inventory,java,inventory,warehouse-go:8084,warehouse-go:8084,2026-06-24 13:25:52,2026-06-24T07:55:52Z,1782287752,warmup,270.0,6617872.0,"{""__name__"": ""go_memstats_heap_alloc_bytes""}"
5,B,The Resource Footprint (Memory Churn),java_inventory,java,inventory,inventory-go-twin:9082,inventory-go-twin:9082,2026-06-24 13:26:07,2026-06-24T07:56:07Z,1782287767,warmup,285.0,3572136.0,"{""__name__"": ""go_memstats_heap_alloc_bytes""}"
5,B,The Resource Footprint (Memory Churn),java_inventory,java,inventory,order-go-twin:9083,order-go-twin:9083,2026-06-24 13:26:07,2026-06-24T07:56:07Z,1782287767,warmup,285.0,5260128.0,"{""__name__"": ""go_memstats_heap_alloc_bytes""}"
5,B,The Resource Footprint (Memory Churn),java_inventory,java,inventory,warehouse-go:8084,warehouse-go:8084,2026-06-24 13:26:07,2026-06-24T07:56:07Z,1782287767,warmup,285.0,5356320.0,"{""__name__"": ""go_memstats_heap_alloc_bytes""}"
5,B,The Resource Footprint (Memory Churn),java_inventory,java,inventory,inventory-go-twin:9082,inventory-go-twin:9082,2026-06-24 13:26:22,2026-06-24T07:56:22Z,1782287782,ramp_1,300.0,4277176.0,"{""__name__"": ""go_memstats_heap_alloc_bytes""}"
5,B,The Resource Footprint (Memory Churn),java_inventory,java,inventory,order-go-twin:9083,order-go-twin:9083,2026-06-24 13:26:22,2026-06-24T07:56:22Z,1782287782,ramp_1,300.0,5930512.0,"{""__name__"": ""go_memstats_heap_alloc_bytes""}"
5,B,The Resource Footprint (Memory Churn),java_inventory,java,inventory,warehouse-go:8084,warehouse-go:8084,2026-06-24 13:26:22,2026-06-24T07:56:22Z,1782287782,ramp_1,300.0,6662144.0,"{""__name__"": ""go_memstats_heap_alloc_bytes""}"
5,B,The Resource Footprint (Memory Churn),java_inventory,java,inventory,inventory-go-twin:9082,inventory-go-twin:9082,2026-06-24 13:26:37,2026-06-24T07:56:37Z,1782287797,ramp_1,315.0,5011048.0,"{""__name__"": ""go_memstats_heap_alloc_bytes""}"
5,B,The Resource Footprint (Memory Churn),java_inventory,java,inventory,order-go-twin:9083,order-go-twin:9083,2026-06-24 13:26:37,2026-06-24T07:56:37Z,1782287797,ramp_1,315.0,3755336.0,"{""__name__"": ""go_memstats_heap_alloc_bytes""}"
5,B,The Resource Footprint (Memory Churn),java_inventory,java,inventory,warehouse-go:8084,warehouse-go:8084,2026-06-24 13:26:37,2026-06-24T07:56:37Z,1782287797,ramp_1,315.0,7979776.0,"{""__name__"": ""go_memstats_heap_alloc_bytes""}"
5,B,The Resource Footprint (Memory Churn),java_inventory,java,inventory,inventory-go-twin:9082,inventory-go-twin:9082,2026-06-24 13:26:52,2026-06-24T07:56:52Z,1782287812,ramp_1,330.0,3728920.0,"{""__name__"": ""go_memstats_heap_alloc_bytes""}"
5,B,The Resource Footprint (Memory Churn),java_inventory,java,inventory,order-go-twin:9083,order-go-twin:9083,2026-06-24 13:26:52,2026-06-24T07:56:52Z,1782287812,ramp_1,330.0,4308888.0,"{""__name__"": ""go_memstats_heap_alloc_bytes""}"
5,B,The Resource Footprint (Memory Churn),java_inventory,java,inventory,warehouse-go:8084,warehouse-go:8084,2026-06-24 13:26:52,2026-06-24T07:56:52Z,1782287812,ramp_1,330.0,6041296.0,"{""__name__"": ""go_memstats_heap_alloc_bytes""}"
5,B,The Resource Footprint (Memory Churn),java_inventory,java,inventory,inventory-go-twin:9082,inventory-go-twin:9082,2026-06-24 13:27:07,2026-06-24T07:57:07Z,1782287827,ramp_1,345.0,4369168.0,"{""__name__"": ""go_memstats_heap_alloc_bytes""}"
5,B,The Resource Footprint (Memory Churn),java_inventory,java,inventory,order-go-twin:9083,order-go-twin:9083,2026-06-24 13:27:07,2026-06-24T07:57:07Z,1782287827,ramp_1,345.0,4991512.0,"{""__name__"": ""go_memstats_heap_alloc_bytes""}"
5,B,The Resource Footprint (Memory Churn),java_inventory,java,inventory,warehouse-go:8084,warehouse-go:8084,2026-06-24 13:27:07,2026-06-24T07:57:07Z,1782287827,ramp_1,345.0,7303616.0,"{""__name__"": ""go_memstats_heap_alloc_bytes""}"
5,B,The Resource Footprint (Memory Churn),java_inventory,java,inventory,inventory-go-twin:9082,inventory-go-twin:9082,2026-06-24 13:27:22,2026-06-24T07:57:22Z,1782287842,ramp_1,360.0,3469376.0,"{""__name__"": ""go_memstats_heap_alloc_bytes""}"
5,B,The Resource Footprint (Memory Churn),java_inventory,java,inventory,order-go-twin:9083,order-go-twin:9083,2026-06-24 13:27:22,2026-06-24T07:57:22Z,1782287842,ramp_1,360.0,5596848.0,"{""__name__"": ""go_memstats_heap_alloc_bytes""}"
5,B,The Resource Footprint (Memory Churn),java_inventory,java,inventory,warehouse-go:8084,warehouse-go:8084,2026-06-24 13:27:22,2026-06-24T07:57:22Z,1782287842,ramp_1,360.0,6172912.0,"{""__name__"": ""go_memstats_heap_alloc_bytes""}"
5,B,The Resource Footprint (Memory Churn),java_inventory,java,inventory,inventory-go-twin:9082,inventory-go-twin:9082,2026-06-24 13:27:37,2026-06-24T07:57:37Z,1782287857,ramp_1,375.0,3949136.0,"{""__name__"": ""go_memstats_heap_alloc_bytes""}"
5,B,The Resource Footprint (Memory Churn),java_inventory,java,inventory,order-go-twin:9083,order-go-twin:9083,2026-06-24 13:27:37,2026-06-24T07:57:37Z,1782287857,ramp_1,375.0,3658440.0,"{""__name__"": ""go_memstats_heap_alloc_bytes""}"
5,B,The Resource Footprint (Memory Churn),java_inventory,java,inventory,warehouse-go:8084,warehouse-go:8084,2026-06-24 13:27:37,2026-06-24T07:57:37Z,1782287857,ramp_1,375.0,5106392.0,"{""__name__"": ""go_memstats_heap_alloc_bytes""}"
5,B,The Resource Footprint (Memory Churn),java_inventory,java,inventory,inventory-go-twin:9082,inventory-go-twin:9082,2026-06-24 13:27:52,2026-06-24T07:57:52Z,1782287872,ramp_1,390.0,4795424.0,"{""__name__"": ""go_memstats_heap_alloc_bytes""}"
5,B,The Resource Footprint (Memory Churn),java_inventory,java,inventory,order-go-twin:9083,order-go-twin:9083,2026-06-24 13:27:52,2026-06-24T07:57:52Z,1782287872,ramp_1,390.0,4133912.0,"{""__name__"": ""go_memstats_heap_alloc_bytes""}"
5,B,The Resource Footprint (Memory Churn),java_inventory,java,inventory,warehouse-go:8084,warehouse-go:8084,2026-06-24 13:27:52,2026-06-24T07:57:52Z,1782287872,ramp_1,390.0,7145864.0,"{""__name__"": ""go_memstats_heap_alloc_bytes""}"
5,B,The Resource Footprint (Memory Churn),java_inventory,java,inventory,inventory-go-twin:9082,inventory-go-twin:9082,2026-06-24 13:28:07,2026-06-24T07:58:07Z,1782287887,ramp_1,405.0,3570312.0,"{""__name__"": ""go_memstats_heap_alloc_bytes""}"
5,B,The Resource Footprint (Memory Churn),java_inventory,java,inventory,order-go-twin:9083,order-go-twin:9083,2026-06-24 13:28:07,2026-06-24T07:58:07Z,1782287887,ramp_1,405.0,4754568.0,"{""__name__"": ""go_memstats_heap_alloc_bytes""}"
5,B,The Resource Footprint (Memory Churn),java_inventory,java,inventory,warehouse-go:8084,warehouse-go:8084,2026-06-24 13:28:07,2026-06-24T07:58:07Z,1782287887,ramp_1,405.0,6988840.0,"{""__name__"": ""go_memstats_heap_alloc_bytes""}"
5,B,The Resource Footprint (Memory Churn),java_inventory,java,inventory,inventory-go-twin:9082,inventory-go-twin:9082,2026-06-24 13:28:22,2026-06-24T07:58:22Z,1782287902,ramp_1,420.0,5032376.0,"{""__name__"": ""go_memstats_heap_alloc_bytes""}"
5,B,The Resource Footprint (Memory Churn),java_inventory,java,inventory,order-go-twin:9083,order-go-twin:9083,2026-06-24 13:28:22,2026-06-24T07:58:22Z,1782287902,ramp_1,420.0,5433088.0,"{""__name__"": ""go_memstats_heap_alloc_bytes""}"
5,B,The Resource Footprint (Memory Churn),java_inventory,java,inventory,warehouse-go:8084,warehouse-go:8084,2026-06-24 13:28:22,2026-06-24T07:58:22Z,1782287902,ramp_1,420.0,4372712.0,"{""__name__"": ""go_memstats_heap_alloc_bytes""}"
5,B,The Resource Footprint (Memory Churn),java_inventory,java,inventory,inventory-go-twin:9082,inventory-go-twin:9082,2026-06-24 13:28:37,2026-06-24T07:58:37Z,1782287917,ramp_1,435.0,4574608.0,"{""__name__"": ""go_memstats_heap_alloc_bytes""}"
5,B,The Resource Footprint (Memory Churn),java_inventory,java,inventory,order-go-twin:9083,order-go-twin:9083,2026-06-24 13:28:37,2026-06-24T07:58:37Z,1782287917,ramp_1,435.0,3561144.0,"{""__name__"": ""go_memstats_heap_alloc_bytes""}"
5,B,The Resource Footprint (Memory Churn),java_inventory,java,inventory,warehouse-go:8084,warehouse-go:8084,2026-06-24 13:28:37,2026-06-24T07:58:37Z,1782287917,ramp_1,435.0,5536552.0,"{""__name__"": ""go_memstats_heap_alloc_bytes""}"
5,B,The Resource Footprint (Memory Churn),java_inventory,java,inventory,inventory-go-twin:9082,inventory-go-twin:9082,2026-06-24 13:28:52,2026-06-24T07:58:52Z,1782287932,ramp_1,450.0,5218168.0,"{""__name__"": ""go_memstats_heap_alloc_bytes""}"
5,B,The Resource Footprint (Memory Churn),java_inventory,java,inventory,order-go-twin:9083,order-go-twin:9083,2026-06-24 13:28:52,2026-06-24T07:58:52Z,1782287932,ramp_1,450.0,3918888.0,"{""__name__"": ""go_memstats_heap_alloc_bytes""}"
5,B,The Resource Footprint (Memory Churn),java_inventory,java,inventory,warehouse-go:8084,warehouse-go:8084,2026-06-24 13:28:52,2026-06-24T07:58:52Z,1782287932,ramp_1,450.0,5382800.0,"{""__name__"": ""go_memstats_heap_alloc_bytes""}"
5,B,The Resource Footprint (Memory Churn),java_inventory,java,inventory,inventory-go-twin:9082,inventory-go-twin:9082,2026-06-24 13:29:07,2026-06-24T07:59:07Z,1782287947,ramp_1,465.0,3455880.0,"{""__name__"": ""go_memstats_heap_alloc_bytes""}"
5,B,The Resource Footprint (Memory Churn),java_inventory,java,inventory,order-go-twin:9083,order-go-twin:9083,2026-06-24 13:29:07,2026-06-24T07:59:07Z,1782287947,ramp_1,465.0,4559112.0,"{""__name__"": ""go_memstats_heap_alloc_bytes""}"
5,B,The Resource Footprint (Memory Churn),java_inventory,java,inventory,warehouse-go:8084,warehouse-go:8084,2026-06-24 13:29:07,2026-06-24T07:59:07Z,1782287947,ramp_1,465.0,6651376.0,"{""__name__"": ""go_memstats_heap_alloc_bytes""}"
5,B,The Resource Footprint (Memory Churn),java_inventory,java,inventory,inventory-go-twin:9082,inventory-go-twin:9082,2026-06-24 13:29:22,2026-06-24T07:59:22Z,1782287962,ramp_1,480.0,3979464.0,"{""__name__"": ""go_memstats_heap_alloc_bytes""}"
5,B,The Resource Footprint (Memory Churn),java_inventory,java,inventory,order-go-twin:9083,order-go-twin:9083,2026-06-24 13:29:22,2026-06-24T07:59:22Z,1782287962,ramp_1,480.0,5163040.0,"{""__name__"": ""go_memstats_heap_alloc_bytes""}"
5,B,The Resource Footprint (Memory Churn),java_inventory,java,inventory,warehouse-go:8084,warehouse-go:8084,2026-06-24 13:29:22,2026-06-24T07:59:22Z,1782287962,ramp_1,480.0,7249232.0,"{""__name__"": ""go_memstats_heap_alloc_bytes""}"
5,B,The Resource Footprint (Memory Churn),java_inventory,java,inventory,inventory-go-twin:9082,inventory-go-twin:9082,2026-06-24 13:29:37,2026-06-24T07:59:37Z,1782287977,ramp_1,495.0,4753272.0,"{""__name__"": ""go_memstats_heap_alloc_bytes""}"
5,B,The Resource Footprint (Memory Churn),java_inventory,java,inventory,order-go-twin:9083,order-go-twin:9083,2026-06-24 13:29:37,2026-06-24T07:59:37Z,1782287977,ramp_1,495.0,5880544.0,"{""__name__"": ""go_memstats_heap_alloc_bytes""}"
5,B,The Resource Footprint (Memory Churn),java_inventory,java,inventory,warehouse-go:8084,warehouse-go:8084,2026-06-24 13:29:37,2026-06-24T07:59:37Z,1782287977,ramp_1,495.0,5970568.0,"{""__name__"": ""go_memstats_heap_alloc_bytes""}"
5,B,The Resource Footprint (Memory Churn),java_inventory,java,inventory,inventory-go-twin:9082,inventory-go-twin:9082,2026-06-24 13:29:52,2026-06-24T07:59:52Z,1782287992,ramp_1,510.0,3254160.0,"{""__name__"": ""go_memstats_heap_alloc_bytes""}"
5,B,The Resource Footprint (Memory Churn),java_inventory,java,inventory,order-go-twin:9083,order-go-twin:9083,2026-06-24 13:29:52,2026-06-24T07:59:52Z,1782287992,ramp_1,510.0,3797824.0,"{""__name__"": ""go_memstats_heap_alloc_bytes""}"
5,B,The Resource Footprint (Memory Churn),java_inventory,java,inventory,warehouse-go:8084,warehouse-go:8084,2026-06-24 13:29:52,2026-06-24T07:59:52Z,1782287992,ramp_1,510.0,7254632.0,"{""__name__"": ""go_memstats_heap_alloc_bytes""}"
5,B,The Resource Footprint (Memory Churn),java_inventory,java,inventory,inventory-go-twin:9082,inventory-go-twin:9082,2026-06-24 13:30:07,2026-06-24T08:00:07Z,1782288007,ramp_1,525.0,4562256.0,"{""__name__"": ""go_memstats_heap_alloc_bytes""}"
5,B,The Resource Footprint (Memory Churn),java_inventory,java,inventory,order-go-twin:9083,order-go-twin:9083,2026-06-24 13:30:07,2026-06-24T08:00:07Z,1782288007,ramp_1,525.0,4296832.0,"{""__name__"": ""go_memstats_heap_alloc_bytes""}"
5,B,The Resource Footprint (Memory Churn),java_inventory,java,inventory,warehouse-go:8084,warehouse-go:8084,2026-06-24 13:30:07,2026-06-24T08:00:07Z,1782288007,ramp_1,525.0,5037624.0,"{""__name__"": ""go_memstats_heap_alloc_bytes""}"
5,B,The Resource Footprint (Memory Churn),java_inventory,java,inventory,inventory-go-twin:9082,inventory-go-twin:9082,2026-06-24 13:30:22,2026-06-24T08:00:22Z,1782288022,ramp_1,540.0,3446104.0,"{""__name__"": ""go_memstats_heap_alloc_bytes""}"
5,B,The Resource Footprint (Memory Churn),java_inventory,java,inventory,order-go-twin:9083,order-go-twin:9083,2026-06-24 13:30:22,2026-06-24T08:00:22Z,1782288022,ramp_1,540.0,4912352.0,"{""__name__"": ""go_memstats_heap_alloc_bytes""}"
5,B,The Resource Footprint (Memory Churn),java_inventory,java,inventory,warehouse-go:8084,warehouse-go:8084,2026-06-24 13:30:22,2026-06-24T08:00:22Z,1782288022,ramp_1,540.0,5400168.0,"{""__name__"": ""go_memstats_heap_alloc_bytes""}"
5,B,The Resource Footprint (Memory Churn),java_inventory,java,inventory,inventory-go-twin:9082,inventory-go-twin:9082,2026-06-24 13:30:37,2026-06-24T08:00:37Z,1782288037,ramp_1,555.0,3968512.0,"{""__name__"": ""go_memstats_heap_alloc_bytes""}"
5,B,The Resource Footprint (Memory Churn),java_inventory,java,inventory,order-go-twin:9083,order-go-twin:9083,2026-06-24 13:30:37,2026-06-24T08:00:37Z,1782288037,ramp_1,555.0,5603432.0,"{""__name__"": ""go_memstats_heap_alloc_bytes""}"
5,B,The Resource Footprint (Memory Churn),java_inventory,java,inventory,warehouse-go:8084,warehouse-go:8084,2026-06-24 13:30:37,2026-06-24T08:00:37Z,1782288037,ramp_1,555.0,5970168.0,"{""__name__"": ""go_memstats_heap_alloc_bytes""}"
5,B,The Resource Footprint (Memory Churn),java_inventory,java,inventory,inventory-go-twin:9082,inventory-go-twin:9082,2026-06-24 13:30:52,2026-06-24T08:00:52Z,1782288052,ramp_1,570.0,4694096.0,"{""__name__"": ""go_memstats_heap_alloc_bytes""}"
5,B,The Resource Footprint (Memory Churn),java_inventory,java,inventory,order-go-twin:9083,order-go-twin:9083,2026-06-24 13:30:52,2026-06-24T08:00:52Z,1782288052,ramp_1,570.0,3624032.0,"{""__name__"": ""go_memstats_heap_alloc_bytes""}"
5,B,The Resource Footprint (Memory Churn),java_inventory,java,inventory,warehouse-go:8084,warehouse-go:8084,2026-06-24 13:30:52,2026-06-24T08:00:52Z,1782288052,ramp_1,570.0,5369304.0,"{""__name__"": ""go_memstats_heap_alloc_bytes""}"
5,B,The Resource Footprint (Memory Churn),java_inventory,java,inventory,inventory-go-twin:9082,inventory-go-twin:9082,2026-06-24 13:31:07,2026-06-24T08:01:07Z,1782288067,ramp_1,585.0,5485832.0,"{""__name__"": ""go_memstats_heap_alloc_bytes""}"
5,B,The Resource Footprint (Memory Churn),java_inventory,java,inventory,order-go-twin:9083,order-go-twin:9083,2026-06-24 13:31:07,2026-06-24T08:01:07Z,1782288067,ramp_1,585.0,3977296.0,"{""__name__"": ""go_memstats_heap_alloc_bytes""}"
5,B,The Resource Footprint (Memory Churn),java_inventory,java,inventory,warehouse-go:8084,warehouse-go:8084,2026-06-24 13:31:07,2026-06-24T08:01:07Z,1782288067,ramp_1,585.0,6721768.0,"{""__name__"": ""go_memstats_heap_alloc_bytes""}"
5,B,The Resource Footprint (Memory Churn),java_inventory,java,inventory,inventory-go-twin:9082,inventory-go-twin:9082,2026-06-24 13:31:22,2026-06-24T08:01:22Z,1782288082,ramp_2,600.0,3806704.0,"{""__name__"": ""go_memstats_heap_alloc_bytes""}"
5,B,The Resource Footprint (Memory Churn),java_inventory,java,inventory,order-go-twin:9083,order-go-twin:9083,2026-06-24 13:31:22,2026-06-24T08:01:22Z,1782288082,ramp_2,600.0,4604464.0,"{""__name__"": ""go_memstats_heap_alloc_bytes""}"
5,B,The Resource Footprint (Memory Churn),java_inventory,java,inventory,warehouse-go:8084,warehouse-go:8084,2026-06-24 13:31:22,2026-06-24T08:01:22Z,1782288082,ramp_2,600.0,6109912.0,"{""__name__"": ""go_memstats_heap_alloc_bytes""}"
5,B,The Resource Footprint (Memory Churn),java_inventory,java,inventory,inventory-go-twin:9082,inventory-go-twin:9082,2026-06-24 13:31:37,2026-06-24T08:01:37Z,1782288097,ramp_2,615.0,4439632.0,"{""__name__"": ""go_memstats_heap_alloc_bytes""}"
5,B,The Resource Footprint (Memory Churn),java_inventory,java,inventory,order-go-twin:9083,order-go-twin:9083,2026-06-24 13:31:37,2026-06-24T08:01:37Z,1782288097,ramp_2,615.0,5247232.0,"{""__name__"": ""go_memstats_heap_alloc_bytes""}"
5,B,The Resource Footprint (Memory Churn),java_inventory,java,inventory,warehouse-go:8084,warehouse-go:8084,2026-06-24 13:31:37,2026-06-24T08:01:37Z,1782288097,ramp_2,615.0,4290656.0,"{""__name__"": ""go_memstats_heap_alloc_bytes""}"
5,B,The Resource Footprint (Memory Churn),java_inventory,java,inventory,inventory-go-twin:9082,inventory-go-twin:9082,2026-06-24 13:31:52,2026-06-24T08:01:52Z,1782288112,ramp_2,630.0,5222192.0,"{""__name__"": ""go_memstats_heap_alloc_bytes""}"
5,B,The Resource Footprint (Memory Churn),java_inventory,java,inventory,order-go-twin:9083,order-go-twin:9083,2026-06-24 13:31:52,2026-06-24T08:01:52Z,1782288112,ramp_2,630.0,5954272.0,"{""__name__"": ""go_memstats_heap_alloc_bytes""}"
5,B,The Resource Footprint (Memory Churn),java_inventory,java,inventory,warehouse-go:8084,warehouse-go:8084,2026-06-24 13:31:52,2026-06-24T08:01:52Z,1782288112,ramp_2,630.0,5120960.0,"{""__name__"": ""go_memstats_heap_alloc_bytes""}"
5,B,The Resource Footprint (Memory Churn),java_inventory,java,inventory,inventory-go-twin:9082,inventory-go-twin:9082,2026-06-24 13:32:07,2026-06-24T08:02:07Z,1782288127,ramp_2,645.0,3627120.0,"{""__name__"": ""go_memstats_heap_alloc_bytes""}"
5,B,The Resource Footprint (Memory Churn),java_inventory,java,inventory,order-go-twin:9083,order-go-twin:9083,2026-06-24 13:32:07,2026-06-24T08:02:07Z,1782288127,ramp_2,645.0,4700304.0,"{""__name__"": ""go_memstats_heap_alloc_bytes""}"
5,B,The Resource Footprint (Memory Churn),java_inventory,java,inventory,warehouse-go:8084,warehouse-go:8084,2026-06-24 13:32:07,2026-06-24T08:02:07Z,1782288127,ramp_2,645.0,5156064.0,"{""__name__"": ""go_memstats_heap_alloc_bytes""}"
5,B,The Resource Footprint (Memory Churn),java_inventory,java,inventory,inventory-go-twin:9082,inventory-go-twin:9082,2026-06-24 13:32:22,2026-06-24T08:02:22Z,1782288142,ramp_2,660.0,4296712.0,"{""__name__"": ""go_memstats_heap_alloc_bytes""}"
5,B,The Resource Footprint (Memory Churn),java_inventory,java,inventory,order-go-twin:9083,order-go-twin:9083,2026-06-24 13:32:22,2026-06-24T08:02:22Z,1782288142,ramp_2,660.0,5194016.0,"{""__name__"": ""go_memstats_heap_alloc_bytes""}"
5,B,The Resource Footprint (Memory Churn),java_inventory,java,inventory,warehouse-go:8084,warehouse-go:8084,2026-06-24 13:32:22,2026-06-24T08:02:22Z,1782288142,ramp_2,660.0,4294976.0,"{""__name__"": ""go_memstats_heap_alloc_bytes""}"
5,B,The Resource Footprint (Memory Churn),java_inventory,java,inventory,inventory-go-twin:9082,inventory-go-twin:9082,2026-06-24 13:32:37,2026-06-24T08:02:37Z,1782288157,ramp_2,675.0,5111648.0,"{""__name__"": ""go_memstats_heap_alloc_bytes""}"
5,B,The Resource Footprint (Memory Churn),java_inventory,java,inventory,order-go-twin:9083,order-go-twin:9083,2026-06-24 13:32:37,2026-06-24T08:02:37Z,1782288157,ramp_2,675.0,5869488.0,"{""__name__"": ""go_memstats_heap_alloc_bytes""}"
5,B,The Resource Footprint (Memory Churn),java_inventory,java,inventory,warehouse-go:8084,warehouse-go:8084,2026-06-24 13:32:37,2026-06-24T08:02:37Z,1782288157,ramp_2,675.0,5545488.0,"{""__name__"": ""go_memstats_heap_alloc_bytes""}"
5,B,The Resource Footprint (Memory Churn),java_inventory,java,inventory,inventory-go-twin:9082,inventory-go-twin:9082,2026-06-24 13:32:52,2026-06-24T08:02:52Z,1782288172,ramp_2,690.0,3650840.0,"{""__name__"": ""go_memstats_heap_alloc_bytes""}"
5,B,The Resource Footprint (Memory Churn),java_inventory,java,inventory,order-go-twin:9083,order-go-twin:9083,2026-06-24 13:32:52,2026-06-24T08:02:52Z,1782288172,ramp_2,690.0,3749912.0,"{""__name__"": ""go_memstats_heap_alloc_bytes""}"
5,B,The Resource Footprint (Memory Churn),java_inventory,java,inventory,warehouse-go:8084,warehouse-go:8084,2026-06-24 13:32:52,2026-06-24T08:02:52Z,1782288172,ramp_2,690.0,6223184.0,"{""__name__"": ""go_memstats_heap_alloc_bytes""}"
5,B,The Resource Footprint (Memory Churn),java_inventory,java,inventory,inventory-go-twin:9082,inventory-go-twin:9082,2026-06-24 13:33:07,2026-06-24T08:03:07Z,1782288187,ramp_2,705.0,4389352.0,"{""__name__"": ""go_memstats_heap_alloc_bytes""}"
5,B,The Resource Footprint (Memory Churn),java_inventory,java,inventory,order-go-twin:9083,order-go-twin:9083,2026-06-24 13:33:07,2026-06-24T08:03:07Z,1782288187,ramp_2,705.0,4345576.0,"{""__name__"": ""go_memstats_heap_alloc_bytes""}"
5,B,The Resource Footprint (Memory Churn),java_inventory,java,inventory,warehouse-go:8084,warehouse-go:8084,2026-06-24 13:33:07,2026-06-24T08:03:07Z,1782288187,ramp_2,705.0,6186360.0,"{""__name__"": ""go_memstats_heap_alloc_bytes""}"
5,B,The Resource Footprint (Memory Churn),java_inventory,java,inventory,inventory-go-twin:9082,inventory-go-twin:9082,2026-06-24 13:33:22,2026-06-24T08:03:22Z,1782288202,ramp_2,720.0,5146744.0,"{""__name__"": ""go_memstats_heap_alloc_bytes""}"
5,B,The Resource Footprint (Memory Churn),java_inventory,java,inventory,order-go-twin:9083,order-go-twin:9083,2026-06-24 13:33:22,2026-06-24T08:03:22Z,1782288202,ramp_2,720.0,4997704.0,"{""__name__"": ""go_memstats_heap_alloc_bytes""}"
5,B,The Resource Footprint (Memory Churn),java_inventory,java,inventory,warehouse-go:8084,warehouse-go:8084,2026-06-24 13:33:22,2026-06-24T08:03:22Z,1782288202,ramp_2,720.0,4473904.0,"{""__name__"": ""go_memstats_heap_alloc_bytes""}"
5,B,The Resource Footprint (Memory Churn),java_inventory,java,inventory,inventory-go-twin:9082,inventory-go-twin:9082,2026-06-24 13:33:37,2026-06-24T08:03:37Z,1782288217,ramp_2,735.0,3577600.0,"{""__name__"": ""go_memstats_heap_alloc_bytes""}"
5,B,The Resource Footprint (Memory Churn),java_inventory,java,inventory,order-go-twin:9083,order-go-twin:9083,2026-06-24 13:33:37,2026-06-24T08:03:37Z,1782288217,ramp_2,735.0,5692336.0,"{""__name__"": ""go_memstats_heap_alloc_bytes""}"
5,B,The Resource Footprint (Memory Churn),java_inventory,java,inventory,warehouse-go:8084,warehouse-go:8084,2026-06-24 13:33:37,2026-06-24T08:03:37Z,1782288217,ramp_2,735.0,5306824.0,"{""__name__"": ""go_memstats_heap_alloc_bytes""}"
5,B,The Resource Footprint (Memory Churn),java_inventory,java,inventory,inventory-go-twin:9082,inventory-go-twin:9082,2026-06-24 13:33:52,2026-06-24T08:03:52Z,1782288232,ramp_2,750.0,4177392.0,"{""__name__"": ""go_memstats_heap_alloc_bytes""}"
5,B,The Resource Footprint (Memory Churn),java_inventory,java,inventory,order-go-twin:9083,order-go-twin:9083,2026-06-24 13:33:52,2026-06-24T08:03:52Z,1782288232,ramp_2,750.0,3642240.0,"{""__name__"": ""go_memstats_heap_alloc_bytes""}"
5,B,The Resource Footprint (Memory Churn),java_inventory,java,inventory,warehouse-go:8084,warehouse-go:8084,2026-06-24 13:33:52,2026-06-24T08:03:52Z,1782288232,ramp_2,750.0,3685304.0,"{""__name__"": ""go_memstats_heap_alloc_bytes""}"
5,B,The Resource Footprint (Memory Churn),java_inventory,java,inventory,inventory-go-twin:9082,inventory-go-twin:9082,2026-06-24 13:34:07,2026-06-24T08:04:07Z,1782288247,ramp_2,765.0,4914104.0,"{""__name__"": ""go_memstats_heap_alloc_bytes""}"
5,B,The Resource Footprint (Memory Churn),java_inventory,java,inventory,order-go-twin:9083,order-go-twin:9083,2026-06-24 13:34:07,2026-06-24T08:04:07Z,1782288247,ramp_2,765.0,4990200.0,"{""__name__"": ""go_memstats_heap_alloc_bytes""}"
5,B,The Resource Footprint (Memory Churn),java_inventory,java,inventory,warehouse-go:8084,warehouse-go:8084,2026-06-24 13:34:07,2026-06-24T08:04:07Z,1782288247,ramp_2,765.0,5210456.0,"{""__name__"": ""go_memstats_heap_alloc_bytes""}"
5,B,The Resource Footprint (Memory Churn),java_inventory,java,inventory,inventory-go-twin:9082,inventory-go-twin:9082,2026-06-24 13:34:22,2026-06-24T08:04:22Z,1782288262,ramp_2,780.0,3414872.0,"{""__name__"": ""go_memstats_heap_alloc_bytes""}"
5,B,The Resource Footprint (Memory Churn),java_inventory,java,inventory,order-go-twin:9083,order-go-twin:9083,2026-06-24 13:34:22,2026-06-24T08:04:22Z,1782288262,ramp_2,780.0,5634808.0,"{""__name__"": ""go_memstats_heap_alloc_bytes""}"
5,B,The Resource Footprint (Memory Churn),java_inventory,java,inventory,warehouse-go:8084,warehouse-go:8084,2026-06-24 13:34:22,2026-06-24T08:04:22Z,1782288262,ramp_2,780.0,5177384.0,"{""__name__"": ""go_memstats_heap_alloc_bytes""}"
5,B,The Resource Footprint (Memory Churn),java_inventory,java,inventory,inventory-go-twin:9082,inventory-go-twin:9082,2026-06-24 13:34:37,2026-06-24T08:04:37Z,1782288277,ramp_2,795.0,3937320.0,"{""__name__"": ""go_memstats_heap_alloc_bytes""}"
5,B,The Resource Footprint (Memory Churn),java_inventory,java,inventory,order-go-twin:9083,order-go-twin:9083,2026-06-24 13:34:37,2026-06-24T08:04:37Z,1782288277,ramp_2,795.0,3854400.0,"{""__name__"": ""go_memstats_heap_alloc_bytes""}"
5,B,The Resource Footprint (Memory Churn),java_inventory,java,inventory,warehouse-go:8084,warehouse-go:8084,2026-06-24 13:34:37,2026-06-24T08:04:37Z,1782288277,ramp_2,795.0,4424264.0,"{""__name__"": ""go_memstats_heap_alloc_bytes""}"
5,B,The Resource Footprint (Memory Churn),java_inventory,java,inventory,inventory-go-twin:9082,inventory-go-twin:9082,2026-06-24 13:34:52,2026-06-24T08:04:52Z,1782288292,ramp_2,810.0,4657752.0,"{""__name__"": ""go_memstats_heap_alloc_bytes""}"
5,B,The Resource Footprint (Memory Churn),java_inventory,java,inventory,order-go-twin:9083,order-go-twin:9083,2026-06-24 13:34:52,2026-06-24T08:04:52Z,1782288292,ramp_2,810.0,4429568.0,"{""__name__"": ""go_memstats_heap_alloc_bytes""}"
5,B,The Resource Footprint (Memory Churn),java_inventory,java,inventory,warehouse-go:8084,warehouse-go:8084,2026-06-24 13:34:52,2026-06-24T08:04:52Z,1782288292,ramp_2,810.0,5673288.0,"{""__name__"": ""go_memstats_heap_alloc_bytes""}"
5,B,The Resource Footprint (Memory Churn),java_inventory,java,inventory,inventory-go-twin:9082,inventory-go-twin:9082,2026-06-24 13:35:07,2026-06-24T08:05:07Z,1782288307,ramp_2,825.0,5526920.0,"{""__name__"": ""go_memstats_heap_alloc_bytes""}"
5,B,The Resource Footprint (Memory Churn),java_inventory,java,inventory,order-go-twin:9083,order-go-twin:9083,2026-06-24 13:35:07,2026-06-24T08:05:07Z,1782288307,ramp_2,825.0,5031688.0,"{""__name__"": ""go_memstats_heap_alloc_bytes""}"
5,B,The Resource Footprint (Memory Churn),java_inventory,java,inventory,warehouse-go:8084,warehouse-go:8084,2026-06-24 13:35:07,2026-06-24T08:05:07Z,1782288307,ramp_2,825.0,5272864.0,"{""__name__"": ""go_memstats_heap_alloc_bytes""}"
5,B,The Resource Footprint (Memory Churn),java_inventory,java,inventory,inventory-go-twin:9082,inventory-go-twin:9082,2026-06-24 13:35:22,2026-06-24T08:05:22Z,1782288322,ramp_2,840.0,4459840.0,"{""__name__"": ""go_memstats_heap_alloc_bytes""}"
5,B,The Resource Footprint (Memory Churn),java_inventory,java,inventory,order-go-twin:9083,order-go-twin:9083,2026-06-24 13:35:22,2026-06-24T08:05:22Z,1782288322,ramp_2,840.0,5705320.0,"{""__name__"": ""go_memstats_heap_alloc_bytes""}"
5,B,The Resource Footprint (Memory Churn),java_inventory,java,inventory,warehouse-go:8084,warehouse-go:8084,2026-06-24 13:35:22,2026-06-24T08:05:22Z,1782288322,ramp_2,840.0,5210528.0,"{""__name__"": ""go_memstats_heap_alloc_bytes""}"
5,B,The Resource Footprint (Memory Churn),java_inventory,java,inventory,inventory-go-twin:9082,inventory-go-twin:9082,2026-06-24 13:35:37,2026-06-24T08:05:37Z,1782288337,ramp_2,855.0,5247816.0,"{""__name__"": ""go_memstats_heap_alloc_bytes""}"
5,B,The Resource Footprint (Memory Churn),java_inventory,java,inventory,order-go-twin:9083,order-go-twin:9083,2026-06-24 13:35:37,2026-06-24T08:05:37Z,1782288337,ramp_2,855.0,3696416.0,"{""__name__"": ""go_memstats_heap_alloc_bytes""}"
5,B,The Resource Footprint (Memory Churn),java_inventory,java,inventory,warehouse-go:8084,warehouse-go:8084,2026-06-24 13:35:37,2026-06-24T08:05:37Z,1782288337,ramp_2,855.0,5168712.0,"{""__name__"": ""go_memstats_heap_alloc_bytes""}"
5,B,The Resource Footprint (Memory Churn),java_inventory,java,inventory,inventory-go-twin:9082,inventory-go-twin:9082,2026-06-24 13:35:52,2026-06-24T08:05:52Z,1782288352,ramp_2,870.0,3394584.0,"{""__name__"": ""go_memstats_heap_alloc_bytes""}"
5,B,The Resource Footprint (Memory Churn),java_inventory,java,inventory,order-go-twin:9083,order-go-twin:9083,2026-06-24 13:35:52,2026-06-24T08:05:52Z,1782288352,ramp_2,870.0,4170448.0,"{""__name__"": ""go_memstats_heap_alloc_bytes""}"
5,B,The Resource Footprint (Memory Churn),java_inventory,java,inventory,warehouse-go:8084,warehouse-go:8084,2026-06-24 13:35:52,2026-06-24T08:05:52Z,1782288352,ramp_2,870.0,5191592.0,"{""__name__"": ""go_memstats_heap_alloc_bytes""}"
5,B,The Resource Footprint (Memory Churn),java_inventory,java,inventory,inventory-go-twin:9082,inventory-go-twin:9082,2026-06-24 13:36:07,2026-06-24T08:06:07Z,1782288367,ramp_2,885.0,4006328.0,"{""__name__"": ""go_memstats_heap_alloc_bytes""}"
5,B,The Resource Footprint (Memory Churn),java_inventory,java,inventory,order-go-twin:9083,order-go-twin:9083,2026-06-24 13:36:07,2026-06-24T08:06:07Z,1782288367,ramp_2,885.0,4835504.0,"{""__name__"": ""go_memstats_heap_alloc_bytes""}"
5,B,The Resource Footprint (Memory Churn),java_inventory,java,inventory,warehouse-go:8084,warehouse-go:8084,2026-06-24 13:36:07,2026-06-24T08:06:07Z,1782288367,ramp_2,885.0,5073448.0,"{""__name__"": ""go_memstats_heap_alloc_bytes""}"
5,B,The Resource Footprint (Memory Churn),java_inventory,java,inventory,inventory-go-twin:9082,inventory-go-twin:9082,2026-06-24 13:36:22,2026-06-24T08:06:22Z,1782288382,ramp_3,900.0,4822592.0,"{""__name__"": ""go_memstats_heap_alloc_bytes""}"
5,B,The Resource Footprint (Memory Churn),java_inventory,java,inventory,order-go-twin:9083,order-go-twin:9083,2026-06-24 13:36:22,2026-06-24T08:06:22Z,1782288382,ramp_3,900.0,5470136.0,"{""__name__"": ""go_memstats_heap_alloc_bytes""}"
5,B,The Resource Footprint (Memory Churn),java_inventory,java,inventory,warehouse-go:8084,warehouse-go:8084,2026-06-24 13:36:22,2026-06-24T08:06:22Z,1782288382,ramp_3,900.0,7118232.0,"{""__name__"": ""go_memstats_heap_alloc_bytes""}"
5,B,The Resource Footprint (Memory Churn),java_inventory,java,inventory,inventory-go-twin:9082,inventory-go-twin:9082,2026-06-24 13:36:37,2026-06-24T08:06:37Z,1782288397,ramp_3,915.0,3416264.0,"{""__name__"": ""go_memstats_heap_alloc_bytes""}"
5,B,The Resource Footprint (Memory Churn),java_inventory,java,inventory,order-go-twin:9083,order-go-twin:9083,2026-06-24 13:36:37,2026-06-24T08:06:37Z,1782288397,ramp_3,915.0,3452528.0,"{""__name__"": ""go_memstats_heap_alloc_bytes""}"
5,B,The Resource Footprint (Memory Churn),java_inventory,java,inventory,warehouse-go:8084,warehouse-go:8084,2026-06-24 13:36:37,2026-06-24T08:06:37Z,1782288397,ramp_3,915.0,5226712.0,"{""__name__"": ""go_memstats_heap_alloc_bytes""}"
5,B,The Resource Footprint (Memory Churn),java_inventory,java,inventory,inventory-go-twin:9082,inventory-go-twin:9082,2026-06-24 13:36:52,2026-06-24T08:06:52Z,1782288412,ramp_3,930.0,4113656.0,"{""__name__"": ""go_memstats_heap_alloc_bytes""}"
5,B,The Resource Footprint (Memory Churn),java_inventory,java,inventory,order-go-twin:9083,order-go-twin:9083,2026-06-24 13:36:52,2026-06-24T08:06:52Z,1782288412,ramp_3,930.0,3782464.0,"{""__name__"": ""go_memstats_heap_alloc_bytes""}"
5,B,The Resource Footprint (Memory Churn),java_inventory,java,inventory,warehouse-go:8084,warehouse-go:8084,2026-06-24 13:36:52,2026-06-24T08:06:52Z,1782288412,ramp_3,930.0,4519752.0,"{""__name__"": ""go_memstats_heap_alloc_bytes""}"
5,B,The Resource Footprint (Memory Churn),java_inventory,java,inventory,inventory-go-twin:9082,inventory-go-twin:9082,2026-06-24 13:37:07,2026-06-24T08:07:07Z,1782288427,ramp_3,945.0,4733080.0,"{""__name__"": ""go_memstats_heap_alloc_bytes""}"
5,B,The Resource Footprint (Memory Churn),java_inventory,java,inventory,order-go-twin:9083,order-go-twin:9083,2026-06-24 13:37:07,2026-06-24T08:07:07Z,1782288427,ramp_3,945.0,5203856.0,"{""__name__"": ""go_memstats_heap_alloc_bytes""}"
5,B,The Resource Footprint (Memory Churn),java_inventory,java,inventory,warehouse-go:8084,warehouse-go:8084,2026-06-24 13:37:07,2026-06-24T08:07:07Z,1782288427,ramp_3,945.0,5036736.0,"{""__name__"": ""go_memstats_heap_alloc_bytes""}"
5,B,The Resource Footprint (Memory Churn),java_inventory,java,inventory,inventory-go-twin:9082,inventory-go-twin:9082,2026-06-24 13:37:22,2026-06-24T08:07:22Z,1782288442,ramp_3,960.0,5522688.0,"{""__name__"": ""go_memstats_heap_alloc_bytes""}"
5,B,The Resource Footprint (Memory Churn),java_inventory,java,inventory,order-go-twin:9083,order-go-twin:9083,2026-06-24 13:37:22,2026-06-24T08:07:22Z,1782288442,ramp_3,960.0,3513808.0,"{""__name__"": ""go_memstats_heap_alloc_bytes""}"
5,B,The Resource Footprint (Memory Churn),java_inventory,java,inventory,warehouse-go:8084,warehouse-go:8084,2026-06-24 13:37:22,2026-06-24T08:07:22Z,1782288442,ramp_3,960.0,4317376.0,"{""__name__"": ""go_memstats_heap_alloc_bytes""}"
5,B,The Resource Footprint (Memory Churn),java_inventory,java,inventory,inventory-go-twin:9082,inventory-go-twin:9082,2026-06-24 13:37:37,2026-06-24T08:07:37Z,1782288457,ramp_3,975.0,3706344.0,"{""__name__"": ""go_memstats_heap_alloc_bytes""}"
5,B,The Resource Footprint (Memory Churn),java_inventory,java,inventory,order-go-twin:9083,order-go-twin:9083,2026-06-24 13:37:37,2026-06-24T08:07:37Z,1782288457,ramp_3,975.0,3867584.0,"{""__name__"": ""go_memstats_heap_alloc_bytes""}"
5,B,The Resource Footprint (Memory Churn),java_inventory,java,inventory,warehouse-go:8084,warehouse-go:8084,2026-06-24 13:37:37,2026-06-24T08:07:37Z,1782288457,ramp_3,975.0,5623264.0,"{""__name__"": ""go_memstats_heap_alloc_bytes""}"
5,B,The Resource Footprint (Memory Churn),java_inventory,java,inventory,inventory-go-twin:9082,inventory-go-twin:9082,2026-06-24 13:37:52,2026-06-24T08:07:52Z,1782288472,ramp_3,990.0,4346464.0,"{""__name__"": ""go_memstats_heap_alloc_bytes""}"
5,B,The Resource Footprint (Memory Churn),java_inventory,java,inventory,order-go-twin:9083,order-go-twin:9083,2026-06-24 13:37:52,2026-06-24T08:07:52Z,1782288472,ramp_3,990.0,4455744.0,"{""__name__"": ""go_memstats_heap_alloc_bytes""}"
5,B,The Resource Footprint (Memory Churn),java_inventory,java,inventory,warehouse-go:8084,warehouse-go:8084,2026-06-24 13:37:52,2026-06-24T08:07:52Z,1782288472,ramp_3,990.0,4451256.0,"{""__name__"": ""go_memstats_heap_alloc_bytes""}"
5,B,The Resource Footprint (Memory Churn),java_inventory,java,inventory,inventory-go-twin:9082,inventory-go-twin:9082,2026-06-24 13:38:07,2026-06-24T08:08:07Z,1782288487,ramp_3,1005.0,5158024.0,"{""__name__"": ""go_memstats_heap_alloc_bytes""}"
5,B,The Resource Footprint (Memory Churn),java_inventory,java,inventory,order-go-twin:9083,order-go-twin:9083,2026-06-24 13:38:07,2026-06-24T08:08:07Z,1782288487,ramp_3,1005.0,5144664.0,"{""__name__"": ""go_memstats_heap_alloc_bytes""}"
5,B,The Resource Footprint (Memory Churn),java_inventory,java,inventory,warehouse-go:8084,warehouse-go:8084,2026-06-24 13:38:07,2026-06-24T08:08:07Z,1782288487,ramp_3,1005.0,5076024.0,"{""__name__"": ""go_memstats_heap_alloc_bytes""}"
5,B,The Resource Footprint (Memory Churn),java_inventory,java,inventory,inventory-go-twin:9082,inventory-go-twin:9082,2026-06-24 13:38:22,2026-06-24T08:08:22Z,1782288502,ramp_3,1020.0,3570888.0,"{""__name__"": ""go_memstats_heap_alloc_bytes""}"
5,B,The Resource Footprint (Memory Churn),java_inventory,java,inventory,order-go-twin:9083,order-go-twin:9083,2026-06-24 13:38:22,2026-06-24T08:08:22Z,1782288502,ramp_3,1020.0,5828184.0,"{""__name__"": ""go_memstats_heap_alloc_bytes""}"
5,B,The Resource Footprint (Memory Churn),java_inventory,java,inventory,warehouse-go:8084,warehouse-go:8084,2026-06-24 13:38:22,2026-06-24T08:08:22Z,1782288502,ramp_3,1020.0,6221096.0,"{""__name__"": ""go_memstats_heap_alloc_bytes""}"
5,B,The Resource Footprint (Memory Churn),java_inventory,java,inventory,inventory-go-twin:9082,inventory-go-twin:9082,2026-06-24 13:38:37,2026-06-24T08:08:37Z,1782288517,ramp_3,1035.0,5015512.0,"{""__name__"": ""go_memstats_heap_alloc_bytes""}"
5,B,The Resource Footprint (Memory Churn),java_inventory,java,inventory,order-go-twin:9083,order-go-twin:9083,2026-06-24 13:38:37,2026-06-24T08:08:37Z,1782288517,ramp_3,1035.0,3869856.0,"{""__name__"": ""go_memstats_heap_alloc_bytes""}"
5,B,The Resource Footprint (Memory Churn),java_inventory,java,inventory,warehouse-go:8084,warehouse-go:8084,2026-06-24 13:38:37,2026-06-24T08:08:37Z,1782288517,ramp_3,1035.0,5109128.0,"{""__name__"": ""go_memstats_heap_alloc_bytes""}"
5,B,The Resource Footprint (Memory Churn),java_inventory,java,inventory,inventory-go-twin:9082,inventory-go-twin:9082,2026-06-24 13:38:52,2026-06-24T08:08:52Z,1782288532,ramp_3,1050.0,3371464.0,"{""__name__"": ""go_memstats_heap_alloc_bytes""}"
5,B,The Resource Footprint (Memory Churn),java_inventory,java,inventory,order-go-twin:9083,order-go-twin:9083,2026-06-24 13:38:52,2026-06-24T08:08:52Z,1782288532,ramp_3,1050.0,4389440.0,"{""__name__"": ""go_memstats_heap_alloc_bytes""}"
5,B,The Resource Footprint (Memory Churn),java_inventory,java,inventory,warehouse-go:8084,warehouse-go:8084,2026-06-24 13:38:52,2026-06-24T08:08:52Z,1782288532,ramp_3,1050.0,6304872.0,"{""__name__"": ""go_memstats_heap_alloc_bytes""}"
5,B,The Resource Footprint (Memory Churn),java_inventory,java,inventory,inventory-go-twin:9082,inventory-go-twin:9082,2026-06-24 13:39:07,2026-06-24T08:09:07Z,1782288547,ramp_3,1065.0,3950160.0,"{""__name__"": ""go_memstats_heap_alloc_bytes""}"
5,B,The Resource Footprint (Memory Churn),java_inventory,java,inventory,order-go-twin:9083,order-go-twin:9083,2026-06-24 13:39:07,2026-06-24T08:09:07Z,1782288547,ramp_3,1065.0,5046640.0,"{""__name__"": ""go_memstats_heap_alloc_bytes""}"
5,B,The Resource Footprint (Memory Churn),java_inventory,java,inventory,warehouse-go:8084,warehouse-go:8084,2026-06-24 13:39:07,2026-06-24T08:09:07Z,1782288547,ramp_3,1065.0,6874672.0,"{""__name__"": ""go_memstats_heap_alloc_bytes""}"
5,B,The Resource Footprint (Memory Churn),java_inventory,java,inventory,inventory-go-twin:9082,inventory-go-twin:9082,2026-06-24 13:39:22,2026-06-24T08:09:22Z,1782288562,ramp_3,1080.0,4664280.0,"{""__name__"": ""go_memstats_heap_alloc_bytes""}"
5,B,The Resource Footprint (Memory Churn),java_inventory,java,inventory,order-go-twin:9083,order-go-twin:9083,2026-06-24 13:39:22,2026-06-24T08:09:22Z,1782288562,ramp_3,1080.0,5695360.0,"{""__name__"": ""go_memstats_heap_alloc_bytes""}"
5,B,The Resource Footprint (Memory Churn),java_inventory,java,inventory,warehouse-go:8084,warehouse-go:8084,2026-06-24 13:39:22,2026-06-24T08:09:22Z,1782288562,ramp_3,1080.0,5238400.0,"{""__name__"": ""go_memstats_heap_alloc_bytes""}"
5,B,The Resource Footprint (Memory Churn),java_inventory,java,inventory,inventory-go-twin:9082,inventory-go-twin:9082,2026-06-24 13:39:37,2026-06-24T08:09:37Z,1782288577,ramp_3,1095.0,5439176.0,"{""__name__"": ""go_memstats_heap_alloc_bytes""}"
5,B,The Resource Footprint (Memory Churn),java_inventory,java,inventory,order-go-twin:9083,order-go-twin:9083,2026-06-24 13:39:37,2026-06-24T08:09:37Z,1782288577,ramp_3,1095.0,3628640.0,"{""__name__"": ""go_memstats_heap_alloc_bytes""}"
5,B,The Resource Footprint (Memory Churn),java_inventory,java,inventory,warehouse-go:8084,warehouse-go:8084,2026-06-24 13:39:37,2026-06-24T08:09:37Z,1782288577,ramp_3,1095.0,4404664.0,"{""__name__"": ""go_memstats_heap_alloc_bytes""}"
5,B,The Resource Footprint (Memory Churn),java_inventory,java,inventory,inventory-go-twin:9082,inventory-go-twin:9082,2026-06-24 13:39:52,2026-06-24T08:09:52Z,1782288592,ramp_3,1110.0,3679056.0,"{""__name__"": ""go_memstats_heap_alloc_bytes""}"
5,B,The Resource Footprint (Memory Churn),java_inventory,java,inventory,order-go-twin:9083,order-go-twin:9083,2026-06-24 13:39:52,2026-06-24T08:09:52Z,1782288592,ramp_3,1110.0,4060656.0,"{""__name__"": ""go_memstats_heap_alloc_bytes""}"
5,B,The Resource Footprint (Memory Churn),java_inventory,java,inventory,warehouse-go:8084,warehouse-go:8084,2026-06-24 13:39:52,2026-06-24T08:09:52Z,1782288592,ramp_3,1110.0,4828312.0,"{""__name__"": ""go_memstats_heap_alloc_bytes""}"
5,B,The Resource Footprint (Memory Churn),java_inventory,java,inventory,inventory-go-twin:9082,inventory-go-twin:9082,2026-06-24 13:40:07,2026-06-24T08:10:07Z,1782288607,ramp_3,1125.0,4326392.0,"{""__name__"": ""go_memstats_heap_alloc_bytes""}"
5,B,The Resource Footprint (Memory Churn),java_inventory,java,inventory,order-go-twin:9083,order-go-twin:9083,2026-06-24 13:40:07,2026-06-24T08:10:07Z,1782288607,ramp_3,1125.0,4730952.0,"{""__name__"": ""go_memstats_heap_alloc_bytes""}"
5,B,The Resource Footprint (Memory Churn),java_inventory,java,inventory,warehouse-go:8084,warehouse-go:8084,2026-06-24 13:40:07,2026-06-24T08:10:07Z,1782288607,ramp_3,1125.0,6018136.0,"{""__name__"": ""go_memstats_heap_alloc_bytes""}"
5,B,The Resource Footprint (Memory Churn),java_inventory,java,inventory,inventory-go-twin:9082,inventory-go-twin:9082,2026-06-24 13:40:22,2026-06-24T08:10:22Z,1782288622,ramp_3,1140.0,5144376.0,"{""__name__"": ""go_memstats_heap_alloc_bytes""}"
5,B,The Resource Footprint (Memory Churn),java_inventory,java,inventory,order-go-twin:9083,order-go-twin:9083,2026-06-24 13:40:22,2026-06-24T08:10:22Z,1782288622,ramp_3,1140.0,5359344.0,"{""__name__"": ""go_memstats_heap_alloc_bytes""}"
5,B,The Resource Footprint (Memory Churn),java_inventory,java,inventory,warehouse-go:8084,warehouse-go:8084,2026-06-24 13:40:22,2026-06-24T08:10:22Z,1782288622,ramp_3,1140.0,8061992.0,"{""__name__"": ""go_memstats_heap_alloc_bytes""}"
5,B,The Resource Footprint (Memory Churn),java_inventory,java,inventory,inventory-go-twin:9082,inventory-go-twin:9082,2026-06-24 13:40:37,2026-06-24T08:10:37Z,1782288637,ramp_3,1155.0,3543544.0,"{""__name__"": ""go_memstats_heap_alloc_bytes""}"
5,B,The Resource Footprint (Memory Churn),java_inventory,java,inventory,order-go-twin:9083,order-go-twin:9083,2026-06-24 13:40:37,2026-06-24T08:10:37Z,1782288637,ramp_3,1155.0,3562056.0,"{""__name__"": ""go_memstats_heap_alloc_bytes""}"
5,B,The Resource Footprint (Memory Churn),java_inventory,java,inventory,warehouse-go:8084,warehouse-go:8084,2026-06-24 13:40:37,2026-06-24T08:10:37Z,1782288637,ramp_3,1155.0,5452320.0,"{""__name__"": ""go_memstats_heap_alloc_bytes""}"
5,B,The Resource Footprint (Memory Churn),java_inventory,java,inventory,inventory-go-twin:9082,inventory-go-twin:9082,2026-06-24 13:40:52,2026-06-24T08:10:52Z,1782288652,ramp_3,1170.0,4244560.0,"{""__name__"": ""go_memstats_heap_alloc_bytes""}"
5,B,The Resource Footprint (Memory Churn),java_inventory,java,inventory,order-go-twin:9083,order-go-twin:9083,2026-06-24 13:40:52,2026-06-24T08:10:52Z,1782288652,ramp_3,1170.0,3924680.0,"{""__name__"": ""go_memstats_heap_alloc_bytes""}"
5,B,The Resource Footprint (Memory Churn),java_inventory,java,inventory,warehouse-go:8084,warehouse-go:8084,2026-06-24 13:40:52,2026-06-24T08:10:52Z,1782288652,ramp_3,1170.0,5948384.0,"{""__name__"": ""go_memstats_heap_alloc_bytes""}"
5,B,The Resource Footprint (Memory Churn),java_inventory,java,inventory,inventory-go-twin:9082,inventory-go-twin:9082,2026-06-24 13:41:07,2026-06-24T08:11:07Z,1782288667,ramp_3,1185.0,4998424.0,"{""__name__"": ""go_memstats_heap_alloc_bytes""}"
5,B,The Resource Footprint (Memory Churn),java_inventory,java,inventory,order-go-twin:9083,order-go-twin:9083,2026-06-24 13:41:07,2026-06-24T08:11:07Z,1782288667,ramp_3,1185.0,4505352.0,"{""__name__"": ""go_memstats_heap_alloc_bytes""}"
5,B,The Resource Footprint (Memory Churn),java_inventory,java,inventory,warehouse-go:8084,warehouse-go:8084,2026-06-24 13:41:07,2026-06-24T08:11:07Z,1782288667,ramp_3,1185.0,6057080.0,"{""__name__"": ""go_memstats_heap_alloc_bytes""}"
5,B,The Resource Footprint (Memory Churn),java_inventory,java,inventory,inventory-go-twin:9082,inventory-go-twin:9082,2026-06-24 13:41:22,2026-06-24T08:11:22Z,1782288682,sustain,1200.0,5748584.0,"{""__name__"": ""go_memstats_heap_alloc_bytes""}"
5,B,The Resource Footprint (Memory Churn),java_inventory,java,inventory,order-go-twin:9083,order-go-twin:9083,2026-06-24 13:41:22,2026-06-24T08:11:22Z,1782288682,sustain,1200.0,5218920.0,"{""__name__"": ""go_memstats_heap_alloc_bytes""}"
5,B,The Resource Footprint (Memory Churn),java_inventory,java,inventory,warehouse-go:8084,warehouse-go:8084,2026-06-24 13:41:22,2026-06-24T08:11:22Z,1782288682,sustain,1200.0,6502712.0,"{""__name__"": ""go_memstats_heap_alloc_bytes""}"
5,B,The Resource Footprint (Memory Churn),java_inventory,java,inventory,inventory-go-twin:9082,inventory-go-twin:9082,2026-06-24 13:41:37,2026-06-24T08:11:37Z,1782288697,sustain,1215.0,3759168.0,"{""__name__"": ""go_memstats_heap_alloc_bytes""}"
5,B,The Resource Footprint (Memory Churn),java_inventory,java,inventory,order-go-twin:9083,order-go-twin:9083,2026-06-24 13:41:37,2026-06-24T08:11:37Z,1782288697,sustain,1215.0,5815864.0,"{""__name__"": ""go_memstats_heap_alloc_bytes""}"
5,B,The Resource Footprint (Memory Churn),java_inventory,java,inventory,warehouse-go:8084,warehouse-go:8084,2026-06-24 13:41:37,2026-06-24T08:11:37Z,1782288697,sustain,1215.0,7022328.0,"{""__name__"": ""go_memstats_heap_alloc_bytes""}"
5,B,The Resource Footprint (Memory Churn),java_inventory,java,inventory,inventory-go-twin:9082,inventory-go-twin:9082,2026-06-24 13:41:52,2026-06-24T08:11:52Z,1782288712,sustain,1230.0,4437640.0,"{""__name__"": ""go_memstats_heap_alloc_bytes""}"
5,B,The Resource Footprint (Memory Churn),java_inventory,java,inventory,order-go-twin:9083,order-go-twin:9083,2026-06-24 13:41:52,2026-06-24T08:11:52Z,1782288712,sustain,1230.0,3710464.0,"{""__name__"": ""go_memstats_heap_alloc_bytes""}"
5,B,The Resource Footprint (Memory Churn),java_inventory,java,inventory,warehouse-go:8084,warehouse-go:8084,2026-06-24 13:41:52,2026-06-24T08:11:52Z,1782288712,sustain,1230.0,7625416.0,"{""__name__"": ""go_memstats_heap_alloc_bytes""}"
5,B,The Resource Footprint (Memory Churn),java_inventory,java,inventory,inventory-go-twin:9082,inventory-go-twin:9082,2026-06-24 13:42:07,2026-06-24T08:12:07Z,1782288727,sustain,1245.0,5243568.0,"{""__name__"": ""go_memstats_heap_alloc_bytes""}"
5,B,The Resource Footprint (Memory Churn),java_inventory,java,inventory,order-go-twin:9083,order-go-twin:9083,2026-06-24 13:42:07,2026-06-24T08:12:07Z,1782288727,sustain,1245.0,4243112.0,"{""__name__"": ""go_memstats_heap_alloc_bytes""}"
5,B,The Resource Footprint (Memory Churn),java_inventory,java,inventory,warehouse-go:8084,warehouse-go:8084,2026-06-24 13:42:07,2026-06-24T08:12:07Z,1782288727,sustain,1245.0,6004752.0,"{""__name__"": ""go_memstats_heap_alloc_bytes""}"
5,B,The Resource Footprint (Memory Churn),java_inventory,java,inventory,inventory-go-twin:9082,inventory-go-twin:9082,2026-06-24 13:42:22,2026-06-24T08:12:22Z,1782288742,sustain,1260.0,3604856.0,"{""__name__"": ""go_memstats_heap_alloc_bytes""}"
5,B,The Resource Footprint (Memory Churn),java_inventory,java,inventory,order-go-twin:9083,order-go-twin:9083,2026-06-24 13:42:22,2026-06-24T08:12:22Z,1782288742,sustain,1260.0,4892584.0,"{""__name__"": ""go_memstats_heap_alloc_bytes""}"
5,B,The Resource Footprint (Memory Churn),java_inventory,java,inventory,warehouse-go:8084,warehouse-go:8084,2026-06-24 13:42:22,2026-06-24T08:12:22Z,1782288742,sustain,1260.0,7106464.0,"{""__name__"": ""go_memstats_heap_alloc_bytes""}"
5,B,The Resource Footprint (Memory Churn),java_inventory,java,inventory,inventory-go-twin:9082,inventory-go-twin:9082,2026-06-24 13:42:37,2026-06-24T08:12:37Z,1782288757,sustain,1275.0,4305896.0,"{""__name__"": ""go_memstats_heap_alloc_bytes""}"
5,B,The Resource Footprint (Memory Churn),java_inventory,java,inventory,order-go-twin:9083,order-go-twin:9083,2026-06-24 13:42:37,2026-06-24T08:12:37Z,1782288757,sustain,1275.0,5596360.0,"{""__name__"": ""go_memstats_heap_alloc_bytes""}"
5,B,The Resource Footprint (Memory Churn),java_inventory,java,inventory,warehouse-go:8084,warehouse-go:8084,2026-06-24 13:42:37,2026-06-24T08:12:37Z,1782288757,sustain,1275.0,7605136.0,"{""__name__"": ""go_memstats_heap_alloc_bytes""}"
5,B,The Resource Footprint (Memory Churn),java_inventory,java,inventory,inventory-go-twin:9082,inventory-go-twin:9082,2026-06-24 13:42:52,2026-06-24T08:12:52Z,1782288772,sustain,1290.0,5085864.0,"{""__name__"": ""go_memstats_heap_alloc_bytes""}"
5,B,The Resource Footprint (Memory Churn),java_inventory,java,inventory,order-go-twin:9083,order-go-twin:9083,2026-06-24 13:42:52,2026-06-24T08:12:52Z,1782288772,sustain,1290.0,3641640.0,"{""__name__"": ""go_memstats_heap_alloc_bytes""}"
5,B,The Resource Footprint (Memory Churn),java_inventory,java,inventory,warehouse-go:8084,warehouse-go:8084,2026-06-24 13:42:52,2026-06-24T08:12:52Z,1782288772,sustain,1290.0,8227104.0,"{""__name__"": ""go_memstats_heap_alloc_bytes""}"
5,B,The Resource Footprint (Memory Churn),java_inventory,java,inventory,inventory-go-twin:9082,inventory-go-twin:9082,2026-06-24 13:43:07,2026-06-24T08:13:07Z,1782288787,sustain,1305.0,3710744.0,"{""__name__"": ""go_memstats_heap_alloc_bytes""}"
5,B,The Resource Footprint (Memory Churn),java_inventory,java,inventory,order-go-twin:9083,order-go-twin:9083,2026-06-24 13:43:07,2026-06-24T08:13:07Z,1782288787,sustain,1305.0,4175384.0,"{""__name__"": ""go_memstats_heap_alloc_bytes""}"
5,B,The Resource Footprint (Memory Churn),java_inventory,java,inventory,warehouse-go:8084,warehouse-go:8084,2026-06-24 13:43:07,2026-06-24T08:13:07Z,1782288787,sustain,1305.0,5937720.0,"{""__name__"": ""go_memstats_heap_alloc_bytes""}"
5,B,The Resource Footprint (Memory Churn),java_inventory,java,inventory,inventory-go-twin:9082,inventory-go-twin:9082,2026-06-24 13:43:22,2026-06-24T08:13:22Z,1782288802,sustain,1320.0,4379912.0,"{""__name__"": ""go_memstats_heap_alloc_bytes""}"
5,B,The Resource Footprint (Memory Churn),java_inventory,java,inventory,order-go-twin:9083,order-go-twin:9083,2026-06-24 13:43:22,2026-06-24T08:13:22Z,1782288802,sustain,1320.0,4798888.0,"{""__name__"": ""go_memstats_heap_alloc_bytes""}"
5,B,The Resource Footprint (Memory Churn),java_inventory,java,inventory,warehouse-go:8084,warehouse-go:8084,2026-06-24 13:43:22,2026-06-24T08:13:22Z,1782288802,sustain,1320.0,6360424.0,"{""__name__"": ""go_memstats_heap_alloc_bytes""}"
5,B,The Resource Footprint (Memory Churn),java_inventory,java,inventory,inventory-go-twin:9082,inventory-go-twin:9082,2026-06-24 13:43:37,2026-06-24T08:13:37Z,1782288817,sustain,1335.0,5241640.0,"{""__name__"": ""go_memstats_heap_alloc_bytes""}"
5,B,The Resource Footprint (Memory Churn),java_inventory,java,inventory,order-go-twin:9083,order-go-twin:9083,2026-06-24 13:43:37,2026-06-24T08:13:37Z,1782288817,sustain,1335.0,5379360.0,"{""__name__"": ""go_memstats_heap_alloc_bytes""}"
5,B,The Resource Footprint (Memory Churn),java_inventory,java,inventory,warehouse-go:8084,warehouse-go:8084,2026-06-24 13:43:37,2026-06-24T08:13:37Z,1782288817,sustain,1335.0,6906504.0,"{""__name__"": ""go_memstats_heap_alloc_bytes""}"
5,B,The Resource Footprint (Memory Churn),java_inventory,java,inventory,inventory-go-twin:9082,inventory-go-twin:9082,2026-06-24 13:43:52,2026-06-24T08:13:52Z,1782288832,sustain,1350.0,4474816.0,"{""__name__"": ""go_memstats_heap_alloc_bytes""}"
5,B,The Resource Footprint (Memory Churn),java_inventory,java,inventory,order-go-twin:9083,order-go-twin:9083,2026-06-24 13:43:52,2026-06-24T08:13:52Z,1782288832,sustain,1350.0,3540888.0,"{""__name__"": ""go_memstats_heap_alloc_bytes""}"
5,B,The Resource Footprint (Memory Churn),java_inventory,java,inventory,warehouse-go:8084,warehouse-go:8084,2026-06-24 13:43:52,2026-06-24T08:13:52Z,1782288832,sustain,1350.0,7424744.0,"{""__name__"": ""go_memstats_heap_alloc_bytes""}"
5,B,The Resource Footprint (Memory Churn),java_inventory,java,inventory,inventory-go-twin:9082,inventory-go-twin:9082,2026-06-24 13:44:07,2026-06-24T08:14:07Z,1782288847,sustain,1365.0,5181848.0,"{""__name__"": ""go_memstats_heap_alloc_bytes""}"
5,B,The Resource Footprint (Memory Churn),java_inventory,java,inventory,order-go-twin:9083,order-go-twin:9083,2026-06-24 13:44:07,2026-06-24T08:14:07Z,1782288847,sustain,1365.0,3890808.0,"{""__name__"": ""go_memstats_heap_alloc_bytes""}"
5,B,The Resource Footprint (Memory Churn),java_inventory,java,inventory,warehouse-go:8084,warehouse-go:8084,2026-06-24 13:44:07,2026-06-24T08:14:07Z,1782288847,sustain,1365.0,6248016.0,"{""__name__"": ""go_memstats_heap_alloc_bytes""}"
5,B,The Resource Footprint (Memory Churn),java_inventory,java,inventory,inventory-go-twin:9082,inventory-go-twin:9082,2026-06-24 13:44:22,2026-06-24T08:14:22Z,1782288862,sustain,1380.0,3648464.0,"{""__name__"": ""go_memstats_heap_alloc_bytes""}"
5,B,The Resource Footprint (Memory Churn),java_inventory,java,inventory,order-go-twin:9083,order-go-twin:9083,2026-06-24 13:44:22,2026-06-24T08:14:22Z,1782288862,sustain,1380.0,4447944.0,"{""__name__"": ""go_memstats_heap_alloc_bytes""}"
5,B,The Resource Footprint (Memory Churn),java_inventory,java,inventory,warehouse-go:8084,warehouse-go:8084,2026-06-24 13:44:22,2026-06-24T08:14:22Z,1782288862,sustain,1380.0,7489024.0,"{""__name__"": ""go_memstats_heap_alloc_bytes""}"
5,B,The Resource Footprint (Memory Churn),java_inventory,java,inventory,inventory-go-twin:9082,inventory-go-twin:9082,2026-06-24 13:44:37,2026-06-24T08:14:37Z,1782288877,sustain,1395.0,5154176.0,"{""__name__"": ""go_memstats_heap_alloc_bytes""}"
5,B,The Resource Footprint (Memory Churn),java_inventory,java,inventory,order-go-twin:9083,order-go-twin:9083,2026-06-24 13:44:37,2026-06-24T08:14:37Z,1782288877,sustain,1395.0,5168000.0,"{""__name__"": ""go_memstats_heap_alloc_bytes""}"
5,B,The Resource Footprint (Memory Churn),java_inventory,java,inventory,warehouse-go:8084,warehouse-go:8084,2026-06-24 13:44:37,2026-06-24T08:14:37Z,1782288877,sustain,1395.0,8083424.0,"{""__name__"": ""go_memstats_heap_alloc_bytes""}"
5,B,The Resource Footprint (Memory Churn),java_inventory,java,inventory,inventory-go-twin:9082,inventory-go-twin:9082,2026-06-24 13:44:52,2026-06-24T08:14:52Z,1782288892,sustain,1410.0,4466312.0,"{""__name__"": ""go_memstats_heap_alloc_bytes""}"
5,B,The Resource Footprint (Memory Churn),java_inventory,java,inventory,order-go-twin:9083,order-go-twin:9083,2026-06-24 13:44:52,2026-06-24T08:14:52Z,1782288892,sustain,1410.0,5811144.0,"{""__name__"": ""go_memstats_heap_alloc_bytes""}"
5,B,The Resource Footprint (Memory Churn),java_inventory,java,inventory,warehouse-go:8084,warehouse-go:8084,2026-06-24 13:44:52,2026-06-24T08:14:52Z,1782288892,sustain,1410.0,8731792.0,"{""__name__"": ""go_memstats_heap_alloc_bytes""}"
5,B,The Resource Footprint (Memory Churn),java_inventory,java,inventory,inventory-go-twin:9082,inventory-go-twin:9082,2026-06-24 13:45:07,2026-06-24T08:15:07Z,1782288907,sustain,1425.0,5149848.0,"{""__name__"": ""go_memstats_heap_alloc_bytes""}"
5,B,The Resource Footprint (Memory Churn),java_inventory,java,inventory,order-go-twin:9083,order-go-twin:9083,2026-06-24 13:45:07,2026-06-24T08:15:07Z,1782288907,sustain,1425.0,3706280.0,"{""__name__"": ""go_memstats_heap_alloc_bytes""}"
5,B,The Resource Footprint (Memory Churn),java_inventory,java,inventory,warehouse-go:8084,warehouse-go:8084,2026-06-24 13:45:07,2026-06-24T08:15:07Z,1782288907,sustain,1425.0,9431432.0,"{""__name__"": ""go_memstats_heap_alloc_bytes""}"
5,B,The Resource Footprint (Memory Churn),java_inventory,java,inventory,inventory-go-twin:9082,inventory-go-twin:9082,2026-06-24 13:45:22,2026-06-24T08:15:22Z,1782288922,sustain,1440.0,4287360.0,"{""__name__"": ""go_memstats_heap_alloc_bytes""}"
5,B,The Resource Footprint (Memory Churn),java_inventory,java,inventory,order-go-twin:9083,order-go-twin:9083,2026-06-24 13:45:22,2026-06-24T08:15:22Z,1782288922,sustain,1440.0,4252680.0,"{""__name__"": ""go_memstats_heap_alloc_bytes""}"
5,B,The Resource Footprint (Memory Churn),java_inventory,java,inventory,warehouse-go:8084,warehouse-go:8084,2026-06-24 13:45:22,2026-06-24T08:15:22Z,1782288922,sustain,1440.0,4260448.0,"{""__name__"": ""go_memstats_heap_alloc_bytes""}"
5,B,The Resource Footprint (Memory Churn),java_inventory,java,inventory,inventory-go-twin:9082,inventory-go-twin:9082,2026-06-24 13:45:37,2026-06-24T08:15:37Z,1782288937,sustain,1455.0,5032304.0,"{""__name__"": ""go_memstats_heap_alloc_bytes""}"
5,B,The Resource Footprint (Memory Churn),java_inventory,java,inventory,order-go-twin:9083,order-go-twin:9083,2026-06-24 13:45:37,2026-06-24T08:15:37Z,1782288937,sustain,1455.0,4806264.0,"{""__name__"": ""go_memstats_heap_alloc_bytes""}"
5,B,The Resource Footprint (Memory Churn),java_inventory,java,inventory,warehouse-go:8084,warehouse-go:8084,2026-06-24 13:45:37,2026-06-24T08:15:37Z,1782288937,sustain,1455.0,4234776.0,"{""__name__"": ""go_memstats_heap_alloc_bytes""}"
5,B,The Resource Footprint (Memory Churn),java_inventory,java,inventory,inventory-go-twin:9082,inventory-go-twin:9082,2026-06-24 13:45:52,2026-06-24T08:15:52Z,1782288952,sustain,1470.0,3411792.0,"{""__name__"": ""go_memstats_heap_alloc_bytes""}"
5,B,The Resource Footprint (Memory Churn),java_inventory,java,inventory,order-go-twin:9083,order-go-twin:9083,2026-06-24 13:45:52,2026-06-24T08:15:52Z,1782288952,sustain,1470.0,5447904.0,"{""__name__"": ""go_memstats_heap_alloc_bytes""}"
5,B,The Resource Footprint (Memory Churn),java_inventory,java,inventory,warehouse-go:8084,warehouse-go:8084,2026-06-24 13:45:52,2026-06-24T08:15:52Z,1782288952,sustain,1470.0,4362904.0,"{""__name__"": ""go_memstats_heap_alloc_bytes""}"
5,B,The Resource Footprint (Memory Churn),java_inventory,java,inventory,inventory-go-twin:9082,inventory-go-twin:9082,2026-06-24 13:46:07,2026-06-24T08:16:07Z,1782288967,sustain,1485.0,3941552.0,"{""__name__"": ""go_memstats_heap_alloc_bytes""}"
5,B,The Resource Footprint (Memory Churn),java_inventory,java,inventory,order-go-twin:9083,order-go-twin:9083,2026-06-24 13:46:07,2026-06-24T08:16:07Z,1782288967,sustain,1485.0,6110296.0,"{""__name__"": ""go_memstats_heap_alloc_bytes""}"
5,B,The Resource Footprint (Memory Churn),java_inventory,java,inventory,warehouse-go:8084,warehouse-go:8084,2026-06-24 13:46:07,2026-06-24T08:16:07Z,1782288967,sustain,1485.0,5135224.0,"{""__name__"": ""go_memstats_heap_alloc_bytes""}"
5,B,The Resource Footprint (Memory Churn),java_inventory,java,inventory,inventory-go-twin:9082,inventory-go-twin:9082,2026-06-24 13:46:22,2026-06-24T08:16:22Z,1782288982,sustain,1500.0,4635248.0,"{""__name__"": ""go_memstats_heap_alloc_bytes""}"
5,B,The Resource Footprint (Memory Churn),java_inventory,java,inventory,order-go-twin:9083,order-go-twin:9083,2026-06-24 13:46:22,2026-06-24T08:16:22Z,1782288982,sustain,1500.0,3848256.0,"{""__name__"": ""go_memstats_heap_alloc_bytes""}"
5,B,The Resource Footprint (Memory Churn),java_inventory,java,inventory,warehouse-go:8084,warehouse-go:8084,2026-06-24 13:46:22,2026-06-24T08:16:22Z,1782288982,sustain,1500.0,5342808.0,"{""__name__"": ""go_memstats_heap_alloc_bytes""}"
5,B,The Resource Footprint (Memory Churn),java_inventory,java,inventory,inventory-go-twin:9082,inventory-go-twin:9082,2026-06-24 13:46:37,2026-06-24T08:16:37Z,1782288997,sustain,1515.0,5470760.0,"{""__name__"": ""go_memstats_heap_alloc_bytes""}"
5,B,The Resource Footprint (Memory Churn),java_inventory,java,inventory,order-go-twin:9083,order-go-twin:9083,2026-06-24 13:46:37,2026-06-24T08:16:37Z,1782288997,sustain,1515.0,4341392.0,"{""__name__"": ""go_memstats_heap_alloc_bytes""}"
5,B,The Resource Footprint (Memory Churn),java_inventory,java,inventory,warehouse-go:8084,warehouse-go:8084,2026-06-24 13:46:37,2026-06-24T08:16:37Z,1782288997,sustain,1515.0,3571608.0,"{""__name__"": ""go_memstats_heap_alloc_bytes""}"
5,B,The Resource Footprint (Memory Churn),java_inventory,java,inventory,inventory-go-twin:9082,inventory-go-twin:9082,2026-06-24 13:46:52,2026-06-24T08:16:52Z,1782289012,sustain,1530.0,3560416.0,"{""__name__"": ""go_memstats_heap_alloc_bytes""}"
5,B,The Resource Footprint (Memory Churn),java_inventory,java,inventory,order-go-twin:9083,order-go-twin:9083,2026-06-24 13:46:52,2026-06-24T08:16:52Z,1782289012,sustain,1530.0,5048984.0,"{""__name__"": ""go_memstats_heap_alloc_bytes""}"
5,B,The Resource Footprint (Memory Churn),java_inventory,java,inventory,warehouse-go:8084,warehouse-go:8084,2026-06-24 13:46:52,2026-06-24T08:16:52Z,1782289012,sustain,1530.0,5116880.0,"{""__name__"": ""go_memstats_heap_alloc_bytes""}"
5,B,The Resource Footprint (Memory Churn),java_inventory,java,inventory,inventory-go-twin:9082,inventory-go-twin:9082,2026-06-24 13:47:07,2026-06-24T08:17:07Z,1782289027,sustain,1545.0,4218280.0,"{""__name__"": ""go_memstats_heap_alloc_bytes""}"
5,B,The Resource Footprint (Memory Churn),java_inventory,java,inventory,order-go-twin:9083,order-go-twin:9083,2026-06-24 13:47:07,2026-06-24T08:17:07Z,1782289027,sustain,1545.0,5685464.0,"{""__name__"": ""go_memstats_heap_alloc_bytes""}"
5,B,The Resource Footprint (Memory Churn),java_inventory,java,inventory,warehouse-go:8084,warehouse-go:8084,2026-06-24 13:47:07,2026-06-24T08:17:07Z,1782289027,sustain,1545.0,5611040.0,"{""__name__"": ""go_memstats_heap_alloc_bytes""}"
5,B,The Resource Footprint (Memory Churn),java_inventory,java,inventory,inventory-go-twin:9082,inventory-go-twin:9082,2026-06-24 13:47:22,2026-06-24T08:17:22Z,1782289042,sustain,1560.0,4989832.0,"{""__name__"": ""go_memstats_heap_alloc_bytes""}"
5,B,The Resource Footprint (Memory Churn),java_inventory,java,inventory,order-go-twin:9083,order-go-twin:9083,2026-06-24 13:47:22,2026-06-24T08:17:22Z,1782289042,sustain,1560.0,3684920.0,"{""__name__"": ""go_memstats_heap_alloc_bytes""}"
5,B,The Resource Footprint (Memory Churn),java_inventory,java,inventory,warehouse-go:8084,warehouse-go:8084,2026-06-24 13:47:22,2026-06-24T08:17:22Z,1782289042,sustain,1560.0,5388888.0,"{""__name__"": ""go_memstats_heap_alloc_bytes""}"
5,B,The Resource Footprint (Memory Churn),java_inventory,java,inventory,inventory-go-twin:9082,inventory-go-twin:9082,2026-06-24 13:47:37,2026-06-24T08:17:37Z,1782289057,sustain,1575.0,3414808.0,"{""__name__"": ""go_memstats_heap_alloc_bytes""}"
5,B,The Resource Footprint (Memory Churn),java_inventory,java,inventory,order-go-twin:9083,order-go-twin:9083,2026-06-24 13:47:37,2026-06-24T08:17:37Z,1782289057,sustain,1575.0,4173160.0,"{""__name__"": ""go_memstats_heap_alloc_bytes""}"
5,B,The Resource Footprint (Memory Churn),java_inventory,java,inventory,warehouse-go:8084,warehouse-go:8084,2026-06-24 13:47:37,2026-06-24T08:17:37Z,1782289057,sustain,1575.0,5294584.0,"{""__name__"": ""go_memstats_heap_alloc_bytes""}"
5,B,The Resource Footprint (Memory Churn),java_inventory,java,inventory,inventory-go-twin:9082,inventory-go-twin:9082,2026-06-24 13:47:52,2026-06-24T08:17:52Z,1782289072,sustain,1590.0,3910824.0,"{""__name__"": ""go_memstats_heap_alloc_bytes""}"
5,B,The Resource Footprint (Memory Churn),java_inventory,java,inventory,order-go-twin:9083,order-go-twin:9083,2026-06-24 13:47:52,2026-06-24T08:17:52Z,1782289072,sustain,1590.0,4823208.0,"{""__name__"": ""go_memstats_heap_alloc_bytes""}"
5,B,The Resource Footprint (Memory Churn),java_inventory,java,inventory,warehouse-go:8084,warehouse-go:8084,2026-06-24 13:47:52,2026-06-24T08:17:52Z,1782289072,sustain,1590.0,5352976.0,"{""__name__"": ""go_memstats_heap_alloc_bytes""}"
5,B,The Resource Footprint (Memory Churn),java_inventory,java,inventory,inventory-go-twin:9082,inventory-go-twin:9082,2026-06-24 13:48:07,2026-06-24T08:18:07Z,1782289087,sustain,1605.0,5493272.0,"{""__name__"": ""go_memstats_heap_alloc_bytes""}"
5,B,The Resource Footprint (Memory Churn),java_inventory,java,inventory,order-go-twin:9083,order-go-twin:9083,2026-06-24 13:48:07,2026-06-24T08:18:07Z,1782289087,sustain,1605.0,5490504.0,"{""__name__"": ""go_memstats_heap_alloc_bytes""}"
5,B,The Resource Footprint (Memory Churn),java_inventory,java,inventory,warehouse-go:8084,warehouse-go:8084,2026-06-24 13:48:07,2026-06-24T08:18:07Z,1782289087,sustain,1605.0,6714528.0,"{""__name__"": ""go_memstats_heap_alloc_bytes""}"
5,B,The Resource Footprint (Memory Churn),java_inventory,java,inventory,inventory-go-twin:9082,inventory-go-twin:9082,2026-06-24 13:48:22,2026-06-24T08:18:22Z,1782289102,sustain,1620.0,4515440.0,"{""__name__"": ""go_memstats_heap_alloc_bytes""}"
5,B,The Resource Footprint (Memory Churn),java_inventory,java,inventory,order-go-twin:9083,order-go-twin:9083,2026-06-24 13:48:22,2026-06-24T08:18:22Z,1782289102,sustain,1620.0,3622712.0,"{""__name__"": ""go_memstats_heap_alloc_bytes""}"
5,B,The Resource Footprint (Memory Churn),java_inventory,java,inventory,warehouse-go:8084,warehouse-go:8084,2026-06-24 13:48:22,2026-06-24T08:18:22Z,1782289102,sustain,1620.0,6165952.0,"{""__name__"": ""go_memstats_heap_alloc_bytes""}"
5,B,The Resource Footprint (Memory Churn),java_inventory,java,inventory,inventory-go-twin:9082,inventory-go-twin:9082,2026-06-24 13:48:37,2026-06-24T08:18:37Z,1782289117,sustain,1635.0,5152648.0,"{""__name__"": ""go_memstats_heap_alloc_bytes""}"
5,B,The Resource Footprint (Memory Churn),java_inventory,java,inventory,order-go-twin:9083,order-go-twin:9083,2026-06-24 13:48:37,2026-06-24T08:18:37Z,1782289117,sustain,1635.0,4029064.0,"{""__name__"": ""go_memstats_heap_alloc_bytes""}"
5,B,The Resource Footprint (Memory Churn),java_inventory,java,inventory,warehouse-go:8084,warehouse-go:8084,2026-06-24 13:48:37,2026-06-24T08:18:37Z,1782289117,sustain,1635.0,6607312.0,"{""__name__"": ""go_memstats_heap_alloc_bytes""}"
5,B,The Resource Footprint (Memory Churn),java_inventory,java,inventory,inventory-go-twin:9082,inventory-go-twin:9082,2026-06-24 13:48:52,2026-06-24T08:18:52Z,1782289132,sustain,1650.0,4356064.0,"{""__name__"": ""go_memstats_heap_alloc_bytes""}"
5,B,The Resource Footprint (Memory Churn),java_inventory,java,inventory,order-go-twin:9083,order-go-twin:9083,2026-06-24 13:48:52,2026-06-24T08:18:52Z,1782289132,sustain,1650.0,4565160.0,"{""__name__"": ""go_memstats_heap_alloc_bytes""}"
5,B,The Resource Footprint (Memory Churn),java_inventory,java,inventory,warehouse-go:8084,warehouse-go:8084,2026-06-24 13:48:52,2026-06-24T08:18:52Z,1782289132,sustain,1650.0,5221200.0,"{""__name__"": ""go_memstats_heap_alloc_bytes""}"
5,B,The Resource Footprint (Memory Churn),java_inventory,java,inventory,inventory-go-twin:9082,inventory-go-twin:9082,2026-06-24 13:49:07,2026-06-24T08:19:07Z,1782289147,sustain,1665.0,5083200.0,"{""__name__"": ""go_memstats_heap_alloc_bytes""}"
5,B,The Resource Footprint (Memory Churn),java_inventory,java,inventory,order-go-twin:9083,order-go-twin:9083,2026-06-24 13:49:07,2026-06-24T08:19:07Z,1782289147,sustain,1665.0,5237552.0,"{""__name__"": ""go_memstats_heap_alloc_bytes""}"
5,B,The Resource Footprint (Memory Churn),java_inventory,java,inventory,warehouse-go:8084,warehouse-go:8084,2026-06-24 13:49:07,2026-06-24T08:19:07Z,1782289147,sustain,1665.0,6385216.0,"{""__name__"": ""go_memstats_heap_alloc_bytes""}"
5,B,The Resource Footprint (Memory Churn),java_inventory,java,inventory,inventory-go-twin:9082,inventory-go-twin:9082,2026-06-24 13:49:22,2026-06-24T08:19:22Z,1782289162,sustain,1680.0,3358040.0,"{""__name__"": ""go_memstats_heap_alloc_bytes""}"
5,B,The Resource Footprint (Memory Churn),java_inventory,java,inventory,order-go-twin:9083,order-go-twin:9083,2026-06-24 13:49:22,2026-06-24T08:19:22Z,1782289162,sustain,1680.0,5927720.0,"{""__name__"": ""go_memstats_heap_alloc_bytes""}"
5,B,The Resource Footprint (Memory Churn),java_inventory,java,inventory,warehouse-go:8084,warehouse-go:8084,2026-06-24 13:49:22,2026-06-24T08:19:22Z,1782289162,sustain,1680.0,5346576.0,"{""__name__"": ""go_memstats_heap_alloc_bytes""}"
5,B,The Resource Footprint (Memory Churn),java_inventory,java,inventory,inventory-go-twin:9082,inventory-go-twin:9082,2026-06-24 13:49:37,2026-06-24T08:19:37Z,1782289177,sustain,1695.0,3844328.0,"{""__name__"": ""go_memstats_heap_alloc_bytes""}"
5,B,The Resource Footprint (Memory Churn),java_inventory,java,inventory,order-go-twin:9083,order-go-twin:9083,2026-06-24 13:49:37,2026-06-24T08:19:37Z,1782289177,sustain,1695.0,3800984.0,"{""__name__"": ""go_memstats_heap_alloc_bytes""}"
5,B,The Resource Footprint (Memory Churn),java_inventory,java,inventory,warehouse-go:8084,warehouse-go:8084,2026-06-24 13:49:37,2026-06-24T08:19:37Z,1782289177,sustain,1695.0,6632208.0,"{""__name__"": ""go_memstats_heap_alloc_bytes""}"
5,B,The Resource Footprint (Memory Churn),java_inventory,java,inventory,inventory-go-twin:9082,inventory-go-twin:9082,2026-06-24 13:49:52,2026-06-24T08:19:52Z,1782289192,sustain,1710.0,4579744.0,"{""__name__"": ""go_memstats_heap_alloc_bytes""}"
5,B,The Resource Footprint (Memory Churn),java_inventory,java,inventory,order-go-twin:9083,order-go-twin:9083,2026-06-24 13:49:52,2026-06-24T08:19:52Z,1782289192,sustain,1710.0,4433080.0,"{""__name__"": ""go_memstats_heap_alloc_bytes""}"
5,B,The Resource Footprint (Memory Churn),java_inventory,java,inventory,warehouse-go:8084,warehouse-go:8084,2026-06-24 13:49:52,2026-06-24T08:19:52Z,1782289192,sustain,1710.0,7280496.0,"{""__name__"": ""go_memstats_heap_alloc_bytes""}"
5,B,The Resource Footprint (Memory Churn),java_inventory,java,inventory,inventory-go-twin:9082,inventory-go-twin:9082,2026-06-24 13:50:07,2026-06-24T08:20:07Z,1782289207,sustain,1725.0,5466440.0,"{""__name__"": ""go_memstats_heap_alloc_bytes""}"
5,B,The Resource Footprint (Memory Churn),java_inventory,java,inventory,order-go-twin:9083,order-go-twin:9083,2026-06-24 13:50:07,2026-06-24T08:20:07Z,1782289207,sustain,1725.0,5023816.0,"{""__name__"": ""go_memstats_heap_alloc_bytes""}"
5,B,The Resource Footprint (Memory Churn),java_inventory,java,inventory,warehouse-go:8084,warehouse-go:8084,2026-06-24 13:50:07,2026-06-24T08:20:07Z,1782289207,sustain,1725.0,6276376.0,"{""__name__"": ""go_memstats_heap_alloc_bytes""}"
5,B,The Resource Footprint (Memory Churn),java_inventory,java,inventory,inventory-go-twin:9082,inventory-go-twin:9082,2026-06-24 13:50:22,2026-06-24T08:20:22Z,1782289222,sustain,1740.0,3731728.0,"{""__name__"": ""go_memstats_heap_alloc_bytes""}"
5,B,The Resource Footprint (Memory Churn),java_inventory,java,inventory,order-go-twin:9083,order-go-twin:9083,2026-06-24 13:50:22,2026-06-24T08:20:22Z,1782289222,sustain,1740.0,5712792.0,"{""__name__"": ""go_memstats_heap_alloc_bytes""}"
5,B,The Resource Footprint (Memory Churn),java_inventory,java,inventory,warehouse-go:8084,warehouse-go:8084,2026-06-24 13:50:22,2026-06-24T08:20:22Z,1782289222,sustain,1740.0,5378728.0,"{""__name__"": ""go_memstats_heap_alloc_bytes""}"
5,B,The Resource Footprint (Memory Churn),java_inventory,java,inventory,inventory-go-twin:9082,inventory-go-twin:9082,2026-06-24 13:50:37,2026-06-24T08:20:37Z,1782289237,sustain,1755.0,4513152.0,"{""__name__"": ""go_memstats_heap_alloc_bytes""}"
5,B,The Resource Footprint (Memory Churn),java_inventory,java,inventory,order-go-twin:9083,order-go-twin:9083,2026-06-24 13:50:37,2026-06-24T08:20:37Z,1782289237,sustain,1755.0,3744544.0,"{""__name__"": ""go_memstats_heap_alloc_bytes""}"
5,B,The Resource Footprint (Memory Churn),java_inventory,java,inventory,warehouse-go:8084,warehouse-go:8084,2026-06-24 13:50:37,2026-06-24T08:20:37Z,1782289237,sustain,1755.0,6621096.0,"{""__name__"": ""go_memstats_heap_alloc_bytes""}"
5,B,The Resource Footprint (Memory Churn),java_inventory,java,inventory,inventory-go-twin:9082,inventory-go-twin:9082,2026-06-24 13:50:52,2026-06-24T08:20:52Z,1782289252,sustain,1770.0,5278528.0,"{""__name__"": ""go_memstats_heap_alloc_bytes""}"
5,B,The Resource Footprint (Memory Churn),java_inventory,java,inventory,order-go-twin:9083,order-go-twin:9083,2026-06-24 13:50:52,2026-06-24T08:20:52Z,1782289252,sustain,1770.0,4159488.0,"{""__name__"": ""go_memstats_heap_alloc_bytes""}"
5,B,The Resource Footprint (Memory Churn),java_inventory,java,inventory,warehouse-go:8084,warehouse-go:8084,2026-06-24 13:50:52,2026-06-24T08:20:52Z,1782289252,sustain,1770.0,4724744.0,"{""__name__"": ""go_memstats_heap_alloc_bytes""}"
5,B,The Resource Footprint (Memory Churn),java_inventory,java,inventory,inventory-go-twin:9082,inventory-go-twin:9082,2026-06-24 13:51:07,2026-06-24T08:21:07Z,1782289267,sustain,1785.0,3379832.0,"{""__name__"": ""go_memstats_heap_alloc_bytes""}"
5,B,The Resource Footprint (Memory Churn),java_inventory,java,inventory,order-go-twin:9083,order-go-twin:9083,2026-06-24 13:51:07,2026-06-24T08:21:07Z,1782289267,sustain,1785.0,4817240.0,"{""__name__"": ""go_memstats_heap_alloc_bytes""}"
5,B,The Resource Footprint (Memory Churn),java_inventory,java,inventory,warehouse-go:8084,warehouse-go:8084,2026-06-24 13:51:07,2026-06-24T08:21:07Z,1782289267,sustain,1785.0,5225080.0,"{""__name__"": ""go_memstats_heap_alloc_bytes""}"
5,B,The Resource Footprint (Memory Churn),java_inventory,java,inventory,inventory-go-twin:9082,inventory-go-twin:9082,2026-06-24 13:51:22,2026-06-24T08:21:22Z,1782289282,cooldown,1800.0,3999512.0,"{""__name__"": ""go_memstats_heap_alloc_bytes""}"
5,B,The Resource Footprint (Memory Churn),java_inventory,java,inventory,order-go-twin:9083,order-go-twin:9083,2026-06-24 13:51:22,2026-06-24T08:21:22Z,1782289282,cooldown,1800.0,5565768.0,"{""__name__"": ""go_memstats_heap_alloc_bytes""}"
5,B,The Resource Footprint (Memory Churn),java_inventory,java,inventory,warehouse-go:8084,warehouse-go:8084,2026-06-24 13:51:22,2026-06-24T08:21:22Z,1782289282,cooldown,1800.0,4570904.0,"{""__name__"": ""go_memstats_heap_alloc_bytes""}"
5,B,The Resource Footprint (Memory Churn),java_inventory,java,inventory,inventory-go-twin:9082,inventory-go-twin:9082,2026-06-24 13:51:37,2026-06-24T08:21:37Z,1782289297,cooldown,1815.0,4738256.0,"{""__name__"": ""go_memstats_heap_alloc_bytes""}"
5,B,The Resource Footprint (Memory Churn),java_inventory,java,inventory,order-go-twin:9083,order-go-twin:9083,2026-06-24 13:51:37,2026-06-24T08:21:37Z,1782289297,cooldown,1815.0,3532392.0,"{""__name__"": ""go_memstats_heap_alloc_bytes""}"
5,B,The Resource Footprint (Memory Churn),java_inventory,java,inventory,warehouse-go:8084,warehouse-go:8084,2026-06-24 13:51:37,2026-06-24T08:21:37Z,1782289297,cooldown,1815.0,6546152.0,"{""__name__"": ""go_memstats_heap_alloc_bytes""}"
5,B,The Resource Footprint (Memory Churn),java_inventory,java,inventory,inventory-go-twin:9082,inventory-go-twin:9082,2026-06-24 13:51:52,2026-06-24T08:21:52Z,1782289312,cooldown,1830.0,3440808.0,"{""__name__"": ""go_memstats_heap_alloc_bytes""}"
5,B,The Resource Footprint (Memory Churn),java_inventory,java,inventory,order-go-twin:9083,order-go-twin:9083,2026-06-24 13:51:52,2026-06-24T08:21:52Z,1782289312,cooldown,1830.0,3937640.0,"{""__name__"": ""go_memstats_heap_alloc_bytes""}"
5,B,The Resource Footprint (Memory Churn),java_inventory,java,inventory,warehouse-go:8084,warehouse-go:8084,2026-06-24 13:51:52,2026-06-24T08:21:52Z,1782289312,cooldown,1830.0,5384656.0,"{""__name__"": ""go_memstats_heap_alloc_bytes""}"
5,B,The Resource Footprint (Memory Churn),java_inventory,java,inventory,inventory-go-twin:9082,inventory-go-twin:9082,2026-06-24 13:52:07,2026-06-24T08:22:07Z,1782289327,cooldown,1845.0,4053272.0,"{""__name__"": ""go_memstats_heap_alloc_bytes""}"
5,B,The Resource Footprint (Memory Churn),java_inventory,java,inventory,order-go-twin:9083,order-go-twin:9083,2026-06-24 13:52:07,2026-06-24T08:22:07Z,1782289327,cooldown,1845.0,4565824.0,"{""__name__"": ""go_memstats_heap_alloc_bytes""}"
5,B,The Resource Footprint (Memory Churn),java_inventory,java,inventory,warehouse-go:8084,warehouse-go:8084,2026-06-24 13:52:07,2026-06-24T08:22:07Z,1782289327,cooldown,1845.0,5858176.0,"{""__name__"": ""go_memstats_heap_alloc_bytes""}"
5,B,The Resource Footprint (Memory Churn),java_inventory,java,inventory,inventory-go-twin:9082,inventory-go-twin:9082,2026-06-24 13:52:22,2026-06-24T08:22:22Z,1782289342,cooldown,1860.0,4837592.0,"{""__name__"": ""go_memstats_heap_alloc_bytes""}"
5,B,The Resource Footprint (Memory Churn),java_inventory,java,inventory,order-go-twin:9083,order-go-twin:9083,2026-06-24 13:52:22,2026-06-24T08:22:22Z,1782289342,cooldown,1860.0,5124416.0,"{""__name__"": ""go_memstats_heap_alloc_bytes""}"
5,B,The Resource Footprint (Memory Churn),java_inventory,java,inventory,warehouse-go:8084,warehouse-go:8084,2026-06-24 13:52:22,2026-06-24T08:22:22Z,1782289342,cooldown,1860.0,5308136.0,"{""__name__"": ""go_memstats_heap_alloc_bytes""}"
5,B,The Resource Footprint (Memory Churn),java_inventory,java,inventory,inventory-go-twin:9082,inventory-go-twin:9082,2026-06-24 13:52:37,2026-06-24T08:22:37Z,1782289357,cooldown,1875.0,5672864.0,"{""__name__"": ""go_memstats_heap_alloc_bytes""}"
5,B,The Resource Footprint (Memory Churn),java_inventory,java,inventory,order-go-twin:9083,order-go-twin:9083,2026-06-24 13:52:37,2026-06-24T08:22:37Z,1782289357,cooldown,1875.0,5802936.0,"{""__name__"": ""go_memstats_heap_alloc_bytes""}"
5,B,The Resource Footprint (Memory Churn),java_inventory,java,inventory,warehouse-go:8084,warehouse-go:8084,2026-06-24 13:52:37,2026-06-24T08:22:37Z,1782289357,cooldown,1875.0,5715592.0,"{""__name__"": ""go_memstats_heap_alloc_bytes""}"
5,B,The Resource Footprint (Memory Churn),java_inventory,java,inventory,inventory-go-twin:9082,inventory-go-twin:9082,2026-06-24 13:52:52,2026-06-24T08:22:52Z,1782289372,cooldown,1890.0,4491312.0,"{""__name__"": ""go_memstats_heap_alloc_bytes""}"
5,B,The Resource Footprint (Memory Churn),java_inventory,java,inventory,order-go-twin:9083,order-go-twin:9083,2026-06-24 13:52:52,2026-06-24T08:22:52Z,1782289372,cooldown,1890.0,3801496.0,"{""__name__"": ""go_memstats_heap_alloc_bytes""}"
5,B,The Resource Footprint (Memory Churn),java_inventory,java,inventory,warehouse-go:8084,warehouse-go:8084,2026-06-24 13:52:52,2026-06-24T08:22:52Z,1782289372,cooldown,1890.0,7114472.0,"{""__name__"": ""go_memstats_heap_alloc_bytes""}"
5,B,The Resource Footprint (Memory Churn),java_inventory,java,inventory,inventory-go-twin:9082,inventory-go-twin:9082,2026-06-24 13:53:07,2026-06-24T08:23:07Z,1782289387,cooldown,1905.0,5181416.0,"{""__name__"": ""go_memstats_heap_alloc_bytes""}"
5,B,The Resource Footprint (Memory Churn),java_inventory,java,inventory,order-go-twin:9083,order-go-twin:9083,2026-06-24 13:53:07,2026-06-24T08:23:07Z,1782289387,cooldown,1905.0,4280480.0,"{""__name__"": ""go_memstats_heap_alloc_bytes""}"
5,B,The Resource Footprint (Memory Churn),java_inventory,java,inventory,warehouse-go:8084,warehouse-go:8084,2026-06-24 13:53:07,2026-06-24T08:23:07Z,1782289387,cooldown,1905.0,5273024.0,"{""__name__"": ""go_memstats_heap_alloc_bytes""}"
5,B,The Resource Footprint (Memory Churn),java_inventory,java,inventory,inventory-go-twin:9082,inventory-go-twin:9082,2026-06-24 13:53:22,2026-06-24T08:23:22Z,1782289402,cooldown,1920.0,3617624.0,"{""__name__"": ""go_memstats_heap_alloc_bytes""}"
5,B,The Resource Footprint (Memory Churn),java_inventory,java,inventory,order-go-twin:9083,order-go-twin:9083,2026-06-24 13:53:22,2026-06-24T08:23:22Z,1782289402,cooldown,1920.0,4970544.0,"{""__name__"": ""go_memstats_heap_alloc_bytes""}"
5,B,The Resource Footprint (Memory Churn),java_inventory,java,inventory,warehouse-go:8084,warehouse-go:8084,2026-06-24 13:53:22,2026-06-24T08:23:22Z,1782289402,cooldown,1920.0,5599904.0,"{""__name__"": ""go_memstats_heap_alloc_bytes""}"
5,B,The Resource Footprint (Memory Churn),java_inventory,java,inventory,inventory-go-twin:9082,inventory-go-twin:9082,2026-06-24 13:53:37,2026-06-24T08:23:37Z,1782289417,cooldown,1935.0,4327000.0,"{""__name__"": ""go_memstats_heap_alloc_bytes""}"
5,B,The Resource Footprint (Memory Churn),java_inventory,java,inventory,order-go-twin:9083,order-go-twin:9083,2026-06-24 13:53:37,2026-06-24T08:23:37Z,1782289417,cooldown,1935.0,5651960.0,"{""__name__"": ""go_memstats_heap_alloc_bytes""}"
5,B,The Resource Footprint (Memory Churn),java_inventory,java,inventory,warehouse-go:8084,warehouse-go:8084,2026-06-24 13:53:37,2026-06-24T08:23:37Z,1782289417,cooldown,1935.0,6059488.0,"{""__name__"": ""go_memstats_heap_alloc_bytes""}"
5,B,The Resource Footprint (Memory Churn),java_inventory,java,inventory,inventory-go-twin:9082,inventory-go-twin:9082,2026-06-24 13:53:52,2026-06-24T08:23:52Z,1782289432,cooldown,1950.0,5141744.0,"{""__name__"": ""go_memstats_heap_alloc_bytes""}"
5,B,The Resource Footprint (Memory Churn),java_inventory,java,inventory,order-go-twin:9083,order-go-twin:9083,2026-06-24 13:53:52,2026-06-24T08:23:52Z,1782289432,cooldown,1950.0,4498736.0,"{""__name__"": ""go_memstats_heap_alloc_bytes""}"
5,B,The Resource Footprint (Memory Churn),java_inventory,java,inventory,warehouse-go:8084,warehouse-go:8084,2026-06-24 13:53:52,2026-06-24T08:23:52Z,1782289432,cooldown,1950.0,7898208.0,"{""__name__"": ""go_memstats_heap_alloc_bytes""}"
5,B,The Resource Footprint (Memory Churn),java_inventory,java,inventory,inventory-go-twin:9082,inventory-go-twin:9082,2026-06-24 13:54:07,2026-06-24T08:24:07Z,1782289447,cooldown,1965.0,4328288.0,"{""__name__"": ""go_memstats_heap_alloc_bytes""}"
5,B,The Resource Footprint (Memory Churn),java_inventory,java,inventory,order-go-twin:9083,order-go-twin:9083,2026-06-24 13:54:07,2026-06-24T08:24:07Z,1782289447,cooldown,1965.0,4962880.0,"{""__name__"": ""go_memstats_heap_alloc_bytes""}"
5,B,The Resource Footprint (Memory Churn),java_inventory,java,inventory,warehouse-go:8084,warehouse-go:8084,2026-06-24 13:54:07,2026-06-24T08:24:07Z,1782289447,cooldown,1965.0,9154912.0,"{""__name__"": ""go_memstats_heap_alloc_bytes""}"
5,B,The Resource Footprint (Memory Churn),java_inventory,java,inventory,inventory-go-twin:9082,inventory-go-twin:9082,2026-06-24 13:54:22,2026-06-24T08:24:22Z,1782289462,cooldown,1980.0,4990648.0,"{""__name__"": ""go_memstats_heap_alloc_bytes""}"
5,B,The Resource Footprint (Memory Churn),java_inventory,java,inventory,order-go-twin:9083,order-go-twin:9083,2026-06-24 13:54:22,2026-06-24T08:24:22Z,1782289462,cooldown,1980.0,5578808.0,"{""__name__"": ""go_memstats_heap_alloc_bytes""}"
5,B,The Resource Footprint (Memory Churn),java_inventory,java,inventory,warehouse-go:8084,warehouse-go:8084,2026-06-24 13:54:22,2026-06-24T08:24:22Z,1782289462,cooldown,1980.0,5328752.0,"{""__name__"": ""go_memstats_heap_alloc_bytes""}"
5,B,The Resource Footprint (Memory Churn),java_inventory,java,inventory,inventory-go-twin:9082,inventory-go-twin:9082,2026-06-24 13:54:37,2026-06-24T08:24:37Z,1782289477,cooldown,1995.0,4484760.0,"{""__name__"": ""go_memstats_heap_alloc_bytes""}"
5,B,The Resource Footprint (Memory Churn),java_inventory,java,inventory,order-go-twin:9083,order-go-twin:9083,2026-06-24 13:54:37,2026-06-24T08:24:37Z,1782289477,cooldown,1995.0,3643560.0,"{""__name__"": ""go_memstats_heap_alloc_bytes""}"
5,B,The Resource Footprint (Memory Churn),java_inventory,java,inventory,warehouse-go:8084,warehouse-go:8084,2026-06-24 13:54:37,2026-06-24T08:24:37Z,1782289477,cooldown,1995.0,5829792.0,"{""__name__"": ""go_memstats_heap_alloc_bytes""}"
5,B,The Resource Footprint (Memory Churn),java_inventory,java,inventory,inventory-go-twin:9082,inventory-go-twin:9082,2026-06-24 13:54:52,2026-06-24T08:24:52Z,1782289492,cooldown,2010.0,5150792.0,"{""__name__"": ""go_memstats_heap_alloc_bytes""}"
5,B,The Resource Footprint (Memory Churn),java_inventory,java,inventory,order-go-twin:9083,order-go-twin:9083,2026-06-24 13:54:52,2026-06-24T08:24:52Z,1782289492,cooldown,2010.0,3990232.0,"{""__name__"": ""go_memstats_heap_alloc_bytes""}"
5,B,The Resource Footprint (Memory Churn),java_inventory,java,inventory,warehouse-go:8084,warehouse-go:8084,2026-06-24 13:54:52,2026-06-24T08:24:52Z,1782289492,cooldown,2010.0,6426848.0,"{""__name__"": ""go_memstats_heap_alloc_bytes""}"
5,B,The Resource Footprint (Memory Churn),java_inventory,java,inventory,inventory-go-twin:9082,inventory-go-twin:9082,2026-06-24 13:55:07,2026-06-24T08:25:07Z,1782289507,cooldown,2025.0,3747064.0,"{""__name__"": ""go_memstats_heap_alloc_bytes""}"
5,B,The Resource Footprint (Memory Churn),java_inventory,java,inventory,order-go-twin:9083,order-go-twin:9083,2026-06-24 13:55:07,2026-06-24T08:25:07Z,1782289507,cooldown,2025.0,4638184.0,"{""__name__"": ""go_memstats_heap_alloc_bytes""}"
5,B,The Resource Footprint (Memory Churn),java_inventory,java,inventory,warehouse-go:8084,warehouse-go:8084,2026-06-24 13:55:07,2026-06-24T08:25:07Z,1782289507,cooldown,2025.0,7045520.0,"{""__name__"": ""go_memstats_heap_alloc_bytes""}"
5,B,The Resource Footprint (Memory Churn),java_inventory,java,inventory,inventory-go-twin:9082,inventory-go-twin:9082,2026-06-24 13:55:22,2026-06-24T08:25:22Z,1782289522,cooldown,2040.0,5225640.0,"{""__name__"": ""go_memstats_heap_alloc_bytes""}"
5,B,The Resource Footprint (Memory Churn),java_inventory,java,inventory,order-go-twin:9083,order-go-twin:9083,2026-06-24 13:55:22,2026-06-24T08:25:22Z,1782289522,cooldown,2040.0,5252256.0,"{""__name__"": ""go_memstats_heap_alloc_bytes""}"
5,B,The Resource Footprint (Memory Churn),java_inventory,java,inventory,warehouse-go:8084,warehouse-go:8084,2026-06-24 13:55:22,2026-06-24T08:25:22Z,1782289522,cooldown,2040.0,4361112.0,"{""__name__"": ""go_memstats_heap_alloc_bytes""}"
5,B,The Resource Footprint (Memory Churn),java_inventory,java,inventory,inventory-go-twin:9082,inventory-go-twin:9082,2026-06-24 13:55:37,2026-06-24T08:25:37Z,1782289537,cooldown,2055.0,3593808.0,"{""__name__"": ""go_memstats_heap_alloc_bytes""}"
5,B,The Resource Footprint (Memory Churn),java_inventory,java,inventory,order-go-twin:9083,order-go-twin:9083,2026-06-24 13:55:37,2026-06-24T08:25:37Z,1782289537,cooldown,2055.0,3603144.0,"{""__name__"": ""go_memstats_heap_alloc_bytes""}"
5,B,The Resource Footprint (Memory Churn),java_inventory,java,inventory,warehouse-go:8084,warehouse-go:8084,2026-06-24 13:55:37,2026-06-24T08:25:37Z,1782289537,cooldown,2055.0,6333224.0,"{""__name__"": ""go_memstats_heap_alloc_bytes""}"
5,B,The Resource Footprint (Memory Churn),java_inventory,java,inventory,inventory-go-twin:9082,inventory-go-twin:9082,2026-06-24 13:55:52,2026-06-24T08:25:52Z,1782289552,cooldown,2070.0,4431488.0,"{""__name__"": ""go_memstats_heap_alloc_bytes""}"
5,B,The Resource Footprint (Memory Churn),java_inventory,java,inventory,order-go-twin:9083,order-go-twin:9083,2026-06-24 13:55:52,2026-06-24T08:25:52Z,1782289552,cooldown,2070.0,3966440.0,"{""__name__"": ""go_memstats_heap_alloc_bytes""}"
5,B,The Resource Footprint (Memory Churn),java_inventory,java,inventory,warehouse-go:8084,warehouse-go:8084,2026-06-24 13:55:52,2026-06-24T08:25:52Z,1782289552,cooldown,2070.0,6042400.0,"{""__name__"": ""go_memstats_heap_alloc_bytes""}"
5,B,The Resource Footprint (Memory Churn),java_inventory,java,inventory,inventory-go-twin:9082,inventory-go-twin:9082,2026-06-24 13:56:07,2026-06-24T08:26:07Z,1782289567,cooldown,2085.0,5064696.0,"{""__name__"": ""go_memstats_heap_alloc_bytes""}"
5,B,The Resource Footprint (Memory Churn),java_inventory,java,inventory,order-go-twin:9083,order-go-twin:9083,2026-06-24 13:56:07,2026-06-24T08:26:07Z,1782289567,cooldown,2085.0,4597976.0,"{""__name__"": ""go_memstats_heap_alloc_bytes""}"
5,B,The Resource Footprint (Memory Churn),java_inventory,java,inventory,warehouse-go:8084,warehouse-go:8084,2026-06-24 13:56:07,2026-06-24T08:26:07Z,1782289567,cooldown,2085.0,7355296.0,"{""__name__"": ""go_memstats_heap_alloc_bytes""}"
5,B,The Resource Footprint (Memory Churn),java_inventory,java,inventory,inventory-go-twin:9082,inventory-go-twin:9082,2026-06-24 13:56:22,2026-06-24T08:26:22Z,1782289582,post_test,2100.0,3550024.0,"{""__name__"": ""go_memstats_heap_alloc_bytes""}"
5,B,The Resource Footprint (Memory Churn),java_inventory,java,inventory,order-go-twin:9083,order-go-twin:9083,2026-06-24 13:56:22,2026-06-24T08:26:22Z,1782289582,post_test,2100.0,5192072.0,"{""__name__"": ""go_memstats_heap_alloc_bytes""}"
5,B,The Resource Footprint (Memory Churn),java_inventory,java,inventory,warehouse-go:8084,warehouse-go:8084,2026-06-24 13:56:22,2026-06-24T08:26:22Z,1782289582,post_test,2100.0,5180456.0,"{""__name__"": ""go_memstats_heap_alloc_bytes""}"
5,B,The Resource Footprint (Memory Churn),java_order,java,order,inventory-go-twin:9082,inventory-go-twin:9082,2026-06-24 12:01:01,2026-06-24T06:31:01Z,1782282661,warmup,0.0,5749952.0,"{""__name__"": ""go_memstats_heap_alloc_bytes""}"
5,B,The Resource Footprint (Memory Churn),java_order,java,order,order-go-twin:9083,order-go-twin:9083,2026-06-24 12:01:01,2026-06-24T06:31:01Z,1782282661,warmup,0.0,5504144.0,"{""__name__"": ""go_memstats_heap_alloc_bytes""}"
5,B,The Resource Footprint (Memory Churn),java_order,java,order,warehouse-go:8084,warehouse-go:8084,2026-06-24 12:01:01,2026-06-24T06:31:01Z,1782282661,warmup,0.0,6748456.0,"{""__name__"": ""go_memstats_heap_alloc_bytes""}"
5,B,The Resource Footprint (Memory Churn),java_order,java,order,inventory-go-twin:9082,inventory-go-twin:9082,2026-06-24 12:01:16,2026-06-24T06:31:16Z,1782282676,warmup,15.0,3699464.0,"{""__name__"": ""go_memstats_heap_alloc_bytes""}"
5,B,The Resource Footprint (Memory Churn),java_order,java,order,order-go-twin:9083,order-go-twin:9083,2026-06-24 12:01:16,2026-06-24T06:31:16Z,1782282676,warmup,15.0,6116560.0,"{""__name__"": ""go_memstats_heap_alloc_bytes""}"
5,B,The Resource Footprint (Memory Churn),java_order,java,order,warehouse-go:8084,warehouse-go:8084,2026-06-24 12:01:16,2026-06-24T06:31:16Z,1782282676,warmup,15.0,7989496.0,"{""__name__"": ""go_memstats_heap_alloc_bytes""}"
5,B,The Resource Footprint (Memory Churn),java_order,java,order,inventory-go-twin:9082,inventory-go-twin:9082,2026-06-24 12:01:31,2026-06-24T06:31:31Z,1782282691,warmup,30.0,5117960.0,"{""__name__"": ""go_memstats_heap_alloc_bytes""}"
5,B,The Resource Footprint (Memory Churn),java_order,java,order,order-go-twin:9083,order-go-twin:9083,2026-06-24 12:01:31,2026-06-24T06:31:31Z,1782282691,warmup,30.0,4024592.0,"{""__name__"": ""go_memstats_heap_alloc_bytes""}"
5,B,The Resource Footprint (Memory Churn),java_order,java,order,warehouse-go:8084,warehouse-go:8084,2026-06-24 12:01:31,2026-06-24T06:31:31Z,1782282691,warmup,30.0,5074752.0,"{""__name__"": ""go_memstats_heap_alloc_bytes""}"
5,B,The Resource Footprint (Memory Churn),java_order,java,order,inventory-go-twin:9082,inventory-go-twin:9082,2026-06-24 12:01:46,2026-06-24T06:31:46Z,1782282706,warmup,45.0,5830256.0,"{""__name__"": ""go_memstats_heap_alloc_bytes""}"
5,B,The Resource Footprint (Memory Churn),java_order,java,order,order-go-twin:9083,order-go-twin:9083,2026-06-24 12:01:46,2026-06-24T06:31:46Z,1782282706,warmup,45.0,4450144.0,"{""__name__"": ""go_memstats_heap_alloc_bytes""}"
5,B,The Resource Footprint (Memory Churn),java_order,java,order,warehouse-go:8084,warehouse-go:8084,2026-06-24 12:01:46,2026-06-24T06:31:46Z,1782282706,warmup,45.0,5802992.0,"{""__name__"": ""go_memstats_heap_alloc_bytes""}"
5,B,The Resource Footprint (Memory Churn),java_order,java,order,inventory-go-twin:9082,inventory-go-twin:9082,2026-06-24 12:02:01,2026-06-24T06:32:01Z,1782282721,warmup,60.0,3964968.0,"{""__name__"": ""go_memstats_heap_alloc_bytes""}"
5,B,The Resource Footprint (Memory Churn),java_order,java,order,order-go-twin:9083,order-go-twin:9083,2026-06-24 12:02:01,2026-06-24T06:32:01Z,1782282721,warmup,60.0,5102960.0,"{""__name__"": ""go_memstats_heap_alloc_bytes""}"
5,B,The Resource Footprint (Memory Churn),java_order,java,order,warehouse-go:8084,warehouse-go:8084,2026-06-24 12:02:01,2026-06-24T06:32:01Z,1782282721,warmup,60.0,5600344.0,"{""__name__"": ""go_memstats_heap_alloc_bytes""}"
5,B,The Resource Footprint (Memory Churn),java_order,java,order,inventory-go-twin:9082,inventory-go-twin:9082,2026-06-24 12:02:16,2026-06-24T06:32:16Z,1782282736,warmup,75.0,4718704.0,"{""__name__"": ""go_memstats_heap_alloc_bytes""}"
5,B,The Resource Footprint (Memory Churn),java_order,java,order,order-go-twin:9083,order-go-twin:9083,2026-06-24 12:02:16,2026-06-24T06:32:16Z,1782282736,warmup,75.0,5786088.0,"{""__name__"": ""go_memstats_heap_alloc_bytes""}"
5,B,The Resource Footprint (Memory Churn),java_order,java,order,warehouse-go:8084,warehouse-go:8084,2026-06-24 12:02:16,2026-06-24T06:32:16Z,1782282736,warmup,75.0,5727696.0,"{""__name__"": ""go_memstats_heap_alloc_bytes""}"
5,B,The Resource Footprint (Memory Churn),java_order,java,order,inventory-go-twin:9082,inventory-go-twin:9082,2026-06-24 12:02:31,2026-06-24T06:32:31Z,1782282751,warmup,90.0,5460280.0,"{""__name__"": ""go_memstats_heap_alloc_bytes""}"
5,B,The Resource Footprint (Memory Churn),java_order,java,order,order-go-twin:9083,order-go-twin:9083,2026-06-24 12:02:31,2026-06-24T06:32:31Z,1782282751,warmup,90.0,3961304.0,"{""__name__"": ""go_memstats_heap_alloc_bytes""}"
5,B,The Resource Footprint (Memory Churn),java_order,java,order,warehouse-go:8084,warehouse-go:8084,2026-06-24 12:02:31,2026-06-24T06:32:31Z,1782282751,warmup,90.0,4755032.0,"{""__name__"": ""go_memstats_heap_alloc_bytes""}"
5,B,The Resource Footprint (Memory Churn),java_order,java,order,inventory-go-twin:9082,inventory-go-twin:9082,2026-06-24 12:02:46,2026-06-24T06:32:46Z,1782282766,warmup,105.0,3559568.0,"{""__name__"": ""go_memstats_heap_alloc_bytes""}"
5,B,The Resource Footprint (Memory Churn),java_order,java,order,order-go-twin:9083,order-go-twin:9083,2026-06-24 12:02:46,2026-06-24T06:32:46Z,1782282766,warmup,105.0,4331176.0,"{""__name__"": ""go_memstats_heap_alloc_bytes""}"
5,B,The Resource Footprint (Memory Churn),java_order,java,order,warehouse-go:8084,warehouse-go:8084,2026-06-24 12:02:46,2026-06-24T06:32:46Z,1782282766,warmup,105.0,4827392.0,"{""__name__"": ""go_memstats_heap_alloc_bytes""}"
5,B,The Resource Footprint (Memory Churn),java_order,java,order,inventory-go-twin:9082,inventory-go-twin:9082,2026-06-24 12:03:01,2026-06-24T06:33:01Z,1782282781,warmup,120.0,4151208.0,"{""__name__"": ""go_memstats_heap_alloc_bytes""}"
5,B,The Resource Footprint (Memory Churn),java_order,java,order,order-go-twin:9083,order-go-twin:9083,2026-06-24 12:03:01,2026-06-24T06:33:01Z,1782282781,warmup,120.0,4912872.0,"{""__name__"": ""go_memstats_heap_alloc_bytes""}"
5,B,The Resource Footprint (Memory Churn),java_order,java,order,warehouse-go:8084,warehouse-go:8084,2026-06-24 12:03:01,2026-06-24T06:33:01Z,1782282781,warmup,120.0,6213672.0,"{""__name__"": ""go_memstats_heap_alloc_bytes""}"
5,B,The Resource Footprint (Memory Churn),java_order,java,order,inventory-go-twin:9082,inventory-go-twin:9082,2026-06-24 12:03:16,2026-06-24T06:33:16Z,1782282796,warmup,135.0,4984104.0,"{""__name__"": ""go_memstats_heap_alloc_bytes""}"
5,B,The Resource Footprint (Memory Churn),java_order,java,order,order-go-twin:9083,order-go-twin:9083,2026-06-24 12:03:16,2026-06-24T06:33:16Z,1782282796,warmup,135.0,5581784.0,"{""__name__"": ""go_memstats_heap_alloc_bytes""}"
5,B,The Resource Footprint (Memory Churn),java_order,java,order,warehouse-go:8084,warehouse-go:8084,2026-06-24 12:03:16,2026-06-24T06:33:16Z,1782282796,warmup,135.0,4668744.0,"{""__name__"": ""go_memstats_heap_alloc_bytes""}"
5,B,The Resource Footprint (Memory Churn),java_order,java,order,inventory-go-twin:9082,inventory-go-twin:9082,2026-06-24 12:03:31,2026-06-24T06:33:31Z,1782282811,warmup,150.0,5652848.0,"{""__name__"": ""go_memstats_heap_alloc_bytes""}"
5,B,The Resource Footprint (Memory Churn),java_order,java,order,order-go-twin:9083,order-go-twin:9083,2026-06-24 12:03:31,2026-06-24T06:33:31Z,1782282811,warmup,150.0,6242592.0,"{""__name__"": ""go_memstats_heap_alloc_bytes""}"
5,B,The Resource Footprint (Memory Churn),java_order,java,order,warehouse-go:8084,warehouse-go:8084,2026-06-24 12:03:31,2026-06-24T06:33:31Z,1782282811,warmup,150.0,3287896.0,"{""__name__"": ""go_memstats_heap_alloc_bytes""}"
5,B,The Resource Footprint (Memory Churn),java_order,java,order,inventory-go-twin:9082,inventory-go-twin:9082,2026-06-24 12:03:46,2026-06-24T06:33:46Z,1782282826,warmup,165.0,3781088.0,"{""__name__"": ""go_memstats_heap_alloc_bytes""}"
5,B,The Resource Footprint (Memory Churn),java_order,java,order,order-go-twin:9083,order-go-twin:9083,2026-06-24 12:03:46,2026-06-24T06:33:46Z,1782282826,warmup,165.0,4196952.0,"{""__name__"": ""go_memstats_heap_alloc_bytes""}"
5,B,The Resource Footprint (Memory Churn),java_order,java,order,warehouse-go:8084,warehouse-go:8084,2026-06-24 12:03:46,2026-06-24T06:33:46Z,1782282826,warmup,165.0,2767720.0,"{""__name__"": ""go_memstats_heap_alloc_bytes""}"
5,B,The Resource Footprint (Memory Churn),java_order,java,order,inventory-go-twin:9082,inventory-go-twin:9082,2026-06-24 12:04:01,2026-06-24T06:34:01Z,1782282841,warmup,180.0,5226312.0,"{""__name__"": ""go_memstats_heap_alloc_bytes""}"
5,B,The Resource Footprint (Memory Churn),java_order,java,order,order-go-twin:9083,order-go-twin:9083,2026-06-24 12:04:01,2026-06-24T06:34:01Z,1782282841,warmup,180.0,4756720.0,"{""__name__"": ""go_memstats_heap_alloc_bytes""}"
5,B,The Resource Footprint (Memory Churn),java_order,java,order,warehouse-go:8084,warehouse-go:8084,2026-06-24 12:04:01,2026-06-24T06:34:01Z,1782282841,warmup,180.0,4228384.0,"{""__name__"": ""go_memstats_heap_alloc_bytes""}"
5,B,The Resource Footprint (Memory Churn),java_order,java,order,inventory-go-twin:9082,inventory-go-twin:9082,2026-06-24 12:04:16,2026-06-24T06:34:16Z,1782282856,warmup,195.0,5962632.0,"{""__name__"": ""go_memstats_heap_alloc_bytes""}"
5,B,The Resource Footprint (Memory Churn),java_order,java,order,order-go-twin:9083,order-go-twin:9083,2026-06-24 12:04:16,2026-06-24T06:34:16Z,1782282856,warmup,195.0,5348368.0,"{""__name__"": ""go_memstats_heap_alloc_bytes""}"
5,B,The Resource Footprint (Memory Churn),java_order,java,order,warehouse-go:8084,warehouse-go:8084,2026-06-24 12:04:16,2026-06-24T06:34:16Z,1782282856,warmup,195.0,4843192.0,"{""__name__"": ""go_memstats_heap_alloc_bytes""}"
5,B,The Resource Footprint (Memory Churn),java_order,java,order,inventory-go-twin:9082,inventory-go-twin:9082,2026-06-24 12:04:31,2026-06-24T06:34:31Z,1782282871,warmup,210.0,3910976.0,"{""__name__"": ""go_memstats_heap_alloc_bytes""}"
5,B,The Resource Footprint (Memory Churn),java_order,java,order,order-go-twin:9083,order-go-twin:9083,2026-06-24 12:04:31,2026-06-24T06:34:31Z,1782282871,warmup,210.0,6044912.0,"{""__name__"": ""go_memstats_heap_alloc_bytes""}"
5,B,The Resource Footprint (Memory Churn),java_order,java,order,warehouse-go:8084,warehouse-go:8084,2026-06-24 12:04:31,2026-06-24T06:34:31Z,1782282871,warmup,210.0,3838528.0,"{""__name__"": ""go_memstats_heap_alloc_bytes""}"
5,B,The Resource Footprint (Memory Churn),java_order,java,order,inventory-go-twin:9082,inventory-go-twin:9082,2026-06-24 12:04:46,2026-06-24T06:34:46Z,1782282886,warmup,225.0,4565576.0,"{""__name__"": ""go_memstats_heap_alloc_bytes""}"
5,B,The Resource Footprint (Memory Churn),java_order,java,order,order-go-twin:9083,order-go-twin:9083,2026-06-24 12:04:46,2026-06-24T06:34:46Z,1782282886,warmup,225.0,4060600.0,"{""__name__"": ""go_memstats_heap_alloc_bytes""}"
5,B,The Resource Footprint (Memory Churn),java_order,java,order,warehouse-go:8084,warehouse-go:8084,2026-06-24 12:04:46,2026-06-24T06:34:46Z,1782282886,warmup,225.0,2239472.0,"{""__name__"": ""go_memstats_heap_alloc_bytes""}"
5,B,The Resource Footprint (Memory Churn),java_order,java,order,inventory-go-twin:9082,inventory-go-twin:9082,2026-06-24 12:05:01,2026-06-24T06:35:01Z,1782282901,warmup,240.0,5322664.0,"{""__name__"": ""go_memstats_heap_alloc_bytes""}"
5,B,The Resource Footprint (Memory Churn),java_order,java,order,order-go-twin:9083,order-go-twin:9083,2026-06-24 12:05:01,2026-06-24T06:35:01Z,1782282901,warmup,240.0,4539464.0,"{""__name__"": ""go_memstats_heap_alloc_bytes""}"
5,B,The Resource Footprint (Memory Churn),java_order,java,order,warehouse-go:8084,warehouse-go:8084,2026-06-24 12:05:01,2026-06-24T06:35:01Z,1782282901,warmup,240.0,3420872.0,"{""__name__"": ""go_memstats_heap_alloc_bytes""}"
5,B,The Resource Footprint (Memory Churn),java_order,java,order,inventory-go-twin:9082,inventory-go-twin:9082,2026-06-24 12:05:16,2026-06-24T06:35:16Z,1782282916,warmup,255.0,3646824.0,"{""__name__"": ""go_memstats_heap_alloc_bytes""}"
5,B,The Resource Footprint (Memory Churn),java_order,java,order,order-go-twin:9083,order-go-twin:9083,2026-06-24 12:05:16,2026-06-24T06:35:16Z,1782282916,warmup,255.0,5098120.0,"{""__name__"": ""go_memstats_heap_alloc_bytes""}"
5,B,The Resource Footprint (Memory Churn),java_order,java,order,warehouse-go:8084,warehouse-go:8084,2026-06-24 12:05:16,2026-06-24T06:35:16Z,1782282916,warmup,255.0,2992872.0,"{""__name__"": ""go_memstats_heap_alloc_bytes""}"
5,B,The Resource Footprint (Memory Churn),java_order,java,order,inventory-go-twin:9082,inventory-go-twin:9082,2026-06-24 12:05:31,2026-06-24T06:35:31Z,1782282931,warmup,270.0,4184368.0,"{""__name__"": ""go_memstats_heap_alloc_bytes""}"
5,B,The Resource Footprint (Memory Churn),java_order,java,order,order-go-twin:9083,order-go-twin:9083,2026-06-24 12:05:31,2026-06-24T06:35:31Z,1782282931,warmup,270.0,5816144.0,"{""__name__"": ""go_memstats_heap_alloc_bytes""}"
5,B,The Resource Footprint (Memory Churn),java_order,java,order,warehouse-go:8084,warehouse-go:8084,2026-06-24 12:05:31,2026-06-24T06:35:31Z,1782282931,warmup,270.0,2078792.0,"{""__name__"": ""go_memstats_heap_alloc_bytes""}"
5,B,The Resource Footprint (Memory Churn),java_order,java,order,inventory-go-twin:9082,inventory-go-twin:9082,2026-06-24 12:05:46,2026-06-24T06:35:46Z,1782282946,warmup,285.0,4861088.0,"{""__name__"": ""go_memstats_heap_alloc_bytes""}"
5,B,The Resource Footprint (Memory Churn),java_order,java,order,order-go-twin:9083,order-go-twin:9083,2026-06-24 12:05:46,2026-06-24T06:35:46Z,1782282946,warmup,285.0,3934800.0,"{""__name__"": ""go_memstats_heap_alloc_bytes""}"
5,B,The Resource Footprint (Memory Churn),java_order,java,order,warehouse-go:8084,warehouse-go:8084,2026-06-24 12:05:46,2026-06-24T06:35:46Z,1782282946,warmup,285.0,2875176.0,"{""__name__"": ""go_memstats_heap_alloc_bytes""}"
5,B,The Resource Footprint (Memory Churn),java_order,java,order,inventory-go-twin:9082,inventory-go-twin:9082,2026-06-24 12:06:01,2026-06-24T06:36:01Z,1782282961,ramp_1,300.0,5705728.0,"{""__name__"": ""go_memstats_heap_alloc_bytes""}"
5,B,The Resource Footprint (Memory Churn),java_order,java,order,order-go-twin:9083,order-go-twin:9083,2026-06-24 12:06:01,2026-06-24T06:36:01Z,1782282961,ramp_1,300.0,4287712.0,"{""__name__"": ""go_memstats_heap_alloc_bytes""}"
5,B,The Resource Footprint (Memory Churn),java_order,java,order,warehouse-go:8084,warehouse-go:8084,2026-06-24 12:06:01,2026-06-24T06:36:01Z,1782282961,ramp_1,300.0,3603528.0,"{""__name__"": ""go_memstats_heap_alloc_bytes""}"
5,B,The Resource Footprint (Memory Churn),java_order,java,order,inventory-go-twin:9082,inventory-go-twin:9082,2026-06-24 12:06:16,2026-06-24T06:36:16Z,1782282976,ramp_1,315.0,3719216.0,"{""__name__"": ""go_memstats_heap_alloc_bytes""}"
5,B,The Resource Footprint (Memory Churn),java_order,java,order,order-go-twin:9083,order-go-twin:9083,2026-06-24 12:06:16,2026-06-24T06:36:16Z,1782282976,ramp_1,315.0,4873392.0,"{""__name__"": ""go_memstats_heap_alloc_bytes""}"
5,B,The Resource Footprint (Memory Churn),java_order,java,order,warehouse-go:8084,warehouse-go:8084,2026-06-24 12:06:16,2026-06-24T06:36:16Z,1782282976,ramp_1,315.0,3400176.0,"{""__name__"": ""go_memstats_heap_alloc_bytes""}"
5,B,The Resource Footprint (Memory Churn),java_order,java,order,inventory-go-twin:9082,inventory-go-twin:9082,2026-06-24 12:06:31,2026-06-24T06:36:31Z,1782282991,ramp_1,330.0,5142720.0,"{""__name__"": ""go_memstats_heap_alloc_bytes""}"
5,B,The Resource Footprint (Memory Churn),java_order,java,order,order-go-twin:9083,order-go-twin:9083,2026-06-24 12:06:31,2026-06-24T06:36:31Z,1782282991,ramp_1,330.0,5550384.0,"{""__name__"": ""go_memstats_heap_alloc_bytes""}"
5,B,The Resource Footprint (Memory Churn),java_order,java,order,warehouse-go:8084,warehouse-go:8084,2026-06-24 12:06:31,2026-06-24T06:36:31Z,1782282991,ramp_1,330.0,4373992.0,"{""__name__"": ""go_memstats_heap_alloc_bytes""}"
5,B,The Resource Footprint (Memory Churn),java_order,java,order,inventory-go-twin:9082,inventory-go-twin:9082,2026-06-24 12:06:46,2026-06-24T06:36:46Z,1782283006,ramp_1,345.0,5904728.0,"{""__name__"": ""go_memstats_heap_alloc_bytes""}"
5,B,The Resource Footprint (Memory Churn),java_order,java,order,order-go-twin:9083,order-go-twin:9083,2026-06-24 12:06:46,2026-06-24T06:36:46Z,1782283006,ramp_1,345.0,6188464.0,"{""__name__"": ""go_memstats_heap_alloc_bytes""}"
5,B,The Resource Footprint (Memory Churn),java_order,java,order,warehouse-go:8084,warehouse-go:8084,2026-06-24 12:06:46,2026-06-24T06:36:46Z,1782283006,ramp_1,345.0,2341984.0,"{""__name__"": ""go_memstats_heap_alloc_bytes""}"
5,B,The Resource Footprint (Memory Churn),java_order,java,order,inventory-go-twin:9082,inventory-go-twin:9082,2026-06-24 12:07:01,2026-06-24T06:37:01Z,1782283021,ramp_1,360.0,3989792.0,"{""__name__"": ""go_memstats_heap_alloc_bytes""}"
5,B,The Resource Footprint (Memory Churn),java_order,java,order,order-go-twin:9083,order-go-twin:9083,2026-06-24 12:07:01,2026-06-24T06:37:01Z,1782283021,ramp_1,360.0,3942352.0,"{""__name__"": ""go_memstats_heap_alloc_bytes""}"
5,B,The Resource Footprint (Memory Churn),java_order,java,order,warehouse-go:8084,warehouse-go:8084,2026-06-24 12:07:01,2026-06-24T06:37:01Z,1782283021,ramp_1,360.0,2633712.0,"{""__name__"": ""go_memstats_heap_alloc_bytes""}"
5,B,The Resource Footprint (Memory Churn),java_order,java,order,inventory-go-twin:9082,inventory-go-twin:9082,2026-06-24 12:07:16,2026-06-24T06:37:16Z,1782283036,ramp_1,375.0,4755152.0,"{""__name__"": ""go_memstats_heap_alloc_bytes""}"
5,B,The Resource Footprint (Memory Churn),java_order,java,order,order-go-twin:9083,order-go-twin:9083,2026-06-24 12:07:16,2026-06-24T06:37:16Z,1782283036,ramp_1,375.0,4308048.0,"{""__name__"": ""go_memstats_heap_alloc_bytes""}"
5,B,The Resource Footprint (Memory Churn),java_order,java,order,warehouse-go:8084,warehouse-go:8084,2026-06-24 12:07:16,2026-06-24T06:37:16Z,1782283036,ramp_1,375.0,2360712.0,"{""__name__"": ""go_memstats_heap_alloc_bytes""}"
5,B,The Resource Footprint (Memory Churn),java_order,java,order,inventory-go-twin:9082,inventory-go-twin:9082,2026-06-24 12:07:31,2026-06-24T06:37:31Z,1782283051,ramp_1,390.0,5418704.0,"{""__name__"": ""go_memstats_heap_alloc_bytes""}"
5,B,The Resource Footprint (Memory Churn),java_order,java,order,order-go-twin:9083,order-go-twin:9083,2026-06-24 12:07:31,2026-06-24T06:37:31Z,1782283051,ramp_1,390.0,4865744.0,"{""__name__"": ""go_memstats_heap_alloc_bytes""}"
5,B,The Resource Footprint (Memory Churn),java_order,java,order,warehouse-go:8084,warehouse-go:8084,2026-06-24 12:07:31,2026-06-24T06:37:31Z,1782283051,ramp_1,390.0,2522112.0,"{""__name__"": ""go_memstats_heap_alloc_bytes""}"
5,B,The Resource Footprint (Memory Churn),java_order,java,order,inventory-go-twin:9082,inventory-go-twin:9082,2026-06-24 12:07:46,2026-06-24T06:37:46Z,1782283066,ramp_1,405.0,3569824.0,"{""__name__"": ""go_memstats_heap_alloc_bytes""}"
5,B,The Resource Footprint (Memory Churn),java_order,java,order,order-go-twin:9083,order-go-twin:9083,2026-06-24 12:07:46,2026-06-24T06:37:46Z,1782283066,ramp_1,405.0,5598088.0,"{""__name__"": ""go_memstats_heap_alloc_bytes""}"
5,B,The Resource Footprint (Memory Churn),java_order,java,order,warehouse-go:8084,warehouse-go:8084,2026-06-24 12:07:46,2026-06-24T06:37:46Z,1782283066,ramp_1,405.0,2837992.0,"{""__name__"": ""go_memstats_heap_alloc_bytes""}"
5,B,The Resource Footprint (Memory Churn),java_order,java,order,inventory-go-twin:9082,inventory-go-twin:9082,2026-06-24 12:08:01,2026-06-24T06:38:01Z,1782283081,ramp_1,420.0,4861328.0,"{""__name__"": ""go_memstats_heap_alloc_bytes""}"
5,B,The Resource Footprint (Memory Churn),java_order,java,order,order-go-twin:9083,order-go-twin:9083,2026-06-24 12:08:01,2026-06-24T06:38:01Z,1782283081,ramp_1,420.0,6246616.0,"{""__name__"": ""go_memstats_heap_alloc_bytes""}"
5,B,The Resource Footprint (Memory Churn),java_order,java,order,warehouse-go:8084,warehouse-go:8084,2026-06-24 12:08:01,2026-06-24T06:38:01Z,1782283081,ramp_1,420.0,2879128.0,"{""__name__"": ""go_memstats_heap_alloc_bytes""}"
5,B,The Resource Footprint (Memory Churn),java_order,java,order,inventory-go-twin:9082,inventory-go-twin:9082,2026-06-24 12:08:16,2026-06-24T06:38:16Z,1782283096,ramp_1,435.0,5629560.0,"{""__name__"": ""go_memstats_heap_alloc_bytes""}"
5,B,The Resource Footprint (Memory Churn),java_order,java,order,order-go-twin:9083,order-go-twin:9083,2026-06-24 12:08:16,2026-06-24T06:38:16Z,1782283096,ramp_1,435.0,6841448.0,"{""__name__"": ""go_memstats_heap_alloc_bytes""}"
5,B,The Resource Footprint (Memory Churn),java_order,java,order,warehouse-go:8084,warehouse-go:8084,2026-06-24 12:08:16,2026-06-24T06:38:16Z,1782283096,ramp_1,435.0,2768056.0,"{""__name__"": ""go_memstats_heap_alloc_bytes""}"
5,B,The Resource Footprint (Memory Churn),java_order,java,order,inventory-go-twin:9082,inventory-go-twin:9082,2026-06-24 12:08:31,2026-06-24T06:38:31Z,1782283111,ramp_1,450.0,3772712.0,"{""__name__"": ""go_memstats_heap_alloc_bytes""}"
5,B,The Resource Footprint (Memory Churn),java_order,java,order,order-go-twin:9083,order-go-twin:9083,2026-06-24 12:08:31,2026-06-24T06:38:31Z,1782283111,ramp_1,450.0,4151752.0,"{""__name__"": ""go_memstats_heap_alloc_bytes""}"
5,B,The Resource Footprint (Memory Churn),java_order,java,order,warehouse-go:8084,warehouse-go:8084,2026-06-24 12:08:31,2026-06-24T06:38:31Z,1782283111,ramp_1,450.0,2531248.0,"{""__name__"": ""go_memstats_heap_alloc_bytes""}"
5,B,The Resource Footprint (Memory Churn),java_order,java,order,inventory-go-twin:9082,inventory-go-twin:9082,2026-06-24 12:08:46,2026-06-24T06:38:46Z,1782283126,ramp_1,465.0,4376536.0,"{""__name__"": ""go_memstats_heap_alloc_bytes""}"
5,B,The Resource Footprint (Memory Churn),java_order,java,order,order-go-twin:9083,order-go-twin:9083,2026-06-24 12:08:46,2026-06-24T06:38:46Z,1782283126,ramp_1,465.0,4685040.0,"{""__name__"": ""go_memstats_heap_alloc_bytes""}"
5,B,The Resource Footprint (Memory Churn),java_order,java,order,warehouse-go:8084,warehouse-go:8084,2026-06-24 12:08:46,2026-06-24T06:38:46Z,1782283126,ramp_1,465.0,2699256.0,"{""__name__"": ""go_memstats_heap_alloc_bytes""}"
5,B,The Resource Footprint (Memory Churn),java_order,java,order,inventory-go-twin:9082,inventory-go-twin:9082,2026-06-24 12:09:01,2026-06-24T06:39:01Z,1782283141,ramp_1,480.0,5101264.0,"{""__name__"": ""go_memstats_heap_alloc_bytes""}"
5,B,The Resource Footprint (Memory Churn),java_order,java,order,order-go-twin:9083,order-go-twin:9083,2026-06-24 12:09:01,2026-06-24T06:39:01Z,1782283141,ramp_1,480.0,5348368.0,"{""__name__"": ""go_memstats_heap_alloc_bytes""}"
5,B,The Resource Footprint (Memory Churn),java_order,java,order,warehouse-go:8084,warehouse-go:8084,2026-06-24 12:09:01,2026-06-24T06:39:01Z,1782283141,ramp_1,480.0,2589160.0,"{""__name__"": ""go_memstats_heap_alloc_bytes""}"
5,B,The Resource Footprint (Memory Churn),java_order,java,order,inventory-go-twin:9082,inventory-go-twin:9082,2026-06-24 12:09:16,2026-06-24T06:39:16Z,1782283156,ramp_1,495.0,5927992.0,"{""__name__"": ""go_memstats_heap_alloc_bytes""}"
5,B,The Resource Footprint (Memory Churn),java_order,java,order,order-go-twin:9083,order-go-twin:9083,2026-06-24 12:09:16,2026-06-24T06:39:16Z,1782283156,ramp_1,495.0,6102080.0,"{""__name__"": ""go_memstats_heap_alloc_bytes""}"
5,B,The Resource Footprint (Memory Churn),java_order,java,order,warehouse-go:8084,warehouse-go:8084,2026-06-24 12:09:16,2026-06-24T06:39:16Z,1782283156,ramp_1,495.0,2651792.0,"{""__name__"": ""go_memstats_heap_alloc_bytes""}"
5,B,The Resource Footprint (Memory Churn),java_order,java,order,inventory-go-twin:9082,inventory-go-twin:9082,2026-06-24 12:09:31,2026-06-24T06:39:31Z,1782283171,ramp_1,510.0,3951000.0,"{""__name__"": ""go_memstats_heap_alloc_bytes""}"
5,B,The Resource Footprint (Memory Churn),java_order,java,order,order-go-twin:9083,order-go-twin:9083,2026-06-24 12:09:31,2026-06-24T06:39:31Z,1782283171,ramp_1,510.0,3975656.0,"{""__name__"": ""go_memstats_heap_alloc_bytes""}"
5,B,The Resource Footprint (Memory Churn),java_order,java,order,warehouse-go:8084,warehouse-go:8084,2026-06-24 12:09:31,2026-06-24T06:39:31Z,1782283171,ramp_1,510.0,2733096.0,"{""__name__"": ""go_memstats_heap_alloc_bytes""}"
5,B,The Resource Footprint (Memory Churn),java_order,java,order,inventory-go-twin:9082,inventory-go-twin:9082,2026-06-24 12:09:46,2026-06-24T06:39:46Z,1782283186,ramp_1,525.0,4704952.0,"{""__name__"": ""go_memstats_heap_alloc_bytes""}"
5,B,The Resource Footprint (Memory Churn),java_order,java,order,order-go-twin:9083,order-go-twin:9083,2026-06-24 12:09:46,2026-06-24T06:39:46Z,1782283186,ramp_1,525.0,4352152.0,"{""__name__"": ""go_memstats_heap_alloc_bytes""}"
5,B,The Resource Footprint (Memory Churn),java_order,java,order,warehouse-go:8084,warehouse-go:8084,2026-06-24 12:09:46,2026-06-24T06:39:46Z,1782283186,ramp_1,525.0,3195560.0,"{""__name__"": ""go_memstats_heap_alloc_bytes""}"
5,B,The Resource Footprint (Memory Churn),java_order,java,order,inventory-go-twin:9082,inventory-go-twin:9082,2026-06-24 12:10:01,2026-06-24T06:40:01Z,1782283201,ramp_1,540.0,5437400.0,"{""__name__"": ""go_memstats_heap_alloc_bytes""}"
5,B,The Resource Footprint (Memory Churn),java_order,java,order,order-go-twin:9083,order-go-twin:9083,2026-06-24 12:10:01,2026-06-24T06:40:01Z,1782283201,ramp_1,540.0,4940024.0,"{""__name__"": ""go_memstats_heap_alloc_bytes""}"
5,B,The Resource Footprint (Memory Churn),java_order,java,order,warehouse-go:8084,warehouse-go:8084,2026-06-24 12:10:01,2026-06-24T06:40:01Z,1782283201,ramp_1,540.0,2782928.0,"{""__name__"": ""go_memstats_heap_alloc_bytes""}"
5,B,The Resource Footprint (Memory Churn),java_order,java,order,inventory-go-twin:9082,inventory-go-twin:9082,2026-06-24 12:10:16,2026-06-24T06:40:16Z,1782283216,ramp_1,555.0,3529176.0,"{""__name__"": ""go_memstats_heap_alloc_bytes""}"
5,B,The Resource Footprint (Memory Churn),java_order,java,order,order-go-twin:9083,order-go-twin:9083,2026-06-24 12:10:16,2026-06-24T06:40:16Z,1782283216,ramp_1,555.0,5554752.0,"{""__name__"": ""go_memstats_heap_alloc_bytes""}"
5,B,The Resource Footprint (Memory Churn),java_order,java,order,warehouse-go:8084,warehouse-go:8084,2026-06-24 12:10:16,2026-06-24T06:40:16Z,1782283216,ramp_1,555.0,3106480.0,"{""__name__"": ""go_memstats_heap_alloc_bytes""}"
5,B,The Resource Footprint (Memory Churn),java_order,java,order,inventory-go-twin:9082,inventory-go-twin:9082,2026-06-24 12:10:31,2026-06-24T06:40:31Z,1782283231,ramp_1,570.0,4071720.0,"{""__name__"": ""go_memstats_heap_alloc_bytes""}"
5,B,The Resource Footprint (Memory Churn),java_order,java,order,order-go-twin:9083,order-go-twin:9083,2026-06-24 12:10:31,2026-06-24T06:40:31Z,1782283231,ramp_1,570.0,6218800.0,"{""__name__"": ""go_memstats_heap_alloc_bytes""}"
5,B,The Resource Footprint (Memory Churn),java_order,java,order,warehouse-go:8084,warehouse-go:8084,2026-06-24 12:10:31,2026-06-24T06:40:31Z,1782283231,ramp_1,570.0,2706872.0,"{""__name__"": ""go_memstats_heap_alloc_bytes""}"
5,B,The Resource Footprint (Memory Churn),java_order,java,order,inventory-go-twin:9082,inventory-go-twin:9082,2026-06-24 12:10:46,2026-06-24T06:40:46Z,1782283246,ramp_1,585.0,5548296.0,"{""__name__"": ""go_memstats_heap_alloc_bytes""}"
5,B,The Resource Footprint (Memory Churn),java_order,java,order,order-go-twin:9083,order-go-twin:9083,2026-06-24 12:10:46,2026-06-24T06:40:46Z,1782283246,ramp_1,585.0,4065040.0,"{""__name__"": ""go_memstats_heap_alloc_bytes""}"
5,B,The Resource Footprint (Memory Churn),java_order,java,order,warehouse-go:8084,warehouse-go:8084,2026-06-24 12:10:46,2026-06-24T06:40:46Z,1782283246,ramp_1,585.0,2668760.0,"{""__name__"": ""go_memstats_heap_alloc_bytes""}"
5,B,The Resource Footprint (Memory Churn),java_order,java,order,inventory-go-twin:9082,inventory-go-twin:9082,2026-06-24 12:11:01,2026-06-24T06:41:01Z,1782283261,ramp_2,600.0,3791056.0,"{""__name__"": ""go_memstats_heap_alloc_bytes""}"
5,B,The Resource Footprint (Memory Churn),java_order,java,order,order-go-twin:9083,order-go-twin:9083,2026-06-24 12:11:01,2026-06-24T06:41:01Z,1782283261,ramp_2,600.0,4521120.0,"{""__name__"": ""go_memstats_heap_alloc_bytes""}"
5,B,The Resource Footprint (Memory Churn),java_order,java,order,warehouse-go:8084,warehouse-go:8084,2026-06-24 12:11:01,2026-06-24T06:41:01Z,1782283261,ramp_2,600.0,2870600.0,"{""__name__"": ""go_memstats_heap_alloc_bytes""}"
5,B,The Resource Footprint (Memory Churn),java_order,java,order,inventory-go-twin:9082,inventory-go-twin:9082,2026-06-24 12:11:16,2026-06-24T06:41:16Z,1782283276,ramp_2,615.0,4416264.0,"{""__name__"": ""go_memstats_heap_alloc_bytes""}"
5,B,The Resource Footprint (Memory Churn),java_order,java,order,order-go-twin:9083,order-go-twin:9083,2026-06-24 12:11:16,2026-06-24T06:41:16Z,1782283276,ramp_2,615.0,5131728.0,"{""__name__"": ""go_memstats_heap_alloc_bytes""}"
5,B,The Resource Footprint (Memory Churn),java_order,java,order,warehouse-go:8084,warehouse-go:8084,2026-06-24 12:11:16,2026-06-24T06:41:16Z,1782283276,ramp_2,615.0,2925512.0,"{""__name__"": ""go_memstats_heap_alloc_bytes""}"
5,B,The Resource Footprint (Memory Churn),java_order,java,order,inventory-go-twin:9082,inventory-go-twin:9082,2026-06-24 12:11:31,2026-06-24T06:41:31Z,1782283291,ramp_2,630.0,5186288.0,"{""__name__"": ""go_memstats_heap_alloc_bytes""}"
5,B,The Resource Footprint (Memory Churn),java_order,java,order,order-go-twin:9083,order-go-twin:9083,2026-06-24 12:11:31,2026-06-24T06:41:31Z,1782283291,ramp_2,630.0,5870648.0,"{""__name__"": ""go_memstats_heap_alloc_bytes""}"
5,B,The Resource Footprint (Memory Churn),java_order,java,order,warehouse-go:8084,warehouse-go:8084,2026-06-24 12:11:31,2026-06-24T06:41:31Z,1782283291,ramp_2,630.0,2908216.0,"{""__name__"": ""go_memstats_heap_alloc_bytes""}"
5,B,The Resource Footprint (Memory Churn),java_order,java,order,inventory-go-twin:9082,inventory-go-twin:9082,2026-06-24 12:11:46,2026-06-24T06:41:46Z,1782283306,ramp_2,645.0,6013640.0,"{""__name__"": ""go_memstats_heap_alloc_bytes""}"
5,B,The Resource Footprint (Memory Churn),java_order,java,order,order-go-twin:9083,order-go-twin:9083,2026-06-24 12:11:46,2026-06-24T06:41:46Z,1782283306,ramp_2,645.0,6470904.0,"{""__name__"": ""go_memstats_heap_alloc_bytes""}"
5,B,The Resource Footprint (Memory Churn),java_order,java,order,warehouse-go:8084,warehouse-go:8084,2026-06-24 12:11:46,2026-06-24T06:41:46Z,1782283306,ramp_2,645.0,3390616.0,"{""__name__"": ""go_memstats_heap_alloc_bytes""}"
5,B,The Resource Footprint (Memory Churn),java_order,java,order,inventory-go-twin:9082,inventory-go-twin:9082,2026-06-24 12:12:01,2026-06-24T06:42:01Z,1782283321,ramp_2,660.0,3465968.0,"{""__name__"": ""go_memstats_heap_alloc_bytes""}"
5,B,The Resource Footprint (Memory Churn),java_order,java,order,order-go-twin:9083,order-go-twin:9083,2026-06-24 12:12:01,2026-06-24T06:42:01Z,1782283321,ramp_2,660.0,4150360.0,"{""__name__"": ""go_memstats_heap_alloc_bytes""}"
5,B,The Resource Footprint (Memory Churn),java_order,java,order,warehouse-go:8084,warehouse-go:8084,2026-06-24 12:12:01,2026-06-24T06:42:01Z,1782283321,ramp_2,660.0,3419880.0,"{""__name__"": ""go_memstats_heap_alloc_bytes""}"
5,B,The Resource Footprint (Memory Churn),java_order,java,order,inventory-go-twin:9082,inventory-go-twin:9082,2026-06-24 12:12:16,2026-06-24T06:42:16Z,1782283336,ramp_2,675.0,3973360.0,"{""__name__"": ""go_memstats_heap_alloc_bytes""}"
5,B,The Resource Footprint (Memory Churn),java_order,java,order,order-go-twin:9083,order-go-twin:9083,2026-06-24 12:12:16,2026-06-24T06:42:16Z,1782283336,ramp_2,675.0,4705688.0,"{""__name__"": ""go_memstats_heap_alloc_bytes""}"
5,B,The Resource Footprint (Memory Churn),java_order,java,order,warehouse-go:8084,warehouse-go:8084,2026-06-24 12:12:16,2026-06-24T06:42:16Z,1782283336,ramp_2,675.0,3452768.0,"{""__name__"": ""go_memstats_heap_alloc_bytes""}"
5,B,The Resource Footprint (Memory Churn),java_order,java,order,inventory-go-twin:9082,inventory-go-twin:9082,2026-06-24 12:12:31,2026-06-24T06:42:31Z,1782283351,ramp_2,690.0,4654064.0,"{""__name__"": ""go_memstats_heap_alloc_bytes""}"
5,B,The Resource Footprint (Memory Churn),java_order,java,order,order-go-twin:9083,order-go-twin:9083,2026-06-24 12:12:31,2026-06-24T06:42:31Z,1782283351,ramp_2,690.0,5241208.0,"{""__name__"": ""go_memstats_heap_alloc_bytes""}"
5,B,The Resource Footprint (Memory Churn),java_order,java,order,warehouse-go:8084,warehouse-go:8084,2026-06-24 12:12:31,2026-06-24T06:42:31Z,1782283351,ramp_2,690.0,3444952.0,"{""__name__"": ""go_memstats_heap_alloc_bytes""}"
5,B,The Resource Footprint (Memory Churn),java_order,java,order,inventory-go-twin:9082,inventory-go-twin:9082,2026-06-24 12:12:46,2026-06-24T06:42:46Z,1782283366,ramp_2,705.0,5509720.0,"{""__name__"": ""go_memstats_heap_alloc_bytes""}"
5,B,The Resource Footprint (Memory Churn),java_order,java,order,order-go-twin:9083,order-go-twin:9083,2026-06-24 12:12:46,2026-06-24T06:42:46Z,1782283366,ramp_2,705.0,5990200.0,"{""__name__"": ""go_memstats_heap_alloc_bytes""}"
5,B,The Resource Footprint (Memory Churn),java_order,java,order,warehouse-go:8084,warehouse-go:8084,2026-06-24 12:12:46,2026-06-24T06:42:46Z,1782283366,ramp_2,705.0,3504376.0,"{""__name__"": ""go_memstats_heap_alloc_bytes""}"
5,B,The Resource Footprint (Memory Churn),java_order,java,order,inventory-go-twin:9082,inventory-go-twin:9082,2026-06-24 12:13:01,2026-06-24T06:43:01Z,1782283381,ramp_2,720.0,3803760.0,"{""__name__"": ""go_memstats_heap_alloc_bytes""}"
5,B,The Resource Footprint (Memory Churn),java_order,java,order,order-go-twin:9083,order-go-twin:9083,2026-06-24 12:13:01,2026-06-24T06:43:01Z,1782283381,ramp_2,720.0,3997824.0,"{""__name__"": ""go_memstats_heap_alloc_bytes""}"
5,B,The Resource Footprint (Memory Churn),java_order,java,order,warehouse-go:8084,warehouse-go:8084,2026-06-24 12:13:01,2026-06-24T06:43:01Z,1782283381,ramp_2,720.0,3104848.0,"{""__name__"": ""go_memstats_heap_alloc_bytes""}"
5,B,The Resource Footprint (Memory Churn),java_order,java,order,inventory-go-twin:9082,inventory-go-twin:9082,2026-06-24 12:13:16,2026-06-24T06:43:16Z,1782283396,ramp_2,735.0,4395608.0,"{""__name__"": ""go_memstats_heap_alloc_bytes""}"
5,B,The Resource Footprint (Memory Churn),java_order,java,order,order-go-twin:9083,order-go-twin:9083,2026-06-24 12:13:16,2026-06-24T06:43:16Z,1782283396,ramp_2,735.0,4357712.0,"{""__name__"": ""go_memstats_heap_alloc_bytes""}"
5,B,The Resource Footprint (Memory Churn),java_order,java,order,warehouse-go:8084,warehouse-go:8084,2026-06-24 12:13:16,2026-06-24T06:43:16Z,1782283396,ramp_2,735.0,3065048.0,"{""__name__"": ""go_memstats_heap_alloc_bytes""}"
5,B,The Resource Footprint (Memory Churn),java_order,java,order,inventory-go-twin:9082,inventory-go-twin:9082,2026-06-24 12:13:31,2026-06-24T06:43:31Z,1782283411,ramp_2,750.0,5233664.0,"{""__name__"": ""go_memstats_heap_alloc_bytes""}"
5,B,The Resource Footprint (Memory Churn),java_order,java,order,order-go-twin:9083,order-go-twin:9083,2026-06-24 12:13:31,2026-06-24T06:43:31Z,1782283411,ramp_2,750.0,4964560.0,"{""__name__"": ""go_memstats_heap_alloc_bytes""}"
5,B,The Resource Footprint (Memory Churn),java_order,java,order,warehouse-go:8084,warehouse-go:8084,2026-06-24 12:13:31,2026-06-24T06:43:31Z,1782283411,ramp_2,750.0,4506320.0,"{""__name__"": ""go_memstats_heap_alloc_bytes""}"
5,B,The Resource Footprint (Memory Churn),java_order,java,order,inventory-go-twin:9082,inventory-go-twin:9082,2026-06-24 12:13:46,2026-06-24T06:43:46Z,1782283426,ramp_2,765.0,3610216.0,"{""__name__"": ""go_memstats_heap_alloc_bytes""}"
5,B,The Resource Footprint (Memory Churn),java_order,java,order,order-go-twin:9083,order-go-twin:9083,2026-06-24 12:13:46,2026-06-24T06:43:46Z,1782283426,ramp_2,765.0,5629736.0,"{""__name__"": ""go_memstats_heap_alloc_bytes""}"
5,B,The Resource Footprint (Memory Churn),java_order,java,order,warehouse-go:8084,warehouse-go:8084,2026-06-24 12:13:46,2026-06-24T06:43:46Z,1782283426,ramp_2,765.0,6149080.0,"{""__name__"": ""go_memstats_heap_alloc_bytes""}"
5,B,The Resource Footprint (Memory Churn),java_order,java,order,inventory-go-twin:9082,inventory-go-twin:9082,2026-06-24 12:14:01,2026-06-24T06:44:01Z,1782283441,ramp_2,780.0,4049816.0,"{""__name__"": ""go_memstats_heap_alloc_bytes""}"
5,B,The Resource Footprint (Memory Churn),java_order,java,order,order-go-twin:9083,order-go-twin:9083,2026-06-24 12:14:01,2026-06-24T06:44:01Z,1782283441,ramp_2,780.0,6426984.0,"{""__name__"": ""go_memstats_heap_alloc_bytes""}"
5,B,The Resource Footprint (Memory Churn),java_order,java,order,warehouse-go:8084,warehouse-go:8084,2026-06-24 12:14:01,2026-06-24T06:44:01Z,1782283441,ramp_2,780.0,3342568.0,"{""__name__"": ""go_memstats_heap_alloc_bytes""}"
5,B,The Resource Footprint (Memory Churn),java_order,java,order,inventory-go-twin:9082,inventory-go-twin:9082,2026-06-24 12:14:16,2026-06-24T06:44:16Z,1782283456,ramp_2,795.0,4842040.0,"{""__name__"": ""go_memstats_heap_alloc_bytes""}"
5,B,The Resource Footprint (Memory Churn),java_order,java,order,order-go-twin:9083,order-go-twin:9083,2026-06-24 12:14:16,2026-06-24T06:44:16Z,1782283456,ramp_2,795.0,4052952.0,"{""__name__"": ""go_memstats_heap_alloc_bytes""}"
5,B,The Resource Footprint (Memory Churn),java_order,java,order,warehouse-go:8084,warehouse-go:8084,2026-06-24 12:14:16,2026-06-24T06:44:16Z,1782283456,ramp_2,795.0,3127200.0,"{""__name__"": ""go_memstats_heap_alloc_bytes""}"
5,B,The Resource Footprint (Memory Churn),java_order,java,order,inventory-go-twin:9082,inventory-go-twin:9082,2026-06-24 12:14:31,2026-06-24T06:44:31Z,1782283471,ramp_2,810.0,5539088.0,"{""__name__"": ""go_memstats_heap_alloc_bytes""}"
5,B,The Resource Footprint (Memory Churn),java_order,java,order,order-go-twin:9083,order-go-twin:9083,2026-06-24 12:14:31,2026-06-24T06:44:31Z,1782283471,ramp_2,810.0,4483576.0,"{""__name__"": ""go_memstats_heap_alloc_bytes""}"
5,B,The Resource Footprint (Memory Churn),java_order,java,order,warehouse-go:8084,warehouse-go:8084,2026-06-24 12:14:31,2026-06-24T06:44:31Z,1782283471,ramp_2,810.0,3246248.0,"{""__name__"": ""go_memstats_heap_alloc_bytes""}"
5,B,The Resource Footprint (Memory Churn),java_order,java,order,inventory-go-twin:9082,inventory-go-twin:9082,2026-06-24 12:14:46,2026-06-24T06:44:46Z,1782283486,ramp_2,825.0,3843200.0,"{""__name__"": ""go_memstats_heap_alloc_bytes""}"
5,B,The Resource Footprint (Memory Churn),java_order,java,order,order-go-twin:9083,order-go-twin:9083,2026-06-24 12:14:46,2026-06-24T06:44:46Z,1782283486,ramp_2,825.0,5157824.0,"{""__name__"": ""go_memstats_heap_alloc_bytes""}"
5,B,The Resource Footprint (Memory Churn),java_order,java,order,warehouse-go:8084,warehouse-go:8084,2026-06-24 12:14:46,2026-06-24T06:44:46Z,1782283486,ramp_2,825.0,3187616.0,"{""__name__"": ""go_memstats_heap_alloc_bytes""}"
5,B,The Resource Footprint (Memory Churn),java_order,java,order,inventory-go-twin:9082,inventory-go-twin:9082,2026-06-24 12:15:01,2026-06-24T06:45:01Z,1782283501,ramp_2,840.0,4500040.0,"{""__name__"": ""go_memstats_heap_alloc_bytes""}"
5,B,The Resource Footprint (Memory Churn),java_order,java,order,order-go-twin:9083,order-go-twin:9083,2026-06-24 12:15:01,2026-06-24T06:45:01Z,1782283501,ramp_2,840.0,5806312.0,"{""__name__"": ""go_memstats_heap_alloc_bytes""}"
5,B,The Resource Footprint (Memory Churn),java_order,java,order,warehouse-go:8084,warehouse-go:8084,2026-06-24 12:15:01,2026-06-24T06:45:01Z,1782283501,ramp_2,840.0,5513664.0,"{""__name__"": ""go_memstats_heap_alloc_bytes""}"
5,B,The Resource Footprint (Memory Churn),java_order,java,order,inventory-go-twin:9082,inventory-go-twin:9082,2026-06-24 12:15:16,2026-06-24T06:45:16Z,1782283516,ramp_2,855.0,5346368.0,"{""__name__"": ""go_memstats_heap_alloc_bytes""}"
5,B,The Resource Footprint (Memory Churn),java_order,java,order,order-go-twin:9083,order-go-twin:9083,2026-06-24 12:15:16,2026-06-24T06:45:16Z,1782283516,ramp_2,855.0,6421496.0,"{""__name__"": ""go_memstats_heap_alloc_bytes""}"
5,B,The Resource Footprint (Memory Churn),java_order,java,order,warehouse-go:8084,warehouse-go:8084,2026-06-24 12:15:16,2026-06-24T06:45:16Z,1782283516,ramp_2,855.0,5773488.0,"{""__name__"": ""go_memstats_heap_alloc_bytes""}"
5,B,The Resource Footprint (Memory Churn),java_order,java,order,inventory-go-twin:9082,inventory-go-twin:9082,2026-06-24 12:15:31,2026-06-24T06:45:31Z,1782283531,ramp_2,870.0,3633360.0,"{""__name__"": ""go_memstats_heap_alloc_bytes""}"
5,B,The Resource Footprint (Memory Churn),java_order,java,order,order-go-twin:9083,order-go-twin:9083,2026-06-24 12:15:31,2026-06-24T06:45:31Z,1782283531,ramp_2,870.0,4099408.0,"{""__name__"": ""go_memstats_heap_alloc_bytes""}"
5,B,The Resource Footprint (Memory Churn),java_order,java,order,warehouse-go:8084,warehouse-go:8084,2026-06-24 12:15:31,2026-06-24T06:45:31Z,1782283531,ramp_2,870.0,4938792.0,"{""__name__"": ""go_memstats_heap_alloc_bytes""}"
5,B,The Resource Footprint (Memory Churn),java_order,java,order,inventory-go-twin:9082,inventory-go-twin:9082,2026-06-24 12:15:46,2026-06-24T06:45:46Z,1782283546,ramp_2,885.0,4239776.0,"{""__name__"": ""go_memstats_heap_alloc_bytes""}"
5,B,The Resource Footprint (Memory Churn),java_order,java,order,order-go-twin:9083,order-go-twin:9083,2026-06-24 12:15:46,2026-06-24T06:45:46Z,1782283546,ramp_2,885.0,4548384.0,"{""__name__"": ""go_memstats_heap_alloc_bytes""}"
5,B,The Resource Footprint (Memory Churn),java_order,java,order,warehouse-go:8084,warehouse-go:8084,2026-06-24 12:15:46,2026-06-24T06:45:46Z,1782283546,ramp_2,885.0,4217136.0,"{""__name__"": ""go_memstats_heap_alloc_bytes""}"
5,B,The Resource Footprint (Memory Churn),java_order,java,order,inventory-go-twin:9082,inventory-go-twin:9082,2026-06-24 12:16:01,2026-06-24T06:46:01Z,1782283561,ramp_3,900.0,4976064.0,"{""__name__"": ""go_memstats_heap_alloc_bytes""}"
5,B,The Resource Footprint (Memory Churn),java_order,java,order,order-go-twin:9083,order-go-twin:9083,2026-06-24 12:16:01,2026-06-24T06:46:01Z,1782283561,ramp_3,900.0,5153136.0,"{""__name__"": ""go_memstats_heap_alloc_bytes""}"
5,B,The Resource Footprint (Memory Churn),java_order,java,order,warehouse-go:8084,warehouse-go:8084,2026-06-24 12:16:01,2026-06-24T06:46:01Z,1782283561,ramp_3,900.0,3464480.0,"{""__name__"": ""go_memstats_heap_alloc_bytes""}"
5,B,The Resource Footprint (Memory Churn),java_order,java,order,inventory-go-twin:9082,inventory-go-twin:9082,2026-06-24 12:16:16,2026-06-24T06:46:16Z,1782283576,ramp_3,915.0,3570368.0,"{""__name__"": ""go_memstats_heap_alloc_bytes""}"
5,B,The Resource Footprint (Memory Churn),java_order,java,order,order-go-twin:9083,order-go-twin:9083,2026-06-24 12:16:16,2026-06-24T06:46:16Z,1782283576,ramp_3,915.0,5878192.0,"{""__name__"": ""go_memstats_heap_alloc_bytes""}"
5,B,The Resource Footprint (Memory Churn),java_order,java,order,warehouse-go:8084,warehouse-go:8084,2026-06-24 12:16:16,2026-06-24T06:46:16Z,1782283576,ramp_3,915.0,3257000.0,"{""__name__"": ""go_memstats_heap_alloc_bytes""}"
5,B,The Resource Footprint (Memory Churn),java_order,java,order,inventory-go-twin:9082,inventory-go-twin:9082,2026-06-24 12:16:31,2026-06-24T06:46:31Z,1782283591,ramp_3,930.0,4088352.0,"{""__name__"": ""go_memstats_heap_alloc_bytes""}"
5,B,The Resource Footprint (Memory Churn),java_order,java,order,order-go-twin:9083,order-go-twin:9083,2026-06-24 12:16:31,2026-06-24T06:46:31Z,1782283591,ramp_3,930.0,6514816.0,"{""__name__"": ""go_memstats_heap_alloc_bytes""}"
5,B,The Resource Footprint (Memory Churn),java_order,java,order,warehouse-go:8084,warehouse-go:8084,2026-06-24 12:16:31,2026-06-24T06:46:31Z,1782283591,ramp_3,930.0,4285784.0,"{""__name__"": ""go_memstats_heap_alloc_bytes""}"
5,B,The Resource Footprint (Memory Churn),java_order,java,order,inventory-go-twin:9082,inventory-go-twin:9082,2026-06-24 12:16:46,2026-06-24T06:46:46Z,1782283606,ramp_3,945.0,4905904.0,"{""__name__"": ""go_memstats_heap_alloc_bytes""}"
5,B,The Resource Footprint (Memory Churn),java_order,java,order,order-go-twin:9083,order-go-twin:9083,2026-06-24 12:16:46,2026-06-24T06:46:46Z,1782283606,ramp_3,945.0,4051792.0,"{""__name__"": ""go_memstats_heap_alloc_bytes""}"
5,B,The Resource Footprint (Memory Churn),java_order,java,order,warehouse-go:8084,warehouse-go:8084,2026-06-24 12:16:46,2026-06-24T06:46:46Z,1782283606,ramp_3,945.0,5693640.0,"{""__name__"": ""go_memstats_heap_alloc_bytes""}"
5,B,The Resource Footprint (Memory Churn),java_order,java,order,inventory-go-twin:9082,inventory-go-twin:9082,2026-06-24 12:17:01,2026-06-24T06:47:01Z,1782283621,ramp_3,960.0,5794744.0,"{""__name__"": ""go_memstats_heap_alloc_bytes""}"
5,B,The Resource Footprint (Memory Churn),java_order,java,order,order-go-twin:9083,order-go-twin:9083,2026-06-24 12:17:01,2026-06-24T06:47:01Z,1782283621,ramp_3,960.0,4543456.0,"{""__name__"": ""go_memstats_heap_alloc_bytes""}"
5,B,The Resource Footprint (Memory Churn),java_order,java,order,warehouse-go:8084,warehouse-go:8084,2026-06-24 12:17:01,2026-06-24T06:47:01Z,1782283621,ramp_3,960.0,5717976.0,"{""__name__"": ""go_memstats_heap_alloc_bytes""}"
5,B,The Resource Footprint (Memory Churn),java_order,java,order,inventory-go-twin:9082,inventory-go-twin:9082,2026-06-24 12:17:16,2026-06-24T06:47:16Z,1782283636,ramp_3,975.0,3794808.0,"{""__name__"": ""go_memstats_heap_alloc_bytes""}"
5,B,The Resource Footprint (Memory Churn),java_order,java,order,order-go-twin:9083,order-go-twin:9083,2026-06-24 12:17:16,2026-06-24T06:47:16Z,1782283636,ramp_3,975.0,5209784.0,"{""__name__"": ""go_memstats_heap_alloc_bytes""}"
5,B,The Resource Footprint (Memory Churn),java_order,java,order,warehouse-go:8084,warehouse-go:8084,2026-06-24 12:17:16,2026-06-24T06:47:16Z,1782283636,ramp_3,975.0,6781088.0,"{""__name__"": ""go_memstats_heap_alloc_bytes""}"
5,B,The Resource Footprint (Memory Churn),java_order,java,order,inventory-go-twin:9082,inventory-go-twin:9082,2026-06-24 12:17:31,2026-06-24T06:47:31Z,1782283651,ramp_3,990.0,4416328.0,"{""__name__"": ""go_memstats_heap_alloc_bytes""}"
5,B,The Resource Footprint (Memory Churn),java_order,java,order,order-go-twin:9083,order-go-twin:9083,2026-06-24 12:17:31,2026-06-24T06:47:31Z,1782283651,ramp_3,990.0,5882144.0,"{""__name__"": ""go_memstats_heap_alloc_bytes""}"
5,B,The Resource Footprint (Memory Churn),java_order,java,order,warehouse-go:8084,warehouse-go:8084,2026-06-24 12:17:31,2026-06-24T06:47:31Z,1782283651,ramp_3,990.0,5272776.0,"{""__name__"": ""go_memstats_heap_alloc_bytes""}"
5,B,The Resource Footprint (Memory Churn),java_order,java,order,inventory-go-twin:9082,inventory-go-twin:9082,2026-06-24 12:17:46,2026-06-24T06:47:46Z,1782283666,ramp_3,1005.0,5173416.0,"{""__name__"": ""go_memstats_heap_alloc_bytes""}"
5,B,The Resource Footprint (Memory Churn),java_order,java,order,order-go-twin:9083,order-go-twin:9083,2026-06-24 12:17:46,2026-06-24T06:47:46Z,1782283666,ramp_3,1005.0,3999512.0,"{""__name__"": ""go_memstats_heap_alloc_bytes""}"
5,B,The Resource Footprint (Memory Churn),java_order,java,order,warehouse-go:8084,warehouse-go:8084,2026-06-24 12:17:46,2026-06-24T06:47:46Z,1782283666,ramp_3,1005.0,3265816.0,"{""__name__"": ""go_memstats_heap_alloc_bytes""}"
5,B,The Resource Footprint (Memory Churn),java_order,java,order,inventory-go-twin:9082,inventory-go-twin:9082,2026-06-24 12:18:01,2026-06-24T06:48:01Z,1782283681,ramp_3,1020.0,3476272.0,"{""__name__"": ""go_memstats_heap_alloc_bytes""}"
5,B,The Resource Footprint (Memory Churn),java_order,java,order,order-go-twin:9083,order-go-twin:9083,2026-06-24 12:18:01,2026-06-24T06:48:01Z,1782283681,ramp_3,1020.0,4341528.0,"{""__name__"": ""go_memstats_heap_alloc_bytes""}"
5,B,The Resource Footprint (Memory Churn),java_order,java,order,warehouse-go:8084,warehouse-go:8084,2026-06-24 12:18:01,2026-06-24T06:48:01Z,1782283681,ramp_3,1020.0,3760248.0,"{""__name__"": ""go_memstats_heap_alloc_bytes""}"
5,B,The Resource Footprint (Memory Churn),java_order,java,order,inventory-go-twin:9082,inventory-go-twin:9082,2026-06-24 12:18:16,2026-06-24T06:48:16Z,1782283696,ramp_3,1035.0,4803360.0,"{""__name__"": ""go_memstats_heap_alloc_bytes""}"
5,B,The Resource Footprint (Memory Churn),java_order,java,order,order-go-twin:9083,order-go-twin:9083,2026-06-24 12:18:16,2026-06-24T06:48:16Z,1782283696,ramp_3,1035.0,4978328.0,"{""__name__"": ""go_memstats_heap_alloc_bytes""}"
5,B,The Resource Footprint (Memory Churn),java_order,java,order,warehouse-go:8084,warehouse-go:8084,2026-06-24 12:18:16,2026-06-24T06:48:16Z,1782283696,ramp_3,1035.0,7636704.0,"{""__name__"": ""go_memstats_heap_alloc_bytes""}"
5,B,The Resource Footprint (Memory Churn),java_order,java,order,inventory-go-twin:9082,inventory-go-twin:9082,2026-06-24 12:18:31,2026-06-24T06:48:31Z,1782283711,ramp_3,1050.0,5575824.0,"{""__name__"": ""go_memstats_heap_alloc_bytes""}"
5,B,The Resource Footprint (Memory Churn),java_order,java,order,order-go-twin:9083,order-go-twin:9083,2026-06-24 12:18:31,2026-06-24T06:48:31Z,1782283711,ramp_3,1050.0,5592664.0,"{""__name__"": ""go_memstats_heap_alloc_bytes""}"
5,B,The Resource Footprint (Memory Churn),java_order,java,order,warehouse-go:8084,warehouse-go:8084,2026-06-24 12:18:31,2026-06-24T06:48:31Z,1782283711,ramp_3,1050.0,4149040.0,"{""__name__"": ""go_memstats_heap_alloc_bytes""}"
5,B,The Resource Footprint (Memory Churn),java_order,java,order,inventory-go-twin:9082,inventory-go-twin:9082,2026-06-24 12:18:46,2026-06-24T06:48:46Z,1782283726,ramp_3,1065.0,3602320.0,"{""__name__"": ""go_memstats_heap_alloc_bytes""}"
5,B,The Resource Footprint (Memory Churn),java_order,java,order,order-go-twin:9083,order-go-twin:9083,2026-06-24 12:18:46,2026-06-24T06:48:46Z,1782283726,ramp_3,1065.0,6327344.0,"{""__name__"": ""go_memstats_heap_alloc_bytes""}"
5,B,The Resource Footprint (Memory Churn),java_order,java,order,warehouse-go:8084,warehouse-go:8084,2026-06-24 12:18:46,2026-06-24T06:48:46Z,1782283726,ramp_3,1065.0,5351128.0,"{""__name__"": ""go_memstats_heap_alloc_bytes""}"
5,B,The Resource Footprint (Memory Churn),java_order,java,order,inventory-go-twin:9082,inventory-go-twin:9082,2026-06-24 12:19:01,2026-06-24T06:49:01Z,1782283741,ramp_3,1080.0,4211840.0,"{""__name__"": ""go_memstats_heap_alloc_bytes""}"
5,B,The Resource Footprint (Memory Churn),java_order,java,order,order-go-twin:9083,order-go-twin:9083,2026-06-24 12:19:01,2026-06-24T06:49:01Z,1782283741,ramp_3,1080.0,3980152.0,"{""__name__"": ""go_memstats_heap_alloc_bytes""}"
5,B,The Resource Footprint (Memory Churn),java_order,java,order,warehouse-go:8084,warehouse-go:8084,2026-06-24 12:19:01,2026-06-24T06:49:01Z,1782283741,ramp_3,1080.0,3656608.0,"{""__name__"": ""go_memstats_heap_alloc_bytes""}"
5,B,The Resource Footprint (Memory Churn),java_order,java,order,inventory-go-twin:9082,inventory-go-twin:9082,2026-06-24 12:19:16,2026-06-24T06:49:16Z,1782283756,ramp_3,1095.0,4944200.0,"{""__name__"": ""go_memstats_heap_alloc_bytes""}"
5,B,The Resource Footprint (Memory Churn),java_order,java,order,order-go-twin:9083,order-go-twin:9083,2026-06-24 12:19:16,2026-06-24T06:49:16Z,1782283756,ramp_3,1095.0,4332392.0,"{""__name__"": ""go_memstats_heap_alloc_bytes""}"
5,B,The Resource Footprint (Memory Churn),java_order,java,order,warehouse-go:8084,warehouse-go:8084,2026-06-24 12:19:16,2026-06-24T06:49:16Z,1782283756,ramp_3,1095.0,6461272.0,"{""__name__"": ""go_memstats_heap_alloc_bytes""}"
5,B,The Resource Footprint (Memory Churn),java_order,java,order,inventory-go-twin:9082,inventory-go-twin:9082,2026-06-24 12:19:31,2026-06-24T06:49:31Z,1782283771,ramp_3,1110.0,5865808.0,"{""__name__"": ""go_memstats_heap_alloc_bytes""}"
5,B,The Resource Footprint (Memory Churn),java_order,java,order,order-go-twin:9083,order-go-twin:9083,2026-06-24 12:19:31,2026-06-24T06:49:31Z,1782283771,ramp_3,1110.0,4948448.0,"{""__name__"": ""go_memstats_heap_alloc_bytes""}"
5,B,The Resource Footprint (Memory Churn),java_order,java,order,warehouse-go:8084,warehouse-go:8084,2026-06-24 12:19:31,2026-06-24T06:49:31Z,1782283771,ramp_3,1110.0,3655896.0,"{""__name__"": ""go_memstats_heap_alloc_bytes""}"
5,B,The Resource Footprint (Memory Churn),java_order,java,order,inventory-go-twin:9082,inventory-go-twin:9082,2026-06-24 12:19:46,2026-06-24T06:49:46Z,1782283786,ramp_3,1125.0,3818504.0,"{""__name__"": ""go_memstats_heap_alloc_bytes""}"
5,B,The Resource Footprint (Memory Churn),java_order,java,order,order-go-twin:9083,order-go-twin:9083,2026-06-24 12:19:46,2026-06-24T06:49:46Z,1782283786,ramp_3,1125.0,5573648.0,"{""__name__"": ""go_memstats_heap_alloc_bytes""}"
5,B,The Resource Footprint (Memory Churn),java_order,java,order,warehouse-go:8084,warehouse-go:8084,2026-06-24 12:19:46,2026-06-24T06:49:46Z,1782283786,ramp_3,1125.0,4157936.0,"{""__name__"": ""go_memstats_heap_alloc_bytes""}"
5,B,The Resource Footprint (Memory Churn),java_order,java,order,inventory-go-twin:9082,inventory-go-twin:9082,2026-06-24 12:20:01,2026-06-24T06:50:01Z,1782283801,ramp_3,1140.0,4442504.0,"{""__name__"": ""go_memstats_heap_alloc_bytes""}"
5,B,The Resource Footprint (Memory Churn),java_order,java,order,order-go-twin:9083,order-go-twin:9083,2026-06-24 12:20:01,2026-06-24T06:50:01Z,1782283801,ramp_3,1140.0,6289984.0,"{""__name__"": ""go_memstats_heap_alloc_bytes""}"
5,B,The Resource Footprint (Memory Churn),java_order,java,order,warehouse-go:8084,warehouse-go:8084,2026-06-24 12:20:01,2026-06-24T06:50:01Z,1782283801,ramp_3,1140.0,4303512.0,"{""__name__"": ""go_memstats_heap_alloc_bytes""}"
5,B,The Resource Footprint (Memory Churn),java_order,java,order,inventory-go-twin:9082,inventory-go-twin:9082,2026-06-24 12:20:16,2026-06-24T06:50:16Z,1782283816,ramp_3,1155.0,5221920.0,"{""__name__"": ""go_memstats_heap_alloc_bytes""}"
5,B,The Resource Footprint (Memory Churn),java_order,java,order,order-go-twin:9083,order-go-twin:9083,2026-06-24 12:20:16,2026-06-24T06:50:16Z,1782283816,ramp_3,1155.0,4768480.0,"{""__name__"": ""go_memstats_heap_alloc_bytes""}"
5,B,The Resource Footprint (Memory Churn),java_order,java,order,warehouse-go:8084,warehouse-go:8084,2026-06-24 12:20:16,2026-06-24T06:50:16Z,1782283816,ramp_3,1155.0,5212184.0,"{""__name__"": ""go_memstats_heap_alloc_bytes""}"
5,B,The Resource Footprint (Memory Churn),java_order,java,order,inventory-go-twin:9082,inventory-go-twin:9082,2026-06-24 12:20:31,2026-06-24T06:50:31Z,1782283831,ramp_3,1170.0,3510848.0,"{""__name__"": ""go_memstats_heap_alloc_bytes""}"
5,B,The Resource Footprint (Memory Churn),java_order,java,order,order-go-twin:9083,order-go-twin:9083,2026-06-24 12:20:31,2026-06-24T06:50:31Z,1782283831,ramp_3,1170.0,5241072.0,"{""__name__"": ""go_memstats_heap_alloc_bytes""}"
5,B,The Resource Footprint (Memory Churn),java_order,java,order,warehouse-go:8084,warehouse-go:8084,2026-06-24 12:20:31,2026-06-24T06:50:31Z,1782283831,ramp_3,1170.0,4468848.0,"{""__name__"": ""go_memstats_heap_alloc_bytes""}"
5,B,The Resource Footprint (Memory Churn),java_order,java,order,inventory-go-twin:9082,inventory-go-twin:9082,2026-06-24 12:20:46,2026-06-24T06:50:46Z,1782283846,ramp_3,1185.0,4121648.0,"{""__name__"": ""go_memstats_heap_alloc_bytes""}"
5,B,The Resource Footprint (Memory Churn),java_order,java,order,order-go-twin:9083,order-go-twin:9083,2026-06-24 12:20:46,2026-06-24T06:50:46Z,1782283846,ramp_3,1185.0,5827824.0,"{""__name__"": ""go_memstats_heap_alloc_bytes""}"
5,B,The Resource Footprint (Memory Churn),java_order,java,order,warehouse-go:8084,warehouse-go:8084,2026-06-24 12:20:46,2026-06-24T06:50:46Z,1782283846,ramp_3,1185.0,4360536.0,"{""__name__"": ""go_memstats_heap_alloc_bytes""}"
5,B,The Resource Footprint (Memory Churn),java_order,java,order,inventory-go-twin:9082,inventory-go-twin:9082,2026-06-24 12:21:01,2026-06-24T06:51:01Z,1782283861,sustain,1200.0,4864640.0,"{""__name__"": ""go_memstats_heap_alloc_bytes""}"
5,B,The Resource Footprint (Memory Churn),java_order,java,order,order-go-twin:9083,order-go-twin:9083,2026-06-24 12:21:01,2026-06-24T06:51:01Z,1782283861,sustain,1200.0,3756952.0,"{""__name__"": ""go_memstats_heap_alloc_bytes""}"
5,B,The Resource Footprint (Memory Churn),java_order,java,order,warehouse-go:8084,warehouse-go:8084,2026-06-24 12:21:01,2026-06-24T06:51:01Z,1782283861,sustain,1200.0,4741096.0,"{""__name__"": ""go_memstats_heap_alloc_bytes""}"
5,B,The Resource Footprint (Memory Churn),java_order,java,order,inventory-go-twin:9082,inventory-go-twin:9082,2026-06-24 12:21:16,2026-06-24T06:51:16Z,1782283876,sustain,1215.0,5482056.0,"{""__name__"": ""go_memstats_heap_alloc_bytes""}"
5,B,The Resource Footprint (Memory Churn),java_order,java,order,order-go-twin:9083,order-go-twin:9083,2026-06-24 12:21:16,2026-06-24T06:51:16Z,1782283876,sustain,1215.0,4955880.0,"{""__name__"": ""go_memstats_heap_alloc_bytes""}"
5,B,The Resource Footprint (Memory Churn),java_order,java,order,warehouse-go:8084,warehouse-go:8084,2026-06-24 12:21:16,2026-06-24T06:51:16Z,1782283876,sustain,1215.0,4953736.0,"{""__name__"": ""go_memstats_heap_alloc_bytes""}"
5,B,The Resource Footprint (Memory Churn),java_order,java,order,inventory-go-twin:9082,inventory-go-twin:9082,2026-06-24 12:21:31,2026-06-24T06:51:31Z,1782283891,sustain,1230.0,3544704.0,"{""__name__"": ""go_memstats_heap_alloc_bytes""}"
5,B,The Resource Footprint (Memory Churn),java_order,java,order,order-go-twin:9083,order-go-twin:9083,2026-06-24 12:21:31,2026-06-24T06:51:31Z,1782283891,sustain,1230.0,5520488.0,"{""__name__"": ""go_memstats_heap_alloc_bytes""}"
5,B,The Resource Footprint (Memory Churn),java_order,java,order,warehouse-go:8084,warehouse-go:8084,2026-06-24 12:21:31,2026-06-24T06:51:31Z,1782283891,sustain,1230.0,3912784.0,"{""__name__"": ""go_memstats_heap_alloc_bytes""}"
5,B,The Resource Footprint (Memory Churn),java_order,java,order,inventory-go-twin:9082,inventory-go-twin:9082,2026-06-24 12:21:46,2026-06-24T06:51:46Z,1782283906,sustain,1245.0,4152416.0,"{""__name__"": ""go_memstats_heap_alloc_bytes""}"
5,B,The Resource Footprint (Memory Churn),java_order,java,order,order-go-twin:9083,order-go-twin:9083,2026-06-24 12:21:46,2026-06-24T06:51:46Z,1782283906,sustain,1245.0,6162752.0,"{""__name__"": ""go_memstats_heap_alloc_bytes""}"
5,B,The Resource Footprint (Memory Churn),java_order,java,order,warehouse-go:8084,warehouse-go:8084,2026-06-24 12:21:46,2026-06-24T06:51:46Z,1782283906,sustain,1245.0,5581784.0,"{""__name__"": ""go_memstats_heap_alloc_bytes""}"
5,B,The Resource Footprint (Memory Churn),java_order,java,order,inventory-go-twin:9082,inventory-go-twin:9082,2026-06-24 12:22:01,2026-06-24T06:52:01Z,1782283921,sustain,1260.0,4835064.0,"{""__name__"": ""go_memstats_heap_alloc_bytes""}"
5,B,The Resource Footprint (Memory Churn),java_order,java,order,order-go-twin:9083,order-go-twin:9083,2026-06-24 12:22:01,2026-06-24T06:52:01Z,1782283921,sustain,1260.0,4178176.0,"{""__name__"": ""go_memstats_heap_alloc_bytes""}"
5,B,The Resource Footprint (Memory Churn),java_order,java,order,warehouse-go:8084,warehouse-go:8084,2026-06-24 12:22:01,2026-06-24T06:52:01Z,1782283921,sustain,1260.0,3960912.0,"{""__name__"": ""go_memstats_heap_alloc_bytes""}"
5,B,The Resource Footprint (Memory Churn),java_order,java,order,inventory-go-twin:9082,inventory-go-twin:9082,2026-06-24 12:22:16,2026-06-24T06:52:16Z,1782283936,sustain,1275.0,3805800.0,"{""__name__"": ""go_memstats_heap_alloc_bytes""}"
5,B,The Resource Footprint (Memory Churn),java_order,java,order,order-go-twin:9083,order-go-twin:9083,2026-06-24 12:22:16,2026-06-24T06:52:16Z,1782283936,sustain,1275.0,4798960.0,"{""__name__"": ""go_memstats_heap_alloc_bytes""}"
5,B,The Resource Footprint (Memory Churn),java_order,java,order,warehouse-go:8084,warehouse-go:8084,2026-06-24 12:22:16,2026-06-24T06:52:16Z,1782283936,sustain,1275.0,4147064.0,"{""__name__"": ""go_memstats_heap_alloc_bytes""}"
5,B,The Resource Footprint (Memory Churn),java_order,java,order,inventory-go-twin:9082,inventory-go-twin:9082,2026-06-24 12:22:31,2026-06-24T06:52:31Z,1782283951,sustain,1290.0,4287880.0,"{""__name__"": ""go_memstats_heap_alloc_bytes""}"
5,B,The Resource Footprint (Memory Churn),java_order,java,order,order-go-twin:9083,order-go-twin:9083,2026-06-24 12:22:31,2026-06-24T06:52:31Z,1782283951,sustain,1290.0,5376912.0,"{""__name__"": ""go_memstats_heap_alloc_bytes""}"
5,B,The Resource Footprint (Memory Churn),java_order,java,order,warehouse-go:8084,warehouse-go:8084,2026-06-24 12:22:31,2026-06-24T06:52:31Z,1782283951,sustain,1290.0,5603240.0,"{""__name__"": ""go_memstats_heap_alloc_bytes""}"
5,B,The Resource Footprint (Memory Churn),java_order,java,order,inventory-go-twin:9082,inventory-go-twin:9082,2026-06-24 12:22:46,2026-06-24T06:52:46Z,1782283966,sustain,1305.0,5015536.0,"{""__name__"": ""go_memstats_heap_alloc_bytes""}"
5,B,The Resource Footprint (Memory Churn),java_order,java,order,order-go-twin:9083,order-go-twin:9083,2026-06-24 12:22:46,2026-06-24T06:52:46Z,1782283966,sustain,1305.0,6046128.0,"{""__name__"": ""go_memstats_heap_alloc_bytes""}"
5,B,The Resource Footprint (Memory Churn),java_order,java,order,warehouse-go:8084,warehouse-go:8084,2026-06-24 12:22:46,2026-06-24T06:52:46Z,1782283966,sustain,1305.0,4588824.0,"{""__name__"": ""go_memstats_heap_alloc_bytes""}"
5,B,The Resource Footprint (Memory Churn),java_order,java,order,inventory-go-twin:9082,inventory-go-twin:9082,2026-06-24 12:23:01,2026-06-24T06:53:01Z,1782283981,sustain,1320.0,3716000.0,"{""__name__"": ""go_memstats_heap_alloc_bytes""}"
5,B,The Resource Footprint (Memory Churn),java_order,java,order,order-go-twin:9083,order-go-twin:9083,2026-06-24 12:23:01,2026-06-24T06:53:01Z,1782283981,sustain,1320.0,6701064.0,"{""__name__"": ""go_memstats_heap_alloc_bytes""}"
5,B,The Resource Footprint (Memory Churn),java_order,java,order,warehouse-go:8084,warehouse-go:8084,2026-06-24 12:23:01,2026-06-24T06:53:01Z,1782283981,sustain,1320.0,6091304.0,"{""__name__"": ""go_memstats_heap_alloc_bytes""}"
5,B,The Resource Footprint (Memory Churn),java_order,java,order,inventory-go-twin:9082,inventory-go-twin:9082,2026-06-24 12:23:16,2026-06-24T06:53:16Z,1782283996,sustain,1335.0,4342776.0,"{""__name__"": ""go_memstats_heap_alloc_bytes""}"
5,B,The Resource Footprint (Memory Churn),java_order,java,order,order-go-twin:9083,order-go-twin:9083,2026-06-24 12:23:16,2026-06-24T06:53:16Z,1782283996,sustain,1335.0,4124072.0,"{""__name__"": ""go_memstats_heap_alloc_bytes""}"
5,B,The Resource Footprint (Memory Churn),java_order,java,order,warehouse-go:8084,warehouse-go:8084,2026-06-24 12:23:16,2026-06-24T06:53:16Z,1782283996,sustain,1335.0,4425960.0,"{""__name__"": ""go_memstats_heap_alloc_bytes""}"
5,B,The Resource Footprint (Memory Churn),java_order,java,order,inventory-go-twin:9082,inventory-go-twin:9082,2026-06-24 12:23:31,2026-06-24T06:53:31Z,1782284011,sustain,1350.0,3501704.0,"{""__name__"": ""go_memstats_heap_alloc_bytes""}"
5,B,The Resource Footprint (Memory Churn),java_order,java,order,order-go-twin:9083,order-go-twin:9083,2026-06-24 12:23:31,2026-06-24T06:53:31Z,1782284011,sustain,1350.0,4610888.0,"{""__name__"": ""go_memstats_heap_alloc_bytes""}"
5,B,The Resource Footprint (Memory Churn),java_order,java,order,warehouse-go:8084,warehouse-go:8084,2026-06-24 12:23:31,2026-06-24T06:53:31Z,1782284011,sustain,1350.0,5372848.0,"{""__name__"": ""go_memstats_heap_alloc_bytes""}"
5,B,The Resource Footprint (Memory Churn),java_order,java,order,inventory-go-twin:9082,inventory-go-twin:9082,2026-06-24 12:23:46,2026-06-24T06:53:46Z,1782284026,sustain,1365.0,4754264.0,"{""__name__"": ""go_memstats_heap_alloc_bytes""}"
5,B,The Resource Footprint (Memory Churn),java_order,java,order,order-go-twin:9083,order-go-twin:9083,2026-06-24 12:23:46,2026-06-24T06:53:46Z,1782284026,sustain,1365.0,5241344.0,"{""__name__"": ""go_memstats_heap_alloc_bytes""}"
5,B,The Resource Footprint (Memory Churn),java_order,java,order,warehouse-go:8084,warehouse-go:8084,2026-06-24 12:23:46,2026-06-24T06:53:46Z,1782284026,sustain,1365.0,5469880.0,"{""__name__"": ""go_memstats_heap_alloc_bytes""}"
5,B,The Resource Footprint (Memory Churn),java_order,java,order,inventory-go-twin:9082,inventory-go-twin:9082,2026-06-24 12:24:01,2026-06-24T06:54:01Z,1782284041,sustain,1380.0,3458504.0,"{""__name__"": ""go_memstats_heap_alloc_bytes""}"
5,B,The Resource Footprint (Memory Churn),java_order,java,order,order-go-twin:9083,order-go-twin:9083,2026-06-24 12:24:01,2026-06-24T06:54:01Z,1782284041,sustain,1380.0,5986960.0,"{""__name__"": ""go_memstats_heap_alloc_bytes""}"
5,B,The Resource Footprint (Memory Churn),java_order,java,order,warehouse-go:8084,warehouse-go:8084,2026-06-24 12:24:01,2026-06-24T06:54:01Z,1782284041,sustain,1380.0,5796104.0,"{""__name__"": ""go_memstats_heap_alloc_bytes""}"
5,B,The Resource Footprint (Memory Churn),java_order,java,order,inventory-go-twin:9082,inventory-go-twin:9082,2026-06-24 12:24:16,2026-06-24T06:54:16Z,1782284056,sustain,1395.0,4191776.0,"{""__name__"": ""go_memstats_heap_alloc_bytes""}"
5,B,The Resource Footprint (Memory Churn),java_order,java,order,order-go-twin:9083,order-go-twin:9083,2026-06-24 12:24:16,2026-06-24T06:54:16Z,1782284056,sustain,1395.0,3762704.0,"{""__name__"": ""go_memstats_heap_alloc_bytes""}"
5,B,The Resource Footprint (Memory Churn),java_order,java,order,warehouse-go:8084,warehouse-go:8084,2026-06-24 12:24:16,2026-06-24T06:54:16Z,1782284056,sustain,1395.0,6259096.0,"{""__name__"": ""go_memstats_heap_alloc_bytes""}"
5,B,The Resource Footprint (Memory Churn),java_order,java,order,inventory-go-twin:9082,inventory-go-twin:9082,2026-06-24 12:24:31,2026-06-24T06:54:31Z,1782284071,sustain,1410.0,4893568.0,"{""__name__"": ""go_memstats_heap_alloc_bytes""}"
5,B,The Resource Footprint (Memory Churn),java_order,java,order,order-go-twin:9083,order-go-twin:9083,2026-06-24 12:24:31,2026-06-24T06:54:31Z,1782284071,sustain,1410.0,4107440.0,"{""__name__"": ""go_memstats_heap_alloc_bytes""}"
5,B,The Resource Footprint (Memory Churn),java_order,java,order,warehouse-go:8084,warehouse-go:8084,2026-06-24 12:24:31,2026-06-24T06:54:31Z,1782284071,sustain,1410.0,4312112.0,"{""__name__"": ""go_memstats_heap_alloc_bytes""}"
5,B,The Resource Footprint (Memory Churn),java_order,java,order,inventory-go-twin:9082,inventory-go-twin:9082,2026-06-24 12:24:46,2026-06-24T06:54:46Z,1782284086,sustain,1425.0,3637520.0,"{""__name__"": ""go_memstats_heap_alloc_bytes""}"
5,B,The Resource Footprint (Memory Churn),java_order,java,order,order-go-twin:9083,order-go-twin:9083,2026-06-24 12:24:46,2026-06-24T06:54:46Z,1782284086,sustain,1425.0,4750544.0,"{""__name__"": ""go_memstats_heap_alloc_bytes""}"
5,B,The Resource Footprint (Memory Churn),java_order,java,order,warehouse-go:8084,warehouse-go:8084,2026-06-24 12:24:46,2026-06-24T06:54:46Z,1782284086,sustain,1425.0,6145992.0,"{""__name__"": ""go_memstats_heap_alloc_bytes""}"
5,B,The Resource Footprint (Memory Churn),java_order,java,order,inventory-go-twin:9082,inventory-go-twin:9082,2026-06-24 12:25:01,2026-06-24T06:55:01Z,1782284101,sustain,1440.0,4302840.0,"{""__name__"": ""go_memstats_heap_alloc_bytes""}"
5,B,The Resource Footprint (Memory Churn),java_order,java,order,order-go-twin:9083,order-go-twin:9083,2026-06-24 12:25:01,2026-06-24T06:55:01Z,1782284101,sustain,1440.0,5350896.0,"{""__name__"": ""go_memstats_heap_alloc_bytes""}"
5,B,The Resource Footprint (Memory Churn),java_order,java,order,warehouse-go:8084,warehouse-go:8084,2026-06-24 12:25:01,2026-06-24T06:55:01Z,1782284101,sustain,1440.0,5535672.0,"{""__name__"": ""go_memstats_heap_alloc_bytes""}"
5,B,The Resource Footprint (Memory Churn),java_order,java,order,inventory-go-twin:9082,inventory-go-twin:9082,2026-06-24 12:25:16,2026-06-24T06:55:16Z,1782284116,sustain,1455.0,5165632.0,"{""__name__"": ""go_memstats_heap_alloc_bytes""}"
5,B,The Resource Footprint (Memory Churn),java_order,java,order,order-go-twin:9083,order-go-twin:9083,2026-06-24 12:25:16,2026-06-24T06:55:16Z,1782284116,sustain,1455.0,6043584.0,"{""__name__"": ""go_memstats_heap_alloc_bytes""}"
5,B,The Resource Footprint (Memory Churn),java_order,java,order,warehouse-go:8084,warehouse-go:8084,2026-06-24 12:25:16,2026-06-24T06:55:16Z,1782284116,sustain,1455.0,4490800.0,"{""__name__"": ""go_memstats_heap_alloc_bytes""}"
5,B,The Resource Footprint (Memory Churn),java_order,java,order,inventory-go-twin:9082,inventory-go-twin:9082,2026-06-24 12:25:31,2026-06-24T06:55:31Z,1782284131,sustain,1470.0,3343256.0,"{""__name__"": ""go_memstats_heap_alloc_bytes""}"
5,B,The Resource Footprint (Memory Churn),java_order,java,order,order-go-twin:9083,order-go-twin:9083,2026-06-24 12:25:31,2026-06-24T06:55:31Z,1782284131,sustain,1470.0,3839976.0,"{""__name__"": ""go_memstats_heap_alloc_bytes""}"
5,B,The Resource Footprint (Memory Churn),java_order,java,order,warehouse-go:8084,warehouse-go:8084,2026-06-24 12:25:31,2026-06-24T06:55:31Z,1782284131,sustain,1470.0,4904376.0,"{""__name__"": ""go_memstats_heap_alloc_bytes""}"
5,B,The Resource Footprint (Memory Churn),java_order,java,order,inventory-go-twin:9082,inventory-go-twin:9082,2026-06-24 12:25:46,2026-06-24T06:55:46Z,1782284146,sustain,1485.0,3838136.0,"{""__name__"": ""go_memstats_heap_alloc_bytes""}"
5,B,The Resource Footprint (Memory Churn),java_order,java,order,order-go-twin:9083,order-go-twin:9083,2026-06-24 12:25:46,2026-06-24T06:55:46Z,1782284146,sustain,1485.0,4400280.0,"{""__name__"": ""go_memstats_heap_alloc_bytes""}"
5,B,The Resource Footprint (Memory Churn),java_order,java,order,warehouse-go:8084,warehouse-go:8084,2026-06-24 12:25:46,2026-06-24T06:55:46Z,1782284146,sustain,1485.0,4712856.0,"{""__name__"": ""go_memstats_heap_alloc_bytes""}"
5,B,The Resource Footprint (Memory Churn),java_order,java,order,inventory-go-twin:9082,inventory-go-twin:9082,2026-06-24 12:26:01,2026-06-24T06:56:01Z,1782284161,sustain,1500.0,4562704.0,"{""__name__"": ""go_memstats_heap_alloc_bytes""}"
5,B,The Resource Footprint (Memory Churn),java_order,java,order,order-go-twin:9083,order-go-twin:9083,2026-06-24 12:26:01,2026-06-24T06:56:01Z,1782284161,sustain,1500.0,5059768.0,"{""__name__"": ""go_memstats_heap_alloc_bytes""}"
5,B,The Resource Footprint (Memory Churn),java_order,java,order,warehouse-go:8084,warehouse-go:8084,2026-06-24 12:26:01,2026-06-24T06:56:01Z,1782284161,sustain,1500.0,4898544.0,"{""__name__"": ""go_memstats_heap_alloc_bytes""}"
5,B,The Resource Footprint (Memory Churn),java_order,java,order,inventory-go-twin:9082,inventory-go-twin:9082,2026-06-24 12:26:16,2026-06-24T06:56:16Z,1782284176,sustain,1515.0,5388184.0,"{""__name__"": ""go_memstats_heap_alloc_bytes""}"
5,B,The Resource Footprint (Memory Churn),java_order,java,order,order-go-twin:9083,order-go-twin:9083,2026-06-24 12:26:16,2026-06-24T06:56:16Z,1782284176,sustain,1515.0,5765576.0,"{""__name__"": ""go_memstats_heap_alloc_bytes""}"
5,B,The Resource Footprint (Memory Churn),java_order,java,order,warehouse-go:8084,warehouse-go:8084,2026-06-24 12:26:16,2026-06-24T06:56:16Z,1782284176,sustain,1515.0,5204440.0,"{""__name__"": ""go_memstats_heap_alloc_bytes""}"
5,B,The Resource Footprint (Memory Churn),java_order,java,order,inventory-go-twin:9082,inventory-go-twin:9082,2026-06-24 12:26:31,2026-06-24T06:56:31Z,1782284191,sustain,1530.0,3648640.0,"{""__name__"": ""go_memstats_heap_alloc_bytes""}"
5,B,The Resource Footprint (Memory Churn),java_order,java,order,order-go-twin:9083,order-go-twin:9083,2026-06-24 12:26:31,2026-06-24T06:56:31Z,1782284191,sustain,1530.0,3757184.0,"{""__name__"": ""go_memstats_heap_alloc_bytes""}"
5,B,The Resource Footprint (Memory Churn),java_order,java,order,warehouse-go:8084,warehouse-go:8084,2026-06-24 12:26:31,2026-06-24T06:56:31Z,1782284191,sustain,1530.0,4355176.0,"{""__name__"": ""go_memstats_heap_alloc_bytes""}"
5,B,The Resource Footprint (Memory Churn),java_order,java,order,inventory-go-twin:9082,inventory-go-twin:9082,2026-06-24 12:26:46,2026-06-24T06:56:46Z,1782284206,sustain,1545.0,4397912.0,"{""__name__"": ""go_memstats_heap_alloc_bytes""}"
5,B,The Resource Footprint (Memory Churn),java_order,java,order,order-go-twin:9083,order-go-twin:9083,2026-06-24 12:26:46,2026-06-24T06:56:46Z,1782284206,sustain,1545.0,4287456.0,"{""__name__"": ""go_memstats_heap_alloc_bytes""}"
5,B,The Resource Footprint (Memory Churn),java_order,java,order,warehouse-go:8084,warehouse-go:8084,2026-06-24 12:26:46,2026-06-24T06:56:46Z,1782284206,sustain,1545.0,5975712.0,"{""__name__"": ""go_memstats_heap_alloc_bytes""}"
5,B,The Resource Footprint (Memory Churn),java_order,java,order,inventory-go-twin:9082,inventory-go-twin:9082,2026-06-24 12:27:01,2026-06-24T06:57:01Z,1782284221,sustain,1560.0,5119392.0,"{""__name__"": ""go_memstats_heap_alloc_bytes""}"
5,B,The Resource Footprint (Memory Churn),java_order,java,order,order-go-twin:9083,order-go-twin:9083,2026-06-24 12:27:01,2026-06-24T06:57:01Z,1782284221,sustain,1560.0,4934880.0,"{""__name__"": ""go_memstats_heap_alloc_bytes""}"
5,B,The Resource Footprint (Memory Churn),java_order,java,order,warehouse-go:8084,warehouse-go:8084,2026-06-24 12:27:01,2026-06-24T06:57:01Z,1782284221,sustain,1560.0,4239720.0,"{""__name__"": ""go_memstats_heap_alloc_bytes""}"
5,B,The Resource Footprint (Memory Churn),java_order,java,order,inventory-go-twin:9082,inventory-go-twin:9082,2026-06-24 12:27:16,2026-06-24T06:57:16Z,1782284236,sustain,1575.0,3454616.0,"{""__name__"": ""go_memstats_heap_alloc_bytes""}"
5,B,The Resource Footprint (Memory Churn),java_order,java,order,order-go-twin:9083,order-go-twin:9083,2026-06-24 12:27:16,2026-06-24T06:57:16Z,1782284236,sustain,1575.0,5617752.0,"{""__name__"": ""go_memstats_heap_alloc_bytes""}"
5,B,The Resource Footprint (Memory Churn),java_order,java,order,warehouse-go:8084,warehouse-go:8084,2026-06-24 12:27:16,2026-06-24T06:57:16Z,1782284236,sustain,1575.0,5300168.0,"{""__name__"": ""go_memstats_heap_alloc_bytes""}"
5,B,The Resource Footprint (Memory Churn),java_order,java,order,inventory-go-twin:9082,inventory-go-twin:9082,2026-06-24 12:27:31,2026-06-24T06:57:31Z,1782284251,sustain,1590.0,4205808.0,"{""__name__"": ""go_memstats_heap_alloc_bytes""}"
5,B,The Resource Footprint (Memory Churn),java_order,java,order,order-go-twin:9083,order-go-twin:9083,2026-06-24 12:27:31,2026-06-24T06:57:31Z,1782284251,sustain,1590.0,3743040.0,"{""__name__"": ""go_memstats_heap_alloc_bytes""}"
5,B,The Resource Footprint (Memory Churn),java_order,java,order,warehouse-go:8084,warehouse-go:8084,2026-06-24 12:27:31,2026-06-24T06:57:31Z,1782284251,sustain,1590.0,4916864.0,"{""__name__"": ""go_memstats_heap_alloc_bytes""}"
5,B,The Resource Footprint (Memory Churn),java_order,java,order,inventory-go-twin:9082,inventory-go-twin:9082,2026-06-24 12:27:46,2026-06-24T06:57:46Z,1782284266,sustain,1605.0,4837064.0,"{""__name__"": ""go_memstats_heap_alloc_bytes""}"
5,B,The Resource Footprint (Memory Churn),java_order,java,order,order-go-twin:9083,order-go-twin:9083,2026-06-24 12:27:46,2026-06-24T06:57:46Z,1782284266,sustain,1605.0,4346768.0,"{""__name__"": ""go_memstats_heap_alloc_bytes""}"
5,B,The Resource Footprint (Memory Churn),java_order,java,order,warehouse-go:8084,warehouse-go:8084,2026-06-24 12:27:46,2026-06-24T06:57:46Z,1782284266,sustain,1605.0,4368376.0,"{""__name__"": ""go_memstats_heap_alloc_bytes""}"
5,B,The Resource Footprint (Memory Churn),java_order,java,order,inventory-go-twin:9082,inventory-go-twin:9082,2026-06-24 12:28:01,2026-06-24T06:58:01Z,1782284281,sustain,1620.0,3304712.0,"{""__name__"": ""go_memstats_heap_alloc_bytes""}"
5,B,The Resource Footprint (Memory Churn),java_order,java,order,order-go-twin:9083,order-go-twin:9083,2026-06-24 12:28:01,2026-06-24T06:58:01Z,1782284281,sustain,1620.0,4934728.0,"{""__name__"": ""go_memstats_heap_alloc_bytes""}"
5,B,The Resource Footprint (Memory Churn),java_order,java,order,warehouse-go:8084,warehouse-go:8084,2026-06-24 12:28:01,2026-06-24T06:58:01Z,1782284281,sustain,1620.0,5592792.0,"{""__name__"": ""go_memstats_heap_alloc_bytes""}"
5,B,The Resource Footprint (Memory Churn),java_order,java,order,inventory-go-twin:9082,inventory-go-twin:9082,2026-06-24 12:28:16,2026-06-24T06:58:16Z,1782284296,sustain,1635.0,3804664.0,"{""__name__"": ""go_memstats_heap_alloc_bytes""}"
5,B,The Resource Footprint (Memory Churn),java_order,java,order,order-go-twin:9083,order-go-twin:9083,2026-06-24 12:28:16,2026-06-24T06:58:16Z,1782284296,sustain,1635.0,5635656.0,"{""__name__"": ""go_memstats_heap_alloc_bytes""}"
5,B,The Resource Footprint (Memory Churn),java_order,java,order,warehouse-go:8084,warehouse-go:8084,2026-06-24 12:28:16,2026-06-24T06:58:16Z,1782284296,sustain,1635.0,4477088.0,"{""__name__"": ""go_memstats_heap_alloc_bytes""}"
5,B,The Resource Footprint (Memory Churn),java_order,java,order,inventory-go-twin:9082,inventory-go-twin:9082,2026-06-24 12:28:31,2026-06-24T06:58:31Z,1782284311,sustain,1650.0,4541720.0,"{""__name__"": ""go_memstats_heap_alloc_bytes""}"
5,B,The Resource Footprint (Memory Churn),java_order,java,order,order-go-twin:9083,order-go-twin:9083,2026-06-24 12:28:31,2026-06-24T06:58:31Z,1782284311,sustain,1650.0,3798304.0,"{""__name__"": ""go_memstats_heap_alloc_bytes""}"
5,B,The Resource Footprint (Memory Churn),java_order,java,order,warehouse-go:8084,warehouse-go:8084,2026-06-24 12:28:31,2026-06-24T06:58:31Z,1782284311,sustain,1650.0,4527880.0,"{""__name__"": ""go_memstats_heap_alloc_bytes""}"
5,B,The Resource Footprint (Memory Churn),java_order,java,order,inventory-go-twin:9082,inventory-go-twin:9082,2026-06-24 12:28:46,2026-06-24T06:58:46Z,1782284326,sustain,1665.0,5341328.0,"{""__name__"": ""go_memstats_heap_alloc_bytes""}"
5,B,The Resource Footprint (Memory Churn),java_order,java,order,order-go-twin:9083,order-go-twin:9083,2026-06-24 12:28:46,2026-06-24T06:58:46Z,1782284326,sustain,1665.0,4339056.0,"{""__name__"": ""go_memstats_heap_alloc_bytes""}"
5,B,The Resource Footprint (Memory Churn),java_order,java,order,warehouse-go:8084,warehouse-go:8084,2026-06-24 12:28:46,2026-06-24T06:58:46Z,1782284326,sustain,1665.0,4787880.0,"{""__name__"": ""go_memstats_heap_alloc_bytes""}"
5,B,The Resource Footprint (Memory Churn),java_order,java,order,inventory-go-twin:9082,inventory-go-twin:9082,2026-06-24 12:29:01,2026-06-24T06:59:01Z,1782284341,sustain,1680.0,3598232.0,"{""__name__"": ""go_memstats_heap_alloc_bytes""}"
5,B,The Resource Footprint (Memory Churn),java_order,java,order,order-go-twin:9083,order-go-twin:9083,2026-06-24 12:29:01,2026-06-24T06:59:01Z,1782284341,sustain,1680.0,4969200.0,"{""__name__"": ""go_memstats_heap_alloc_bytes""}"
5,B,The Resource Footprint (Memory Churn),java_order,java,order,warehouse-go:8084,warehouse-go:8084,2026-06-24 12:29:01,2026-06-24T06:59:01Z,1782284341,sustain,1680.0,4351688.0,"{""__name__"": ""go_memstats_heap_alloc_bytes""}"
5,B,The Resource Footprint (Memory Churn),java_order,java,order,inventory-go-twin:9082,inventory-go-twin:9082,2026-06-24 12:29:16,2026-06-24T06:59:16Z,1782284356,sustain,1695.0,4276928.0,"{""__name__"": ""go_memstats_heap_alloc_bytes""}"
5,B,The Resource Footprint (Memory Churn),java_order,java,order,order-go-twin:9083,order-go-twin:9083,2026-06-24 12:29:16,2026-06-24T06:59:16Z,1782284356,sustain,1695.0,5683800.0,"{""__name__"": ""go_memstats_heap_alloc_bytes""}"
5,B,The Resource Footprint (Memory Churn),java_order,java,order,warehouse-go:8084,warehouse-go:8084,2026-06-24 12:29:16,2026-06-24T06:59:16Z,1782284356,sustain,1695.0,5308872.0,"{""__name__"": ""go_memstats_heap_alloc_bytes""}"
5,B,The Resource Footprint (Memory Churn),java_order,java,order,inventory-go-twin:9082,inventory-go-twin:9082,2026-06-24 12:29:31,2026-06-24T06:59:31Z,1782284371,sustain,1710.0,5085856.0,"{""__name__"": ""go_memstats_heap_alloc_bytes""}"
5,B,The Resource Footprint (Memory Churn),java_order,java,order,order-go-twin:9083,order-go-twin:9083,2026-06-24 12:29:31,2026-06-24T06:59:31Z,1782284371,sustain,1710.0,3754064.0,"{""__name__"": ""go_memstats_heap_alloc_bytes""}"
5,B,The Resource Footprint (Memory Churn),java_order,java,order,warehouse-go:8084,warehouse-go:8084,2026-06-24 12:29:31,2026-06-24T06:59:31Z,1782284371,sustain,1710.0,6658872.0,"{""__name__"": ""go_memstats_heap_alloc_bytes""}"
5,B,The Resource Footprint (Memory Churn),java_order,java,order,inventory-go-twin:9082,inventory-go-twin:9082,2026-06-24 12:29:46,2026-06-24T06:59:46Z,1782284386,sustain,1725.0,3446200.0,"{""__name__"": ""go_memstats_heap_alloc_bytes""}"
5,B,The Resource Footprint (Memory Churn),java_order,java,order,order-go-twin:9083,order-go-twin:9083,2026-06-24 12:29:46,2026-06-24T06:59:46Z,1782284386,sustain,1725.0,4291616.0,"{""__name__"": ""go_memstats_heap_alloc_bytes""}"
5,B,The Resource Footprint (Memory Churn),java_order,java,order,warehouse-go:8084,warehouse-go:8084,2026-06-24 12:29:46,2026-06-24T06:59:46Z,1782284386,sustain,1725.0,4697568.0,"{""__name__"": ""go_memstats_heap_alloc_bytes""}"
5,B,The Resource Footprint (Memory Churn),java_order,java,order,inventory-go-twin:9082,inventory-go-twin:9082,2026-06-24 12:30:01,2026-06-24T07:00:01Z,1782284401,sustain,1740.0,4133880.0,"{""__name__"": ""go_memstats_heap_alloc_bytes""}"
5,B,The Resource Footprint (Memory Churn),java_order,java,order,order-go-twin:9083,order-go-twin:9083,2026-06-24 12:30:01,2026-06-24T07:00:01Z,1782284401,sustain,1740.0,4846312.0,"{""__name__"": ""go_memstats_heap_alloc_bytes""}"
5,B,The Resource Footprint (Memory Churn),java_order,java,order,warehouse-go:8084,warehouse-go:8084,2026-06-24 12:30:01,2026-06-24T07:00:01Z,1782284401,sustain,1740.0,4999008.0,"{""__name__"": ""go_memstats_heap_alloc_bytes""}"
5,B,The Resource Footprint (Memory Churn),java_order,java,order,inventory-go-twin:9082,inventory-go-twin:9082,2026-06-24 12:30:16,2026-06-24T07:00:16Z,1782284416,sustain,1755.0,4782112.0,"{""__name__"": ""go_memstats_heap_alloc_bytes""}"
5,B,The Resource Footprint (Memory Churn),java_order,java,order,order-go-twin:9083,order-go-twin:9083,2026-06-24 12:30:16,2026-06-24T07:00:16Z,1782284416,sustain,1755.0,5480568.0,"{""__name__"": ""go_memstats_heap_alloc_bytes""}"
5,B,The Resource Footprint (Memory Churn),java_order,java,order,warehouse-go:8084,warehouse-go:8084,2026-06-24 12:30:16,2026-06-24T07:00:16Z,1782284416,sustain,1755.0,6497872.0,"{""__name__"": ""go_memstats_heap_alloc_bytes""}"
5,B,The Resource Footprint (Memory Churn),java_order,java,order,inventory-go-twin:9082,inventory-go-twin:9082,2026-06-24 12:30:31,2026-06-24T07:00:31Z,1782284431,sustain,1770.0,3299840.0,"{""__name__"": ""go_memstats_heap_alloc_bytes""}"
5,B,The Resource Footprint (Memory Churn),java_order,java,order,order-go-twin:9083,order-go-twin:9083,2026-06-24 12:30:31,2026-06-24T07:00:31Z,1782284431,sustain,1770.0,3523816.0,"{""__name__"": ""go_memstats_heap_alloc_bytes""}"
5,B,The Resource Footprint (Memory Churn),java_order,java,order,warehouse-go:8084,warehouse-go:8084,2026-06-24 12:30:31,2026-06-24T07:00:31Z,1782284431,sustain,1770.0,5041416.0,"{""__name__"": ""go_memstats_heap_alloc_bytes""}"
5,B,The Resource Footprint (Memory Churn),java_order,java,order,inventory-go-twin:9082,inventory-go-twin:9082,2026-06-24 12:30:46,2026-06-24T07:00:46Z,1782284446,sustain,1785.0,3786336.0,"{""__name__"": ""go_memstats_heap_alloc_bytes""}"
5,B,The Resource Footprint (Memory Churn),java_order,java,order,order-go-twin:9083,order-go-twin:9083,2026-06-24 12:30:46,2026-06-24T07:00:46Z,1782284446,sustain,1785.0,3867224.0,"{""__name__"": ""go_memstats_heap_alloc_bytes""}"
5,B,The Resource Footprint (Memory Churn),java_order,java,order,warehouse-go:8084,warehouse-go:8084,2026-06-24 12:30:46,2026-06-24T07:00:46Z,1782284446,sustain,1785.0,4804472.0,"{""__name__"": ""go_memstats_heap_alloc_bytes""}"
5,B,The Resource Footprint (Memory Churn),java_order,java,order,inventory-go-twin:9082,inventory-go-twin:9082,2026-06-24 12:31:01,2026-06-24T07:01:01Z,1782284461,cooldown,1800.0,4511352.0,"{""__name__"": ""go_memstats_heap_alloc_bytes""}"
5,B,The Resource Footprint (Memory Churn),java_order,java,order,order-go-twin:9083,order-go-twin:9083,2026-06-24 12:31:01,2026-06-24T07:01:01Z,1782284461,cooldown,1800.0,4504640.0,"{""__name__"": ""go_memstats_heap_alloc_bytes""}"
5,B,The Resource Footprint (Memory Churn),java_order,java,order,warehouse-go:8084,warehouse-go:8084,2026-06-24 12:31:01,2026-06-24T07:01:01Z,1782284461,cooldown,1800.0,4775488.0,"{""__name__"": ""go_memstats_heap_alloc_bytes""}"
5,B,The Resource Footprint (Memory Churn),java_order,java,order,inventory-go-twin:9082,inventory-go-twin:9082,2026-06-24 12:31:16,2026-06-24T07:01:16Z,1782284476,cooldown,1815.0,5343808.0,"{""__name__"": ""go_memstats_heap_alloc_bytes""}"
5,B,The Resource Footprint (Memory Churn),java_order,java,order,order-go-twin:9083,order-go-twin:9083,2026-06-24 12:31:16,2026-06-24T07:01:16Z,1782284476,cooldown,1815.0,5125968.0,"{""__name__"": ""go_memstats_heap_alloc_bytes""}"
5,B,The Resource Footprint (Memory Churn),java_order,java,order,warehouse-go:8084,warehouse-go:8084,2026-06-24 12:31:16,2026-06-24T07:01:16Z,1782284476,cooldown,1815.0,5604144.0,"{""__name__"": ""go_memstats_heap_alloc_bytes""}"
5,B,The Resource Footprint (Memory Churn),java_order,java,order,inventory-go-twin:9082,inventory-go-twin:9082,2026-06-24 12:31:31,2026-06-24T07:01:31Z,1782284491,cooldown,1830.0,3778952.0,"{""__name__"": ""go_memstats_heap_alloc_bytes""}"
5,B,The Resource Footprint (Memory Churn),java_order,java,order,order-go-twin:9083,order-go-twin:9083,2026-06-24 12:31:31,2026-06-24T07:01:31Z,1782284491,cooldown,1830.0,5839944.0,"{""__name__"": ""go_memstats_heap_alloc_bytes""}"
5,B,The Resource Footprint (Memory Churn),java_order,java,order,warehouse-go:8084,warehouse-go:8084,2026-06-24 12:31:31,2026-06-24T07:01:31Z,1782284491,cooldown,1830.0,4840008.0,"{""__name__"": ""go_memstats_heap_alloc_bytes""}"
5,B,The Resource Footprint (Memory Churn),java_order,java,order,inventory-go-twin:9082,inventory-go-twin:9082,2026-06-24 12:31:46,2026-06-24T07:01:46Z,1782284506,cooldown,1845.0,4316280.0,"{""__name__"": ""go_memstats_heap_alloc_bytes""}"
5,B,The Resource Footprint (Memory Churn),java_order,java,order,order-go-twin:9083,order-go-twin:9083,2026-06-24 12:31:46,2026-06-24T07:01:46Z,1782284506,cooldown,1845.0,3849800.0,"{""__name__"": ""go_memstats_heap_alloc_bytes""}"
5,B,The Resource Footprint (Memory Churn),java_order,java,order,warehouse-go:8084,warehouse-go:8084,2026-06-24 12:31:46,2026-06-24T07:01:46Z,1782284506,cooldown,1845.0,4428312.0,"{""__name__"": ""go_memstats_heap_alloc_bytes""}"
5,B,The Resource Footprint (Memory Churn),java_order,java,order,inventory-go-twin:9082,inventory-go-twin:9082,2026-06-24 12:32:01,2026-06-24T07:02:01Z,1782284521,cooldown,1860.0,5071928.0,"{""__name__"": ""go_memstats_heap_alloc_bytes""}"
5,B,The Resource Footprint (Memory Churn),java_order,java,order,order-go-twin:9083,order-go-twin:9083,2026-06-24 12:32:01,2026-06-24T07:02:01Z,1782284521,cooldown,1860.0,4382304.0,"{""__name__"": ""go_memstats_heap_alloc_bytes""}"
5,B,The Resource Footprint (Memory Churn),java_order,java,order,warehouse-go:8084,warehouse-go:8084,2026-06-24 12:32:01,2026-06-24T07:02:01Z,1782284521,cooldown,1860.0,5733632.0,"{""__name__"": ""go_memstats_heap_alloc_bytes""}"
5,B,The Resource Footprint (Memory Churn),java_order,java,order,inventory-go-twin:9082,inventory-go-twin:9082,2026-06-24 12:32:16,2026-06-24T07:02:16Z,1782284536,cooldown,1875.0,3441232.0,"{""__name__"": ""go_memstats_heap_alloc_bytes""}"
5,B,The Resource Footprint (Memory Churn),java_order,java,order,order-go-twin:9083,order-go-twin:9083,2026-06-24 12:32:16,2026-06-24T07:02:16Z,1782284536,cooldown,1875.0,5049072.0,"{""__name__"": ""go_memstats_heap_alloc_bytes""}"
5,B,The Resource Footprint (Memory Churn),java_order,java,order,warehouse-go:8084,warehouse-go:8084,2026-06-24 12:32:16,2026-06-24T07:02:16Z,1782284536,cooldown,1875.0,3808936.0,"{""__name__"": ""go_memstats_heap_alloc_bytes""}"
5,B,The Resource Footprint (Memory Churn),java_order,java,order,inventory-go-twin:9082,inventory-go-twin:9082,2026-06-24 12:32:31,2026-06-24T07:02:31Z,1782284551,cooldown,1890.0,4025040.0,"{""__name__"": ""go_memstats_heap_alloc_bytes""}"
5,B,The Resource Footprint (Memory Churn),java_order,java,order,order-go-twin:9083,order-go-twin:9083,2026-06-24 12:32:31,2026-06-24T07:02:31Z,1782284551,cooldown,1890.0,5729792.0,"{""__name__"": ""go_memstats_heap_alloc_bytes""}"
5,B,The Resource Footprint (Memory Churn),java_order,java,order,warehouse-go:8084,warehouse-go:8084,2026-06-24 12:32:31,2026-06-24T07:02:31Z,1782284551,cooldown,1890.0,4712448.0,"{""__name__"": ""go_memstats_heap_alloc_bytes""}"
5,B,The Resource Footprint (Memory Churn),java_order,java,order,inventory-go-twin:9082,inventory-go-twin:9082,2026-06-24 12:32:46,2026-06-24T07:02:46Z,1782284566,cooldown,1905.0,4793192.0,"{""__name__"": ""go_memstats_heap_alloc_bytes""}"
5,B,The Resource Footprint (Memory Churn),java_order,java,order,order-go-twin:9083,order-go-twin:9083,2026-06-24 12:32:46,2026-06-24T07:02:46Z,1782284566,cooldown,1905.0,3664992.0,"{""__name__"": ""go_memstats_heap_alloc_bytes""}"
5,B,The Resource Footprint (Memory Churn),java_order,java,order,warehouse-go:8084,warehouse-go:8084,2026-06-24 12:32:46,2026-06-24T07:02:46Z,1782284566,cooldown,1905.0,4133568.0,"{""__name__"": ""go_memstats_heap_alloc_bytes""}"
5,B,The Resource Footprint (Memory Churn),java_order,java,order,inventory-go-twin:9082,inventory-go-twin:9082,2026-06-24 12:33:01,2026-06-24T07:03:01Z,1782284581,cooldown,1920.0,3307840.0,"{""__name__"": ""go_memstats_heap_alloc_bytes""}"
5,B,The Resource Footprint (Memory Churn),java_order,java,order,order-go-twin:9083,order-go-twin:9083,2026-06-24 12:33:01,2026-06-24T07:03:01Z,1782284581,cooldown,1920.0,4116480.0,"{""__name__"": ""go_memstats_heap_alloc_bytes""}"
5,B,The Resource Footprint (Memory Churn),java_order,java,order,warehouse-go:8084,warehouse-go:8084,2026-06-24 12:33:01,2026-06-24T07:03:01Z,1782284581,cooldown,1920.0,4890640.0,"{""__name__"": ""go_memstats_heap_alloc_bytes""}"
5,B,The Resource Footprint (Memory Churn),java_order,java,order,inventory-go-twin:9082,inventory-go-twin:9082,2026-06-24 12:33:16,2026-06-24T07:03:16Z,1782284596,cooldown,1935.0,3821648.0,"{""__name__"": ""go_memstats_heap_alloc_bytes""}"
5,B,The Resource Footprint (Memory Churn),java_order,java,order,order-go-twin:9083,order-go-twin:9083,2026-06-24 12:33:16,2026-06-24T07:03:16Z,1782284596,cooldown,1935.0,4756896.0,"{""__name__"": ""go_memstats_heap_alloc_bytes""}"
5,B,The Resource Footprint (Memory Churn),java_order,java,order,warehouse-go:8084,warehouse-go:8084,2026-06-24 12:33:16,2026-06-24T07:03:16Z,1782284596,cooldown,1935.0,7589800.0,"{""__name__"": ""go_memstats_heap_alloc_bytes""}"
5,B,The Resource Footprint (Memory Churn),java_order,java,order,inventory-go-twin:9082,inventory-go-twin:9082,2026-06-24 12:33:31,2026-06-24T07:03:31Z,1782284611,cooldown,1950.0,4553544.0,"{""__name__"": ""go_memstats_heap_alloc_bytes""}"
5,B,The Resource Footprint (Memory Churn),java_order,java,order,order-go-twin:9083,order-go-twin:9083,2026-06-24 12:33:31,2026-06-24T07:03:31Z,1782284611,cooldown,1950.0,5408872.0,"{""__name__"": ""go_memstats_heap_alloc_bytes""}"
5,B,The Resource Footprint (Memory Churn),java_order,java,order,warehouse-go:8084,warehouse-go:8084,2026-06-24 12:33:31,2026-06-24T07:03:31Z,1782284611,cooldown,1950.0,4509328.0,"{""__name__"": ""go_memstats_heap_alloc_bytes""}"
5,B,The Resource Footprint (Memory Churn),java_order,java,order,inventory-go-twin:9082,inventory-go-twin:9082,2026-06-24 12:33:46,2026-06-24T07:03:46Z,1782284626,cooldown,1965.0,5310512.0,"{""__name__"": ""go_memstats_heap_alloc_bytes""}"
5,B,The Resource Footprint (Memory Churn),java_order,java,order,order-go-twin:9083,order-go-twin:9083,2026-06-24 12:33:46,2026-06-24T07:03:46Z,1782284626,cooldown,1965.0,3638152.0,"{""__name__"": ""go_memstats_heap_alloc_bytes""}"
5,B,The Resource Footprint (Memory Churn),java_order,java,order,warehouse-go:8084,warehouse-go:8084,2026-06-24 12:33:46,2026-06-24T07:03:46Z,1782284626,cooldown,1965.0,4841136.0,"{""__name__"": ""go_memstats_heap_alloc_bytes""}"
5,B,The Resource Footprint (Memory Churn),java_order,java,order,inventory-go-twin:9082,inventory-go-twin:9082,2026-06-24 12:34:01,2026-06-24T07:04:01Z,1782284641,cooldown,1980.0,4492168.0,"{""__name__"": ""go_memstats_heap_alloc_bytes""}"
5,B,The Resource Footprint (Memory Churn),java_order,java,order,order-go-twin:9083,order-go-twin:9083,2026-06-24 12:34:01,2026-06-24T07:04:01Z,1782284641,cooldown,1980.0,4129368.0,"{""__name__"": ""go_memstats_heap_alloc_bytes""}"
5,B,The Resource Footprint (Memory Churn),java_order,java,order,warehouse-go:8084,warehouse-go:8084,2026-06-24 12:34:01,2026-06-24T07:04:01Z,1782284641,cooldown,1980.0,3797088.0,"{""__name__"": ""go_memstats_heap_alloc_bytes""}"
5,B,The Resource Footprint (Memory Churn),java_order,java,order,inventory-go-twin:9082,inventory-go-twin:9082,2026-06-24 12:34:16,2026-06-24T07:04:16Z,1782284656,cooldown,1995.0,5054168.0,"{""__name__"": ""go_memstats_heap_alloc_bytes""}"
5,B,The Resource Footprint (Memory Churn),java_order,java,order,order-go-twin:9083,order-go-twin:9083,2026-06-24 12:34:16,2026-06-24T07:04:16Z,1782284656,cooldown,1995.0,4715096.0,"{""__name__"": ""go_memstats_heap_alloc_bytes""}"
5,B,The Resource Footprint (Memory Churn),java_order,java,order,warehouse-go:8084,warehouse-go:8084,2026-06-24 12:34:16,2026-06-24T07:04:16Z,1782284656,cooldown,1995.0,3563512.0,"{""__name__"": ""go_memstats_heap_alloc_bytes""}"
5,B,The Resource Footprint (Memory Churn),java_order,java,order,inventory-go-twin:9082,inventory-go-twin:9082,2026-06-24 12:34:31,2026-06-24T07:04:31Z,1782284671,cooldown,2010.0,3532432.0,"{""__name__"": ""go_memstats_heap_alloc_bytes""}"
5,B,The Resource Footprint (Memory Churn),java_order,java,order,order-go-twin:9083,order-go-twin:9083,2026-06-24 12:34:31,2026-06-24T07:04:31Z,1782284671,cooldown,2010.0,5255664.0,"{""__name__"": ""go_memstats_heap_alloc_bytes""}"
5,B,The Resource Footprint (Memory Churn),java_order,java,order,warehouse-go:8084,warehouse-go:8084,2026-06-24 12:34:31,2026-06-24T07:04:31Z,1782284671,cooldown,2010.0,3731224.0,"{""__name__"": ""go_memstats_heap_alloc_bytes""}"
5,B,The Resource Footprint (Memory Churn),java_order,java,order,inventory-go-twin:9082,inventory-go-twin:9082,2026-06-24 12:34:46,2026-06-24T07:04:46Z,1782284686,cooldown,2025.0,4046680.0,"{""__name__"": ""go_memstats_heap_alloc_bytes""}"
5,B,The Resource Footprint (Memory Churn),java_order,java,order,order-go-twin:9083,order-go-twin:9083,2026-06-24 12:34:46,2026-06-24T07:04:46Z,1782284686,cooldown,2025.0,5946592.0,"{""__name__"": ""go_memstats_heap_alloc_bytes""}"
5,B,The Resource Footprint (Memory Churn),java_order,java,order,warehouse-go:8084,warehouse-go:8084,2026-06-24 12:34:46,2026-06-24T07:04:46Z,1782284686,cooldown,2025.0,3094136.0,"{""__name__"": ""go_memstats_heap_alloc_bytes""}"
5,B,The Resource Footprint (Memory Churn),java_order,java,order,inventory-go-twin:9082,inventory-go-twin:9082,2026-06-24 12:35:01,2026-06-24T07:05:01Z,1782284701,cooldown,2040.0,4774016.0,"{""__name__"": ""go_memstats_heap_alloc_bytes""}"
5,B,The Resource Footprint (Memory Churn),java_order,java,order,order-go-twin:9083,order-go-twin:9083,2026-06-24 12:35:01,2026-06-24T07:05:01Z,1782284701,cooldown,2040.0,3831016.0,"{""__name__"": ""go_memstats_heap_alloc_bytes""}"
5,B,The Resource Footprint (Memory Churn),java_order,java,order,warehouse-go:8084,warehouse-go:8084,2026-06-24 12:35:01,2026-06-24T07:05:01Z,1782284701,cooldown,2040.0,3351632.0,"{""__name__"": ""go_memstats_heap_alloc_bytes""}"
5,B,The Resource Footprint (Memory Churn),java_order,java,order,inventory-go-twin:9082,inventory-go-twin:9082,2026-06-24 12:35:16,2026-06-24T07:05:16Z,1782284716,cooldown,2055.0,3250664.0,"{""__name__"": ""go_memstats_heap_alloc_bytes""}"
5,B,The Resource Footprint (Memory Churn),java_order,java,order,order-go-twin:9083,order-go-twin:9083,2026-06-24 12:35:16,2026-06-24T07:05:16Z,1782284716,cooldown,2055.0,4325784.0,"{""__name__"": ""go_memstats_heap_alloc_bytes""}"
5,B,The Resource Footprint (Memory Churn),java_order,java,order,warehouse-go:8084,warehouse-go:8084,2026-06-24 12:35:16,2026-06-24T07:05:16Z,1782284716,cooldown,2055.0,2789232.0,"{""__name__"": ""go_memstats_heap_alloc_bytes""}"
5,B,The Resource Footprint (Memory Churn),java_order,java,order,inventory-go-twin:9082,inventory-go-twin:9082,2026-06-24 12:35:31,2026-06-24T07:05:31Z,1782284731,cooldown,2070.0,3843880.0,"{""__name__"": ""go_memstats_heap_alloc_bytes""}"
5,B,The Resource Footprint (Memory Churn),java_order,java,order,order-go-twin:9083,order-go-twin:9083,2026-06-24 12:35:31,2026-06-24T07:05:31Z,1782284731,cooldown,2070.0,4979392.0,"{""__name__"": ""go_memstats_heap_alloc_bytes""}"
5,B,The Resource Footprint (Memory Churn),java_order,java,order,warehouse-go:8084,warehouse-go:8084,2026-06-24 12:35:31,2026-06-24T07:05:31Z,1782284731,cooldown,2070.0,2561288.0,"{""__name__"": ""go_memstats_heap_alloc_bytes""}"
5,B,The Resource Footprint (Memory Churn),java_order,java,order,inventory-go-twin:9082,inventory-go-twin:9082,2026-06-24 12:35:46,2026-06-24T07:05:46Z,1782284746,cooldown,2085.0,4532424.0,"{""__name__"": ""go_memstats_heap_alloc_bytes""}"
5,B,The Resource Footprint (Memory Churn),java_order,java,order,order-go-twin:9083,order-go-twin:9083,2026-06-24 12:35:46,2026-06-24T07:05:46Z,1782284746,cooldown,2085.0,5690008.0,"{""__name__"": ""go_memstats_heap_alloc_bytes""}"
5,B,The Resource Footprint (Memory Churn),java_order,java,order,warehouse-go:8084,warehouse-go:8084,2026-06-24 12:35:46,2026-06-24T07:05:46Z,1782284746,cooldown,2085.0,4209352.0,"{""__name__"": ""go_memstats_heap_alloc_bytes""}"
5,B,The Resource Footprint (Memory Churn),java_order,java,order,inventory-go-twin:9082,inventory-go-twin:9082,2026-06-24 12:36:01,2026-06-24T07:06:01Z,1782284761,post_test,2100.0,5278256.0,"{""__name__"": ""go_memstats_heap_alloc_bytes""}"
5,B,The Resource Footprint (Memory Churn),java_order,java,order,order-go-twin:9083,order-go-twin:9083,2026-06-24 12:36:01,2026-06-24T07:06:01Z,1782284761,post_test,2100.0,3650192.0,"{""__name__"": ""go_memstats_heap_alloc_bytes""}"
5,B,The Resource Footprint (Memory Churn),java_order,java,order,warehouse-go:8084,warehouse-go:8084,2026-06-24 12:36:01,2026-06-24T07:06:01Z,1782284761,post_test,2100.0,4301016.0,"{""__name__"": ""go_memstats_heap_alloc_bytes""}"
