grafana_panel_id,grafana_ref_id,grafana_panel_title,segment_label,service_type,benchmark_type,instance,service_label,timestamp_local,timestamp_utc,timestamp_unix,load_phase,offset_seconds,value,prom_labels_json
1,B,RSS Memory Footprint,go_inventory,go,inventory,inventory-java:8082,inventory-java:8082,2026-06-24 12:41:12,2026-06-24T07:11:12Z,1782285072,warmup,0.0,281159528.0,{}
1,B,RSS Memory Footprint,go_inventory,go,inventory,order-java:8083,order-java:8083,2026-06-24 12:41:12,2026-06-24T07:11:12Z,1782285072,warmup,0.0,319358360.0,{}
1,B,RSS Memory Footprint,go_inventory,go,inventory,warehouse-java-twin:9084,warehouse-java-twin:9084,2026-06-24 12:41:12,2026-06-24T07:11:12Z,1782285072,warmup,0.0,238148120.0,{}
1,B,RSS Memory Footprint,go_inventory,go,inventory,inventory-java:8082,inventory-java:8082,2026-06-24 12:41:27,2026-06-24T07:11:27Z,1782285087,warmup,15.0,283259880.0,{}
1,B,RSS Memory Footprint,go_inventory,go,inventory,order-java:8083,order-java:8083,2026-06-24 12:41:27,2026-06-24T07:11:27Z,1782285087,warmup,15.0,321469080.0,{}
1,B,RSS Memory Footprint,go_inventory,go,inventory,warehouse-java-twin:9084,warehouse-java-twin:9084,2026-06-24 12:41:27,2026-06-24T07:11:27Z,1782285087,warmup,15.0,241293848.0,{}
1,B,RSS Memory Footprint,go_inventory,go,inventory,inventory-java:8082,inventory-java:8082,2026-06-24 12:41:42,2026-06-24T07:11:42Z,1782285102,warmup,30.0,285357032.0,{}
1,B,RSS Memory Footprint,go_inventory,go,inventory,order-java:8083,order-java:8083,2026-06-24 12:41:42,2026-06-24T07:11:42Z,1782285102,warmup,30.0,324616344.0,{}
1,B,RSS Memory Footprint,go_inventory,go,inventory,warehouse-java-twin:9084,warehouse-java-twin:9084,2026-06-24 12:41:42,2026-06-24T07:11:42Z,1782285102,warmup,30.0,242342424.0,{}
1,B,RSS Memory Footprint,go_inventory,go,inventory,inventory-java:8082,inventory-java:8082,2026-06-24 12:41:57,2026-06-24T07:11:57Z,1782285117,warmup,45.0,287454184.0,{}
1,B,RSS Memory Footprint,go_inventory,go,inventory,order-java:8083,order-java:8083,2026-06-24 12:41:57,2026-06-24T07:11:57Z,1782285117,warmup,45.0,327784344.0,{}
1,B,RSS Memory Footprint,go_inventory,go,inventory,warehouse-java-twin:9084,warehouse-java-twin:9084,2026-06-24 12:41:57,2026-06-24T07:11:57Z,1782285117,warmup,45.0,245488152.0,{}
1,B,RSS Memory Footprint,go_inventory,go,inventory,inventory-java:8082,inventory-java:8082,2026-06-24 12:42:12,2026-06-24T07:12:12Z,1782285132,warmup,60.0,289551336.0,{}
1,B,RSS Memory Footprint,go_inventory,go,inventory,order-java:8083,order-java:8083,2026-06-24 12:42:12,2026-06-24T07:12:12Z,1782285132,warmup,60.0,330936344.0,{}
1,B,RSS Memory Footprint,go_inventory,go,inventory,warehouse-java-twin:9084,warehouse-java-twin:9084,2026-06-24 12:42:12,2026-06-24T07:12:12Z,1782285132,warmup,60.0,247585304.0,{}
1,B,RSS Memory Footprint,go_inventory,go,inventory,inventory-java:8082,inventory-java:8082,2026-06-24 12:42:27,2026-06-24T07:12:27Z,1782285147,warmup,75.0,291648488.0,{}
1,B,RSS Memory Footprint,go_inventory,go,inventory,order-java:8083,order-java:8083,2026-06-24 12:42:27,2026-06-24T07:12:27Z,1782285147,warmup,75.0,333033496.0,{}
1,B,RSS Memory Footprint,go_inventory,go,inventory,warehouse-java-twin:9084,warehouse-java-twin:9084,2026-06-24 12:42:27,2026-06-24T07:12:27Z,1782285147,warmup,75.0,250731032.0,{}
1,B,RSS Memory Footprint,go_inventory,go,inventory,inventory-java:8082,inventory-java:8082,2026-06-24 12:42:42,2026-06-24T07:12:42Z,1782285162,warmup,90.0,293745640.0,{}
1,B,RSS Memory Footprint,go_inventory,go,inventory,order-java:8083,order-java:8083,2026-06-24 12:42:42,2026-06-24T07:12:42Z,1782285162,warmup,90.0,336179224.0,{}
1,B,RSS Memory Footprint,go_inventory,go,inventory,warehouse-java-twin:9084,warehouse-java-twin:9084,2026-06-24 12:42:42,2026-06-24T07:12:42Z,1782285162,warmup,90.0,252828184.0,{}
1,B,RSS Memory Footprint,go_inventory,go,inventory,inventory-java:8082,inventory-java:8082,2026-06-24 12:42:57,2026-06-24T07:12:57Z,1782285177,warmup,105.0,295849448.0,{}
1,B,RSS Memory Footprint,go_inventory,go,inventory,order-java:8083,order-java:8083,2026-06-24 12:42:57,2026-06-24T07:12:57Z,1782285177,warmup,105.0,339332632.0,{}
1,B,RSS Memory Footprint,go_inventory,go,inventory,warehouse-java-twin:9084,warehouse-java-twin:9084,2026-06-24 12:42:57,2026-06-24T07:12:57Z,1782285177,warmup,105.0,254928664.0,{}
1,B,RSS Memory Footprint,go_inventory,go,inventory,inventory-java:8082,inventory-java:8082,2026-06-24 12:43:12,2026-06-24T07:13:12Z,1782285192,warmup,120.0,297946600.0,{}
1,B,RSS Memory Footprint,go_inventory,go,inventory,order-java:8083,order-java:8083,2026-06-24 12:43:12,2026-06-24T07:13:12Z,1782285192,warmup,120.0,342486808.0,{}
1,B,RSS Memory Footprint,go_inventory,go,inventory,warehouse-java-twin:9084,warehouse-java-twin:9084,2026-06-24 12:43:12,2026-06-24T07:13:12Z,1782285192,warmup,120.0,258074392.0,{}
1,B,RSS Memory Footprint,go_inventory,go,inventory,inventory-java:8082,inventory-java:8082,2026-06-24 12:43:27,2026-06-24T07:13:27Z,1782285207,warmup,135.0,300043752.0,{}
1,B,RSS Memory Footprint,go_inventory,go,inventory,order-java:8083,order-java:8083,2026-06-24 12:43:27,2026-06-24T07:13:27Z,1782285207,warmup,135.0,344585560.0,{}
1,B,RSS Memory Footprint,go_inventory,go,inventory,warehouse-java-twin:9084,warehouse-java-twin:9084,2026-06-24 12:43:27,2026-06-24T07:13:27Z,1782285207,warmup,135.0,260171544.0,{}
1,B,RSS Memory Footprint,go_inventory,go,inventory,inventory-java:8082,inventory-java:8082,2026-06-24 12:43:42,2026-06-24T07:13:42Z,1782285222,warmup,150.0,302140904.0,{}
1,B,RSS Memory Footprint,go_inventory,go,inventory,order-java:8083,order-java:8083,2026-06-24 12:43:42,2026-06-24T07:13:42Z,1782285222,warmup,150.0,347775320.0,{}
1,B,RSS Memory Footprint,go_inventory,go,inventory,warehouse-java-twin:9084,warehouse-java-twin:9084,2026-06-24 12:43:42,2026-06-24T07:13:42Z,1782285222,warmup,150.0,263317272.0,{}
1,B,RSS Memory Footprint,go_inventory,go,inventory,inventory-java:8082,inventory-java:8082,2026-06-24 12:43:57,2026-06-24T07:13:57Z,1782285237,warmup,165.0,304240488.0,{}
1,B,RSS Memory Footprint,go_inventory,go,inventory,order-java:8083,order-java:8083,2026-06-24 12:43:57,2026-06-24T07:13:57Z,1782285237,warmup,165.0,350921048.0,{}
1,B,RSS Memory Footprint,go_inventory,go,inventory,warehouse-java-twin:9084,warehouse-java-twin:9084,2026-06-24 12:43:57,2026-06-24T07:13:57Z,1782285237,warmup,165.0,265414424.0,{}
1,B,RSS Memory Footprint,go_inventory,go,inventory,inventory-java:8082,inventory-java:8082,2026-06-24 12:44:12,2026-06-24T07:14:12Z,1782285252,warmup,180.0,306355816.0,{}
1,B,RSS Memory Footprint,go_inventory,go,inventory,order-java:8083,order-java:8083,2026-06-24 12:44:12,2026-06-24T07:14:12Z,1782285252,warmup,180.0,195791512.0,{}
1,B,RSS Memory Footprint,go_inventory,go,inventory,warehouse-java-twin:9084,warehouse-java-twin:9084,2026-06-24 12:44:12,2026-06-24T07:14:12Z,1782285252,warmup,180.0,267514520.0,{}
1,B,RSS Memory Footprint,go_inventory,go,inventory,inventory-java:8082,inventory-java:8082,2026-06-24 12:44:27,2026-06-24T07:14:27Z,1782285267,warmup,195.0,152166072.0,{}
1,B,RSS Memory Footprint,go_inventory,go,inventory,order-java:8083,order-java:8083,2026-06-24 12:44:27,2026-06-24T07:14:27Z,1782285267,warmup,195.0,198952856.0,{}
1,B,RSS Memory Footprint,go_inventory,go,inventory,warehouse-java-twin:9084,warehouse-java-twin:9084,2026-06-24 12:44:27,2026-06-24T07:14:27Z,1782285267,warmup,195.0,270661784.0,{}
1,B,RSS Memory Footprint,go_inventory,go,inventory,inventory-java:8082,inventory-java:8082,2026-06-24 12:44:42,2026-06-24T07:14:42Z,1782285282,warmup,210.0,154263224.0,{}
1,B,RSS Memory Footprint,go_inventory,go,inventory,order-java:8083,order-java:8083,2026-06-24 12:44:42,2026-06-24T07:14:42Z,1782285282,warmup,210.0,201050904.0,{}
1,B,RSS Memory Footprint,go_inventory,go,inventory,warehouse-java-twin:9084,warehouse-java-twin:9084,2026-06-24 12:44:42,2026-06-24T07:14:42Z,1782285282,warmup,210.0,272758936.0,{}
1,B,RSS Memory Footprint,go_inventory,go,inventory,inventory-java:8082,inventory-java:8082,2026-06-24 12:44:57,2026-06-24T07:14:57Z,1782285297,warmup,225.0,157410488.0,{}
1,B,RSS Memory Footprint,go_inventory,go,inventory,order-java:8083,order-java:8083,2026-06-24 12:44:57,2026-06-24T07:14:57Z,1782285297,warmup,225.0,204196632.0,{}
1,B,RSS Memory Footprint,go_inventory,go,inventory,warehouse-java-twin:9084,warehouse-java-twin:9084,2026-06-24 12:44:57,2026-06-24T07:14:57Z,1782285297,warmup,225.0,274880688.0,{}
1,B,RSS Memory Footprint,go_inventory,go,inventory,inventory-java:8082,inventory-java:8082,2026-06-24 12:45:12,2026-06-24T07:15:12Z,1782285312,warmup,240.0,159507640.0,{}
1,B,RSS Memory Footprint,go_inventory,go,inventory,order-java:8083,order-java:8083,2026-06-24 12:45:12,2026-06-24T07:15:12Z,1782285312,warmup,240.0,207342360.0,{}
1,B,RSS Memory Footprint,go_inventory,go,inventory,warehouse-java-twin:9084,warehouse-java-twin:9084,2026-06-24 12:45:12,2026-06-24T07:15:12Z,1782285312,warmup,240.0,278026416.0,{}
1,B,RSS Memory Footprint,go_inventory,go,inventory,inventory-java:8082,inventory-java:8082,2026-06-24 12:45:27,2026-06-24T07:15:27Z,1782285327,warmup,255.0,161604792.0,{}
1,B,RSS Memory Footprint,go_inventory,go,inventory,order-java:8083,order-java:8083,2026-06-24 12:45:27,2026-06-24T07:15:27Z,1782285327,warmup,255.0,210496920.0,{}
1,B,RSS Memory Footprint,go_inventory,go,inventory,warehouse-java-twin:9084,warehouse-java-twin:9084,2026-06-24 12:45:27,2026-06-24T07:15:27Z,1782285327,warmup,255.0,280123568.0,{}
1,B,RSS Memory Footprint,go_inventory,go,inventory,inventory-java:8082,inventory-java:8082,2026-06-24 12:45:42,2026-06-24T07:15:42Z,1782285342,warmup,270.0,163701944.0,{}
1,B,RSS Memory Footprint,go_inventory,go,inventory,order-java:8083,order-java:8083,2026-06-24 12:45:42,2026-06-24T07:15:42Z,1782285342,warmup,270.0,212601112.0,{}
1,B,RSS Memory Footprint,go_inventory,go,inventory,warehouse-java-twin:9084,warehouse-java-twin:9084,2026-06-24 12:45:42,2026-06-24T07:15:42Z,1782285342,warmup,270.0,282220720.0,{}
1,B,RSS Memory Footprint,go_inventory,go,inventory,inventory-java:8082,inventory-java:8082,2026-06-24 12:45:57,2026-06-24T07:15:57Z,1782285357,warmup,285.0,165799096.0,{}
1,B,RSS Memory Footprint,go_inventory,go,inventory,order-java:8083,order-java:8083,2026-06-24 12:45:57,2026-06-24T07:15:57Z,1782285357,warmup,285.0,215746840.0,{}
1,B,RSS Memory Footprint,go_inventory,go,inventory,warehouse-java-twin:9084,warehouse-java-twin:9084,2026-06-24 12:45:57,2026-06-24T07:15:57Z,1782285357,warmup,285.0,285366448.0,{}
1,B,RSS Memory Footprint,go_inventory,go,inventory,inventory-java:8082,inventory-java:8082,2026-06-24 12:46:12,2026-06-24T07:16:12Z,1782285372,ramp_1,300.0,167901624.0,{}
1,B,RSS Memory Footprint,go_inventory,go,inventory,order-java:8083,order-java:8083,2026-06-24 12:46:12,2026-06-24T07:16:12Z,1782285372,ramp_1,300.0,218902584.0,{}
1,B,RSS Memory Footprint,go_inventory,go,inventory,warehouse-java-twin:9084,warehouse-java-twin:9084,2026-06-24 12:46:12,2026-06-24T07:16:12Z,1782285372,ramp_1,300.0,287463600.0,{}
1,B,RSS Memory Footprint,go_inventory,go,inventory,inventory-java:8082,inventory-java:8082,2026-06-24 12:46:27,2026-06-24T07:16:27Z,1782285387,ramp_1,315.0,170000312.0,{}
1,B,RSS Memory Footprint,go_inventory,go,inventory,order-java:8083,order-java:8083,2026-06-24 12:46:27,2026-06-24T07:16:27Z,1782285387,ramp_1,315.0,221004472.0,{}
1,B,RSS Memory Footprint,go_inventory,go,inventory,warehouse-java-twin:9084,warehouse-java-twin:9084,2026-06-24 12:46:27,2026-06-24T07:16:27Z,1782285387,ramp_1,315.0,290609328.0,{}
1,B,RSS Memory Footprint,go_inventory,go,inventory,inventory-java:8082,inventory-java:8082,2026-06-24 12:46:42,2026-06-24T07:16:42Z,1782285402,ramp_1,330.0,172097464.0,{}
1,B,RSS Memory Footprint,go_inventory,go,inventory,order-java:8083,order-java:8083,2026-06-24 12:46:42,2026-06-24T07:16:42Z,1782285402,ramp_1,330.0,224153400.0,{}
1,B,RSS Memory Footprint,go_inventory,go,inventory,warehouse-java-twin:9084,warehouse-java-twin:9084,2026-06-24 12:46:42,2026-06-24T07:16:42Z,1782285402,ramp_1,330.0,293837584.0,{}
1,B,RSS Memory Footprint,go_inventory,go,inventory,inventory-java:8082,inventory-java:8082,2026-06-24 12:46:57,2026-06-24T07:16:57Z,1782285417,ramp_1,345.0,174194616.0,{}
1,B,RSS Memory Footprint,go_inventory,go,inventory,order-java:8083,order-java:8083,2026-06-24 12:46:57,2026-06-24T07:16:57Z,1782285417,ramp_1,345.0,227301432.0,{}
1,B,RSS Memory Footprint,go_inventory,go,inventory,warehouse-java-twin:9084,warehouse-java-twin:9084,2026-06-24 12:46:57,2026-06-24T07:16:57Z,1782285417,ramp_1,345.0,295934736.0,{}
1,B,RSS Memory Footprint,go_inventory,go,inventory,inventory-java:8082,inventory-java:8082,2026-06-24 12:47:12,2026-06-24T07:17:12Z,1782285432,ramp_1,360.0,176292792.0,{}
1,B,RSS Memory Footprint,go_inventory,go,inventory,order-java:8083,order-java:8083,2026-06-24 12:47:12,2026-06-24T07:17:12Z,1782285432,ramp_1,360.0,229404216.0,{}
1,B,RSS Memory Footprint,go_inventory,go,inventory,warehouse-java-twin:9084,warehouse-java-twin:9084,2026-06-24 12:47:12,2026-06-24T07:17:12Z,1782285432,ramp_1,360.0,298045968.0,{}
1,B,RSS Memory Footprint,go_inventory,go,inventory,inventory-java:8082,inventory-java:8082,2026-06-24 12:47:27,2026-06-24T07:17:27Z,1782285447,ramp_1,375.0,178389944.0,{}
1,B,RSS Memory Footprint,go_inventory,go,inventory,order-java:8083,order-java:8083,2026-06-24 12:47:27,2026-06-24T07:17:27Z,1782285447,ramp_1,375.0,232559928.0,{}
1,B,RSS Memory Footprint,go_inventory,go,inventory,warehouse-java-twin:9084,warehouse-java-twin:9084,2026-06-24 12:47:27,2026-06-24T07:17:27Z,1782285447,ramp_1,375.0,301191696.0,{}
1,B,RSS Memory Footprint,go_inventory,go,inventory,inventory-java:8082,inventory-java:8082,2026-06-24 12:47:42,2026-06-24T07:17:42Z,1782285462,ramp_1,390.0,180599992.0,{}
1,B,RSS Memory Footprint,go_inventory,go,inventory,order-java:8083,order-java:8083,2026-06-24 12:47:42,2026-06-24T07:17:42Z,1782285462,ramp_1,390.0,235705656.0,{}
1,B,RSS Memory Footprint,go_inventory,go,inventory,warehouse-java-twin:9084,warehouse-java-twin:9084,2026-06-24 12:47:42,2026-06-24T07:17:42Z,1782285462,ramp_1,390.0,303288848.0,{}
1,B,RSS Memory Footprint,go_inventory,go,inventory,inventory-java:8082,inventory-java:8082,2026-06-24 12:47:57,2026-06-24T07:17:57Z,1782285477,ramp_1,405.0,182697144.0,{}
1,B,RSS Memory Footprint,go_inventory,go,inventory,order-java:8083,order-java:8083,2026-06-24 12:47:57,2026-06-24T07:17:57Z,1782285477,ramp_1,405.0,237802808.0,{}
1,B,RSS Memory Footprint,go_inventory,go,inventory,warehouse-java-twin:9084,warehouse-java-twin:9084,2026-06-24 12:47:57,2026-06-24T07:17:57Z,1782285477,ramp_1,405.0,306434576.0,{}
1,B,RSS Memory Footprint,go_inventory,go,inventory,inventory-java:8082,inventory-java:8082,2026-06-24 12:48:12,2026-06-24T07:18:12Z,1782285492,ramp_1,420.0,183745720.0,{}
1,B,RSS Memory Footprint,go_inventory,go,inventory,order-java:8083,order-java:8083,2026-06-24 12:48:12,2026-06-24T07:18:12Z,1782285492,ramp_1,420.0,240948536.0,{}
1,B,RSS Memory Footprint,go_inventory,go,inventory,warehouse-java-twin:9084,warehouse-java-twin:9084,2026-06-24 12:48:12,2026-06-24T07:18:12Z,1782285492,ramp_1,420.0,308531728.0,{}
1,B,RSS Memory Footprint,go_inventory,go,inventory,inventory-java:8082,inventory-java:8082,2026-06-24 12:48:27,2026-06-24T07:18:27Z,1782285507,ramp_1,435.0,185844408.0,{}
1,B,RSS Memory Footprint,go_inventory,go,inventory,order-java:8083,order-java:8083,2026-06-24 12:48:27,2026-06-24T07:18:27Z,1782285507,ramp_1,435.0,244094264.0,{}
1,B,RSS Memory Footprint,go_inventory,go,inventory,warehouse-java-twin:9084,warehouse-java-twin:9084,2026-06-24 12:48:27,2026-06-24T07:18:27Z,1782285507,ramp_1,435.0,310628880.0,{}
1,B,RSS Memory Footprint,go_inventory,go,inventory,inventory-java:8082,inventory-java:8082,2026-06-24 12:48:42,2026-06-24T07:18:42Z,1782285522,ramp_1,450.0,187941560.0,{}
1,B,RSS Memory Footprint,go_inventory,go,inventory,order-java:8083,order-java:8083,2026-06-24 12:48:42,2026-06-24T07:18:42Z,1782285522,ramp_1,450.0,246191416.0,{}
1,B,RSS Memory Footprint,go_inventory,go,inventory,warehouse-java-twin:9084,warehouse-java-twin:9084,2026-06-24 12:48:42,2026-06-24T07:18:42Z,1782285522,ramp_1,450.0,313786768.0,{}
1,B,RSS Memory Footprint,go_inventory,go,inventory,inventory-java:8082,inventory-java:8082,2026-06-24 12:48:57,2026-06-24T07:18:57Z,1782285537,ramp_1,465.0,190038712.0,{}
1,B,RSS Memory Footprint,go_inventory,go,inventory,order-java:8083,order-java:8083,2026-06-24 12:48:57,2026-06-24T07:18:57Z,1782285537,ramp_1,465.0,249337144.0,{}
1,B,RSS Memory Footprint,go_inventory,go,inventory,warehouse-java-twin:9084,warehouse-java-twin:9084,2026-06-24 12:48:57,2026-06-24T07:18:57Z,1782285537,ramp_1,465.0,315883920.0,{}
1,B,RSS Memory Footprint,go_inventory,go,inventory,inventory-java:8082,inventory-java:8082,2026-06-24 12:49:12,2026-06-24T07:19:12Z,1782285552,ramp_1,480.0,192135864.0,{}
1,B,RSS Memory Footprint,go_inventory,go,inventory,order-java:8083,order-java:8083,2026-06-24 12:49:12,2026-06-24T07:19:12Z,1782285552,ramp_1,480.0,252482872.0,{}
1,B,RSS Memory Footprint,go_inventory,go,inventory,warehouse-java-twin:9084,warehouse-java-twin:9084,2026-06-24 12:49:12,2026-06-24T07:19:12Z,1782285552,ramp_1,480.0,317981072.0,{}
1,B,RSS Memory Footprint,go_inventory,go,inventory,inventory-java:8082,inventory-java:8082,2026-06-24 12:49:27,2026-06-24T07:19:27Z,1782285567,ramp_1,495.0,194233016.0,{}
1,B,RSS Memory Footprint,go_inventory,go,inventory,order-java:8083,order-java:8083,2026-06-24 12:49:27,2026-06-24T07:19:27Z,1782285567,ramp_1,495.0,254580024.0,{}
1,B,RSS Memory Footprint,go_inventory,go,inventory,warehouse-java-twin:9084,warehouse-java-twin:9084,2026-06-24 12:49:27,2026-06-24T07:19:27Z,1782285567,ramp_1,495.0,321126800.0,{}
1,B,RSS Memory Footprint,go_inventory,go,inventory,inventory-java:8082,inventory-java:8082,2026-06-24 12:49:42,2026-06-24T07:19:42Z,1782285582,ramp_1,510.0,197378744.0,{}
1,B,RSS Memory Footprint,go_inventory,go,inventory,order-java:8083,order-java:8083,2026-06-24 12:49:42,2026-06-24T07:19:42Z,1782285582,ramp_1,510.0,257729976.0,{}
1,B,RSS Memory Footprint,go_inventory,go,inventory,warehouse-java-twin:9084,warehouse-java-twin:9084,2026-06-24 12:49:42,2026-06-24T07:19:42Z,1782285582,ramp_1,510.0,323223952.0,{}
1,B,RSS Memory Footprint,go_inventory,go,inventory,inventory-java:8082,inventory-java:8082,2026-06-24 12:49:57,2026-06-24T07:19:57Z,1782285597,ramp_1,525.0,199475896.0,{}
1,B,RSS Memory Footprint,go_inventory,go,inventory,order-java:8083,order-java:8083,2026-06-24 12:49:57,2026-06-24T07:19:57Z,1782285597,ramp_1,525.0,260875704.0,{}
1,B,RSS Memory Footprint,go_inventory,go,inventory,warehouse-java-twin:9084,warehouse-java-twin:9084,2026-06-24 12:49:57,2026-06-24T07:19:57Z,1782285597,ramp_1,525.0,326369680.0,{}
1,B,RSS Memory Footprint,go_inventory,go,inventory,inventory-java:8082,inventory-java:8082,2026-06-24 12:50:12,2026-06-24T07:20:12Z,1782285612,ramp_1,540.0,201574968.0,{}
1,B,RSS Memory Footprint,go_inventory,go,inventory,order-java:8083,order-java:8083,2026-06-24 12:50:12,2026-06-24T07:20:12Z,1782285612,ramp_1,540.0,262972856.0,{}
1,B,RSS Memory Footprint,go_inventory,go,inventory,warehouse-java-twin:9084,warehouse-java-twin:9084,2026-06-24 12:50:12,2026-06-24T07:20:12Z,1782285612,ramp_1,540.0,328466832.0,{}
1,B,RSS Memory Footprint,go_inventory,go,inventory,inventory-java:8082,inventory-java:8082,2026-06-24 12:50:27,2026-06-24T07:20:27Z,1782285627,ramp_1,555.0,202625208.0,{}
1,B,RSS Memory Footprint,go_inventory,go,inventory,order-java:8083,order-java:8083,2026-06-24 12:50:27,2026-06-24T07:20:27Z,1782285627,ramp_1,555.0,266118584.0,{}
1,B,RSS Memory Footprint,go_inventory,go,inventory,warehouse-java-twin:9084,warehouse-java-twin:9084,2026-06-24 12:50:27,2026-06-24T07:20:27Z,1782285627,ramp_1,555.0,330563984.0,{}
1,B,RSS Memory Footprint,go_inventory,go,inventory,inventory-java:8082,inventory-java:8082,2026-06-24 12:50:42,2026-06-24T07:20:42Z,1782285642,ramp_1,570.0,204796688.0,{}
1,B,RSS Memory Footprint,go_inventory,go,inventory,order-java:8083,order-java:8083,2026-06-24 12:50:42,2026-06-24T07:20:42Z,1782285642,ramp_1,570.0,269273912.0,{}
1,B,RSS Memory Footprint,go_inventory,go,inventory,warehouse-java-twin:9084,warehouse-java-twin:9084,2026-06-24 12:50:42,2026-06-24T07:20:42Z,1782285642,ramp_1,570.0,333741072.0,{}
1,B,RSS Memory Footprint,go_inventory,go,inventory,inventory-java:8082,inventory-java:8082,2026-06-24 12:50:57,2026-06-24T07:20:57Z,1782285657,ramp_1,585.0,206893840.0,{}
1,B,RSS Memory Footprint,go_inventory,go,inventory,order-java:8083,order-java:8083,2026-06-24 12:50:57,2026-06-24T07:20:57Z,1782285657,ramp_1,585.0,271371064.0,{}
1,B,RSS Memory Footprint,go_inventory,go,inventory,warehouse-java-twin:9084,warehouse-java-twin:9084,2026-06-24 12:50:57,2026-06-24T07:20:57Z,1782285657,ramp_1,585.0,335838224.0,{}
1,B,RSS Memory Footprint,go_inventory,go,inventory,inventory-java:8082,inventory-java:8082,2026-06-24 12:51:12,2026-06-24T07:21:12Z,1782285672,ramp_2,600.0,208990992.0,{}
1,B,RSS Memory Footprint,go_inventory,go,inventory,order-java:8083,order-java:8083,2026-06-24 12:51:12,2026-06-24T07:21:12Z,1782285672,ramp_2,600.0,274535856.0,{}
1,B,RSS Memory Footprint,go_inventory,go,inventory,warehouse-java-twin:9084,warehouse-java-twin:9084,2026-06-24 12:51:12,2026-06-24T07:21:12Z,1782285672,ramp_2,600.0,338984976.0,{}
1,B,RSS Memory Footprint,go_inventory,go,inventory,inventory-java:8082,inventory-java:8082,2026-06-24 12:51:27,2026-06-24T07:21:27Z,1782285687,ramp_2,615.0,211088144.0,{}
1,B,RSS Memory Footprint,go_inventory,go,inventory,order-java:8083,order-java:8083,2026-06-24 12:51:27,2026-06-24T07:21:27Z,1782285687,ramp_2,615.0,277681584.0,{}
1,B,RSS Memory Footprint,go_inventory,go,inventory,warehouse-java-twin:9084,warehouse-java-twin:9084,2026-06-24 12:51:27,2026-06-24T07:21:27Z,1782285687,ramp_2,615.0,341082128.0,{}
1,B,RSS Memory Footprint,go_inventory,go,inventory,inventory-java:8082,inventory-java:8082,2026-06-24 12:51:42,2026-06-24T07:21:42Z,1782285702,ramp_2,630.0,213204496.0,{}
1,B,RSS Memory Footprint,go_inventory,go,inventory,order-java:8083,order-java:8083,2026-06-24 12:51:42,2026-06-24T07:21:42Z,1782285702,ramp_2,630.0,280883120.0,{}
1,B,RSS Memory Footprint,go_inventory,go,inventory,warehouse-java-twin:9084,warehouse-java-twin:9084,2026-06-24 12:51:42,2026-06-24T07:21:42Z,1782285702,ramp_2,630.0,343179280.0,{}
1,B,RSS Memory Footprint,go_inventory,go,inventory,inventory-java:8082,inventory-java:8082,2026-06-24 12:51:57,2026-06-24T07:21:57Z,1782285717,ramp_2,645.0,215301648.0,{}
1,B,RSS Memory Footprint,go_inventory,go,inventory,order-java:8083,order-java:8083,2026-06-24 12:51:57,2026-06-24T07:21:57Z,1782285717,ramp_2,645.0,284028848.0,{}
1,B,RSS Memory Footprint,go_inventory,go,inventory,warehouse-java-twin:9084,warehouse-java-twin:9084,2026-06-24 12:51:57,2026-06-24T07:21:57Z,1782285717,ramp_2,645.0,346325008.0,{}
1,B,RSS Memory Footprint,go_inventory,go,inventory,inventory-java:8082,inventory-java:8082,2026-06-24 12:52:12,2026-06-24T07:22:12Z,1782285732,ramp_2,660.0,217398800.0,{}
1,B,RSS Memory Footprint,go_inventory,go,inventory,order-java:8083,order-java:8083,2026-06-24 12:52:12,2026-06-24T07:22:12Z,1782285732,ramp_2,660.0,286126000.0,{}
1,B,RSS Memory Footprint,go_inventory,go,inventory,warehouse-java-twin:9084,warehouse-java-twin:9084,2026-06-24 12:52:12,2026-06-24T07:22:12Z,1782285732,ramp_2,660.0,348422160.0,{}
1,B,RSS Memory Footprint,go_inventory,go,inventory,inventory-java:8082,inventory-java:8082,2026-06-24 12:52:27,2026-06-24T07:22:27Z,1782285747,ramp_2,675.0,220544528.0,{}
1,B,RSS Memory Footprint,go_inventory,go,inventory,order-java:8083,order-java:8083,2026-06-24 12:52:27,2026-06-24T07:22:27Z,1782285747,ramp_2,675.0,289271728.0,{}
1,B,RSS Memory Footprint,go_inventory,go,inventory,warehouse-java-twin:9084,warehouse-java-twin:9084,2026-06-24 12:52:27,2026-06-24T07:22:27Z,1782285747,ramp_2,675.0,351567888.0,{}
1,B,RSS Memory Footprint,go_inventory,go,inventory,inventory-java:8082,inventory-java:8082,2026-06-24 12:52:42,2026-06-24T07:22:42Z,1782285762,ramp_2,690.0,222641680.0,{}
1,B,RSS Memory Footprint,go_inventory,go,inventory,order-java:8083,order-java:8083,2026-06-24 12:52:42,2026-06-24T07:22:42Z,1782285762,ramp_2,690.0,292417456.0,{}
1,B,RSS Memory Footprint,go_inventory,go,inventory,warehouse-java-twin:9084,warehouse-java-twin:9084,2026-06-24 12:52:42,2026-06-24T07:22:42Z,1782285762,ramp_2,690.0,353665040.0,{}
1,B,RSS Memory Footprint,go_inventory,go,inventory,inventory-java:8082,inventory-java:8082,2026-06-24 12:52:57,2026-06-24T07:22:57Z,1782285777,ramp_2,705.0,224740368.0,{}
1,B,RSS Memory Footprint,go_inventory,go,inventory,order-java:8083,order-java:8083,2026-06-24 12:52:57,2026-06-24T07:22:57Z,1782285777,ramp_2,705.0,295624696.0,{}
1,B,RSS Memory Footprint,go_inventory,go,inventory,warehouse-java-twin:9084,warehouse-java-twin:9084,2026-06-24 12:52:57,2026-06-24T07:22:57Z,1782285777,ramp_2,705.0,356810768.0,{}
1,B,RSS Memory Footprint,go_inventory,go,inventory,inventory-java:8082,inventory-java:8082,2026-06-24 12:53:12,2026-06-24T07:23:12Z,1782285792,ramp_2,720.0,226837520.0,{}
1,B,RSS Memory Footprint,go_inventory,go,inventory,order-java:8083,order-java:8083,2026-06-24 12:53:12,2026-06-24T07:23:12Z,1782285792,ramp_2,720.0,298770424.0,{}
1,B,RSS Memory Footprint,go_inventory,go,inventory,warehouse-java-twin:9084,warehouse-java-twin:9084,2026-06-24 12:53:12,2026-06-24T07:23:12Z,1782285792,ramp_2,720.0,358907920.0,{}
1,B,RSS Memory Footprint,go_inventory,go,inventory,inventory-java:8082,inventory-java:8082,2026-06-24 12:53:27,2026-06-24T07:23:27Z,1782285807,ramp_2,735.0,228936208.0,{}
1,B,RSS Memory Footprint,go_inventory,go,inventory,order-java:8083,order-java:8083,2026-06-24 12:53:27,2026-06-24T07:23:27Z,1782285807,ramp_2,735.0,300867576.0,{}
1,B,RSS Memory Footprint,go_inventory,go,inventory,warehouse-java-twin:9084,warehouse-java-twin:9084,2026-06-24 12:53:27,2026-06-24T07:23:27Z,1782285807,ramp_2,735.0,362053648.0,{}
1,B,RSS Memory Footprint,go_inventory,go,inventory,inventory-java:8082,inventory-java:8082,2026-06-24 12:53:42,2026-06-24T07:23:42Z,1782285822,ramp_2,750.0,231033360.0,{}
1,B,RSS Memory Footprint,go_inventory,go,inventory,order-java:8083,order-java:8083,2026-06-24 12:53:42,2026-06-24T07:23:42Z,1782285822,ramp_2,750.0,304013304.0,{}
1,B,RSS Memory Footprint,go_inventory,go,inventory,warehouse-java-twin:9084,warehouse-java-twin:9084,2026-06-24 12:53:42,2026-06-24T07:23:42Z,1782285822,ramp_2,750.0,364150800.0,{}
1,B,RSS Memory Footprint,go_inventory,go,inventory,inventory-java:8082,inventory-java:8082,2026-06-24 12:53:57,2026-06-24T07:23:57Z,1782285837,ramp_2,765.0,233130512.0,{}
1,B,RSS Memory Footprint,go_inventory,go,inventory,order-java:8083,order-java:8083,2026-06-24 12:53:57,2026-06-24T07:23:57Z,1782285837,ramp_2,765.0,307159032.0,{}
1,B,RSS Memory Footprint,go_inventory,go,inventory,warehouse-java-twin:9084,warehouse-java-twin:9084,2026-06-24 12:53:57,2026-06-24T07:23:57Z,1782285837,ramp_2,765.0,366247952.0,{}
1,B,RSS Memory Footprint,go_inventory,go,inventory,inventory-java:8082,inventory-java:8082,2026-06-24 12:54:12,2026-06-24T07:24:12Z,1782285852,ramp_2,780.0,235233168.0,{}
1,B,RSS Memory Footprint,go_inventory,go,inventory,order-java:8083,order-java:8083,2026-06-24 12:54:12,2026-06-24T07:24:12Z,1782285852,ramp_2,780.0,309261816.0,{}
1,B,RSS Memory Footprint,go_inventory,go,inventory,warehouse-java-twin:9084,warehouse-java-twin:9084,2026-06-24 12:54:12,2026-06-24T07:24:12Z,1782285852,ramp_2,780.0,368345104.0,{}
1,B,RSS Memory Footprint,go_inventory,go,inventory,inventory-java:8082,inventory-java:8082,2026-06-24 12:54:27,2026-06-24T07:24:27Z,1782285867,ramp_2,795.0,237330320.0,{}
1,B,RSS Memory Footprint,go_inventory,go,inventory,order-java:8083,order-java:8083,2026-06-24 12:54:27,2026-06-24T07:24:27Z,1782285867,ramp_2,795.0,312407544.0,{}
1,B,RSS Memory Footprint,go_inventory,go,inventory,warehouse-java-twin:9084,warehouse-java-twin:9084,2026-06-24 12:54:27,2026-06-24T07:24:27Z,1782285867,ramp_2,795.0,370442256.0,{}
1,B,RSS Memory Footprint,go_inventory,go,inventory,inventory-java:8082,inventory-java:8082,2026-06-24 12:54:42,2026-06-24T07:24:42Z,1782285882,ramp_2,810.0,239427472.0,{}
1,B,RSS Memory Footprint,go_inventory,go,inventory,order-java:8083,order-java:8083,2026-06-24 12:54:42,2026-06-24T07:24:42Z,1782285882,ramp_2,810.0,315553272.0,{}
1,B,RSS Memory Footprint,go_inventory,go,inventory,warehouse-java-twin:9084,warehouse-java-twin:9084,2026-06-24 12:54:42,2026-06-24T07:24:42Z,1782285882,ramp_2,810.0,373587984.0,{}
1,B,RSS Memory Footprint,go_inventory,go,inventory,inventory-java:8082,inventory-java:8082,2026-06-24 12:54:57,2026-06-24T07:24:57Z,1782285897,ramp_2,825.0,241524624.0,{}
1,B,RSS Memory Footprint,go_inventory,go,inventory,order-java:8083,order-java:8083,2026-06-24 12:54:57,2026-06-24T07:24:57Z,1782285897,ramp_2,825.0,317650424.0,{}
1,B,RSS Memory Footprint,go_inventory,go,inventory,warehouse-java-twin:9084,warehouse-java-twin:9084,2026-06-24 12:54:57,2026-06-24T07:24:57Z,1782285897,ramp_2,825.0,375686416.0,{}
1,B,RSS Memory Footprint,go_inventory,go,inventory,inventory-java:8082,inventory-java:8082,2026-06-24 12:55:12,2026-06-24T07:25:12Z,1782285912,ramp_2,840.0,243621776.0,{}
1,B,RSS Memory Footprint,go_inventory,go,inventory,order-java:8083,order-java:8083,2026-06-24 12:55:12,2026-06-24T07:25:12Z,1782285912,ramp_2,840.0,321933776.0,{}
1,B,RSS Memory Footprint,go_inventory,go,inventory,warehouse-java-twin:9084,warehouse-java-twin:9084,2026-06-24 12:55:12,2026-06-24T07:25:12Z,1782285912,ramp_2,840.0,378832144.0,{}
1,B,RSS Memory Footprint,go_inventory,go,inventory,inventory-java:8082,inventory-java:8082,2026-06-24 12:55:27,2026-06-24T07:25:27Z,1782285927,ramp_2,855.0,245718928.0,{}
1,B,RSS Memory Footprint,go_inventory,go,inventory,order-java:8083,order-java:8083,2026-06-24 12:55:27,2026-06-24T07:25:27Z,1782285927,ramp_2,855.0,325143376.0,{}
1,B,RSS Memory Footprint,go_inventory,go,inventory,warehouse-java-twin:9084,warehouse-java-twin:9084,2026-06-24 12:55:27,2026-06-24T07:25:27Z,1782285927,ramp_2,855.0,380929296.0,{}
1,B,RSS Memory Footprint,go_inventory,go,inventory,inventory-java:8082,inventory-java:8082,2026-06-24 12:55:42,2026-06-24T07:25:42Z,1782285942,ramp_2,870.0,247820432.0,{}
1,B,RSS Memory Footprint,go_inventory,go,inventory,order-java:8083,order-java:8083,2026-06-24 12:55:42,2026-06-24T07:25:42Z,1782285942,ramp_2,870.0,327240528.0,{}
1,B,RSS Memory Footprint,go_inventory,go,inventory,warehouse-java-twin:9084,warehouse-java-twin:9084,2026-06-24 12:55:42,2026-06-24T07:25:42Z,1782285942,ramp_2,870.0,384075016.0,{}
1,B,RSS Memory Footprint,go_inventory,go,inventory,inventory-java:8082,inventory-java:8082,2026-06-24 12:55:57,2026-06-24T07:25:57Z,1782285957,ramp_2,885.0,249917584.0,{}
1,B,RSS Memory Footprint,go_inventory,go,inventory,order-java:8083,order-java:8083,2026-06-24 12:55:57,2026-06-24T07:25:57Z,1782285957,ramp_2,885.0,330386256.0,{}
1,B,RSS Memory Footprint,go_inventory,go,inventory,warehouse-java-twin:9084,warehouse-java-twin:9084,2026-06-24 12:55:57,2026-06-24T07:25:57Z,1782285957,ramp_2,885.0,227840312.0,{}
1,B,RSS Memory Footprint,go_inventory,go,inventory,inventory-java:8082,inventory-java:8082,2026-06-24 12:56:12,2026-06-24T07:26:12Z,1782285972,ramp_3,900.0,252014736.0,{}
1,B,RSS Memory Footprint,go_inventory,go,inventory,order-java:8083,order-java:8083,2026-06-24 12:56:12,2026-06-24T07:26:12Z,1782285972,ramp_3,900.0,333533776.0,{}
1,B,RSS Memory Footprint,go_inventory,go,inventory,warehouse-java-twin:9084,warehouse-java-twin:9084,2026-06-24 12:56:12,2026-06-24T07:26:12Z,1782285972,ramp_3,900.0,230986040.0,{}
1,B,RSS Memory Footprint,go_inventory,go,inventory,inventory-java:8082,inventory-java:8082,2026-06-24 12:56:27,2026-06-24T07:26:27Z,1782285987,ramp_3,915.0,254111888.0,{}
1,B,RSS Memory Footprint,go_inventory,go,inventory,order-java:8083,order-java:8083,2026-06-24 12:56:27,2026-06-24T07:26:27Z,1782285987,ramp_3,915.0,335630928.0,{}
1,B,RSS Memory Footprint,go_inventory,go,inventory,warehouse-java-twin:9084,warehouse-java-twin:9084,2026-06-24 12:56:27,2026-06-24T07:26:27Z,1782285987,ramp_3,915.0,233083192.0,{}
1,B,RSS Memory Footprint,go_inventory,go,inventory,inventory-java:8082,inventory-java:8082,2026-06-24 12:56:42,2026-06-24T07:26:42Z,1782286002,ramp_3,930.0,257307256.0,{}
1,B,RSS Memory Footprint,go_inventory,go,inventory,order-java:8083,order-java:8083,2026-06-24 12:56:42,2026-06-24T07:26:42Z,1782286002,ramp_3,930.0,338776656.0,{}
1,B,RSS Memory Footprint,go_inventory,go,inventory,warehouse-java-twin:9084,warehouse-java-twin:9084,2026-06-24 12:56:42,2026-06-24T07:26:42Z,1782286002,ramp_3,930.0,236228920.0,{}
1,B,RSS Memory Footprint,go_inventory,go,inventory,inventory-java:8082,inventory-java:8082,2026-06-24 12:56:57,2026-06-24T07:26:57Z,1782286017,ramp_3,945.0,259430768.0,{}
1,B,RSS Memory Footprint,go_inventory,go,inventory,order-java:8083,order-java:8083,2026-06-24 12:56:57,2026-06-24T07:26:57Z,1782286017,ramp_3,945.0,342034936.0,{}
1,B,RSS Memory Footprint,go_inventory,go,inventory,warehouse-java-twin:9084,warehouse-java-twin:9084,2026-06-24 12:56:57,2026-06-24T07:26:57Z,1782286017,ramp_3,945.0,237277496.0,{}
1,B,RSS Memory Footprint,go_inventory,go,inventory,inventory-java:8082,inventory-java:8082,2026-06-24 12:57:12,2026-06-24T07:27:12Z,1782286032,ramp_3,960.0,261558072.0,{}
1,B,RSS Memory Footprint,go_inventory,go,inventory,order-java:8083,order-java:8083,2026-06-24 12:57:12,2026-06-24T07:27:12Z,1782286032,ramp_3,960.0,345181816.0,{}
1,B,RSS Memory Footprint,go_inventory,go,inventory,warehouse-java-twin:9084,warehouse-java-twin:9084,2026-06-24 12:57:12,2026-06-24T07:27:12Z,1782286032,ramp_3,960.0,239374648.0,{}
1,B,RSS Memory Footprint,go_inventory,go,inventory,inventory-java:8082,inventory-java:8082,2026-06-24 12:57:27,2026-06-24T07:27:27Z,1782286047,ramp_3,975.0,264780928.0,{}
1,B,RSS Memory Footprint,go_inventory,go,inventory,order-java:8083,order-java:8083,2026-06-24 12:57:27,2026-06-24T07:27:27Z,1782286047,ramp_3,975.0,348327544.0,{}
1,B,RSS Memory Footprint,go_inventory,go,inventory,warehouse-java-twin:9084,warehouse-java-twin:9084,2026-06-24 12:57:27,2026-06-24T07:27:27Z,1782286047,ramp_3,975.0,242520376.0,{}
1,B,RSS Memory Footprint,go_inventory,go,inventory,inventory-java:8082,inventory-java:8082,2026-06-24 12:57:42,2026-06-24T07:27:42Z,1782286062,ramp_3,990.0,267961616.0,{}
1,B,RSS Memory Footprint,go_inventory,go,inventory,order-java:8083,order-java:8083,2026-06-24 12:57:42,2026-06-24T07:27:42Z,1782286062,ramp_3,990.0,351481096.0,{}
1,B,RSS Memory Footprint,go_inventory,go,inventory,warehouse-java-twin:9084,warehouse-java-twin:9084,2026-06-24 12:57:42,2026-06-24T07:27:42Z,1782286062,ramp_3,990.0,244617528.0,{}
1,B,RSS Memory Footprint,go_inventory,go,inventory,inventory-java:8082,inventory-java:8082,2026-06-24 12:57:57,2026-06-24T07:27:57Z,1782286077,ramp_3,1005.0,270058768.0,{}
1,B,RSS Memory Footprint,go_inventory,go,inventory,order-java:8083,order-java:8083,2026-06-24 12:57:57,2026-06-24T07:27:57Z,1782286077,ramp_3,1005.0,194721936.0,{}
1,B,RSS Memory Footprint,go_inventory,go,inventory,warehouse-java-twin:9084,warehouse-java-twin:9084,2026-06-24 12:57:57,2026-06-24T07:27:57Z,1782286077,ramp_3,1005.0,247763256.0,{}
1,B,RSS Memory Footprint,go_inventory,go,inventory,inventory-java:8082,inventory-java:8082,2026-06-24 12:58:12,2026-06-24T07:28:12Z,1782286092,ramp_3,1020.0,272156688.0,{}
1,B,RSS Memory Footprint,go_inventory,go,inventory,order-java:8083,order-java:8083,2026-06-24 12:58:12,2026-06-24T07:28:12Z,1782286092,ramp_3,1020.0,197867664.0,{}
1,B,RSS Memory Footprint,go_inventory,go,inventory,warehouse-java-twin:9084,warehouse-java-twin:9084,2026-06-24 12:58:12,2026-06-24T07:28:12Z,1782286092,ramp_3,1020.0,249862840.0,{}
1,B,RSS Memory Footprint,go_inventory,go,inventory,inventory-java:8082,inventory-java:8082,2026-06-24 12:58:27,2026-06-24T07:28:27Z,1782286107,ramp_3,1035.0,275345320.0,{}
1,B,RSS Memory Footprint,go_inventory,go,inventory,order-java:8083,order-java:8083,2026-06-24 12:58:27,2026-06-24T07:28:27Z,1782286107,ramp_3,1035.0,201013392.0,{}
1,B,RSS Memory Footprint,go_inventory,go,inventory,warehouse-java-twin:9084,warehouse-java-twin:9084,2026-06-24 12:58:27,2026-06-24T07:28:27Z,1782286107,ramp_3,1035.0,251959992.0,{}
1,B,RSS Memory Footprint,go_inventory,go,inventory,inventory-java:8082,inventory-java:8082,2026-06-24 12:58:42,2026-06-24T07:28:42Z,1782286122,ramp_3,1050.0,277442472.0,{}
1,B,RSS Memory Footprint,go_inventory,go,inventory,order-java:8083,order-java:8083,2026-06-24 12:58:42,2026-06-24T07:28:42Z,1782286122,ramp_3,1050.0,204184824.0,{}
1,B,RSS Memory Footprint,go_inventory,go,inventory,warehouse-java-twin:9084,warehouse-java-twin:9084,2026-06-24 12:58:42,2026-06-24T07:28:42Z,1782286122,ramp_3,1050.0,255105720.0,{}
1,B,RSS Memory Footprint,go_inventory,go,inventory,inventory-java:8082,inventory-java:8082,2026-06-24 12:58:57,2026-06-24T07:28:57Z,1782286137,ramp_3,1065.0,279541160.0,{}
1,B,RSS Memory Footprint,go_inventory,go,inventory,order-java:8083,order-java:8083,2026-06-24 12:58:57,2026-06-24T07:28:57Z,1782286137,ramp_3,1065.0,207341864.0,{}
1,B,RSS Memory Footprint,go_inventory,go,inventory,warehouse-java-twin:9084,warehouse-java-twin:9084,2026-06-24 12:58:57,2026-06-24T07:28:57Z,1782286137,ramp_3,1065.0,258311768.0,{}
1,B,RSS Memory Footprint,go_inventory,go,inventory,inventory-java:8082,inventory-java:8082,2026-06-24 12:59:12,2026-06-24T07:29:12Z,1782286152,ramp_3,1080.0,281638312.0,{}
1,B,RSS Memory Footprint,go_inventory,go,inventory,order-java:8083,order-java:8083,2026-06-24 12:59:12,2026-06-24T07:29:12Z,1782286152,ramp_3,1080.0,211571920.0,{}
1,B,RSS Memory Footprint,go_inventory,go,inventory,warehouse-java-twin:9084,warehouse-java-twin:9084,2026-06-24 12:59:12,2026-06-24T07:29:12Z,1782286152,ramp_3,1080.0,260408920.0,{}
1,B,RSS Memory Footprint,go_inventory,go,inventory,inventory-java:8082,inventory-java:8082,2026-06-24 12:59:27,2026-06-24T07:29:27Z,1782286167,ramp_3,1095.0,283735464.0,{}
1,B,RSS Memory Footprint,go_inventory,go,inventory,order-java:8083,order-java:8083,2026-06-24 12:59:27,2026-06-24T07:29:27Z,1782286167,ramp_3,1095.0,213669072.0,{}
1,B,RSS Memory Footprint,go_inventory,go,inventory,warehouse-java-twin:9084,warehouse-java-twin:9084,2026-06-24 12:59:27,2026-06-24T07:29:27Z,1782286167,ramp_3,1095.0,263555544.0,{}
1,B,RSS Memory Footprint,go_inventory,go,inventory,inventory-java:8082,inventory-java:8082,2026-06-24 12:59:42,2026-06-24T07:29:42Z,1782286182,ramp_3,1110.0,285832616.0,{}
1,B,RSS Memory Footprint,go_inventory,go,inventory,order-java:8083,order-java:8083,2026-06-24 12:59:42,2026-06-24T07:29:42Z,1782286182,ramp_3,1110.0,216839376.0,{}
1,B,RSS Memory Footprint,go_inventory,go,inventory,warehouse-java-twin:9084,warehouse-java-twin:9084,2026-06-24 12:59:42,2026-06-24T07:29:42Z,1782286182,ramp_3,1110.0,265652696.0,{}
1,B,RSS Memory Footprint,go_inventory,go,inventory,inventory-java:8082,inventory-java:8082,2026-06-24 12:59:57,2026-06-24T07:29:57Z,1782286197,ramp_3,1125.0,287929768.0,{}
1,B,RSS Memory Footprint,go_inventory,go,inventory,order-java:8083,order-java:8083,2026-06-24 12:59:57,2026-06-24T07:29:57Z,1782286197,ramp_3,1125.0,218936528.0,{}
1,B,RSS Memory Footprint,go_inventory,go,inventory,warehouse-java-twin:9084,warehouse-java-twin:9084,2026-06-24 12:59:57,2026-06-24T07:29:57Z,1782286197,ramp_3,1125.0,268798424.0,{}
1,B,RSS Memory Footprint,go_inventory,go,inventory,inventory-java:8082,inventory-java:8082,2026-06-24 13:00:12,2026-06-24T07:30:12Z,1782286212,ramp_3,1140.0,290026920.0,{}
1,B,RSS Memory Footprint,go_inventory,go,inventory,order-java:8083,order-java:8083,2026-06-24 13:00:12,2026-06-24T07:30:12Z,1782286212,ramp_3,1140.0,222082256.0,{}
1,B,RSS Memory Footprint,go_inventory,go,inventory,warehouse-java-twin:9084,warehouse-java-twin:9084,2026-06-24 13:00:12,2026-06-24T07:30:12Z,1782286212,ramp_3,1140.0,271978416.0,{}
1,B,RSS Memory Footprint,go_inventory,go,inventory,inventory-java:8082,inventory-java:8082,2026-06-24 13:00:27,2026-06-24T07:30:27Z,1782286227,ramp_3,1155.0,292124072.0,{}
1,B,RSS Memory Footprint,go_inventory,go,inventory,order-java:8083,order-java:8083,2026-06-24 13:00:27,2026-06-24T07:30:27Z,1782286227,ramp_3,1155.0,225259016.0,{}
1,B,RSS Memory Footprint,go_inventory,go,inventory,warehouse-java-twin:9084,warehouse-java-twin:9084,2026-06-24 13:00:27,2026-06-24T07:30:27Z,1782286227,ramp_3,1155.0,274084656.0,{}
1,B,RSS Memory Footprint,go_inventory,go,inventory,inventory-java:8082,inventory-java:8082,2026-06-24 13:00:42,2026-06-24T07:30:42Z,1782286242,ramp_3,1170.0,295336688.0,{}
1,B,RSS Memory Footprint,go_inventory,go,inventory,order-java:8083,order-java:8083,2026-06-24 13:00:42,2026-06-24T07:30:42Z,1782286242,ramp_3,1170.0,228429520.0,{}
1,B,RSS Memory Footprint,go_inventory,go,inventory,warehouse-java-twin:9084,warehouse-java-twin:9084,2026-06-24 13:00:42,2026-06-24T07:30:42Z,1782286242,ramp_3,1170.0,276181808.0,{}
1,B,RSS Memory Footprint,go_inventory,go,inventory,inventory-java:8082,inventory-java:8082,2026-06-24 13:00:57,2026-06-24T07:30:57Z,1782286257,ramp_3,1185.0,297440240.0,{}
1,B,RSS Memory Footprint,go_inventory,go,inventory,order-java:8083,order-java:8083,2026-06-24 13:00:57,2026-06-24T07:30:57Z,1782286257,ramp_3,1185.0,230536016.0,{}
1,B,RSS Memory Footprint,go_inventory,go,inventory,warehouse-java-twin:9084,warehouse-java-twin:9084,2026-06-24 13:00:57,2026-06-24T07:30:57Z,1782286257,ramp_3,1185.0,279327536.0,{}
1,B,RSS Memory Footprint,go_inventory,go,inventory,inventory-java:8082,inventory-java:8082,2026-06-24 13:01:12,2026-06-24T07:31:12Z,1782286272,sustain,1200.0,299626664.0,{}
1,B,RSS Memory Footprint,go_inventory,go,inventory,order-java:8083,order-java:8083,2026-06-24 13:01:12,2026-06-24T07:31:12Z,1782286272,sustain,1200.0,233681744.0,{}
1,B,RSS Memory Footprint,go_inventory,go,inventory,warehouse-java-twin:9084,warehouse-java-twin:9084,2026-06-24 13:01:12,2026-06-24T07:31:12Z,1782286272,sustain,1200.0,281426096.0,{}
1,B,RSS Memory Footprint,go_inventory,go,inventory,inventory-java:8082,inventory-java:8082,2026-06-24 13:01:27,2026-06-24T07:31:27Z,1782286287,sustain,1215.0,301724584.0,{}
1,B,RSS Memory Footprint,go_inventory,go,inventory,order-java:8083,order-java:8083,2026-06-24 13:01:27,2026-06-24T07:31:27Z,1782286287,sustain,1215.0,236829648.0,{}
1,B,RSS Memory Footprint,go_inventory,go,inventory,warehouse-java-twin:9084,warehouse-java-twin:9084,2026-06-24 13:01:27,2026-06-24T07:31:27Z,1782286287,sustain,1215.0,284590264.0,{}
1,B,RSS Memory Footprint,go_inventory,go,inventory,inventory-java:8082,inventory-java:8082,2026-06-24 13:01:42,2026-06-24T07:31:42Z,1782286302,sustain,1230.0,303844352.0,{}
1,B,RSS Memory Footprint,go_inventory,go,inventory,order-java:8083,order-java:8083,2026-06-24 13:01:42,2026-06-24T07:31:42Z,1782286302,sustain,1230.0,238926800.0,{}
1,B,RSS Memory Footprint,go_inventory,go,inventory,warehouse-java-twin:9084,warehouse-java-twin:9084,2026-06-24 13:01:42,2026-06-24T07:31:42Z,1782286302,sustain,1230.0,287735992.0,{}
1,B,RSS Memory Footprint,go_inventory,go,inventory,inventory-java:8082,inventory-java:8082,2026-06-24 13:01:57,2026-06-24T07:31:57Z,1782286317,sustain,1245.0,306990080.0,{}
1,B,RSS Memory Footprint,go_inventory,go,inventory,order-java:8083,order-java:8083,2026-06-24 13:01:57,2026-06-24T07:31:57Z,1782286317,sustain,1245.0,242072528.0,{}
1,B,RSS Memory Footprint,go_inventory,go,inventory,warehouse-java-twin:9084,warehouse-java-twin:9084,2026-06-24 13:01:57,2026-06-24T07:31:57Z,1782286317,sustain,1245.0,289833144.0,{}
1,B,RSS Memory Footprint,go_inventory,go,inventory,inventory-java:8082,inventory-java:8082,2026-06-24 13:02:12,2026-06-24T07:32:12Z,1782286332,sustain,1260.0,309140096.0,{}
1,B,RSS Memory Footprint,go_inventory,go,inventory,order-java:8083,order-java:8083,2026-06-24 13:02:12,2026-06-24T07:32:12Z,1782286332,sustain,1260.0,245218256.0,{}
1,B,RSS Memory Footprint,go_inventory,go,inventory,warehouse-java-twin:9084,warehouse-java-twin:9084,2026-06-24 13:02:12,2026-06-24T07:32:12Z,1782286332,sustain,1260.0,291930296.0,{}
1,B,RSS Memory Footprint,go_inventory,go,inventory,inventory-java:8082,inventory-java:8082,2026-06-24 13:02:27,2026-06-24T07:32:27Z,1782286347,sustain,1275.0,154255592.0,{}
1,B,RSS Memory Footprint,go_inventory,go,inventory,order-java:8083,order-java:8083,2026-06-24 13:02:27,2026-06-24T07:32:27Z,1782286347,sustain,1275.0,247315408.0,{}
1,B,RSS Memory Footprint,go_inventory,go,inventory,warehouse-java-twin:9084,warehouse-java-twin:9084,2026-06-24 13:02:27,2026-06-24T07:32:27Z,1782286347,sustain,1275.0,295076024.0,{}
1,B,RSS Memory Footprint,go_inventory,go,inventory,inventory-java:8082,inventory-java:8082,2026-06-24 13:02:42,2026-06-24T07:32:42Z,1782286362,sustain,1290.0,156352744.0,{}
1,B,RSS Memory Footprint,go_inventory,go,inventory,order-java:8083,order-java:8083,2026-06-24 13:02:42,2026-06-24T07:32:42Z,1782286362,sustain,1290.0,250461136.0,{}
1,B,RSS Memory Footprint,go_inventory,go,inventory,warehouse-java-twin:9084,warehouse-java-twin:9084,2026-06-24 13:02:42,2026-06-24T07:32:42Z,1782286362,sustain,1290.0,297173176.0,{}
1,B,RSS Memory Footprint,go_inventory,go,inventory,inventory-java:8082,inventory-java:8082,2026-06-24 13:02:57,2026-06-24T07:32:57Z,1782286377,sustain,1305.0,158455016.0,{}
1,B,RSS Memory Footprint,go_inventory,go,inventory,order-java:8083,order-java:8083,2026-06-24 13:02:57,2026-06-24T07:32:57Z,1782286377,sustain,1305.0,253613904.0,{}
1,B,RSS Memory Footprint,go_inventory,go,inventory,warehouse-java-twin:9084,warehouse-java-twin:9084,2026-06-24 13:02:57,2026-06-24T07:32:57Z,1782286377,sustain,1305.0,300318904.0,{}
1,B,RSS Memory Footprint,go_inventory,go,inventory,inventory-java:8082,inventory-java:8082,2026-06-24 13:03:12,2026-06-24T07:33:12Z,1782286392,sustain,1320.0,160552168.0,{}
1,B,RSS Memory Footprint,go_inventory,go,inventory,order-java:8083,order-java:8083,2026-06-24 13:03:12,2026-06-24T07:33:12Z,1782286392,sustain,1320.0,256760784.0,{}
1,B,RSS Memory Footprint,go_inventory,go,inventory,warehouse-java-twin:9084,warehouse-java-twin:9084,2026-06-24 13:03:12,2026-06-24T07:33:12Z,1782286392,sustain,1320.0,303474728.0,{}
1,B,RSS Memory Footprint,go_inventory,go,inventory,inventory-java:8082,inventory-java:8082,2026-06-24 13:03:27,2026-06-24T07:33:27Z,1782286407,sustain,1335.0,163715240.0,{}
1,B,RSS Memory Footprint,go_inventory,go,inventory,order-java:8083,order-java:8083,2026-06-24 13:03:27,2026-06-24T07:33:27Z,1782286407,sustain,1335.0,258869840.0,{}
1,B,RSS Memory Footprint,go_inventory,go,inventory,warehouse-java-twin:9084,warehouse-java-twin:9084,2026-06-24 13:03:27,2026-06-24T07:33:27Z,1782286407,sustain,1335.0,305576616.0,{}
1,B,RSS Memory Footprint,go_inventory,go,inventory,inventory-java:8082,inventory-java:8082,2026-06-24 13:03:42,2026-06-24T07:33:42Z,1782286422,sustain,1350.0,165836000.0,{}
1,B,RSS Memory Footprint,go_inventory,go,inventory,order-java:8083,order-java:8083,2026-06-24 13:03:42,2026-06-24T07:33:42Z,1782286422,sustain,1350.0,262015568.0,{}
1,B,RSS Memory Footprint,go_inventory,go,inventory,warehouse-java-twin:9084,warehouse-java-twin:9084,2026-06-24 13:03:42,2026-06-24T07:33:42Z,1782286422,sustain,1350.0,308727208.0,{}
1,B,RSS Memory Footprint,go_inventory,go,inventory,inventory-java:8082,inventory-java:8082,2026-06-24 13:03:57,2026-06-24T07:33:57Z,1782286437,sustain,1365.0,167933152.0,{}
1,B,RSS Memory Footprint,go_inventory,go,inventory,order-java:8083,order-java:8083,2026-06-24 13:03:57,2026-06-24T07:33:57Z,1782286437,sustain,1365.0,265161296.0,{}
1,B,RSS Memory Footprint,go_inventory,go,inventory,warehouse-java-twin:9084,warehouse-java-twin:9084,2026-06-24 13:03:57,2026-06-24T07:33:57Z,1782286437,sustain,1365.0,311893728.0,{}
1,B,RSS Memory Footprint,go_inventory,go,inventory,inventory-java:8082,inventory-java:8082,2026-06-24 13:04:12,2026-06-24T07:34:12Z,1782286452,sustain,1380.0,170037344.0,{}
1,B,RSS Memory Footprint,go_inventory,go,inventory,order-java:8083,order-java:8083,2026-06-24 13:04:12,2026-06-24T07:34:12Z,1782286452,sustain,1380.0,267258448.0,{}
1,B,RSS Memory Footprint,go_inventory,go,inventory,warehouse-java-twin:9084,warehouse-java-twin:9084,2026-06-24 13:04:12,2026-06-24T07:34:12Z,1782286452,sustain,1380.0,315039456.0,{}
1,B,RSS Memory Footprint,go_inventory,go,inventory,inventory-java:8082,inventory-java:8082,2026-06-24 13:04:27,2026-06-24T07:34:27Z,1782286467,sustain,1395.0,172134496.0,{}
1,B,RSS Memory Footprint,go_inventory,go,inventory,order-java:8083,order-java:8083,2026-06-24 13:04:27,2026-06-24T07:34:27Z,1782286467,sustain,1395.0,270404176.0,{}
1,B,RSS Memory Footprint,go_inventory,go,inventory,warehouse-java-twin:9084,warehouse-java-twin:9084,2026-06-24 13:04:27,2026-06-24T07:34:27Z,1782286467,sustain,1395.0,317136608.0,{}
1,B,RSS Memory Footprint,go_inventory,go,inventory,inventory-java:8082,inventory-java:8082,2026-06-24 13:04:42,2026-06-24T07:34:42Z,1782286482,sustain,1410.0,174234336.0,{}
1,B,RSS Memory Footprint,go_inventory,go,inventory,order-java:8083,order-java:8083,2026-06-24 13:04:42,2026-06-24T07:34:42Z,1782286482,sustain,1410.0,273549904.0,{}
1,B,RSS Memory Footprint,go_inventory,go,inventory,warehouse-java-twin:9084,warehouse-java-twin:9084,2026-06-24 13:04:42,2026-06-24T07:34:42Z,1782286482,sustain,1410.0,320291552.0,{}
1,B,RSS Memory Footprint,go_inventory,go,inventory,inventory-java:8082,inventory-java:8082,2026-06-24 13:04:57,2026-06-24T07:34:57Z,1782286497,sustain,1425.0,176331488.0,{}
1,B,RSS Memory Footprint,go_inventory,go,inventory,order-java:8083,order-java:8083,2026-06-24 13:04:57,2026-06-24T07:34:57Z,1782286497,sustain,1425.0,275647952.0,{}
1,B,RSS Memory Footprint,go_inventory,go,inventory,warehouse-java-twin:9084,warehouse-java-twin:9084,2026-06-24 13:04:57,2026-06-24T07:34:57Z,1782286497,sustain,1425.0,322389600.0,{}
1,B,RSS Memory Footprint,go_inventory,go,inventory,inventory-java:8082,inventory-java:8082,2026-06-24 13:05:12,2026-06-24T07:35:12Z,1782286512,sustain,1440.0,178428640.0,{}
1,B,RSS Memory Footprint,go_inventory,go,inventory,order-java:8083,order-java:8083,2026-06-24 13:05:12,2026-06-24T07:35:12Z,1782286512,sustain,1440.0,278793680.0,{}
1,B,RSS Memory Footprint,go_inventory,go,inventory,warehouse-java-twin:9084,warehouse-java-twin:9084,2026-06-24 13:05:12,2026-06-24T07:35:12Z,1782286512,sustain,1440.0,324486752.0,{}
1,B,RSS Memory Footprint,go_inventory,go,inventory,inventory-java:8082,inventory-java:8082,2026-06-24 13:05:27,2026-06-24T07:35:27Z,1782286527,sustain,1455.0,180525792.0,{}
1,B,RSS Memory Footprint,go_inventory,go,inventory,order-java:8083,order-java:8083,2026-06-24 13:05:27,2026-06-24T07:35:27Z,1782286527,sustain,1455.0,280890832.0,{}
1,B,RSS Memory Footprint,go_inventory,go,inventory,warehouse-java-twin:9084,warehouse-java-twin:9084,2026-06-24 13:05:27,2026-06-24T07:35:27Z,1782286527,sustain,1455.0,327632480.0,{}
1,B,RSS Memory Footprint,go_inventory,go,inventory,inventory-java:8082,inventory-java:8082,2026-06-24 13:05:42,2026-06-24T07:35:42Z,1782286542,sustain,1470.0,182622944.0,{}
1,B,RSS Memory Footprint,go_inventory,go,inventory,order-java:8083,order-java:8083,2026-06-24 13:05:42,2026-06-24T07:35:42Z,1782286542,sustain,1470.0,284036560.0,{}
1,B,RSS Memory Footprint,go_inventory,go,inventory,warehouse-java-twin:9084,warehouse-java-twin:9084,2026-06-24 13:05:42,2026-06-24T07:35:42Z,1782286542,sustain,1470.0,329731296.0,{}
1,B,RSS Memory Footprint,go_inventory,go,inventory,inventory-java:8082,inventory-java:8082,2026-06-24 13:05:57,2026-06-24T07:35:57Z,1782286557,sustain,1485.0,184720096.0,{}
1,B,RSS Memory Footprint,go_inventory,go,inventory,order-java:8083,order-java:8083,2026-06-24 13:05:57,2026-06-24T07:35:57Z,1782286557,sustain,1485.0,287191760.0,{}
1,B,RSS Memory Footprint,go_inventory,go,inventory,warehouse-java-twin:9084,warehouse-java-twin:9084,2026-06-24 13:05:57,2026-06-24T07:35:57Z,1782286557,sustain,1485.0,332882016.0,{}
1,B,RSS Memory Footprint,go_inventory,go,inventory,inventory-java:8082,inventory-java:8082,2026-06-24 13:06:12,2026-06-24T07:36:12Z,1782286572,sustain,1500.0,186817248.0,{}
1,B,RSS Memory Footprint,go_inventory,go,inventory,order-java:8083,order-java:8083,2026-06-24 13:06:12,2026-06-24T07:36:12Z,1782286572,sustain,1500.0,289288912.0,{}
1,B,RSS Memory Footprint,go_inventory,go,inventory,warehouse-java-twin:9084,warehouse-java-twin:9084,2026-06-24 13:06:12,2026-06-24T07:36:12Z,1782286572,sustain,1500.0,334979168.0,{}
1,B,RSS Memory Footprint,go_inventory,go,inventory,inventory-java:8082,inventory-java:8082,2026-06-24 13:06:27,2026-06-24T07:36:27Z,1782286587,sustain,1515.0,188918240.0,{}
1,B,RSS Memory Footprint,go_inventory,go,inventory,order-java:8083,order-java:8083,2026-06-24 13:06:27,2026-06-24T07:36:27Z,1782286587,sustain,1515.0,292434640.0,{}
1,B,RSS Memory Footprint,go_inventory,go,inventory,warehouse-java-twin:9084,warehouse-java-twin:9084,2026-06-24 13:06:27,2026-06-24T07:36:27Z,1782286587,sustain,1515.0,338139224.0,{}
1,B,RSS Memory Footprint,go_inventory,go,inventory,inventory-java:8082,inventory-java:8082,2026-06-24 13:06:42,2026-06-24T07:36:42Z,1782286602,sustain,1530.0,191016288.0,{}
1,B,RSS Memory Footprint,go_inventory,go,inventory,order-java:8083,order-java:8083,2026-06-24 13:06:42,2026-06-24T07:36:42Z,1782286602,sustain,1530.0,295580368.0,{}
1,B,RSS Memory Footprint,go_inventory,go,inventory,warehouse-java-twin:9084,warehouse-java-twin:9084,2026-06-24 13:06:42,2026-06-24T07:36:42Z,1782286602,sustain,1530.0,340238168.0,{}
1,B,RSS Memory Footprint,go_inventory,go,inventory,inventory-java:8082,inventory-java:8082,2026-06-24 13:06:57,2026-06-24T07:36:57Z,1782286617,sustain,1545.0,193113440.0,{}
1,B,RSS Memory Footprint,go_inventory,go,inventory,order-java:8083,order-java:8083,2026-06-24 13:06:57,2026-06-24T07:36:57Z,1782286617,sustain,1545.0,298726096.0,{}
1,B,RSS Memory Footprint,go_inventory,go,inventory,warehouse-java-twin:9084,warehouse-java-twin:9084,2026-06-24 13:06:57,2026-06-24T07:36:57Z,1782286617,sustain,1545.0,343383896.0,{}
1,B,RSS Memory Footprint,go_inventory,go,inventory,inventory-java:8082,inventory-java:8082,2026-06-24 13:07:12,2026-06-24T07:37:12Z,1782286632,sustain,1560.0,195210592.0,{}
1,B,RSS Memory Footprint,go_inventory,go,inventory,order-java:8083,order-java:8083,2026-06-24 13:07:12,2026-06-24T07:37:12Z,1782286632,sustain,1560.0,300823248.0,{}
1,B,RSS Memory Footprint,go_inventory,go,inventory,warehouse-java-twin:9084,warehouse-java-twin:9084,2026-06-24 13:07:12,2026-06-24T07:37:12Z,1782286632,sustain,1560.0,345481048.0,{}
1,B,RSS Memory Footprint,go_inventory,go,inventory,inventory-java:8082,inventory-java:8082,2026-06-24 13:07:27,2026-06-24T07:37:27Z,1782286647,sustain,1575.0,197307744.0,{}
1,B,RSS Memory Footprint,go_inventory,go,inventory,order-java:8083,order-java:8083,2026-06-24 13:07:27,2026-06-24T07:37:27Z,1782286647,sustain,1575.0,303968976.0,{}
1,B,RSS Memory Footprint,go_inventory,go,inventory,warehouse-java-twin:9084,warehouse-java-twin:9084,2026-06-24 13:07:27,2026-06-24T07:37:27Z,1782286647,sustain,1575.0,348627672.0,{}
1,B,RSS Memory Footprint,go_inventory,go,inventory,inventory-java:8082,inventory-java:8082,2026-06-24 13:07:42,2026-06-24T07:37:42Z,1782286662,sustain,1590.0,199404896.0,{}
1,B,RSS Memory Footprint,go_inventory,go,inventory,order-java:8083,order-java:8083,2026-06-24 13:07:42,2026-06-24T07:37:42Z,1782286662,sustain,1590.0,307114704.0,{}
1,B,RSS Memory Footprint,go_inventory,go,inventory,warehouse-java-twin:9084,warehouse-java-twin:9084,2026-06-24 13:07:42,2026-06-24T07:37:42Z,1782286662,sustain,1590.0,350724824.0,{}
1,B,RSS Memory Footprint,go_inventory,go,inventory,inventory-java:8082,inventory-java:8082,2026-06-24 13:07:57,2026-06-24T07:37:57Z,1782286677,sustain,1605.0,201502048.0,{}
1,B,RSS Memory Footprint,go_inventory,go,inventory,order-java:8083,order-java:8083,2026-06-24 13:07:57,2026-06-24T07:37:57Z,1782286677,sustain,1605.0,309211856.0,{}
1,B,RSS Memory Footprint,go_inventory,go,inventory,warehouse-java-twin:9084,warehouse-java-twin:9084,2026-06-24 13:07:57,2026-06-24T07:37:57Z,1782286677,sustain,1605.0,353870552.0,{}
1,B,RSS Memory Footprint,go_inventory,go,inventory,inventory-java:8082,inventory-java:8082,2026-06-24 13:08:12,2026-06-24T07:38:12Z,1782286692,sustain,1620.0,203599200.0,{}
1,B,RSS Memory Footprint,go_inventory,go,inventory,order-java:8083,order-java:8083,2026-06-24 13:08:12,2026-06-24T07:38:12Z,1782286692,sustain,1620.0,312359120.0,{}
1,B,RSS Memory Footprint,go_inventory,go,inventory,warehouse-java-twin:9084,warehouse-java-twin:9084,2026-06-24 13:08:12,2026-06-24T07:38:12Z,1782286692,sustain,1620.0,355967704.0,{}
1,B,RSS Memory Footprint,go_inventory,go,inventory,inventory-java:8082,inventory-java:8082,2026-06-24 13:08:27,2026-06-24T07:38:27Z,1782286707,sustain,1635.0,205696352.0,{}
1,B,RSS Memory Footprint,go_inventory,go,inventory,order-java:8083,order-java:8083,2026-06-24 13:08:27,2026-06-24T07:38:27Z,1782286707,sustain,1635.0,314456272.0,{}
1,B,RSS Memory Footprint,go_inventory,go,inventory,warehouse-java-twin:9084,warehouse-java-twin:9084,2026-06-24 13:08:27,2026-06-24T07:38:27Z,1782286707,sustain,1635.0,358064856.0,{}
1,B,RSS Memory Footprint,go_inventory,go,inventory,inventory-java:8082,inventory-java:8082,2026-06-24 13:08:42,2026-06-24T07:38:42Z,1782286722,sustain,1650.0,207793504.0,{}
1,B,RSS Memory Footprint,go_inventory,go,inventory,order-java:8083,order-java:8083,2026-06-24 13:08:42,2026-06-24T07:38:42Z,1782286722,sustain,1650.0,317602000.0,{}
1,B,RSS Memory Footprint,go_inventory,go,inventory,warehouse-java-twin:9084,warehouse-java-twin:9084,2026-06-24 13:08:42,2026-06-24T07:38:42Z,1782286722,sustain,1650.0,360164056.0,{}
1,B,RSS Memory Footprint,go_inventory,go,inventory,inventory-java:8082,inventory-java:8082,2026-06-24 13:08:57,2026-06-24T07:38:57Z,1782286737,sustain,1665.0,209890656.0,{}
1,B,RSS Memory Footprint,go_inventory,go,inventory,order-java:8083,order-java:8083,2026-06-24 13:08:57,2026-06-24T07:38:57Z,1782286737,sustain,1665.0,320747728.0,{}
1,B,RSS Memory Footprint,go_inventory,go,inventory,warehouse-java-twin:9084,warehouse-java-twin:9084,2026-06-24 13:08:57,2026-06-24T07:38:57Z,1782286737,sustain,1665.0,363309784.0,{}
1,B,RSS Memory Footprint,go_inventory,go,inventory,inventory-java:8082,inventory-java:8082,2026-06-24 13:09:12,2026-06-24T07:39:12Z,1782286752,sustain,1680.0,211994208.0,{}
1,B,RSS Memory Footprint,go_inventory,go,inventory,order-java:8083,order-java:8083,2026-06-24 13:09:12,2026-06-24T07:39:12Z,1782286752,sustain,1680.0,323893456.0,{}
1,B,RSS Memory Footprint,go_inventory,go,inventory,warehouse-java-twin:9084,warehouse-java-twin:9084,2026-06-24 13:09:12,2026-06-24T07:39:12Z,1782286752,sustain,1680.0,365406936.0,{}
1,B,RSS Memory Footprint,go_inventory,go,inventory,inventory-java:8082,inventory-java:8082,2026-06-24 13:09:27,2026-06-24T07:39:27Z,1782286767,sustain,1695.0,214091360.0,{}
1,B,RSS Memory Footprint,go_inventory,go,inventory,order-java:8083,order-java:8083,2026-06-24 13:09:27,2026-06-24T07:39:27Z,1782286767,sustain,1695.0,325996240.0,{}
1,B,RSS Memory Footprint,go_inventory,go,inventory,warehouse-java-twin:9084,warehouse-java-twin:9084,2026-06-24 13:09:27,2026-06-24T07:39:27Z,1782286767,sustain,1695.0,368555736.0,{}
1,B,RSS Memory Footprint,go_inventory,go,inventory,inventory-java:8082,inventory-java:8082,2026-06-24 13:09:42,2026-06-24T07:39:42Z,1782286782,sustain,1710.0,216188512.0,{}
1,B,RSS Memory Footprint,go_inventory,go,inventory,order-java:8083,order-java:8083,2026-06-24 13:09:42,2026-06-24T07:39:42Z,1782286782,sustain,1710.0,329141968.0,{}
1,B,RSS Memory Footprint,go_inventory,go,inventory,warehouse-java-twin:9084,warehouse-java-twin:9084,2026-06-24 13:09:42,2026-06-24T07:39:42Z,1782286782,sustain,1710.0,370652888.0,{}
1,B,RSS Memory Footprint,go_inventory,go,inventory,inventory-java:8082,inventory-java:8082,2026-06-24 13:09:57,2026-06-24T07:39:57Z,1782286797,sustain,1725.0,218285664.0,{}
1,B,RSS Memory Footprint,go_inventory,go,inventory,order-java:8083,order-java:8083,2026-06-24 13:09:57,2026-06-24T07:39:57Z,1782286797,sustain,1725.0,332287696.0,{}
1,B,RSS Memory Footprint,go_inventory,go,inventory,warehouse-java-twin:9084,warehouse-java-twin:9084,2026-06-24 13:09:57,2026-06-24T07:39:57Z,1782286797,sustain,1725.0,373799768.0,{}
1,B,RSS Memory Footprint,go_inventory,go,inventory,inventory-java:8082,inventory-java:8082,2026-06-24 13:10:12,2026-06-24T07:40:12Z,1782286812,sustain,1740.0,220382816.0,{}
1,B,RSS Memory Footprint,go_inventory,go,inventory,order-java:8083,order-java:8083,2026-06-24 13:10:12,2026-06-24T07:40:12Z,1782286812,sustain,1740.0,334384848.0,{}
1,B,RSS Memory Footprint,go_inventory,go,inventory,warehouse-java-twin:9084,warehouse-java-twin:9084,2026-06-24 13:10:12,2026-06-24T07:40:12Z,1782286812,sustain,1740.0,375896920.0,{}
1,B,RSS Memory Footprint,go_inventory,go,inventory,inventory-java:8082,inventory-java:8082,2026-06-24 13:10:27,2026-06-24T07:40:27Z,1782286827,sustain,1755.0,222479968.0,{}
1,B,RSS Memory Footprint,go_inventory,go,inventory,order-java:8083,order-java:8083,2026-06-24 13:10:27,2026-06-24T07:40:27Z,1782286827,sustain,1755.0,337530576.0,{}
1,B,RSS Memory Footprint,go_inventory,go,inventory,warehouse-java-twin:9084,warehouse-java-twin:9084,2026-06-24 13:10:27,2026-06-24T07:40:27Z,1782286827,sustain,1755.0,377994072.0,{}
1,B,RSS Memory Footprint,go_inventory,go,inventory,inventory-java:8082,inventory-java:8082,2026-06-24 13:10:42,2026-06-24T07:40:42Z,1782286842,sustain,1770.0,224577120.0,{}
1,B,RSS Memory Footprint,go_inventory,go,inventory,order-java:8083,order-java:8083,2026-06-24 13:10:42,2026-06-24T07:40:42Z,1782286842,sustain,1770.0,340676304.0,{}
1,B,RSS Memory Footprint,go_inventory,go,inventory,warehouse-java-twin:9084,warehouse-java-twin:9084,2026-06-24 13:10:42,2026-06-24T07:40:42Z,1782286842,sustain,1770.0,381139800.0,{}
1,B,RSS Memory Footprint,go_inventory,go,inventory,inventory-java:8082,inventory-java:8082,2026-06-24 13:10:57,2026-06-24T07:40:57Z,1782286857,sustain,1785.0,226674272.0,{}
1,B,RSS Memory Footprint,go_inventory,go,inventory,order-java:8083,order-java:8083,2026-06-24 13:10:57,2026-06-24T07:40:57Z,1782286857,sustain,1785.0,342777936.0,{}
1,B,RSS Memory Footprint,go_inventory,go,inventory,warehouse-java-twin:9084,warehouse-java-twin:9084,2026-06-24 13:10:57,2026-06-24T07:40:57Z,1782286857,sustain,1785.0,383236952.0,{}
1,B,RSS Memory Footprint,go_inventory,go,inventory,inventory-java:8082,inventory-java:8082,2026-06-24 13:11:12,2026-06-24T07:41:12Z,1782286872,cooldown,1800.0,228771424.0,{}
1,B,RSS Memory Footprint,go_inventory,go,inventory,order-java:8083,order-java:8083,2026-06-24 13:11:12,2026-06-24T07:41:12Z,1782286872,cooldown,1800.0,345923664.0,{}
1,B,RSS Memory Footprint,go_inventory,go,inventory,warehouse-java-twin:9084,warehouse-java-twin:9084,2026-06-24 13:11:12,2026-06-24T07:41:12Z,1782286872,cooldown,1800.0,227962640.0,{}
1,B,RSS Memory Footprint,go_inventory,go,inventory,inventory-java:8082,inventory-java:8082,2026-06-24 13:11:27,2026-06-24T07:41:27Z,1782286887,cooldown,1815.0,230868576.0,{}
1,B,RSS Memory Footprint,go_inventory,go,inventory,order-java:8083,order-java:8083,2026-06-24 13:11:27,2026-06-24T07:41:27Z,1782286887,cooldown,1815.0,348023376.0,{}
1,B,RSS Memory Footprint,go_inventory,go,inventory,warehouse-java-twin:9084,warehouse-java-twin:9084,2026-06-24 13:11:27,2026-06-24T07:41:27Z,1782286887,cooldown,1815.0,230059792.0,{}
1,B,RSS Memory Footprint,go_inventory,go,inventory,inventory-java:8082,inventory-java:8082,2026-06-24 13:11:42,2026-06-24T07:41:42Z,1782286902,cooldown,1830.0,232965728.0,{}
1,B,RSS Memory Footprint,go_inventory,go,inventory,order-java:8083,order-java:8083,2026-06-24 13:11:42,2026-06-24T07:41:42Z,1782286902,cooldown,1830.0,351173840.0,{}
1,B,RSS Memory Footprint,go_inventory,go,inventory,warehouse-java-twin:9084,warehouse-java-twin:9084,2026-06-24 13:11:42,2026-06-24T07:41:42Z,1782286902,cooldown,1830.0,233205520.0,{}
1,B,RSS Memory Footprint,go_inventory,go,inventory,inventory-java:8082,inventory-java:8082,2026-06-24 13:11:57,2026-06-24T07:41:57Z,1782286917,cooldown,1845.0,235140664.0,{}
1,B,RSS Memory Footprint,go_inventory,go,inventory,order-java:8083,order-java:8083,2026-06-24 13:11:57,2026-06-24T07:41:57Z,1782286917,cooldown,1845.0,196239024.0,{}
1,B,RSS Memory Footprint,go_inventory,go,inventory,warehouse-java-twin:9084,warehouse-java-twin:9084,2026-06-24 13:11:57,2026-06-24T07:41:57Z,1782286917,cooldown,1845.0,236352784.0,{}
1,B,RSS Memory Footprint,go_inventory,go,inventory,inventory-java:8082,inventory-java:8082,2026-06-24 13:12:12,2026-06-24T07:42:12Z,1782286932,cooldown,1860.0,237237816.0,{}
1,B,RSS Memory Footprint,go_inventory,go,inventory,order-java:8083,order-java:8083,2026-06-24 13:12:12,2026-06-24T07:42:12Z,1782286932,cooldown,1860.0,199394224.0,{}
1,B,RSS Memory Footprint,go_inventory,go,inventory,warehouse-java-twin:9084,warehouse-java-twin:9084,2026-06-24 13:12:12,2026-06-24T07:42:12Z,1782286932,cooldown,1860.0,238449936.0,{}
1,B,RSS Memory Footprint,go_inventory,go,inventory,inventory-java:8082,inventory-java:8082,2026-06-24 13:12:27,2026-06-24T07:42:27Z,1782286947,cooldown,1875.0,239334968.0,{}
1,B,RSS Memory Footprint,go_inventory,go,inventory,order-java:8083,order-java:8083,2026-06-24 13:12:27,2026-06-24T07:42:27Z,1782286947,cooldown,1875.0,202539952.0,{}
1,B,RSS Memory Footprint,go_inventory,go,inventory,warehouse-java-twin:9084,warehouse-java-twin:9084,2026-06-24 13:12:27,2026-06-24T07:42:27Z,1782286947,cooldown,1875.0,239498512.0,{}
1,B,RSS Memory Footprint,go_inventory,go,inventory,inventory-java:8082,inventory-java:8082,2026-06-24 13:12:42,2026-06-24T07:42:42Z,1782286962,cooldown,1890.0,242481720.0,{}
1,B,RSS Memory Footprint,go_inventory,go,inventory,order-java:8083,order-java:8083,2026-06-24 13:12:42,2026-06-24T07:42:42Z,1782286962,cooldown,1890.0,204637104.0,{}
1,B,RSS Memory Footprint,go_inventory,go,inventory,warehouse-java-twin:9084,warehouse-java-twin:9084,2026-06-24 13:12:42,2026-06-24T07:42:42Z,1782286962,cooldown,1890.0,242651024.0,{}
1,B,RSS Memory Footprint,go_inventory,go,inventory,inventory-java:8082,inventory-java:8082,2026-06-24 13:12:57,2026-06-24T07:42:57Z,1782286977,cooldown,1905.0,244578872.0,{}
1,B,RSS Memory Footprint,go_inventory,go,inventory,order-java:8083,order-java:8083,2026-06-24 13:12:57,2026-06-24T07:42:57Z,1782286977,cooldown,1905.0,206734256.0,{}
1,B,RSS Memory Footprint,go_inventory,go,inventory,warehouse-java-twin:9084,warehouse-java-twin:9084,2026-06-24 13:12:57,2026-06-24T07:42:57Z,1782286977,cooldown,1905.0,244748176.0,{}
1,B,RSS Memory Footprint,go_inventory,go,inventory,inventory-java:8082,inventory-java:8082,2026-06-24 13:13:12,2026-06-24T07:43:12Z,1782286992,cooldown,1920.0,246676024.0,{}
1,B,RSS Memory Footprint,go_inventory,go,inventory,order-java:8083,order-java:8083,2026-06-24 13:13:12,2026-06-24T07:43:12Z,1782286992,cooldown,1920.0,209879984.0,{}
1,B,RSS Memory Footprint,go_inventory,go,inventory,warehouse-java-twin:9084,warehouse-java-twin:9084,2026-06-24 13:13:12,2026-06-24T07:43:12Z,1782286992,cooldown,1920.0,246845328.0,{}
1,B,RSS Memory Footprint,go_inventory,go,inventory,inventory-java:8082,inventory-java:8082,2026-06-24 13:13:27,2026-06-24T07:43:27Z,1782287007,cooldown,1935.0,248773176.0,{}
1,B,RSS Memory Footprint,go_inventory,go,inventory,order-java:8083,order-java:8083,2026-06-24 13:13:27,2026-06-24T07:43:27Z,1782287007,cooldown,1935.0,213025712.0,{}
1,B,RSS Memory Footprint,go_inventory,go,inventory,warehouse-java-twin:9084,warehouse-java-twin:9084,2026-06-24 13:13:27,2026-06-24T07:43:27Z,1782287007,cooldown,1935.0,249991056.0,{}
1,B,RSS Memory Footprint,go_inventory,go,inventory,inventory-java:8082,inventory-java:8082,2026-06-24 13:13:42,2026-06-24T07:43:42Z,1782287022,cooldown,1950.0,250870328.0,{}
1,B,RSS Memory Footprint,go_inventory,go,inventory,order-java:8083,order-java:8083,2026-06-24 13:13:42,2026-06-24T07:43:42Z,1782287022,cooldown,1950.0,215122864.0,{}
1,B,RSS Memory Footprint,go_inventory,go,inventory,warehouse-java-twin:9084,warehouse-java-twin:9084,2026-06-24 13:13:42,2026-06-24T07:43:42Z,1782287022,cooldown,1950.0,252088208.0,{}
1,B,RSS Memory Footprint,go_inventory,go,inventory,inventory-java:8082,inventory-java:8082,2026-06-24 13:13:57,2026-06-24T07:43:57Z,1782287037,cooldown,1965.0,252968376.0,{}
1,B,RSS Memory Footprint,go_inventory,go,inventory,order-java:8083,order-java:8083,2026-06-24 13:13:57,2026-06-24T07:43:57Z,1782287037,cooldown,1965.0,218268592.0,{}
1,B,RSS Memory Footprint,go_inventory,go,inventory,warehouse-java-twin:9084,warehouse-java-twin:9084,2026-06-24 13:13:57,2026-06-24T07:43:57Z,1782287037,cooldown,1965.0,254185360.0,{}
1,B,RSS Memory Footprint,go_inventory,go,inventory,inventory-java:8082,inventory-java:8082,2026-06-24 13:14:12,2026-06-24T07:44:12Z,1782287052,cooldown,1980.0,255065528.0,{}
1,B,RSS Memory Footprint,go_inventory,go,inventory,order-java:8083,order-java:8083,2026-06-24 13:14:12,2026-06-24T07:44:12Z,1782287052,cooldown,1980.0,220365744.0,{}
1,B,RSS Memory Footprint,go_inventory,go,inventory,warehouse-java-twin:9084,warehouse-java-twin:9084,2026-06-24 13:14:12,2026-06-24T07:44:12Z,1782287052,cooldown,1980.0,257331088.0,{}
1,B,RSS Memory Footprint,go_inventory,go,inventory,inventory-java:8082,inventory-java:8082,2026-06-24 13:14:27,2026-06-24T07:44:27Z,1782287067,cooldown,1995.0,257165496.0,{}
1,B,RSS Memory Footprint,go_inventory,go,inventory,order-java:8083,order-java:8083,2026-06-24 13:14:27,2026-06-24T07:44:27Z,1782287067,cooldown,1995.0,223511472.0,{}
1,B,RSS Memory Footprint,go_inventory,go,inventory,warehouse-java-twin:9084,warehouse-java-twin:9084,2026-06-24 13:14:27,2026-06-24T07:44:27Z,1782287067,cooldown,1995.0,259428240.0,{}
1,B,RSS Memory Footprint,go_inventory,go,inventory,inventory-java:8082,inventory-java:8082,2026-06-24 13:14:42,2026-06-24T07:44:42Z,1782287082,cooldown,2010.0,259264440.0,{}
1,B,RSS Memory Footprint,go_inventory,go,inventory,order-java:8083,order-java:8083,2026-06-24 13:14:42,2026-06-24T07:44:42Z,1782287082,cooldown,2010.0,227793632.0,{}
1,B,RSS Memory Footprint,go_inventory,go,inventory,warehouse-java-twin:9084,warehouse-java-twin:9084,2026-06-24 13:14:42,2026-06-24T07:44:42Z,1782287082,cooldown,2010.0,262643496.0,{}
1,B,RSS Memory Footprint,go_inventory,go,inventory,inventory-java:8082,inventory-java:8082,2026-06-24 13:14:57,2026-06-24T07:44:57Z,1782287097,cooldown,2025.0,261361592.0,{}
1,B,RSS Memory Footprint,go_inventory,go,inventory,order-java:8083,order-java:8083,2026-06-24 13:14:57,2026-06-24T07:44:57Z,1782287097,cooldown,2025.0,229890784.0,{}
1,B,RSS Memory Footprint,go_inventory,go,inventory,warehouse-java-twin:9084,warehouse-java-twin:9084,2026-06-24 13:14:57,2026-06-24T07:44:57Z,1782287097,cooldown,2025.0,265789224.0,{}
1,B,RSS Memory Footprint,go_inventory,go,inventory,inventory-java:8082,inventory-java:8082,2026-06-24 13:15:12,2026-06-24T07:45:12Z,1782287112,cooldown,2040.0,263458744.0,{}
1,B,RSS Memory Footprint,go_inventory,go,inventory,order-java:8083,order-java:8083,2026-06-24 13:15:12,2026-06-24T07:45:12Z,1782287112,cooldown,2040.0,233036512.0,{}
1,B,RSS Memory Footprint,go_inventory,go,inventory,warehouse-java-twin:9084,warehouse-java-twin:9084,2026-06-24 13:15:12,2026-06-24T07:45:12Z,1782287112,cooldown,2040.0,267886376.0,{}
1,B,RSS Memory Footprint,go_inventory,go,inventory,inventory-java:8082,inventory-java:8082,2026-06-24 13:15:27,2026-06-24T07:45:27Z,1782287127,cooldown,2055.0,265569976.0,{}
1,B,RSS Memory Footprint,go_inventory,go,inventory,order-java:8083,order-java:8083,2026-06-24 13:15:27,2026-06-24T07:45:27Z,1782287127,cooldown,2055.0,236182240.0,{}
1,B,RSS Memory Footprint,go_inventory,go,inventory,warehouse-java-twin:9084,warehouse-java-twin:9084,2026-06-24 13:15:27,2026-06-24T07:45:27Z,1782287127,cooldown,2055.0,269983528.0,{}
1,B,RSS Memory Footprint,go_inventory,go,inventory,inventory-java:8082,inventory-java:8082,2026-06-24 13:15:42,2026-06-24T07:45:42Z,1782287142,cooldown,2070.0,267667128.0,{}
1,B,RSS Memory Footprint,go_inventory,go,inventory,order-java:8083,order-java:8083,2026-06-24 13:15:42,2026-06-24T07:45:42Z,1782287142,cooldown,2070.0,238279392.0,{}
1,B,RSS Memory Footprint,go_inventory,go,inventory,warehouse-java-twin:9084,warehouse-java-twin:9084,2026-06-24 13:15:42,2026-06-24T07:45:42Z,1782287142,cooldown,2070.0,272080680.0,{}
1,B,RSS Memory Footprint,go_inventory,go,inventory,inventory-java:8082,inventory-java:8082,2026-06-24 13:15:57,2026-06-24T07:45:57Z,1782287157,cooldown,2085.0,269764280.0,{}
1,B,RSS Memory Footprint,go_inventory,go,inventory,order-java:8083,order-java:8083,2026-06-24 13:15:57,2026-06-24T07:45:57Z,1782287157,cooldown,2085.0,241425120.0,{}
1,B,RSS Memory Footprint,go_inventory,go,inventory,warehouse-java-twin:9084,warehouse-java-twin:9084,2026-06-24 13:15:57,2026-06-24T07:45:57Z,1782287157,cooldown,2085.0,275226408.0,{}
1,B,RSS Memory Footprint,go_inventory,go,inventory,inventory-java:8082,inventory-java:8082,2026-06-24 13:16:12,2026-06-24T07:46:12Z,1782287172,post_test,2100.0,271861432.0,{}
1,B,RSS Memory Footprint,go_inventory,go,inventory,order-java:8083,order-java:8083,2026-06-24 13:16:12,2026-06-24T07:46:12Z,1782287172,post_test,2100.0,244570848.0,{}
1,B,RSS Memory Footprint,go_inventory,go,inventory,warehouse-java-twin:9084,warehouse-java-twin:9084,2026-06-24 13:16:12,2026-06-24T07:46:12Z,1782287172,post_test,2100.0,278372136.0,{}
1,B,RSS Memory Footprint,go_order,go,order,inventory-java:8082,inventory-java:8082,2026-06-24 11:20:51,2026-06-24T05:50:51Z,1782280251,warmup,0.0,170506848.0,{}
1,B,RSS Memory Footprint,go_order,go,order,order-java:8083,order-java:8083,2026-06-24 11:20:51,2026-06-24T05:50:51Z,1782280251,warmup,0.0,222201200.0,{}
1,B,RSS Memory Footprint,go_order,go,order,warehouse-java-twin:9084,warehouse-java-twin:9084,2026-06-24 11:20:51,2026-06-24T05:50:51Z,1782280251,warmup,0.0,206175352.0,{}
1,B,RSS Memory Footprint,go_order,go,order,inventory-java:8082,inventory-java:8082,2026-06-24 11:21:06,2026-06-24T05:51:06Z,1782280266,warmup,15.0,171689696.0,{}
1,B,RSS Memory Footprint,go_order,go,order,order-java:8083,order-java:8083,2026-06-24 11:21:06,2026-06-24T05:51:06Z,1782280266,warmup,15.0,223356360.0,{}
1,B,RSS Memory Footprint,go_order,go,order,warehouse-java-twin:9084,warehouse-java-twin:9084,2026-06-24 11:21:06,2026-06-24T05:51:06Z,1782280266,warmup,15.0,208436640.0,{}
1,B,RSS Memory Footprint,go_order,go,order,inventory-java:8082,inventory-java:8082,2026-06-24 11:21:21,2026-06-24T05:51:21Z,1782280281,warmup,30.0,173808656.0,{}
1,B,RSS Memory Footprint,go_order,go,order,order-java:8083,order-java:8083,2026-06-24 11:21:21,2026-06-24T05:51:21Z,1782280281,warmup,30.0,225536120.0,{}
1,B,RSS Memory Footprint,go_order,go,order,warehouse-java-twin:9084,warehouse-java-twin:9084,2026-06-24 11:21:21,2026-06-24T05:51:21Z,1782280281,warmup,30.0,210557984.0,{}
1,B,RSS Memory Footprint,go_order,go,order,inventory-java:8082,inventory-java:8082,2026-06-24 11:21:36,2026-06-24T05:51:36Z,1782280296,warmup,45.0,176011624.0,{}
1,B,RSS Memory Footprint,go_order,go,order,order-java:8083,order-java:8083,2026-06-24 11:21:36,2026-06-24T05:51:36Z,1782280296,warmup,45.0,227653448.0,{}
1,B,RSS Memory Footprint,go_order,go,order,warehouse-java-twin:9084,warehouse-java-twin:9084,2026-06-24 11:21:36,2026-06-24T05:51:36Z,1782280296,warmup,45.0,263332848.0,{}
1,B,RSS Memory Footprint,go_order,go,order,inventory-java:8082,inventory-java:8082,2026-06-24 11:21:51,2026-06-24T05:51:51Z,1782280311,warmup,60.0,178175280.0,{}
1,B,RSS Memory Footprint,go_order,go,order,order-java:8083,order-java:8083,2026-06-24 11:21:51,2026-06-24T05:51:51Z,1782280311,warmup,60.0,229896464.0,{}
1,B,RSS Memory Footprint,go_order,go,order,warehouse-java-twin:9084,warehouse-java-twin:9084,2026-06-24 11:21:51,2026-06-24T05:51:51Z,1782280311,warmup,60.0,269807168.0,{}
1,B,RSS Memory Footprint,go_order,go,order,inventory-java:8082,inventory-java:8082,2026-06-24 11:22:06,2026-06-24T05:52:06Z,1782280326,warmup,75.0,180322112.0,{}
1,B,RSS Memory Footprint,go_order,go,order,order-java:8083,order-java:8083,2026-06-24 11:22:06,2026-06-24T05:52:06Z,1782280326,warmup,75.0,232039856.0,{}
1,B,RSS Memory Footprint,go_order,go,order,warehouse-java-twin:9084,warehouse-java-twin:9084,2026-06-24 11:22:06,2026-06-24T05:52:06Z,1782280326,warmup,75.0,279085672.0,{}
1,B,RSS Memory Footprint,go_order,go,order,inventory-java:8082,inventory-java:8082,2026-06-24 11:22:21,2026-06-24T05:52:21Z,1782280341,warmup,90.0,182469424.0,{}
1,B,RSS Memory Footprint,go_order,go,order,order-java:8083,order-java:8083,2026-06-24 11:22:21,2026-06-24T05:52:21Z,1782280341,warmup,90.0,234151560.0,{}
1,B,RSS Memory Footprint,go_order,go,order,warehouse-java-twin:9084,warehouse-java-twin:9084,2026-06-24 11:22:21,2026-06-24T05:52:21Z,1782280341,warmup,90.0,289166944.0,{}
1,B,RSS Memory Footprint,go_order,go,order,inventory-java:8082,inventory-java:8082,2026-06-24 11:22:36,2026-06-24T05:52:36Z,1782280356,warmup,105.0,183600144.0,{}
1,B,RSS Memory Footprint,go_order,go,order,order-java:8083,order-java:8083,2026-06-24 11:22:36,2026-06-24T05:52:36Z,1782280356,warmup,105.0,236290064.0,{}
1,B,RSS Memory Footprint,go_order,go,order,warehouse-java-twin:9084,warehouse-java-twin:9084,2026-06-24 11:22:36,2026-06-24T05:52:36Z,1782280356,warmup,105.0,300763008.0,{}
1,B,RSS Memory Footprint,go_order,go,order,inventory-java:8082,inventory-java:8082,2026-06-24 11:22:51,2026-06-24T05:52:51Z,1782280371,warmup,120.0,185775584.0,{}
1,B,RSS Memory Footprint,go_order,go,order,order-java:8083,order-java:8083,2026-06-24 11:22:51,2026-06-24T05:52:51Z,1782280371,warmup,120.0,237427376.0,{}
1,B,RSS Memory Footprint,go_order,go,order,warehouse-java-twin:9084,warehouse-java-twin:9084,2026-06-24 11:22:51,2026-06-24T05:52:51Z,1782280371,warmup,120.0,311520152.0,{}
1,B,RSS Memory Footprint,go_order,go,order,inventory-java:8082,inventory-java:8082,2026-06-24 11:23:06,2026-06-24T05:53:06Z,1782280386,warmup,135.0,188009448.0,{}
1,B,RSS Memory Footprint,go_order,go,order,order-java:8083,order-java:8083,2026-06-24 11:23:06,2026-06-24T05:53:06Z,1782280386,warmup,135.0,239615432.0,{}
1,B,RSS Memory Footprint,go_order,go,order,warehouse-java-twin:9084,warehouse-java-twin:9084,2026-06-24 11:23:06,2026-06-24T05:53:06Z,1782280386,warmup,135.0,183518056.0,{}
1,B,RSS Memory Footprint,go_order,go,order,inventory-java:8082,inventory-java:8082,2026-06-24 11:23:21,2026-06-24T05:53:21Z,1782280401,warmup,150.0,190304136.0,{}
1,B,RSS Memory Footprint,go_order,go,order,order-java:8083,order-java:8083,2026-06-24 11:23:21,2026-06-24T05:53:21Z,1782280401,warmup,150.0,241845304.0,{}
1,B,RSS Memory Footprint,go_order,go,order,warehouse-java-twin:9084,warehouse-java-twin:9084,2026-06-24 11:23:21,2026-06-24T05:53:21Z,1782280401,warmup,150.0,197516752.0,{}
1,B,RSS Memory Footprint,go_order,go,order,inventory-java:8082,inventory-java:8082,2026-06-24 11:23:36,2026-06-24T05:53:36Z,1782280416,warmup,165.0,192437840.0,{}
1,B,RSS Memory Footprint,go_order,go,order,order-java:8083,order-java:8083,2026-06-24 11:23:36,2026-06-24T05:53:36Z,1782280416,warmup,165.0,244097008.0,{}
1,B,RSS Memory Footprint,go_order,go,order,warehouse-java-twin:9084,warehouse-java-twin:9084,2026-06-24 11:23:36,2026-06-24T05:53:36Z,1782280416,warmup,165.0,214342104.0,{}
1,B,RSS Memory Footprint,go_order,go,order,inventory-java:8082,inventory-java:8082,2026-06-24 11:23:51,2026-06-24T05:53:51Z,1782280431,warmup,180.0,194566216.0,{}
1,B,RSS Memory Footprint,go_order,go,order,order-java:8083,order-java:8083,2026-06-24 11:23:51,2026-06-24T05:53:51Z,1782280431,warmup,180.0,246226392.0,{}
1,B,RSS Memory Footprint,go_order,go,order,warehouse-java-twin:9084,warehouse-java-twin:9084,2026-06-24 11:23:51,2026-06-24T05:53:51Z,1782280431,warmup,180.0,230849264.0,{}
1,B,RSS Memory Footprint,go_order,go,order,inventory-java:8082,inventory-java:8082,2026-06-24 11:24:06,2026-06-24T05:54:06Z,1782280446,warmup,195.0,196737032.0,{}
1,B,RSS Memory Footprint,go_order,go,order,order-java:8083,order-java:8083,2026-06-24 11:24:06,2026-06-24T05:54:06Z,1782280446,warmup,195.0,248376920.0,{}
1,B,RSS Memory Footprint,go_order,go,order,warehouse-java-twin:9084,warehouse-java-twin:9084,2026-06-24 11:24:06,2026-06-24T05:54:06Z,1782280446,warmup,195.0,251248368.0,{}
1,B,RSS Memory Footprint,go_order,go,order,inventory-java:8082,inventory-java:8082,2026-06-24 11:24:21,2026-06-24T05:54:21Z,1782280461,warmup,210.0,198884912.0,{}
1,B,RSS Memory Footprint,go_order,go,order,order-java:8083,order-java:8083,2026-06-24 11:24:21,2026-06-24T05:54:21Z,1782280461,warmup,210.0,250514808.0,{}
1,B,RSS Memory Footprint,go_order,go,order,warehouse-java-twin:9084,warehouse-java-twin:9084,2026-06-24 11:24:21,2026-06-24T05:54:21Z,1782280461,warmup,210.0,267598712.0,{}
1,B,RSS Memory Footprint,go_order,go,order,inventory-java:8082,inventory-java:8082,2026-06-24 11:24:36,2026-06-24T05:54:36Z,1782280476,warmup,225.0,201020576.0,{}
1,B,RSS Memory Footprint,go_order,go,order,order-java:8083,order-java:8083,2026-06-24 11:24:36,2026-06-24T05:54:36Z,1782280476,warmup,225.0,251597080.0,{}
1,B,RSS Memory Footprint,go_order,go,order,warehouse-java-twin:9084,warehouse-java-twin:9084,2026-06-24 11:24:36,2026-06-24T05:54:36Z,1782280476,warmup,225.0,287924752.0,{}
1,B,RSS Memory Footprint,go_order,go,order,inventory-java:8082,inventory-java:8082,2026-06-24 11:24:51,2026-06-24T05:54:51Z,1782280491,warmup,240.0,202134888.0,{}
1,B,RSS Memory Footprint,go_order,go,order,order-java:8083,order-java:8083,2026-06-24 11:24:51,2026-06-24T05:54:51Z,1782280491,warmup,240.0,253745888.0,{}
1,B,RSS Memory Footprint,go_order,go,order,warehouse-java-twin:9084,warehouse-java-twin:9084,2026-06-24 11:24:51,2026-06-24T05:54:51Z,1782280491,warmup,240.0,309750784.0,{}
1,B,RSS Memory Footprint,go_order,go,order,inventory-java:8082,inventory-java:8082,2026-06-24 11:25:06,2026-06-24T05:55:06Z,1782280506,warmup,255.0,204517840.0,{}
1,B,RSS Memory Footprint,go_order,go,order,order-java:8083,order-java:8083,2026-06-24 11:25:06,2026-06-24T05:55:06Z,1782280506,warmup,255.0,254886384.0,{}
1,B,RSS Memory Footprint,go_order,go,order,warehouse-java-twin:9084,warehouse-java-twin:9084,2026-06-24 11:25:06,2026-06-24T05:55:06Z,1782280506,warmup,255.0,332509064.0,{}
1,B,RSS Memory Footprint,go_order,go,order,inventory-java:8082,inventory-java:8082,2026-06-24 11:25:21,2026-06-24T05:55:21Z,1782280521,warmup,270.0,206789968.0,{}
1,B,RSS Memory Footprint,go_order,go,order,order-java:8083,order-java:8083,2026-06-24 11:25:21,2026-06-24T05:55:21Z,1782280521,warmup,270.0,257316288.0,{}
1,B,RSS Memory Footprint,go_order,go,order,warehouse-java-twin:9084,warehouse-java-twin:9084,2026-06-24 11:25:21,2026-06-24T05:55:21Z,1782280521,warmup,270.0,205892968.0,{}
1,B,RSS Memory Footprint,go_order,go,order,inventory-java:8082,inventory-java:8082,2026-06-24 11:25:36,2026-06-24T05:55:36Z,1782280536,warmup,285.0,207842912.0,{}
1,B,RSS Memory Footprint,go_order,go,order,order-java:8083,order-java:8083,2026-06-24 11:25:36,2026-06-24T05:55:36Z,1782280536,warmup,285.0,259511000.0,{}
1,B,RSS Memory Footprint,go_order,go,order,warehouse-java-twin:9084,warehouse-java-twin:9084,2026-06-24 11:25:36,2026-06-24T05:55:36Z,1782280536,warmup,285.0,230283320.0,{}
1,B,RSS Memory Footprint,go_order,go,order,inventory-java:8082,inventory-java:8082,2026-06-24 11:25:51,2026-06-24T05:55:51Z,1782280551,ramp_1,300.0,210021696.0,{}
1,B,RSS Memory Footprint,go_order,go,order,order-java:8083,order-java:8083,2026-06-24 11:25:51,2026-06-24T05:55:51Z,1782280551,ramp_1,300.0,261665800.0,{}
1,B,RSS Memory Footprint,go_order,go,order,warehouse-java-twin:9084,warehouse-java-twin:9084,2026-06-24 11:25:51,2026-06-24T05:55:51Z,1782280551,ramp_1,300.0,253974120.0,{}
1,B,RSS Memory Footprint,go_order,go,order,inventory-java:8082,inventory-java:8082,2026-06-24 11:26:06,2026-06-24T05:56:06Z,1782280566,ramp_1,315.0,212145568.0,{}
1,B,RSS Memory Footprint,go_order,go,order,order-java:8083,order-java:8083,2026-06-24 11:26:06,2026-06-24T05:56:06Z,1782280566,ramp_1,315.0,263805288.0,{}
1,B,RSS Memory Footprint,go_order,go,order,warehouse-java-twin:9084,warehouse-java-twin:9084,2026-06-24 11:26:06,2026-06-24T05:56:06Z,1782280566,ramp_1,315.0,282502008.0,{}
1,B,RSS Memory Footprint,go_order,go,order,inventory-java:8082,inventory-java:8082,2026-06-24 11:26:21,2026-06-24T05:56:21Z,1782280581,ramp_1,330.0,214310392.0,{}
1,B,RSS Memory Footprint,go_order,go,order,order-java:8083,order-java:8083,2026-06-24 11:26:21,2026-06-24T05:56:21Z,1782280581,ramp_1,330.0,265912856.0,{}
1,B,RSS Memory Footprint,go_order,go,order,warehouse-java-twin:9084,warehouse-java-twin:9084,2026-06-24 11:26:21,2026-06-24T05:56:21Z,1782280581,ramp_1,330.0,314252536.0,{}
1,B,RSS Memory Footprint,go_order,go,order,inventory-java:8082,inventory-java:8082,2026-06-24 11:26:36,2026-06-24T05:56:36Z,1782280596,ramp_1,345.0,215375232.0,{}
1,B,RSS Memory Footprint,go_order,go,order,order-java:8083,order-java:8083,2026-06-24 11:26:36,2026-06-24T05:56:36Z,1782280596,ramp_1,345.0,268070984.0,{}
1,B,RSS Memory Footprint,go_order,go,order,warehouse-java-twin:9084,warehouse-java-twin:9084,2026-06-24 11:26:36,2026-06-24T05:56:36Z,1782280596,ramp_1,345.0,204377080.0,{}
1,B,RSS Memory Footprint,go_order,go,order,inventory-java:8082,inventory-java:8082,2026-06-24 11:26:51,2026-06-24T05:56:51Z,1782280611,ramp_1,360.0,217499408.0,{}
1,B,RSS Memory Footprint,go_order,go,order,order-java:8083,order-java:8083,2026-06-24 11:26:51,2026-06-24T05:56:51Z,1782280611,ramp_1,360.0,270192960.0,{}
1,B,RSS Memory Footprint,go_order,go,order,warehouse-java-twin:9084,warehouse-java-twin:9084,2026-06-24 11:26:51,2026-06-24T05:56:51Z,1782280611,ramp_1,360.0,245751112.0,{}
1,B,RSS Memory Footprint,go_order,go,order,inventory-java:8082,inventory-java:8082,2026-06-24 11:27:06,2026-06-24T05:57:06Z,1782280626,ramp_1,375.0,219610128.0,{}
1,B,RSS Memory Footprint,go_order,go,order,order-java:8083,order-java:8083,2026-06-24 11:27:06,2026-06-24T05:57:06Z,1782280626,ramp_1,375.0,271274848.0,{}
1,B,RSS Memory Footprint,go_order,go,order,warehouse-java-twin:9084,warehouse-java-twin:9084,2026-06-24 11:27:06,2026-06-24T05:57:06Z,1782280626,ramp_1,375.0,293328032.0,{}
1,B,RSS Memory Footprint,go_order,go,order,inventory-java:8082,inventory-java:8082,2026-06-24 11:27:21,2026-06-24T05:57:21Z,1782280641,ramp_1,390.0,221769000.0,{}
1,B,RSS Memory Footprint,go_order,go,order,order-java:8083,order-java:8083,2026-06-24 11:27:21,2026-06-24T05:57:21Z,1782280641,ramp_1,390.0,273384800.0,{}
1,B,RSS Memory Footprint,go_order,go,order,warehouse-java-twin:9084,warehouse-java-twin:9084,2026-06-24 11:27:21,2026-06-24T05:57:21Z,1782280641,ramp_1,390.0,196990128.0,{}
1,B,RSS Memory Footprint,go_order,go,order,inventory-java:8082,inventory-java:8082,2026-06-24 11:27:36,2026-06-24T05:57:36Z,1782280656,ramp_1,405.0,223888192.0,{}
1,B,RSS Memory Footprint,go_order,go,order,order-java:8083,order-java:8083,2026-06-24 11:27:36,2026-06-24T05:57:36Z,1782280656,ramp_1,405.0,275533536.0,{}
1,B,RSS Memory Footprint,go_order,go,order,warehouse-java-twin:9084,warehouse-java-twin:9084,2026-06-24 11:27:36,2026-06-24T05:57:36Z,1782280656,ramp_1,405.0,253996080.0,{}
1,B,RSS Memory Footprint,go_order,go,order,inventory-java:8082,inventory-java:8082,2026-06-24 11:27:51,2026-06-24T05:57:51Z,1782280671,ramp_1,420.0,226072712.0,{}
1,B,RSS Memory Footprint,go_order,go,order,order-java:8083,order-java:8083,2026-06-24 11:27:51,2026-06-24T05:57:51Z,1782280671,ramp_1,420.0,276601672.0,{}
1,B,RSS Memory Footprint,go_order,go,order,warehouse-java-twin:9084,warehouse-java-twin:9084,2026-06-24 11:27:51,2026-06-24T05:57:51Z,1782280671,ramp_1,420.0,313025936.0,{}
1,B,RSS Memory Footprint,go_order,go,order,inventory-java:8082,inventory-java:8082,2026-06-24 11:28:06,2026-06-24T05:58:06Z,1782280686,ramp_1,435.0,228196352.0,{}
1,B,RSS Memory Footprint,go_order,go,order,order-java:8083,order-java:8083,2026-06-24 11:28:06,2026-06-24T05:58:06Z,1782280686,ramp_1,435.0,279837936.0,{}
1,B,RSS Memory Footprint,go_order,go,order,warehouse-java-twin:9084,warehouse-java-twin:9084,2026-06-24 11:28:06,2026-06-24T05:58:06Z,1782280686,ramp_1,435.0,227435352.0,{}
1,B,RSS Memory Footprint,go_order,go,order,inventory-java:8082,inventory-java:8082,2026-06-24 11:28:21,2026-06-24T05:58:21Z,1782280701,ramp_1,450.0,230326400.0,{}
1,B,RSS Memory Footprint,go_order,go,order,order-java:8083,order-java:8083,2026-06-24 11:28:21,2026-06-24T05:58:21Z,1782280701,ramp_1,450.0,281961064.0,{}
1,B,RSS Memory Footprint,go_order,go,order,warehouse-java-twin:9084,warehouse-java-twin:9084,2026-06-24 11:28:21,2026-06-24T05:58:21Z,1782280701,ramp_1,450.0,296851544.0,{}
1,B,RSS Memory Footprint,go_order,go,order,inventory-java:8082,inventory-java:8082,2026-06-24 11:28:36,2026-06-24T05:58:36Z,1782280716,ramp_1,465.0,232490840.0,{}
1,B,RSS Memory Footprint,go_order,go,order,order-java:8083,order-java:8083,2026-06-24 11:28:36,2026-06-24T05:58:36Z,1782280716,ramp_1,465.0,284102008.0,{}
1,B,RSS Memory Footprint,go_order,go,order,warehouse-java-twin:9084,warehouse-java-twin:9084,2026-06-24 11:28:36,2026-06-24T05:58:36Z,1782280716,ramp_1,465.0,224017288.0,{}
1,B,RSS Memory Footprint,go_order,go,order,inventory-java:8082,inventory-java:8082,2026-06-24 11:28:51,2026-06-24T05:58:51Z,1782280731,ramp_1,480.0,234767376.0,{}
1,B,RSS Memory Footprint,go_order,go,order,order-java:8083,order-java:8083,2026-06-24 11:28:51,2026-06-24T05:58:51Z,1782280731,ramp_1,480.0,285221096.0,{}
1,B,RSS Memory Footprint,go_order,go,order,warehouse-java-twin:9084,warehouse-java-twin:9084,2026-06-24 11:28:51,2026-06-24T05:58:51Z,1782280731,ramp_1,480.0,304021576.0,{}
1,B,RSS Memory Footprint,go_order,go,order,inventory-java:8082,inventory-java:8082,2026-06-24 11:29:06,2026-06-24T05:59:06Z,1782280746,ramp_1,495.0,235826192.0,{}
1,B,RSS Memory Footprint,go_order,go,order,order-java:8083,order-java:8083,2026-06-24 11:29:06,2026-06-24T05:59:06Z,1782280746,ramp_1,495.0,287446000.0,{}
1,B,RSS Memory Footprint,go_order,go,order,warehouse-java-twin:9084,warehouse-java-twin:9084,2026-06-24 11:29:06,2026-06-24T05:59:06Z,1782280746,ramp_1,495.0,235660560.0,{}
1,B,RSS Memory Footprint,go_order,go,order,inventory-java:8082,inventory-java:8082,2026-06-24 11:29:21,2026-06-24T05:59:21Z,1782280761,ramp_1,510.0,237948992.0,{}
1,B,RSS Memory Footprint,go_order,go,order,order-java:8083,order-java:8083,2026-06-24 11:29:21,2026-06-24T05:59:21Z,1782280761,ramp_1,510.0,288541112.0,{}
1,B,RSS Memory Footprint,go_order,go,order,warehouse-java-twin:9084,warehouse-java-twin:9084,2026-06-24 11:29:21,2026-06-24T05:59:21Z,1782280761,ramp_1,510.0,319869200.0,{}
1,B,RSS Memory Footprint,go_order,go,order,inventory-java:8082,inventory-java:8082,2026-06-24 11:29:36,2026-06-24T05:59:36Z,1782280776,ramp_1,525.0,240058552.0,{}
1,B,RSS Memory Footprint,go_order,go,order,order-java:8083,order-java:8083,2026-06-24 11:29:36,2026-06-24T05:59:36Z,1782280776,ramp_1,525.0,290669112.0,{}
1,B,RSS Memory Footprint,go_order,go,order,warehouse-java-twin:9084,warehouse-java-twin:9084,2026-06-24 11:29:36,2026-06-24T05:59:36Z,1782280776,ramp_1,525.0,262860656.0,{}
1,B,RSS Memory Footprint,go_order,go,order,inventory-java:8082,inventory-java:8082,2026-06-24 11:29:51,2026-06-24T05:59:51Z,1782280791,ramp_1,540.0,242179504.0,{}
1,B,RSS Memory Footprint,go_order,go,order,order-java:8083,order-java:8083,2026-06-24 11:29:51,2026-06-24T05:59:51Z,1782280791,ramp_1,540.0,292832584.0,{}
1,B,RSS Memory Footprint,go_order,go,order,warehouse-java-twin:9084,warehouse-java-twin:9084,2026-06-24 11:29:51,2026-06-24T05:59:51Z,1782280791,ramp_1,540.0,208545888.0,{}
1,B,RSS Memory Footprint,go_order,go,order,inventory-java:8082,inventory-java:8082,2026-06-24 11:30:06,2026-06-24T06:00:06Z,1782280806,ramp_1,555.0,243297240.0,{}
1,B,RSS Memory Footprint,go_order,go,order,order-java:8083,order-java:8083,2026-06-24 11:30:06,2026-06-24T06:00:06Z,1782280806,ramp_1,555.0,294972592.0,{}
1,B,RSS Memory Footprint,go_order,go,order,warehouse-java-twin:9084,warehouse-java-twin:9084,2026-06-24 11:30:06,2026-06-24T06:00:06Z,1782280806,ramp_1,555.0,310356720.0,{}
1,B,RSS Memory Footprint,go_order,go,order,inventory-java:8082,inventory-java:8082,2026-06-24 11:30:21,2026-06-24T06:00:21Z,1782280821,ramp_1,570.0,245454552.0,{}
1,B,RSS Memory Footprint,go_order,go,order,order-java:8083,order-java:8083,2026-06-24 11:30:21,2026-06-24T06:00:21Z,1782280821,ramp_1,570.0,297084488.0,{}
1,B,RSS Memory Footprint,go_order,go,order,warehouse-java-twin:9084,warehouse-java-twin:9084,2026-06-24 11:30:21,2026-06-24T06:00:21Z,1782280821,ramp_1,570.0,245557824.0,{}
1,B,RSS Memory Footprint,go_order,go,order,inventory-java:8082,inventory-java:8082,2026-06-24 11:30:36,2026-06-24T06:00:36Z,1782280836,ramp_1,585.0,247789216.0,{}
1,B,RSS Memory Footprint,go_order,go,order,order-java:8083,order-java:8083,2026-06-24 11:30:36,2026-06-24T06:00:36Z,1782280836,ramp_1,585.0,299341928.0,{}
1,B,RSS Memory Footprint,go_order,go,order,warehouse-java-twin:9084,warehouse-java-twin:9084,2026-06-24 11:30:36,2026-06-24T06:00:36Z,1782280836,ramp_1,585.0,210103504.0,{}
1,B,RSS Memory Footprint,go_order,go,order,inventory-java:8082,inventory-java:8082,2026-06-24 11:30:51,2026-06-24T06:00:51Z,1782280851,ramp_2,600.0,248879072.0,{}
1,B,RSS Memory Footprint,go_order,go,order,order-java:8083,order-java:8083,2026-06-24 11:30:51,2026-06-24T06:00:51Z,1782280851,ramp_2,600.0,301547992.0,{}
1,B,RSS Memory Footprint,go_order,go,order,warehouse-java-twin:9084,warehouse-java-twin:9084,2026-06-24 11:30:51,2026-06-24T06:00:51Z,1782280851,ramp_2,600.0,324229032.0,{}
1,B,RSS Memory Footprint,go_order,go,order,inventory-java:8082,inventory-java:8082,2026-06-24 11:31:06,2026-06-24T06:01:06Z,1782280866,ramp_2,615.0,250990432.0,{}
1,B,RSS Memory Footprint,go_order,go,order,order-java:8083,order-java:8083,2026-06-24 11:31:06,2026-06-24T06:01:06Z,1782280866,ramp_2,615.0,302620704.0,{}
1,B,RSS Memory Footprint,go_order,go,order,warehouse-java-twin:9084,warehouse-java-twin:9084,2026-06-24 11:31:06,2026-06-24T06:01:06Z,1782280866,ramp_2,615.0,298315376.0,{}
1,B,RSS Memory Footprint,go_order,go,order,inventory-java:8082,inventory-java:8082,2026-06-24 11:31:21,2026-06-24T06:01:21Z,1782280881,ramp_2,630.0,253147640.0,{}
1,B,RSS Memory Footprint,go_order,go,order,order-java:8083,order-java:8083,2026-06-24 11:31:21,2026-06-24T06:01:21Z,1782280881,ramp_2,630.0,304725208.0,{}
1,B,RSS Memory Footprint,go_order,go,order,warehouse-java-twin:9084,warehouse-java-twin:9084,2026-06-24 11:31:21,2026-06-24T06:01:21Z,1782280881,ramp_2,630.0,274482400.0,{}
1,B,RSS Memory Footprint,go_order,go,order,inventory-java:8082,inventory-java:8082,2026-06-24 11:31:36,2026-06-24T06:01:36Z,1782280896,ramp_2,645.0,255271864.0,{}
1,B,RSS Memory Footprint,go_order,go,order,order-java:8083,order-java:8083,2026-06-24 11:31:36,2026-06-24T06:01:36Z,1782280896,ramp_2,645.0,306829800.0,{}
1,B,RSS Memory Footprint,go_order,go,order,warehouse-java-twin:9084,warehouse-java-twin:9084,2026-06-24 11:31:36,2026-06-24T06:01:36Z,1782280896,ramp_2,645.0,257057736.0,{}
1,B,RSS Memory Footprint,go_order,go,order,inventory-java:8082,inventory-java:8082,2026-06-24 11:31:51,2026-06-24T06:01:51Z,1782280911,ramp_2,660.0,257396408.0,{}
1,B,RSS Memory Footprint,go_order,go,order,order-java:8083,order-java:8083,2026-06-24 11:31:51,2026-06-24T06:01:51Z,1782280911,ramp_2,660.0,309026416.0,{}
1,B,RSS Memory Footprint,go_order,go,order,warehouse-java-twin:9084,warehouse-java-twin:9084,2026-06-24 11:31:51,2026-06-24T06:01:51Z,1782280911,ramp_2,660.0,245602424.0,{}
1,B,RSS Memory Footprint,go_order,go,order,inventory-java:8082,inventory-java:8082,2026-06-24 11:32:06,2026-06-24T06:02:06Z,1782280926,ramp_2,675.0,259533232.0,{}
1,B,RSS Memory Footprint,go_order,go,order,order-java:8083,order-java:8083,2026-06-24 11:32:06,2026-06-24T06:02:06Z,1782280926,ramp_2,675.0,311149296.0,{}
1,B,RSS Memory Footprint,go_order,go,order,warehouse-java-twin:9084,warehouse-java-twin:9084,2026-06-24 11:32:06,2026-06-24T06:02:06Z,1782280926,ramp_2,675.0,240550064.0,{}
1,B,RSS Memory Footprint,go_order,go,order,inventory-java:8082,inventory-java:8082,2026-06-24 11:32:21,2026-06-24T06:02:21Z,1782280941,ramp_2,690.0,260683024.0,{}
1,B,RSS Memory Footprint,go_order,go,order,order-java:8083,order-java:8083,2026-06-24 11:32:21,2026-06-24T06:02:21Z,1782280941,ramp_2,690.0,312239736.0,{}
1,B,RSS Memory Footprint,go_order,go,order,warehouse-java-twin:9084,warehouse-java-twin:9084,2026-06-24 11:32:21,2026-06-24T06:02:21Z,1782280941,ramp_2,690.0,235617336.0,{}
1,B,RSS Memory Footprint,go_order,go,order,inventory-java:8082,inventory-java:8082,2026-06-24 11:32:36,2026-06-24T06:02:36Z,1782280956,ramp_2,705.0,262807768.0,{}
1,B,RSS Memory Footprint,go_order,go,order,order-java:8083,order-java:8083,2026-06-24 11:32:36,2026-06-24T06:02:36Z,1782280956,ramp_2,705.0,171211160.0,{}
1,B,RSS Memory Footprint,go_order,go,order,warehouse-java-twin:9084,warehouse-java-twin:9084,2026-06-24 11:32:36,2026-06-24T06:02:36Z,1782280956,ramp_2,705.0,230580056.0,{}
1,B,RSS Memory Footprint,go_order,go,order,inventory-java:8082,inventory-java:8082,2026-06-24 11:32:51,2026-06-24T06:02:51Z,1782280971,ramp_2,720.0,264943624.0,{}
1,B,RSS Memory Footprint,go_order,go,order,order-java:8083,order-java:8083,2026-06-24 11:32:51,2026-06-24T06:02:51Z,1782280971,ramp_2,720.0,173326704.0,{}
1,B,RSS Memory Footprint,go_order,go,order,warehouse-java-twin:9084,warehouse-java-twin:9084,2026-06-24 11:32:51,2026-06-24T06:02:51Z,1782280971,ramp_2,720.0,226820632.0,{}
1,B,RSS Memory Footprint,go_order,go,order,inventory-java:8082,inventory-java:8082,2026-06-24 11:33:06,2026-06-24T06:03:06Z,1782280986,ramp_2,735.0,266066320.0,{}
1,B,RSS Memory Footprint,go_order,go,order,order-java:8083,order-java:8083,2026-06-24 11:33:06,2026-06-24T06:03:06Z,1782280986,ramp_2,735.0,176550448.0,{}
1,B,RSS Memory Footprint,go_order,go,order,warehouse-java-twin:9084,warehouse-java-twin:9084,2026-06-24 11:33:06,2026-06-24T06:03:06Z,1782280986,ramp_2,735.0,218915744.0,{}
1,B,RSS Memory Footprint,go_order,go,order,inventory-java:8082,inventory-java:8082,2026-06-24 11:33:21,2026-06-24T06:03:21Z,1782281001,ramp_2,750.0,268191128.0,{}
1,B,RSS Memory Footprint,go_order,go,order,order-java:8083,order-java:8083,2026-06-24 11:33:21,2026-06-24T06:03:21Z,1782281001,ramp_2,750.0,177607880.0,{}
1,B,RSS Memory Footprint,go_order,go,order,warehouse-java-twin:9084,warehouse-java-twin:9084,2026-06-24 11:33:21,2026-06-24T06:03:21Z,1782281001,ramp_2,750.0,210551904.0,{}
1,B,RSS Memory Footprint,go_order,go,order,inventory-java:8082,inventory-java:8082,2026-06-24 11:33:36,2026-06-24T06:03:36Z,1782281016,ramp_2,765.0,270289112.0,{}
1,B,RSS Memory Footprint,go_order,go,order,order-java:8083,order-java:8083,2026-06-24 11:33:36,2026-06-24T06:03:36Z,1782281016,ramp_2,765.0,179741760.0,{}
1,B,RSS Memory Footprint,go_order,go,order,warehouse-java-twin:9084,warehouse-java-twin:9084,2026-06-24 11:33:36,2026-06-24T06:03:36Z,1782281016,ramp_2,765.0,207154624.0,{}
1,B,RSS Memory Footprint,go_order,go,order,inventory-java:8082,inventory-java:8082,2026-06-24 11:33:51,2026-06-24T06:03:51Z,1782281031,ramp_2,780.0,272420640.0,{}
1,B,RSS Memory Footprint,go_order,go,order,order-java:8083,order-java:8083,2026-06-24 11:33:51,2026-06-24T06:03:51Z,1782281031,ramp_2,780.0,181863480.0,{}
1,B,RSS Memory Footprint,go_order,go,order,warehouse-java-twin:9084,warehouse-java-twin:9084,2026-06-24 11:33:51,2026-06-24T06:03:51Z,1782281031,ramp_2,780.0,355028104.0,{}
1,B,RSS Memory Footprint,go_order,go,order,inventory-java:8082,inventory-java:8082,2026-06-24 11:34:06,2026-06-24T06:04:06Z,1782281046,ramp_2,795.0,274562360.0,{}
1,B,RSS Memory Footprint,go_order,go,order,order-java:8083,order-java:8083,2026-06-24 11:34:06,2026-06-24T06:04:06Z,1782281046,ramp_2,795.0,183969440.0,{}
1,B,RSS Memory Footprint,go_order,go,order,warehouse-java-twin:9084,warehouse-java-twin:9084,2026-06-24 11:34:06,2026-06-24T06:04:06Z,1782281046,ramp_2,795.0,352722248.0,{}
1,B,RSS Memory Footprint,go_order,go,order,inventory-java:8082,inventory-java:8082,2026-06-24 11:34:21,2026-06-24T06:04:21Z,1782281061,ramp_2,810.0,276664888.0,{}
1,B,RSS Memory Footprint,go_order,go,order,order-java:8083,order-java:8083,2026-06-24 11:34:21,2026-06-24T06:04:21Z,1782281061,ramp_2,810.0,185053056.0,{}
1,B,RSS Memory Footprint,go_order,go,order,warehouse-java-twin:9084,warehouse-java-twin:9084,2026-06-24 11:34:21,2026-06-24T06:04:21Z,1782281061,ramp_2,810.0,349301224.0,{}
1,B,RSS Memory Footprint,go_order,go,order,inventory-java:8082,inventory-java:8082,2026-06-24 11:34:36,2026-06-24T06:04:36Z,1782281076,ramp_2,825.0,278779040.0,{}
1,B,RSS Memory Footprint,go_order,go,order,order-java:8083,order-java:8083,2026-06-24 11:34:36,2026-06-24T06:04:36Z,1782281076,ramp_2,825.0,187163104.0,{}
1,B,RSS Memory Footprint,go_order,go,order,warehouse-java-twin:9084,warehouse-java-twin:9084,2026-06-24 11:34:36,2026-06-24T06:04:36Z,1782281076,ramp_2,825.0,345256120.0,{}
1,B,RSS Memory Footprint,go_order,go,order,inventory-java:8082,inventory-java:8082,2026-06-24 11:34:51,2026-06-24T06:04:51Z,1782281091,ramp_2,840.0,280901536.0,{}
1,B,RSS Memory Footprint,go_order,go,order,order-java:8083,order-java:8083,2026-06-24 11:34:51,2026-06-24T06:04:51Z,1782281091,ramp_2,840.0,189294904.0,{}
1,B,RSS Memory Footprint,go_order,go,order,warehouse-java-twin:9084,warehouse-java-twin:9084,2026-06-24 11:34:51,2026-06-24T06:04:51Z,1782281091,ramp_2,840.0,341935792.0,{}
1,B,RSS Memory Footprint,go_order,go,order,inventory-java:8082,inventory-java:8082,2026-06-24 11:35:06,2026-06-24T06:05:06Z,1782281106,ramp_2,855.0,283067832.0,{}
1,B,RSS Memory Footprint,go_order,go,order,order-java:8083,order-java:8083,2026-06-24 11:35:06,2026-06-24T06:05:06Z,1782281106,ramp_2,855.0,191416472.0,{}
1,B,RSS Memory Footprint,go_order,go,order,warehouse-java-twin:9084,warehouse-java-twin:9084,2026-06-24 11:35:06,2026-06-24T06:05:06Z,1782281106,ramp_2,855.0,324351144.0,{}
1,B,RSS Memory Footprint,go_order,go,order,inventory-java:8082,inventory-java:8082,2026-06-24 11:35:21,2026-06-24T06:05:21Z,1782281121,ramp_2,870.0,284161560.0,{}
1,B,RSS Memory Footprint,go_order,go,order,order-java:8083,order-java:8083,2026-06-24 11:35:21,2026-06-24T06:05:21Z,1782281121,ramp_2,870.0,193561944.0,{}
1,B,RSS Memory Footprint,go_order,go,order,warehouse-java-twin:9084,warehouse-java-twin:9084,2026-06-24 11:35:21,2026-06-24T06:05:21Z,1782281121,ramp_2,870.0,319686728.0,{}
1,B,RSS Memory Footprint,go_order,go,order,inventory-java:8082,inventory-java:8082,2026-06-24 11:35:36,2026-06-24T06:05:36Z,1782281136,ramp_2,885.0,286332640.0,{}
1,B,RSS Memory Footprint,go_order,go,order,order-java:8083,order-java:8083,2026-06-24 11:35:36,2026-06-24T06:05:36Z,1782281136,ramp_2,885.0,195697336.0,{}
1,B,RSS Memory Footprint,go_order,go,order,warehouse-java-twin:9084,warehouse-java-twin:9084,2026-06-24 11:35:36,2026-06-24T06:05:36Z,1782281136,ramp_2,885.0,283584192.0,{}
1,B,RSS Memory Footprint,go_order,go,order,inventory-java:8082,inventory-java:8082,2026-06-24 11:35:51,2026-06-24T06:05:51Z,1782281151,ramp_3,900.0,288752920.0,{}
1,B,RSS Memory Footprint,go_order,go,order,order-java:8083,order-java:8083,2026-06-24 11:35:51,2026-06-24T06:05:51Z,1782281151,ramp_3,900.0,196830848.0,{}
1,B,RSS Memory Footprint,go_order,go,order,warehouse-java-twin:9084,warehouse-java-twin:9084,2026-06-24 11:35:51,2026-06-24T06:05:51Z,1782281151,ramp_3,900.0,284710352.0,{}
1,B,RSS Memory Footprint,go_order,go,order,inventory-java:8082,inventory-java:8082,2026-06-24 11:36:06,2026-06-24T06:06:06Z,1782281166,ramp_3,915.0,290918600.0,{}
1,B,RSS Memory Footprint,go_order,go,order,order-java:8083,order-java:8083,2026-06-24 11:36:06,2026-06-24T06:06:06Z,1782281166,ramp_3,915.0,199214944.0,{}
1,B,RSS Memory Footprint,go_order,go,order,warehouse-java-twin:9084,warehouse-java-twin:9084,2026-06-24 11:36:06,2026-06-24T06:06:06Z,1782281166,ramp_3,915.0,280601752.0,{}
1,B,RSS Memory Footprint,go_order,go,order,inventory-java:8082,inventory-java:8082,2026-06-24 11:36:21,2026-06-24T06:06:21Z,1782281181,ramp_3,930.0,293026120.0,{}
1,B,RSS Memory Footprint,go_order,go,order,order-java:8083,order-java:8083,2026-06-24 11:36:21,2026-06-24T06:06:21Z,1782281181,ramp_3,930.0,201358080.0,{}
1,B,RSS Memory Footprint,go_order,go,order,warehouse-java-twin:9084,warehouse-java-twin:9084,2026-06-24 11:36:21,2026-06-24T06:06:21Z,1782281181,ramp_3,930.0,277509720.0,{}
1,B,RSS Memory Footprint,go_order,go,order,inventory-java:8082,inventory-java:8082,2026-06-24 11:36:36,2026-06-24T06:06:36Z,1782281196,ramp_3,945.0,294087880.0,{}
1,B,RSS Memory Footprint,go_order,go,order,order-java:8083,order-java:8083,2026-06-24 11:36:36,2026-06-24T06:06:36Z,1782281196,ramp_3,945.0,202414208.0,{}
1,B,RSS Memory Footprint,go_order,go,order,warehouse-java-twin:9084,warehouse-java-twin:9084,2026-06-24 11:36:36,2026-06-24T06:06:36Z,1782281196,ramp_3,945.0,272487528.0,{}
1,B,RSS Memory Footprint,go_order,go,order,inventory-java:8082,inventory-java:8082,2026-06-24 11:36:51,2026-06-24T06:06:51Z,1782281211,ramp_3,960.0,296186312.0,{}
1,B,RSS Memory Footprint,go_order,go,order,order-java:8083,order-java:8083,2026-06-24 11:36:51,2026-06-24T06:06:51Z,1782281211,ramp_3,960.0,204512384.0,{}
1,B,RSS Memory Footprint,go_order,go,order,warehouse-java-twin:9084,warehouse-java-twin:9084,2026-06-24 11:36:51,2026-06-24T06:06:51Z,1782281211,ramp_3,960.0,271469768.0,{}
1,B,RSS Memory Footprint,go_order,go,order,inventory-java:8082,inventory-java:8082,2026-06-24 11:37:06,2026-06-24T06:07:06Z,1782281226,ramp_3,975.0,298355576.0,{}
1,B,RSS Memory Footprint,go_order,go,order,order-java:8083,order-java:8083,2026-06-24 11:37:06,2026-06-24T06:07:06Z,1782281226,ramp_3,975.0,206661576.0,{}
1,B,RSS Memory Footprint,go_order,go,order,warehouse-java-twin:9084,warehouse-java-twin:9084,2026-06-24 11:37:06,2026-06-24T06:07:06Z,1782281226,ramp_3,975.0,272730720.0,{}
1,B,RSS Memory Footprint,go_order,go,order,inventory-java:8082,inventory-java:8082,2026-06-24 11:37:21,2026-06-24T06:07:21Z,1782281241,ramp_3,990.0,301608488.0,{}
1,B,RSS Memory Footprint,go_order,go,order,order-java:8083,order-java:8083,2026-06-24 11:37:21,2026-06-24T06:07:21Z,1782281241,ramp_3,990.0,208931392.0,{}
1,B,RSS Memory Footprint,go_order,go,order,warehouse-java-twin:9084,warehouse-java-twin:9084,2026-06-24 11:37:21,2026-06-24T06:07:21Z,1782281241,ramp_3,990.0,274464840.0,{}
1,B,RSS Memory Footprint,go_order,go,order,inventory-java:8082,inventory-java:8082,2026-06-24 11:37:36,2026-06-24T06:07:36Z,1782281256,ramp_3,1005.0,303711848.0,{}
1,B,RSS Memory Footprint,go_order,go,order,order-java:8083,order-java:8083,2026-06-24 11:37:36,2026-06-24T06:07:36Z,1782281256,ramp_3,1005.0,211035072.0,{}
1,B,RSS Memory Footprint,go_order,go,order,warehouse-java-twin:9084,warehouse-java-twin:9084,2026-06-24 11:37:36,2026-06-24T06:07:36Z,1782281256,ramp_3,1005.0,269202216.0,{}
1,B,RSS Memory Footprint,go_order,go,order,inventory-java:8082,inventory-java:8082,2026-06-24 11:37:51,2026-06-24T06:07:51Z,1782281271,ramp_3,1020.0,305853544.0,{}
1,B,RSS Memory Footprint,go_order,go,order,order-java:8083,order-java:8083,2026-06-24 11:37:51,2026-06-24T06:07:51Z,1782281271,ramp_3,1020.0,213222336.0,{}
1,B,RSS Memory Footprint,go_order,go,order,warehouse-java-twin:9084,warehouse-java-twin:9084,2026-06-24 11:37:51,2026-06-24T06:07:51Z,1782281271,ramp_3,1020.0,269392776.0,{}
1,B,RSS Memory Footprint,go_order,go,order,inventory-java:8082,inventory-java:8082,2026-06-24 11:38:06,2026-06-24T06:08:06Z,1782281286,ramp_3,1035.0,308012088.0,{}
1,B,RSS Memory Footprint,go_order,go,order,order-java:8083,order-java:8083,2026-06-24 11:38:06,2026-06-24T06:08:06Z,1782281286,ramp_3,1035.0,215334848.0,{}
1,B,RSS Memory Footprint,go_order,go,order,warehouse-java-twin:9084,warehouse-java-twin:9084,2026-06-24 11:38:06,2026-06-24T06:08:06Z,1782281286,ramp_3,1035.0,268213896.0,{}
1,B,RSS Memory Footprint,go_order,go,order,inventory-java:8082,inventory-java:8082,2026-06-24 11:38:21,2026-06-24T06:08:21Z,1782281301,ramp_3,1050.0,163873664.0,{}
1,B,RSS Memory Footprint,go_order,go,order,order-java:8083,order-java:8083,2026-06-24 11:38:21,2026-06-24T06:08:21Z,1782281301,ramp_3,1050.0,217435072.0,{}
1,B,RSS Memory Footprint,go_order,go,order,warehouse-java-twin:9084,warehouse-java-twin:9084,2026-06-24 11:38:21,2026-06-24T06:08:21Z,1782281301,ramp_3,1050.0,269529840.0,{}
1,B,RSS Memory Footprint,go_order,go,order,inventory-java:8082,inventory-java:8082,2026-06-24 11:38:36,2026-06-24T06:08:36Z,1782281316,ramp_3,1065.0,167088000.0,{}
1,B,RSS Memory Footprint,go_order,go,order,order-java:8083,order-java:8083,2026-06-24 11:38:36,2026-06-24T06:08:36Z,1782281316,ramp_3,1065.0,218514768.0,{}
1,B,RSS Memory Footprint,go_order,go,order,warehouse-java-twin:9084,warehouse-java-twin:9084,2026-06-24 11:38:36,2026-06-24T06:08:36Z,1782281316,ramp_3,1065.0,271801776.0,{}
1,B,RSS Memory Footprint,go_order,go,order,inventory-java:8082,inventory-java:8082,2026-06-24 11:38:51,2026-06-24T06:08:51Z,1782281331,ramp_3,1080.0,169186816.0,{}
1,B,RSS Memory Footprint,go_order,go,order,order-java:8083,order-java:8083,2026-06-24 11:38:51,2026-06-24T06:08:51Z,1782281331,ramp_3,1080.0,220617272.0,{}
1,B,RSS Memory Footprint,go_order,go,order,warehouse-java-twin:9084,warehouse-java-twin:9084,2026-06-24 11:38:51,2026-06-24T06:08:51Z,1782281331,ramp_3,1080.0,274901312.0,{}
1,B,RSS Memory Footprint,go_order,go,order,inventory-java:8082,inventory-java:8082,2026-06-24 11:39:06,2026-06-24T06:09:06Z,1782281346,ramp_3,1095.0,172422568.0,{}
1,B,RSS Memory Footprint,go_order,go,order,order-java:8083,order-java:8083,2026-06-24 11:39:06,2026-06-24T06:09:06Z,1782281346,ramp_3,1095.0,222720056.0,{}
1,B,RSS Memory Footprint,go_order,go,order,warehouse-java-twin:9084,warehouse-java-twin:9084,2026-06-24 11:39:06,2026-06-24T06:09:06Z,1782281346,ramp_3,1095.0,273280520.0,{}
1,B,RSS Memory Footprint,go_order,go,order,inventory-java:8082,inventory-java:8082,2026-06-24 11:39:21,2026-06-24T06:09:21Z,1782281361,ramp_3,1110.0,174542512.0,{}
1,B,RSS Memory Footprint,go_order,go,order,order-java:8083,order-java:8083,2026-06-24 11:39:21,2026-06-24T06:09:21Z,1782281361,ramp_3,1110.0,224829496.0,{}
1,B,RSS Memory Footprint,go_order,go,order,warehouse-java-twin:9084,warehouse-java-twin:9084,2026-06-24 11:39:21,2026-06-24T06:09:21Z,1782281361,ramp_3,1110.0,277681656.0,{}
1,B,RSS Memory Footprint,go_order,go,order,inventory-java:8082,inventory-java:8082,2026-06-24 11:39:36,2026-06-24T06:09:36Z,1782281376,ramp_3,1125.0,175601712.0,{}
1,B,RSS Memory Footprint,go_order,go,order,order-java:8083,order-java:8083,2026-06-24 11:39:36,2026-06-24T06:09:36Z,1782281376,ramp_3,1125.0,226953392.0,{}
1,B,RSS Memory Footprint,go_order,go,order,warehouse-java-twin:9084,warehouse-java-twin:9084,2026-06-24 11:39:36,2026-06-24T06:09:36Z,1782281376,ramp_3,1125.0,281256392.0,{}
1,B,RSS Memory Footprint,go_order,go,order,inventory-java:8082,inventory-java:8082,2026-06-24 11:39:51,2026-06-24T06:09:51Z,1782281391,ramp_3,1140.0,177700016.0,{}
1,B,RSS Memory Footprint,go_order,go,order,order-java:8083,order-java:8083,2026-06-24 11:39:51,2026-06-24T06:09:51Z,1782281391,ramp_3,1140.0,231295768.0,{}
1,B,RSS Memory Footprint,go_order,go,order,warehouse-java-twin:9084,warehouse-java-twin:9084,2026-06-24 11:39:51,2026-06-24T06:09:51Z,1782281391,ramp_3,1140.0,281874280.0,{}
1,B,RSS Memory Footprint,go_order,go,order,inventory-java:8082,inventory-java:8082,2026-06-24 11:40:06,2026-06-24T06:10:06Z,1782281406,ramp_3,1155.0,179812120.0,{}
1,B,RSS Memory Footprint,go_order,go,order,order-java:8083,order-java:8083,2026-06-24 11:40:06,2026-06-24T06:10:06Z,1782281406,ramp_3,1155.0,233412944.0,{}
1,B,RSS Memory Footprint,go_order,go,order,warehouse-java-twin:9084,warehouse-java-twin:9084,2026-06-24 11:40:06,2026-06-24T06:10:06Z,1782281406,ramp_3,1155.0,282957024.0,{}
1,B,RSS Memory Footprint,go_order,go,order,inventory-java:8082,inventory-java:8082,2026-06-24 11:40:21,2026-06-24T06:10:21Z,1782281421,ramp_3,1170.0,183058896.0,{}
1,B,RSS Memory Footprint,go_order,go,order,order-java:8083,order-java:8083,2026-06-24 11:40:21,2026-06-24T06:10:21Z,1782281421,ramp_3,1170.0,234486936.0,{}
1,B,RSS Memory Footprint,go_order,go,order,warehouse-java-twin:9084,warehouse-java-twin:9084,2026-06-24 11:40:21,2026-06-24T06:10:21Z,1782281421,ramp_3,1170.0,282485304.0,{}
1,B,RSS Memory Footprint,go_order,go,order,inventory-java:8082,inventory-java:8082,2026-06-24 11:40:36,2026-06-24T06:10:36Z,1782281436,ramp_3,1185.0,185161760.0,{}
1,B,RSS Memory Footprint,go_order,go,order,order-java:8083,order-java:8083,2026-06-24 11:40:36,2026-06-24T06:10:36Z,1782281436,ramp_3,1185.0,236605048.0,{}
1,B,RSS Memory Footprint,go_order,go,order,warehouse-java-twin:9084,warehouse-java-twin:9084,2026-06-24 11:40:36,2026-06-24T06:10:36Z,1782281436,ramp_3,1185.0,250471368.0,{}
1,B,RSS Memory Footprint,go_order,go,order,inventory-java:8082,inventory-java:8082,2026-06-24 11:40:51,2026-06-24T06:10:51Z,1782281451,sustain,1200.0,187497704.0,{}
1,B,RSS Memory Footprint,go_order,go,order,order-java:8083,order-java:8083,2026-06-24 11:40:51,2026-06-24T06:10:51Z,1782281451,sustain,1200.0,238718000.0,{}
1,B,RSS Memory Footprint,go_order,go,order,warehouse-java-twin:9084,warehouse-java-twin:9084,2026-06-24 11:40:51,2026-06-24T06:10:51Z,1782281451,sustain,1200.0,254844120.0,{}
1,B,RSS Memory Footprint,go_order,go,order,inventory-java:8082,inventory-java:8082,2026-06-24 11:41:06,2026-06-24T06:11:06Z,1782281466,sustain,1215.0,189611616.0,{}
1,B,RSS Memory Footprint,go_order,go,order,order-java:8083,order-java:8083,2026-06-24 11:41:06,2026-06-24T06:11:06Z,1782281466,sustain,1215.0,240816816.0,{}
1,B,RSS Memory Footprint,go_order,go,order,warehouse-java-twin:9084,warehouse-java-twin:9084,2026-06-24 11:41:06,2026-06-24T06:11:06Z,1782281466,sustain,1215.0,256950232.0,{}
1,B,RSS Memory Footprint,go_order,go,order,inventory-java:8082,inventory-java:8082,2026-06-24 11:41:21,2026-06-24T06:11:21Z,1782281481,sustain,1230.0,192854376.0,{}
1,B,RSS Memory Footprint,go_order,go,order,order-java:8083,order-java:8083,2026-06-24 11:41:21,2026-06-24T06:11:21Z,1782281481,sustain,1230.0,243024288.0,{}
1,B,RSS Memory Footprint,go_order,go,order,warehouse-java-twin:9084,warehouse-java-twin:9084,2026-06-24 11:41:21,2026-06-24T06:11:21Z,1782281481,sustain,1230.0,259094984.0,{}
1,B,RSS Memory Footprint,go_order,go,order,inventory-java:8082,inventory-java:8082,2026-06-24 11:41:36,2026-06-24T06:11:36Z,1782281496,sustain,1245.0,194959848.0,{}
1,B,RSS Memory Footprint,go_order,go,order,order-java:8083,order-java:8083,2026-06-24 11:41:36,2026-06-24T06:11:36Z,1782281496,sustain,1245.0,245126536.0,{}
1,B,RSS Memory Footprint,go_order,go,order,warehouse-java-twin:9084,warehouse-java-twin:9084,2026-06-24 11:41:36,2026-06-24T06:11:36Z,1782281496,sustain,1245.0,256999496.0,{}
1,B,RSS Memory Footprint,go_order,go,order,inventory-java:8082,inventory-java:8082,2026-06-24 11:41:51,2026-06-24T06:11:51Z,1782281511,sustain,1260.0,196020344.0,{}
1,B,RSS Memory Footprint,go_order,go,order,order-java:8083,order-java:8083,2026-06-24 11:41:51,2026-06-24T06:11:51Z,1782281511,sustain,1260.0,247425480.0,{}
1,B,RSS Memory Footprint,go_order,go,order,warehouse-java-twin:9084,warehouse-java-twin:9084,2026-06-24 11:41:51,2026-06-24T06:11:51Z,1782281511,sustain,1260.0,242324424.0,{}
1,B,RSS Memory Footprint,go_order,go,order,inventory-java:8082,inventory-java:8082,2026-06-24 11:42:06,2026-06-24T06:12:06Z,1782281526,sustain,1275.0,198126968.0,{}
1,B,RSS Memory Footprint,go_order,go,order,order-java:8083,order-java:8083,2026-06-24 11:42:06,2026-06-24T06:12:06Z,1782281526,sustain,1275.0,250647216.0,{}
1,B,RSS Memory Footprint,go_order,go,order,warehouse-java-twin:9084,warehouse-java-twin:9084,2026-06-24 11:42:06,2026-06-24T06:12:06Z,1782281526,sustain,1275.0,226628656.0,{}
1,B,RSS Memory Footprint,go_order,go,order,inventory-java:8082,inventory-java:8082,2026-06-24 11:42:21,2026-06-24T06:12:21Z,1782281541,sustain,1290.0,200231568.0,{}
1,B,RSS Memory Footprint,go_order,go,order,order-java:8083,order-java:8083,2026-06-24 11:42:21,2026-06-24T06:12:21Z,1782281541,sustain,1290.0,252758448.0,{}
1,B,RSS Memory Footprint,go_order,go,order,warehouse-java-twin:9084,warehouse-java-twin:9084,2026-06-24 11:42:21,2026-06-24T06:12:21Z,1782281541,sustain,1290.0,363997616.0,{}
1,B,RSS Memory Footprint,go_order,go,order,inventory-java:8082,inventory-java:8082,2026-06-24 11:42:36,2026-06-24T06:12:36Z,1782281556,sustain,1305.0,201285024.0,{}
1,B,RSS Memory Footprint,go_order,go,order,order-java:8083,order-java:8083,2026-06-24 11:42:36,2026-06-24T06:12:36Z,1782281556,sustain,1305.0,254857008.0,{}
1,B,RSS Memory Footprint,go_order,go,order,warehouse-java-twin:9084,warehouse-java-twin:9084,2026-06-24 11:42:36,2026-06-24T06:12:36Z,1782281556,sustain,1305.0,349319424.0,{}
1,B,RSS Memory Footprint,go_order,go,order,inventory-java:8082,inventory-java:8082,2026-06-24 11:42:51,2026-06-24T06:12:51Z,1782281571,sustain,1320.0,203436000.0,{}
1,B,RSS Memory Footprint,go_order,go,order,order-java:8083,order-java:8083,2026-06-24 11:42:51,2026-06-24T06:12:51Z,1782281571,sustain,1320.0,256955696.0,{}
1,B,RSS Memory Footprint,go_order,go,order,warehouse-java-twin:9084,warehouse-java-twin:9084,2026-06-24 11:42:51,2026-06-24T06:12:51Z,1782281571,sustain,1320.0,349408144.0,{}
1,B,RSS Memory Footprint,go_order,go,order,inventory-java:8082,inventory-java:8082,2026-06-24 11:43:06,2026-06-24T06:13:06Z,1782281586,sustain,1335.0,206607664.0,{}
1,B,RSS Memory Footprint,go_order,go,order,order-java:8083,order-java:8083,2026-06-24 11:43:06,2026-06-24T06:13:06Z,1782281586,sustain,1335.0,258014696.0,{}
1,B,RSS Memory Footprint,go_order,go,order,warehouse-java-twin:9084,warehouse-java-twin:9084,2026-06-24 11:43:06,2026-06-24T06:13:06Z,1782281586,sustain,1335.0,310097808.0,{}
1,B,RSS Memory Footprint,go_order,go,order,inventory-java:8082,inventory-java:8082,2026-06-24 11:43:21,2026-06-24T06:13:21Z,1782281601,sustain,1350.0,208707376.0,{}
1,B,RSS Memory Footprint,go_order,go,order,order-java:8083,order-java:8083,2026-06-24 11:43:21,2026-06-24T06:13:21Z,1782281601,sustain,1350.0,261212768.0,{}
1,B,RSS Memory Footprint,go_order,go,order,warehouse-java-twin:9084,warehouse-java-twin:9084,2026-06-24 11:43:21,2026-06-24T06:13:21Z,1782281601,sustain,1350.0,271525520.0,{}
1,B,RSS Memory Footprint,go_order,go,order,inventory-java:8082,inventory-java:8082,2026-06-24 11:43:36,2026-06-24T06:13:36Z,1782281616,sustain,1365.0,210851240.0,{}
1,B,RSS Memory Footprint,go_order,go,order,order-java:8083,order-java:8083,2026-06-24 11:43:36,2026-06-24T06:13:36Z,1782281616,sustain,1365.0,263327840.0,{}
1,B,RSS Memory Footprint,go_order,go,order,warehouse-java-twin:9084,warehouse-java-twin:9084,2026-06-24 11:43:36,2026-06-24T06:13:36Z,1782281616,sustain,1365.0,374363104.0,{}
1,B,RSS Memory Footprint,go_order,go,order,inventory-java:8082,inventory-java:8082,2026-06-24 11:43:51,2026-06-24T06:13:51Z,1782281631,sustain,1380.0,211900712.0,{}
1,B,RSS Memory Footprint,go_order,go,order,order-java:8083,order-java:8083,2026-06-24 11:43:51,2026-06-24T06:13:51Z,1782281631,sustain,1380.0,265480048.0,{}
1,B,RSS Memory Footprint,go_order,go,order,warehouse-java-twin:9084,warehouse-java-twin:9084,2026-06-24 11:43:51,2026-06-24T06:13:51Z,1782281631,sustain,1380.0,374902752.0,{}
1,B,RSS Memory Footprint,go_order,go,order,inventory-java:8082,inventory-java:8082,2026-06-24 11:44:06,2026-06-24T06:14:06Z,1782281646,sustain,1395.0,214002256.0,{}
1,B,RSS Memory Footprint,go_order,go,order,order-java:8083,order-java:8083,2026-06-24 11:44:06,2026-06-24T06:14:06Z,1782281646,sustain,1395.0,268651216.0,{}
1,B,RSS Memory Footprint,go_order,go,order,warehouse-java-twin:9084,warehouse-java-twin:9084,2026-06-24 11:44:06,2026-06-24T06:14:06Z,1782281646,sustain,1395.0,373884096.0,{}
1,B,RSS Memory Footprint,go_order,go,order,inventory-java:8082,inventory-java:8082,2026-06-24 11:44:21,2026-06-24T06:14:21Z,1782281661,sustain,1410.0,217312304.0,{}
1,B,RSS Memory Footprint,go_order,go,order,order-java:8083,order-java:8083,2026-06-24 11:44:21,2026-06-24T06:14:21Z,1782281661,sustain,1410.0,270751952.0,{}
1,B,RSS Memory Footprint,go_order,go,order,warehouse-java-twin:9084,warehouse-java-twin:9084,2026-06-24 11:44:21,2026-06-24T06:14:21Z,1782281661,sustain,1410.0,228628480.0,{}
1,B,RSS Memory Footprint,go_order,go,order,inventory-java:8082,inventory-java:8082,2026-06-24 11:44:36,2026-06-24T06:14:36Z,1782281676,sustain,1425.0,219423408.0,{}
1,B,RSS Memory Footprint,go_order,go,order,order-java:8083,order-java:8083,2026-06-24 11:44:36,2026-06-24T06:14:36Z,1782281676,sustain,1425.0,272888240.0,{}
1,B,RSS Memory Footprint,go_order,go,order,warehouse-java-twin:9084,warehouse-java-twin:9084,2026-06-24 11:44:36,2026-06-24T06:14:36Z,1782281676,sustain,1425.0,229902544.0,{}
1,B,RSS Memory Footprint,go_order,go,order,inventory-java:8082,inventory-java:8082,2026-06-24 11:44:51,2026-06-24T06:14:51Z,1782281691,sustain,1440.0,220500488.0,{}
1,B,RSS Memory Footprint,go_order,go,order,order-java:8083,order-java:8083,2026-06-24 11:44:51,2026-06-24T06:14:51Z,1782281691,sustain,1440.0,273966600.0,{}
1,B,RSS Memory Footprint,go_order,go,order,warehouse-java-twin:9084,warehouse-java-twin:9084,2026-06-24 11:44:51,2026-06-24T06:14:51Z,1782281691,sustain,1440.0,227027728.0,{}
1,B,RSS Memory Footprint,go_order,go,order,inventory-java:8082,inventory-java:8082,2026-06-24 11:45:06,2026-06-24T06:15:06Z,1782281706,sustain,1455.0,221597656.0,{}
1,B,RSS Memory Footprint,go_order,go,order,order-java:8083,order-java:8083,2026-06-24 11:45:06,2026-06-24T06:15:06Z,1782281706,sustain,1455.0,276095616.0,{}
1,B,RSS Memory Footprint,go_order,go,order,warehouse-java-twin:9084,warehouse-java-twin:9084,2026-06-24 11:45:06,2026-06-24T06:15:06Z,1782281706,sustain,1455.0,379071240.0,{}
1,B,RSS Memory Footprint,go_order,go,order,inventory-java:8082,inventory-java:8082,2026-06-24 11:45:21,2026-06-24T06:15:21Z,1782281721,sustain,1470.0,223699544.0,{}
1,B,RSS Memory Footprint,go_order,go,order,order-java:8083,order-java:8083,2026-06-24 11:45:21,2026-06-24T06:15:21Z,1782281721,sustain,1470.0,278194816.0,{}
1,B,RSS Memory Footprint,go_order,go,order,warehouse-java-twin:9084,warehouse-java-twin:9084,2026-06-24 11:45:21,2026-06-24T06:15:21Z,1782281721,sustain,1470.0,371851464.0,{}
1,B,RSS Memory Footprint,go_order,go,order,inventory-java:8082,inventory-java:8082,2026-06-24 11:45:36,2026-06-24T06:15:36Z,1782281736,sustain,1485.0,225813256.0,{}
1,B,RSS Memory Footprint,go_order,go,order,order-java:8083,order-java:8083,2026-06-24 11:45:36,2026-06-24T06:15:36Z,1782281736,sustain,1485.0,280301320.0,{}
1,B,RSS Memory Footprint,go_order,go,order,warehouse-java-twin:9084,warehouse-java-twin:9084,2026-06-24 11:45:36,2026-06-24T06:15:36Z,1782281736,sustain,1485.0,374113352.0,{}
1,B,RSS Memory Footprint,go_order,go,order,inventory-java:8082,inventory-java:8082,2026-06-24 11:45:51,2026-06-24T06:15:51Z,1782281751,sustain,1500.0,227984800.0,{}
1,B,RSS Memory Footprint,go_order,go,order,order-java:8083,order-java:8083,2026-06-24 11:45:51,2026-06-24T06:15:51Z,1782281751,sustain,1500.0,282433272.0,{}
1,B,RSS Memory Footprint,go_order,go,order,warehouse-java-twin:9084,warehouse-java-twin:9084,2026-06-24 11:45:51,2026-06-24T06:15:51Z,1782281751,sustain,1500.0,373087112.0,{}
1,B,RSS Memory Footprint,go_order,go,order,inventory-java:8082,inventory-java:8082,2026-06-24 11:46:06,2026-06-24T06:16:06Z,1782281766,sustain,1515.0,230114208.0,{}
1,B,RSS Memory Footprint,go_order,go,order,order-java:8083,order-java:8083,2026-06-24 11:46:06,2026-06-24T06:16:06Z,1782281766,sustain,1515.0,283570088.0,{}
1,B,RSS Memory Footprint,go_order,go,order,warehouse-java-twin:9084,warehouse-java-twin:9084,2026-06-24 11:46:06,2026-06-24T06:16:06Z,1782281766,sustain,1515.0,369946304.0,{}
1,B,RSS Memory Footprint,go_order,go,order,inventory-java:8082,inventory-java:8082,2026-06-24 11:46:21,2026-06-24T06:16:21Z,1782281781,sustain,1530.0,232262976.0,{}
1,B,RSS Memory Footprint,go_order,go,order,order-java:8083,order-java:8083,2026-06-24 11:46:21,2026-06-24T06:16:21Z,1782281781,sustain,1530.0,285681016.0,{}
1,B,RSS Memory Footprint,go_order,go,order,warehouse-java-twin:9084,warehouse-java-twin:9084,2026-06-24 11:46:21,2026-06-24T06:16:21Z,1782281781,sustain,1530.0,367937832.0,{}
1,B,RSS Memory Footprint,go_order,go,order,inventory-java:8082,inventory-java:8082,2026-06-24 11:46:36,2026-06-24T06:16:36Z,1782281796,sustain,1545.0,233487496.0,{}
1,B,RSS Memory Footprint,go_order,go,order,order-java:8083,order-java:8083,2026-06-24 11:46:36,2026-06-24T06:16:36Z,1782281796,sustain,1545.0,287904920.0,{}
1,B,RSS Memory Footprint,go_order,go,order,warehouse-java-twin:9084,warehouse-java-twin:9084,2026-06-24 11:46:36,2026-06-24T06:16:36Z,1782281796,sustain,1545.0,364882424.0,{}
1,B,RSS Memory Footprint,go_order,go,order,inventory-java:8082,inventory-java:8082,2026-06-24 11:46:51,2026-06-24T06:16:51Z,1782281811,sustain,1560.0,235594768.0,{}
1,B,RSS Memory Footprint,go_order,go,order,order-java:8083,order-java:8083,2026-06-24 11:46:51,2026-06-24T06:16:51Z,1782281811,sustain,1560.0,290117240.0,{}
1,B,RSS Memory Footprint,go_order,go,order,warehouse-java-twin:9084,warehouse-java-twin:9084,2026-06-24 11:46:51,2026-06-24T06:16:51Z,1782281811,sustain,1560.0,361740208.0,{}
1,B,RSS Memory Footprint,go_order,go,order,inventory-java:8082,inventory-java:8082,2026-06-24 11:47:06,2026-06-24T06:17:06Z,1782281826,sustain,1575.0,237699088.0,{}
1,B,RSS Memory Footprint,go_order,go,order,order-java:8083,order-java:8083,2026-06-24 11:47:06,2026-06-24T06:17:06Z,1782281826,sustain,1575.0,292220152.0,{}
1,B,RSS Memory Footprint,go_order,go,order,warehouse-java-twin:9084,warehouse-java-twin:9084,2026-06-24 11:47:06,2026-06-24T06:17:06Z,1782281826,sustain,1575.0,361462872.0,{}
1,B,RSS Memory Footprint,go_order,go,order,inventory-java:8082,inventory-java:8082,2026-06-24 11:47:21,2026-06-24T06:17:21Z,1782281841,sustain,1590.0,239839352.0,{}
1,B,RSS Memory Footprint,go_order,go,order,order-java:8083,order-java:8083,2026-06-24 11:47:21,2026-06-24T06:17:21Z,1782281841,sustain,1590.0,294381744.0,{}
1,B,RSS Memory Footprint,go_order,go,order,warehouse-java-twin:9084,warehouse-java-twin:9084,2026-06-24 11:47:21,2026-06-24T06:17:21Z,1782281841,sustain,1590.0,358878912.0,{}
1,B,RSS Memory Footprint,go_order,go,order,inventory-java:8082,inventory-java:8082,2026-06-24 11:47:36,2026-06-24T06:17:36Z,1782281856,sustain,1605.0,240907280.0,{}
1,B,RSS Memory Footprint,go_order,go,order,order-java:8083,order-java:8083,2026-06-24 11:47:36,2026-06-24T06:17:36Z,1782281856,sustain,1605.0,296480432.0,{}
1,B,RSS Memory Footprint,go_order,go,order,warehouse-java-twin:9084,warehouse-java-twin:9084,2026-06-24 11:47:36,2026-06-24T06:17:36Z,1782281856,sustain,1605.0,354348136.0,{}
1,B,RSS Memory Footprint,go_order,go,order,inventory-java:8082,inventory-java:8082,2026-06-24 11:47:51,2026-06-24T06:17:51Z,1782281871,sustain,1620.0,243072536.0,{}
1,B,RSS Memory Footprint,go_order,go,order,order-java:8083,order-java:8083,2026-06-24 11:47:51,2026-06-24T06:17:51Z,1782281871,sustain,1620.0,297542624.0,{}
1,B,RSS Memory Footprint,go_order,go,order,warehouse-java-twin:9084,warehouse-java-twin:9084,2026-06-24 11:47:51,2026-06-24T06:17:51Z,1782281871,sustain,1620.0,351281640.0,{}
1,B,RSS Memory Footprint,go_order,go,order,inventory-java:8082,inventory-java:8082,2026-06-24 11:48:06,2026-06-24T06:18:06Z,1782281886,sustain,1635.0,245197304.0,{}
1,B,RSS Memory Footprint,go_order,go,order,order-java:8083,order-java:8083,2026-06-24 11:48:06,2026-06-24T06:18:06Z,1782281886,sustain,1635.0,299695328.0,{}
1,B,RSS Memory Footprint,go_order,go,order,warehouse-java-twin:9084,warehouse-java-twin:9084,2026-06-24 11:48:06,2026-06-24T06:18:06Z,1782281886,sustain,1635.0,347097856.0,{}
1,B,RSS Memory Footprint,go_order,go,order,inventory-java:8082,inventory-java:8082,2026-06-24 11:48:21,2026-06-24T06:18:21Z,1782281901,sustain,1650.0,247296376.0,{}
1,B,RSS Memory Footprint,go_order,go,order,order-java:8083,order-java:8083,2026-06-24 11:48:21,2026-06-24T06:18:21Z,1782281901,sustain,1650.0,301794912.0,{}
1,B,RSS Memory Footprint,go_order,go,order,warehouse-java-twin:9084,warehouse-java-twin:9084,2026-06-24 11:48:21,2026-06-24T06:18:21Z,1782281901,sustain,1650.0,347101968.0,{}
1,B,RSS Memory Footprint,go_order,go,order,inventory-java:8082,inventory-java:8082,2026-06-24 11:48:36,2026-06-24T06:18:36Z,1782281916,sustain,1665.0,249395352.0,{}
1,B,RSS Memory Footprint,go_order,go,order,order-java:8083,order-java:8083,2026-06-24 11:48:36,2026-06-24T06:18:36Z,1782281916,sustain,1665.0,302843488.0,{}
1,B,RSS Memory Footprint,go_order,go,order,warehouse-java-twin:9084,warehouse-java-twin:9084,2026-06-24 11:48:36,2026-06-24T06:18:36Z,1782281916,sustain,1665.0,340845216.0,{}
1,B,RSS Memory Footprint,go_order,go,order,inventory-java:8082,inventory-java:8082,2026-06-24 11:48:51,2026-06-24T06:18:51Z,1782281931,sustain,1680.0,251506816.0,{}
1,B,RSS Memory Footprint,go_order,go,order,order-java:8083,order-java:8083,2026-06-24 11:48:51,2026-06-24T06:18:51Z,1782281931,sustain,1680.0,304964064.0,{}
1,B,RSS Memory Footprint,go_order,go,order,warehouse-java-twin:9084,warehouse-java-twin:9084,2026-06-24 11:48:51,2026-06-24T06:18:51Z,1782281931,sustain,1680.0,305459704.0,{}
1,B,RSS Memory Footprint,go_order,go,order,inventory-java:8082,inventory-java:8082,2026-06-24 11:49:06,2026-06-24T06:19:06Z,1782281946,sustain,1695.0,252588928.0,{}
1,B,RSS Memory Footprint,go_order,go,order,order-java:8083,order-java:8083,2026-06-24 11:49:06,2026-06-24T06:19:06Z,1782281946,sustain,1695.0,307067344.0,{}
1,B,RSS Memory Footprint,go_order,go,order,warehouse-java-twin:9084,warehouse-java-twin:9084,2026-06-24 11:49:06,2026-06-24T06:19:06Z,1782281946,sustain,1695.0,306027784.0,{}
1,B,RSS Memory Footprint,go_order,go,order,inventory-java:8082,inventory-java:8082,2026-06-24 11:49:21,2026-06-24T06:19:21Z,1782281961,sustain,1710.0,254686848.0,{}
1,B,RSS Memory Footprint,go_order,go,order,order-java:8083,order-java:8083,2026-06-24 11:49:21,2026-06-24T06:19:21Z,1782281961,sustain,1710.0,309189712.0,{}
1,B,RSS Memory Footprint,go_order,go,order,warehouse-java-twin:9084,warehouse-java-twin:9084,2026-06-24 11:49:21,2026-06-24T06:19:21Z,1782281961,sustain,1710.0,304984472.0,{}
1,B,RSS Memory Footprint,go_order,go,order,inventory-java:8082,inventory-java:8082,2026-06-24 11:49:36,2026-06-24T06:19:36Z,1782281976,sustain,1725.0,256784000.0,{}
1,B,RSS Memory Footprint,go_order,go,order,order-java:8083,order-java:8083,2026-06-24 11:49:36,2026-06-24T06:19:36Z,1782281976,sustain,1725.0,311316400.0,{}
1,B,RSS Memory Footprint,go_order,go,order,warehouse-java-twin:9084,warehouse-java-twin:9084,2026-06-24 11:49:36,2026-06-24T06:19:36Z,1782281976,sustain,1725.0,305079552.0,{}
1,B,RSS Memory Footprint,go_order,go,order,inventory-java:8082,inventory-java:8082,2026-06-24 11:49:51,2026-06-24T06:19:51Z,1782281991,sustain,1740.0,258886144.0,{}
1,B,RSS Memory Footprint,go_order,go,order,order-java:8083,order-java:8083,2026-06-24 11:49:51,2026-06-24T06:19:51Z,1782281991,sustain,1740.0,313415984.0,{}
1,B,RSS Memory Footprint,go_order,go,order,warehouse-java-twin:9084,warehouse-java-twin:9084,2026-06-24 11:49:51,2026-06-24T06:19:51Z,1782281991,sustain,1740.0,308235488.0,{}
1,B,RSS Memory Footprint,go_order,go,order,inventory-java:8082,inventory-java:8082,2026-06-24 11:50:06,2026-06-24T06:20:06Z,1782282006,sustain,1755.0,261030240.0,{}
1,B,RSS Memory Footprint,go_order,go,order,order-java:8083,order-java:8083,2026-06-24 11:50:06,2026-06-24T06:20:06Z,1782282006,sustain,1755.0,314468784.0,{}
1,B,RSS Memory Footprint,go_order,go,order,warehouse-java-twin:9084,warehouse-java-twin:9084,2026-06-24 11:50:06,2026-06-24T06:20:06Z,1782282006,sustain,1755.0,308771312.0,{}
1,B,RSS Memory Footprint,go_order,go,order,inventory-java:8082,inventory-java:8082,2026-06-24 11:50:21,2026-06-24T06:20:21Z,1782282021,sustain,1770.0,262080096.0,{}
1,B,RSS Memory Footprint,go_order,go,order,order-java:8083,order-java:8083,2026-06-24 11:50:21,2026-06-24T06:20:21Z,1782282021,sustain,1770.0,316610064.0,{}
1,B,RSS Memory Footprint,go_order,go,order,warehouse-java-twin:9084,warehouse-java-twin:9084,2026-06-24 11:50:21,2026-06-24T06:20:21Z,1782282021,sustain,1770.0,307201792.0,{}
1,B,RSS Memory Footprint,go_order,go,order,inventory-java:8082,inventory-java:8082,2026-06-24 11:50:36,2026-06-24T06:20:36Z,1782282036,sustain,1785.0,264183624.0,{}
1,B,RSS Memory Footprint,go_order,go,order,order-java:8083,order-java:8083,2026-06-24 11:50:36,2026-06-24T06:20:36Z,1782282036,sustain,1785.0,318713720.0,{}
1,B,RSS Memory Footprint,go_order,go,order,warehouse-java-twin:9084,warehouse-java-twin:9084,2026-06-24 11:50:36,2026-06-24T06:20:36Z,1782282036,sustain,1785.0,312516680.0,{}
1,B,RSS Memory Footprint,go_order,go,order,inventory-java:8082,inventory-java:8082,2026-06-24 11:50:51,2026-06-24T06:20:51Z,1782282051,cooldown,1800.0,266290136.0,{}
1,B,RSS Memory Footprint,go_order,go,order,order-java:8083,order-java:8083,2026-06-24 11:50:51,2026-06-24T06:20:51Z,1782282051,cooldown,1800.0,320821112.0,{}
1,B,RSS Memory Footprint,go_order,go,order,warehouse-java-twin:9084,warehouse-java-twin:9084,2026-06-24 11:50:51,2026-06-24T06:20:51Z,1782282051,cooldown,1800.0,311637792.0,{}
1,B,RSS Memory Footprint,go_order,go,order,inventory-java:8082,inventory-java:8082,2026-06-24 11:51:06,2026-06-24T06:21:06Z,1782282066,cooldown,1815.0,268406232.0,{}
1,B,RSS Memory Footprint,go_order,go,order,order-java:8083,order-java:8083,2026-06-24 11:51:06,2026-06-24T06:21:06Z,1782282066,cooldown,1815.0,173064160.0,{}
1,B,RSS Memory Footprint,go_order,go,order,warehouse-java-twin:9084,warehouse-java-twin:9084,2026-06-24 11:51:06,2026-06-24T06:21:06Z,1782282066,cooldown,1815.0,310618320.0,{}
1,B,RSS Memory Footprint,go_order,go,order,inventory-java:8082,inventory-java:8082,2026-06-24 11:51:21,2026-06-24T06:21:21Z,1782282081,cooldown,1830.0,270508248.0,{}
1,B,RSS Memory Footprint,go_order,go,order,order-java:8083,order-java:8083,2026-06-24 11:51:21,2026-06-24T06:21:21Z,1782282081,cooldown,1830.0,175171296.0,{}
1,B,RSS Memory Footprint,go_order,go,order,warehouse-java-twin:9084,warehouse-java-twin:9084,2026-06-24 11:51:21,2026-06-24T06:21:21Z,1782282081,cooldown,1830.0,311697488.0,{}
1,B,RSS Memory Footprint,go_order,go,order,inventory-java:8082,inventory-java:8082,2026-06-24 11:51:36,2026-06-24T06:21:36Z,1782282096,cooldown,1845.0,271567704.0,{}
1,B,RSS Memory Footprint,go_order,go,order,order-java:8083,order-java:8083,2026-06-24 11:51:36,2026-06-24T06:21:36Z,1782282096,cooldown,1845.0,177281760.0,{}
1,B,RSS Memory Footprint,go_order,go,order,warehouse-java-twin:9084,warehouse-java-twin:9084,2026-06-24 11:51:36,2026-06-24T06:21:36Z,1782282096,cooldown,1845.0,310139744.0,{}
1,B,RSS Memory Footprint,go_order,go,order,inventory-java:8082,inventory-java:8082,2026-06-24 11:51:51,2026-06-24T06:21:51Z,1782282111,cooldown,1860.0,273764288.0,{}
1,B,RSS Memory Footprint,go_order,go,order,order-java:8083,order-java:8083,2026-06-24 11:51:51,2026-06-24T06:21:51Z,1782282111,cooldown,1860.0,179380192.0,{}
1,B,RSS Memory Footprint,go_order,go,order,warehouse-java-twin:9084,warehouse-java-twin:9084,2026-06-24 11:51:51,2026-06-24T06:21:51Z,1782282111,cooldown,1860.0,307093544.0,{}
1,B,RSS Memory Footprint,go_order,go,order,inventory-java:8082,inventory-java:8082,2026-06-24 11:52:06,2026-06-24T06:22:06Z,1782282126,cooldown,1875.0,275874112.0,{}
1,B,RSS Memory Footprint,go_order,go,order,order-java:8083,order-java:8083,2026-06-24 11:52:06,2026-06-24T06:22:06Z,1782282126,cooldown,1875.0,180545768.0,{}
1,B,RSS Memory Footprint,go_order,go,order,warehouse-java-twin:9084,warehouse-java-twin:9084,2026-06-24 11:52:06,2026-06-24T06:22:06Z,1782282126,cooldown,1875.0,302938256.0,{}
1,B,RSS Memory Footprint,go_order,go,order,inventory-java:8082,inventory-java:8082,2026-06-24 11:52:21,2026-06-24T06:22:21Z,1782282141,cooldown,1890.0,278005264.0,{}
1,B,RSS Memory Footprint,go_order,go,order,order-java:8083,order-java:8083,2026-06-24 11:52:21,2026-06-24T06:22:21Z,1782282141,cooldown,1890.0,182652208.0,{}
1,B,RSS Memory Footprint,go_order,go,order,warehouse-java-twin:9084,warehouse-java-twin:9084,2026-06-24 11:52:21,2026-06-24T06:22:21Z,1782282141,cooldown,1890.0,297207712.0,{}
1,B,RSS Memory Footprint,go_order,go,order,inventory-java:8082,inventory-java:8082,2026-06-24 11:52:36,2026-06-24T06:22:36Z,1782282156,cooldown,1905.0,280102416.0,{}
1,B,RSS Memory Footprint,go_order,go,order,order-java:8083,order-java:8083,2026-06-24 11:52:36,2026-06-24T06:22:36Z,1782282156,cooldown,1905.0,184772984.0,{}
1,B,RSS Memory Footprint,go_order,go,order,warehouse-java-twin:9084,warehouse-java-twin:9084,2026-06-24 11:52:36,2026-06-24T06:22:36Z,1782282156,cooldown,1905.0,295168400.0,{}
1,B,RSS Memory Footprint,go_order,go,order,inventory-java:8082,inventory-java:8082,2026-06-24 11:52:51,2026-06-24T06:22:51Z,1782282171,cooldown,1920.0,282199568.0,{}
1,B,RSS Memory Footprint,go_order,go,order,order-java:8083,order-java:8083,2026-06-24 11:52:51,2026-06-24T06:22:51Z,1782282171,cooldown,1920.0,186875000.0,{}
1,B,RSS Memory Footprint,go_order,go,order,warehouse-java-twin:9084,warehouse-java-twin:9084,2026-06-24 11:52:51,2026-06-24T06:22:51Z,1782282171,cooldown,1920.0,292731792.0,{}
1,B,RSS Memory Footprint,go_order,go,order,inventory-java:8082,inventory-java:8082,2026-06-24 11:53:06,2026-06-24T06:23:06Z,1782282186,cooldown,1935.0,284324624.0,{}
1,B,RSS Memory Footprint,go_order,go,order,order-java:8083,order-java:8083,2026-06-24 11:53:06,2026-06-24T06:23:06Z,1782282186,cooldown,1935.0,188974712.0,{}
1,B,RSS Memory Footprint,go_order,go,order,warehouse-java-twin:9084,warehouse-java-twin:9084,2026-06-24 11:53:06,2026-06-24T06:23:06Z,1782282186,cooldown,1935.0,289617360.0,{}
1,B,RSS Memory Footprint,go_order,go,order,inventory-java:8082,inventory-java:8082,2026-06-24 11:53:21,2026-06-24T06:23:21Z,1782282201,cooldown,1950.0,286422672.0,{}
1,B,RSS Memory Footprint,go_order,go,order,order-java:8083,order-java:8083,2026-06-24 11:53:21,2026-06-24T06:23:21Z,1782282201,cooldown,1950.0,191082568.0,{}
1,B,RSS Memory Footprint,go_order,go,order,warehouse-java-twin:9084,warehouse-java-twin:9084,2026-06-24 11:53:21,2026-06-24T06:23:21Z,1782282201,cooldown,1950.0,288073856.0,{}
1,B,RSS Memory Footprint,go_order,go,order,inventory-java:8082,inventory-java:8082,2026-06-24 11:53:36,2026-06-24T06:23:36Z,1782282216,cooldown,1965.0,287523360.0,{}
1,B,RSS Memory Footprint,go_order,go,order,order-java:8083,order-java:8083,2026-06-24 11:53:36,2026-06-24T06:23:36Z,1782282216,cooldown,1965.0,192133192.0,{}
1,B,RSS Memory Footprint,go_order,go,order,warehouse-java-twin:9084,warehouse-java-twin:9084,2026-06-24 11:53:36,2026-06-24T06:23:36Z,1782282216,cooldown,1965.0,282918816.0,{}
1,B,RSS Memory Footprint,go_order,go,order,inventory-java:8082,inventory-java:8082,2026-06-24 11:53:51,2026-06-24T06:23:51Z,1782282231,cooldown,1980.0,289663888.0,{}
1,B,RSS Memory Footprint,go_order,go,order,order-java:8083,order-java:8083,2026-06-24 11:53:51,2026-06-24T06:23:51Z,1782282231,cooldown,1980.0,194259512.0,{}
1,B,RSS Memory Footprint,go_order,go,order,warehouse-java-twin:9084,warehouse-java-twin:9084,2026-06-24 11:53:51,2026-06-24T06:23:51Z,1782282231,cooldown,1980.0,234202304.0,{}
1,B,RSS Memory Footprint,go_order,go,order,inventory-java:8082,inventory-java:8082,2026-06-24 11:54:06,2026-06-24T06:24:06Z,1782282246,cooldown,1995.0,291767568.0,{}
1,B,RSS Memory Footprint,go_order,go,order,order-java:8083,order-java:8083,2026-06-24 11:54:06,2026-06-24T06:24:06Z,1782282246,cooldown,1995.0,196378832.0,{}
1,B,RSS Memory Footprint,go_order,go,order,warehouse-java-twin:9084,warehouse-java-twin:9084,2026-06-24 11:54:06,2026-06-24T06:24:06Z,1782282246,cooldown,1995.0,227392504.0,{}
1,B,RSS Memory Footprint,go_order,go,order,inventory-java:8082,inventory-java:8082,2026-06-24 11:54:21,2026-06-24T06:24:21Z,1782282261,cooldown,2010.0,292825360.0,{}
1,B,RSS Memory Footprint,go_order,go,order,order-java:8083,order-java:8083,2026-06-24 11:54:21,2026-06-24T06:24:21Z,1782282261,cooldown,2010.0,198483936.0,{}
1,B,RSS Memory Footprint,go_order,go,order,warehouse-java-twin:9084,warehouse-java-twin:9084,2026-06-24 11:54:21,2026-06-24T06:24:21Z,1782282261,cooldown,2010.0,371056248.0,{}
1,B,RSS Memory Footprint,go_order,go,order,inventory-java:8082,inventory-java:8082,2026-06-24 11:54:36,2026-06-24T06:24:36Z,1782282276,cooldown,2025.0,294922512.0,{}
1,B,RSS Memory Footprint,go_order,go,order,order-java:8083,order-java:8083,2026-06-24 11:54:36,2026-06-24T06:24:36Z,1782282276,cooldown,2025.0,199541344.0,{}
1,B,RSS Memory Footprint,go_order,go,order,warehouse-java-twin:9084,warehouse-java-twin:9084,2026-06-24 11:54:36,2026-06-24T06:24:36Z,1782282276,cooldown,2025.0,349708496.0,{}
1,B,RSS Memory Footprint,go_order,go,order,inventory-java:8082,inventory-java:8082,2026-06-24 11:54:51,2026-06-24T06:24:51Z,1782282291,cooldown,2040.0,297042536.0,{}
1,B,RSS Memory Footprint,go_order,go,order,order-java:8083,order-java:8083,2026-06-24 11:54:51,2026-06-24T06:24:51Z,1782282291,cooldown,2040.0,201707392.0,{}
1,B,RSS Memory Footprint,go_order,go,order,warehouse-java-twin:9084,warehouse-java-twin:9084,2026-06-24 11:54:51,2026-06-24T06:24:51Z,1782282291,cooldown,2040.0,311806664.0,{}
1,B,RSS Memory Footprint,go_order,go,order,inventory-java:8082,inventory-java:8082,2026-06-24 11:55:06,2026-06-24T06:25:06Z,1782282306,cooldown,2055.0,299157224.0,{}
1,B,RSS Memory Footprint,go_order,go,order,order-java:8083,order-java:8083,2026-06-24 11:55:06,2026-06-24T06:25:06Z,1782282306,cooldown,2055.0,203825792.0,{}
1,B,RSS Memory Footprint,go_order,go,order,warehouse-java-twin:9084,warehouse-java-twin:9084,2026-06-24 11:55:06,2026-06-24T06:25:06Z,1782282306,cooldown,2055.0,251982472.0,{}
1,B,RSS Memory Footprint,go_order,go,order,inventory-java:8082,inventory-java:8082,2026-06-24 11:55:21,2026-06-24T06:25:21Z,1782282321,cooldown,2070.0,301272936.0,{}
1,B,RSS Memory Footprint,go_order,go,order,order-java:8083,order-java:8083,2026-06-24 11:55:21,2026-06-24T06:25:21Z,1782282321,cooldown,2070.0,205944192.0,{}
1,B,RSS Memory Footprint,go_order,go,order,warehouse-java-twin:9084,warehouse-java-twin:9084,2026-06-24 11:55:21,2026-06-24T06:25:21Z,1782282321,cooldown,2070.0,324353928.0,{}
1,B,RSS Memory Footprint,go_order,go,order,inventory-java:8082,inventory-java:8082,2026-06-24 11:55:36,2026-06-24T06:25:36Z,1782282336,cooldown,2085.0,303383272.0,{}
1,B,RSS Memory Footprint,go_order,go,order,order-java:8083,order-java:8083,2026-06-24 11:55:36,2026-06-24T06:25:36Z,1782282336,cooldown,2085.0,208046208.0,{}
1,B,RSS Memory Footprint,go_order,go,order,warehouse-java-twin:9084,warehouse-java-twin:9084,2026-06-24 11:55:36,2026-06-24T06:25:36Z,1782282336,cooldown,2085.0,370497080.0,{}
1,B,RSS Memory Footprint,go_order,go,order,inventory-java:8082,inventory-java:8082,2026-06-24 11:55:51,2026-06-24T06:25:51Z,1782282351,post_test,2100.0,305614944.0,{}
1,B,RSS Memory Footprint,go_order,go,order,order-java:8083,order-java:8083,2026-06-24 11:55:51,2026-06-24T06:25:51Z,1782282351,post_test,2100.0,209099584.0,{}
1,B,RSS Memory Footprint,go_order,go,order,warehouse-java-twin:9084,warehouse-java-twin:9084,2026-06-24 11:55:51,2026-06-24T06:25:51Z,1782282351,post_test,2100.0,237998048.0,{}
1,B,RSS Memory Footprint,java_inventory,java,inventory,inventory-java:8082,inventory-java:8082,2026-06-24 13:21:22,2026-06-24T07:51:22Z,1782287482,warmup,0.0,209746704.0,{}
1,B,RSS Memory Footprint,java_inventory,java,inventory,order-java:8083,order-java:8083,2026-06-24 13:21:22,2026-06-24T07:51:22Z,1782287482,warmup,0.0,304440712.0,{}
1,B,RSS Memory Footprint,java_inventory,java,inventory,warehouse-java-twin:9084,warehouse-java-twin:9084,2026-06-24 13:21:22,2026-06-24T07:51:22Z,1782287482,warmup,0.0,329753512.0,{}
1,B,RSS Memory Footprint,java_inventory,java,inventory,inventory-java:8082,inventory-java:8082,2026-06-24 13:21:37,2026-06-24T07:51:37Z,1782287497,warmup,15.0,211871152.0,{}
1,B,RSS Memory Footprint,java_inventory,java,inventory,order-java:8083,order-java:8083,2026-06-24 13:21:37,2026-06-24T07:51:37Z,1782287497,warmup,15.0,306537864.0,{}
1,B,RSS Memory Footprint,java_inventory,java,inventory,warehouse-java-twin:9084,warehouse-java-twin:9084,2026-06-24 13:21:37,2026-06-24T07:51:37Z,1782287497,warmup,15.0,331850664.0,{}
1,B,RSS Memory Footprint,java_inventory,java,inventory,inventory-java:8082,inventory-java:8082,2026-06-24 13:21:52,2026-06-24T07:51:52Z,1782287512,warmup,30.0,215029296.0,{}
1,B,RSS Memory Footprint,java_inventory,java,inventory,order-java:8083,order-java:8083,2026-06-24 13:21:52,2026-06-24T07:51:52Z,1782287512,warmup,30.0,309687560.0,{}
1,B,RSS Memory Footprint,java_inventory,java,inventory,warehouse-java-twin:9084,warehouse-java-twin:9084,2026-06-24 13:21:52,2026-06-24T07:51:52Z,1782287512,warmup,30.0,333947816.0,{}
1,B,RSS Memory Footprint,java_inventory,java,inventory,inventory-java:8082,inventory-java:8082,2026-06-24 13:22:07,2026-06-24T07:52:07Z,1782287527,warmup,45.0,218347568.0,{}
1,B,RSS Memory Footprint,java_inventory,java,inventory,order-java:8083,order-java:8083,2026-06-24 13:22:07,2026-06-24T07:52:07Z,1782287527,warmup,45.0,312886320.0,{}
1,B,RSS Memory Footprint,java_inventory,java,inventory,warehouse-java-twin:9084,warehouse-java-twin:9084,2026-06-24 13:22:07,2026-06-24T07:52:07Z,1782287527,warmup,45.0,337094824.0,{}
1,B,RSS Memory Footprint,java_inventory,java,inventory,inventory-java:8082,inventory-java:8082,2026-06-24 13:22:22,2026-06-24T07:52:22Z,1782287542,warmup,60.0,221717800.0,{}
1,B,RSS Memory Footprint,java_inventory,java,inventory,order-java:8083,order-java:8083,2026-06-24 13:22:22,2026-06-24T07:52:22Z,1782287542,warmup,60.0,316032048.0,{}
1,B,RSS Memory Footprint,java_inventory,java,inventory,warehouse-java-twin:9084,warehouse-java-twin:9084,2026-06-24 13:22:22,2026-06-24T07:52:22Z,1782287542,warmup,60.0,339191976.0,{}
1,B,RSS Memory Footprint,java_inventory,java,inventory,inventory-java:8082,inventory-java:8082,2026-06-24 13:22:37,2026-06-24T07:52:37Z,1782287557,warmup,75.0,225085264.0,{}
1,B,RSS Memory Footprint,java_inventory,java,inventory,order-java:8083,order-java:8083,2026-06-24 13:22:37,2026-06-24T07:52:37Z,1782287557,warmup,75.0,318129200.0,{}
1,B,RSS Memory Footprint,java_inventory,java,inventory,warehouse-java-twin:9084,warehouse-java-twin:9084,2026-06-24 13:22:37,2026-06-24T07:52:37Z,1782287557,warmup,75.0,342342312.0,{}
1,B,RSS Memory Footprint,java_inventory,java,inventory,inventory-java:8082,inventory-java:8082,2026-06-24 13:22:52,2026-06-24T07:52:52Z,1782287572,warmup,90.0,229575016.0,{}
1,B,RSS Memory Footprint,java_inventory,java,inventory,order-java:8083,order-java:8083,2026-06-24 13:22:52,2026-06-24T07:52:52Z,1782287572,warmup,90.0,321279920.0,{}
1,B,RSS Memory Footprint,java_inventory,java,inventory,warehouse-java-twin:9084,warehouse-java-twin:9084,2026-06-24 13:22:52,2026-06-24T07:52:52Z,1782287572,warmup,90.0,344439464.0,{}
1,B,RSS Memory Footprint,java_inventory,java,inventory,inventory-java:8082,inventory-java:8082,2026-06-24 13:23:07,2026-06-24T07:53:07Z,1782287587,warmup,105.0,232932328.0,{}
1,B,RSS Memory Footprint,java_inventory,java,inventory,order-java:8083,order-java:8083,2026-06-24 13:23:07,2026-06-24T07:53:07Z,1782287587,warmup,105.0,324456848.0,{}
1,B,RSS Memory Footprint,java_inventory,java,inventory,warehouse-java-twin:9084,warehouse-java-twin:9084,2026-06-24 13:23:07,2026-06-24T07:53:07Z,1782287587,warmup,105.0,346536616.0,{}
1,B,RSS Memory Footprint,java_inventory,java,inventory,inventory-java:8082,inventory-java:8082,2026-06-24 13:23:22,2026-06-24T07:53:22Z,1782287602,warmup,120.0,237133928.0,{}
1,B,RSS Memory Footprint,java_inventory,java,inventory,order-java:8083,order-java:8083,2026-06-24 13:23:22,2026-06-24T07:53:22Z,1782287602,warmup,120.0,328685024.0,{}
1,B,RSS Memory Footprint,java_inventory,java,inventory,warehouse-java-twin:9084,warehouse-java-twin:9084,2026-06-24 13:23:22,2026-06-24T07:53:22Z,1782287602,warmup,120.0,349682344.0,{}
1,B,RSS Memory Footprint,java_inventory,java,inventory,inventory-java:8082,inventory-java:8082,2026-06-24 13:23:37,2026-06-24T07:53:37Z,1782287617,warmup,135.0,241364200.0,{}
1,B,RSS Memory Footprint,java_inventory,java,inventory,order-java:8083,order-java:8083,2026-06-24 13:23:37,2026-06-24T07:53:37Z,1782287617,warmup,135.0,331830752.0,{}
1,B,RSS Memory Footprint,java_inventory,java,inventory,warehouse-java-twin:9084,warehouse-java-twin:9084,2026-06-24 13:23:37,2026-06-24T07:53:37Z,1782287617,warmup,135.0,351779496.0,{}
1,B,RSS Memory Footprint,java_inventory,java,inventory,inventory-java:8082,inventory-java:8082,2026-06-24 13:23:52,2026-06-24T07:53:52Z,1782287632,warmup,150.0,245572328.0,{}
1,B,RSS Memory Footprint,java_inventory,java,inventory,order-java:8083,order-java:8083,2026-06-24 13:23:52,2026-06-24T07:53:52Z,1782287632,warmup,150.0,334976480.0,{}
1,B,RSS Memory Footprint,java_inventory,java,inventory,warehouse-java-twin:9084,warehouse-java-twin:9084,2026-06-24 13:23:52,2026-06-24T07:53:52Z,1782287632,warmup,150.0,354925224.0,{}
1,B,RSS Memory Footprint,java_inventory,java,inventory,inventory-java:8082,inventory-java:8082,2026-06-24 13:24:07,2026-06-24T07:54:07Z,1782287647,warmup,165.0,249784296.0,{}
1,B,RSS Memory Footprint,java_inventory,java,inventory,order-java:8083,order-java:8083,2026-06-24 13:24:07,2026-06-24T07:54:07Z,1782287647,warmup,165.0,337073632.0,{}
1,B,RSS Memory Footprint,java_inventory,java,inventory,warehouse-java-twin:9084,warehouse-java-twin:9084,2026-06-24 13:24:07,2026-06-24T07:54:07Z,1782287647,warmup,165.0,357022376.0,{}
1,B,RSS Memory Footprint,java_inventory,java,inventory,inventory-java:8082,inventory-java:8082,2026-06-24 13:24:22,2026-06-24T07:54:22Z,1782287662,warmup,180.0,253985384.0,{}
1,B,RSS Memory Footprint,java_inventory,java,inventory,order-java:8083,order-java:8083,2026-06-24 13:24:22,2026-06-24T07:54:22Z,1782287662,warmup,180.0,341277408.0,{}
1,B,RSS Memory Footprint,java_inventory,java,inventory,warehouse-java-twin:9084,warehouse-java-twin:9084,2026-06-24 13:24:22,2026-06-24T07:54:22Z,1782287662,warmup,180.0,359119528.0,{}
1,B,RSS Memory Footprint,java_inventory,java,inventory,inventory-java:8082,inventory-java:8082,2026-06-24 13:24:37,2026-06-24T07:54:37Z,1782287677,warmup,195.0,261365840.0,{}
1,B,RSS Memory Footprint,java_inventory,java,inventory,order-java:8083,order-java:8083,2026-06-24 13:24:37,2026-06-24T07:54:37Z,1782287677,warmup,195.0,343374560.0,{}
1,B,RSS Memory Footprint,java_inventory,java,inventory,warehouse-java-twin:9084,warehouse-java-twin:9084,2026-06-24 13:24:37,2026-06-24T07:54:37Z,1782287677,warmup,195.0,361216680.0,{}
1,B,RSS Memory Footprint,java_inventory,java,inventory,inventory-java:8082,inventory-java:8082,2026-06-24 13:24:52,2026-06-24T07:54:52Z,1782287692,warmup,210.0,266666224.0,{}
1,B,RSS Memory Footprint,java_inventory,java,inventory,order-java:8083,order-java:8083,2026-06-24 13:24:52,2026-06-24T07:54:52Z,1782287692,warmup,210.0,346526176.0,{}
1,B,RSS Memory Footprint,java_inventory,java,inventory,warehouse-java-twin:9084,warehouse-java-twin:9084,2026-06-24 13:24:52,2026-06-24T07:54:52Z,1782287692,warmup,210.0,364362408.0,{}
1,B,RSS Memory Footprint,java_inventory,java,inventory,inventory-java:8082,inventory-java:8082,2026-06-24 13:25:07,2026-06-24T07:55:07Z,1782287707,warmup,225.0,271946224.0,{}
1,B,RSS Memory Footprint,java_inventory,java,inventory,order-java:8083,order-java:8083,2026-06-24 13:25:07,2026-06-24T07:55:07Z,1782287707,warmup,225.0,349671904.0,{}
1,B,RSS Memory Footprint,java_inventory,java,inventory,warehouse-java-twin:9084,warehouse-java-twin:9084,2026-06-24 13:25:07,2026-06-24T07:55:07Z,1782287707,warmup,225.0,367523384.0,{}
1,B,RSS Memory Footprint,java_inventory,java,inventory,inventory-java:8082,inventory-java:8082,2026-06-24 13:25:22,2026-06-24T07:55:22Z,1782287722,warmup,240.0,277225968.0,{}
1,B,RSS Memory Footprint,java_inventory,java,inventory,order-java:8083,order-java:8083,2026-06-24 13:25:22,2026-06-24T07:55:22Z,1782287722,warmup,240.0,195651336.0,{}
1,B,RSS Memory Footprint,java_inventory,java,inventory,warehouse-java-twin:9084,warehouse-java-twin:9084,2026-06-24 13:25:22,2026-06-24T07:55:22Z,1782287722,warmup,240.0,369620536.0,{}
1,B,RSS Memory Footprint,java_inventory,java,inventory,inventory-java:8082,inventory-java:8082,2026-06-24 13:25:37,2026-06-24T07:55:37Z,1782287737,warmup,255.0,282481776.0,{}
1,B,RSS Memory Footprint,java_inventory,java,inventory,order-java:8083,order-java:8083,2026-06-24 13:25:37,2026-06-24T07:55:37Z,1782287737,warmup,255.0,198797064.0,{}
1,B,RSS Memory Footprint,java_inventory,java,inventory,warehouse-java-twin:9084,warehouse-java-twin:9084,2026-06-24 13:25:37,2026-06-24T07:55:37Z,1782287737,warmup,255.0,372767416.0,{}
1,B,RSS Memory Footprint,java_inventory,java,inventory,inventory-java:8082,inventory-java:8082,2026-06-24 13:25:52,2026-06-24T07:55:52Z,1782287752,warmup,270.0,289855472.0,{}
1,B,RSS Memory Footprint,java_inventory,java,inventory,order-java:8083,order-java:8083,2026-06-24 13:25:52,2026-06-24T07:55:52Z,1782287752,warmup,270.0,200894216.0,{}
1,B,RSS Memory Footprint,java_inventory,java,inventory,warehouse-java-twin:9084,warehouse-java-twin:9084,2026-06-24 13:25:52,2026-06-24T07:55:52Z,1782287752,warmup,270.0,374864568.0,{}
1,B,RSS Memory Footprint,java_inventory,java,inventory,inventory-java:8082,inventory-java:8082,2026-06-24 13:26:07,2026-06-24T07:56:07Z,1782287767,warmup,285.0,296186440.0,{}
1,B,RSS Memory Footprint,java_inventory,java,inventory,order-java:8083,order-java:8083,2026-06-24 13:26:07,2026-06-24T07:56:07Z,1782287767,warmup,285.0,204039944.0,{}
1,B,RSS Memory Footprint,java_inventory,java,inventory,warehouse-java-twin:9084,warehouse-java-twin:9084,2026-06-24 13:26:07,2026-06-24T07:56:07Z,1782287767,warmup,285.0,378010296.0,{}
1,B,RSS Memory Footprint,java_inventory,java,inventory,inventory-java:8082,inventory-java:8082,2026-06-24 13:26:22,2026-06-24T07:56:22Z,1782287782,ramp_1,300.0,302492872.0,{}
1,B,RSS Memory Footprint,java_inventory,java,inventory,order-java:8083,order-java:8083,2026-06-24 13:26:22,2026-06-24T07:56:22Z,1782287782,ramp_1,300.0,207185672.0,{}
1,B,RSS Memory Footprint,java_inventory,java,inventory,warehouse-java-twin:9084,warehouse-java-twin:9084,2026-06-24 13:26:22,2026-06-24T07:56:22Z,1782287782,ramp_1,300.0,380107448.0,{}
1,B,RSS Memory Footprint,java_inventory,java,inventory,inventory-java:8082,inventory-java:8082,2026-06-24 13:26:37,2026-06-24T07:56:37Z,1782287797,ramp_1,315.0,309849672.0,{}
1,B,RSS Memory Footprint,java_inventory,java,inventory,order-java:8083,order-java:8083,2026-06-24 13:26:37,2026-06-24T07:56:37Z,1782287797,ramp_1,315.0,209282824.0,{}
1,B,RSS Memory Footprint,java_inventory,java,inventory,warehouse-java-twin:9084,warehouse-java-twin:9084,2026-06-24 13:26:37,2026-06-24T07:56:37Z,1782287797,ramp_1,315.0,382204600.0,{}
1,B,RSS Memory Footprint,java_inventory,java,inventory,inventory-java:8082,inventory-java:8082,2026-06-24 13:26:52,2026-06-24T07:56:52Z,1782287812,ramp_1,330.0,317205704.0,{}
1,B,RSS Memory Footprint,java_inventory,java,inventory,order-java:8083,order-java:8083,2026-06-24 13:26:52,2026-06-24T07:56:52Z,1782287812,ramp_1,330.0,211379976.0,{}
1,B,RSS Memory Footprint,java_inventory,java,inventory,warehouse-java-twin:9084,warehouse-java-twin:9084,2026-06-24 13:26:52,2026-06-24T07:56:52Z,1782287812,ramp_1,330.0,228051232.0,{}
1,B,RSS Memory Footprint,java_inventory,java,inventory,inventory-java:8082,inventory-java:8082,2026-06-24 13:27:07,2026-06-24T07:57:07Z,1782287827,ramp_1,345.0,173379720.0,{}
1,B,RSS Memory Footprint,java_inventory,java,inventory,order-java:8083,order-java:8083,2026-06-24 13:27:07,2026-06-24T07:57:07Z,1782287827,ramp_1,345.0,214525704.0,{}
1,B,RSS Memory Footprint,java_inventory,java,inventory,warehouse-java-twin:9084,warehouse-java-twin:9084,2026-06-24 13:27:07,2026-06-24T07:57:07Z,1782287827,ramp_1,345.0,230148384.0,{}
1,B,RSS Memory Footprint,java_inventory,java,inventory,inventory-java:8082,inventory-java:8082,2026-06-24 13:27:22,2026-06-24T07:57:22Z,1782287842,ramp_1,360.0,181773960.0,{}
1,B,RSS Memory Footprint,java_inventory,java,inventory,order-java:8083,order-java:8083,2026-06-24 13:27:22,2026-06-24T07:57:22Z,1782287842,ramp_1,360.0,217671432.0,{}
1,B,RSS Memory Footprint,java_inventory,java,inventory,warehouse-java-twin:9084,warehouse-java-twin:9084,2026-06-24 13:27:22,2026-06-24T07:57:22Z,1782287842,ramp_1,360.0,234401920.0,{}
1,B,RSS Memory Footprint,java_inventory,java,inventory,inventory-java:8082,inventory-java:8082,2026-06-24 13:27:37,2026-06-24T07:57:37Z,1782287857,ramp_1,375.0,192317320.0,{}
1,B,RSS Memory Footprint,java_inventory,java,inventory,order-java:8083,order-java:8083,2026-06-24 13:27:37,2026-06-24T07:57:37Z,1782287857,ramp_1,375.0,220819592.0,{}
1,B,RSS Memory Footprint,java_inventory,java,inventory,warehouse-java-twin:9084,warehouse-java-twin:9084,2026-06-24 13:27:37,2026-06-24T07:57:37Z,1782287857,ramp_1,375.0,236499072.0,{}
1,B,RSS Memory Footprint,java_inventory,java,inventory,inventory-java:8082,inventory-java:8082,2026-06-24 13:27:52,2026-06-24T07:57:52Z,1782287872,ramp_1,390.0,203855112.0,{}
1,B,RSS Memory Footprint,java_inventory,java,inventory,order-java:8083,order-java:8083,2026-06-24 13:27:52,2026-06-24T07:57:52Z,1782287872,ramp_1,390.0,222923512.0,{}
1,B,RSS Memory Footprint,java_inventory,java,inventory,warehouse-java-twin:9084,warehouse-java-twin:9084,2026-06-24 13:27:52,2026-06-24T07:57:52Z,1782287872,ramp_1,390.0,239644800.0,{}
1,B,RSS Memory Footprint,java_inventory,java,inventory,inventory-java:8082,inventory-java:8082,2026-06-24 13:28:07,2026-06-24T07:58:07Z,1782287887,ramp_1,405.0,215412104.0,{}
1,B,RSS Memory Footprint,java_inventory,java,inventory,order-java:8083,order-java:8083,2026-06-24 13:28:07,2026-06-24T07:58:07Z,1782287887,ramp_1,405.0,226069240.0,{}
1,B,RSS Memory Footprint,java_inventory,java,inventory,warehouse-java-twin:9084,warehouse-java-twin:9084,2026-06-24 13:28:07,2026-06-24T07:58:07Z,1782287887,ramp_1,405.0,242797496.0,{}
1,B,RSS Memory Footprint,java_inventory,java,inventory,inventory-java:8082,inventory-java:8082,2026-06-24 13:28:22,2026-06-24T07:58:22Z,1782287902,ramp_1,420.0,229103496.0,{}
1,B,RSS Memory Footprint,java_inventory,java,inventory,order-java:8083,order-java:8083,2026-06-24 13:28:22,2026-06-24T07:58:22Z,1782287902,ramp_1,420.0,228166392.0,{}
1,B,RSS Memory Footprint,java_inventory,java,inventory,warehouse-java-twin:9084,warehouse-java-twin:9084,2026-06-24 13:28:22,2026-06-24T07:58:22Z,1782287902,ramp_1,420.0,243846072.0,{}
1,B,RSS Memory Footprint,java_inventory,java,inventory,inventory-java:8082,inventory-java:8082,2026-06-24 13:28:37,2026-06-24T07:58:37Z,1782287917,ramp_1,435.0,241691656.0,{}
1,B,RSS Memory Footprint,java_inventory,java,inventory,order-java:8083,order-java:8083,2026-06-24 13:28:37,2026-06-24T07:58:37Z,1782287917,ramp_1,435.0,231313784.0,{}
1,B,RSS Memory Footprint,java_inventory,java,inventory,warehouse-java-twin:9084,warehouse-java-twin:9084,2026-06-24 13:28:37,2026-06-24T07:58:37Z,1782287917,ramp_1,435.0,245943224.0,{}
1,B,RSS Memory Footprint,java_inventory,java,inventory,inventory-java:8082,inventory-java:8082,2026-06-24 13:28:52,2026-06-24T07:58:52Z,1782287932,ramp_1,450.0,256371720.0,{}
1,B,RSS Memory Footprint,java_inventory,java,inventory,order-java:8083,order-java:8083,2026-06-24 13:28:52,2026-06-24T07:58:52Z,1782287932,ramp_1,450.0,234459512.0,{}
1,B,RSS Memory Footprint,java_inventory,java,inventory,warehouse-java-twin:9084,warehouse-java-twin:9084,2026-06-24 13:28:52,2026-06-24T07:58:52Z,1782287932,ramp_1,450.0,249088952.0,{}
1,B,RSS Memory Footprint,java_inventory,java,inventory,inventory-java:8082,inventory-java:8082,2026-06-24 13:29:07,2026-06-24T07:59:07Z,1782287947,ramp_1,465.0,272139528.0,{}
1,B,RSS Memory Footprint,java_inventory,java,inventory,order-java:8083,order-java:8083,2026-06-24 13:29:07,2026-06-24T07:59:07Z,1782287947,ramp_1,465.0,236558328.0,{}
1,B,RSS Memory Footprint,java_inventory,java,inventory,warehouse-java-twin:9084,warehouse-java-twin:9084,2026-06-24 13:29:07,2026-06-24T07:59:07Z,1782287947,ramp_1,465.0,251186104.0,{}
1,B,RSS Memory Footprint,java_inventory,java,inventory,inventory-java:8082,inventory-java:8082,2026-06-24 13:29:22,2026-06-24T07:59:22Z,1782287962,ramp_1,480.0,287891720.0,{}
1,B,RSS Memory Footprint,java_inventory,java,inventory,order-java:8083,order-java:8083,2026-06-24 13:29:22,2026-06-24T07:59:22Z,1782287962,ramp_1,480.0,239704056.0,{}
1,B,RSS Memory Footprint,java_inventory,java,inventory,warehouse-java-twin:9084,warehouse-java-twin:9084,2026-06-24 13:29:22,2026-06-24T07:59:22Z,1782287962,ramp_1,480.0,254405880.0,{}
1,B,RSS Memory Footprint,java_inventory,java,inventory,inventory-java:8082,inventory-java:8082,2026-06-24 13:29:37,2026-06-24T07:59:37Z,1782287977,ramp_1,495.0,305844104.0,{}
1,B,RSS Memory Footprint,java_inventory,java,inventory,order-java:8083,order-java:8083,2026-06-24 13:29:37,2026-06-24T07:59:37Z,1782287977,ramp_1,495.0,242849784.0,{}
1,B,RSS Memory Footprint,java_inventory,java,inventory,warehouse-java-twin:9084,warehouse-java-twin:9084,2026-06-24 13:29:37,2026-06-24T07:59:37Z,1782287977,ramp_1,495.0,257551608.0,{}
1,B,RSS Memory Footprint,java_inventory,java,inventory,inventory-java:8082,inventory-java:8082,2026-06-24 13:29:52,2026-06-24T07:59:52Z,1782287992,ramp_1,510.0,171321744.0,{}
1,B,RSS Memory Footprint,java_inventory,java,inventory,order-java:8083,order-java:8083,2026-06-24 13:29:52,2026-06-24T07:59:52Z,1782287992,ramp_1,510.0,244946936.0,{}
1,B,RSS Memory Footprint,java_inventory,java,inventory,warehouse-java-twin:9084,warehouse-java-twin:9084,2026-06-24 13:29:52,2026-06-24T07:59:52Z,1782287992,ramp_1,510.0,259651576.0,{}
1,B,RSS Memory Footprint,java_inventory,java,inventory,inventory-java:8082,inventory-java:8082,2026-06-24 13:30:07,2026-06-24T08:00:07Z,1782288007,ramp_1,525.0,190211344.0,{}
1,B,RSS Memory Footprint,java_inventory,java,inventory,order-java:8083,order-java:8083,2026-06-24 13:30:07,2026-06-24T08:00:07Z,1782288007,ramp_1,525.0,248095480.0,{}
1,B,RSS Memory Footprint,java_inventory,java,inventory,warehouse-java-twin:9084,warehouse-java-twin:9084,2026-06-24 13:30:07,2026-06-24T08:00:07Z,1782288007,ramp_1,525.0,261748728.0,{}
1,B,RSS Memory Footprint,java_inventory,java,inventory,inventory-java:8082,inventory-java:8082,2026-06-24 13:30:22,2026-06-24T08:00:22Z,1782288022,ramp_1,540.0,209089936.0,{}
1,B,RSS Memory Footprint,java_inventory,java,inventory,order-java:8083,order-java:8083,2026-06-24 13:30:22,2026-06-24T08:00:22Z,1782288022,ramp_1,540.0,251241208.0,{}
1,B,RSS Memory Footprint,java_inventory,java,inventory,warehouse-java-twin:9084,warehouse-java-twin:9084,2026-06-24 13:30:22,2026-06-24T08:00:22Z,1782288022,ramp_1,540.0,263845880.0,{}
1,B,RSS Memory Footprint,java_inventory,java,inventory,inventory-java:8082,inventory-java:8082,2026-06-24 13:30:37,2026-06-24T08:00:37Z,1782288037,ramp_1,555.0,231132184.0,{}
1,B,RSS Memory Footprint,java_inventory,java,inventory,order-java:8083,order-java:8083,2026-06-24 13:30:37,2026-06-24T08:00:37Z,1782288037,ramp_1,555.0,253338360.0,{}
1,B,RSS Memory Footprint,java_inventory,java,inventory,warehouse-java-twin:9084,warehouse-java-twin:9084,2026-06-24 13:30:37,2026-06-24T08:00:37Z,1782288037,ramp_1,555.0,267005208.0,{}
1,B,RSS Memory Footprint,java_inventory,java,inventory,inventory-java:8082,inventory-java:8082,2026-06-24 13:30:52,2026-06-24T08:00:52Z,1782288052,ramp_1,570.0,252107544.0,{}
1,B,RSS Memory Footprint,java_inventory,java,inventory,order-java:8083,order-java:8083,2026-06-24 13:30:52,2026-06-24T08:00:52Z,1782288052,ramp_1,570.0,256484088.0,{}
1,B,RSS Memory Footprint,java_inventory,java,inventory,warehouse-java-twin:9084,warehouse-java-twin:9084,2026-06-24 13:30:52,2026-06-24T08:00:52Z,1782288052,ramp_1,570.0,270152600.0,{}
1,B,RSS Memory Footprint,java_inventory,java,inventory,inventory-java:8082,inventory-java:8082,2026-06-24 13:31:07,2026-06-24T08:01:07Z,1782288067,ramp_1,585.0,274127640.0,{}
1,B,RSS Memory Footprint,java_inventory,java,inventory,order-java:8083,order-java:8083,2026-06-24 13:31:07,2026-06-24T08:01:07Z,1782288067,ramp_1,585.0,259629816.0,{}
1,B,RSS Memory Footprint,java_inventory,java,inventory,warehouse-java-twin:9084,warehouse-java-twin:9084,2026-06-24 13:31:07,2026-06-24T08:01:07Z,1782288067,ramp_1,585.0,273303952.0,{}
1,B,RSS Memory Footprint,java_inventory,java,inventory,inventory-java:8082,inventory-java:8082,2026-06-24 13:31:22,2026-06-24T08:01:22Z,1782288082,ramp_2,600.0,297196312.0,{}
1,B,RSS Memory Footprint,java_inventory,java,inventory,order-java:8083,order-java:8083,2026-06-24 13:31:22,2026-06-24T08:01:22Z,1782288082,ramp_2,600.0,262775544.0,{}
1,B,RSS Memory Footprint,java_inventory,java,inventory,warehouse-java-twin:9084,warehouse-java-twin:9084,2026-06-24 13:31:22,2026-06-24T08:01:22Z,1782288082,ramp_2,600.0,275401104.0,{}
1,B,RSS Memory Footprint,java_inventory,java,inventory,inventory-java:8082,inventory-java:8082,2026-06-24 13:31:37,2026-06-24T08:01:37Z,1782288097,ramp_2,615.0,321318424.0,{}
1,B,RSS Memory Footprint,java_inventory,java,inventory,order-java:8083,order-java:8083,2026-06-24 13:31:37,2026-06-24T08:01:37Z,1782288097,ramp_2,615.0,264872696.0,{}
1,B,RSS Memory Footprint,java_inventory,java,inventory,warehouse-java-twin:9084,warehouse-java-twin:9084,2026-06-24 13:31:37,2026-06-24T08:01:37Z,1782288097,ramp_2,615.0,278546832.0,{}
1,B,RSS Memory Footprint,java_inventory,java,inventory,inventory-java:8082,inventory-java:8082,2026-06-24 13:31:52,2026-06-24T08:01:52Z,1782288112,ramp_2,630.0,191458792.0,{}
1,B,RSS Memory Footprint,java_inventory,java,inventory,order-java:8083,order-java:8083,2026-06-24 13:31:52,2026-06-24T08:01:52Z,1782288112,ramp_2,630.0,268018424.0,{}
1,B,RSS Memory Footprint,java_inventory,java,inventory,warehouse-java-twin:9084,warehouse-java-twin:9084,2026-06-24 13:31:52,2026-06-24T08:01:52Z,1782288112,ramp_2,630.0,280643984.0,{}
1,B,RSS Memory Footprint,java_inventory,java,inventory,inventory-java:8082,inventory-java:8082,2026-06-24 13:32:07,2026-06-24T08:02:07Z,1782288127,ramp_2,645.0,217674856.0,{}
1,B,RSS Memory Footprint,java_inventory,java,inventory,order-java:8083,order-java:8083,2026-06-24 13:32:07,2026-06-24T08:02:07Z,1782288127,ramp_2,645.0,271165048.0,{}
1,B,RSS Memory Footprint,java_inventory,java,inventory,warehouse-java-twin:9084,warehouse-java-twin:9084,2026-06-24 13:32:07,2026-06-24T08:02:07Z,1782288127,ramp_2,645.0,282741136.0,{}
1,B,RSS Memory Footprint,java_inventory,java,inventory,inventory-java:8082,inventory-java:8082,2026-06-24 13:32:22,2026-06-24T08:02:22Z,1782288142,ramp_2,660.0,246132640.0,{}
1,B,RSS Memory Footprint,java_inventory,java,inventory,order-java:8083,order-java:8083,2026-06-24 13:32:22,2026-06-24T08:02:22Z,1782288142,ramp_2,660.0,273262200.0,{}
1,B,RSS Memory Footprint,java_inventory,java,inventory,warehouse-java-twin:9084,warehouse-java-twin:9084,2026-06-24 13:32:22,2026-06-24T08:02:22Z,1782288142,ramp_2,660.0,285909256.0,{}
1,B,RSS Memory Footprint,java_inventory,java,inventory,inventory-java:8082,inventory-java:8082,2026-06-24 13:32:37,2026-06-24T08:02:37Z,1782288157,ramp_2,675.0,274445600.0,{}
1,B,RSS Memory Footprint,java_inventory,java,inventory,order-java:8083,order-java:8083,2026-06-24 13:32:37,2026-06-24T08:02:37Z,1782288157,ramp_2,675.0,276410232.0,{}
1,B,RSS Memory Footprint,java_inventory,java,inventory,warehouse-java-twin:9084,warehouse-java-twin:9084,2026-06-24 13:32:37,2026-06-24T08:02:37Z,1782288157,ramp_2,675.0,289054984.0,{}
1,B,RSS Memory Footprint,java_inventory,java,inventory,inventory-java:8082,inventory-java:8082,2026-06-24 13:32:52,2026-06-24T08:02:52Z,1782288172,ramp_2,690.0,303845024.0,{}
1,B,RSS Memory Footprint,java_inventory,java,inventory,order-java:8083,order-java:8083,2026-06-24 13:32:52,2026-06-24T08:02:52Z,1782288172,ramp_2,690.0,278507384.0,{}
1,B,RSS Memory Footprint,java_inventory,java,inventory,warehouse-java-twin:9084,warehouse-java-twin:9084,2026-06-24 13:32:52,2026-06-24T08:02:52Z,1782288172,ramp_2,690.0,291152136.0,{}
1,B,RSS Memory Footprint,java_inventory,java,inventory,inventory-java:8082,inventory-java:8082,2026-06-24 13:33:07,2026-06-24T08:03:07Z,1782288187,ramp_2,705.0,181301416.0,{}
1,B,RSS Memory Footprint,java_inventory,java,inventory,order-java:8083,order-java:8083,2026-06-24 13:33:07,2026-06-24T08:03:07Z,1782288187,ramp_2,705.0,281653112.0,{}
1,B,RSS Memory Footprint,java_inventory,java,inventory,warehouse-java-twin:9084,warehouse-java-twin:9084,2026-06-24 13:33:07,2026-06-24T08:03:07Z,1782288187,ramp_2,705.0,294297864.0,{}
1,B,RSS Memory Footprint,java_inventory,java,inventory,inventory-java:8082,inventory-java:8082,2026-06-24 13:33:22,2026-06-24T08:03:22Z,1782288202,ramp_2,720.0,211712040.0,{}
1,B,RSS Memory Footprint,java_inventory,java,inventory,order-java:8083,order-java:8083,2026-06-24 13:33:22,2026-06-24T08:03:22Z,1782288202,ramp_2,720.0,284798840.0,{}
1,B,RSS Memory Footprint,java_inventory,java,inventory,warehouse-java-twin:9084,warehouse-java-twin:9084,2026-06-24 13:33:22,2026-06-24T08:03:22Z,1782288202,ramp_2,720.0,297443592.0,{}
1,B,RSS Memory Footprint,java_inventory,java,inventory,inventory-java:8082,inventory-java:8082,2026-06-24 13:33:37,2026-06-24T08:03:37Z,1782288217,ramp_2,735.0,245292072.0,{}
1,B,RSS Memory Footprint,java_inventory,java,inventory,order-java:8083,order-java:8083,2026-06-24 13:33:37,2026-06-24T08:03:37Z,1782288217,ramp_2,735.0,286895992.0,{}
1,B,RSS Memory Footprint,java_inventory,java,inventory,warehouse-java-twin:9084,warehouse-java-twin:9084,2026-06-24 13:33:37,2026-06-24T08:03:37Z,1782288217,ramp_2,735.0,299541768.0,{}
1,B,RSS Memory Footprint,java_inventory,java,inventory,inventory-java:8082,inventory-java:8082,2026-06-24 13:33:52,2026-06-24T08:03:52Z,1782288232,ramp_2,750.0,278846504.0,{}
1,B,RSS Memory Footprint,java_inventory,java,inventory,order-java:8083,order-java:8083,2026-06-24 13:33:52,2026-06-24T08:03:52Z,1782288232,ramp_2,750.0,290041720.0,{}
1,B,RSS Memory Footprint,java_inventory,java,inventory,warehouse-java-twin:9084,warehouse-java-twin:9084,2026-06-24 13:33:52,2026-06-24T08:03:52Z,1782288232,ramp_2,750.0,302691336.0,{}
1,B,RSS Memory Footprint,java_inventory,java,inventory,inventory-java:8082,inventory-java:8082,2026-06-24 13:34:07,2026-06-24T08:04:07Z,1782288247,ramp_2,765.0,313453608.0,{}
1,B,RSS Memory Footprint,java_inventory,java,inventory,order-java:8083,order-java:8083,2026-06-24 13:34:07,2026-06-24T08:04:07Z,1782288247,ramp_2,765.0,293187448.0,{}
1,B,RSS Memory Footprint,java_inventory,java,inventory,warehouse-java-twin:9084,warehouse-java-twin:9084,2026-06-24 13:34:07,2026-06-24T08:04:07Z,1782288247,ramp_2,765.0,304788488.0,{}
1,B,RSS Memory Footprint,java_inventory,java,inventory,inventory-java:8082,inventory-java:8082,2026-06-24 13:34:22,2026-06-24T08:04:22Z,1782288262,ramp_2,780.0,196361832.0,{}
1,B,RSS Memory Footprint,java_inventory,java,inventory,order-java:8083,order-java:8083,2026-06-24 13:34:22,2026-06-24T08:04:22Z,1782288262,ramp_2,780.0,295284600.0,{}
1,B,RSS Memory Footprint,java_inventory,java,inventory,warehouse-java-twin:9084,warehouse-java-twin:9084,2026-06-24 13:34:22,2026-06-24T08:04:22Z,1782288262,ramp_2,780.0,306885640.0,{}
1,B,RSS Memory Footprint,java_inventory,java,inventory,inventory-java:8082,inventory-java:8082,2026-06-24 13:34:37,2026-06-24T08:04:37Z,1782288277,ramp_2,795.0,234111720.0,{}
1,B,RSS Memory Footprint,java_inventory,java,inventory,order-java:8083,order-java:8083,2026-06-24 13:34:37,2026-06-24T08:04:37Z,1782288277,ramp_2,795.0,298430328.0,{}
1,B,RSS Memory Footprint,java_inventory,java,inventory,warehouse-java-twin:9084,warehouse-java-twin:9084,2026-06-24 13:34:37,2026-06-24T08:04:37Z,1782288277,ramp_2,795.0,310031368.0,{}
1,B,RSS Memory Footprint,java_inventory,java,inventory,inventory-java:8082,inventory-java:8082,2026-06-24 13:34:52,2026-06-24T08:04:52Z,1782288292,ramp_2,810.0,271860456.0,{}
1,B,RSS Memory Footprint,java_inventory,java,inventory,order-java:8083,order-java:8083,2026-06-24 13:34:52,2026-06-24T08:04:52Z,1782288292,ramp_2,810.0,300527480.0,{}
1,B,RSS Memory Footprint,java_inventory,java,inventory,warehouse-java-twin:9084,warehouse-java-twin:9084,2026-06-24 13:34:52,2026-06-24T08:04:52Z,1782288292,ramp_2,810.0,312128520.0,{}
1,B,RSS Memory Footprint,java_inventory,java,inventory,inventory-java:8082,inventory-java:8082,2026-06-24 13:35:07,2026-06-24T08:05:07Z,1782288307,ramp_2,825.0,311707368.0,{}
1,B,RSS Memory Footprint,java_inventory,java,inventory,order-java:8083,order-java:8083,2026-06-24 13:35:07,2026-06-24T08:05:07Z,1782288307,ramp_2,825.0,303673208.0,{}
1,B,RSS Memory Footprint,java_inventory,java,inventory,warehouse-java-twin:9084,warehouse-java-twin:9084,2026-06-24 13:35:07,2026-06-24T08:05:07Z,1782288307,ramp_2,825.0,314225672.0,{}
1,B,RSS Memory Footprint,java_inventory,java,inventory,inventory-java:8082,inventory-java:8082,2026-06-24 13:35:22,2026-06-24T08:05:22Z,1782288322,ramp_2,840.0,197633440.0,{}
1,B,RSS Memory Footprint,java_inventory,java,inventory,order-java:8083,order-java:8083,2026-06-24 13:35:22,2026-06-24T08:05:22Z,1782288322,ramp_2,840.0,306818936.0,{}
1,B,RSS Memory Footprint,java_inventory,java,inventory,warehouse-java-twin:9084,warehouse-java-twin:9084,2026-06-24 13:35:22,2026-06-24T08:05:22Z,1782288322,ramp_2,840.0,317371400.0,{}
1,B,RSS Memory Footprint,java_inventory,java,inventory,inventory-java:8082,inventory-java:8082,2026-06-24 13:35:37,2026-06-24T08:05:37Z,1782288337,ramp_2,855.0,238530208.0,{}
1,B,RSS Memory Footprint,java_inventory,java,inventory,order-java:8083,order-java:8083,2026-06-24 13:35:37,2026-06-24T08:05:37Z,1782288337,ramp_2,855.0,308916088.0,{}
1,B,RSS Memory Footprint,java_inventory,java,inventory,warehouse-java-twin:9084,warehouse-java-twin:9084,2026-06-24 13:35:37,2026-06-24T08:05:37Z,1782288337,ramp_2,855.0,319468552.0,{}
1,B,RSS Memory Footprint,java_inventory,java,inventory,inventory-java:8082,inventory-java:8082,2026-06-24 13:35:52,2026-06-24T08:05:52Z,1782288352,ramp_2,870.0,281521824.0,{}
1,B,RSS Memory Footprint,java_inventory,java,inventory,order-java:8083,order-java:8083,2026-06-24 13:35:52,2026-06-24T08:05:52Z,1782288352,ramp_2,870.0,312061816.0,{}
1,B,RSS Memory Footprint,java_inventory,java,inventory,warehouse-java-twin:9084,warehouse-java-twin:9084,2026-06-24 13:35:52,2026-06-24T08:05:52Z,1782288352,ramp_2,870.0,322614280.0,{}
1,B,RSS Memory Footprint,java_inventory,java,inventory,inventory-java:8082,inventory-java:8082,2026-06-24 13:36:07,2026-06-24T08:06:07Z,1782288367,ramp_2,885.0,171972248.0,{}
1,B,RSS Memory Footprint,java_inventory,java,inventory,order-java:8083,order-java:8083,2026-06-24 13:36:07,2026-06-24T08:06:07Z,1782288367,ramp_2,885.0,315207544.0,{}
1,B,RSS Memory Footprint,java_inventory,java,inventory,warehouse-java-twin:9084,warehouse-java-twin:9084,2026-06-24 13:36:07,2026-06-24T08:06:07Z,1782288367,ramp_2,885.0,324711432.0,{}
1,B,RSS Memory Footprint,java_inventory,java,inventory,inventory-java:8082,inventory-java:8082,2026-06-24 13:36:22,2026-06-24T08:06:22Z,1782288382,ramp_3,900.0,216018584.0,{}
1,B,RSS Memory Footprint,java_inventory,java,inventory,order-java:8083,order-java:8083,2026-06-24 13:36:22,2026-06-24T08:06:22Z,1782288382,ramp_3,900.0,318353272.0,{}
1,B,RSS Memory Footprint,java_inventory,java,inventory,warehouse-java-twin:9084,warehouse-java-twin:9084,2026-06-24 13:36:22,2026-06-24T08:06:22Z,1782288382,ramp_3,900.0,326808584.0,{}
1,B,RSS Memory Footprint,java_inventory,java,inventory,inventory-java:8082,inventory-java:8082,2026-06-24 13:36:37,2026-06-24T08:06:37Z,1782288397,ramp_3,915.0,263205904.0,{}
1,B,RSS Memory Footprint,java_inventory,java,inventory,order-java:8083,order-java:8083,2026-06-24 13:36:37,2026-06-24T08:06:37Z,1782288397,ramp_3,915.0,320486648.0,{}
1,B,RSS Memory Footprint,java_inventory,java,inventory,warehouse-java-twin:9084,warehouse-java-twin:9084,2026-06-24 13:36:37,2026-06-24T08:06:37Z,1782288397,ramp_3,915.0,329954312.0,{}
1,B,RSS Memory Footprint,java_inventory,java,inventory,inventory-java:8082,inventory-java:8082,2026-06-24 13:36:52,2026-06-24T08:06:52Z,1782288412,ramp_3,930.0,311447312.0,{}
1,B,RSS Memory Footprint,java_inventory,java,inventory,order-java:8083,order-java:8083,2026-06-24 13:36:52,2026-06-24T08:06:52Z,1782288412,ramp_3,930.0,323632376.0,{}
1,B,RSS Memory Footprint,java_inventory,java,inventory,warehouse-java-twin:9084,warehouse-java-twin:9084,2026-06-24 13:36:52,2026-06-24T08:06:52Z,1782288412,ramp_3,930.0,332053000.0,{}
1,B,RSS Memory Footprint,java_inventory,java,inventory,inventory-java:8082,inventory-java:8082,2026-06-24 13:37:07,2026-06-24T08:07:07Z,1782288427,ramp_3,945.0,206300704.0,{}
1,B,RSS Memory Footprint,java_inventory,java,inventory,order-java:8083,order-java:8083,2026-06-24 13:37:07,2026-06-24T08:07:07Z,1782288427,ramp_3,945.0,325731064.0,{}
1,B,RSS Memory Footprint,java_inventory,java,inventory,warehouse-java-twin:9084,warehouse-java-twin:9084,2026-06-24 13:37:07,2026-06-24T08:07:07Z,1782288427,ramp_3,945.0,334150152.0,{}
1,B,RSS Memory Footprint,java_inventory,java,inventory,inventory-java:8082,inventory-java:8082,2026-06-24 13:37:22,2026-06-24T08:07:22Z,1782288442,ramp_3,960.0,258729504.0,{}
1,B,RSS Memory Footprint,java_inventory,java,inventory,order-java:8083,order-java:8083,2026-06-24 13:37:22,2026-06-24T08:07:22Z,1782288442,ramp_3,960.0,328876792.0,{}
1,B,RSS Memory Footprint,java_inventory,java,inventory,warehouse-java-twin:9084,warehouse-java-twin:9084,2026-06-24 13:37:22,2026-06-24T08:07:22Z,1782288442,ramp_3,960.0,337295880.0,{}
1,B,RSS Memory Footprint,java_inventory,java,inventory,inventory-java:8082,inventory-java:8082,2026-06-24 13:37:37,2026-06-24T08:07:37Z,1782288457,ramp_3,975.0,314304032.0,{}
1,B,RSS Memory Footprint,java_inventory,java,inventory,order-java:8083,order-java:8083,2026-06-24 13:37:37,2026-06-24T08:07:37Z,1782288457,ramp_3,975.0,332022520.0,{}
1,B,RSS Memory Footprint,java_inventory,java,inventory,warehouse-java-twin:9084,warehouse-java-twin:9084,2026-06-24 13:37:37,2026-06-24T08:07:37Z,1782288457,ramp_3,975.0,339393032.0,{}
1,B,RSS Memory Footprint,java_inventory,java,inventory,inventory-java:8082,inventory-java:8082,2026-06-24 13:37:52,2026-06-24T08:07:52Z,1782288472,ramp_3,990.0,218226296.0,{}
1,B,RSS Memory Footprint,java_inventory,java,inventory,order-java:8083,order-java:8083,2026-06-24 13:37:52,2026-06-24T08:07:52Z,1782288472,ramp_3,990.0,335168248.0,{}
1,B,RSS Memory Footprint,java_inventory,java,inventory,warehouse-java-twin:9084,warehouse-java-twin:9084,2026-06-24 13:37:52,2026-06-24T08:07:52Z,1782288472,ramp_3,990.0,342540168.0,{}
1,B,RSS Memory Footprint,java_inventory,java,inventory,inventory-java:8082,inventory-java:8082,2026-06-24 13:38:07,2026-06-24T08:08:07Z,1782288487,ramp_3,1005.0,277996024.0,{}
1,B,RSS Memory Footprint,java_inventory,java,inventory,order-java:8083,order-java:8083,2026-06-24 13:38:07,2026-06-24T08:08:07Z,1782288487,ramp_3,1005.0,337267832.0,{}
1,B,RSS Memory Footprint,java_inventory,java,inventory,warehouse-java-twin:9084,warehouse-java-twin:9084,2026-06-24 13:38:07,2026-06-24T08:08:07Z,1782288487,ramp_3,1005.0,344637320.0,{}
1,B,RSS Memory Footprint,java_inventory,java,inventory,inventory-java:8082,inventory-java:8082,2026-06-24 13:38:22,2026-06-24T08:08:22Z,1782288502,ramp_3,1020.0,187837184.0,{}
1,B,RSS Memory Footprint,java_inventory,java,inventory,order-java:8083,order-java:8083,2026-06-24 13:38:22,2026-06-24T08:08:22Z,1782288502,ramp_3,1020.0,340413560.0,{}
1,B,RSS Memory Footprint,java_inventory,java,inventory,warehouse-java-twin:9084,warehouse-java-twin:9084,2026-06-24 13:38:22,2026-06-24T08:08:22Z,1782288502,ramp_3,1020.0,346734472.0,{}
1,B,RSS Memory Footprint,java_inventory,java,inventory,inventory-java:8082,inventory-java:8082,2026-06-24 13:38:37,2026-06-24T08:08:37Z,1782288517,ramp_3,1035.0,250751744.0,{}
1,B,RSS Memory Footprint,java_inventory,java,inventory,order-java:8083,order-java:8083,2026-06-24 13:38:37,2026-06-24T08:08:37Z,1782288517,ramp_3,1035.0,343559288.0,{}
1,B,RSS Memory Footprint,java_inventory,java,inventory,warehouse-java-twin:9084,warehouse-java-twin:9084,2026-06-24 13:38:37,2026-06-24T08:08:37Z,1782288517,ramp_3,1035.0,349880200.0,{}
1,B,RSS Memory Footprint,java_inventory,java,inventory,inventory-java:8082,inventory-java:8082,2026-06-24 13:38:52,2026-06-24T08:08:52Z,1782288532,ramp_3,1050.0,317867904.0,{}
1,B,RSS Memory Footprint,java_inventory,java,inventory,order-java:8083,order-java:8083,2026-06-24 13:38:52,2026-06-24T08:08:52Z,1782288532,ramp_3,1050.0,346705016.0,{}
1,B,RSS Memory Footprint,java_inventory,java,inventory,warehouse-java-twin:9084,warehouse-java-twin:9084,2026-06-24 13:38:52,2026-06-24T08:08:52Z,1782288532,ramp_3,1050.0,351977352.0,{}
1,B,RSS Memory Footprint,java_inventory,java,inventory,inventory-java:8082,inventory-java:8082,2026-06-24 13:39:07,2026-06-24T08:09:07Z,1782288547,ramp_3,1065.0,233311872.0,{}
1,B,RSS Memory Footprint,java_inventory,java,inventory,order-java:8083,order-java:8083,2026-06-24 13:39:07,2026-06-24T08:09:07Z,1782288547,ramp_3,1065.0,348802168.0,{}
1,B,RSS Memory Footprint,java_inventory,java,inventory,warehouse-java-twin:9084,warehouse-java-twin:9084,2026-06-24 13:39:07,2026-06-24T08:09:07Z,1782288547,ramp_3,1065.0,355125128.0,{}
1,B,RSS Memory Footprint,java_inventory,java,inventory,inventory-java:8082,inventory-java:8082,2026-06-24 13:39:22,2026-06-24T08:09:22Z,1782288562,ramp_3,1080.0,303566464.0,{}
1,B,RSS Memory Footprint,java_inventory,java,inventory,order-java:8083,order-java:8083,2026-06-24 13:39:22,2026-06-24T08:09:22Z,1782288562,ramp_3,1080.0,193233664.0,{}
1,B,RSS Memory Footprint,java_inventory,java,inventory,warehouse-java-twin:9084,warehouse-java-twin:9084,2026-06-24 13:39:22,2026-06-24T08:09:22Z,1782288562,ramp_3,1080.0,357222280.0,{}
1,B,RSS Memory Footprint,java_inventory,java,inventory,inventory-java:8082,inventory-java:8082,2026-06-24 13:39:37,2026-06-24T08:09:37Z,1782288577,ramp_3,1095.0,221841544.0,{}
1,B,RSS Memory Footprint,java_inventory,java,inventory,order-java:8083,order-java:8083,2026-06-24 13:39:37,2026-06-24T08:09:37Z,1782288577,ramp_3,1095.0,196379392.0,{}
1,B,RSS Memory Footprint,java_inventory,java,inventory,warehouse-java-twin:9084,warehouse-java-twin:9084,2026-06-24 13:39:37,2026-06-24T08:09:37Z,1782288577,ramp_3,1095.0,360368008.0,{}
1,B,RSS Memory Footprint,java_inventory,java,inventory,inventory-java:8082,inventory-java:8082,2026-06-24 13:39:52,2026-06-24T08:09:52Z,1782288592,ramp_3,1110.0,297339016.0,{}
1,B,RSS Memory Footprint,java_inventory,java,inventory,order-java:8083,order-java:8083,2026-06-24 13:39:52,2026-06-24T08:09:52Z,1782288592,ramp_3,1110.0,199525120.0,{}
1,B,RSS Memory Footprint,java_inventory,java,inventory,warehouse-java-twin:9084,warehouse-java-twin:9084,2026-06-24 13:39:52,2026-06-24T08:09:52Z,1782288592,ramp_3,1110.0,362484528.0,{}
1,B,RSS Memory Footprint,java_inventory,java,inventory,inventory-java:8082,inventory-java:8082,2026-06-24 13:40:07,2026-06-24T08:10:07Z,1782288607,ramp_3,1125.0,221340584.0,{}
1,B,RSS Memory Footprint,java_inventory,java,inventory,order-java:8083,order-java:8083,2026-06-24 13:40:07,2026-06-24T08:10:07Z,1782288607,ramp_3,1125.0,202670848.0,{}
1,B,RSS Memory Footprint,java_inventory,java,inventory,warehouse-java-twin:9084,warehouse-java-twin:9084,2026-06-24 13:40:07,2026-06-24T08:10:07Z,1782288607,ramp_3,1125.0,365630256.0,{}
1,B,RSS Memory Footprint,java_inventory,java,inventory,inventory-java:8082,inventory-java:8082,2026-06-24 13:40:22,2026-06-24T08:10:22Z,1782288622,ramp_3,1140.0,301066152.0,{}
1,B,RSS Memory Footprint,java_inventory,java,inventory,order-java:8083,order-java:8083,2026-06-24 13:40:22,2026-06-24T08:10:22Z,1782288622,ramp_3,1140.0,206999696.0,{}
1,B,RSS Memory Footprint,java_inventory,java,inventory,warehouse-java-twin:9084,warehouse-java-twin:9084,2026-06-24 13:40:22,2026-06-24T08:10:22Z,1782288622,ramp_3,1140.0,367727408.0,{}
1,B,RSS Memory Footprint,java_inventory,java,inventory,inventory-java:8082,inventory-java:8082,2026-06-24 13:40:37,2026-06-24T08:10:37Z,1782288637,ramp_3,1155.0,231746912.0,{}
1,B,RSS Memory Footprint,java_inventory,java,inventory,order-java:8083,order-java:8083,2026-06-24 13:40:37,2026-06-24T08:10:37Z,1782288637,ramp_3,1155.0,209096848.0,{}
1,B,RSS Memory Footprint,java_inventory,java,inventory,warehouse-java-twin:9084,warehouse-java-twin:9084,2026-06-24 13:40:37,2026-06-24T08:10:37Z,1782288637,ramp_3,1155.0,369824560.0,{}
1,B,RSS Memory Footprint,java_inventory,java,inventory,inventory-java:8082,inventory-java:8082,2026-06-24 13:40:52,2026-06-24T08:10:52Z,1782288652,ramp_3,1170.0,313547488.0,{}
1,B,RSS Memory Footprint,java_inventory,java,inventory,order-java:8083,order-java:8083,2026-06-24 13:40:52,2026-06-24T08:10:52Z,1782288652,ramp_3,1170.0,212242576.0,{}
1,B,RSS Memory Footprint,java_inventory,java,inventory,warehouse-java-twin:9084,warehouse-java-twin:9084,2026-06-24 13:40:52,2026-06-24T08:10:52Z,1782288652,ramp_3,1170.0,372970288.0,{}
1,B,RSS Memory Footprint,java_inventory,java,inventory,inventory-java:8082,inventory-java:8082,2026-06-24 13:41:07,2026-06-24T08:11:07Z,1782288667,ramp_3,1185.0,248652192.0,{}
1,B,RSS Memory Footprint,java_inventory,java,inventory,order-java:8083,order-java:8083,2026-06-24 13:41:07,2026-06-24T08:11:07Z,1782288667,ramp_3,1185.0,214339728.0,{}
1,B,RSS Memory Footprint,java_inventory,java,inventory,warehouse-java-twin:9084,warehouse-java-twin:9084,2026-06-24 13:41:07,2026-06-24T08:11:07Z,1782288667,ramp_3,1185.0,375067440.0,{}
1,B,RSS Memory Footprint,java_inventory,java,inventory,inventory-java:8082,inventory-java:8082,2026-06-24 13:41:22,2026-06-24T08:11:22Z,1782288682,sustain,1200.0,186289672.0,{}
1,B,RSS Memory Footprint,java_inventory,java,inventory,order-java:8083,order-java:8083,2026-06-24 13:41:22,2026-06-24T08:11:22Z,1782288682,sustain,1200.0,217485456.0,{}
1,B,RSS Memory Footprint,java_inventory,java,inventory,warehouse-java-twin:9084,warehouse-java-twin:9084,2026-06-24 13:41:22,2026-06-24T08:11:22Z,1782288682,sustain,1200.0,378213168.0,{}
1,B,RSS Memory Footprint,java_inventory,java,inventory,inventory-java:8082,inventory-java:8082,2026-06-24 13:41:37,2026-06-24T08:11:37Z,1782288697,sustain,1215.0,275420936.0,{}
1,B,RSS Memory Footprint,java_inventory,java,inventory,order-java:8083,order-java:8083,2026-06-24 13:41:37,2026-06-24T08:11:37Z,1782288697,sustain,1215.0,220633488.0,{}
1,B,RSS Memory Footprint,java_inventory,java,inventory,warehouse-java-twin:9084,warehouse-java-twin:9084,2026-06-24 13:41:37,2026-06-24T08:11:37Z,1782288697,sustain,1215.0,380310320.0,{}
1,B,RSS Memory Footprint,java_inventory,java,inventory,inventory-java:8082,inventory-java:8082,2026-06-24 13:41:52,2026-06-24T08:11:52Z,1782288712,sustain,1230.0,210518304.0,{}
1,B,RSS Memory Footprint,java_inventory,java,inventory,order-java:8083,order-java:8083,2026-06-24 13:41:52,2026-06-24T08:11:52Z,1782288712,sustain,1230.0,222730640.0,{}
1,B,RSS Memory Footprint,java_inventory,java,inventory,warehouse-java-twin:9084,warehouse-java-twin:9084,2026-06-24 13:41:52,2026-06-24T08:11:52Z,1782288712,sustain,1230.0,383456048.0,{}
1,B,RSS Memory Footprint,java_inventory,java,inventory,inventory-java:8082,inventory-java:8082,2026-06-24 13:42:07,2026-06-24T08:12:07Z,1782288727,sustain,1245.0,298602656.0,{}
1,B,RSS Memory Footprint,java_inventory,java,inventory,order-java:8083,order-java:8083,2026-06-24 13:42:07,2026-06-24T08:12:07Z,1782288727,sustain,1245.0,224827792.0,{}
1,B,RSS Memory Footprint,java_inventory,java,inventory,warehouse-java-twin:9084,warehouse-java-twin:9084,2026-06-24 13:42:07,2026-06-24T08:12:07Z,1782288727,sustain,1245.0,227360400.0,{}
1,B,RSS Memory Footprint,java_inventory,java,inventory,inventory-java:8082,inventory-java:8082,2026-06-24 13:42:22,2026-06-24T08:12:22Z,1782288742,sustain,1260.0,229307936.0,{}
1,B,RSS Memory Footprint,java_inventory,java,inventory,order-java:8083,order-java:8083,2026-06-24 13:42:22,2026-06-24T08:12:22Z,1782288742,sustain,1260.0,227973520.0,{}
1,B,RSS Memory Footprint,java_inventory,java,inventory,warehouse-java-twin:9084,warehouse-java-twin:9084,2026-06-24 13:42:22,2026-06-24T08:12:22Z,1782288742,sustain,1260.0,230506128.0,{}
1,B,RSS Memory Footprint,java_inventory,java,inventory,inventory-java:8082,inventory-java:8082,2026-06-24 13:42:37,2026-06-24T08:12:37Z,1782288757,sustain,1275.0,163449760.0,{}
1,B,RSS Memory Footprint,java_inventory,java,inventory,order-java:8083,order-java:8083,2026-06-24 13:42:37,2026-06-24T08:12:37Z,1782288757,sustain,1275.0,230072464.0,{}
1,B,RSS Memory Footprint,java_inventory,java,inventory,warehouse-java-twin:9084,warehouse-java-twin:9084,2026-06-24 13:42:37,2026-06-24T08:12:37Z,1782288757,sustain,1275.0,233651856.0,{}
1,B,RSS Memory Footprint,java_inventory,java,inventory,inventory-java:8082,inventory-java:8082,2026-06-24 13:42:52,2026-06-24T08:12:52Z,1782288772,sustain,1290.0,253629600.0,{}
1,B,RSS Memory Footprint,java_inventory,java,inventory,order-java:8083,order-java:8083,2026-06-24 13:42:52,2026-06-24T08:12:52Z,1782288772,sustain,1290.0,233219344.0,{}
1,B,RSS Memory Footprint,java_inventory,java,inventory,warehouse-java-twin:9084,warehouse-java-twin:9084,2026-06-24 13:42:52,2026-06-24T08:12:52Z,1782288772,sustain,1290.0,235749008.0,{}
1,B,RSS Memory Footprint,java_inventory,java,inventory,inventory-java:8082,inventory-java:8082,2026-06-24 13:43:07,2026-06-24T08:13:07Z,1782288787,sustain,1305.0,188491488.0,{}
1,B,RSS Memory Footprint,java_inventory,java,inventory,order-java:8083,order-java:8083,2026-06-24 13:43:07,2026-06-24T08:13:07Z,1782288787,sustain,1305.0,236459424.0,{}
1,B,RSS Memory Footprint,java_inventory,java,inventory,warehouse-java-twin:9084,warehouse-java-twin:9084,2026-06-24 13:43:07,2026-06-24T08:13:07Z,1782288787,sustain,1305.0,238894736.0,{}
1,B,RSS Memory Footprint,java_inventory,java,inventory,inventory-java:8082,inventory-java:8082,2026-06-24 13:43:22,2026-06-24T08:13:22Z,1782288802,sustain,1320.0,277625312.0,{}
1,B,RSS Memory Footprint,java_inventory,java,inventory,order-java:8083,order-java:8083,2026-06-24 13:43:22,2026-06-24T08:13:22Z,1782288802,sustain,1320.0,238556576.0,{}
1,B,RSS Memory Footprint,java_inventory,java,inventory,warehouse-java-twin:9084,warehouse-java-twin:9084,2026-06-24 13:43:22,2026-06-24T08:13:22Z,1782288802,sustain,1320.0,240993936.0,{}
1,B,RSS Memory Footprint,java_inventory,java,inventory,inventory-java:8082,inventory-java:8082,2026-06-24 13:43:37,2026-06-24T08:13:37Z,1782288817,sustain,1335.0,212716592.0,{}
1,B,RSS Memory Footprint,java_inventory,java,inventory,order-java:8083,order-java:8083,2026-06-24 13:43:37,2026-06-24T08:13:37Z,1782288817,sustain,1335.0,242779888.0,{}
1,B,RSS Memory Footprint,java_inventory,java,inventory,warehouse-java-twin:9084,warehouse-java-twin:9084,2026-06-24 13:43:37,2026-06-24T08:13:37Z,1782288817,sustain,1335.0,242047248.0,{}
1,B,RSS Memory Footprint,java_inventory,java,inventory,inventory-java:8082,inventory-java:8082,2026-06-24 13:43:52,2026-06-24T08:13:52Z,1782288832,sustain,1350.0,301849648.0,{}
1,B,RSS Memory Footprint,java_inventory,java,inventory,order-java:8083,order-java:8083,2026-06-24 13:43:52,2026-06-24T08:13:52Z,1782288832,sustain,1350.0,244877040.0,{}
1,B,RSS Memory Footprint,java_inventory,java,inventory,warehouse-java-twin:9084,warehouse-java-twin:9084,2026-06-24 13:43:52,2026-06-24T08:13:52Z,1782288832,sustain,1350.0,244147088.0,{}
1,B,RSS Memory Footprint,java_inventory,java,inventory,inventory-java:8082,inventory-java:8082,2026-06-24 13:44:07,2026-06-24T08:14:07Z,1782288847,sustain,1365.0,236872248.0,{}
1,B,RSS Memory Footprint,java_inventory,java,inventory,order-java:8083,order-java:8083,2026-06-24 13:44:07,2026-06-24T08:14:07Z,1782288847,sustain,1365.0,248025328.0,{}
1,B,RSS Memory Footprint,java_inventory,java,inventory,warehouse-java-twin:9084,warehouse-java-twin:9084,2026-06-24 13:44:07,2026-06-24T08:14:07Z,1782288847,sustain,1365.0,247298064.0,{}
1,B,RSS Memory Footprint,java_inventory,java,inventory,inventory-java:8082,inventory-java:8082,2026-06-24 13:44:22,2026-06-24T08:14:22Z,1782288862,sustain,1380.0,171439736.0,{}
1,B,RSS Memory Footprint,java_inventory,java,inventory,order-java:8083,order-java:8083,2026-06-24 13:44:22,2026-06-24T08:14:22Z,1782288862,sustain,1380.0,251179632.0,{}
1,B,RSS Memory Footprint,java_inventory,java,inventory,warehouse-java-twin:9084,warehouse-java-twin:9084,2026-06-24 13:44:22,2026-06-24T08:14:22Z,1782288862,sustain,1380.0,249395216.0,{}
1,B,RSS Memory Footprint,java_inventory,java,inventory,inventory-java:8082,inventory-java:8082,2026-06-24 13:44:37,2026-06-24T08:14:37Z,1782288877,sustain,1395.0,260573048.0,{}
1,B,RSS Memory Footprint,java_inventory,java,inventory,order-java:8083,order-java:8083,2026-06-24 13:44:37,2026-06-24T08:14:37Z,1782288877,sustain,1395.0,253276784.0,{}
1,B,RSS Memory Footprint,java_inventory,java,inventory,warehouse-java-twin:9084,warehouse-java-twin:9084,2026-06-24 13:44:37,2026-06-24T08:14:37Z,1782288877,sustain,1395.0,251492368.0,{}
1,B,RSS Memory Footprint,java_inventory,java,inventory,inventory-java:8082,inventory-java:8082,2026-06-24 13:44:52,2026-06-24T08:14:52Z,1782288892,sustain,1410.0,195429880.0,{}
1,B,RSS Memory Footprint,java_inventory,java,inventory,order-java:8083,order-java:8083,2026-06-24 13:44:52,2026-06-24T08:14:52Z,1782288892,sustain,1410.0,256422512.0,{}
1,B,RSS Memory Footprint,java_inventory,java,inventory,warehouse-java-twin:9084,warehouse-java-twin:9084,2026-06-24 13:44:52,2026-06-24T08:14:52Z,1782288892,sustain,1410.0,254638096.0,{}
1,B,RSS Memory Footprint,java_inventory,java,inventory,inventory-java:8082,inventory-java:8082,2026-06-24 13:45:07,2026-06-24T08:15:07Z,1782288907,sustain,1425.0,284558840.0,{}
1,B,RSS Memory Footprint,java_inventory,java,inventory,order-java:8083,order-java:8083,2026-06-24 13:45:07,2026-06-24T08:15:07Z,1782288907,sustain,1425.0,259568240.0,{}
1,B,RSS Memory Footprint,java_inventory,java,inventory,warehouse-java-twin:9084,warehouse-java-twin:9084,2026-06-24 13:45:07,2026-06-24T08:15:07Z,1782288907,sustain,1425.0,257783824.0,{}
1,B,RSS Memory Footprint,java_inventory,java,inventory,inventory-java:8082,inventory-java:8082,2026-06-24 13:45:22,2026-06-24T08:15:22Z,1782288922,sustain,1440.0,218599880.0,{}
1,B,RSS Memory Footprint,java_inventory,java,inventory,order-java:8083,order-java:8083,2026-06-24 13:45:22,2026-06-24T08:15:22Z,1782288922,sustain,1440.0,261665392.0,{}
1,B,RSS Memory Footprint,java_inventory,java,inventory,warehouse-java-twin:9084,warehouse-java-twin:9084,2026-06-24 13:45:22,2026-06-24T08:15:22Z,1782288922,sustain,1440.0,259880976.0,{}
1,B,RSS Memory Footprint,java_inventory,java,inventory,inventory-java:8082,inventory-java:8082,2026-06-24 13:45:37,2026-06-24T08:15:37Z,1782288937,sustain,1455.0,308781128.0,{}
1,B,RSS Memory Footprint,java_inventory,java,inventory,order-java:8083,order-java:8083,2026-06-24 13:45:37,2026-06-24T08:15:37Z,1782288937,sustain,1455.0,264811120.0,{}
1,B,RSS Memory Footprint,java_inventory,java,inventory,warehouse-java-twin:9084,warehouse-java-twin:9084,2026-06-24 13:45:37,2026-06-24T08:15:37Z,1782288937,sustain,1455.0,261978128.0,{}
1,B,RSS Memory Footprint,java_inventory,java,inventory,inventory-java:8082,inventory-java:8082,2026-06-24 13:45:52,2026-06-24T08:15:52Z,1782288952,sustain,1470.0,242615064.0,{}
1,B,RSS Memory Footprint,java_inventory,java,inventory,order-java:8083,order-java:8083,2026-06-24 13:45:52,2026-06-24T08:15:52Z,1782288952,sustain,1470.0,267956848.0,{}
1,B,RSS Memory Footprint,java_inventory,java,inventory,warehouse-java-twin:9084,warehouse-java-twin:9084,2026-06-24 13:45:52,2026-06-24T08:15:52Z,1782288952,sustain,1470.0,265123856.0,{}
1,B,RSS Memory Footprint,java_inventory,java,inventory,inventory-java:8082,inventory-java:8082,2026-06-24 13:46:07,2026-06-24T08:16:07Z,1782288967,sustain,1485.0,177715144.0,{}
1,B,RSS Memory Footprint,java_inventory,java,inventory,order-java:8083,order-java:8083,2026-06-24 13:46:07,2026-06-24T08:16:07Z,1782288967,sustain,1485.0,270054000.0,{}
1,B,RSS Memory Footprint,java_inventory,java,inventory,warehouse-java-twin:9084,warehouse-java-twin:9084,2026-06-24 13:46:07,2026-06-24T08:16:07Z,1782288967,sustain,1485.0,267221008.0,{}
1,B,RSS Memory Footprint,java_inventory,java,inventory,inventory-java:8082,inventory-java:8082,2026-06-24 13:46:22,2026-06-24T08:16:22Z,1782288982,sustain,1500.0,265795528.0,{}
1,B,RSS Memory Footprint,java_inventory,java,inventory,order-java:8083,order-java:8083,2026-06-24 13:46:22,2026-06-24T08:16:22Z,1782288982,sustain,1500.0,273199728.0,{}
1,B,RSS Memory Footprint,java_inventory,java,inventory,warehouse-java-twin:9084,warehouse-java-twin:9084,2026-06-24 13:46:22,2026-06-24T08:16:22Z,1782288982,sustain,1500.0,270366736.0,{}
1,B,RSS Memory Footprint,java_inventory,java,inventory,inventory-java:8082,inventory-java:8082,2026-06-24 13:46:37,2026-06-24T08:16:37Z,1782288997,sustain,1515.0,203630200.0,{}
1,B,RSS Memory Footprint,java_inventory,java,inventory,order-java:8083,order-java:8083,2026-06-24 13:46:37,2026-06-24T08:16:37Z,1782288997,sustain,1515.0,276345456.0,{}
1,B,RSS Memory Footprint,java_inventory,java,inventory,warehouse-java-twin:9084,warehouse-java-twin:9084,2026-06-24 13:46:37,2026-06-24T08:16:37Z,1782288997,sustain,1515.0,272463888.0,{}
1,B,RSS Memory Footprint,java_inventory,java,inventory,inventory-java:8082,inventory-java:8082,2026-06-24 13:46:52,2026-06-24T08:16:52Z,1782289012,sustain,1530.0,292768248.0,{}
1,B,RSS Memory Footprint,java_inventory,java,inventory,order-java:8083,order-java:8083,2026-06-24 13:46:52,2026-06-24T08:16:52Z,1782289012,sustain,1530.0,279493744.0,{}
1,B,RSS Memory Footprint,java_inventory,java,inventory,warehouse-java-twin:9084,warehouse-java-twin:9084,2026-06-24 13:46:52,2026-06-24T08:16:52Z,1782289012,sustain,1530.0,274561040.0,{}
1,B,RSS Memory Footprint,java_inventory,java,inventory,inventory-java:8082,inventory-java:8082,2026-06-24 13:47:07,2026-06-24T08:17:07Z,1782289027,sustain,1545.0,226565360.0,{}
1,B,RSS Memory Footprint,java_inventory,java,inventory,order-java:8083,order-java:8083,2026-06-24 13:47:07,2026-06-24T08:17:07Z,1782289027,sustain,1545.0,282670488.0,{}
1,B,RSS Memory Footprint,java_inventory,java,inventory,warehouse-java-twin:9084,warehouse-java-twin:9084,2026-06-24 13:47:07,2026-06-24T08:17:07Z,1782289027,sustain,1545.0,276658192.0,{}
1,B,RSS Memory Footprint,java_inventory,java,inventory,inventory-java:8082,inventory-java:8082,2026-06-24 13:47:22,2026-06-24T08:17:22Z,1782289042,sustain,1560.0,316742896.0,{}
1,B,RSS Memory Footprint,java_inventory,java,inventory,order-java:8083,order-java:8083,2026-06-24 13:47:22,2026-06-24T08:17:22Z,1782289042,sustain,1560.0,285816216.0,{}
1,B,RSS Memory Footprint,java_inventory,java,inventory,warehouse-java-twin:9084,warehouse-java-twin:9084,2026-06-24 13:47:22,2026-06-24T08:17:22Z,1782289042,sustain,1560.0,279803920.0,{}
1,B,RSS Memory Footprint,java_inventory,java,inventory,inventory-java:8082,inventory-java:8082,2026-06-24 13:47:37,2026-06-24T08:17:37Z,1782289057,sustain,1575.0,252901640.0,{}
1,B,RSS Memory Footprint,java_inventory,java,inventory,order-java:8083,order-java:8083,2026-06-24 13:47:37,2026-06-24T08:17:37Z,1782289057,sustain,1575.0,288961944.0,{}
1,B,RSS Memory Footprint,java_inventory,java,inventory,warehouse-java-twin:9084,warehouse-java-twin:9084,2026-06-24 13:47:37,2026-06-24T08:17:37Z,1782289057,sustain,1575.0,281911568.0,{}
1,B,RSS Memory Footprint,java_inventory,java,inventory,inventory-java:8082,inventory-java:8082,2026-06-24 13:47:52,2026-06-24T08:17:52Z,1782289072,sustain,1590.0,187937240.0,{}
1,B,RSS Memory Footprint,java_inventory,java,inventory,order-java:8083,order-java:8083,2026-06-24 13:47:52,2026-06-24T08:17:52Z,1782289072,sustain,1590.0,292107672.0,{}
1,B,RSS Memory Footprint,java_inventory,java,inventory,warehouse-java-twin:9084,warehouse-java-twin:9084,2026-06-24 13:47:52,2026-06-24T08:17:52Z,1782289072,sustain,1590.0,284008720.0,{}
1,B,RSS Memory Footprint,java_inventory,java,inventory,inventory-java:8082,inventory-java:8082,2026-06-24 13:48:07,2026-06-24T08:18:07Z,1782289087,sustain,1605.0,277066200.0,{}
1,B,RSS Memory Footprint,java_inventory,java,inventory,order-java:8083,order-java:8083,2026-06-24 13:48:07,2026-06-24T08:18:07Z,1782289087,sustain,1605.0,294204824.0,{}
1,B,RSS Memory Footprint,java_inventory,java,inventory,warehouse-java-twin:9084,warehouse-java-twin:9084,2026-06-24 13:48:07,2026-06-24T08:18:07Z,1782289087,sustain,1605.0,287158288.0,{}
1,B,RSS Memory Footprint,java_inventory,java,inventory,inventory-java:8082,inventory-java:8082,2026-06-24 13:48:22,2026-06-24T08:18:22Z,1782289102,sustain,1620.0,211932624.0,{}
1,B,RSS Memory Footprint,java_inventory,java,inventory,order-java:8083,order-java:8083,2026-06-24 13:48:22,2026-06-24T08:18:22Z,1782289102,sustain,1620.0,297356312.0,{}
1,B,RSS Memory Footprint,java_inventory,java,inventory,warehouse-java-twin:9084,warehouse-java-twin:9084,2026-06-24 13:48:22,2026-06-24T08:18:22Z,1782289102,sustain,1620.0,289255440.0,{}
1,B,RSS Memory Footprint,java_inventory,java,inventory,inventory-java:8082,inventory-java:8082,2026-06-24 13:48:37,2026-06-24T08:18:37Z,1782289117,sustain,1635.0,301061584.0,{}
1,B,RSS Memory Footprint,java_inventory,java,inventory,order-java:8083,order-java:8083,2026-06-24 13:48:37,2026-06-24T08:18:37Z,1782289117,sustain,1635.0,300502040.0,{}
1,B,RSS Memory Footprint,java_inventory,java,inventory,warehouse-java-twin:9084,warehouse-java-twin:9084,2026-06-24 13:48:37,2026-06-24T08:18:37Z,1782289117,sustain,1635.0,291352592.0,{}
1,B,RSS Memory Footprint,java_inventory,java,inventory,inventory-java:8082,inventory-java:8082,2026-06-24 13:48:52,2026-06-24T08:18:52Z,1782289132,sustain,1650.0,235049656.0,{}
1,B,RSS Memory Footprint,java_inventory,java,inventory,order-java:8083,order-java:8083,2026-06-24 13:48:52,2026-06-24T08:18:52Z,1782289132,sustain,1650.0,303647768.0,{}
1,B,RSS Memory Footprint,java_inventory,java,inventory,warehouse-java-twin:9084,warehouse-java-twin:9084,2026-06-24 13:48:52,2026-06-24T08:18:52Z,1782289132,sustain,1650.0,294498320.0,{}
1,B,RSS Memory Footprint,java_inventory,java,inventory,inventory-java:8082,inventory-java:8082,2026-06-24 13:49:07,2026-06-24T08:19:07Z,1782289147,sustain,1665.0,171417872.0,{}
1,B,RSS Memory Footprint,java_inventory,java,inventory,order-java:8083,order-java:8083,2026-06-24 13:49:07,2026-06-24T08:19:07Z,1782289147,sustain,1665.0,306806168.0,{}
1,B,RSS Memory Footprint,java_inventory,java,inventory,warehouse-java-twin:9084,warehouse-java-twin:9084,2026-06-24 13:49:07,2026-06-24T08:19:07Z,1782289147,sustain,1665.0,296600592.0,{}
1,B,RSS Memory Footprint,java_inventory,java,inventory,inventory-java:8082,inventory-java:8082,2026-06-24 13:49:22,2026-06-24T08:19:22Z,1782289162,sustain,1680.0,261595408.0,{}
1,B,RSS Memory Footprint,java_inventory,java,inventory,order-java:8083,order-java:8083,2026-06-24 13:49:22,2026-06-24T08:19:22Z,1782289162,sustain,1680.0,308903320.0,{}
1,B,RSS Memory Footprint,java_inventory,java,inventory,warehouse-java-twin:9084,warehouse-java-twin:9084,2026-06-24 13:49:22,2026-06-24T08:19:22Z,1782289162,sustain,1680.0,299746320.0,{}
1,B,RSS Memory Footprint,java_inventory,java,inventory,inventory-java:8082,inventory-java:8082,2026-06-24 13:49:37,2026-06-24T08:19:37Z,1782289177,sustain,1695.0,196544816.0,{}
1,B,RSS Memory Footprint,java_inventory,java,inventory,order-java:8083,order-java:8083,2026-06-24 13:49:37,2026-06-24T08:19:37Z,1782289177,sustain,1695.0,312049048.0,{}
1,B,RSS Memory Footprint,java_inventory,java,inventory,warehouse-java-twin:9084,warehouse-java-twin:9084,2026-06-24 13:49:37,2026-06-24T08:19:37Z,1782289177,sustain,1695.0,301843472.0,{}
1,B,RSS Memory Footprint,java_inventory,java,inventory,inventory-java:8082,inventory-java:8082,2026-06-24 13:49:52,2026-06-24T08:19:52Z,1782289192,sustain,1710.0,285673776.0,{}
1,B,RSS Memory Footprint,java_inventory,java,inventory,order-java:8083,order-java:8083,2026-06-24 13:49:52,2026-06-24T08:19:52Z,1782289192,sustain,1710.0,315194776.0,{}
1,B,RSS Memory Footprint,java_inventory,java,inventory,warehouse-java-twin:9084,warehouse-java-twin:9084,2026-06-24 13:49:52,2026-06-24T08:19:52Z,1782289192,sustain,1710.0,304989200.0,{}
1,B,RSS Memory Footprint,java_inventory,java,inventory,inventory-java:8082,inventory-java:8082,2026-06-24 13:50:07,2026-06-24T08:20:07Z,1782289207,sustain,1725.0,221991280.0,{}
1,B,RSS Memory Footprint,java_inventory,java,inventory,order-java:8083,order-java:8083,2026-06-24 13:50:07,2026-06-24T08:20:07Z,1782289207,sustain,1725.0,318341528.0,{}
1,B,RSS Memory Footprint,java_inventory,java,inventory,warehouse-java-twin:9084,warehouse-java-twin:9084,2026-06-24 13:50:07,2026-06-24T08:20:07Z,1782289207,sustain,1725.0,307086352.0,{}
1,B,RSS Memory Footprint,java_inventory,java,inventory,inventory-java:8082,inventory-java:8082,2026-06-24 13:50:22,2026-06-24T08:20:22Z,1782289222,sustain,1740.0,311394232.0,{}
1,B,RSS Memory Footprint,java_inventory,java,inventory,order-java:8083,order-java:8083,2026-06-24 13:50:22,2026-06-24T08:20:22Z,1782289222,sustain,1740.0,320438680.0,{}
1,B,RSS Memory Footprint,java_inventory,java,inventory,warehouse-java-twin:9084,warehouse-java-twin:9084,2026-06-24 13:50:22,2026-06-24T08:20:22Z,1782289222,sustain,1740.0,309183504.0,{}
1,B,RSS Memory Footprint,java_inventory,java,inventory,inventory-java:8082,inventory-java:8082,2026-06-24 13:50:37,2026-06-24T08:20:37Z,1782289237,sustain,1755.0,247499432.0,{}
1,B,RSS Memory Footprint,java_inventory,java,inventory,order-java:8083,order-java:8083,2026-06-24 13:50:37,2026-06-24T08:20:37Z,1782289237,sustain,1755.0,323584408.0,{}
1,B,RSS Memory Footprint,java_inventory,java,inventory,warehouse-java-twin:9084,warehouse-java-twin:9084,2026-06-24 13:50:37,2026-06-24T08:20:37Z,1782289237,sustain,1755.0,312329232.0,{}
1,B,RSS Memory Footprint,java_inventory,java,inventory,inventory-java:8082,inventory-java:8082,2026-06-24 13:50:52,2026-06-24T08:20:52Z,1782289252,sustain,1770.0,184091864.0,{}
1,B,RSS Memory Footprint,java_inventory,java,inventory,order-java:8083,order-java:8083,2026-06-24 13:50:52,2026-06-24T08:20:52Z,1782289252,sustain,1770.0,325681560.0,{}
1,B,RSS Memory Footprint,java_inventory,java,inventory,warehouse-java-twin:9084,warehouse-java-twin:9084,2026-06-24 13:50:52,2026-06-24T08:20:52Z,1782289252,sustain,1770.0,314426384.0,{}
1,B,RSS Memory Footprint,java_inventory,java,inventory,inventory-java:8082,inventory-java:8082,2026-06-24 13:51:07,2026-06-24T08:21:07Z,1782289267,sustain,1785.0,272191832.0,{}
1,B,RSS Memory Footprint,java_inventory,java,inventory,order-java:8083,order-java:8083,2026-06-24 13:51:07,2026-06-24T08:21:07Z,1782289267,sustain,1785.0,328838296.0,{}
1,B,RSS Memory Footprint,java_inventory,java,inventory,warehouse-java-twin:9084,warehouse-java-twin:9084,2026-06-24 13:51:07,2026-06-24T08:21:07Z,1782289267,sustain,1785.0,317580688.0,{}
1,B,RSS Memory Footprint,java_inventory,java,inventory,inventory-java:8082,inventory-java:8082,2026-06-24 13:51:22,2026-06-24T08:21:22Z,1782289282,cooldown,1800.0,207785600.0,{}
1,B,RSS Memory Footprint,java_inventory,java,inventory,order-java:8083,order-java:8083,2026-06-24 13:51:22,2026-06-24T08:21:22Z,1782289282,cooldown,1800.0,331986328.0,{}
1,B,RSS Memory Footprint,java_inventory,java,inventory,warehouse-java-twin:9084,warehouse-java-twin:9084,2026-06-24 13:51:22,2026-06-24T08:21:22Z,1782289282,cooldown,1800.0,321780584.0,{}
1,B,RSS Memory Footprint,java_inventory,java,inventory,inventory-java:8082,inventory-java:8082,2026-06-24 13:51:37,2026-06-24T08:21:37Z,1782289297,cooldown,1815.0,296914560.0,{}
1,B,RSS Memory Footprint,java_inventory,java,inventory,order-java:8083,order-java:8083,2026-06-24 13:51:37,2026-06-24T08:21:37Z,1782289297,cooldown,1815.0,334083480.0,{}
1,B,RSS Memory Footprint,java_inventory,java,inventory,warehouse-java-twin:9084,warehouse-java-twin:9084,2026-06-24 13:51:37,2026-06-24T08:21:37Z,1782289297,cooldown,1815.0,324943608.0,{}
1,B,RSS Memory Footprint,java_inventory,java,inventory,inventory-java:8082,inventory-java:8082,2026-06-24 13:51:52,2026-06-24T08:21:52Z,1782289312,cooldown,1830.0,227741712.0,{}
1,B,RSS Memory Footprint,java_inventory,java,inventory,order-java:8083,order-java:8083,2026-06-24 13:51:52,2026-06-24T08:21:52Z,1782289312,cooldown,1830.0,338294728.0,{}
1,B,RSS Memory Footprint,java_inventory,java,inventory,warehouse-java-twin:9084,warehouse-java-twin:9084,2026-06-24 13:51:52,2026-06-24T08:21:52Z,1782289312,cooldown,1830.0,327040760.0,{}
1,B,RSS Memory Footprint,java_inventory,java,inventory,inventory-java:8082,inventory-java:8082,2026-06-24 13:52:07,2026-06-24T08:22:07Z,1782289327,cooldown,1845.0,306384912.0,{}
1,B,RSS Memory Footprint,java_inventory,java,inventory,order-java:8083,order-java:8083,2026-06-24 13:52:07,2026-06-24T08:22:07Z,1782289327,cooldown,1845.0,340391880.0,{}
1,B,RSS Memory Footprint,java_inventory,java,inventory,warehouse-java-twin:9084,warehouse-java-twin:9084,2026-06-24 13:52:07,2026-06-24T08:22:07Z,1782289327,cooldown,1845.0,329137912.0,{}
1,B,RSS Memory Footprint,java_inventory,java,inventory,inventory-java:8082,inventory-java:8082,2026-06-24 13:52:22,2026-06-24T08:22:22Z,1782289342,cooldown,1860.0,228456384.0,{}
1,B,RSS Memory Footprint,java_inventory,java,inventory,order-java:8083,order-java:8083,2026-06-24 13:52:22,2026-06-24T08:22:22Z,1782289342,cooldown,1860.0,343537608.0,{}
1,B,RSS Memory Footprint,java_inventory,java,inventory,warehouse-java-twin:9084,warehouse-java-twin:9084,2026-06-24 13:52:22,2026-06-24T08:22:22Z,1782289342,cooldown,1860.0,332283640.0,{}
1,B,RSS Memory Footprint,java_inventory,java,inventory,inventory-java:8082,inventory-java:8082,2026-06-24 13:52:37,2026-06-24T08:22:37Z,1782289357,cooldown,1875.0,299797184.0,{}
1,B,RSS Memory Footprint,java_inventory,java,inventory,order-java:8083,order-java:8083,2026-06-24 13:52:37,2026-06-24T08:22:37Z,1782289357,cooldown,1875.0,347806104.0,{}
1,B,RSS Memory Footprint,java_inventory,java,inventory,warehouse-java-twin:9084,warehouse-java-twin:9084,2026-06-24 13:52:37,2026-06-24T08:22:37Z,1782289357,cooldown,1875.0,334380792.0,{}
1,B,RSS Memory Footprint,java_inventory,java,inventory,inventory-java:8082,inventory-java:8082,2026-06-24 13:52:52,2026-06-24T08:22:52Z,1782289372,cooldown,1890.0,210705280.0,{}
1,B,RSS Memory Footprint,java_inventory,java,inventory,order-java:8083,order-java:8083,2026-06-24 13:52:52,2026-06-24T08:22:52Z,1782289372,cooldown,1890.0,350951832.0,{}
1,B,RSS Memory Footprint,java_inventory,java,inventory,warehouse-java-twin:9084,warehouse-java-twin:9084,2026-06-24 13:52:52,2026-06-24T08:22:52Z,1782289372,cooldown,1890.0,336477944.0,{}
1,B,RSS Memory Footprint,java_inventory,java,inventory,inventory-java:8082,inventory-java:8082,2026-06-24 13:53:07,2026-06-24T08:23:07Z,1782289387,cooldown,1905.0,273621632.0,{}
1,B,RSS Memory Footprint,java_inventory,java,inventory,order-java:8083,order-java:8083,2026-06-24 13:53:07,2026-06-24T08:23:07Z,1782289387,cooldown,1905.0,194606704.0,{}
1,B,RSS Memory Footprint,java_inventory,java,inventory,warehouse-java-twin:9084,warehouse-java-twin:9084,2026-06-24 13:53:07,2026-06-24T08:23:07Z,1782289387,cooldown,1905.0,339623672.0,{}
1,B,RSS Memory Footprint,java_inventory,java,inventory,inventory-java:8082,inventory-java:8082,2026-06-24 13:53:22,2026-06-24T08:23:22Z,1782289402,cooldown,1920.0,178729600.0,{}
1,B,RSS Memory Footprint,java_inventory,java,inventory,order-java:8083,order-java:8083,2026-06-24 13:53:22,2026-06-24T08:23:22Z,1782289402,cooldown,1920.0,196703856.0,{}
1,B,RSS Memory Footprint,java_inventory,java,inventory,warehouse-java-twin:9084,warehouse-java-twin:9084,2026-06-24 13:53:22,2026-06-24T08:23:22Z,1782289402,cooldown,1920.0,341720824.0,{}
1,B,RSS Memory Footprint,java_inventory,java,inventory,inventory-java:8082,inventory-java:8082,2026-06-24 13:53:37,2026-06-24T08:23:37Z,1782289417,cooldown,1935.0,231158400.0,{}
1,B,RSS Memory Footprint,java_inventory,java,inventory,order-java:8083,order-java:8083,2026-06-24 13:53:37,2026-06-24T08:23:37Z,1782289417,cooldown,1935.0,199851888.0,{}
1,B,RSS Memory Footprint,java_inventory,java,inventory,warehouse-java-twin:9084,warehouse-java-twin:9084,2026-06-24 13:53:37,2026-06-24T08:23:37Z,1782289417,cooldown,1935.0,343817976.0,{}
1,B,RSS Memory Footprint,java_inventory,java,inventory,inventory-java:8082,inventory-java:8082,2026-06-24 13:53:52,2026-06-24T08:23:52Z,1782289432,cooldown,1950.0,280454784.0,{}
1,B,RSS Memory Footprint,java_inventory,java,inventory,order-java:8083,order-java:8083,2026-06-24 13:53:52,2026-06-24T08:23:52Z,1782289432,cooldown,1950.0,202997616.0,{}
1,B,RSS Memory Footprint,java_inventory,java,inventory,warehouse-java-twin:9084,warehouse-java-twin:9084,2026-06-24 13:53:52,2026-06-24T08:23:52Z,1782289432,cooldown,1950.0,346963704.0,{}
1,B,RSS Memory Footprint,java_inventory,java,inventory,inventory-java:8082,inventory-java:8082,2026-06-24 13:54:07,2026-06-24T08:24:07Z,1782289447,cooldown,1965.0,171923944.0,{}
1,B,RSS Memory Footprint,java_inventory,java,inventory,order-java:8083,order-java:8083,2026-06-24 13:54:07,2026-06-24T08:24:07Z,1782289447,cooldown,1965.0,206143344.0,{}
1,B,RSS Memory Footprint,java_inventory,java,inventory,warehouse-java-twin:9084,warehouse-java-twin:9084,2026-06-24 13:54:07,2026-06-24T08:24:07Z,1782289447,cooldown,1965.0,349060856.0,{}
1,B,RSS Memory Footprint,java_inventory,java,inventory,inventory-java:8082,inventory-java:8082,2026-06-24 13:54:22,2026-06-24T08:24:22Z,1782289462,cooldown,1980.0,211769832.0,{}
1,B,RSS Memory Footprint,java_inventory,java,inventory,order-java:8083,order-java:8083,2026-06-24 13:54:22,2026-06-24T08:24:22Z,1782289462,cooldown,1980.0,208240496.0,{}
1,B,RSS Memory Footprint,java_inventory,java,inventory,warehouse-java-twin:9084,warehouse-java-twin:9084,2026-06-24 13:54:22,2026-06-24T08:24:22Z,1782289462,cooldown,1980.0,351158008.0,{}
1,B,RSS Memory Footprint,java_inventory,java,inventory,inventory-java:8082,inventory-java:8082,2026-06-24 13:54:37,2026-06-24T08:24:37Z,1782289477,cooldown,1995.0,248550248.0,{}
1,B,RSS Memory Footprint,java_inventory,java,inventory,order-java:8083,order-java:8083,2026-06-24 13:54:37,2026-06-24T08:24:37Z,1782289477,cooldown,1995.0,211386224.0,{}
1,B,RSS Memory Footprint,java_inventory,java,inventory,warehouse-java-twin:9084,warehouse-java-twin:9084,2026-06-24 13:54:37,2026-06-24T08:24:37Z,1782289477,cooldown,1995.0,354303736.0,{}
1,B,RSS Memory Footprint,java_inventory,java,inventory,inventory-java:8082,inventory-java:8082,2026-06-24 13:54:52,2026-06-24T08:24:52Z,1782289492,cooldown,2010.0,281056104.0,{}
1,B,RSS Memory Footprint,java_inventory,java,inventory,order-java:8083,order-java:8083,2026-06-24 13:54:52,2026-06-24T08:24:52Z,1782289492,cooldown,2010.0,213483376.0,{}
1,B,RSS Memory Footprint,java_inventory,java,inventory,warehouse-java-twin:9084,warehouse-java-twin:9084,2026-06-24 13:54:52,2026-06-24T08:24:52Z,1782289492,cooldown,2010.0,356400888.0,{}
1,B,RSS Memory Footprint,java_inventory,java,inventory,inventory-java:8082,inventory-java:8082,2026-06-24 13:55:07,2026-06-24T08:25:07Z,1782289507,cooldown,2025.0,308319080.0,{}
1,B,RSS Memory Footprint,java_inventory,java,inventory,order-java:8083,order-java:8083,2026-06-24 13:55:07,2026-06-24T08:25:07Z,1782289507,cooldown,2025.0,216634480.0,{}
1,B,RSS Memory Footprint,java_inventory,java,inventory,warehouse-java-twin:9084,warehouse-java-twin:9084,2026-06-24 13:55:07,2026-06-24T08:25:07Z,1782289507,cooldown,2025.0,359552104.0,{}
1,B,RSS Memory Footprint,java_inventory,java,inventory,inventory-java:8082,inventory-java:8082,2026-06-24 13:55:22,2026-06-24T08:25:22Z,1782289522,cooldown,2040.0,176714600.0,{}
1,B,RSS Memory Footprint,java_inventory,java,inventory,order-java:8083,order-java:8083,2026-06-24 13:55:22,2026-06-24T08:25:22Z,1782289522,cooldown,2040.0,219780208.0,{}
1,B,RSS Memory Footprint,java_inventory,java,inventory,warehouse-java-twin:9084,warehouse-java-twin:9084,2026-06-24 13:55:22,2026-06-24T08:25:22Z,1782289522,cooldown,2040.0,361649256.0,{}
1,B,RSS Memory Footprint,java_inventory,java,inventory,inventory-java:8082,inventory-java:8082,2026-06-24 13:55:37,2026-06-24T08:25:37Z,1782289537,cooldown,2055.0,194540392.0,{}
1,B,RSS Memory Footprint,java_inventory,java,inventory,order-java:8083,order-java:8083,2026-06-24 13:55:37,2026-06-24T08:25:37Z,1782289537,cooldown,2055.0,222925936.0,{}
1,B,RSS Memory Footprint,java_inventory,java,inventory,warehouse-java-twin:9084,warehouse-java-twin:9084,2026-06-24 13:55:37,2026-06-24T08:25:37Z,1782289537,cooldown,2055.0,364794984.0,{}
1,B,RSS Memory Footprint,java_inventory,java,inventory,inventory-java:8082,inventory-java:8082,2026-06-24 13:55:52,2026-06-24T08:25:52Z,1782289552,cooldown,2070.0,209220456.0,{}
1,B,RSS Memory Footprint,java_inventory,java,inventory,order-java:8083,order-java:8083,2026-06-24 13:55:52,2026-06-24T08:25:52Z,1782289552,cooldown,2070.0,225024240.0,{}
1,B,RSS Memory Footprint,java_inventory,java,inventory,warehouse-java-twin:9084,warehouse-java-twin:9084,2026-06-24 13:55:52,2026-06-24T08:25:52Z,1782289552,cooldown,2070.0,367972912.0,{}
1,B,RSS Memory Footprint,java_inventory,java,inventory,inventory-java:8082,inventory-java:8082,2026-06-24 13:56:07,2026-06-24T08:26:07Z,1782289567,cooldown,2085.0,219706216.0,{}
1,B,RSS Memory Footprint,java_inventory,java,inventory,order-java:8083,order-java:8083,2026-06-24 13:56:07,2026-06-24T08:26:07Z,1782289567,cooldown,2085.0,228169968.0,{}
1,B,RSS Memory Footprint,java_inventory,java,inventory,warehouse-java-twin:9084,warehouse-java-twin:9084,2026-06-24 13:56:07,2026-06-24T08:26:07Z,1782289567,cooldown,2085.0,371121480.0,{}
1,B,RSS Memory Footprint,java_inventory,java,inventory,inventory-java:8082,inventory-java:8082,2026-06-24 13:56:22,2026-06-24T08:26:22Z,1782289582,post_test,2100.0,226085848.0,{}
1,B,RSS Memory Footprint,java_inventory,java,inventory,order-java:8083,order-java:8083,2026-06-24 13:56:22,2026-06-24T08:26:22Z,1782289582,post_test,2100.0,230267120.0,{}
1,B,RSS Memory Footprint,java_inventory,java,inventory,warehouse-java-twin:9084,warehouse-java-twin:9084,2026-06-24 13:56:22,2026-06-24T08:26:22Z,1782289582,post_test,2100.0,373218632.0,{}
1,B,RSS Memory Footprint,java_order,java,order,inventory-java:8082,inventory-java:8082,2026-06-24 12:01:01,2026-06-24T06:31:01Z,1782282661,warmup,0.0,196184984.0,{}
1,B,RSS Memory Footprint,java_order,java,order,order-java:8083,order-java:8083,2026-06-24 12:01:01,2026-06-24T06:31:01Z,1782282661,warmup,0.0,259560616.0,{}
1,B,RSS Memory Footprint,java_order,java,order,warehouse-java-twin:9084,warehouse-java-twin:9084,2026-06-24 12:01:01,2026-06-24T06:31:01Z,1782282661,warmup,0.0,295996400.0,{}
1,B,RSS Memory Footprint,java_order,java,order,inventory-java:8082,inventory-java:8082,2026-06-24 12:01:16,2026-06-24T06:31:16Z,1782282676,warmup,15.0,198282136.0,{}
1,B,RSS Memory Footprint,java_order,java,order,order-java:8083,order-java:8083,2026-06-24 12:01:16,2026-06-24T06:31:16Z,1782282676,warmup,15.0,260656440.0,{}
1,B,RSS Memory Footprint,java_order,java,order,warehouse-java-twin:9084,warehouse-java-twin:9084,2026-06-24 12:01:16,2026-06-24T06:31:16Z,1782282676,warmup,15.0,298137584.0,{}
1,B,RSS Memory Footprint,java_order,java,order,inventory-java:8082,inventory-java:8082,2026-06-24 12:01:31,2026-06-24T06:31:31Z,1782282691,warmup,30.0,199346064.0,{}
1,B,RSS Memory Footprint,java_order,java,order,order-java:8083,order-java:8083,2026-06-24 12:01:31,2026-06-24T06:31:31Z,1782282691,warmup,30.0,262829000.0,{}
1,B,RSS Memory Footprint,java_order,java,order,warehouse-java-twin:9084,warehouse-java-twin:9084,2026-06-24 12:01:31,2026-06-24T06:31:31Z,1782282691,warmup,30.0,301292656.0,{}
1,B,RSS Memory Footprint,java_order,java,order,inventory-java:8082,inventory-java:8082,2026-06-24 12:01:46,2026-06-24T06:31:46Z,1782282706,warmup,45.0,227717288.0,{}
1,B,RSS Memory Footprint,java_order,java,order,order-java:8083,order-java:8083,2026-06-24 12:01:46,2026-06-24T06:31:46Z,1782282706,warmup,45.0,297664136.0,{}
1,B,RSS Memory Footprint,java_order,java,order,warehouse-java-twin:9084,warehouse-java-twin:9084,2026-06-24 12:01:46,2026-06-24T06:31:46Z,1782282706,warmup,45.0,303395696.0,{}
1,B,RSS Memory Footprint,java_order,java,order,inventory-java:8082,inventory-java:8082,2026-06-24 12:02:01,2026-06-24T06:32:01Z,1782282721,warmup,60.0,231072672.0,{}
1,B,RSS Memory Footprint,java_order,java,order,order-java:8083,order-java:8083,2026-06-24 12:02:01,2026-06-24T06:32:01Z,1782282721,warmup,60.0,305052872.0,{}
1,B,RSS Memory Footprint,java_order,java,order,warehouse-java-twin:9084,warehouse-java-twin:9084,2026-06-24 12:02:01,2026-06-24T06:32:01Z,1782282721,warmup,60.0,306542320.0,{}
1,B,RSS Memory Footprint,java_order,java,order,inventory-java:8082,inventory-java:8082,2026-06-24 12:02:16,2026-06-24T06:32:16Z,1782282736,warmup,75.0,234440176.0,{}
1,B,RSS Memory Footprint,java_order,java,order,order-java:8083,order-java:8083,2026-06-24 12:02:16,2026-06-24T06:32:16Z,1782282736,warmup,75.0,315786976.0,{}
1,B,RSS Memory Footprint,java_order,java,order,warehouse-java-twin:9084,warehouse-java-twin:9084,2026-06-24 12:02:16,2026-06-24T06:32:16Z,1782282736,warmup,75.0,308641008.0,{}
1,B,RSS Memory Footprint,java_order,java,order,inventory-java:8082,inventory-java:8082,2026-06-24 12:02:31,2026-06-24T06:32:31Z,1782282751,warmup,90.0,237717280.0,{}
1,B,RSS Memory Footprint,java_order,java,order,order-java:8083,order-java:8083,2026-06-24 12:02:31,2026-06-24T06:32:31Z,1782282751,warmup,90.0,327248120.0,{}
1,B,RSS Memory Footprint,java_order,java,order,warehouse-java-twin:9084,warehouse-java-twin:9084,2026-06-24 12:02:31,2026-06-24T06:32:31Z,1782282751,warmup,90.0,311786736.0,{}
1,B,RSS Memory Footprint,java_order,java,order,inventory-java:8082,inventory-java:8082,2026-06-24 12:02:46,2026-06-24T06:32:46Z,1782282766,warmup,105.0,240177928.0,{}
1,B,RSS Memory Footprint,java_order,java,order,order-java:8083,order-java:8083,2026-06-24 12:02:46,2026-06-24T06:32:46Z,1782282766,warmup,105.0,197140064.0,{}
1,B,RSS Memory Footprint,java_order,java,order,warehouse-java-twin:9084,warehouse-java-twin:9084,2026-06-24 12:02:46,2026-06-24T06:32:46Z,1782282766,warmup,105.0,313886064.0,{}
1,B,RSS Memory Footprint,java_order,java,order,inventory-java:8082,inventory-java:8082,2026-06-24 12:03:01,2026-06-24T06:33:01Z,1782282781,warmup,120.0,244629008.0,{}
1,B,RSS Memory Footprint,java_order,java,order,order-java:8083,order-java:8083,2026-06-24 12:03:01,2026-06-24T06:33:01Z,1782282781,warmup,120.0,214086208.0,{}
1,B,RSS Memory Footprint,java_order,java,order,warehouse-java-twin:9084,warehouse-java-twin:9084,2026-06-24 12:03:01,2026-06-24T06:33:01Z,1782282781,warmup,120.0,315986792.0,{}
1,B,RSS Memory Footprint,java_order,java,order,inventory-java:8082,inventory-java:8082,2026-06-24 12:03:16,2026-06-24T06:33:16Z,1782282796,warmup,135.0,249077008.0,{}
1,B,RSS Memory Footprint,java_order,java,order,order-java:8083,order-java:8083,2026-06-24 12:03:16,2026-06-24T06:33:16Z,1782282796,warmup,135.0,232591712.0,{}
1,B,RSS Memory Footprint,java_order,java,order,warehouse-java-twin:9084,warehouse-java-twin:9084,2026-06-24 12:03:16,2026-06-24T06:33:16Z,1782282796,warmup,135.0,319133280.0,{}
1,B,RSS Memory Footprint,java_order,java,order,inventory-java:8082,inventory-java:8082,2026-06-24 12:03:31,2026-06-24T06:33:31Z,1782282811,warmup,150.0,252727200.0,{}
1,B,RSS Memory Footprint,java_order,java,order,order-java:8083,order-java:8083,2026-06-24 12:03:31,2026-06-24T06:33:31Z,1782282811,warmup,150.0,251775976.0,{}
1,B,RSS Memory Footprint,java_order,java,order,warehouse-java-twin:9084,warehouse-java-twin:9084,2026-06-24 12:03:31,2026-06-24T06:33:31Z,1782282811,warmup,150.0,321239040.0,{}
1,B,RSS Memory Footprint,java_order,java,order,inventory-java:8082,inventory-java:8082,2026-06-24 12:03:46,2026-06-24T06:33:46Z,1782282826,warmup,165.0,257213048.0,{}
1,B,RSS Memory Footprint,java_order,java,order,order-java:8083,order-java:8083,2026-06-24 12:03:46,2026-06-24T06:33:46Z,1782282826,warmup,165.0,272827960.0,{}
1,B,RSS Memory Footprint,java_order,java,order,warehouse-java-twin:9084,warehouse-java-twin:9084,2026-06-24 12:03:46,2026-06-24T06:33:46Z,1782282826,warmup,165.0,324384768.0,{}
1,B,RSS Memory Footprint,java_order,java,order,inventory-java:8082,inventory-java:8082,2026-06-24 12:04:01,2026-06-24T06:34:01Z,1782282841,warmup,180.0,261734088.0,{}
1,B,RSS Memory Footprint,java_order,java,order,order-java:8083,order-java:8083,2026-06-24 12:04:01,2026-06-24T06:34:01Z,1782282841,warmup,180.0,294039832.0,{}
1,B,RSS Memory Footprint,java_order,java,order,warehouse-java-twin:9084,warehouse-java-twin:9084,2026-06-24 12:04:01,2026-06-24T06:34:01Z,1782282841,warmup,180.0,326481920.0,{}
1,B,RSS Memory Footprint,java_order,java,order,inventory-java:8082,inventory-java:8082,2026-06-24 12:04:16,2026-06-24T06:34:16Z,1782282856,warmup,195.0,266440992.0,{}
1,B,RSS Memory Footprint,java_order,java,order,order-java:8083,order-java:8083,2026-06-24 12:04:16,2026-06-24T06:34:16Z,1782282856,warmup,195.0,318286080.0,{}
1,B,RSS Memory Footprint,java_order,java,order,warehouse-java-twin:9084,warehouse-java-twin:9084,2026-06-24 12:04:16,2026-06-24T06:34:16Z,1782282856,warmup,195.0,329629056.0,{}
1,B,RSS Memory Footprint,java_order,java,order,inventory-java:8082,inventory-java:8082,2026-06-24 12:04:31,2026-06-24T06:34:31Z,1782282871,warmup,210.0,271042448.0,{}
1,B,RSS Memory Footprint,java_order,java,order,order-java:8083,order-java:8083,2026-06-24 12:04:31,2026-06-24T06:34:31Z,1782282871,warmup,210.0,196102888.0,{}
1,B,RSS Memory Footprint,java_order,java,order,warehouse-java-twin:9084,warehouse-java-twin:9084,2026-06-24 12:04:31,2026-06-24T06:34:31Z,1782282871,warmup,210.0,331734784.0,{}
1,B,RSS Memory Footprint,java_order,java,order,inventory-java:8082,inventory-java:8082,2026-06-24 12:04:46,2026-06-24T06:34:46Z,1782282886,warmup,225.0,276962728.0,{}
1,B,RSS Memory Footprint,java_order,java,order,order-java:8083,order-java:8083,2026-06-24 12:04:46,2026-06-24T06:34:46Z,1782282886,warmup,225.0,224744448.0,{}
1,B,RSS Memory Footprint,java_order,java,order,warehouse-java-twin:9084,warehouse-java-twin:9084,2026-06-24 12:04:46,2026-06-24T06:34:46Z,1782282886,warmup,225.0,334880512.0,{}
1,B,RSS Memory Footprint,java_order,java,order,inventory-java:8082,inventory-java:8082,2026-06-24 12:05:01,2026-06-24T06:35:01Z,1782282901,warmup,240.0,283149576.0,{}
1,B,RSS Memory Footprint,java_order,java,order,order-java:8083,order-java:8083,2026-06-24 12:05:01,2026-06-24T06:35:01Z,1782282901,warmup,240.0,250345856.0,{}
1,B,RSS Memory Footprint,java_order,java,order,warehouse-java-twin:9084,warehouse-java-twin:9084,2026-06-24 12:05:01,2026-06-24T06:35:01Z,1782282901,warmup,240.0,336982272.0,{}
1,B,RSS Memory Footprint,java_order,java,order,inventory-java:8082,inventory-java:8082,2026-06-24 12:05:16,2026-06-24T06:35:16Z,1782282916,warmup,255.0,288544904.0,{}
1,B,RSS Memory Footprint,java_order,java,order,order-java:8083,order-java:8083,2026-06-24 12:05:16,2026-06-24T06:35:16Z,1782282916,warmup,255.0,280247040.0,{}
1,B,RSS Memory Footprint,java_order,java,order,warehouse-java-twin:9084,warehouse-java-twin:9084,2026-06-24 12:05:16,2026-06-24T06:35:16Z,1782282916,warmup,255.0,340130688.0,{}
1,B,RSS Memory Footprint,java_order,java,order,inventory-java:8082,inventory-java:8082,2026-06-24 12:05:31,2026-06-24T06:35:31Z,1782282931,warmup,270.0,294339904.0,{}
1,B,RSS Memory Footprint,java_order,java,order,order-java:8083,order-java:8083,2026-06-24 12:05:31,2026-06-24T06:35:31Z,1782282931,warmup,270.0,200955472.0,{}
1,B,RSS Memory Footprint,java_order,java,order,warehouse-java-twin:9084,warehouse-java-twin:9084,2026-06-24 12:05:31,2026-06-24T06:35:31Z,1782282931,warmup,270.0,342227840.0,{}
1,B,RSS Memory Footprint,java_order,java,order,inventory-java:8082,inventory-java:8082,2026-06-24 12:05:46,2026-06-24T06:35:46Z,1782282946,warmup,285.0,299910520.0,{}
1,B,RSS Memory Footprint,java_order,java,order,order-java:8083,order-java:8083,2026-06-24 12:05:46,2026-06-24T06:35:46Z,1782282946,warmup,285.0,232766016.0,{}
1,B,RSS Memory Footprint,java_order,java,order,warehouse-java-twin:9084,warehouse-java-twin:9084,2026-06-24 12:05:46,2026-06-24T06:35:46Z,1782282946,warmup,285.0,344324992.0,{}
1,B,RSS Memory Footprint,java_order,java,order,inventory-java:8082,inventory-java:8082,2026-06-24 12:06:01,2026-06-24T06:36:01Z,1782282961,ramp_1,300.0,307577008.0,{}
1,B,RSS Memory Footprint,java_order,java,order,order-java:8083,order-java:8083,2026-06-24 12:06:01,2026-06-24T06:36:01Z,1782282961,ramp_1,300.0,263324624.0,{}
1,B,RSS Memory Footprint,java_order,java,order,warehouse-java-twin:9084,warehouse-java-twin:9084,2026-06-24 12:06:01,2026-06-24T06:36:01Z,1782282961,ramp_1,300.0,347475296.0,{}
1,B,RSS Memory Footprint,java_order,java,order,inventory-java:8082,inventory-java:8082,2026-06-24 12:06:16,2026-06-24T06:36:16Z,1782282976,ramp_1,315.0,313949872.0,{}
1,B,RSS Memory Footprint,java_order,java,order,order-java:8083,order-java:8083,2026-06-24 12:06:16,2026-06-24T06:36:16Z,1782282976,ramp_1,315.0,301418496.0,{}
1,B,RSS Memory Footprint,java_order,java,order,warehouse-java-twin:9084,warehouse-java-twin:9084,2026-06-24 12:06:16,2026-06-24T06:36:16Z,1782282976,ramp_1,315.0,349575136.0,{}
1,B,RSS Memory Footprint,java_order,java,order,inventory-java:8082,inventory-java:8082,2026-06-24 12:06:31,2026-06-24T06:36:31Z,1782282991,ramp_1,330.0,320475864.0,{}
1,B,RSS Memory Footprint,java_order,java,order,order-java:8083,order-java:8083,2026-06-24 12:06:31,2026-06-24T06:36:31Z,1782282991,ramp_1,330.0,341768464.0,{}
1,B,RSS Memory Footprint,java_order,java,order,warehouse-java-twin:9084,warehouse-java-twin:9084,2026-06-24 12:06:31,2026-06-24T06:36:31Z,1782282991,ramp_1,330.0,352720864.0,{}
1,B,RSS Memory Footprint,java_order,java,order,inventory-java:8082,inventory-java:8082,2026-06-24 12:06:46,2026-06-24T06:36:46Z,1782283006,ramp_1,345.0,180108152.0,{}
1,B,RSS Memory Footprint,java_order,java,order,order-java:8083,order-java:8083,2026-06-24 12:06:46,2026-06-24T06:36:46Z,1782283006,ramp_1,345.0,239853720.0,{}
1,B,RSS Memory Footprint,java_order,java,order,warehouse-java-twin:9084,warehouse-java-twin:9084,2026-06-24 12:06:46,2026-06-24T06:36:46Z,1782283006,ramp_1,345.0,354819168.0,{}
1,B,RSS Memory Footprint,java_order,java,order,inventory-java:8082,inventory-java:8082,2026-06-24 12:07:01,2026-06-24T06:37:01Z,1782283021,ramp_1,360.0,189615352.0,{}
1,B,RSS Memory Footprint,java_order,java,order,order-java:8083,order-java:8083,2026-06-24 12:07:01,2026-06-24T06:37:01Z,1782283021,ramp_1,360.0,288787624.0,{}
1,B,RSS Memory Footprint,java_order,java,order,warehouse-java-twin:9084,warehouse-java-twin:9084,2026-06-24 12:07:01,2026-06-24T06:37:01Z,1782283021,ramp_1,360.0,358003728.0,{}
1,B,RSS Memory Footprint,java_order,java,order,inventory-java:8082,inventory-java:8082,2026-06-24 12:07:16,2026-06-24T06:37:16Z,1782283036,ramp_1,375.0,199180840.0,{}
1,B,RSS Memory Footprint,java_order,java,order,order-java:8083,order-java:8083,2026-06-24 12:07:16,2026-06-24T06:37:16Z,1782283036,ramp_1,375.0,342810968.0,{}
1,B,RSS Memory Footprint,java_order,java,order,warehouse-java-twin:9084,warehouse-java-twin:9084,2026-06-24 12:07:16,2026-06-24T06:37:16Z,1782283036,ramp_1,375.0,361165072.0,{}
1,B,RSS Memory Footprint,java_order,java,order,inventory-java:8082,inventory-java:8082,2026-06-24 12:07:31,2026-06-24T06:37:31Z,1782283051,ramp_1,390.0,208719400.0,{}
1,B,RSS Memory Footprint,java_order,java,order,order-java:8083,order-java:8083,2026-06-24 12:07:31,2026-06-24T06:37:31Z,1782283051,ramp_1,390.0,255199568.0,{}
1,B,RSS Memory Footprint,java_order,java,order,warehouse-java-twin:9084,warehouse-java-twin:9084,2026-06-24 12:07:31,2026-06-24T06:37:31Z,1782283051,ramp_1,390.0,364328208.0,{}
1,B,RSS Memory Footprint,java_order,java,order,inventory-java:8082,inventory-java:8082,2026-06-24 12:07:46,2026-06-24T06:37:46Z,1782283066,ramp_1,405.0,218398072.0,{}
1,B,RSS Memory Footprint,java_order,java,order,order-java:8083,order-java:8083,2026-06-24 12:07:46,2026-06-24T06:37:46Z,1782283066,ramp_1,405.0,320582368.0,{}
1,B,RSS Memory Footprint,java_order,java,order,warehouse-java-twin:9084,warehouse-java-twin:9084,2026-06-24 12:07:46,2026-06-24T06:37:46Z,1782283066,ramp_1,405.0,366427664.0,{}
1,B,RSS Memory Footprint,java_order,java,order,inventory-java:8082,inventory-java:8082,2026-06-24 12:08:01,2026-06-24T06:38:01Z,1782283081,ramp_1,420.0,229094832.0,{}
1,B,RSS Memory Footprint,java_order,java,order,order-java:8083,order-java:8083,2026-06-24 12:08:01,2026-06-24T06:38:01Z,1782283081,ramp_1,420.0,244955352.0,{}
1,B,RSS Memory Footprint,java_order,java,order,warehouse-java-twin:9084,warehouse-java-twin:9084,2026-06-24 12:08:01,2026-06-24T06:38:01Z,1782283081,ramp_1,420.0,369631120.0,{}
1,B,RSS Memory Footprint,java_order,java,order,inventory-java:8082,inventory-java:8082,2026-06-24 12:08:16,2026-06-24T06:38:16Z,1782283096,ramp_1,435.0,241761608.0,{}
1,B,RSS Memory Footprint,java_order,java,order,order-java:8083,order-java:8083,2026-06-24 12:08:16,2026-06-24T06:38:16Z,1782283096,ramp_1,435.0,327985896.0,{}
1,B,RSS Memory Footprint,java_order,java,order,warehouse-java-twin:9084,warehouse-java-twin:9084,2026-06-24 12:08:16,2026-06-24T06:38:16Z,1782283096,ramp_1,435.0,371728272.0,{}
1,B,RSS Memory Footprint,java_order,java,order,inventory-java:8082,inventory-java:8082,2026-06-24 12:08:31,2026-06-24T06:38:31Z,1782283111,ramp_1,450.0,253417808.0,{}
1,B,RSS Memory Footprint,java_order,java,order,order-java:8083,order-java:8083,2026-06-24 12:08:31,2026-06-24T06:38:31Z,1782283111,ramp_1,450.0,261125216.0,{}
1,B,RSS Memory Footprint,java_order,java,order,warehouse-java-twin:9084,warehouse-java-twin:9084,2026-06-24 12:08:31,2026-06-24T06:38:31Z,1782283111,ramp_1,450.0,374899936.0,{}
1,B,RSS Memory Footprint,java_order,java,order,inventory-java:8082,inventory-java:8082,2026-06-24 12:08:46,2026-06-24T06:38:46Z,1782283126,ramp_1,465.0,266081360.0,{}
1,B,RSS Memory Footprint,java_order,java,order,order-java:8083,order-java:8083,2026-06-24 12:08:46,2026-06-24T06:38:46Z,1782283126,ramp_1,465.0,201547544.0,{}
1,B,RSS Memory Footprint,java_order,java,order,warehouse-java-twin:9084,warehouse-java-twin:9084,2026-06-24 12:08:46,2026-06-24T06:38:46Z,1782283126,ramp_1,465.0,376999008.0,{}
1,B,RSS Memory Footprint,java_order,java,order,inventory-java:8082,inventory-java:8082,2026-06-24 12:09:01,2026-06-24T06:39:01Z,1782283141,ramp_1,480.0,279742928.0,{}
1,B,RSS Memory Footprint,java_order,java,order,order-java:8083,order-java:8083,2026-06-24 12:09:01,2026-06-24T06:39:01Z,1782283141,ramp_1,480.0,297215640.0,{}
1,B,RSS Memory Footprint,java_order,java,order,warehouse-java-twin:9084,warehouse-java-twin:9084,2026-06-24 12:09:01,2026-06-24T06:39:01Z,1782283141,ramp_1,480.0,380148960.0,{}
1,B,RSS Memory Footprint,java_order,java,order,inventory-java:8082,inventory-java:8082,2026-06-24 12:09:16,2026-06-24T06:39:16Z,1782283156,ramp_1,495.0,291314128.0,{}
1,B,RSS Memory Footprint,java_order,java,order,order-java:8083,order-java:8083,2026-06-24 12:09:16,2026-06-24T06:39:16Z,1782283156,ramp_1,495.0,232158936.0,{}
1,B,RSS Memory Footprint,java_order,java,order,warehouse-java-twin:9084,warehouse-java-twin:9084,2026-06-24 12:09:16,2026-06-24T06:39:16Z,1782283156,ramp_1,495.0,225535120.0,{}
1,B,RSS Memory Footprint,java_order,java,order,inventory-java:8082,inventory-java:8082,2026-06-24 12:09:31,2026-06-24T06:39:31Z,1782283171,ramp_1,510.0,307075664.0,{}
1,B,RSS Memory Footprint,java_order,java,order,order-java:8083,order-java:8083,2026-06-24 12:09:31,2026-06-24T06:39:31Z,1782283171,ramp_1,510.0,334998872.0,{}
1,B,RSS Memory Footprint,java_order,java,order,warehouse-java-twin:9084,warehouse-java-twin:9084,2026-06-24 12:09:31,2026-06-24T06:39:31Z,1782283171,ramp_1,510.0,227649552.0,{}
1,B,RSS Memory Footprint,java_order,java,order,inventory-java:8082,inventory-java:8082,2026-06-24 12:09:46,2026-06-24T06:39:46Z,1782283186,ramp_1,525.0,319732048.0,{}
1,B,RSS Memory Footprint,java_order,java,order,order-java:8083,order-java:8083,2026-06-24 12:09:46,2026-06-24T06:39:46Z,1782283186,ramp_1,525.0,292979080.0,{}
1,B,RSS Memory Footprint,java_order,java,order,warehouse-java-twin:9084,warehouse-java-twin:9084,2026-06-24 12:09:46,2026-06-24T06:39:46Z,1782283186,ramp_1,525.0,229746704.0,{}
1,B,RSS Memory Footprint,java_order,java,order,inventory-java:8082,inventory-java:8082,2026-06-24 12:10:01,2026-06-24T06:40:01Z,1782283201,ramp_1,540.0,184433240.0,{}
1,B,RSS Memory Footprint,java_order,java,order,order-java:8083,order-java:8083,2026-06-24 12:10:01,2026-06-24T06:40:01Z,1782283201,ramp_1,540.0,251832312.0,{}
1,B,RSS Memory Footprint,java_order,java,order,warehouse-java-twin:9084,warehouse-java-twin:9084,2026-06-24 12:10:01,2026-06-24T06:40:01Z,1782283201,ramp_1,540.0,232905872.0,{}
1,B,RSS Memory Footprint,java_order,java,order,inventory-java:8082,inventory-java:8082,2026-06-24 12:10:16,2026-06-24T06:40:16Z,1782283216,ramp_1,555.0,203043600.0,{}
1,B,RSS Memory Footprint,java_order,java,order,order-java:8083,order-java:8083,2026-06-24 12:10:16,2026-06-24T06:40:16Z,1782283216,ramp_1,555.0,230687864.0,{}
1,B,RSS Memory Footprint,java_order,java,order,warehouse-java-twin:9084,warehouse-java-twin:9084,2026-06-24 12:10:16,2026-06-24T06:40:16Z,1782283216,ramp_1,555.0,235003024.0,{}
1,B,RSS Memory Footprint,java_order,java,order,inventory-java:8082,inventory-java:8082,2026-06-24 12:10:31,2026-06-24T06:40:31Z,1782283231,ramp_1,570.0,220407032.0,{}
1,B,RSS Memory Footprint,java_order,java,order,order-java:8083,order-java:8083,2026-06-24 12:10:31,2026-06-24T06:40:31Z,1782283231,ramp_1,570.0,203628456.0,{}
1,B,RSS Memory Footprint,java_order,java,order,warehouse-java-twin:9084,warehouse-java-twin:9084,2026-06-24 12:10:31,2026-06-24T06:40:31Z,1782283231,ramp_1,570.0,238170152.0,{}
1,B,RSS Memory Footprint,java_order,java,order,inventory-java:8082,inventory-java:8082,2026-06-24 12:10:46,2026-06-24T06:40:46Z,1782283246,ramp_1,585.0,238501840.0,{}
1,B,RSS Memory Footprint,java_order,java,order,order-java:8083,order-java:8083,2026-06-24 12:10:46,2026-06-24T06:40:46Z,1782283246,ramp_1,585.0,200214008.0,{}
1,B,RSS Memory Footprint,java_order,java,order,warehouse-java-twin:9084,warehouse-java-twin:9084,2026-06-24 12:10:46,2026-06-24T06:40:46Z,1782283246,ramp_1,585.0,240275240.0,{}
1,B,RSS Memory Footprint,java_order,java,order,inventory-java:8082,inventory-java:8082,2026-06-24 12:11:01,2026-06-24T06:41:01Z,1782283261,ramp_2,600.0,256466176.0,{}
1,B,RSS Memory Footprint,java_order,java,order,order-java:8083,order-java:8083,2026-06-24 12:11:01,2026-06-24T06:41:01Z,1782283261,ramp_2,600.0,196744168.0,{}
1,B,RSS Memory Footprint,java_order,java,order,warehouse-java-twin:9084,warehouse-java-twin:9084,2026-06-24 12:11:01,2026-06-24T06:41:01Z,1782283261,ramp_2,600.0,243427088.0,{}
1,B,RSS Memory Footprint,java_order,java,order,inventory-java:8082,inventory-java:8082,2026-06-24 12:11:16,2026-06-24T06:41:16Z,1782283276,ramp_2,615.0,274333224.0,{}
1,B,RSS Memory Footprint,java_order,java,order,order-java:8083,order-java:8083,2026-06-24 12:11:16,2026-06-24T06:41:16Z,1782283276,ramp_2,615.0,342619376.0,{}
1,B,RSS Memory Footprint,java_order,java,order,warehouse-java-twin:9084,warehouse-java-twin:9084,2026-06-24 12:11:16,2026-06-24T06:41:16Z,1782283276,ramp_2,615.0,245524240.0,{}
1,B,RSS Memory Footprint,java_order,java,order,inventory-java:8082,inventory-java:8082,2026-06-24 12:11:31,2026-06-24T06:41:31Z,1782283291,ramp_2,630.0,294293216.0,{}
1,B,RSS Memory Footprint,java_order,java,order,order-java:8083,order-java:8083,2026-06-24 12:11:31,2026-06-24T06:41:31Z,1782283291,ramp_2,630.0,327410656.0,{}
1,B,RSS Memory Footprint,java_order,java,order,warehouse-java-twin:9084,warehouse-java-twin:9084,2026-06-24 12:11:31,2026-06-24T06:41:31Z,1782283291,ramp_2,630.0,247621392.0,{}
1,B,RSS Memory Footprint,java_order,java,order,inventory-java:8082,inventory-java:8082,2026-06-24 12:11:46,2026-06-24T06:41:46Z,1782283306,ramp_2,645.0,315281936.0,{}
1,B,RSS Memory Footprint,java_order,java,order,order-java:8083,order-java:8083,2026-06-24 12:11:46,2026-06-24T06:41:46Z,1782283306,ramp_2,645.0,188633904.0,{}
1,B,RSS Memory Footprint,java_order,java,order,warehouse-java-twin:9084,warehouse-java-twin:9084,2026-06-24 12:11:46,2026-06-24T06:41:46Z,1782283306,ramp_2,645.0,250783152.0,{}
1,B,RSS Memory Footprint,java_order,java,order,inventory-java:8082,inventory-java:8082,2026-06-24 12:12:01,2026-06-24T06:42:01Z,1782283321,ramp_2,660.0,178558936.0,{}
1,B,RSS Memory Footprint,java_order,java,order,order-java:8083,order-java:8083,2026-06-24 12:12:01,2026-06-24T06:42:01Z,1782283321,ramp_2,660.0,184165632.0,{}
1,B,RSS Memory Footprint,java_order,java,order,warehouse-java-twin:9084,warehouse-java-twin:9084,2026-06-24 12:12:01,2026-06-24T06:42:01Z,1782283321,ramp_2,660.0,253930032.0,{}
1,B,RSS Memory Footprint,java_order,java,order,inventory-java:8082,inventory-java:8082,2026-06-24 12:12:16,2026-06-24T06:42:16Z,1782283336,ramp_2,675.0,200645672.0,{}
1,B,RSS Memory Footprint,java_order,java,order,order-java:8083,order-java:8083,2026-06-24 12:12:16,2026-06-24T06:42:16Z,1782283336,ramp_2,675.0,199249784.0,{}
1,B,RSS Memory Footprint,java_order,java,order,warehouse-java-twin:9084,warehouse-java-twin:9084,2026-06-24 12:12:16,2026-06-24T06:42:16Z,1782283336,ramp_2,675.0,256034352.0,{}
1,B,RSS Memory Footprint,java_order,java,order,inventory-java:8082,inventory-java:8082,2026-06-24 12:12:31,2026-06-24T06:42:31Z,1782283351,ramp_2,690.0,222696360.0,{}
1,B,RSS Memory Footprint,java_order,java,order,order-java:8083,order-java:8083,2026-06-24 12:12:31,2026-06-24T06:42:31Z,1782283351,ramp_2,690.0,227752560.0,{}
1,B,RSS Memory Footprint,java_order,java,order,warehouse-java-twin:9084,warehouse-java-twin:9084,2026-06-24 12:12:31,2026-06-24T06:42:31Z,1782283351,ramp_2,690.0,258132656.0,{}
1,B,RSS Memory Footprint,java_order,java,order,inventory-java:8082,inventory-java:8082,2026-06-24 12:12:46,2026-06-24T06:42:46Z,1782283366,ramp_2,705.0,245765032.0,{}
1,B,RSS Memory Footprint,java_order,java,order,order-java:8083,order-java:8083,2026-06-24 12:12:46,2026-06-24T06:42:46Z,1782283366,ramp_2,705.0,270870488.0,{}
1,B,RSS Memory Footprint,java_order,java,order,warehouse-java-twin:9084,warehouse-java-twin:9084,2026-06-24 12:12:46,2026-06-24T06:42:46Z,1782283366,ramp_2,705.0,261281712.0,{}
1,B,RSS Memory Footprint,java_order,java,order,inventory-java:8082,inventory-java:8082,2026-06-24 12:13:01,2026-06-24T06:43:01Z,1782283381,ramp_2,720.0,268888312.0,{}
1,B,RSS Memory Footprint,java_order,java,order,order-java:8083,order-java:8083,2026-06-24 12:13:01,2026-06-24T06:43:01Z,1782283381,ramp_2,720.0,313041952.0,{}
1,B,RSS Memory Footprint,java_order,java,order,warehouse-java-twin:9084,warehouse-java-twin:9084,2026-06-24 12:13:01,2026-06-24T06:43:01Z,1782283381,ramp_2,720.0,264439600.0,{}
1,B,RSS Memory Footprint,java_order,java,order,inventory-java:8082,inventory-java:8082,2026-06-24 12:13:16,2026-06-24T06:43:16Z,1782283396,ramp_2,735.0,294130544.0,{}
1,B,RSS Memory Footprint,java_order,java,order,order-java:8083,order-java:8083,2026-06-24 12:13:16,2026-06-24T06:43:16Z,1782283396,ramp_2,735.0,210562944.0,{}
1,B,RSS Memory Footprint,java_order,java,order,warehouse-java-twin:9084,warehouse-java-twin:9084,2026-06-24 12:13:16,2026-06-24T06:43:16Z,1782283396,ramp_2,735.0,268680360.0,{}
1,B,RSS Memory Footprint,java_order,java,order,inventory-java:8082,inventory-java:8082,2026-06-24 12:13:31,2026-06-24T06:43:31Z,1782283411,ramp_2,750.0,315155312.0,{}
1,B,RSS Memory Footprint,java_order,java,order,order-java:8083,order-java:8083,2026-06-24 12:13:31,2026-06-24T06:43:31Z,1782283411,ramp_2,750.0,235576384.0,{}
1,B,RSS Memory Footprint,java_order,java,order,warehouse-java-twin:9084,warehouse-java-twin:9084,2026-06-24 12:13:31,2026-06-24T06:43:31Z,1782283411,ramp_2,750.0,270777512.0,{}
1,B,RSS Memory Footprint,java_order,java,order,inventory-java:8082,inventory-java:8082,2026-06-24 12:13:46,2026-06-24T06:43:46Z,1782283426,ramp_2,765.0,183040112.0,{}
1,B,RSS Memory Footprint,java_order,java,order,order-java:8083,order-java:8083,2026-06-24 12:13:46,2026-06-24T06:43:46Z,1782283426,ramp_2,765.0,231362072.0,{}
1,B,RSS Memory Footprint,java_order,java,order,warehouse-java-twin:9084,warehouse-java-twin:9084,2026-06-24 12:13:46,2026-06-24T06:43:46Z,1782283426,ramp_2,765.0,272874664.0,{}
1,B,RSS Memory Footprint,java_order,java,order,inventory-java:8082,inventory-java:8082,2026-06-24 12:14:01,2026-06-24T06:44:01Z,1782283441,ramp_2,780.0,201967600.0,{}
1,B,RSS Memory Footprint,java_order,java,order,order-java:8083,order-java:8083,2026-06-24 12:14:01,2026-06-24T06:44:01Z,1782283441,ramp_2,780.0,223639816.0,{}
1,B,RSS Memory Footprint,java_order,java,order,warehouse-java-twin:9084,warehouse-java-twin:9084,2026-06-24 12:14:01,2026-06-24T06:44:01Z,1782283441,ramp_2,780.0,276021544.0,{}
1,B,RSS Memory Footprint,java_order,java,order,inventory-java:8082,inventory-java:8082,2026-06-24 12:14:16,2026-06-24T06:44:16Z,1782283456,ramp_2,795.0,221983080.0,{}
1,B,RSS Memory Footprint,java_order,java,order,order-java:8083,order-java:8083,2026-06-24 12:14:16,2026-06-24T06:44:16Z,1782283456,ramp_2,795.0,230514456.0,{}
1,B,RSS Memory Footprint,java_order,java,order,warehouse-java-twin:9084,warehouse-java-twin:9084,2026-06-24 12:14:16,2026-06-24T06:44:16Z,1782283456,ramp_2,795.0,278119720.0,{}
1,B,RSS Memory Footprint,java_order,java,order,inventory-java:8082,inventory-java:8082,2026-06-24 12:14:31,2026-06-24T06:44:31Z,1782283471,ramp_2,810.0,241950960.0,{}
1,B,RSS Memory Footprint,java_order,java,order,order-java:8083,order-java:8083,2026-06-24 12:14:31,2026-06-24T06:44:31Z,1782283471,ramp_2,810.0,239306704.0,{}
1,B,RSS Memory Footprint,java_order,java,order,warehouse-java-twin:9084,warehouse-java-twin:9084,2026-06-24 12:14:31,2026-06-24T06:44:31Z,1782283471,ramp_2,810.0,280218664.0,{}
1,B,RSS Memory Footprint,java_order,java,order,inventory-java:8082,inventory-java:8082,2026-06-24 12:14:46,2026-06-24T06:44:46Z,1782283486,ramp_2,825.0,259860472.0,{}
1,B,RSS Memory Footprint,java_order,java,order,order-java:8083,order-java:8083,2026-06-24 12:14:46,2026-06-24T06:44:46Z,1782283486,ramp_2,825.0,254717752.0,{}
1,B,RSS Memory Footprint,java_order,java,order,warehouse-java-twin:9084,warehouse-java-twin:9084,2026-06-24 12:14:46,2026-06-24T06:44:46Z,1782283486,ramp_2,825.0,283364392.0,{}
1,B,RSS Memory Footprint,java_order,java,order,inventory-java:8082,inventory-java:8082,2026-06-24 12:15:01,2026-06-24T06:45:01Z,1782283501,ramp_2,840.0,280885736.0,{}
1,B,RSS Memory Footprint,java_order,java,order,order-java:8083,order-java:8083,2026-06-24 12:15:01,2026-06-24T06:45:01Z,1782283501,ramp_2,840.0,225941824.0,{}
1,B,RSS Memory Footprint,java_order,java,order,warehouse-java-twin:9084,warehouse-java-twin:9084,2026-06-24 12:15:01,2026-06-24T06:45:01Z,1782283501,ramp_2,840.0,285462824.0,{}
1,B,RSS Memory Footprint,java_order,java,order,inventory-java:8082,inventory-java:8082,2026-06-24 12:15:16,2026-06-24T06:45:16Z,1782283516,ramp_2,855.0,301868264.0,{}
1,B,RSS Memory Footprint,java_order,java,order,order-java:8083,order-java:8083,2026-06-24 12:15:16,2026-06-24T06:45:16Z,1782283516,ramp_2,855.0,250701864.0,{}
1,B,RSS Memory Footprint,java_order,java,order,warehouse-java-twin:9084,warehouse-java-twin:9084,2026-06-24 12:15:16,2026-06-24T06:45:16Z,1782283516,ramp_2,855.0,288608552.0,{}
1,B,RSS Memory Footprint,java_order,java,order,inventory-java:8082,inventory-java:8082,2026-06-24 12:15:31,2026-06-24T06:45:31Z,1782283531,ramp_2,870.0,173012776.0,{}
1,B,RSS Memory Footprint,java_order,java,order,order-java:8083,order-java:8083,2026-06-24 12:15:31,2026-06-24T06:45:31Z,1782283531,ramp_2,870.0,259710824.0,{}
1,B,RSS Memory Footprint,java_order,java,order,warehouse-java-twin:9084,warehouse-java-twin:9084,2026-06-24 12:15:31,2026-06-24T06:45:31Z,1782283531,ramp_2,870.0,290706856.0,{}
1,B,RSS Memory Footprint,java_order,java,order,inventory-java:8082,inventory-java:8082,2026-06-24 12:15:46,2026-06-24T06:45:46Z,1782283546,ramp_2,885.0,194088824.0,{}
1,B,RSS Memory Footprint,java_order,java,order,order-java:8083,order-java:8083,2026-06-24 12:15:46,2026-06-24T06:45:46Z,1782283546,ramp_2,885.0,289026864.0,{}
1,B,RSS Memory Footprint,java_order,java,order,warehouse-java-twin:9084,warehouse-java-twin:9084,2026-06-24 12:15:46,2026-06-24T06:45:46Z,1782283546,ramp_2,885.0,293853736.0,{}
1,B,RSS Memory Footprint,java_order,java,order,inventory-java:8082,inventory-java:8082,2026-06-24 12:16:01,2026-06-24T06:46:01Z,1782283561,ramp_3,900.0,216112504.0,{}
1,B,RSS Memory Footprint,java_order,java,order,order-java:8083,order-java:8083,2026-06-24 12:16:01,2026-06-24T06:46:01Z,1782283561,ramp_3,900.0,304301864.0,{}
1,B,RSS Memory Footprint,java_order,java,order,warehouse-java-twin:9084,warehouse-java-twin:9084,2026-06-24 12:16:01,2026-06-24T06:46:01Z,1782283561,ramp_3,900.0,295957544.0,{}
1,B,RSS Memory Footprint,java_order,java,order,inventory-java:8082,inventory-java:8082,2026-06-24 12:16:16,2026-06-24T06:46:16Z,1782283576,ramp_3,915.0,233978232.0,{}
1,B,RSS Memory Footprint,java_order,java,order,order-java:8083,order-java:8083,2026-06-24 12:16:16,2026-06-24T06:46:16Z,1782283576,ramp_3,915.0,303721680.0,{}
1,B,RSS Memory Footprint,java_order,java,order,warehouse-java-twin:9084,warehouse-java-twin:9084,2026-06-24 12:16:16,2026-06-24T06:46:16Z,1782283576,ramp_3,915.0,298123944.0,{}
1,B,RSS Memory Footprint,java_order,java,order,inventory-java:8082,inventory-java:8082,2026-06-24 12:16:31,2026-06-24T06:46:31Z,1782283591,ramp_3,930.0,250798856.0,{}
1,B,RSS Memory Footprint,java_order,java,order,order-java:8083,order-java:8083,2026-06-24 12:16:31,2026-06-24T06:46:31Z,1782283591,ramp_3,930.0,318997784.0,{}
1,B,RSS Memory Footprint,java_order,java,order,warehouse-java-twin:9084,warehouse-java-twin:9084,2026-06-24 12:16:31,2026-06-24T06:46:31Z,1782283591,ramp_3,930.0,301269672.0,{}
1,B,RSS Memory Footprint,java_order,java,order,inventory-java:8082,inventory-java:8082,2026-06-24 12:16:46,2026-06-24T06:46:46Z,1782283606,ramp_3,945.0,271817824.0,{}
1,B,RSS Memory Footprint,java_order,java,order,order-java:8083,order-java:8083,2026-06-24 12:16:46,2026-06-24T06:46:46Z,1782283606,ramp_3,945.0,313680104.0,{}
1,B,RSS Memory Footprint,java_order,java,order,warehouse-java-twin:9084,warehouse-java-twin:9084,2026-06-24 12:16:46,2026-06-24T06:46:46Z,1782283606,ramp_3,945.0,303368360.0,{}
1,B,RSS Memory Footprint,java_order,java,order,inventory-java:8082,inventory-java:8082,2026-06-24 12:17:01,2026-06-24T06:47:01Z,1782283621,ramp_3,960.0,287548448.0,{}
1,B,RSS Memory Footprint,java_order,java,order,order-java:8083,order-java:8083,2026-06-24 12:17:01,2026-06-24T06:47:01Z,1782283621,ramp_3,960.0,276772496.0,{}
1,B,RSS Memory Footprint,java_order,java,order,warehouse-java-twin:9084,warehouse-java-twin:9084,2026-06-24 12:17:01,2026-06-24T06:47:01Z,1782283621,ramp_3,960.0,305489704.0,{}
1,B,RSS Memory Footprint,java_order,java,order,inventory-java:8082,inventory-java:8082,2026-06-24 12:17:16,2026-06-24T06:47:16Z,1782283636,ramp_3,975.0,309605752.0,{}
1,B,RSS Memory Footprint,java_order,java,order,order-java:8083,order-java:8083,2026-06-24 12:17:16,2026-06-24T06:47:16Z,1782283636,ramp_3,975.0,296201744.0,{}
1,B,RSS Memory Footprint,java_order,java,order,warehouse-java-twin:9084,warehouse-java-twin:9084,2026-06-24 12:17:16,2026-06-24T06:47:16Z,1782283636,ramp_3,975.0,308636712.0,{}
1,B,RSS Memory Footprint,java_order,java,order,inventory-java:8082,inventory-java:8082,2026-06-24 12:17:31,2026-06-24T06:47:31Z,1782283651,ramp_3,990.0,178260944.0,{}
1,B,RSS Memory Footprint,java_order,java,order,order-java:8083,order-java:8083,2026-06-24 12:17:31,2026-06-24T06:47:31Z,1782283651,ramp_3,990.0,316158360.0,{}
1,B,RSS Memory Footprint,java_order,java,order,warehouse-java-twin:9084,warehouse-java-twin:9084,2026-06-24 12:17:31,2026-06-24T06:47:31Z,1782283651,ramp_3,990.0,310765592.0,{}
1,B,RSS Memory Footprint,java_order,java,order,inventory-java:8082,inventory-java:8082,2026-06-24 12:17:46,2026-06-24T06:47:46Z,1782283666,ramp_3,1005.0,199236048.0,{}
1,B,RSS Memory Footprint,java_order,java,order,order-java:8083,order-java:8083,2026-06-24 12:17:46,2026-06-24T06:47:46Z,1782283666,ramp_3,1005.0,191932336.0,{}
1,B,RSS Memory Footprint,java_order,java,order,warehouse-java-twin:9084,warehouse-java-twin:9084,2026-06-24 12:17:46,2026-06-24T06:47:46Z,1782283666,ramp_3,1005.0,313911320.0,{}
1,B,RSS Memory Footprint,java_order,java,order,inventory-java:8082,inventory-java:8082,2026-06-24 12:18:01,2026-06-24T06:48:01Z,1782283681,ramp_3,1020.0,221270232.0,{}
1,B,RSS Memory Footprint,java_order,java,order,order-java:8083,order-java:8083,2026-06-24 12:18:01,2026-06-24T06:48:01Z,1782283681,ramp_3,1020.0,213810416.0,{}
1,B,RSS Memory Footprint,java_order,java,order,warehouse-java-twin:9084,warehouse-java-twin:9084,2026-06-24 12:18:01,2026-06-24T06:48:01Z,1782283681,ramp_3,1020.0,317127792.0,{}
1,B,RSS Memory Footprint,java_order,java,order,inventory-java:8082,inventory-java:8082,2026-06-24 12:18:16,2026-06-24T06:48:16Z,1782283696,ramp_3,1035.0,243399432.0,{}
1,B,RSS Memory Footprint,java_order,java,order,order-java:8083,order-java:8083,2026-06-24 12:18:16,2026-06-24T06:48:16Z,1782283696,ramp_3,1035.0,240896344.0,{}
1,B,RSS Memory Footprint,java_order,java,order,warehouse-java-twin:9084,warehouse-java-twin:9084,2026-06-24 12:18:16,2026-06-24T06:48:16Z,1782283696,ramp_3,1035.0,319240176.0,{}
1,B,RSS Memory Footprint,java_order,java,order,inventory-java:8082,inventory-java:8082,2026-06-24 12:18:31,2026-06-24T06:48:31Z,1782283711,ramp_3,1050.0,260302520.0,{}
1,B,RSS Memory Footprint,java_order,java,order,order-java:8083,order-java:8083,2026-06-24 12:18:31,2026-06-24T06:48:31Z,1782283711,ramp_3,1050.0,241946328.0,{}
1,B,RSS Memory Footprint,java_order,java,order,warehouse-java-twin:9084,warehouse-java-twin:9084,2026-06-24 12:18:31,2026-06-24T06:48:31Z,1782283711,ramp_3,1050.0,321372824.0,{}
1,B,RSS Memory Footprint,java_order,java,order,inventory-java:8082,inventory-java:8082,2026-06-24 12:18:46,2026-06-24T06:48:46Z,1782283726,ramp_3,1065.0,282361784.0,{}
1,B,RSS Memory Footprint,java_order,java,order,order-java:8083,order-java:8083,2026-06-24 12:18:46,2026-06-24T06:48:46Z,1782283726,ramp_3,1065.0,262389864.0,{}
1,B,RSS Memory Footprint,java_order,java,order,warehouse-java-twin:9084,warehouse-java-twin:9084,2026-06-24 12:18:46,2026-06-24T06:48:46Z,1782283726,ramp_3,1065.0,324579464.0,{}
1,B,RSS Memory Footprint,java_order,java,order,inventory-java:8082,inventory-java:8082,2026-06-24 12:19:01,2026-06-24T06:49:01Z,1782283741,ramp_3,1080.0,303370168.0,{}
1,B,RSS Memory Footprint,java_order,java,order,order-java:8083,order-java:8083,2026-06-24 12:19:01,2026-06-24T06:49:01Z,1782283741,ramp_3,1080.0,289443960.0,{}
1,B,RSS Memory Footprint,java_order,java,order,warehouse-java-twin:9084,warehouse-java-twin:9084,2026-06-24 12:19:01,2026-06-24T06:49:01Z,1782283741,ramp_3,1080.0,326677896.0,{}
1,B,RSS Memory Footprint,java_order,java,order,inventory-java:8082,inventory-java:8082,2026-06-24 12:19:16,2026-06-24T06:49:16Z,1782283756,ramp_3,1095.0,177099816.0,{}
1,B,RSS Memory Footprint,java_order,java,order,order-java:8083,order-java:8083,2026-06-24 12:19:16,2026-06-24T06:49:16Z,1782283756,ramp_3,1095.0,310745720.0,{}
1,B,RSS Memory Footprint,java_order,java,order,warehouse-java-twin:9084,warehouse-java-twin:9084,2026-06-24 12:19:16,2026-06-24T06:49:16Z,1782283756,ramp_3,1095.0,329826824.0,{}
1,B,RSS Memory Footprint,java_order,java,order,inventory-java:8082,inventory-java:8082,2026-06-24 12:19:31,2026-06-24T06:49:31Z,1782283771,ramp_3,1110.0,199162440.0,{}
1,B,RSS Memory Footprint,java_order,java,order,order-java:8083,order-java:8083,2026-06-24 12:19:31,2026-06-24T06:49:31Z,1782283771,ramp_3,1110.0,192329920.0,{}
1,B,RSS Memory Footprint,java_order,java,order,warehouse-java-twin:9084,warehouse-java-twin:9084,2026-06-24 12:19:31,2026-06-24T06:49:31Z,1782283771,ramp_3,1110.0,331923976.0,{}
1,B,RSS Memory Footprint,java_order,java,order,inventory-java:8082,inventory-java:8082,2026-06-24 12:19:46,2026-06-24T06:49:46Z,1782283786,ramp_3,1125.0,221193288.0,{}
1,B,RSS Memory Footprint,java_order,java,order,order-java:8083,order-java:8083,2026-06-24 12:19:46,2026-06-24T06:49:46Z,1782283786,ramp_3,1125.0,221077664.0,{}
1,B,RSS Memory Footprint,java_order,java,order,warehouse-java-twin:9084,warehouse-java-twin:9084,2026-06-24 12:19:46,2026-06-24T06:49:46Z,1782283786,ramp_3,1125.0,334021128.0,{}
1,B,RSS Memory Footprint,java_order,java,order,inventory-java:8082,inventory-java:8082,2026-06-24 12:20:01,2026-06-24T06:50:01Z,1782283801,ramp_3,1140.0,234848200.0,{}
1,B,RSS Memory Footprint,java_order,java,order,order-java:8083,order-java:8083,2026-06-24 12:20:01,2026-06-24T06:50:01Z,1782283801,ramp_3,1140.0,240002728.0,{}
1,B,RSS Memory Footprint,java_order,java,order,warehouse-java-twin:9084,warehouse-java-twin:9084,2026-06-24 12:20:01,2026-06-24T06:50:01Z,1782283801,ramp_3,1140.0,337170312.0,{}
1,B,RSS Memory Footprint,java_order,java,order,inventory-java:8082,inventory-java:8082,2026-06-24 12:20:16,2026-06-24T06:50:16Z,1782283816,ramp_3,1155.0,254833000.0,{}
1,B,RSS Memory Footprint,java_order,java,order,order-java:8083,order-java:8083,2026-06-24 12:20:16,2026-06-24T06:50:16Z,1782283816,ramp_3,1155.0,216756296.0,{}
1,B,RSS Memory Footprint,java_order,java,order,warehouse-java-twin:9084,warehouse-java-twin:9084,2026-06-24 12:20:16,2026-06-24T06:50:16Z,1782283816,ramp_3,1155.0,339267464.0,{}
1,B,RSS Memory Footprint,java_order,java,order,inventory-java:8082,inventory-java:8082,2026-06-24 12:20:31,2026-06-24T06:50:31Z,1782283831,ramp_3,1170.0,275808616.0,{}
1,B,RSS Memory Footprint,java_order,java,order,order-java:8083,order-java:8083,2026-06-24 12:20:31,2026-06-24T06:50:31Z,1782283831,ramp_3,1170.0,250317120.0,{}
1,B,RSS Memory Footprint,java_order,java,order,warehouse-java-twin:9084,warehouse-java-twin:9084,2026-06-24 12:20:31,2026-06-24T06:50:31Z,1782283831,ramp_3,1170.0,341382408.0,{}
1,B,RSS Memory Footprint,java_order,java,order,inventory-java:8082,inventory-java:8082,2026-06-24 12:20:46,2026-06-24T06:50:46Z,1782283846,ramp_3,1185.0,292596968.0,{}
1,B,RSS Memory Footprint,java_order,java,order,order-java:8083,order-java:8083,2026-06-24 12:20:46,2026-06-24T06:50:46Z,1782283846,ramp_3,1185.0,256270424.0,{}
1,B,RSS Memory Footprint,java_order,java,order,warehouse-java-twin:9084,warehouse-java-twin:9084,2026-06-24 12:20:46,2026-06-24T06:50:46Z,1782283846,ramp_3,1185.0,344532232.0,{}
1,B,RSS Memory Footprint,java_order,java,order,inventory-java:8082,inventory-java:8082,2026-06-24 12:21:01,2026-06-24T06:51:01Z,1782283861,sustain,1200.0,163971144.0,{}
1,B,RSS Memory Footprint,java_order,java,order,order-java:8083,order-java:8083,2026-06-24 12:21:01,2026-06-24T06:51:01Z,1782283861,sustain,1200.0,286137952.0,{}
1,B,RSS Memory Footprint,java_order,java,order,warehouse-java-twin:9084,warehouse-java-twin:9084,2026-06-24 12:21:01,2026-06-24T06:51:01Z,1782283861,sustain,1200.0,346629384.0,{}
1,B,RSS Memory Footprint,java_order,java,order,inventory-java:8082,inventory-java:8082,2026-06-24 12:21:16,2026-06-24T06:51:16Z,1782283876,sustain,1215.0,187049032.0,{}
1,B,RSS Memory Footprint,java_order,java,order,order-java:8083,order-java:8083,2026-06-24 12:21:16,2026-06-24T06:51:16Z,1782283876,sustain,1215.0,251607208.0,{}
1,B,RSS Memory Footprint,java_order,java,order,warehouse-java-twin:9084,warehouse-java-twin:9084,2026-06-24 12:21:16,2026-06-24T06:51:16Z,1782283876,sustain,1215.0,349775112.0,{}
1,B,RSS Memory Footprint,java_order,java,order,inventory-java:8082,inventory-java:8082,2026-06-24 12:21:31,2026-06-24T06:51:31Z,1782283891,sustain,1230.0,201744840.0,{}
1,B,RSS Memory Footprint,java_order,java,order,order-java:8083,order-java:8083,2026-06-24 12:21:31,2026-06-24T06:51:31Z,1782283891,sustain,1230.0,218953448.0,{}
1,B,RSS Memory Footprint,java_order,java,order,warehouse-java-twin:9084,warehouse-java-twin:9084,2026-06-24 12:21:31,2026-06-24T06:51:31Z,1782283891,sustain,1230.0,351873416.0,{}
1,B,RSS Memory Footprint,java_order,java,order,inventory-java:8082,inventory-java:8082,2026-06-24 12:21:46,2026-06-24T06:51:46Z,1782283906,sustain,1245.0,220685512.0,{}
1,B,RSS Memory Footprint,java_order,java,order,order-java:8083,order-java:8083,2026-06-24 12:21:46,2026-06-24T06:51:46Z,1782283906,sustain,1245.0,227676648.0,{}
1,B,RSS Memory Footprint,java_order,java,order,warehouse-java-twin:9084,warehouse-java-twin:9084,2026-06-24 12:21:46,2026-06-24T06:51:46Z,1782283906,sustain,1245.0,353971592.0,{}
1,B,RSS Memory Footprint,java_order,java,order,inventory-java:8082,inventory-java:8082,2026-06-24 12:22:01,2026-06-24T06:52:01Z,1782283921,sustain,1260.0,234320840.0,{}
1,B,RSS Memory Footprint,java_order,java,order,order-java:8083,order-java:8083,2026-06-24 12:22:01,2026-06-24T06:52:01Z,1782283921,sustain,1260.0,241039960.0,{}
1,B,RSS Memory Footprint,java_order,java,order,warehouse-java-twin:9084,warehouse-java-twin:9084,2026-06-24 12:22:01,2026-06-24T06:52:01Z,1782283921,sustain,1260.0,357121160.0,{}
1,B,RSS Memory Footprint,java_order,java,order,inventory-java:8082,inventory-java:8082,2026-06-24 12:22:16,2026-06-24T06:52:16Z,1782283936,sustain,1275.0,254247752.0,{}
1,B,RSS Memory Footprint,java_order,java,order,order-java:8083,order-java:8083,2026-06-24 12:22:16,2026-06-24T06:52:16Z,1782283936,sustain,1275.0,266208120.0,{}
1,B,RSS Memory Footprint,java_order,java,order,warehouse-java-twin:9084,warehouse-java-twin:9084,2026-06-24 12:22:16,2026-06-24T06:52:16Z,1782283936,sustain,1275.0,359218312.0,{}
1,B,RSS Memory Footprint,java_order,java,order,inventory-java:8082,inventory-java:8082,2026-06-24 12:22:31,2026-06-24T06:52:31Z,1782283951,sustain,1290.0,274213504.0,{}
1,B,RSS Memory Footprint,java_order,java,order,order-java:8083,order-java:8083,2026-06-24 12:22:31,2026-06-24T06:52:31Z,1782283951,sustain,1290.0,288189688.0,{}
1,B,RSS Memory Footprint,java_order,java,order,warehouse-java-twin:9084,warehouse-java-twin:9084,2026-06-24 12:22:31,2026-06-24T06:52:31Z,1782283951,sustain,1290.0,361315464.0,{}
1,B,RSS Memory Footprint,java_order,java,order,inventory-java:8082,inventory-java:8082,2026-06-24 12:22:46,2026-06-24T06:52:46Z,1782283966,sustain,1305.0,295185024.0,{}
1,B,RSS Memory Footprint,java_order,java,order,order-java:8083,order-java:8083,2026-06-24 12:22:46,2026-06-24T06:52:46Z,1782283966,sustain,1305.0,310741496.0,{}
1,B,RSS Memory Footprint,java_order,java,order,warehouse-java-twin:9084,warehouse-java-twin:9084,2026-06-24 12:22:46,2026-06-24T06:52:46Z,1782283966,sustain,1305.0,364462344.0,{}
1,B,RSS Memory Footprint,java_order,java,order,inventory-java:8082,inventory-java:8082,2026-06-24 12:23:01,2026-06-24T06:53:01Z,1782283981,sustain,1320.0,168780888.0,{}
1,B,RSS Memory Footprint,java_order,java,order,order-java:8083,order-java:8083,2026-06-24 12:23:01,2026-06-24T06:53:01Z,1782283981,sustain,1320.0,326912936.0,{}
1,B,RSS Memory Footprint,java_order,java,order,warehouse-java-twin:9084,warehouse-java-twin:9084,2026-06-24 12:23:01,2026-06-24T06:53:01Z,1782283981,sustain,1320.0,366565512.0,{}
1,B,RSS Memory Footprint,java_order,java,order,inventory-java:8082,inventory-java:8082,2026-06-24 12:23:16,2026-06-24T06:53:16Z,1782283996,sustain,1335.0,187655256.0,{}
1,B,RSS Memory Footprint,java_order,java,order,order-java:8083,order-java:8083,2026-06-24 12:23:16,2026-06-24T06:53:16Z,1782283996,sustain,1335.0,321948808.0,{}
1,B,RSS Memory Footprint,java_order,java,order,warehouse-java-twin:9084,warehouse-java-twin:9084,2026-06-24 12:23:16,2026-06-24T06:53:16Z,1782283996,sustain,1335.0,369731848.0,{}
1,B,RSS Memory Footprint,java_order,java,order,inventory-java:8082,inventory-java:8082,2026-06-24 12:23:31,2026-06-24T06:53:31Z,1782284011,sustain,1350.0,208626776.0,{}
1,B,RSS Memory Footprint,java_order,java,order,order-java:8083,order-java:8083,2026-06-24 12:23:31,2026-06-24T06:53:31Z,1782284011,sustain,1350.0,343567104.0,{}
1,B,RSS Memory Footprint,java_order,java,order,warehouse-java-twin:9084,warehouse-java-twin:9084,2026-06-24 12:23:31,2026-06-24T06:53:31Z,1782284011,sustain,1350.0,371829000.0,{}
1,B,RSS Memory Footprint,java_order,java,order,inventory-java:8082,inventory-java:8082,2026-06-24 12:23:46,2026-06-24T06:53:46Z,1782284026,sustain,1365.0,230659672.0,{}
1,B,RSS Memory Footprint,java_order,java,order,order-java:8083,order-java:8083,2026-06-24 12:23:46,2026-06-24T06:53:46Z,1782284026,sustain,1365.0,222933768.0,{}
1,B,RSS Memory Footprint,java_order,java,order,warehouse-java-twin:9084,warehouse-java-twin:9084,2026-06-24 12:23:46,2026-06-24T06:53:46Z,1782284026,sustain,1365.0,373926152.0,{}
1,B,RSS Memory Footprint,java_order,java,order,inventory-java:8082,inventory-java:8082,2026-06-24 12:24:01,2026-06-24T06:54:01Z,1782284041,sustain,1380.0,252697688.0,{}
1,B,RSS Memory Footprint,java_order,java,order,order-java:8083,order-java:8083,2026-06-24 12:24:01,2026-06-24T06:54:01Z,1782284041,sustain,1380.0,253319760.0,{}
1,B,RSS Memory Footprint,java_order,java,order,warehouse-java-twin:9084,warehouse-java-twin:9084,2026-06-24 12:24:01,2026-06-24T06:54:01Z,1782284041,sustain,1380.0,377071880.0,{}
1,B,RSS Memory Footprint,java_order,java,order,inventory-java:8082,inventory-java:8082,2026-06-24 12:24:16,2026-06-24T06:54:16Z,1782284056,sustain,1395.0,275791448.0,{}
1,B,RSS Memory Footprint,java_order,java,order,order-java:8083,order-java:8083,2026-06-24 12:24:16,2026-06-24T06:54:16Z,1782284056,sustain,1395.0,284344944.0,{}
1,B,RSS Memory Footprint,java_order,java,order,warehouse-java-twin:9084,warehouse-java-twin:9084,2026-06-24 12:24:16,2026-06-24T06:54:16Z,1782284056,sustain,1395.0,379169032.0,{}
1,B,RSS Memory Footprint,java_order,java,order,inventory-java:8082,inventory-java:8082,2026-06-24 12:24:31,2026-06-24T06:54:31Z,1782284071,sustain,1410.0,297811544.0,{}
1,B,RSS Memory Footprint,java_order,java,order,order-java:8083,order-java:8083,2026-06-24 12:24:31,2026-06-24T06:54:31Z,1782284071,sustain,1410.0,307347936.0,{}
1,B,RSS Memory Footprint,java_order,java,order,warehouse-java-twin:9084,warehouse-java-twin:9084,2026-06-24 12:24:31,2026-06-24T06:54:31Z,1782284071,sustain,1410.0,381266184.0,{}
1,B,RSS Memory Footprint,java_order,java,order,inventory-java:8082,inventory-java:8082,2026-06-24 12:24:46,2026-06-24T06:54:46Z,1782284086,sustain,1425.0,168315608.0,{}
1,B,RSS Memory Footprint,java_order,java,order,order-java:8083,order-java:8083,2026-06-24 12:24:46,2026-06-24T06:54:46Z,1782284086,sustain,1425.0,308346504.0,{}
1,B,RSS Memory Footprint,java_order,java,order,warehouse-java-twin:9084,warehouse-java-twin:9084,2026-06-24 12:24:46,2026-06-24T06:54:46Z,1782284086,sustain,1425.0,226362288.0,{}
1,B,RSS Memory Footprint,java_order,java,order,inventory-java:8082,inventory-java:8082,2026-06-24 12:25:01,2026-06-24T06:55:01Z,1782284101,sustain,1440.0,189295312.0,{}
1,B,RSS Memory Footprint,java_order,java,order,order-java:8083,order-java:8083,2026-06-24 12:25:01,2026-06-24T06:55:01Z,1782284101,sustain,1440.0,325563640.0,{}
1,B,RSS Memory Footprint,java_order,java,order,warehouse-java-twin:9084,warehouse-java-twin:9084,2026-06-24 12:25:01,2026-06-24T06:55:01Z,1782284101,sustain,1440.0,228460720.0,{}
1,B,RSS Memory Footprint,java_order,java,order,inventory-java:8082,inventory-java:8082,2026-06-24 12:25:16,2026-06-24T06:55:16Z,1782284116,sustain,1455.0,206090704.0,{}
1,B,RSS Memory Footprint,java_order,java,order,order-java:8083,order-java:8083,2026-06-24 12:25:16,2026-06-24T06:55:16Z,1782284116,sustain,1455.0,295386440.0,{}
1,B,RSS Memory Footprint,java_order,java,order,warehouse-java-twin:9084,warehouse-java-twin:9084,2026-06-24 12:25:16,2026-06-24T06:55:16Z,1782284116,sustain,1455.0,230580400.0,{}
1,B,RSS Memory Footprint,java_order,java,order,inventory-java:8082,inventory-java:8082,2026-06-24 12:25:31,2026-06-24T06:55:31Z,1782284131,sustain,1470.0,229159376.0,{}
1,B,RSS Memory Footprint,java_order,java,order,order-java:8083,order-java:8083,2026-06-24 12:25:31,2026-06-24T06:55:31Z,1782284131,sustain,1470.0,324350128.0,{}
1,B,RSS Memory Footprint,java_order,java,order,warehouse-java-twin:9084,warehouse-java-twin:9084,2026-06-24 12:25:31,2026-06-24T06:55:31Z,1782284131,sustain,1470.0,232677552.0,{}
1,B,RSS Memory Footprint,java_order,java,order,inventory-java:8082,inventory-java:8082,2026-06-24 12:25:46,2026-06-24T06:55:46Z,1782284146,sustain,1485.0,254325200.0,{}
1,B,RSS Memory Footprint,java_order,java,order,order-java:8083,order-java:8083,2026-06-24 12:25:46,2026-06-24T06:55:46Z,1782284146,sustain,1485.0,233364440.0,{}
1,B,RSS Memory Footprint,java_order,java,order,warehouse-java-twin:9084,warehouse-java-twin:9084,2026-06-24 12:25:46,2026-06-24T06:55:46Z,1782284146,sustain,1485.0,235830064.0,{}
1,B,RSS Memory Footprint,java_order,java,order,inventory-java:8082,inventory-java:8082,2026-06-24 12:26:01,2026-06-24T06:56:01Z,1782284161,sustain,1500.0,272178384.0,{}
1,B,RSS Memory Footprint,java_order,java,order,order-java:8083,order-java:8083,2026-06-24 12:26:01,2026-06-24T06:56:01Z,1782284161,sustain,1500.0,232476400.0,{}
1,B,RSS Memory Footprint,java_order,java,order,warehouse-java-twin:9084,warehouse-java-twin:9084,2026-06-24 12:26:01,2026-06-24T06:56:01Z,1782284161,sustain,1500.0,237935792.0,{}
1,B,RSS Memory Footprint,java_order,java,order,inventory-java:8082,inventory-java:8082,2026-06-24 12:26:16,2026-06-24T06:56:16Z,1782284176,sustain,1515.0,291054800.0,{}
1,B,RSS Memory Footprint,java_order,java,order,order-java:8083,order-java:8083,2026-06-24 12:26:16,2026-06-24T06:56:16Z,1782284176,sustain,1515.0,237119888.0,{}
1,B,RSS Memory Footprint,java_order,java,order,warehouse-java-twin:9084,warehouse-java-twin:9084,2026-06-24 12:26:16,2026-06-24T06:56:16Z,1782284176,sustain,1515.0,241086640.0,{}
1,B,RSS Memory Footprint,java_order,java,order,inventory-java:8082,inventory-java:8082,2026-06-24 12:26:31,2026-06-24T06:56:31Z,1782284191,sustain,1530.0,166124560.0,{}
1,B,RSS Memory Footprint,java_order,java,order,order-java:8083,order-java:8083,2026-06-24 12:26:31,2026-06-24T06:56:31Z,1782284191,sustain,1530.0,284257312.0,{}
1,B,RSS Memory Footprint,java_order,java,order,warehouse-java-twin:9084,warehouse-java-twin:9084,2026-06-24 12:26:31,2026-06-24T06:56:31Z,1782284191,sustain,1530.0,243183792.0,{}
1,B,RSS Memory Footprint,java_order,java,order,inventory-java:8082,inventory-java:8082,2026-06-24 12:26:46,2026-06-24T06:56:46Z,1782284206,sustain,1545.0,186053392.0,{}
1,B,RSS Memory Footprint,java_order,java,order,order-java:8083,order-java:8083,2026-06-24 12:26:46,2026-06-24T06:56:46Z,1782284206,sustain,1545.0,294869000.0,{}
1,B,RSS Memory Footprint,java_order,java,order,warehouse-java-twin:9084,warehouse-java-twin:9084,2026-06-24 12:26:46,2026-06-24T06:56:46Z,1782284206,sustain,1545.0,246329520.0,{}
1,B,RSS Memory Footprint,java_order,java,order,inventory-java:8082,inventory-java:8082,2026-06-24 12:27:01,2026-06-24T06:57:01Z,1782284221,sustain,1560.0,203882000.0,{}
1,B,RSS Memory Footprint,java_order,java,order,order-java:8083,order-java:8083,2026-06-24 12:27:01,2026-06-24T06:57:01Z,1782284221,sustain,1560.0,286104432.0,{}
1,B,RSS Memory Footprint,java_order,java,order,warehouse-java-twin:9084,warehouse-java-twin:9084,2026-06-24 12:27:01,2026-06-24T06:57:01Z,1782284221,sustain,1560.0,248428720.0,{}
1,B,RSS Memory Footprint,java_order,java,order,inventory-java:8082,inventory-java:8082,2026-06-24 12:27:16,2026-06-24T06:57:16Z,1782284236,sustain,1575.0,226957456.0,{}
1,B,RSS Memory Footprint,java_order,java,order,order-java:8083,order-java:8083,2026-06-24 12:27:16,2026-06-24T06:57:16Z,1782284236,sustain,1575.0,315090984.0,{}
1,B,RSS Memory Footprint,java_order,java,order,warehouse-java-twin:9084,warehouse-java-twin:9084,2026-06-24 12:27:16,2026-06-24T06:57:16Z,1782284236,sustain,1575.0,250530224.0,{}
1,B,RSS Memory Footprint,java_order,java,order,inventory-java:8082,inventory-java:8082,2026-06-24 12:27:31,2026-06-24T06:57:31Z,1782284251,sustain,1590.0,246881704.0,{}
1,B,RSS Memory Footprint,java_order,java,order,order-java:8083,order-java:8083,2026-06-24 12:27:31,2026-06-24T06:57:31Z,1782284251,sustain,1590.0,307805584.0,{}
1,B,RSS Memory Footprint,java_order,java,order,warehouse-java-twin:9084,warehouse-java-twin:9084,2026-06-24 12:27:31,2026-06-24T06:57:31Z,1782284251,sustain,1590.0,253677488.0,{}
1,B,RSS Memory Footprint,java_order,java,order,inventory-java:8082,inventory-java:8082,2026-06-24 12:27:46,2026-06-24T06:57:46Z,1782284266,sustain,1605.0,267853224.0,{}
1,B,RSS Memory Footprint,java_order,java,order,order-java:8083,order-java:8083,2026-06-24 12:27:46,2026-06-24T06:57:46Z,1782284266,sustain,1605.0,322622432.0,{}
1,B,RSS Memory Footprint,java_order,java,order,warehouse-java-twin:9084,warehouse-java-twin:9084,2026-06-24 12:27:46,2026-06-24T06:57:46Z,1782284266,sustain,1605.0,255774640.0,{}
1,B,RSS Memory Footprint,java_order,java,order,inventory-java:8082,inventory-java:8082,2026-06-24 12:28:01,2026-06-24T06:58:01Z,1782284281,sustain,1620.0,289876392.0,{}
1,B,RSS Memory Footprint,java_order,java,order,order-java:8083,order-java:8083,2026-06-24 12:28:01,2026-06-24T06:58:01Z,1782284281,sustain,1620.0,213300552.0,{}
1,B,RSS Memory Footprint,java_order,java,order,warehouse-java-twin:9084,warehouse-java-twin:9084,2026-06-24 12:28:01,2026-06-24T06:58:01Z,1782284281,sustain,1620.0,257871792.0,{}
1,B,RSS Memory Footprint,java_order,java,order,inventory-java:8082,inventory-java:8082,2026-06-24 12:28:16,2026-06-24T06:58:16Z,1782284296,sustain,1635.0,309808680.0,{}
1,B,RSS Memory Footprint,java_order,java,order,order-java:8083,order-java:8083,2026-06-24 12:28:16,2026-06-24T06:58:16Z,1782284296,sustain,1635.0,216920488.0,{}
1,B,RSS Memory Footprint,java_order,java,order,warehouse-java-twin:9084,warehouse-java-twin:9084,2026-06-24 12:28:16,2026-06-24T06:58:16Z,1782284296,sustain,1635.0,261017520.0,{}
1,B,RSS Memory Footprint,java_order,java,order,inventory-java:8082,inventory-java:8082,2026-06-24 12:28:31,2026-06-24T06:58:31Z,1782284311,sustain,1650.0,170821928.0,{}
1,B,RSS Memory Footprint,java_order,java,order,order-java:8083,order-java:8083,2026-06-24 12:28:31,2026-06-24T06:58:31Z,1782284311,sustain,1650.0,241570328.0,{}
1,B,RSS Memory Footprint,java_order,java,order,warehouse-java-twin:9084,warehouse-java-twin:9084,2026-06-24 12:28:31,2026-06-24T06:58:31Z,1782284311,sustain,1650.0,263114672.0,{}
1,B,RSS Memory Footprint,java_order,java,order,inventory-java:8082,inventory-java:8082,2026-06-24 12:28:46,2026-06-24T06:58:46Z,1782284326,sustain,1665.0,189956904.0,{}
1,B,RSS Memory Footprint,java_order,java,order,order-java:8083,order-java:8083,2026-06-24 12:28:46,2026-06-24T06:58:46Z,1782284326,sustain,1665.0,238578528.0,{}
1,B,RSS Memory Footprint,java_order,java,order,warehouse-java-twin:9084,warehouse-java-twin:9084,2026-06-24 12:28:46,2026-06-24T06:58:46Z,1782284326,sustain,1665.0,265211824.0,{}
1,B,RSS Memory Footprint,java_order,java,order,inventory-java:8082,inventory-java:8082,2026-06-24 12:29:01,2026-06-24T06:59:01Z,1782284341,sustain,1680.0,207806120.0,{}
1,B,RSS Memory Footprint,java_order,java,order,order-java:8083,order-java:8083,2026-06-24 12:29:01,2026-06-24T06:59:01Z,1782284341,sustain,1680.0,246840968.0,{}
1,B,RSS Memory Footprint,java_order,java,order,warehouse-java-twin:9084,warehouse-java-twin:9084,2026-06-24 12:29:01,2026-06-24T06:59:01Z,1782284341,sustain,1680.0,268357552.0,{}
1,B,RSS Memory Footprint,java_order,java,order,inventory-java:8082,inventory-java:8082,2026-06-24 12:29:16,2026-06-24T06:59:16Z,1782284356,sustain,1695.0,223602384.0,{}
1,B,RSS Memory Footprint,java_order,java,order,order-java:8083,order-java:8083,2026-06-24 12:29:16,2026-06-24T06:59:16Z,1782284356,sustain,1695.0,307776136.0,{}
1,B,RSS Memory Footprint,java_order,java,order,warehouse-java-twin:9084,warehouse-java-twin:9084,2026-06-24 12:29:16,2026-06-24T06:59:16Z,1782284356,sustain,1695.0,270498992.0,{}
1,B,RSS Memory Footprint,java_order,java,order,inventory-java:8082,inventory-java:8082,2026-06-24 12:29:31,2026-06-24T06:59:31Z,1782284371,sustain,1710.0,244575568.0,{}
1,B,RSS Memory Footprint,java_order,java,order,order-java:8083,order-java:8083,2026-06-24 12:29:31,2026-06-24T06:59:31Z,1782284371,sustain,1710.0,317928040.0,{}
1,B,RSS Memory Footprint,java_order,java,order,warehouse-java-twin:9084,warehouse-java-twin:9084,2026-06-24 12:29:31,2026-06-24T06:59:31Z,1782284371,sustain,1710.0,273644720.0,{}
1,B,RSS Memory Footprint,java_order,java,order,inventory-java:8082,inventory-java:8082,2026-06-24 12:29:46,2026-06-24T06:59:46Z,1782284386,sustain,1725.0,268694224.0,{}
1,B,RSS Memory Footprint,java_order,java,order,order-java:8083,order-java:8083,2026-06-24 12:29:46,2026-06-24T06:59:46Z,1782284386,sustain,1725.0,199799184.0,{}
1,B,RSS Memory Footprint,java_order,java,order,warehouse-java-twin:9084,warehouse-java-twin:9084,2026-06-24 12:29:46,2026-06-24T06:59:46Z,1782284386,sustain,1725.0,275741872.0,{}
1,B,RSS Memory Footprint,java_order,java,order,inventory-java:8082,inventory-java:8082,2026-06-24 12:30:01,2026-06-24T07:00:01Z,1782284401,sustain,1740.0,287568592.0,{}
1,B,RSS Memory Footprint,java_order,java,order,order-java:8083,order-java:8083,2026-06-24 12:30:01,2026-06-24T07:00:01Z,1782284401,sustain,1740.0,205424592.0,{}
1,B,RSS Memory Footprint,java_order,java,order,warehouse-java-twin:9084,warehouse-java-twin:9084,2026-06-24 12:30:01,2026-06-24T07:00:01Z,1782284401,sustain,1740.0,278897848.0,{}
1,B,RSS Memory Footprint,java_order,java,order,inventory-java:8082,inventory-java:8082,2026-06-24 12:30:16,2026-06-24T07:00:16Z,1782284416,sustain,1755.0,302248656.0,{}
1,B,RSS Memory Footprint,java_order,java,order,order-java:8083,order-java:8083,2026-06-24 12:30:16,2026-06-24T07:00:16Z,1782284416,sustain,1755.0,197547304.0,{}
1,B,RSS Memory Footprint,java_order,java,order,warehouse-java-twin:9084,warehouse-java-twin:9084,2026-06-24 12:30:16,2026-06-24T07:00:16Z,1782284416,sustain,1755.0,282043576.0,{}
1,B,RSS Memory Footprint,java_order,java,order,inventory-java:8082,inventory-java:8082,2026-06-24 12:30:31,2026-06-24T07:00:31Z,1782284431,sustain,1770.0,167637728.0,{}
1,B,RSS Memory Footprint,java_order,java,order,order-java:8083,order-java:8083,2026-06-24 12:30:31,2026-06-24T07:00:31Z,1782284431,sustain,1770.0,213918528.0,{}
1,B,RSS Memory Footprint,java_order,java,order,warehouse-java-twin:9084,warehouse-java-twin:9084,2026-06-24 12:30:31,2026-06-24T07:00:31Z,1782284431,sustain,1770.0,284140728.0,{}
1,B,RSS Memory Footprint,java_order,java,order,inventory-java:8082,inventory-java:8082,2026-06-24 12:30:46,2026-06-24T07:00:46Z,1782284446,sustain,1785.0,188610272.0,{}
1,B,RSS Memory Footprint,java_order,java,order,order-java:8083,order-java:8083,2026-06-24 12:30:46,2026-06-24T07:00:46Z,1782284446,sustain,1785.0,204219536.0,{}
1,B,RSS Memory Footprint,java_order,java,order,warehouse-java-twin:9084,warehouse-java-twin:9084,2026-06-24 12:30:46,2026-06-24T07:00:46Z,1782284446,sustain,1785.0,286246712.0,{}
1,B,RSS Memory Footprint,java_order,java,order,inventory-java:8082,inventory-java:8082,2026-06-24 12:31:01,2026-06-24T07:01:01Z,1782284461,cooldown,1800.0,206436064.0,{}
1,B,RSS Memory Footprint,java_order,java,order,order-java:8083,order-java:8083,2026-06-24 12:31:01,2026-06-24T07:01:01Z,1782284461,cooldown,1800.0,222727168.0,{}
1,B,RSS Memory Footprint,java_order,java,order,warehouse-java-twin:9084,warehouse-java-twin:9084,2026-06-24 12:31:01,2026-06-24T07:01:01Z,1782284461,cooldown,1800.0,289393720.0,{}
1,B,RSS Memory Footprint,java_order,java,order,inventory-java:8082,inventory-java:8082,2026-06-24 12:31:16,2026-06-24T07:01:16Z,1782284476,cooldown,1815.0,227410400.0,{}
1,B,RSS Memory Footprint,java_order,java,order,order-java:8083,order-java:8083,2026-06-24 12:31:16,2026-06-24T07:01:16Z,1782284476,cooldown,1815.0,238709416.0,{}
1,B,RSS Memory Footprint,java_order,java,order,warehouse-java-twin:9084,warehouse-java-twin:9084,2026-06-24 12:31:16,2026-06-24T07:01:16Z,1782284476,cooldown,1815.0,291497272.0,{}
1,B,RSS Memory Footprint,java_order,java,order,inventory-java:8082,inventory-java:8082,2026-06-24 12:31:31,2026-06-24T07:01:31Z,1782284491,cooldown,1830.0,246285664.0,{}
1,B,RSS Memory Footprint,java_order,java,order,order-java:8083,order-java:8083,2026-06-24 12:31:31,2026-06-24T07:01:31Z,1782284491,cooldown,1830.0,213247928.0,{}
1,B,RSS Memory Footprint,java_order,java,order,warehouse-java-twin:9084,warehouse-java-twin:9084,2026-06-24 12:31:31,2026-06-24T07:01:31Z,1782284491,cooldown,1830.0,293594424.0,{}
1,B,RSS Memory Footprint,java_order,java,order,inventory-java:8082,inventory-java:8082,2026-06-24 12:31:46,2026-06-24T07:01:46Z,1782284506,cooldown,1845.0,268306912.0,{}
1,B,RSS Memory Footprint,java_order,java,order,order-java:8083,order-java:8083,2026-06-24 12:31:46,2026-06-24T07:01:46Z,1782284506,cooldown,1845.0,219269864.0,{}
1,B,RSS Memory Footprint,java_order,java,order,warehouse-java-twin:9084,warehouse-java-twin:9084,2026-06-24 12:31:46,2026-06-24T07:01:46Z,1782284506,cooldown,1845.0,296754256.0,{}
1,B,RSS Memory Footprint,java_order,java,order,inventory-java:8082,inventory-java:8082,2026-06-24 12:32:01,2026-06-24T07:02:01Z,1782284521,cooldown,1860.0,290639408.0,{}
1,B,RSS Memory Footprint,java_order,java,order,order-java:8083,order-java:8083,2026-06-24 12:32:01,2026-06-24T07:02:01Z,1782284521,cooldown,1860.0,200966168.0,{}
1,B,RSS Memory Footprint,java_order,java,order,warehouse-java-twin:9084,warehouse-java-twin:9084,2026-06-24 12:32:01,2026-06-24T07:02:01Z,1782284521,cooldown,1860.0,299899984.0,{}
1,B,RSS Memory Footprint,java_order,java,order,inventory-java:8082,inventory-java:8082,2026-06-24 12:32:16,2026-06-24T07:02:16Z,1782284536,cooldown,1875.0,302173744.0,{}
1,B,RSS Memory Footprint,java_order,java,order,order-java:8083,order-java:8083,2026-06-24 12:32:16,2026-06-24T07:02:16Z,1782284536,cooldown,1875.0,326796696.0,{}
1,B,RSS Memory Footprint,java_order,java,order,warehouse-java-twin:9084,warehouse-java-twin:9084,2026-06-24 12:32:16,2026-06-24T07:02:16Z,1782284536,cooldown,1875.0,301997136.0,{}
1,B,RSS Memory Footprint,java_order,java,order,inventory-java:8082,inventory-java:8082,2026-06-24 12:32:31,2026-06-24T07:02:31Z,1782284551,cooldown,1890.0,164607824.0,{}
1,B,RSS Memory Footprint,java_order,java,order,order-java:8083,order-java:8083,2026-06-24 12:32:31,2026-06-24T07:02:31Z,1782284551,cooldown,1890.0,343717744.0,{}
1,B,RSS Memory Footprint,java_order,java,order,warehouse-java-twin:9084,warehouse-java-twin:9084,2026-06-24 12:32:31,2026-06-24T07:02:31Z,1782284551,cooldown,1890.0,305142864.0,{}
1,B,RSS Memory Footprint,java_order,java,order,inventory-java:8082,inventory-java:8082,2026-06-24 12:32:46,2026-06-24T07:02:46Z,1782284566,cooldown,1905.0,184533968.0,{}
1,B,RSS Memory Footprint,java_order,java,order,order-java:8083,order-java:8083,2026-06-24 12:32:46,2026-06-24T07:02:46Z,1782284566,cooldown,1905.0,205741352.0,{}
1,B,RSS Memory Footprint,java_order,java,order,warehouse-java-twin:9084,warehouse-java-twin:9084,2026-06-24 12:32:46,2026-06-24T07:02:46Z,1782284566,cooldown,1905.0,307255504.0,{}
1,B,RSS Memory Footprint,java_order,java,order,inventory-java:8082,inventory-java:8082,2026-06-24 12:33:01,2026-06-24T07:03:01Z,1782284581,cooldown,1920.0,204456912.0,{}
1,B,RSS Memory Footprint,java_order,java,order,order-java:8083,order-java:8083,2026-06-24 12:33:01,2026-06-24T07:03:01Z,1782284581,cooldown,1920.0,218585680.0,{}
1,B,RSS Memory Footprint,java_order,java,order,warehouse-java-twin:9084,warehouse-java-twin:9084,2026-06-24 12:33:01,2026-06-24T07:03:01Z,1782284581,cooldown,1920.0,309354960.0,{}
1,B,RSS Memory Footprint,java_order,java,order,inventory-java:8082,inventory-java:8082,2026-06-24 12:33:16,2026-06-24T07:03:16Z,1782284596,cooldown,1935.0,226602160.0,{}
1,B,RSS Memory Footprint,java_order,java,order,order-java:8083,order-java:8083,2026-06-24 12:33:16,2026-06-24T07:03:16Z,1782284596,cooldown,1935.0,210350912.0,{}
1,B,RSS Memory Footprint,java_order,java,order,warehouse-java-twin:9084,warehouse-java-twin:9084,2026-06-24 12:33:16,2026-06-24T07:03:16Z,1782284596,cooldown,1935.0,311452112.0,{}
1,B,RSS Memory Footprint,java_order,java,order,inventory-java:8082,inventory-java:8082,2026-06-24 12:33:31,2026-06-24T07:03:31Z,1782284611,cooldown,1950.0,244444272.0,{}
1,B,RSS Memory Footprint,java_order,java,order,order-java:8083,order-java:8083,2026-06-24 12:33:31,2026-06-24T07:03:31Z,1782284611,cooldown,1950.0,346770168.0,{}
1,B,RSS Memory Footprint,java_order,java,order,warehouse-java-twin:9084,warehouse-java-twin:9084,2026-06-24 12:33:31,2026-06-24T07:03:31Z,1782284611,cooldown,1950.0,314634448.0,{}
1,B,RSS Memory Footprint,java_order,java,order,inventory-java:8082,inventory-java:8082,2026-06-24 12:33:46,2026-06-24T07:03:46Z,1782284626,cooldown,1965.0,260172912.0,{}
1,B,RSS Memory Footprint,java_order,java,order,order-java:8083,order-java:8083,2026-06-24 12:33:46,2026-06-24T07:03:46Z,1782284626,cooldown,1965.0,345555120.0,{}
1,B,RSS Memory Footprint,java_order,java,order,warehouse-java-twin:9084,warehouse-java-twin:9084,2026-06-24 12:33:46,2026-06-24T07:03:46Z,1782284626,cooldown,1965.0,317789104.0,{}
1,B,RSS Memory Footprint,java_order,java,order,inventory-java:8082,inventory-java:8082,2026-06-24 12:34:01,2026-06-24T07:04:01Z,1782284641,cooldown,1980.0,280249280.0,{}
1,B,RSS Memory Footprint,java_order,java,order,order-java:8083,order-java:8083,2026-06-24 12:34:01,2026-06-24T07:04:01Z,1782284641,cooldown,1980.0,328540176.0,{}
1,B,RSS Memory Footprint,java_order,java,order,warehouse-java-twin:9084,warehouse-java-twin:9084,2026-06-24 12:34:01,2026-06-24T07:04:01Z,1782284641,cooldown,1980.0,319886256.0,{}
1,B,RSS Memory Footprint,java_order,java,order,inventory-java:8082,inventory-java:8082,2026-06-24 12:34:16,2026-06-24T07:04:16Z,1782284656,cooldown,1995.0,294932032.0,{}
1,B,RSS Memory Footprint,java_order,java,order,order-java:8083,order-java:8083,2026-06-24 12:34:16,2026-06-24T07:04:16Z,1782284656,cooldown,1995.0,295256784.0,{}
1,B,RSS Memory Footprint,java_order,java,order,warehouse-java-twin:9084,warehouse-java-twin:9084,2026-06-24 12:34:16,2026-06-24T07:04:16Z,1782284656,cooldown,1995.0,323033136.0,{}
1,B,RSS Memory Footprint,java_order,java,order,inventory-java:8082,inventory-java:8082,2026-06-24 12:34:31,2026-06-24T07:04:31Z,1782284671,cooldown,2010.0,160082064.0,{}
1,B,RSS Memory Footprint,java_order,java,order,order-java:8083,order-java:8083,2026-06-24 12:34:31,2026-06-24T07:04:31Z,1782284671,cooldown,2010.0,277170880.0,{}
1,B,RSS Memory Footprint,java_order,java,order,warehouse-java-twin:9084,warehouse-java-twin:9084,2026-06-24 12:34:31,2026-06-24T07:04:31Z,1782284671,cooldown,2010.0,326196656.0,{}
1,B,RSS Memory Footprint,java_order,java,order,inventory-java:8082,inventory-java:8082,2026-06-24 12:34:46,2026-06-24T07:04:46Z,1782284686,cooldown,2025.0,180148624.0,{}
1,B,RSS Memory Footprint,java_order,java,order,order-java:8083,order-java:8083,2026-06-24 12:34:46,2026-06-24T07:04:46Z,1782284686,cooldown,2025.0,288848912.0,{}
1,B,RSS Memory Footprint,java_order,java,order,warehouse-java-twin:9084,warehouse-java-twin:9084,2026-06-24 12:34:46,2026-06-24T07:04:46Z,1782284686,cooldown,2025.0,328293808.0,{}
1,B,RSS Memory Footprint,java_order,java,order,inventory-java:8082,inventory-java:8082,2026-06-24 12:35:01,2026-06-24T07:05:01Z,1782284701,cooldown,2040.0,198066456.0,{}
1,B,RSS Memory Footprint,java_order,java,order,order-java:8083,order-java:8083,2026-06-24 12:35:01,2026-06-24T07:05:01Z,1782284701,cooldown,2040.0,271123024.0,{}
1,B,RSS Memory Footprint,java_order,java,order,warehouse-java-twin:9084,warehouse-java-twin:9084,2026-06-24 12:35:01,2026-06-24T07:05:01Z,1782284701,cooldown,2040.0,330391856.0,{}
1,B,RSS Memory Footprint,java_order,java,order,inventory-java:8082,inventory-java:8082,2026-06-24 12:35:16,2026-06-24T07:05:16Z,1782284716,cooldown,2055.0,212762944.0,{}
1,B,RSS Memory Footprint,java_order,java,order,order-java:8083,order-java:8083,2026-06-24 12:35:16,2026-06-24T07:05:16Z,1782284716,cooldown,2055.0,232446960.0,{}
1,B,RSS Memory Footprint,java_order,java,order,warehouse-java-twin:9084,warehouse-java-twin:9084,2026-06-24 12:35:16,2026-06-24T07:05:16Z,1782284716,cooldown,2055.0,333537584.0,{}
1,B,RSS Memory Footprint,java_order,java,order,inventory-java:8082,inventory-java:8082,2026-06-24 12:35:31,2026-06-24T07:05:31Z,1782284731,cooldown,2070.0,223248704.0,{}
1,B,RSS Memory Footprint,java_order,java,order,order-java:8083,order-java:8083,2026-06-24 12:35:31,2026-06-24T07:05:31Z,1782284731,cooldown,2070.0,320528112.0,{}
1,B,RSS Memory Footprint,java_order,java,order,warehouse-java-twin:9084,warehouse-java-twin:9084,2026-06-24 12:35:31,2026-06-24T07:05:31Z,1782284731,cooldown,2070.0,335634736.0,{}
1,B,RSS Memory Footprint,java_order,java,order,inventory-java:8082,inventory-java:8082,2026-06-24 12:35:46,2026-06-24T07:05:46Z,1782284746,cooldown,2085.0,231637312.0,{}
1,B,RSS Memory Footprint,java_order,java,order,order-java:8083,order-java:8083,2026-06-24 12:35:46,2026-06-24T07:05:46Z,1782284746,cooldown,2085.0,221501256.0,{}
1,B,RSS Memory Footprint,java_order,java,order,warehouse-java-twin:9084,warehouse-java-twin:9084,2026-06-24 12:35:46,2026-06-24T07:05:46Z,1782284746,cooldown,2085.0,337731888.0,{}
1,B,RSS Memory Footprint,java_order,java,order,inventory-java:8082,inventory-java:8082,2026-06-24 12:36:01,2026-06-24T07:06:01Z,1782284761,post_test,2100.0,235832640.0,{}
1,B,RSS Memory Footprint,java_order,java,order,order-java:8083,order-java:8083,2026-06-24 12:36:01,2026-06-24T07:06:01Z,1782284761,post_test,2100.0,251914824.0,{}
1,B,RSS Memory Footprint,java_order,java,order,warehouse-java-twin:9084,warehouse-java-twin:9084,2026-06-24 12:36:01,2026-06-24T07:06:01Z,1782284761,post_test,2100.0,340877616.0,{}
