grafana_panel_id,grafana_ref_id,grafana_panel_title,segment_label,service_type,benchmark_type,instance,service_label,timestamp_local,timestamp_utc,timestamp_unix,load_phase,offset_seconds,value,prom_labels_json
1,A,RSS Memory Footprint,go_inventory,go,inventory,inventory-go-twin:9082,inventory-go-twin:9082,2026-06-24 12:41:12,2026-06-24T07:11:12Z,1782285072,warmup,0.0,29769728.0,"{""__name__"": ""process_resident_memory_bytes""}"
1,A,RSS Memory Footprint,go_inventory,go,inventory,order-go-twin:9083,order-go-twin:9083,2026-06-24 12:41:12,2026-06-24T07:11:12Z,1782285072,warmup,0.0,32190464.0,"{""__name__"": ""process_resident_memory_bytes""}"
1,A,RSS Memory Footprint,go_inventory,go,inventory,warehouse-go:8084,warehouse-go:8084,2026-06-24 12:41:12,2026-06-24T07:11:12Z,1782285072,warmup,0.0,36982784.0,"{""__name__"": ""process_resident_memory_bytes""}"
1,A,RSS Memory Footprint,go_inventory,go,inventory,inventory-go-twin:9082,inventory-go-twin:9082,2026-06-24 12:41:27,2026-06-24T07:11:27Z,1782285087,warmup,15.0,29769728.0,"{""__name__"": ""process_resident_memory_bytes""}"
1,A,RSS Memory Footprint,go_inventory,go,inventory,order-go-twin:9083,order-go-twin:9083,2026-06-24 12:41:27,2026-06-24T07:11:27Z,1782285087,warmup,15.0,32845824.0,"{""__name__"": ""process_resident_memory_bytes""}"
1,A,RSS Memory Footprint,go_inventory,go,inventory,warehouse-go:8084,warehouse-go:8084,2026-06-24 12:41:27,2026-06-24T07:11:27Z,1782285087,warmup,15.0,37376000.0,"{""__name__"": ""process_resident_memory_bytes""}"
1,A,RSS Memory Footprint,go_inventory,go,inventory,inventory-go-twin:9082,inventory-go-twin:9082,2026-06-24 12:41:42,2026-06-24T07:11:42Z,1782285102,warmup,30.0,29769728.0,"{""__name__"": ""process_resident_memory_bytes""}"
1,A,RSS Memory Footprint,go_inventory,go,inventory,order-go-twin:9083,order-go-twin:9083,2026-06-24 12:41:42,2026-06-24T07:11:42Z,1782285102,warmup,30.0,32845824.0,"{""__name__"": ""process_resident_memory_bytes""}"
1,A,RSS Memory Footprint,go_inventory,go,inventory,warehouse-go:8084,warehouse-go:8084,2026-06-24 12:41:42,2026-06-24T07:11:42Z,1782285102,warmup,30.0,37376000.0,"{""__name__"": ""process_resident_memory_bytes""}"
1,A,RSS Memory Footprint,go_inventory,go,inventory,inventory-go-twin:9082,inventory-go-twin:9082,2026-06-24 12:41:57,2026-06-24T07:11:57Z,1782285117,warmup,45.0,29769728.0,"{""__name__"": ""process_resident_memory_bytes""}"
1,A,RSS Memory Footprint,go_inventory,go,inventory,order-go-twin:9083,order-go-twin:9083,2026-06-24 12:41:57,2026-06-24T07:11:57Z,1782285117,warmup,45.0,32133120.0,"{""__name__"": ""process_resident_memory_bytes""}"
1,A,RSS Memory Footprint,go_inventory,go,inventory,warehouse-go:8084,warehouse-go:8084,2026-06-24 12:41:57,2026-06-24T07:11:57Z,1782285117,warmup,45.0,37376000.0,"{""__name__"": ""process_resident_memory_bytes""}"
1,A,RSS Memory Footprint,go_inventory,go,inventory,inventory-go-twin:9082,inventory-go-twin:9082,2026-06-24 12:42:12,2026-06-24T07:12:12Z,1782285132,warmup,60.0,29900800.0,"{""__name__"": ""process_resident_memory_bytes""}"
1,A,RSS Memory Footprint,go_inventory,go,inventory,order-go-twin:9083,order-go-twin:9083,2026-06-24 12:42:12,2026-06-24T07:12:12Z,1782285132,warmup,60.0,32133120.0,"{""__name__"": ""process_resident_memory_bytes""}"
1,A,RSS Memory Footprint,go_inventory,go,inventory,warehouse-go:8084,warehouse-go:8084,2026-06-24 12:42:12,2026-06-24T07:12:12Z,1782285132,warmup,60.0,37507072.0,"{""__name__"": ""process_resident_memory_bytes""}"
1,A,RSS Memory Footprint,go_inventory,go,inventory,inventory-go-twin:9082,inventory-go-twin:9082,2026-06-24 12:42:27,2026-06-24T07:12:27Z,1782285147,warmup,75.0,29900800.0,"{""__name__"": ""process_resident_memory_bytes""}"
1,A,RSS Memory Footprint,go_inventory,go,inventory,order-go-twin:9083,order-go-twin:9083,2026-06-24 12:42:27,2026-06-24T07:12:27Z,1782285147,warmup,75.0,32133120.0,"{""__name__"": ""process_resident_memory_bytes""}"
1,A,RSS Memory Footprint,go_inventory,go,inventory,warehouse-go:8084,warehouse-go:8084,2026-06-24 12:42:27,2026-06-24T07:12:27Z,1782285147,warmup,75.0,37638144.0,"{""__name__"": ""process_resident_memory_bytes""}"
1,A,RSS Memory Footprint,go_inventory,go,inventory,inventory-go-twin:9082,inventory-go-twin:9082,2026-06-24 12:42:42,2026-06-24T07:12:42Z,1782285162,warmup,90.0,29900800.0,"{""__name__"": ""process_resident_memory_bytes""}"
1,A,RSS Memory Footprint,go_inventory,go,inventory,order-go-twin:9083,order-go-twin:9083,2026-06-24 12:42:42,2026-06-24T07:12:42Z,1782285162,warmup,90.0,32133120.0,"{""__name__"": ""process_resident_memory_bytes""}"
1,A,RSS Memory Footprint,go_inventory,go,inventory,warehouse-go:8084,warehouse-go:8084,2026-06-24 12:42:42,2026-06-24T07:12:42Z,1782285162,warmup,90.0,37638144.0,"{""__name__"": ""process_resident_memory_bytes""}"
1,A,RSS Memory Footprint,go_inventory,go,inventory,inventory-go-twin:9082,inventory-go-twin:9082,2026-06-24 12:42:57,2026-06-24T07:12:57Z,1782285177,warmup,105.0,29900800.0,"{""__name__"": ""process_resident_memory_bytes""}"
1,A,RSS Memory Footprint,go_inventory,go,inventory,order-go-twin:9083,order-go-twin:9083,2026-06-24 12:42:57,2026-06-24T07:12:57Z,1782285177,warmup,105.0,32133120.0,"{""__name__"": ""process_resident_memory_bytes""}"
1,A,RSS Memory Footprint,go_inventory,go,inventory,warehouse-go:8084,warehouse-go:8084,2026-06-24 12:42:57,2026-06-24T07:12:57Z,1782285177,warmup,105.0,37638144.0,"{""__name__"": ""process_resident_memory_bytes""}"
1,A,RSS Memory Footprint,go_inventory,go,inventory,inventory-go-twin:9082,inventory-go-twin:9082,2026-06-24 12:43:12,2026-06-24T07:13:12Z,1782285192,warmup,120.0,29900800.0,"{""__name__"": ""process_resident_memory_bytes""}"
1,A,RSS Memory Footprint,go_inventory,go,inventory,order-go-twin:9083,order-go-twin:9083,2026-06-24 12:43:12,2026-06-24T07:13:12Z,1782285192,warmup,120.0,32133120.0,"{""__name__"": ""process_resident_memory_bytes""}"
1,A,RSS Memory Footprint,go_inventory,go,inventory,warehouse-go:8084,warehouse-go:8084,2026-06-24 12:43:12,2026-06-24T07:13:12Z,1782285192,warmup,120.0,37900288.0,"{""__name__"": ""process_resident_memory_bytes""}"
1,A,RSS Memory Footprint,go_inventory,go,inventory,inventory-go-twin:9082,inventory-go-twin:9082,2026-06-24 12:43:27,2026-06-24T07:13:27Z,1782285207,warmup,135.0,29896704.0,"{""__name__"": ""process_resident_memory_bytes""}"
1,A,RSS Memory Footprint,go_inventory,go,inventory,order-go-twin:9083,order-go-twin:9083,2026-06-24 12:43:27,2026-06-24T07:13:27Z,1782285207,warmup,135.0,32133120.0,"{""__name__"": ""process_resident_memory_bytes""}"
1,A,RSS Memory Footprint,go_inventory,go,inventory,warehouse-go:8084,warehouse-go:8084,2026-06-24 12:43:27,2026-06-24T07:13:27Z,1782285207,warmup,135.0,37900288.0,"{""__name__"": ""process_resident_memory_bytes""}"
1,A,RSS Memory Footprint,go_inventory,go,inventory,inventory-go-twin:9082,inventory-go-twin:9082,2026-06-24 12:43:42,2026-06-24T07:13:42Z,1782285222,warmup,150.0,29896704.0,"{""__name__"": ""process_resident_memory_bytes""}"
1,A,RSS Memory Footprint,go_inventory,go,inventory,order-go-twin:9083,order-go-twin:9083,2026-06-24 12:43:42,2026-06-24T07:13:42Z,1782285222,warmup,150.0,32133120.0,"{""__name__"": ""process_resident_memory_bytes""}"
1,A,RSS Memory Footprint,go_inventory,go,inventory,warehouse-go:8084,warehouse-go:8084,2026-06-24 12:43:42,2026-06-24T07:13:42Z,1782285222,warmup,150.0,37900288.0,"{""__name__"": ""process_resident_memory_bytes""}"
1,A,RSS Memory Footprint,go_inventory,go,inventory,inventory-go-twin:9082,inventory-go-twin:9082,2026-06-24 12:43:57,2026-06-24T07:13:57Z,1782285237,warmup,165.0,29896704.0,"{""__name__"": ""process_resident_memory_bytes""}"
1,A,RSS Memory Footprint,go_inventory,go,inventory,order-go-twin:9083,order-go-twin:9083,2026-06-24 12:43:57,2026-06-24T07:13:57Z,1782285237,warmup,165.0,32133120.0,"{""__name__"": ""process_resident_memory_bytes""}"
1,A,RSS Memory Footprint,go_inventory,go,inventory,warehouse-go:8084,warehouse-go:8084,2026-06-24 12:43:57,2026-06-24T07:13:57Z,1782285237,warmup,165.0,37900288.0,"{""__name__"": ""process_resident_memory_bytes""}"
1,A,RSS Memory Footprint,go_inventory,go,inventory,inventory-go-twin:9082,inventory-go-twin:9082,2026-06-24 12:44:12,2026-06-24T07:14:12Z,1782285252,warmup,180.0,30027776.0,"{""__name__"": ""process_resident_memory_bytes""}"
1,A,RSS Memory Footprint,go_inventory,go,inventory,order-go-twin:9083,order-go-twin:9083,2026-06-24 12:44:12,2026-06-24T07:14:12Z,1782285252,warmup,180.0,32133120.0,"{""__name__"": ""process_resident_memory_bytes""}"
1,A,RSS Memory Footprint,go_inventory,go,inventory,warehouse-go:8084,warehouse-go:8084,2026-06-24 12:44:12,2026-06-24T07:14:12Z,1782285252,warmup,180.0,38555648.0,"{""__name__"": ""process_resident_memory_bytes""}"
1,A,RSS Memory Footprint,go_inventory,go,inventory,inventory-go-twin:9082,inventory-go-twin:9082,2026-06-24 12:44:27,2026-06-24T07:14:27Z,1782285267,warmup,195.0,30158848.0,"{""__name__"": ""process_resident_memory_bytes""}"
1,A,RSS Memory Footprint,go_inventory,go,inventory,order-go-twin:9083,order-go-twin:9083,2026-06-24 12:44:27,2026-06-24T07:14:27Z,1782285267,warmup,195.0,32133120.0,"{""__name__"": ""process_resident_memory_bytes""}"
1,A,RSS Memory Footprint,go_inventory,go,inventory,warehouse-go:8084,warehouse-go:8084,2026-06-24 12:44:27,2026-06-24T07:14:27Z,1782285267,warmup,195.0,39079936.0,"{""__name__"": ""process_resident_memory_bytes""}"
1,A,RSS Memory Footprint,go_inventory,go,inventory,inventory-go-twin:9082,inventory-go-twin:9082,2026-06-24 12:44:42,2026-06-24T07:14:42Z,1782285282,warmup,210.0,29597696.0,"{""__name__"": ""process_resident_memory_bytes""}"
1,A,RSS Memory Footprint,go_inventory,go,inventory,order-go-twin:9083,order-go-twin:9083,2026-06-24 12:44:42,2026-06-24T07:14:42Z,1782285282,warmup,210.0,32133120.0,"{""__name__"": ""process_resident_memory_bytes""}"
1,A,RSS Memory Footprint,go_inventory,go,inventory,warehouse-go:8084,warehouse-go:8084,2026-06-24 12:44:42,2026-06-24T07:14:42Z,1782285282,warmup,210.0,39211008.0,"{""__name__"": ""process_resident_memory_bytes""}"
1,A,RSS Memory Footprint,go_inventory,go,inventory,inventory-go-twin:9082,inventory-go-twin:9082,2026-06-24 12:44:57,2026-06-24T07:14:57Z,1782285297,warmup,225.0,29597696.0,"{""__name__"": ""process_resident_memory_bytes""}"
1,A,RSS Memory Footprint,go_inventory,go,inventory,order-go-twin:9083,order-go-twin:9083,2026-06-24 12:44:57,2026-06-24T07:14:57Z,1782285297,warmup,225.0,32133120.0,"{""__name__"": ""process_resident_memory_bytes""}"
1,A,RSS Memory Footprint,go_inventory,go,inventory,warehouse-go:8084,warehouse-go:8084,2026-06-24 12:44:57,2026-06-24T07:14:57Z,1782285297,warmup,225.0,39342080.0,"{""__name__"": ""process_resident_memory_bytes""}"
1,A,RSS Memory Footprint,go_inventory,go,inventory,inventory-go-twin:9082,inventory-go-twin:9082,2026-06-24 12:45:12,2026-06-24T07:15:12Z,1782285312,warmup,240.0,29597696.0,"{""__name__"": ""process_resident_memory_bytes""}"
1,A,RSS Memory Footprint,go_inventory,go,inventory,order-go-twin:9083,order-go-twin:9083,2026-06-24 12:45:12,2026-06-24T07:15:12Z,1782285312,warmup,240.0,32133120.0,"{""__name__"": ""process_resident_memory_bytes""}"
1,A,RSS Memory Footprint,go_inventory,go,inventory,warehouse-go:8084,warehouse-go:8084,2026-06-24 12:45:12,2026-06-24T07:15:12Z,1782285312,warmup,240.0,39473152.0,"{""__name__"": ""process_resident_memory_bytes""}"
1,A,RSS Memory Footprint,go_inventory,go,inventory,inventory-go-twin:9082,inventory-go-twin:9082,2026-06-24 12:45:27,2026-06-24T07:15:27Z,1782285327,warmup,255.0,29597696.0,"{""__name__"": ""process_resident_memory_bytes""}"
1,A,RSS Memory Footprint,go_inventory,go,inventory,order-go-twin:9083,order-go-twin:9083,2026-06-24 12:45:27,2026-06-24T07:15:27Z,1782285327,warmup,255.0,32133120.0,"{""__name__"": ""process_resident_memory_bytes""}"
1,A,RSS Memory Footprint,go_inventory,go,inventory,warehouse-go:8084,warehouse-go:8084,2026-06-24 12:45:27,2026-06-24T07:15:27Z,1782285327,warmup,255.0,39473152.0,"{""__name__"": ""process_resident_memory_bytes""}"
1,A,RSS Memory Footprint,go_inventory,go,inventory,inventory-go-twin:9082,inventory-go-twin:9082,2026-06-24 12:45:42,2026-06-24T07:15:42Z,1782285342,warmup,270.0,29990912.0,"{""__name__"": ""process_resident_memory_bytes""}"
1,A,RSS Memory Footprint,go_inventory,go,inventory,order-go-twin:9083,order-go-twin:9083,2026-06-24 12:45:42,2026-06-24T07:15:42Z,1782285342,warmup,270.0,32133120.0,"{""__name__"": ""process_resident_memory_bytes""}"
1,A,RSS Memory Footprint,go_inventory,go,inventory,warehouse-go:8084,warehouse-go:8084,2026-06-24 12:45:42,2026-06-24T07:15:42Z,1782285342,warmup,270.0,39604224.0,"{""__name__"": ""process_resident_memory_bytes""}"
1,A,RSS Memory Footprint,go_inventory,go,inventory,inventory-go-twin:9082,inventory-go-twin:9082,2026-06-24 12:45:57,2026-06-24T07:15:57Z,1782285357,warmup,285.0,29990912.0,"{""__name__"": ""process_resident_memory_bytes""}"
1,A,RSS Memory Footprint,go_inventory,go,inventory,order-go-twin:9083,order-go-twin:9083,2026-06-24 12:45:57,2026-06-24T07:15:57Z,1782285357,warmup,285.0,32133120.0,"{""__name__"": ""process_resident_memory_bytes""}"
1,A,RSS Memory Footprint,go_inventory,go,inventory,warehouse-go:8084,warehouse-go:8084,2026-06-24 12:45:57,2026-06-24T07:15:57Z,1782285357,warmup,285.0,39604224.0,"{""__name__"": ""process_resident_memory_bytes""}"
1,A,RSS Memory Footprint,go_inventory,go,inventory,inventory-go-twin:9082,inventory-go-twin:9082,2026-06-24 12:46:12,2026-06-24T07:16:12Z,1782285372,ramp_1,300.0,29990912.0,"{""__name__"": ""process_resident_memory_bytes""}"
1,A,RSS Memory Footprint,go_inventory,go,inventory,order-go-twin:9083,order-go-twin:9083,2026-06-24 12:46:12,2026-06-24T07:16:12Z,1782285372,ramp_1,300.0,32133120.0,"{""__name__"": ""process_resident_memory_bytes""}"
1,A,RSS Memory Footprint,go_inventory,go,inventory,warehouse-go:8084,warehouse-go:8084,2026-06-24 12:46:12,2026-06-24T07:16:12Z,1782285372,ramp_1,300.0,40390656.0,"{""__name__"": ""process_resident_memory_bytes""}"
1,A,RSS Memory Footprint,go_inventory,go,inventory,inventory-go-twin:9082,inventory-go-twin:9082,2026-06-24 12:46:27,2026-06-24T07:16:27Z,1782285387,ramp_1,315.0,29990912.0,"{""__name__"": ""process_resident_memory_bytes""}"
1,A,RSS Memory Footprint,go_inventory,go,inventory,order-go-twin:9083,order-go-twin:9083,2026-06-24 12:46:27,2026-06-24T07:16:27Z,1782285387,ramp_1,315.0,32133120.0,"{""__name__"": ""process_resident_memory_bytes""}"
1,A,RSS Memory Footprint,go_inventory,go,inventory,warehouse-go:8084,warehouse-go:8084,2026-06-24 12:46:27,2026-06-24T07:16:27Z,1782285387,ramp_1,315.0,40390656.0,"{""__name__"": ""process_resident_memory_bytes""}"
1,A,RSS Memory Footprint,go_inventory,go,inventory,inventory-go-twin:9082,inventory-go-twin:9082,2026-06-24 12:46:42,2026-06-24T07:16:42Z,1782285402,ramp_1,330.0,29990912.0,"{""__name__"": ""process_resident_memory_bytes""}"
1,A,RSS Memory Footprint,go_inventory,go,inventory,order-go-twin:9083,order-go-twin:9083,2026-06-24 12:46:42,2026-06-24T07:16:42Z,1782285402,ramp_1,330.0,32133120.0,"{""__name__"": ""process_resident_memory_bytes""}"
1,A,RSS Memory Footprint,go_inventory,go,inventory,warehouse-go:8084,warehouse-go:8084,2026-06-24 12:46:42,2026-06-24T07:16:42Z,1782285402,ramp_1,330.0,40710144.0,"{""__name__"": ""process_resident_memory_bytes""}"
1,A,RSS Memory Footprint,go_inventory,go,inventory,inventory-go-twin:9082,inventory-go-twin:9082,2026-06-24 12:46:57,2026-06-24T07:16:57Z,1782285417,ramp_1,345.0,30253056.0,"{""__name__"": ""process_resident_memory_bytes""}"
1,A,RSS Memory Footprint,go_inventory,go,inventory,order-go-twin:9083,order-go-twin:9083,2026-06-24 12:46:57,2026-06-24T07:16:57Z,1782285417,ramp_1,345.0,32133120.0,"{""__name__"": ""process_resident_memory_bytes""}"
1,A,RSS Memory Footprint,go_inventory,go,inventory,warehouse-go:8084,warehouse-go:8084,2026-06-24 12:46:57,2026-06-24T07:16:57Z,1782285417,ramp_1,345.0,40710144.0,"{""__name__"": ""process_resident_memory_bytes""}"
1,A,RSS Memory Footprint,go_inventory,go,inventory,inventory-go-twin:9082,inventory-go-twin:9082,2026-06-24 12:47:12,2026-06-24T07:17:12Z,1782285432,ramp_1,360.0,30384128.0,"{""__name__"": ""process_resident_memory_bytes""}"
1,A,RSS Memory Footprint,go_inventory,go,inventory,order-go-twin:9083,order-go-twin:9083,2026-06-24 12:47:12,2026-06-24T07:17:12Z,1782285432,ramp_1,360.0,32133120.0,"{""__name__"": ""process_resident_memory_bytes""}"
1,A,RSS Memory Footprint,go_inventory,go,inventory,warehouse-go:8084,warehouse-go:8084,2026-06-24 12:47:12,2026-06-24T07:17:12Z,1782285432,ramp_1,360.0,39002112.0,"{""__name__"": ""process_resident_memory_bytes""}"
1,A,RSS Memory Footprint,go_inventory,go,inventory,inventory-go-twin:9082,inventory-go-twin:9082,2026-06-24 12:47:27,2026-06-24T07:17:27Z,1782285447,ramp_1,375.0,30384128.0,"{""__name__"": ""process_resident_memory_bytes""}"
1,A,RSS Memory Footprint,go_inventory,go,inventory,order-go-twin:9083,order-go-twin:9083,2026-06-24 12:47:27,2026-06-24T07:17:27Z,1782285447,ramp_1,375.0,32133120.0,"{""__name__"": ""process_resident_memory_bytes""}"
1,A,RSS Memory Footprint,go_inventory,go,inventory,warehouse-go:8084,warehouse-go:8084,2026-06-24 12:47:27,2026-06-24T07:17:27Z,1782285447,ramp_1,375.0,39395328.0,"{""__name__"": ""process_resident_memory_bytes""}"
1,A,RSS Memory Footprint,go_inventory,go,inventory,inventory-go-twin:9082,inventory-go-twin:9082,2026-06-24 12:47:42,2026-06-24T07:17:42Z,1782285462,ramp_1,390.0,30384128.0,"{""__name__"": ""process_resident_memory_bytes""}"
1,A,RSS Memory Footprint,go_inventory,go,inventory,order-go-twin:9083,order-go-twin:9083,2026-06-24 12:47:42,2026-06-24T07:17:42Z,1782285462,ramp_1,390.0,32133120.0,"{""__name__"": ""process_resident_memory_bytes""}"
1,A,RSS Memory Footprint,go_inventory,go,inventory,warehouse-go:8084,warehouse-go:8084,2026-06-24 12:47:42,2026-06-24T07:17:42Z,1782285462,ramp_1,390.0,39395328.0,"{""__name__"": ""process_resident_memory_bytes""}"
1,A,RSS Memory Footprint,go_inventory,go,inventory,inventory-go-twin:9082,inventory-go-twin:9082,2026-06-24 12:47:57,2026-06-24T07:17:57Z,1782285477,ramp_1,405.0,30384128.0,"{""__name__"": ""process_resident_memory_bytes""}"
1,A,RSS Memory Footprint,go_inventory,go,inventory,order-go-twin:9083,order-go-twin:9083,2026-06-24 12:47:57,2026-06-24T07:17:57Z,1782285477,ramp_1,405.0,32133120.0,"{""__name__"": ""process_resident_memory_bytes""}"
1,A,RSS Memory Footprint,go_inventory,go,inventory,warehouse-go:8084,warehouse-go:8084,2026-06-24 12:47:57,2026-06-24T07:17:57Z,1782285477,ramp_1,405.0,38830080.0,"{""__name__"": ""process_resident_memory_bytes""}"
1,A,RSS Memory Footprint,go_inventory,go,inventory,inventory-go-twin:9082,inventory-go-twin:9082,2026-06-24 12:48:12,2026-06-24T07:18:12Z,1782285492,ramp_1,420.0,30384128.0,"{""__name__"": ""process_resident_memory_bytes""}"
1,A,RSS Memory Footprint,go_inventory,go,inventory,order-go-twin:9083,order-go-twin:9083,2026-06-24 12:48:12,2026-06-24T07:18:12Z,1782285492,ramp_1,420.0,32133120.0,"{""__name__"": ""process_resident_memory_bytes""}"
1,A,RSS Memory Footprint,go_inventory,go,inventory,warehouse-go:8084,warehouse-go:8084,2026-06-24 12:48:12,2026-06-24T07:18:12Z,1782285492,ramp_1,420.0,38961152.0,"{""__name__"": ""process_resident_memory_bytes""}"
1,A,RSS Memory Footprint,go_inventory,go,inventory,inventory-go-twin:9082,inventory-go-twin:9082,2026-06-24 12:48:27,2026-06-24T07:18:27Z,1782285507,ramp_1,435.0,31694848.0,"{""__name__"": ""process_resident_memory_bytes""}"
1,A,RSS Memory Footprint,go_inventory,go,inventory,order-go-twin:9083,order-go-twin:9083,2026-06-24 12:48:27,2026-06-24T07:18:27Z,1782285507,ramp_1,435.0,32133120.0,"{""__name__"": ""process_resident_memory_bytes""}"
1,A,RSS Memory Footprint,go_inventory,go,inventory,warehouse-go:8084,warehouse-go:8084,2026-06-24 12:48:27,2026-06-24T07:18:27Z,1782285507,ramp_1,435.0,38817792.0,"{""__name__"": ""process_resident_memory_bytes""}"
1,A,RSS Memory Footprint,go_inventory,go,inventory,inventory-go-twin:9082,inventory-go-twin:9082,2026-06-24 12:48:42,2026-06-24T07:18:42Z,1782285522,ramp_1,450.0,30175232.0,"{""__name__"": ""process_resident_memory_bytes""}"
1,A,RSS Memory Footprint,go_inventory,go,inventory,order-go-twin:9083,order-go-twin:9083,2026-06-24 12:48:42,2026-06-24T07:18:42Z,1782285522,ramp_1,450.0,32133120.0,"{""__name__"": ""process_resident_memory_bytes""}"
1,A,RSS Memory Footprint,go_inventory,go,inventory,warehouse-go:8084,warehouse-go:8084,2026-06-24 12:48:42,2026-06-24T07:18:42Z,1782285522,ramp_1,450.0,38817792.0,"{""__name__"": ""process_resident_memory_bytes""}"
1,A,RSS Memory Footprint,go_inventory,go,inventory,inventory-go-twin:9082,inventory-go-twin:9082,2026-06-24 12:48:57,2026-06-24T07:18:57Z,1782285537,ramp_1,465.0,30961664.0,"{""__name__"": ""process_resident_memory_bytes""}"
1,A,RSS Memory Footprint,go_inventory,go,inventory,order-go-twin:9083,order-go-twin:9083,2026-06-24 12:48:57,2026-06-24T07:18:57Z,1782285537,ramp_1,465.0,32133120.0,"{""__name__"": ""process_resident_memory_bytes""}"
1,A,RSS Memory Footprint,go_inventory,go,inventory,warehouse-go:8084,warehouse-go:8084,2026-06-24 12:48:57,2026-06-24T07:18:57Z,1782285537,ramp_1,465.0,38817792.0,"{""__name__"": ""process_resident_memory_bytes""}"
1,A,RSS Memory Footprint,go_inventory,go,inventory,inventory-go-twin:9082,inventory-go-twin:9082,2026-06-24 12:49:12,2026-06-24T07:19:12Z,1782285552,ramp_1,480.0,31092736.0,"{""__name__"": ""process_resident_memory_bytes""}"
1,A,RSS Memory Footprint,go_inventory,go,inventory,order-go-twin:9083,order-go-twin:9083,2026-06-24 12:49:12,2026-06-24T07:19:12Z,1782285552,ramp_1,480.0,32133120.0,"{""__name__"": ""process_resident_memory_bytes""}"
1,A,RSS Memory Footprint,go_inventory,go,inventory,warehouse-go:8084,warehouse-go:8084,2026-06-24 12:49:12,2026-06-24T07:19:12Z,1782285552,ramp_1,480.0,38817792.0,"{""__name__"": ""process_resident_memory_bytes""}"
1,A,RSS Memory Footprint,go_inventory,go,inventory,inventory-go-twin:9082,inventory-go-twin:9082,2026-06-24 12:49:27,2026-06-24T07:19:27Z,1782285567,ramp_1,495.0,31309824.0,"{""__name__"": ""process_resident_memory_bytes""}"
1,A,RSS Memory Footprint,go_inventory,go,inventory,order-go-twin:9083,order-go-twin:9083,2026-06-24 12:49:27,2026-06-24T07:19:27Z,1782285567,ramp_1,495.0,32133120.0,"{""__name__"": ""process_resident_memory_bytes""}"
1,A,RSS Memory Footprint,go_inventory,go,inventory,warehouse-go:8084,warehouse-go:8084,2026-06-24 12:49:27,2026-06-24T07:19:27Z,1782285567,ramp_1,495.0,38817792.0,"{""__name__"": ""process_resident_memory_bytes""}"
1,A,RSS Memory Footprint,go_inventory,go,inventory,inventory-go-twin:9082,inventory-go-twin:9082,2026-06-24 12:49:42,2026-06-24T07:19:42Z,1782285582,ramp_1,510.0,30806016.0,"{""__name__"": ""process_resident_memory_bytes""}"
1,A,RSS Memory Footprint,go_inventory,go,inventory,order-go-twin:9083,order-go-twin:9083,2026-06-24 12:49:42,2026-06-24T07:19:42Z,1782285582,ramp_1,510.0,32133120.0,"{""__name__"": ""process_resident_memory_bytes""}"
1,A,RSS Memory Footprint,go_inventory,go,inventory,warehouse-go:8084,warehouse-go:8084,2026-06-24 12:49:42,2026-06-24T07:19:42Z,1782285582,ramp_1,510.0,38817792.0,"{""__name__"": ""process_resident_memory_bytes""}"
1,A,RSS Memory Footprint,go_inventory,go,inventory,inventory-go-twin:9082,inventory-go-twin:9082,2026-06-24 12:49:57,2026-06-24T07:19:57Z,1782285597,ramp_1,525.0,30806016.0,"{""__name__"": ""process_resident_memory_bytes""}"
1,A,RSS Memory Footprint,go_inventory,go,inventory,order-go-twin:9083,order-go-twin:9083,2026-06-24 12:49:57,2026-06-24T07:19:57Z,1782285597,ramp_1,525.0,32133120.0,"{""__name__"": ""process_resident_memory_bytes""}"
1,A,RSS Memory Footprint,go_inventory,go,inventory,warehouse-go:8084,warehouse-go:8084,2026-06-24 12:49:57,2026-06-24T07:19:57Z,1782285597,ramp_1,525.0,38637568.0,"{""__name__"": ""process_resident_memory_bytes""}"
1,A,RSS Memory Footprint,go_inventory,go,inventory,inventory-go-twin:9082,inventory-go-twin:9082,2026-06-24 12:50:12,2026-06-24T07:20:12Z,1782285612,ramp_1,540.0,29581312.0,"{""__name__"": ""process_resident_memory_bytes""}"
1,A,RSS Memory Footprint,go_inventory,go,inventory,order-go-twin:9083,order-go-twin:9083,2026-06-24 12:50:12,2026-06-24T07:20:12Z,1782285612,ramp_1,540.0,32133120.0,"{""__name__"": ""process_resident_memory_bytes""}"
1,A,RSS Memory Footprint,go_inventory,go,inventory,warehouse-go:8084,warehouse-go:8084,2026-06-24 12:50:12,2026-06-24T07:20:12Z,1782285612,ramp_1,540.0,38637568.0,"{""__name__"": ""process_resident_memory_bytes""}"
1,A,RSS Memory Footprint,go_inventory,go,inventory,inventory-go-twin:9082,inventory-go-twin:9082,2026-06-24 12:50:27,2026-06-24T07:20:27Z,1782285627,ramp_1,555.0,29818880.0,"{""__name__"": ""process_resident_memory_bytes""}"
1,A,RSS Memory Footprint,go_inventory,go,inventory,order-go-twin:9083,order-go-twin:9083,2026-06-24 12:50:27,2026-06-24T07:20:27Z,1782285627,ramp_1,555.0,31989760.0,"{""__name__"": ""process_resident_memory_bytes""}"
1,A,RSS Memory Footprint,go_inventory,go,inventory,warehouse-go:8084,warehouse-go:8084,2026-06-24 12:50:27,2026-06-24T07:20:27Z,1782285627,ramp_1,555.0,37253120.0,"{""__name__"": ""process_resident_memory_bytes""}"
1,A,RSS Memory Footprint,go_inventory,go,inventory,inventory-go-twin:9082,inventory-go-twin:9082,2026-06-24 12:50:42,2026-06-24T07:20:42Z,1782285642,ramp_1,570.0,31240192.0,"{""__name__"": ""process_resident_memory_bytes""}"
1,A,RSS Memory Footprint,go_inventory,go,inventory,order-go-twin:9083,order-go-twin:9083,2026-06-24 12:50:42,2026-06-24T07:20:42Z,1782285642,ramp_1,570.0,31989760.0,"{""__name__"": ""process_resident_memory_bytes""}"
1,A,RSS Memory Footprint,go_inventory,go,inventory,warehouse-go:8084,warehouse-go:8084,2026-06-24 12:50:42,2026-06-24T07:20:42Z,1782285642,ramp_1,570.0,37351424.0,"{""__name__"": ""process_resident_memory_bytes""}"
1,A,RSS Memory Footprint,go_inventory,go,inventory,inventory-go-twin:9082,inventory-go-twin:9082,2026-06-24 12:50:57,2026-06-24T07:20:57Z,1782285657,ramp_1,585.0,31223808.0,"{""__name__"": ""process_resident_memory_bytes""}"
1,A,RSS Memory Footprint,go_inventory,go,inventory,order-go-twin:9083,order-go-twin:9083,2026-06-24 12:50:57,2026-06-24T07:20:57Z,1782285657,ramp_1,585.0,31989760.0,"{""__name__"": ""process_resident_memory_bytes""}"
1,A,RSS Memory Footprint,go_inventory,go,inventory,warehouse-go:8084,warehouse-go:8084,2026-06-24 12:50:57,2026-06-24T07:20:57Z,1782285657,ramp_1,585.0,37351424.0,"{""__name__"": ""process_resident_memory_bytes""}"
1,A,RSS Memory Footprint,go_inventory,go,inventory,inventory-go-twin:9082,inventory-go-twin:9082,2026-06-24 12:51:12,2026-06-24T07:21:12Z,1782285672,ramp_2,600.0,31326208.0,"{""__name__"": ""process_resident_memory_bytes""}"
1,A,RSS Memory Footprint,go_inventory,go,inventory,order-go-twin:9083,order-go-twin:9083,2026-06-24 12:51:12,2026-06-24T07:21:12Z,1782285672,ramp_2,600.0,31989760.0,"{""__name__"": ""process_resident_memory_bytes""}"
1,A,RSS Memory Footprint,go_inventory,go,inventory,warehouse-go:8084,warehouse-go:8084,2026-06-24 12:51:12,2026-06-24T07:21:12Z,1782285672,ramp_2,600.0,37847040.0,"{""__name__"": ""process_resident_memory_bytes""}"
1,A,RSS Memory Footprint,go_inventory,go,inventory,inventory-go-twin:9082,inventory-go-twin:9082,2026-06-24 12:51:27,2026-06-24T07:21:27Z,1782285687,ramp_2,615.0,30650368.0,"{""__name__"": ""process_resident_memory_bytes""}"
1,A,RSS Memory Footprint,go_inventory,go,inventory,order-go-twin:9083,order-go-twin:9083,2026-06-24 12:51:27,2026-06-24T07:21:27Z,1782285687,ramp_2,615.0,31989760.0,"{""__name__"": ""process_resident_memory_bytes""}"
1,A,RSS Memory Footprint,go_inventory,go,inventory,warehouse-go:8084,warehouse-go:8084,2026-06-24 12:51:27,2026-06-24T07:21:27Z,1782285687,ramp_2,615.0,38240256.0,"{""__name__"": ""process_resident_memory_bytes""}"
1,A,RSS Memory Footprint,go_inventory,go,inventory,inventory-go-twin:9082,inventory-go-twin:9082,2026-06-24 12:51:42,2026-06-24T07:21:42Z,1782285702,ramp_2,630.0,30650368.0,"{""__name__"": ""process_resident_memory_bytes""}"
1,A,RSS Memory Footprint,go_inventory,go,inventory,order-go-twin:9083,order-go-twin:9083,2026-06-24 12:51:42,2026-06-24T07:21:42Z,1782285702,ramp_2,630.0,31989760.0,"{""__name__"": ""process_resident_memory_bytes""}"
1,A,RSS Memory Footprint,go_inventory,go,inventory,warehouse-go:8084,warehouse-go:8084,2026-06-24 12:51:42,2026-06-24T07:21:42Z,1782285702,ramp_2,630.0,38240256.0,"{""__name__"": ""process_resident_memory_bytes""}"
1,A,RSS Memory Footprint,go_inventory,go,inventory,inventory-go-twin:9082,inventory-go-twin:9082,2026-06-24 12:51:57,2026-06-24T07:21:57Z,1782285717,ramp_2,645.0,30056448.0,"{""__name__"": ""process_resident_memory_bytes""}"
1,A,RSS Memory Footprint,go_inventory,go,inventory,order-go-twin:9083,order-go-twin:9083,2026-06-24 12:51:57,2026-06-24T07:21:57Z,1782285717,ramp_2,645.0,31989760.0,"{""__name__"": ""process_resident_memory_bytes""}"
1,A,RSS Memory Footprint,go_inventory,go,inventory,warehouse-go:8084,warehouse-go:8084,2026-06-24 12:51:57,2026-06-24T07:21:57Z,1782285717,ramp_2,645.0,38240256.0,"{""__name__"": ""process_resident_memory_bytes""}"
1,A,RSS Memory Footprint,go_inventory,go,inventory,inventory-go-twin:9082,inventory-go-twin:9082,2026-06-24 12:52:12,2026-06-24T07:22:12Z,1782285732,ramp_2,660.0,30294016.0,"{""__name__"": ""process_resident_memory_bytes""}"
1,A,RSS Memory Footprint,go_inventory,go,inventory,order-go-twin:9083,order-go-twin:9083,2026-06-24 12:52:12,2026-06-24T07:22:12Z,1782285732,ramp_2,660.0,31989760.0,"{""__name__"": ""process_resident_memory_bytes""}"
1,A,RSS Memory Footprint,go_inventory,go,inventory,warehouse-go:8084,warehouse-go:8084,2026-06-24 12:52:12,2026-06-24T07:22:12Z,1782285732,ramp_2,660.0,38240256.0,"{""__name__"": ""process_resident_memory_bytes""}"
1,A,RSS Memory Footprint,go_inventory,go,inventory,inventory-go-twin:9082,inventory-go-twin:9082,2026-06-24 12:52:27,2026-06-24T07:22:27Z,1782285747,ramp_2,675.0,30674944.0,"{""__name__"": ""process_resident_memory_bytes""}"
1,A,RSS Memory Footprint,go_inventory,go,inventory,order-go-twin:9083,order-go-twin:9083,2026-06-24 12:52:27,2026-06-24T07:22:27Z,1782285747,ramp_2,675.0,31989760.0,"{""__name__"": ""process_resident_memory_bytes""}"
1,A,RSS Memory Footprint,go_inventory,go,inventory,warehouse-go:8084,warehouse-go:8084,2026-06-24 12:52:27,2026-06-24T07:22:27Z,1782285747,ramp_2,675.0,38371328.0,"{""__name__"": ""process_resident_memory_bytes""}"
1,A,RSS Memory Footprint,go_inventory,go,inventory,inventory-go-twin:9082,inventory-go-twin:9082,2026-06-24 12:52:42,2026-06-24T07:22:42Z,1782285762,ramp_2,690.0,30674944.0,"{""__name__"": ""process_resident_memory_bytes""}"
1,A,RSS Memory Footprint,go_inventory,go,inventory,order-go-twin:9083,order-go-twin:9083,2026-06-24 12:52:42,2026-06-24T07:22:42Z,1782285762,ramp_2,690.0,31989760.0,"{""__name__"": ""process_resident_memory_bytes""}"
1,A,RSS Memory Footprint,go_inventory,go,inventory,warehouse-go:8084,warehouse-go:8084,2026-06-24 12:52:42,2026-06-24T07:22:42Z,1782285762,ramp_2,690.0,38371328.0,"{""__name__"": ""process_resident_memory_bytes""}"
1,A,RSS Memory Footprint,go_inventory,go,inventory,inventory-go-twin:9082,inventory-go-twin:9082,2026-06-24 12:52:57,2026-06-24T07:22:57Z,1782285777,ramp_2,705.0,30912512.0,"{""__name__"": ""process_resident_memory_bytes""}"
1,A,RSS Memory Footprint,go_inventory,go,inventory,order-go-twin:9083,order-go-twin:9083,2026-06-24 12:52:57,2026-06-24T07:22:57Z,1782285777,ramp_2,705.0,31989760.0,"{""__name__"": ""process_resident_memory_bytes""}"
1,A,RSS Memory Footprint,go_inventory,go,inventory,warehouse-go:8084,warehouse-go:8084,2026-06-24 12:52:57,2026-06-24T07:22:57Z,1782285777,ramp_2,705.0,39288832.0,"{""__name__"": ""process_resident_memory_bytes""}"
1,A,RSS Memory Footprint,go_inventory,go,inventory,inventory-go-twin:9082,inventory-go-twin:9082,2026-06-24 12:53:12,2026-06-24T07:23:12Z,1782285792,ramp_2,720.0,31436800.0,"{""__name__"": ""process_resident_memory_bytes""}"
1,A,RSS Memory Footprint,go_inventory,go,inventory,order-go-twin:9083,order-go-twin:9083,2026-06-24 12:53:12,2026-06-24T07:23:12Z,1782285792,ramp_2,720.0,31989760.0,"{""__name__"": ""process_resident_memory_bytes""}"
1,A,RSS Memory Footprint,go_inventory,go,inventory,warehouse-go:8084,warehouse-go:8084,2026-06-24 12:53:12,2026-06-24T07:23:12Z,1782285792,ramp_2,720.0,39288832.0,"{""__name__"": ""process_resident_memory_bytes""}"
1,A,RSS Memory Footprint,go_inventory,go,inventory,inventory-go-twin:9082,inventory-go-twin:9082,2026-06-24 12:53:27,2026-06-24T07:23:27Z,1782285807,ramp_2,735.0,31698944.0,"{""__name__"": ""process_resident_memory_bytes""}"
1,A,RSS Memory Footprint,go_inventory,go,inventory,order-go-twin:9083,order-go-twin:9083,2026-06-24 12:53:27,2026-06-24T07:23:27Z,1782285807,ramp_2,735.0,31989760.0,"{""__name__"": ""process_resident_memory_bytes""}"
1,A,RSS Memory Footprint,go_inventory,go,inventory,warehouse-go:8084,warehouse-go:8084,2026-06-24 12:53:27,2026-06-24T07:23:27Z,1782285807,ramp_2,735.0,35749888.0,"{""__name__"": ""process_resident_memory_bytes""}"
1,A,RSS Memory Footprint,go_inventory,go,inventory,inventory-go-twin:9082,inventory-go-twin:9082,2026-06-24 12:53:42,2026-06-24T07:23:42Z,1782285822,ramp_2,750.0,31227904.0,"{""__name__"": ""process_resident_memory_bytes""}"
1,A,RSS Memory Footprint,go_inventory,go,inventory,order-go-twin:9083,order-go-twin:9083,2026-06-24 12:53:42,2026-06-24T07:23:42Z,1782285822,ramp_2,750.0,31989760.0,"{""__name__"": ""process_resident_memory_bytes""}"
1,A,RSS Memory Footprint,go_inventory,go,inventory,warehouse-go:8084,warehouse-go:8084,2026-06-24 12:53:42,2026-06-24T07:23:42Z,1782285822,ramp_2,750.0,35848192.0,"{""__name__"": ""process_resident_memory_bytes""}"
1,A,RSS Memory Footprint,go_inventory,go,inventory,inventory-go-twin:9082,inventory-go-twin:9082,2026-06-24 12:53:57,2026-06-24T07:23:57Z,1782285837,ramp_2,765.0,31993856.0,"{""__name__"": ""process_resident_memory_bytes""}"
1,A,RSS Memory Footprint,go_inventory,go,inventory,order-go-twin:9083,order-go-twin:9083,2026-06-24 12:53:57,2026-06-24T07:23:57Z,1782285837,ramp_2,765.0,31989760.0,"{""__name__"": ""process_resident_memory_bytes""}"
1,A,RSS Memory Footprint,go_inventory,go,inventory,warehouse-go:8084,warehouse-go:8084,2026-06-24 12:53:57,2026-06-24T07:23:57Z,1782285837,ramp_2,765.0,35848192.0,"{""__name__"": ""process_resident_memory_bytes""}"
1,A,RSS Memory Footprint,go_inventory,go,inventory,inventory-go-twin:9082,inventory-go-twin:9082,2026-06-24 12:54:12,2026-06-24T07:24:12Z,1782285852,ramp_2,780.0,31264768.0,"{""__name__"": ""process_resident_memory_bytes""}"
1,A,RSS Memory Footprint,go_inventory,go,inventory,order-go-twin:9083,order-go-twin:9083,2026-06-24 12:54:12,2026-06-24T07:24:12Z,1782285852,ramp_2,780.0,31989760.0,"{""__name__"": ""process_resident_memory_bytes""}"
1,A,RSS Memory Footprint,go_inventory,go,inventory,warehouse-go:8084,warehouse-go:8084,2026-06-24 12:54:12,2026-06-24T07:24:12Z,1782285852,ramp_2,780.0,35979264.0,"{""__name__"": ""process_resident_memory_bytes""}"
1,A,RSS Memory Footprint,go_inventory,go,inventory,inventory-go-twin:9082,inventory-go-twin:9082,2026-06-24 12:54:27,2026-06-24T07:24:27Z,1782285867,ramp_2,795.0,31883264.0,"{""__name__"": ""process_resident_memory_bytes""}"
1,A,RSS Memory Footprint,go_inventory,go,inventory,order-go-twin:9083,order-go-twin:9083,2026-06-24 12:54:27,2026-06-24T07:24:27Z,1782285867,ramp_2,795.0,31989760.0,"{""__name__"": ""process_resident_memory_bytes""}"
1,A,RSS Memory Footprint,go_inventory,go,inventory,warehouse-go:8084,warehouse-go:8084,2026-06-24 12:54:27,2026-06-24T07:24:27Z,1782285867,ramp_2,795.0,35528704.0,"{""__name__"": ""process_resident_memory_bytes""}"
1,A,RSS Memory Footprint,go_inventory,go,inventory,inventory-go-twin:9082,inventory-go-twin:9082,2026-06-24 12:54:42,2026-06-24T07:24:42Z,1782285882,ramp_2,810.0,30965760.0,"{""__name__"": ""process_resident_memory_bytes""}"
1,A,RSS Memory Footprint,go_inventory,go,inventory,order-go-twin:9083,order-go-twin:9083,2026-06-24 12:54:42,2026-06-24T07:24:42Z,1782285882,ramp_2,810.0,31989760.0,"{""__name__"": ""process_resident_memory_bytes""}"
1,A,RSS Memory Footprint,go_inventory,go,inventory,warehouse-go:8084,warehouse-go:8084,2026-06-24 12:54:42,2026-06-24T07:24:42Z,1782285882,ramp_2,810.0,35528704.0,"{""__name__"": ""process_resident_memory_bytes""}"
1,A,RSS Memory Footprint,go_inventory,go,inventory,inventory-go-twin:9082,inventory-go-twin:9082,2026-06-24 12:54:57,2026-06-24T07:24:57Z,1782285897,ramp_2,825.0,31854592.0,"{""__name__"": ""process_resident_memory_bytes""}"
1,A,RSS Memory Footprint,go_inventory,go,inventory,order-go-twin:9083,order-go-twin:9083,2026-06-24 12:54:57,2026-06-24T07:24:57Z,1782285897,ramp_2,825.0,31989760.0,"{""__name__"": ""process_resident_memory_bytes""}"
1,A,RSS Memory Footprint,go_inventory,go,inventory,warehouse-go:8084,warehouse-go:8084,2026-06-24 12:54:57,2026-06-24T07:24:57Z,1782285897,ramp_2,825.0,34795520.0,"{""__name__"": ""process_resident_memory_bytes""}"
1,A,RSS Memory Footprint,go_inventory,go,inventory,inventory-go-twin:9082,inventory-go-twin:9082,2026-06-24 12:55:12,2026-06-24T07:25:12Z,1782285912,ramp_2,840.0,31977472.0,"{""__name__"": ""process_resident_memory_bytes""}"
1,A,RSS Memory Footprint,go_inventory,go,inventory,order-go-twin:9083,order-go-twin:9083,2026-06-24 12:55:12,2026-06-24T07:25:12Z,1782285912,ramp_2,840.0,31989760.0,"{""__name__"": ""process_resident_memory_bytes""}"
1,A,RSS Memory Footprint,go_inventory,go,inventory,warehouse-go:8084,warehouse-go:8084,2026-06-24 12:55:12,2026-06-24T07:25:12Z,1782285912,ramp_2,840.0,34795520.0,"{""__name__"": ""process_resident_memory_bytes""}"
1,A,RSS Memory Footprint,go_inventory,go,inventory,inventory-go-twin:9082,inventory-go-twin:9082,2026-06-24 12:55:27,2026-06-24T07:25:27Z,1782285927,ramp_2,855.0,32239616.0,"{""__name__"": ""process_resident_memory_bytes""}"
1,A,RSS Memory Footprint,go_inventory,go,inventory,order-go-twin:9083,order-go-twin:9083,2026-06-24 12:55:27,2026-06-24T07:25:27Z,1782285927,ramp_2,855.0,31989760.0,"{""__name__"": ""process_resident_memory_bytes""}"
1,A,RSS Memory Footprint,go_inventory,go,inventory,warehouse-go:8084,warehouse-go:8084,2026-06-24 12:55:27,2026-06-24T07:25:27Z,1782285927,ramp_2,855.0,35057664.0,"{""__name__"": ""process_resident_memory_bytes""}"
1,A,RSS Memory Footprint,go_inventory,go,inventory,inventory-go-twin:9082,inventory-go-twin:9082,2026-06-24 12:55:42,2026-06-24T07:25:42Z,1782285942,ramp_2,870.0,32313344.0,"{""__name__"": ""process_resident_memory_bytes""}"
1,A,RSS Memory Footprint,go_inventory,go,inventory,order-go-twin:9083,order-go-twin:9083,2026-06-24 12:55:42,2026-06-24T07:25:42Z,1782285942,ramp_2,870.0,31989760.0,"{""__name__"": ""process_resident_memory_bytes""}"
1,A,RSS Memory Footprint,go_inventory,go,inventory,warehouse-go:8084,warehouse-go:8084,2026-06-24 12:55:42,2026-06-24T07:25:42Z,1782285942,ramp_2,870.0,35319808.0,"{""__name__"": ""process_resident_memory_bytes""}"
1,A,RSS Memory Footprint,go_inventory,go,inventory,inventory-go-twin:9082,inventory-go-twin:9082,2026-06-24 12:55:57,2026-06-24T07:25:57Z,1782285957,ramp_2,885.0,32292864.0,"{""__name__"": ""process_resident_memory_bytes""}"
1,A,RSS Memory Footprint,go_inventory,go,inventory,order-go-twin:9083,order-go-twin:9083,2026-06-24 12:55:57,2026-06-24T07:25:57Z,1782285957,ramp_2,885.0,31989760.0,"{""__name__"": ""process_resident_memory_bytes""}"
1,A,RSS Memory Footprint,go_inventory,go,inventory,warehouse-go:8084,warehouse-go:8084,2026-06-24 12:55:57,2026-06-24T07:25:57Z,1782285957,ramp_2,885.0,35975168.0,"{""__name__"": ""process_resident_memory_bytes""}"
1,A,RSS Memory Footprint,go_inventory,go,inventory,inventory-go-twin:9082,inventory-go-twin:9082,2026-06-24 12:56:12,2026-06-24T07:26:12Z,1782285972,ramp_3,900.0,32423936.0,"{""__name__"": ""process_resident_memory_bytes""}"
1,A,RSS Memory Footprint,go_inventory,go,inventory,order-go-twin:9083,order-go-twin:9083,2026-06-24 12:56:12,2026-06-24T07:26:12Z,1782285972,ramp_3,900.0,31989760.0,"{""__name__"": ""process_resident_memory_bytes""}"
1,A,RSS Memory Footprint,go_inventory,go,inventory,warehouse-go:8084,warehouse-go:8084,2026-06-24 12:56:12,2026-06-24T07:26:12Z,1782285972,ramp_3,900.0,36892672.0,"{""__name__"": ""process_resident_memory_bytes""}"
1,A,RSS Memory Footprint,go_inventory,go,inventory,inventory-go-twin:9082,inventory-go-twin:9082,2026-06-24 12:56:27,2026-06-24T07:26:27Z,1782285987,ramp_3,915.0,32059392.0,"{""__name__"": ""process_resident_memory_bytes""}"
1,A,RSS Memory Footprint,go_inventory,go,inventory,order-go-twin:9083,order-go-twin:9083,2026-06-24 12:56:27,2026-06-24T07:26:27Z,1782285987,ramp_3,915.0,31989760.0,"{""__name__"": ""process_resident_memory_bytes""}"
1,A,RSS Memory Footprint,go_inventory,go,inventory,warehouse-go:8084,warehouse-go:8084,2026-06-24 12:56:27,2026-06-24T07:26:27Z,1782285987,ramp_3,915.0,35954688.0,"{""__name__"": ""process_resident_memory_bytes""}"
1,A,RSS Memory Footprint,go_inventory,go,inventory,inventory-go-twin:9082,inventory-go-twin:9082,2026-06-24 12:56:42,2026-06-24T07:26:42Z,1782286002,ramp_3,930.0,31928320.0,"{""__name__"": ""process_resident_memory_bytes""}"
1,A,RSS Memory Footprint,go_inventory,go,inventory,order-go-twin:9083,order-go-twin:9083,2026-06-24 12:56:42,2026-06-24T07:26:42Z,1782286002,ramp_3,930.0,32358400.0,"{""__name__"": ""process_resident_memory_bytes""}"
1,A,RSS Memory Footprint,go_inventory,go,inventory,warehouse-go:8084,warehouse-go:8084,2026-06-24 12:56:42,2026-06-24T07:26:42Z,1782286002,ramp_3,930.0,36610048.0,"{""__name__"": ""process_resident_memory_bytes""}"
1,A,RSS Memory Footprint,go_inventory,go,inventory,inventory-go-twin:9082,inventory-go-twin:9082,2026-06-24 12:56:57,2026-06-24T07:26:57Z,1782286017,ramp_3,945.0,33107968.0,"{""__name__"": ""process_resident_memory_bytes""}"
1,A,RSS Memory Footprint,go_inventory,go,inventory,order-go-twin:9083,order-go-twin:9083,2026-06-24 12:56:57,2026-06-24T07:26:57Z,1782286017,ramp_3,945.0,32358400.0,"{""__name__"": ""process_resident_memory_bytes""}"
1,A,RSS Memory Footprint,go_inventory,go,inventory,warehouse-go:8084,warehouse-go:8084,2026-06-24 12:56:57,2026-06-24T07:26:57Z,1782286017,ramp_3,945.0,37003264.0,"{""__name__"": ""process_resident_memory_bytes""}"
1,A,RSS Memory Footprint,go_inventory,go,inventory,inventory-go-twin:9082,inventory-go-twin:9082,2026-06-24 12:57:12,2026-06-24T07:27:12Z,1782286032,ramp_3,960.0,31744000.0,"{""__name__"": ""process_resident_memory_bytes""}"
1,A,RSS Memory Footprint,go_inventory,go,inventory,order-go-twin:9083,order-go-twin:9083,2026-06-24 12:57:12,2026-06-24T07:27:12Z,1782286032,ramp_3,960.0,32358400.0,"{""__name__"": ""process_resident_memory_bytes""}"
1,A,RSS Memory Footprint,go_inventory,go,inventory,warehouse-go:8084,warehouse-go:8084,2026-06-24 12:57:12,2026-06-24T07:27:12Z,1782286032,ramp_3,960.0,36950016.0,"{""__name__"": ""process_resident_memory_bytes""}"
1,A,RSS Memory Footprint,go_inventory,go,inventory,inventory-go-twin:9082,inventory-go-twin:9082,2026-06-24 12:57:27,2026-06-24T07:27:27Z,1782286047,ramp_3,975.0,32923648.0,"{""__name__"": ""process_resident_memory_bytes""}"
1,A,RSS Memory Footprint,go_inventory,go,inventory,order-go-twin:9083,order-go-twin:9083,2026-06-24 12:57:27,2026-06-24T07:27:27Z,1782286047,ramp_3,975.0,31834112.0,"{""__name__"": ""process_resident_memory_bytes""}"
1,A,RSS Memory Footprint,go_inventory,go,inventory,warehouse-go:8084,warehouse-go:8084,2026-06-24 12:57:27,2026-06-24T07:27:27Z,1782286047,ramp_3,975.0,36950016.0,"{""__name__"": ""process_resident_memory_bytes""}"
1,A,RSS Memory Footprint,go_inventory,go,inventory,inventory-go-twin:9082,inventory-go-twin:9082,2026-06-24 12:57:42,2026-06-24T07:27:42Z,1782286062,ramp_3,990.0,34365440.0,"{""__name__"": ""process_resident_memory_bytes""}"
1,A,RSS Memory Footprint,go_inventory,go,inventory,order-go-twin:9083,order-go-twin:9083,2026-06-24 12:57:42,2026-06-24T07:27:42Z,1782286062,ramp_3,990.0,31834112.0,"{""__name__"": ""process_resident_memory_bytes""}"
1,A,RSS Memory Footprint,go_inventory,go,inventory,warehouse-go:8084,warehouse-go:8084,2026-06-24 12:57:42,2026-06-24T07:27:42Z,1782286062,ramp_3,990.0,37212160.0,"{""__name__"": ""process_resident_memory_bytes""}"
1,A,RSS Memory Footprint,go_inventory,go,inventory,inventory-go-twin:9082,inventory-go-twin:9082,2026-06-24 12:57:57,2026-06-24T07:27:57Z,1782286077,ramp_3,1005.0,32333824.0,"{""__name__"": ""process_resident_memory_bytes""}"
1,A,RSS Memory Footprint,go_inventory,go,inventory,order-go-twin:9083,order-go-twin:9083,2026-06-24 12:57:57,2026-06-24T07:27:57Z,1782286077,ramp_3,1005.0,31834112.0,"{""__name__"": ""process_resident_memory_bytes""}"
1,A,RSS Memory Footprint,go_inventory,go,inventory,warehouse-go:8084,warehouse-go:8084,2026-06-24 12:57:57,2026-06-24T07:27:57Z,1782286077,ramp_3,1005.0,37212160.0,"{""__name__"": ""process_resident_memory_bytes""}"
1,A,RSS Memory Footprint,go_inventory,go,inventory,inventory-go-twin:9082,inventory-go-twin:9082,2026-06-24 12:58:12,2026-06-24T07:28:12Z,1782286092,ramp_3,1020.0,32415744.0,"{""__name__"": ""process_resident_memory_bytes""}"
1,A,RSS Memory Footprint,go_inventory,go,inventory,order-go-twin:9083,order-go-twin:9083,2026-06-24 12:58:12,2026-06-24T07:28:12Z,1782286092,ramp_3,1020.0,31834112.0,"{""__name__"": ""process_resident_memory_bytes""}"
1,A,RSS Memory Footprint,go_inventory,go,inventory,warehouse-go:8084,warehouse-go:8084,2026-06-24 12:58:12,2026-06-24T07:28:12Z,1782286092,ramp_3,1020.0,37212160.0,"{""__name__"": ""process_resident_memory_bytes""}"
1,A,RSS Memory Footprint,go_inventory,go,inventory,inventory-go-twin:9082,inventory-go-twin:9082,2026-06-24 12:58:27,2026-06-24T07:28:27Z,1782286107,ramp_3,1035.0,33144832.0,"{""__name__"": ""process_resident_memory_bytes""}"
1,A,RSS Memory Footprint,go_inventory,go,inventory,order-go-twin:9083,order-go-twin:9083,2026-06-24 12:58:27,2026-06-24T07:28:27Z,1782286107,ramp_3,1035.0,31965184.0,"{""__name__"": ""process_resident_memory_bytes""}"
1,A,RSS Memory Footprint,go_inventory,go,inventory,warehouse-go:8084,warehouse-go:8084,2026-06-24 12:58:27,2026-06-24T07:28:27Z,1782286107,ramp_3,1035.0,37343232.0,"{""__name__"": ""process_resident_memory_bytes""}"
1,A,RSS Memory Footprint,go_inventory,go,inventory,inventory-go-twin:9082,inventory-go-twin:9082,2026-06-24 12:58:42,2026-06-24T07:28:42Z,1782286122,ramp_3,1050.0,33505280.0,"{""__name__"": ""process_resident_memory_bytes""}"
1,A,RSS Memory Footprint,go_inventory,go,inventory,order-go-twin:9083,order-go-twin:9083,2026-06-24 12:58:42,2026-06-24T07:28:42Z,1782286122,ramp_3,1050.0,32096256.0,"{""__name__"": ""process_resident_memory_bytes""}"
1,A,RSS Memory Footprint,go_inventory,go,inventory,warehouse-go:8084,warehouse-go:8084,2026-06-24 12:58:42,2026-06-24T07:28:42Z,1782286122,ramp_3,1050.0,36950016.0,"{""__name__"": ""process_resident_memory_bytes""}"
1,A,RSS Memory Footprint,go_inventory,go,inventory,inventory-go-twin:9082,inventory-go-twin:9082,2026-06-24 12:58:57,2026-06-24T07:28:57Z,1782286137,ramp_3,1065.0,34029568.0,"{""__name__"": ""process_resident_memory_bytes""}"
1,A,RSS Memory Footprint,go_inventory,go,inventory,order-go-twin:9083,order-go-twin:9083,2026-06-24 12:58:57,2026-06-24T07:28:57Z,1782286137,ramp_3,1065.0,32096256.0,"{""__name__"": ""process_resident_memory_bytes""}"
1,A,RSS Memory Footprint,go_inventory,go,inventory,warehouse-go:8084,warehouse-go:8084,2026-06-24 12:58:57,2026-06-24T07:28:57Z,1782286137,ramp_3,1065.0,36950016.0,"{""__name__"": ""process_resident_memory_bytes""}"
1,A,RSS Memory Footprint,go_inventory,go,inventory,inventory-go-twin:9082,inventory-go-twin:9082,2026-06-24 12:59:12,2026-06-24T07:29:12Z,1782286152,ramp_3,1080.0,33669120.0,"{""__name__"": ""process_resident_memory_bytes""}"
1,A,RSS Memory Footprint,go_inventory,go,inventory,order-go-twin:9083,order-go-twin:9083,2026-06-24 12:59:12,2026-06-24T07:29:12Z,1782286152,ramp_3,1080.0,32096256.0,"{""__name__"": ""process_resident_memory_bytes""}"
1,A,RSS Memory Footprint,go_inventory,go,inventory,warehouse-go:8084,warehouse-go:8084,2026-06-24 12:59:12,2026-06-24T07:29:12Z,1782286152,ramp_3,1080.0,35053568.0,"{""__name__"": ""process_resident_memory_bytes""}"
1,A,RSS Memory Footprint,go_inventory,go,inventory,inventory-go-twin:9082,inventory-go-twin:9082,2026-06-24 12:59:27,2026-06-24T07:29:27Z,1782286167,ramp_3,1095.0,33878016.0,"{""__name__"": ""process_resident_memory_bytes""}"
1,A,RSS Memory Footprint,go_inventory,go,inventory,order-go-twin:9083,order-go-twin:9083,2026-06-24 12:59:27,2026-06-24T07:29:27Z,1782286167,ramp_3,1095.0,32096256.0,"{""__name__"": ""process_resident_memory_bytes""}"
1,A,RSS Memory Footprint,go_inventory,go,inventory,warehouse-go:8084,warehouse-go:8084,2026-06-24 12:59:27,2026-06-24T07:29:27Z,1782286167,ramp_3,1095.0,35885056.0,"{""__name__"": ""process_resident_memory_bytes""}"
1,A,RSS Memory Footprint,go_inventory,go,inventory,inventory-go-twin:9082,inventory-go-twin:9082,2026-06-24 12:59:42,2026-06-24T07:29:42Z,1782286182,ramp_3,1110.0,31850496.0,"{""__name__"": ""process_resident_memory_bytes""}"
1,A,RSS Memory Footprint,go_inventory,go,inventory,order-go-twin:9083,order-go-twin:9083,2026-06-24 12:59:42,2026-06-24T07:29:42Z,1782286182,ramp_3,1110.0,32096256.0,"{""__name__"": ""process_resident_memory_bytes""}"
1,A,RSS Memory Footprint,go_inventory,go,inventory,warehouse-go:8084,warehouse-go:8084,2026-06-24 12:59:42,2026-06-24T07:29:42Z,1782286182,ramp_3,1110.0,36540416.0,"{""__name__"": ""process_resident_memory_bytes""}"
1,A,RSS Memory Footprint,go_inventory,go,inventory,inventory-go-twin:9082,inventory-go-twin:9082,2026-06-24 12:59:57,2026-06-24T07:29:57Z,1782286197,ramp_3,1125.0,33767424.0,"{""__name__"": ""process_resident_memory_bytes""}"
1,A,RSS Memory Footprint,go_inventory,go,inventory,order-go-twin:9083,order-go-twin:9083,2026-06-24 12:59:57,2026-06-24T07:29:57Z,1782286197,ramp_3,1125.0,32096256.0,"{""__name__"": ""process_resident_memory_bytes""}"
1,A,RSS Memory Footprint,go_inventory,go,inventory,warehouse-go:8084,warehouse-go:8084,2026-06-24 12:59:57,2026-06-24T07:29:57Z,1782286197,ramp_3,1125.0,36540416.0,"{""__name__"": ""process_resident_memory_bytes""}"
1,A,RSS Memory Footprint,go_inventory,go,inventory,inventory-go-twin:9082,inventory-go-twin:9082,2026-06-24 13:00:12,2026-06-24T07:30:12Z,1782286212,ramp_3,1140.0,33697792.0,"{""__name__"": ""process_resident_memory_bytes""}"
1,A,RSS Memory Footprint,go_inventory,go,inventory,order-go-twin:9083,order-go-twin:9083,2026-06-24 13:00:12,2026-06-24T07:30:12Z,1782286212,ramp_3,1140.0,32096256.0,"{""__name__"": ""process_resident_memory_bytes""}"
1,A,RSS Memory Footprint,go_inventory,go,inventory,warehouse-go:8084,warehouse-go:8084,2026-06-24 13:00:12,2026-06-24T07:30:12Z,1782286212,ramp_3,1140.0,36671488.0,"{""__name__"": ""process_resident_memory_bytes""}"
1,A,RSS Memory Footprint,go_inventory,go,inventory,inventory-go-twin:9082,inventory-go-twin:9082,2026-06-24 13:00:27,2026-06-24T07:30:27Z,1782286227,ramp_3,1155.0,34332672.0,"{""__name__"": ""process_resident_memory_bytes""}"
1,A,RSS Memory Footprint,go_inventory,go,inventory,order-go-twin:9083,order-go-twin:9083,2026-06-24 13:00:27,2026-06-24T07:30:27Z,1782286227,ramp_3,1155.0,32096256.0,"{""__name__"": ""process_resident_memory_bytes""}"
1,A,RSS Memory Footprint,go_inventory,go,inventory,warehouse-go:8084,warehouse-go:8084,2026-06-24 13:00:27,2026-06-24T07:30:27Z,1782286227,ramp_3,1155.0,36802560.0,"{""__name__"": ""process_resident_memory_bytes""}"
1,A,RSS Memory Footprint,go_inventory,go,inventory,inventory-go-twin:9082,inventory-go-twin:9082,2026-06-24 13:00:42,2026-06-24T07:30:42Z,1782286242,ramp_3,1170.0,34729984.0,"{""__name__"": ""process_resident_memory_bytes""}"
1,A,RSS Memory Footprint,go_inventory,go,inventory,order-go-twin:9083,order-go-twin:9083,2026-06-24 13:00:42,2026-06-24T07:30:42Z,1782286242,ramp_3,1170.0,32096256.0,"{""__name__"": ""process_resident_memory_bytes""}"
1,A,RSS Memory Footprint,go_inventory,go,inventory,warehouse-go:8084,warehouse-go:8084,2026-06-24 13:00:42,2026-06-24T07:30:42Z,1782286242,ramp_3,1170.0,36802560.0,"{""__name__"": ""process_resident_memory_bytes""}"
1,A,RSS Memory Footprint,go_inventory,go,inventory,inventory-go-twin:9082,inventory-go-twin:9082,2026-06-24 13:00:57,2026-06-24T07:30:57Z,1782286257,ramp_3,1185.0,35069952.0,"{""__name__"": ""process_resident_memory_bytes""}"
1,A,RSS Memory Footprint,go_inventory,go,inventory,order-go-twin:9083,order-go-twin:9083,2026-06-24 13:00:57,2026-06-24T07:30:57Z,1782286257,ramp_3,1185.0,32096256.0,"{""__name__"": ""process_resident_memory_bytes""}"
1,A,RSS Memory Footprint,go_inventory,go,inventory,warehouse-go:8084,warehouse-go:8084,2026-06-24 13:00:57,2026-06-24T07:30:57Z,1782286257,ramp_3,1185.0,36638720.0,"{""__name__"": ""process_resident_memory_bytes""}"
1,A,RSS Memory Footprint,go_inventory,go,inventory,inventory-go-twin:9082,inventory-go-twin:9082,2026-06-24 13:01:12,2026-06-24T07:31:12Z,1782286272,sustain,1200.0,35176448.0,"{""__name__"": ""process_resident_memory_bytes""}"
1,A,RSS Memory Footprint,go_inventory,go,inventory,order-go-twin:9083,order-go-twin:9083,2026-06-24 13:01:12,2026-06-24T07:31:12Z,1782286272,sustain,1200.0,32096256.0,"{""__name__"": ""process_resident_memory_bytes""}"
1,A,RSS Memory Footprint,go_inventory,go,inventory,warehouse-go:8084,warehouse-go:8084,2026-06-24 13:01:12,2026-06-24T07:31:12Z,1782286272,sustain,1200.0,36638720.0,"{""__name__"": ""process_resident_memory_bytes""}"
1,A,RSS Memory Footprint,go_inventory,go,inventory,inventory-go-twin:9082,inventory-go-twin:9082,2026-06-24 13:01:27,2026-06-24T07:31:27Z,1782286287,sustain,1215.0,32776192.0,"{""__name__"": ""process_resident_memory_bytes""}"
1,A,RSS Memory Footprint,go_inventory,go,inventory,order-go-twin:9083,order-go-twin:9083,2026-06-24 13:01:27,2026-06-24T07:31:27Z,1782286287,sustain,1215.0,32096256.0,"{""__name__"": ""process_resident_memory_bytes""}"
1,A,RSS Memory Footprint,go_inventory,go,inventory,warehouse-go:8084,warehouse-go:8084,2026-06-24 13:01:27,2026-06-24T07:31:27Z,1782286287,sustain,1215.0,36638720.0,"{""__name__"": ""process_resident_memory_bytes""}"
1,A,RSS Memory Footprint,go_inventory,go,inventory,inventory-go-twin:9082,inventory-go-twin:9082,2026-06-24 13:01:42,2026-06-24T07:31:42Z,1782286302,sustain,1230.0,35135488.0,"{""__name__"": ""process_resident_memory_bytes""}"
1,A,RSS Memory Footprint,go_inventory,go,inventory,order-go-twin:9083,order-go-twin:9083,2026-06-24 13:01:42,2026-06-24T07:31:42Z,1782286302,sustain,1230.0,32096256.0,"{""__name__"": ""process_resident_memory_bytes""}"
1,A,RSS Memory Footprint,go_inventory,go,inventory,warehouse-go:8084,warehouse-go:8084,2026-06-24 13:01:42,2026-06-24T07:31:42Z,1782286302,sustain,1230.0,37031936.0,"{""__name__"": ""process_resident_memory_bytes""}"
1,A,RSS Memory Footprint,go_inventory,go,inventory,inventory-go-twin:9082,inventory-go-twin:9082,2026-06-24 13:01:57,2026-06-24T07:31:57Z,1782286317,sustain,1245.0,35266560.0,"{""__name__"": ""process_resident_memory_bytes""}"
1,A,RSS Memory Footprint,go_inventory,go,inventory,order-go-twin:9083,order-go-twin:9083,2026-06-24 13:01:57,2026-06-24T07:31:57Z,1782286317,sustain,1245.0,32096256.0,"{""__name__"": ""process_resident_memory_bytes""}"
1,A,RSS Memory Footprint,go_inventory,go,inventory,warehouse-go:8084,warehouse-go:8084,2026-06-24 13:01:57,2026-06-24T07:31:57Z,1782286317,sustain,1245.0,37031936.0,"{""__name__"": ""process_resident_memory_bytes""}"
1,A,RSS Memory Footprint,go_inventory,go,inventory,inventory-go-twin:9082,inventory-go-twin:9082,2026-06-24 13:02:12,2026-06-24T07:32:12Z,1782286332,sustain,1260.0,35635200.0,"{""__name__"": ""process_resident_memory_bytes""}"
1,A,RSS Memory Footprint,go_inventory,go,inventory,order-go-twin:9083,order-go-twin:9083,2026-06-24 13:02:12,2026-06-24T07:32:12Z,1782286332,sustain,1260.0,32096256.0,"{""__name__"": ""process_resident_memory_bytes""}"
1,A,RSS Memory Footprint,go_inventory,go,inventory,warehouse-go:8084,warehouse-go:8084,2026-06-24 13:02:12,2026-06-24T07:32:12Z,1782286332,sustain,1260.0,36741120.0,"{""__name__"": ""process_resident_memory_bytes""}"
1,A,RSS Memory Footprint,go_inventory,go,inventory,inventory-go-twin:9082,inventory-go-twin:9082,2026-06-24 13:02:27,2026-06-24T07:32:27Z,1782286347,sustain,1275.0,35577856.0,"{""__name__"": ""process_resident_memory_bytes""}"
1,A,RSS Memory Footprint,go_inventory,go,inventory,order-go-twin:9083,order-go-twin:9083,2026-06-24 13:02:27,2026-06-24T07:32:27Z,1782286347,sustain,1275.0,32096256.0,"{""__name__"": ""process_resident_memory_bytes""}"
1,A,RSS Memory Footprint,go_inventory,go,inventory,warehouse-go:8084,warehouse-go:8084,2026-06-24 13:02:27,2026-06-24T07:32:27Z,1782286347,sustain,1275.0,36741120.0,"{""__name__"": ""process_resident_memory_bytes""}"
1,A,RSS Memory Footprint,go_inventory,go,inventory,inventory-go-twin:9082,inventory-go-twin:9082,2026-06-24 13:02:42,2026-06-24T07:32:42Z,1782286362,sustain,1290.0,35545088.0,"{""__name__"": ""process_resident_memory_bytes""}"
1,A,RSS Memory Footprint,go_inventory,go,inventory,order-go-twin:9083,order-go-twin:9083,2026-06-24 13:02:42,2026-06-24T07:32:42Z,1782286362,sustain,1290.0,32096256.0,"{""__name__"": ""process_resident_memory_bytes""}"
1,A,RSS Memory Footprint,go_inventory,go,inventory,warehouse-go:8084,warehouse-go:8084,2026-06-24 13:02:42,2026-06-24T07:32:42Z,1782286362,sustain,1290.0,37265408.0,"{""__name__"": ""process_resident_memory_bytes""}"
1,A,RSS Memory Footprint,go_inventory,go,inventory,inventory-go-twin:9082,inventory-go-twin:9082,2026-06-24 13:02:57,2026-06-24T07:32:57Z,1782286377,sustain,1305.0,32694272.0,"{""__name__"": ""process_resident_memory_bytes""}"
1,A,RSS Memory Footprint,go_inventory,go,inventory,order-go-twin:9083,order-go-twin:9083,2026-06-24 13:02:57,2026-06-24T07:32:57Z,1782286377,sustain,1305.0,32096256.0,"{""__name__"": ""process_resident_memory_bytes""}"
1,A,RSS Memory Footprint,go_inventory,go,inventory,warehouse-go:8084,warehouse-go:8084,2026-06-24 13:02:57,2026-06-24T07:32:57Z,1782286377,sustain,1305.0,37265408.0,"{""__name__"": ""process_resident_memory_bytes""}"
1,A,RSS Memory Footprint,go_inventory,go,inventory,inventory-go-twin:9082,inventory-go-twin:9082,2026-06-24 13:03:12,2026-06-24T07:33:12Z,1782286392,sustain,1320.0,34951168.0,"{""__name__"": ""process_resident_memory_bytes""}"
1,A,RSS Memory Footprint,go_inventory,go,inventory,order-go-twin:9083,order-go-twin:9083,2026-06-24 13:03:12,2026-06-24T07:33:12Z,1782286392,sustain,1320.0,32096256.0,"{""__name__"": ""process_resident_memory_bytes""}"
1,A,RSS Memory Footprint,go_inventory,go,inventory,warehouse-go:8084,warehouse-go:8084,2026-06-24 13:03:12,2026-06-24T07:33:12Z,1782286392,sustain,1320.0,37265408.0,"{""__name__"": ""process_resident_memory_bytes""}"
1,A,RSS Memory Footprint,go_inventory,go,inventory,inventory-go-twin:9082,inventory-go-twin:9082,2026-06-24 13:03:27,2026-06-24T07:33:27Z,1782286407,sustain,1335.0,32702464.0,"{""__name__"": ""process_resident_memory_bytes""}"
1,A,RSS Memory Footprint,go_inventory,go,inventory,order-go-twin:9083,order-go-twin:9083,2026-06-24 13:03:27,2026-06-24T07:33:27Z,1782286407,sustain,1335.0,32096256.0,"{""__name__"": ""process_resident_memory_bytes""}"
1,A,RSS Memory Footprint,go_inventory,go,inventory,warehouse-go:8084,warehouse-go:8084,2026-06-24 13:03:27,2026-06-24T07:33:27Z,1782286407,sustain,1335.0,36974592.0,"{""__name__"": ""process_resident_memory_bytes""}"
1,A,RSS Memory Footprint,go_inventory,go,inventory,inventory-go-twin:9082,inventory-go-twin:9082,2026-06-24 13:03:42,2026-06-24T07:33:42Z,1782286422,sustain,1350.0,34459648.0,"{""__name__"": ""process_resident_memory_bytes""}"
1,A,RSS Memory Footprint,go_inventory,go,inventory,order-go-twin:9083,order-go-twin:9083,2026-06-24 13:03:42,2026-06-24T07:33:42Z,1782286422,sustain,1350.0,32096256.0,"{""__name__"": ""process_resident_memory_bytes""}"
1,A,RSS Memory Footprint,go_inventory,go,inventory,warehouse-go:8084,warehouse-go:8084,2026-06-24 13:03:42,2026-06-24T07:33:42Z,1782286422,sustain,1350.0,36974592.0,"{""__name__"": ""process_resident_memory_bytes""}"
1,A,RSS Memory Footprint,go_inventory,go,inventory,inventory-go-twin:9082,inventory-go-twin:9082,2026-06-24 13:03:57,2026-06-24T07:33:57Z,1782286437,sustain,1365.0,34463744.0,"{""__name__"": ""process_resident_memory_bytes""}"
1,A,RSS Memory Footprint,go_inventory,go,inventory,order-go-twin:9083,order-go-twin:9083,2026-06-24 13:03:57,2026-06-24T07:33:57Z,1782286437,sustain,1365.0,32096256.0,"{""__name__"": ""process_resident_memory_bytes""}"
1,A,RSS Memory Footprint,go_inventory,go,inventory,warehouse-go:8084,warehouse-go:8084,2026-06-24 13:03:57,2026-06-24T07:33:57Z,1782286437,sustain,1365.0,36974592.0,"{""__name__"": ""process_resident_memory_bytes""}"
1,A,RSS Memory Footprint,go_inventory,go,inventory,inventory-go-twin:9082,inventory-go-twin:9082,2026-06-24 13:04:12,2026-06-24T07:34:12Z,1782286452,sustain,1380.0,35328000.0,"{""__name__"": ""process_resident_memory_bytes""}"
1,A,RSS Memory Footprint,go_inventory,go,inventory,order-go-twin:9083,order-go-twin:9083,2026-06-24 13:04:12,2026-06-24T07:34:12Z,1782286452,sustain,1380.0,32096256.0,"{""__name__"": ""process_resident_memory_bytes""}"
1,A,RSS Memory Footprint,go_inventory,go,inventory,warehouse-go:8084,warehouse-go:8084,2026-06-24 13:04:12,2026-06-24T07:34:12Z,1782286452,sustain,1380.0,37367808.0,"{""__name__"": ""process_resident_memory_bytes""}"
1,A,RSS Memory Footprint,go_inventory,go,inventory,inventory-go-twin:9082,inventory-go-twin:9082,2026-06-24 13:04:27,2026-06-24T07:34:27Z,1782286467,sustain,1395.0,35442688.0,"{""__name__"": ""process_resident_memory_bytes""}"
1,A,RSS Memory Footprint,go_inventory,go,inventory,order-go-twin:9083,order-go-twin:9083,2026-06-24 13:04:27,2026-06-24T07:34:27Z,1782286467,sustain,1395.0,32096256.0,"{""__name__"": ""process_resident_memory_bytes""}"
1,A,RSS Memory Footprint,go_inventory,go,inventory,warehouse-go:8084,warehouse-go:8084,2026-06-24 13:04:27,2026-06-24T07:34:27Z,1782286467,sustain,1395.0,37367808.0,"{""__name__"": ""process_resident_memory_bytes""}"
1,A,RSS Memory Footprint,go_inventory,go,inventory,inventory-go-twin:9082,inventory-go-twin:9082,2026-06-24 13:04:42,2026-06-24T07:34:42Z,1782286482,sustain,1410.0,32776192.0,"{""__name__"": ""process_resident_memory_bytes""}"
1,A,RSS Memory Footprint,go_inventory,go,inventory,order-go-twin:9083,order-go-twin:9083,2026-06-24 13:04:42,2026-06-24T07:34:42Z,1782286482,sustain,1410.0,32096256.0,"{""__name__"": ""process_resident_memory_bytes""}"
1,A,RSS Memory Footprint,go_inventory,go,inventory,warehouse-go:8084,warehouse-go:8084,2026-06-24 13:04:42,2026-06-24T07:34:42Z,1782286482,sustain,1410.0,38023168.0,"{""__name__"": ""process_resident_memory_bytes""}"
1,A,RSS Memory Footprint,go_inventory,go,inventory,inventory-go-twin:9082,inventory-go-twin:9082,2026-06-24 13:04:57,2026-06-24T07:34:57Z,1782286497,sustain,1425.0,34582528.0,"{""__name__"": ""process_resident_memory_bytes""}"
1,A,RSS Memory Footprint,go_inventory,go,inventory,order-go-twin:9083,order-go-twin:9083,2026-06-24 13:04:57,2026-06-24T07:34:57Z,1782286497,sustain,1425.0,32096256.0,"{""__name__"": ""process_resident_memory_bytes""}"
1,A,RSS Memory Footprint,go_inventory,go,inventory,warehouse-go:8084,warehouse-go:8084,2026-06-24 13:04:57,2026-06-24T07:34:57Z,1782286497,sustain,1425.0,38023168.0,"{""__name__"": ""process_resident_memory_bytes""}"
1,A,RSS Memory Footprint,go_inventory,go,inventory,inventory-go-twin:9082,inventory-go-twin:9082,2026-06-24 13:05:12,2026-06-24T07:35:12Z,1782286512,sustain,1440.0,32444416.0,"{""__name__"": ""process_resident_memory_bytes""}"
1,A,RSS Memory Footprint,go_inventory,go,inventory,order-go-twin:9083,order-go-twin:9083,2026-06-24 13:05:12,2026-06-24T07:35:12Z,1782286512,sustain,1440.0,32096256.0,"{""__name__"": ""process_resident_memory_bytes""}"
1,A,RSS Memory Footprint,go_inventory,go,inventory,warehouse-go:8084,warehouse-go:8084,2026-06-24 13:05:12,2026-06-24T07:35:12Z,1782286512,sustain,1440.0,37367808.0,"{""__name__"": ""process_resident_memory_bytes""}"
1,A,RSS Memory Footprint,go_inventory,go,inventory,inventory-go-twin:9082,inventory-go-twin:9082,2026-06-24 13:05:27,2026-06-24T07:35:27Z,1782286527,sustain,1455.0,35012608.0,"{""__name__"": ""process_resident_memory_bytes""}"
1,A,RSS Memory Footprint,go_inventory,go,inventory,order-go-twin:9083,order-go-twin:9083,2026-06-24 13:05:27,2026-06-24T07:35:27Z,1782286527,sustain,1455.0,32096256.0,"{""__name__"": ""process_resident_memory_bytes""}"
1,A,RSS Memory Footprint,go_inventory,go,inventory,warehouse-go:8084,warehouse-go:8084,2026-06-24 13:05:27,2026-06-24T07:35:27Z,1782286527,sustain,1455.0,37609472.0,"{""__name__"": ""process_resident_memory_bytes""}"
1,A,RSS Memory Footprint,go_inventory,go,inventory,inventory-go-twin:9082,inventory-go-twin:9082,2026-06-24 13:05:42,2026-06-24T07:35:42Z,1782286542,sustain,1470.0,35385344.0,"{""__name__"": ""process_resident_memory_bytes""}"
1,A,RSS Memory Footprint,go_inventory,go,inventory,order-go-twin:9083,order-go-twin:9083,2026-06-24 13:05:42,2026-06-24T07:35:42Z,1782286542,sustain,1470.0,32096256.0,"{""__name__"": ""process_resident_memory_bytes""}"
1,A,RSS Memory Footprint,go_inventory,go,inventory,warehouse-go:8084,warehouse-go:8084,2026-06-24 13:05:42,2026-06-24T07:35:42Z,1782286542,sustain,1470.0,37609472.0,"{""__name__"": ""process_resident_memory_bytes""}"
1,A,RSS Memory Footprint,go_inventory,go,inventory,inventory-go-twin:9082,inventory-go-twin:9082,2026-06-24 13:05:57,2026-06-24T07:35:57Z,1782286557,sustain,1485.0,35627008.0,"{""__name__"": ""process_resident_memory_bytes""}"
1,A,RSS Memory Footprint,go_inventory,go,inventory,order-go-twin:9083,order-go-twin:9083,2026-06-24 13:05:57,2026-06-24T07:35:57Z,1782286557,sustain,1485.0,31776768.0,"{""__name__"": ""process_resident_memory_bytes""}"
1,A,RSS Memory Footprint,go_inventory,go,inventory,warehouse-go:8084,warehouse-go:8084,2026-06-24 13:05:57,2026-06-24T07:35:57Z,1782286557,sustain,1485.0,37609472.0,"{""__name__"": ""process_resident_memory_bytes""}"
1,A,RSS Memory Footprint,go_inventory,go,inventory,inventory-go-twin:9082,inventory-go-twin:9082,2026-06-24 13:06:12,2026-06-24T07:36:12Z,1782286572,sustain,1500.0,35758080.0,"{""__name__"": ""process_resident_memory_bytes""}"
1,A,RSS Memory Footprint,go_inventory,go,inventory,order-go-twin:9083,order-go-twin:9083,2026-06-24 13:06:12,2026-06-24T07:36:12Z,1782286572,sustain,1500.0,31776768.0,"{""__name__"": ""process_resident_memory_bytes""}"
1,A,RSS Memory Footprint,go_inventory,go,inventory,warehouse-go:8084,warehouse-go:8084,2026-06-24 13:06:12,2026-06-24T07:36:12Z,1782286572,sustain,1500.0,35880960.0,"{""__name__"": ""process_resident_memory_bytes""}"
1,A,RSS Memory Footprint,go_inventory,go,inventory,inventory-go-twin:9082,inventory-go-twin:9082,2026-06-24 13:06:27,2026-06-24T07:36:27Z,1782286587,sustain,1515.0,35319808.0,"{""__name__"": ""process_resident_memory_bytes""}"
1,A,RSS Memory Footprint,go_inventory,go,inventory,order-go-twin:9083,order-go-twin:9083,2026-06-24 13:06:27,2026-06-24T07:36:27Z,1782286587,sustain,1515.0,31776768.0,"{""__name__"": ""process_resident_memory_bytes""}"
1,A,RSS Memory Footprint,go_inventory,go,inventory,warehouse-go:8084,warehouse-go:8084,2026-06-24 13:06:27,2026-06-24T07:36:27Z,1782286587,sustain,1515.0,35307520.0,"{""__name__"": ""process_resident_memory_bytes""}"
1,A,RSS Memory Footprint,go_inventory,go,inventory,inventory-go-twin:9082,inventory-go-twin:9082,2026-06-24 13:06:42,2026-06-24T07:36:42Z,1782286602,sustain,1530.0,34926592.0,"{""__name__"": ""process_resident_memory_bytes""}"
1,A,RSS Memory Footprint,go_inventory,go,inventory,order-go-twin:9083,order-go-twin:9083,2026-06-24 13:06:42,2026-06-24T07:36:42Z,1782286602,sustain,1530.0,31776768.0,"{""__name__"": ""process_resident_memory_bytes""}"
1,A,RSS Memory Footprint,go_inventory,go,inventory,warehouse-go:8084,warehouse-go:8084,2026-06-24 13:06:42,2026-06-24T07:36:42Z,1782286602,sustain,1530.0,35782656.0,"{""__name__"": ""process_resident_memory_bytes""}"
1,A,RSS Memory Footprint,go_inventory,go,inventory,inventory-go-twin:9082,inventory-go-twin:9082,2026-06-24 13:06:57,2026-06-24T07:36:57Z,1782286617,sustain,1545.0,34549760.0,"{""__name__"": ""process_resident_memory_bytes""}"
1,A,RSS Memory Footprint,go_inventory,go,inventory,order-go-twin:9083,order-go-twin:9083,2026-06-24 13:06:57,2026-06-24T07:36:57Z,1782286617,sustain,1545.0,31776768.0,"{""__name__"": ""process_resident_memory_bytes""}"
1,A,RSS Memory Footprint,go_inventory,go,inventory,warehouse-go:8084,warehouse-go:8084,2026-06-24 13:06:57,2026-06-24T07:36:57Z,1782286617,sustain,1545.0,35782656.0,"{""__name__"": ""process_resident_memory_bytes""}"
1,A,RSS Memory Footprint,go_inventory,go,inventory,inventory-go-twin:9082,inventory-go-twin:9082,2026-06-24 13:07:12,2026-06-24T07:37:12Z,1782286632,sustain,1560.0,35057664.0,"{""__name__"": ""process_resident_memory_bytes""}"
1,A,RSS Memory Footprint,go_inventory,go,inventory,order-go-twin:9083,order-go-twin:9083,2026-06-24 13:07:12,2026-06-24T07:37:12Z,1782286632,sustain,1560.0,31776768.0,"{""__name__"": ""process_resident_memory_bytes""}"
1,A,RSS Memory Footprint,go_inventory,go,inventory,warehouse-go:8084,warehouse-go:8084,2026-06-24 13:07:12,2026-06-24T07:37:12Z,1782286632,sustain,1560.0,35782656.0,"{""__name__"": ""process_resident_memory_bytes""}"
1,A,RSS Memory Footprint,go_inventory,go,inventory,inventory-go-twin:9082,inventory-go-twin:9082,2026-06-24 13:07:27,2026-06-24T07:37:27Z,1782286647,sustain,1575.0,34680832.0,"{""__name__"": ""process_resident_memory_bytes""}"
1,A,RSS Memory Footprint,go_inventory,go,inventory,order-go-twin:9083,order-go-twin:9083,2026-06-24 13:07:27,2026-06-24T07:37:27Z,1782286647,sustain,1575.0,31776768.0,"{""__name__"": ""process_resident_memory_bytes""}"
1,A,RSS Memory Footprint,go_inventory,go,inventory,warehouse-go:8084,warehouse-go:8084,2026-06-24 13:07:27,2026-06-24T07:37:27Z,1782286647,sustain,1575.0,35782656.0,"{""__name__"": ""process_resident_memory_bytes""}"
1,A,RSS Memory Footprint,go_inventory,go,inventory,inventory-go-twin:9082,inventory-go-twin:9082,2026-06-24 13:07:42,2026-06-24T07:37:42Z,1782286662,sustain,1590.0,34095104.0,"{""__name__"": ""process_resident_memory_bytes""}"
1,A,RSS Memory Footprint,go_inventory,go,inventory,order-go-twin:9083,order-go-twin:9083,2026-06-24 13:07:42,2026-06-24T07:37:42Z,1782286662,sustain,1590.0,31776768.0,"{""__name__"": ""process_resident_memory_bytes""}"
1,A,RSS Memory Footprint,go_inventory,go,inventory,warehouse-go:8084,warehouse-go:8084,2026-06-24 13:07:42,2026-06-24T07:37:42Z,1782286662,sustain,1590.0,36306944.0,"{""__name__"": ""process_resident_memory_bytes""}"
1,A,RSS Memory Footprint,go_inventory,go,inventory,inventory-go-twin:9082,inventory-go-twin:9082,2026-06-24 13:07:57,2026-06-24T07:37:57Z,1782286677,sustain,1605.0,34705408.0,"{""__name__"": ""process_resident_memory_bytes""}"
1,A,RSS Memory Footprint,go_inventory,go,inventory,order-go-twin:9083,order-go-twin:9083,2026-06-24 13:07:57,2026-06-24T07:37:57Z,1782286677,sustain,1605.0,31776768.0,"{""__name__"": ""process_resident_memory_bytes""}"
1,A,RSS Memory Footprint,go_inventory,go,inventory,warehouse-go:8084,warehouse-go:8084,2026-06-24 13:07:57,2026-06-24T07:37:57Z,1782286677,sustain,1605.0,36388864.0,"{""__name__"": ""process_resident_memory_bytes""}"
1,A,RSS Memory Footprint,go_inventory,go,inventory,inventory-go-twin:9082,inventory-go-twin:9082,2026-06-24 13:08:12,2026-06-24T07:38:12Z,1782286692,sustain,1620.0,35192832.0,"{""__name__"": ""process_resident_memory_bytes""}"
1,A,RSS Memory Footprint,go_inventory,go,inventory,order-go-twin:9083,order-go-twin:9083,2026-06-24 13:08:12,2026-06-24T07:38:12Z,1782286692,sustain,1620.0,31776768.0,"{""__name__"": ""process_resident_memory_bytes""}"
1,A,RSS Memory Footprint,go_inventory,go,inventory,warehouse-go:8084,warehouse-go:8084,2026-06-24 13:08:12,2026-06-24T07:38:12Z,1782286692,sustain,1620.0,34365440.0,"{""__name__"": ""process_resident_memory_bytes""}"
1,A,RSS Memory Footprint,go_inventory,go,inventory,inventory-go-twin:9082,inventory-go-twin:9082,2026-06-24 13:08:27,2026-06-24T07:38:27Z,1782286707,sustain,1635.0,35147776.0,"{""__name__"": ""process_resident_memory_bytes""}"
1,A,RSS Memory Footprint,go_inventory,go,inventory,order-go-twin:9083,order-go-twin:9083,2026-06-24 13:08:27,2026-06-24T07:38:27Z,1782286707,sustain,1635.0,31776768.0,"{""__name__"": ""process_resident_memory_bytes""}"
1,A,RSS Memory Footprint,go_inventory,go,inventory,warehouse-go:8084,warehouse-go:8084,2026-06-24 13:08:27,2026-06-24T07:38:27Z,1782286707,sustain,1635.0,34189312.0,"{""__name__"": ""process_resident_memory_bytes""}"
1,A,RSS Memory Footprint,go_inventory,go,inventory,inventory-go-twin:9082,inventory-go-twin:9082,2026-06-24 13:08:42,2026-06-24T07:38:42Z,1782286722,sustain,1650.0,34398208.0,"{""__name__"": ""process_resident_memory_bytes""}"
1,A,RSS Memory Footprint,go_inventory,go,inventory,order-go-twin:9083,order-go-twin:9083,2026-06-24 13:08:42,2026-06-24T07:38:42Z,1782286722,sustain,1650.0,31776768.0,"{""__name__"": ""process_resident_memory_bytes""}"
1,A,RSS Memory Footprint,go_inventory,go,inventory,warehouse-go:8084,warehouse-go:8084,2026-06-24 13:08:42,2026-06-24T07:38:42Z,1782286722,sustain,1650.0,34275328.0,"{""__name__"": ""process_resident_memory_bytes""}"
1,A,RSS Memory Footprint,go_inventory,go,inventory,inventory-go-twin:9082,inventory-go-twin:9082,2026-06-24 13:08:57,2026-06-24T07:38:57Z,1782286737,sustain,1665.0,35807232.0,"{""__name__"": ""process_resident_memory_bytes""}"
1,A,RSS Memory Footprint,go_inventory,go,inventory,order-go-twin:9083,order-go-twin:9083,2026-06-24 13:08:57,2026-06-24T07:38:57Z,1782286737,sustain,1665.0,31776768.0,"{""__name__"": ""process_resident_memory_bytes""}"
1,A,RSS Memory Footprint,go_inventory,go,inventory,warehouse-go:8084,warehouse-go:8084,2026-06-24 13:08:57,2026-06-24T07:38:57Z,1782286737,sustain,1665.0,34406400.0,"{""__name__"": ""process_resident_memory_bytes""}"
1,A,RSS Memory Footprint,go_inventory,go,inventory,inventory-go-twin:9082,inventory-go-twin:9082,2026-06-24 13:09:12,2026-06-24T07:39:12Z,1782286752,sustain,1680.0,34406400.0,"{""__name__"": ""process_resident_memory_bytes""}"
1,A,RSS Memory Footprint,go_inventory,go,inventory,order-go-twin:9083,order-go-twin:9083,2026-06-24 13:09:12,2026-06-24T07:39:12Z,1782286752,sustain,1680.0,31776768.0,"{""__name__"": ""process_resident_memory_bytes""}"
1,A,RSS Memory Footprint,go_inventory,go,inventory,warehouse-go:8084,warehouse-go:8084,2026-06-24 13:09:12,2026-06-24T07:39:12Z,1782286752,sustain,1680.0,33083392.0,"{""__name__"": ""process_resident_memory_bytes""}"
1,A,RSS Memory Footprint,go_inventory,go,inventory,inventory-go-twin:9082,inventory-go-twin:9082,2026-06-24 13:09:27,2026-06-24T07:39:27Z,1782286767,sustain,1695.0,35717120.0,"{""__name__"": ""process_resident_memory_bytes""}"
1,A,RSS Memory Footprint,go_inventory,go,inventory,order-go-twin:9083,order-go-twin:9083,2026-06-24 13:09:27,2026-06-24T07:39:27Z,1782286767,sustain,1695.0,31776768.0,"{""__name__"": ""process_resident_memory_bytes""}"
1,A,RSS Memory Footprint,go_inventory,go,inventory,warehouse-go:8084,warehouse-go:8084,2026-06-24 13:09:27,2026-06-24T07:39:27Z,1782286767,sustain,1695.0,31543296.0,"{""__name__"": ""process_resident_memory_bytes""}"
1,A,RSS Memory Footprint,go_inventory,go,inventory,inventory-go-twin:9082,inventory-go-twin:9082,2026-06-24 13:09:42,2026-06-24T07:39:42Z,1782286782,sustain,1710.0,35717120.0,"{""__name__"": ""process_resident_memory_bytes""}"
1,A,RSS Memory Footprint,go_inventory,go,inventory,order-go-twin:9083,order-go-twin:9083,2026-06-24 13:09:42,2026-06-24T07:39:42Z,1782286782,sustain,1710.0,31776768.0,"{""__name__"": ""process_resident_memory_bytes""}"
1,A,RSS Memory Footprint,go_inventory,go,inventory,warehouse-go:8084,warehouse-go:8084,2026-06-24 13:09:42,2026-06-24T07:39:42Z,1782286782,sustain,1710.0,32845824.0,"{""__name__"": ""process_resident_memory_bytes""}"
1,A,RSS Memory Footprint,go_inventory,go,inventory,inventory-go-twin:9082,inventory-go-twin:9082,2026-06-24 13:09:57,2026-06-24T07:39:57Z,1782286797,sustain,1725.0,35909632.0,"{""__name__"": ""process_resident_memory_bytes""}"
1,A,RSS Memory Footprint,go_inventory,go,inventory,order-go-twin:9083,order-go-twin:9083,2026-06-24 13:09:57,2026-06-24T07:39:57Z,1782286797,sustain,1725.0,31776768.0,"{""__name__"": ""process_resident_memory_bytes""}"
1,A,RSS Memory Footprint,go_inventory,go,inventory,warehouse-go:8084,warehouse-go:8084,2026-06-24 13:09:57,2026-06-24T07:39:57Z,1782286797,sustain,1725.0,32976896.0,"{""__name__"": ""process_resident_memory_bytes""}"
1,A,RSS Memory Footprint,go_inventory,go,inventory,inventory-go-twin:9082,inventory-go-twin:9082,2026-06-24 13:10:12,2026-06-24T07:40:12Z,1782286812,sustain,1740.0,34361344.0,"{""__name__"": ""process_resident_memory_bytes""}"
1,A,RSS Memory Footprint,go_inventory,go,inventory,order-go-twin:9083,order-go-twin:9083,2026-06-24 13:10:12,2026-06-24T07:40:12Z,1782286812,sustain,1740.0,31776768.0,"{""__name__"": ""process_resident_memory_bytes""}"
1,A,RSS Memory Footprint,go_inventory,go,inventory,warehouse-go:8084,warehouse-go:8084,2026-06-24 13:10:12,2026-06-24T07:40:12Z,1782286812,sustain,1740.0,33763328.0,"{""__name__"": ""process_resident_memory_bytes""}"
1,A,RSS Memory Footprint,go_inventory,go,inventory,inventory-go-twin:9082,inventory-go-twin:9082,2026-06-24 13:10:27,2026-06-24T07:40:27Z,1782286827,sustain,1755.0,34471936.0,"{""__name__"": ""process_resident_memory_bytes""}"
1,A,RSS Memory Footprint,go_inventory,go,inventory,order-go-twin:9083,order-go-twin:9083,2026-06-24 13:10:27,2026-06-24T07:40:27Z,1782286827,sustain,1755.0,31776768.0,"{""__name__"": ""process_resident_memory_bytes""}"
1,A,RSS Memory Footprint,go_inventory,go,inventory,warehouse-go:8084,warehouse-go:8084,2026-06-24 13:10:27,2026-06-24T07:40:27Z,1782286827,sustain,1755.0,34680832.0,"{""__name__"": ""process_resident_memory_bytes""}"
1,A,RSS Memory Footprint,go_inventory,go,inventory,inventory-go-twin:9082,inventory-go-twin:9082,2026-06-24 13:10:42,2026-06-24T07:40:42Z,1782286842,sustain,1770.0,34607104.0,"{""__name__"": ""process_resident_memory_bytes""}"
1,A,RSS Memory Footprint,go_inventory,go,inventory,order-go-twin:9083,order-go-twin:9083,2026-06-24 13:10:42,2026-06-24T07:40:42Z,1782286842,sustain,1770.0,31776768.0,"{""__name__"": ""process_resident_memory_bytes""}"
1,A,RSS Memory Footprint,go_inventory,go,inventory,warehouse-go:8084,warehouse-go:8084,2026-06-24 13:10:42,2026-06-24T07:40:42Z,1782286842,sustain,1770.0,34652160.0,"{""__name__"": ""process_resident_memory_bytes""}"
1,A,RSS Memory Footprint,go_inventory,go,inventory,inventory-go-twin:9082,inventory-go-twin:9082,2026-06-24 13:10:57,2026-06-24T07:40:57Z,1782286857,sustain,1785.0,34291712.0,"{""__name__"": ""process_resident_memory_bytes""}"
1,A,RSS Memory Footprint,go_inventory,go,inventory,order-go-twin:9083,order-go-twin:9083,2026-06-24 13:10:57,2026-06-24T07:40:57Z,1782286857,sustain,1785.0,31776768.0,"{""__name__"": ""process_resident_memory_bytes""}"
1,A,RSS Memory Footprint,go_inventory,go,inventory,warehouse-go:8084,warehouse-go:8084,2026-06-24 13:10:57,2026-06-24T07:40:57Z,1782286857,sustain,1785.0,34652160.0,"{""__name__"": ""process_resident_memory_bytes""}"
1,A,RSS Memory Footprint,go_inventory,go,inventory,inventory-go-twin:9082,inventory-go-twin:9082,2026-06-24 13:11:12,2026-06-24T07:41:12Z,1782286872,cooldown,1800.0,33878016.0,"{""__name__"": ""process_resident_memory_bytes""}"
1,A,RSS Memory Footprint,go_inventory,go,inventory,order-go-twin:9083,order-go-twin:9083,2026-06-24 13:11:12,2026-06-24T07:41:12Z,1782286872,cooldown,1800.0,31776768.0,"{""__name__"": ""process_resident_memory_bytes""}"
1,A,RSS Memory Footprint,go_inventory,go,inventory,warehouse-go:8084,warehouse-go:8084,2026-06-24 13:11:12,2026-06-24T07:41:12Z,1782286872,cooldown,1800.0,34914304.0,"{""__name__"": ""process_resident_memory_bytes""}"
1,A,RSS Memory Footprint,go_inventory,go,inventory,inventory-go-twin:9082,inventory-go-twin:9082,2026-06-24 13:11:27,2026-06-24T07:41:27Z,1782286887,cooldown,1815.0,34324480.0,"{""__name__"": ""process_resident_memory_bytes""}"
1,A,RSS Memory Footprint,go_inventory,go,inventory,order-go-twin:9083,order-go-twin:9083,2026-06-24 13:11:27,2026-06-24T07:41:27Z,1782286887,cooldown,1815.0,31776768.0,"{""__name__"": ""process_resident_memory_bytes""}"
1,A,RSS Memory Footprint,go_inventory,go,inventory,warehouse-go:8084,warehouse-go:8084,2026-06-24 13:11:27,2026-06-24T07:41:27Z,1782286887,cooldown,1815.0,34914304.0,"{""__name__"": ""process_resident_memory_bytes""}"
1,A,RSS Memory Footprint,go_inventory,go,inventory,inventory-go-twin:9082,inventory-go-twin:9082,2026-06-24 13:11:42,2026-06-24T07:41:42Z,1782286902,cooldown,1830.0,34570240.0,"{""__name__"": ""process_resident_memory_bytes""}"
1,A,RSS Memory Footprint,go_inventory,go,inventory,order-go-twin:9083,order-go-twin:9083,2026-06-24 13:11:42,2026-06-24T07:41:42Z,1782286902,cooldown,1830.0,31776768.0,"{""__name__"": ""process_resident_memory_bytes""}"
1,A,RSS Memory Footprint,go_inventory,go,inventory,warehouse-go:8084,warehouse-go:8084,2026-06-24 13:11:42,2026-06-24T07:41:42Z,1782286902,cooldown,1830.0,33955840.0,"{""__name__"": ""process_resident_memory_bytes""}"
1,A,RSS Memory Footprint,go_inventory,go,inventory,inventory-go-twin:9082,inventory-go-twin:9082,2026-06-24 13:11:57,2026-06-24T07:41:57Z,1782286917,cooldown,1845.0,34844672.0,"{""__name__"": ""process_resident_memory_bytes""}"
1,A,RSS Memory Footprint,go_inventory,go,inventory,order-go-twin:9083,order-go-twin:9083,2026-06-24 13:11:57,2026-06-24T07:41:57Z,1782286917,cooldown,1845.0,31776768.0,"{""__name__"": ""process_resident_memory_bytes""}"
1,A,RSS Memory Footprint,go_inventory,go,inventory,warehouse-go:8084,warehouse-go:8084,2026-06-24 13:11:57,2026-06-24T07:41:57Z,1782286917,cooldown,1845.0,34742272.0,"{""__name__"": ""process_resident_memory_bytes""}"
1,A,RSS Memory Footprint,go_inventory,go,inventory,inventory-go-twin:9082,inventory-go-twin:9082,2026-06-24 13:12:12,2026-06-24T07:42:12Z,1782286932,cooldown,1860.0,34373632.0,"{""__name__"": ""process_resident_memory_bytes""}"
1,A,RSS Memory Footprint,go_inventory,go,inventory,order-go-twin:9083,order-go-twin:9083,2026-06-24 13:12:12,2026-06-24T07:42:12Z,1782286932,cooldown,1860.0,31776768.0,"{""__name__"": ""process_resident_memory_bytes""}"
1,A,RSS Memory Footprint,go_inventory,go,inventory,warehouse-go:8084,warehouse-go:8084,2026-06-24 13:12:12,2026-06-24T07:42:12Z,1782286932,cooldown,1860.0,34820096.0,"{""__name__"": ""process_resident_memory_bytes""}"
1,A,RSS Memory Footprint,go_inventory,go,inventory,inventory-go-twin:9082,inventory-go-twin:9082,2026-06-24 13:12:27,2026-06-24T07:42:27Z,1782286947,cooldown,1875.0,34971648.0,"{""__name__"": ""process_resident_memory_bytes""}"
1,A,RSS Memory Footprint,go_inventory,go,inventory,order-go-twin:9083,order-go-twin:9083,2026-06-24 13:12:27,2026-06-24T07:42:27Z,1782286947,cooldown,1875.0,31776768.0,"{""__name__"": ""process_resident_memory_bytes""}"
1,A,RSS Memory Footprint,go_inventory,go,inventory,warehouse-go:8084,warehouse-go:8084,2026-06-24 13:12:27,2026-06-24T07:42:27Z,1782286947,cooldown,1875.0,34820096.0,"{""__name__"": ""process_resident_memory_bytes""}"
1,A,RSS Memory Footprint,go_inventory,go,inventory,inventory-go-twin:9082,inventory-go-twin:9082,2026-06-24 13:12:42,2026-06-24T07:42:42Z,1782286962,cooldown,1890.0,35217408.0,"{""__name__"": ""process_resident_memory_bytes""}"
1,A,RSS Memory Footprint,go_inventory,go,inventory,order-go-twin:9083,order-go-twin:9083,2026-06-24 13:12:42,2026-06-24T07:42:42Z,1782286962,cooldown,1890.0,31776768.0,"{""__name__"": ""process_resident_memory_bytes""}"
1,A,RSS Memory Footprint,go_inventory,go,inventory,warehouse-go:8084,warehouse-go:8084,2026-06-24 13:12:42,2026-06-24T07:42:42Z,1782286962,cooldown,1890.0,35065856.0,"{""__name__"": ""process_resident_memory_bytes""}"
1,A,RSS Memory Footprint,go_inventory,go,inventory,inventory-go-twin:9082,inventory-go-twin:9082,2026-06-24 13:12:57,2026-06-24T07:42:57Z,1782286977,cooldown,1905.0,35217408.0,"{""__name__"": ""process_resident_memory_bytes""}"
1,A,RSS Memory Footprint,go_inventory,go,inventory,order-go-twin:9083,order-go-twin:9083,2026-06-24 13:12:57,2026-06-24T07:42:57Z,1782286977,cooldown,1905.0,31776768.0,"{""__name__"": ""process_resident_memory_bytes""}"
1,A,RSS Memory Footprint,go_inventory,go,inventory,warehouse-go:8084,warehouse-go:8084,2026-06-24 13:12:57,2026-06-24T07:42:57Z,1782286977,cooldown,1905.0,35147776.0,"{""__name__"": ""process_resident_memory_bytes""}"
1,A,RSS Memory Footprint,go_inventory,go,inventory,inventory-go-twin:9082,inventory-go-twin:9082,2026-06-24 13:13:12,2026-06-24T07:43:12Z,1782286992,cooldown,1920.0,35217408.0,"{""__name__"": ""process_resident_memory_bytes""}"
1,A,RSS Memory Footprint,go_inventory,go,inventory,order-go-twin:9083,order-go-twin:9083,2026-06-24 13:13:12,2026-06-24T07:43:12Z,1782286992,cooldown,1920.0,31776768.0,"{""__name__"": ""process_resident_memory_bytes""}"
1,A,RSS Memory Footprint,go_inventory,go,inventory,warehouse-go:8084,warehouse-go:8084,2026-06-24 13:13:12,2026-06-24T07:43:12Z,1782286992,cooldown,1920.0,33529856.0,"{""__name__"": ""process_resident_memory_bytes""}"
1,A,RSS Memory Footprint,go_inventory,go,inventory,inventory-go-twin:9082,inventory-go-twin:9082,2026-06-24 13:13:27,2026-06-24T07:43:27Z,1782287007,cooldown,1935.0,35217408.0,"{""__name__"": ""process_resident_memory_bytes""}"
1,A,RSS Memory Footprint,go_inventory,go,inventory,order-go-twin:9083,order-go-twin:9083,2026-06-24 13:13:27,2026-06-24T07:43:27Z,1782287007,cooldown,1935.0,31776768.0,"{""__name__"": ""process_resident_memory_bytes""}"
1,A,RSS Memory Footprint,go_inventory,go,inventory,warehouse-go:8084,warehouse-go:8084,2026-06-24 13:13:27,2026-06-24T07:43:27Z,1782287007,cooldown,1935.0,32944128.0,"{""__name__"": ""process_resident_memory_bytes""}"
1,A,RSS Memory Footprint,go_inventory,go,inventory,inventory-go-twin:9082,inventory-go-twin:9082,2026-06-24 13:13:42,2026-06-24T07:43:42Z,1782287022,cooldown,1950.0,35217408.0,"{""__name__"": ""process_resident_memory_bytes""}"
1,A,RSS Memory Footprint,go_inventory,go,inventory,order-go-twin:9083,order-go-twin:9083,2026-06-24 13:13:42,2026-06-24T07:43:42Z,1782287022,cooldown,1950.0,31776768.0,"{""__name__"": ""process_resident_memory_bytes""}"
1,A,RSS Memory Footprint,go_inventory,go,inventory,warehouse-go:8084,warehouse-go:8084,2026-06-24 13:13:42,2026-06-24T07:43:42Z,1782287022,cooldown,1950.0,34385920.0,"{""__name__"": ""process_resident_memory_bytes""}"
1,A,RSS Memory Footprint,go_inventory,go,inventory,inventory-go-twin:9082,inventory-go-twin:9082,2026-06-24 13:13:57,2026-06-24T07:43:57Z,1782287037,cooldown,1965.0,35217408.0,"{""__name__"": ""process_resident_memory_bytes""}"
1,A,RSS Memory Footprint,go_inventory,go,inventory,order-go-twin:9083,order-go-twin:9083,2026-06-24 13:13:57,2026-06-24T07:43:57Z,1782287037,cooldown,1965.0,31776768.0,"{""__name__"": ""process_resident_memory_bytes""}"
1,A,RSS Memory Footprint,go_inventory,go,inventory,warehouse-go:8084,warehouse-go:8084,2026-06-24 13:13:57,2026-06-24T07:43:57Z,1782287037,cooldown,1965.0,35250176.0,"{""__name__"": ""process_resident_memory_bytes""}"
1,A,RSS Memory Footprint,go_inventory,go,inventory,inventory-go-twin:9082,inventory-go-twin:9082,2026-06-24 13:14:12,2026-06-24T07:44:12Z,1782287052,cooldown,1980.0,35872768.0,"{""__name__"": ""process_resident_memory_bytes""}"
1,A,RSS Memory Footprint,go_inventory,go,inventory,order-go-twin:9083,order-go-twin:9083,2026-06-24 13:14:12,2026-06-24T07:44:12Z,1782287052,cooldown,1980.0,31776768.0,"{""__name__"": ""process_resident_memory_bytes""}"
1,A,RSS Memory Footprint,go_inventory,go,inventory,warehouse-go:8084,warehouse-go:8084,2026-06-24 13:14:12,2026-06-24T07:44:12Z,1782287052,cooldown,1980.0,35250176.0,"{""__name__"": ""process_resident_memory_bytes""}"
1,A,RSS Memory Footprint,go_inventory,go,inventory,inventory-go-twin:9082,inventory-go-twin:9082,2026-06-24 13:14:27,2026-06-24T07:44:27Z,1782287067,cooldown,1995.0,33857536.0,"{""__name__"": ""process_resident_memory_bytes""}"
1,A,RSS Memory Footprint,go_inventory,go,inventory,order-go-twin:9083,order-go-twin:9083,2026-06-24 13:14:27,2026-06-24T07:44:27Z,1782287067,cooldown,1995.0,31776768.0,"{""__name__"": ""process_resident_memory_bytes""}"
1,A,RSS Memory Footprint,go_inventory,go,inventory,warehouse-go:8084,warehouse-go:8084,2026-06-24 13:14:27,2026-06-24T07:44:27Z,1782287067,cooldown,1995.0,33087488.0,"{""__name__"": ""process_resident_memory_bytes""}"
1,A,RSS Memory Footprint,go_inventory,go,inventory,inventory-go-twin:9082,inventory-go-twin:9082,2026-06-24 13:14:42,2026-06-24T07:44:42Z,1782287082,cooldown,2010.0,35692544.0,"{""__name__"": ""process_resident_memory_bytes""}"
1,A,RSS Memory Footprint,go_inventory,go,inventory,order-go-twin:9083,order-go-twin:9083,2026-06-24 13:14:42,2026-06-24T07:44:42Z,1782287082,cooldown,2010.0,31776768.0,"{""__name__"": ""process_resident_memory_bytes""}"
1,A,RSS Memory Footprint,go_inventory,go,inventory,warehouse-go:8084,warehouse-go:8084,2026-06-24 13:14:42,2026-06-24T07:44:42Z,1782287082,cooldown,2010.0,33480704.0,"{""__name__"": ""process_resident_memory_bytes""}"
1,A,RSS Memory Footprint,go_inventory,go,inventory,inventory-go-twin:9082,inventory-go-twin:9082,2026-06-24 13:14:57,2026-06-24T07:44:57Z,1782287097,cooldown,2025.0,34058240.0,"{""__name__"": ""process_resident_memory_bytes""}"
1,A,RSS Memory Footprint,go_inventory,go,inventory,order-go-twin:9083,order-go-twin:9083,2026-06-24 13:14:57,2026-06-24T07:44:57Z,1782287097,cooldown,2025.0,31776768.0,"{""__name__"": ""process_resident_memory_bytes""}"
1,A,RSS Memory Footprint,go_inventory,go,inventory,warehouse-go:8084,warehouse-go:8084,2026-06-24 13:14:57,2026-06-24T07:44:57Z,1782287097,cooldown,2025.0,33480704.0,"{""__name__"": ""process_resident_memory_bytes""}"
1,A,RSS Memory Footprint,go_inventory,go,inventory,inventory-go-twin:9082,inventory-go-twin:9082,2026-06-24 13:15:12,2026-06-24T07:45:12Z,1782287112,cooldown,2040.0,34562048.0,"{""__name__"": ""process_resident_memory_bytes""}"
1,A,RSS Memory Footprint,go_inventory,go,inventory,order-go-twin:9083,order-go-twin:9083,2026-06-24 13:15:12,2026-06-24T07:45:12Z,1782287112,cooldown,2040.0,31776768.0,"{""__name__"": ""process_resident_memory_bytes""}"
1,A,RSS Memory Footprint,go_inventory,go,inventory,warehouse-go:8084,warehouse-go:8084,2026-06-24 13:15:12,2026-06-24T07:45:12Z,1782287112,cooldown,2040.0,33611776.0,"{""__name__"": ""process_resident_memory_bytes""}"
1,A,RSS Memory Footprint,go_inventory,go,inventory,inventory-go-twin:9082,inventory-go-twin:9082,2026-06-24 13:15:27,2026-06-24T07:45:27Z,1782287127,cooldown,2055.0,34562048.0,"{""__name__"": ""process_resident_memory_bytes""}"
1,A,RSS Memory Footprint,go_inventory,go,inventory,order-go-twin:9083,order-go-twin:9083,2026-06-24 13:15:27,2026-06-24T07:45:27Z,1782287127,cooldown,2055.0,31776768.0,"{""__name__"": ""process_resident_memory_bytes""}"
1,A,RSS Memory Footprint,go_inventory,go,inventory,warehouse-go:8084,warehouse-go:8084,2026-06-24 13:15:27,2026-06-24T07:45:27Z,1782287127,cooldown,2055.0,34398208.0,"{""__name__"": ""process_resident_memory_bytes""}"
1,A,RSS Memory Footprint,go_inventory,go,inventory,inventory-go-twin:9082,inventory-go-twin:9082,2026-06-24 13:15:42,2026-06-24T07:45:42Z,1782287142,cooldown,2070.0,35348480.0,"{""__name__"": ""process_resident_memory_bytes""}"
1,A,RSS Memory Footprint,go_inventory,go,inventory,order-go-twin:9083,order-go-twin:9083,2026-06-24 13:15:42,2026-06-24T07:45:42Z,1782287142,cooldown,2070.0,31776768.0,"{""__name__"": ""process_resident_memory_bytes""}"
1,A,RSS Memory Footprint,go_inventory,go,inventory,warehouse-go:8084,warehouse-go:8084,2026-06-24 13:15:42,2026-06-24T07:45:42Z,1782287142,cooldown,2070.0,34398208.0,"{""__name__"": ""process_resident_memory_bytes""}"
1,A,RSS Memory Footprint,go_inventory,go,inventory,inventory-go-twin:9082,inventory-go-twin:9082,2026-06-24 13:15:57,2026-06-24T07:45:57Z,1782287157,cooldown,2085.0,35348480.0,"{""__name__"": ""process_resident_memory_bytes""}"
1,A,RSS Memory Footprint,go_inventory,go,inventory,order-go-twin:9083,order-go-twin:9083,2026-06-24 13:15:57,2026-06-24T07:45:57Z,1782287157,cooldown,2085.0,31776768.0,"{""__name__"": ""process_resident_memory_bytes""}"
1,A,RSS Memory Footprint,go_inventory,go,inventory,warehouse-go:8084,warehouse-go:8084,2026-06-24 13:15:57,2026-06-24T07:45:57Z,1782287157,cooldown,2085.0,34529280.0,"{""__name__"": ""process_resident_memory_bytes""}"
1,A,RSS Memory Footprint,go_inventory,go,inventory,inventory-go-twin:9082,inventory-go-twin:9082,2026-06-24 13:16:12,2026-06-24T07:46:12Z,1782287172,post_test,2100.0,35348480.0,"{""__name__"": ""process_resident_memory_bytes""}"
1,A,RSS Memory Footprint,go_inventory,go,inventory,order-go-twin:9083,order-go-twin:9083,2026-06-24 13:16:12,2026-06-24T07:46:12Z,1782287172,post_test,2100.0,31776768.0,"{""__name__"": ""process_resident_memory_bytes""}"
1,A,RSS Memory Footprint,go_inventory,go,inventory,warehouse-go:8084,warehouse-go:8084,2026-06-24 13:16:12,2026-06-24T07:46:12Z,1782287172,post_test,2100.0,34529280.0,"{""__name__"": ""process_resident_memory_bytes""}"
1,A,RSS Memory Footprint,go_order,go,order,inventory-go-twin:9082,inventory-go-twin:9082,2026-06-24 11:20:51,2026-06-24T05:50:51Z,1782280251,warmup,0.0,27586560.0,"{""__name__"": ""process_resident_memory_bytes""}"
1,A,RSS Memory Footprint,go_order,go,order,order-go-twin:9083,order-go-twin:9083,2026-06-24 11:20:51,2026-06-24T05:50:51Z,1782280251,warmup,0.0,27918336.0,"{""__name__"": ""process_resident_memory_bytes""}"
1,A,RSS Memory Footprint,go_order,go,order,warehouse-go:8084,warehouse-go:8084,2026-06-24 11:20:51,2026-06-24T05:50:51Z,1782280251,warmup,0.0,29343744.0,"{""__name__"": ""process_resident_memory_bytes""}"
1,A,RSS Memory Footprint,go_order,go,order,inventory-go-twin:9082,inventory-go-twin:9082,2026-06-24 11:21:06,2026-06-24T05:51:06Z,1782280266,warmup,15.0,27586560.0,"{""__name__"": ""process_resident_memory_bytes""}"
1,A,RSS Memory Footprint,go_order,go,order,order-go-twin:9083,order-go-twin:9083,2026-06-24 11:21:06,2026-06-24T05:51:06Z,1782280266,warmup,15.0,27918336.0,"{""__name__"": ""process_resident_memory_bytes""}"
1,A,RSS Memory Footprint,go_order,go,order,warehouse-go:8084,warehouse-go:8084,2026-06-24 11:21:06,2026-06-24T05:51:06Z,1782280266,warmup,15.0,29343744.0,"{""__name__"": ""process_resident_memory_bytes""}"
1,A,RSS Memory Footprint,go_order,go,order,inventory-go-twin:9082,inventory-go-twin:9082,2026-06-24 11:21:21,2026-06-24T05:51:21Z,1782280281,warmup,30.0,27586560.0,"{""__name__"": ""process_resident_memory_bytes""}"
1,A,RSS Memory Footprint,go_order,go,order,order-go-twin:9083,order-go-twin:9083,2026-06-24 11:21:21,2026-06-24T05:51:21Z,1782280281,warmup,30.0,27918336.0,"{""__name__"": ""process_resident_memory_bytes""}"
1,A,RSS Memory Footprint,go_order,go,order,warehouse-go:8084,warehouse-go:8084,2026-06-24 11:21:21,2026-06-24T05:51:21Z,1782280281,warmup,30.0,28848128.0,"{""__name__"": ""process_resident_memory_bytes""}"
1,A,RSS Memory Footprint,go_order,go,order,inventory-go-twin:9082,inventory-go-twin:9082,2026-06-24 11:21:36,2026-06-24T05:51:36Z,1782280296,warmup,45.0,27541504.0,"{""__name__"": ""process_resident_memory_bytes""}"
1,A,RSS Memory Footprint,go_order,go,order,order-go-twin:9083,order-go-twin:9083,2026-06-24 11:21:36,2026-06-24T05:51:36Z,1782280296,warmup,45.0,28835840.0,"{""__name__"": ""process_resident_memory_bytes""}"
1,A,RSS Memory Footprint,go_order,go,order,warehouse-go:8084,warehouse-go:8084,2026-06-24 11:21:36,2026-06-24T05:51:36Z,1782280296,warmup,45.0,29241344.0,"{""__name__"": ""process_resident_memory_bytes""}"
1,A,RSS Memory Footprint,go_order,go,order,inventory-go-twin:9082,inventory-go-twin:9082,2026-06-24 11:21:51,2026-06-24T05:51:51Z,1782280311,warmup,60.0,27541504.0,"{""__name__"": ""process_resident_memory_bytes""}"
1,A,RSS Memory Footprint,go_order,go,order,order-go-twin:9083,order-go-twin:9083,2026-06-24 11:21:51,2026-06-24T05:51:51Z,1782280311,warmup,60.0,28835840.0,"{""__name__"": ""process_resident_memory_bytes""}"
1,A,RSS Memory Footprint,go_order,go,order,warehouse-go:8084,warehouse-go:8084,2026-06-24 11:21:51,2026-06-24T05:51:51Z,1782280311,warmup,60.0,29241344.0,"{""__name__"": ""process_resident_memory_bytes""}"
1,A,RSS Memory Footprint,go_order,go,order,inventory-go-twin:9082,inventory-go-twin:9082,2026-06-24 11:22:06,2026-06-24T05:52:06Z,1782280326,warmup,75.0,27541504.0,"{""__name__"": ""process_resident_memory_bytes""}"
1,A,RSS Memory Footprint,go_order,go,order,order-go-twin:9083,order-go-twin:9083,2026-06-24 11:22:06,2026-06-24T05:52:06Z,1782280326,warmup,75.0,29491200.0,"{""__name__"": ""process_resident_memory_bytes""}"
1,A,RSS Memory Footprint,go_order,go,order,warehouse-go:8084,warehouse-go:8084,2026-06-24 11:22:06,2026-06-24T05:52:06Z,1782280326,warmup,75.0,29847552.0,"{""__name__"": ""process_resident_memory_bytes""}"
1,A,RSS Memory Footprint,go_order,go,order,inventory-go-twin:9082,inventory-go-twin:9082,2026-06-24 11:22:21,2026-06-24T05:52:21Z,1782280341,warmup,90.0,27672576.0,"{""__name__"": ""process_resident_memory_bytes""}"
1,A,RSS Memory Footprint,go_order,go,order,order-go-twin:9083,order-go-twin:9083,2026-06-24 11:22:21,2026-06-24T05:52:21Z,1782280341,warmup,90.0,27729920.0,"{""__name__"": ""process_resident_memory_bytes""}"
1,A,RSS Memory Footprint,go_order,go,order,warehouse-go:8084,warehouse-go:8084,2026-06-24 11:22:21,2026-06-24T05:52:21Z,1782280341,warmup,90.0,30240768.0,"{""__name__"": ""process_resident_memory_bytes""}"
1,A,RSS Memory Footprint,go_order,go,order,inventory-go-twin:9082,inventory-go-twin:9082,2026-06-24 11:22:36,2026-06-24T05:52:36Z,1782280356,warmup,105.0,27672576.0,"{""__name__"": ""process_resident_memory_bytes""}"
1,A,RSS Memory Footprint,go_order,go,order,order-go-twin:9083,order-go-twin:9083,2026-06-24 11:22:36,2026-06-24T05:52:36Z,1782280356,warmup,105.0,28778496.0,"{""__name__"": ""process_resident_memory_bytes""}"
1,A,RSS Memory Footprint,go_order,go,order,warehouse-go:8084,warehouse-go:8084,2026-06-24 11:22:36,2026-06-24T05:52:36Z,1782280356,warmup,105.0,29155328.0,"{""__name__"": ""process_resident_memory_bytes""}"
1,A,RSS Memory Footprint,go_order,go,order,inventory-go-twin:9082,inventory-go-twin:9082,2026-06-24 11:22:51,2026-06-24T05:52:51Z,1782280371,warmup,120.0,27672576.0,"{""__name__"": ""process_resident_memory_bytes""}"
1,A,RSS Memory Footprint,go_order,go,order,order-go-twin:9083,order-go-twin:9083,2026-06-24 11:22:51,2026-06-24T05:52:51Z,1782280371,warmup,120.0,27324416.0,"{""__name__"": ""process_resident_memory_bytes""}"
1,A,RSS Memory Footprint,go_order,go,order,warehouse-go:8084,warehouse-go:8084,2026-06-24 11:22:51,2026-06-24T05:52:51Z,1782280371,warmup,120.0,29155328.0,"{""__name__"": ""process_resident_memory_bytes""}"
1,A,RSS Memory Footprint,go_order,go,order,inventory-go-twin:9082,inventory-go-twin:9082,2026-06-24 11:23:06,2026-06-24T05:53:06Z,1782280386,warmup,135.0,27672576.0,"{""__name__"": ""process_resident_memory_bytes""}"
1,A,RSS Memory Footprint,go_order,go,order,order-go-twin:9083,order-go-twin:9083,2026-06-24 11:23:06,2026-06-24T05:53:06Z,1782280386,warmup,135.0,27713536.0,"{""__name__"": ""process_resident_memory_bytes""}"
1,A,RSS Memory Footprint,go_order,go,order,warehouse-go:8084,warehouse-go:8084,2026-06-24 11:23:06,2026-06-24T05:53:06Z,1782280386,warmup,135.0,29241344.0,"{""__name__"": ""process_resident_memory_bytes""}"
1,A,RSS Memory Footprint,go_order,go,order,inventory-go-twin:9082,inventory-go-twin:9082,2026-06-24 11:23:21,2026-06-24T05:53:21Z,1782280401,warmup,150.0,28065792.0,"{""__name__"": ""process_resident_memory_bytes""}"
1,A,RSS Memory Footprint,go_order,go,order,order-go-twin:9083,order-go-twin:9083,2026-06-24 11:23:21,2026-06-24T05:53:21Z,1782280401,warmup,150.0,28368896.0,"{""__name__"": ""process_resident_memory_bytes""}"
1,A,RSS Memory Footprint,go_order,go,order,warehouse-go:8084,warehouse-go:8084,2026-06-24 11:23:21,2026-06-24T05:53:21Z,1782280401,warmup,150.0,29011968.0,"{""__name__"": ""process_resident_memory_bytes""}"
1,A,RSS Memory Footprint,go_order,go,order,inventory-go-twin:9082,inventory-go-twin:9082,2026-06-24 11:23:36,2026-06-24T05:53:36Z,1782280416,warmup,165.0,28196864.0,"{""__name__"": ""process_resident_memory_bytes""}"
1,A,RSS Memory Footprint,go_order,go,order,order-go-twin:9083,order-go-twin:9083,2026-06-24 11:23:36,2026-06-24T05:53:36Z,1782280416,warmup,165.0,28454912.0,"{""__name__"": ""process_resident_memory_bytes""}"
1,A,RSS Memory Footprint,go_order,go,order,warehouse-go:8084,warehouse-go:8084,2026-06-24 11:23:36,2026-06-24T05:53:36Z,1782280416,warmup,165.0,29143040.0,"{""__name__"": ""process_resident_memory_bytes""}"
1,A,RSS Memory Footprint,go_order,go,order,inventory-go-twin:9082,inventory-go-twin:9082,2026-06-24 11:23:51,2026-06-24T05:53:51Z,1782280431,warmup,180.0,28971008.0,"{""__name__"": ""process_resident_memory_bytes""}"
1,A,RSS Memory Footprint,go_order,go,order,order-go-twin:9083,order-go-twin:9083,2026-06-24 11:23:51,2026-06-24T05:53:51Z,1782280431,warmup,180.0,28811264.0,"{""__name__"": ""process_resident_memory_bytes""}"
1,A,RSS Memory Footprint,go_order,go,order,warehouse-go:8084,warehouse-go:8084,2026-06-24 11:23:51,2026-06-24T05:53:51Z,1782280431,warmup,180.0,29274112.0,"{""__name__"": ""process_resident_memory_bytes""}"
1,A,RSS Memory Footprint,go_order,go,order,inventory-go-twin:9082,inventory-go-twin:9082,2026-06-24 11:24:06,2026-06-24T05:54:06Z,1782280446,warmup,195.0,28971008.0,"{""__name__"": ""process_resident_memory_bytes""}"
1,A,RSS Memory Footprint,go_order,go,order,order-go-twin:9083,order-go-twin:9083,2026-06-24 11:24:06,2026-06-24T05:54:06Z,1782280446,warmup,195.0,29175808.0,"{""__name__"": ""process_resident_memory_bytes""}"
1,A,RSS Memory Footprint,go_order,go,order,warehouse-go:8084,warehouse-go:8084,2026-06-24 11:24:06,2026-06-24T05:54:06Z,1782280446,warmup,195.0,27987968.0,"{""__name__"": ""process_resident_memory_bytes""}"
1,A,RSS Memory Footprint,go_order,go,order,inventory-go-twin:9082,inventory-go-twin:9082,2026-06-24 11:24:21,2026-06-24T05:54:21Z,1782280461,warmup,210.0,28971008.0,"{""__name__"": ""process_resident_memory_bytes""}"
1,A,RSS Memory Footprint,go_order,go,order,order-go-twin:9083,order-go-twin:9083,2026-06-24 11:24:21,2026-06-24T05:54:21Z,1782280461,warmup,210.0,29376512.0,"{""__name__"": ""process_resident_memory_bytes""}"
1,A,RSS Memory Footprint,go_order,go,order,warehouse-go:8084,warehouse-go:8084,2026-06-24 11:24:21,2026-06-24T05:54:21Z,1782280461,warmup,210.0,28606464.0,"{""__name__"": ""process_resident_memory_bytes""}"
1,A,RSS Memory Footprint,go_order,go,order,inventory-go-twin:9082,inventory-go-twin:9082,2026-06-24 11:24:36,2026-06-24T05:54:36Z,1782280476,warmup,225.0,29233152.0,"{""__name__"": ""process_resident_memory_bytes""}"
1,A,RSS Memory Footprint,go_order,go,order,order-go-twin:9083,order-go-twin:9083,2026-06-24 11:24:36,2026-06-24T05:54:36Z,1782280476,warmup,225.0,28925952.0,"{""__name__"": ""process_resident_memory_bytes""}"
1,A,RSS Memory Footprint,go_order,go,order,warehouse-go:8084,warehouse-go:8084,2026-06-24 11:24:36,2026-06-24T05:54:36Z,1782280476,warmup,225.0,29917184.0,"{""__name__"": ""process_resident_memory_bytes""}"
1,A,RSS Memory Footprint,go_order,go,order,inventory-go-twin:9082,inventory-go-twin:9082,2026-06-24 11:24:51,2026-06-24T05:54:51Z,1782280491,warmup,240.0,28680192.0,"{""__name__"": ""process_resident_memory_bytes""}"
1,A,RSS Memory Footprint,go_order,go,order,order-go-twin:9083,order-go-twin:9083,2026-06-24 11:24:51,2026-06-24T05:54:51Z,1782280491,warmup,240.0,28893184.0,"{""__name__"": ""process_resident_memory_bytes""}"
1,A,RSS Memory Footprint,go_order,go,order,warehouse-go:8084,warehouse-go:8084,2026-06-24 11:24:51,2026-06-24T05:54:51Z,1782280491,warmup,240.0,29917184.0,"{""__name__"": ""process_resident_memory_bytes""}"
1,A,RSS Memory Footprint,go_order,go,order,inventory-go-twin:9082,inventory-go-twin:9082,2026-06-24 11:25:06,2026-06-24T05:55:06Z,1782280506,warmup,255.0,28680192.0,"{""__name__"": ""process_resident_memory_bytes""}"
1,A,RSS Memory Footprint,go_order,go,order,order-go-twin:9083,order-go-twin:9083,2026-06-24 11:25:06,2026-06-24T05:55:06Z,1782280506,warmup,255.0,28979200.0,"{""__name__"": ""process_resident_memory_bytes""}"
1,A,RSS Memory Footprint,go_order,go,order,warehouse-go:8084,warehouse-go:8084,2026-06-24 11:25:06,2026-06-24T05:55:06Z,1782280506,warmup,255.0,30703616.0,"{""__name__"": ""process_resident_memory_bytes""}"
1,A,RSS Memory Footprint,go_order,go,order,inventory-go-twin:9082,inventory-go-twin:9082,2026-06-24 11:25:21,2026-06-24T05:55:21Z,1782280521,warmup,270.0,29331456.0,"{""__name__"": ""process_resident_memory_bytes""}"
1,A,RSS Memory Footprint,go_order,go,order,order-go-twin:9083,order-go-twin:9083,2026-06-24 11:25:21,2026-06-24T05:55:21Z,1782280521,warmup,270.0,29110272.0,"{""__name__"": ""process_resident_memory_bytes""}"
1,A,RSS Memory Footprint,go_order,go,order,warehouse-go:8084,warehouse-go:8084,2026-06-24 11:25:21,2026-06-24T05:55:21Z,1782280521,warmup,270.0,30834688.0,"{""__name__"": ""process_resident_memory_bytes""}"
1,A,RSS Memory Footprint,go_order,go,order,inventory-go-twin:9082,inventory-go-twin:9082,2026-06-24 11:25:36,2026-06-24T05:55:36Z,1782280536,warmup,285.0,28356608.0,"{""__name__"": ""process_resident_memory_bytes""}"
1,A,RSS Memory Footprint,go_order,go,order,order-go-twin:9083,order-go-twin:9083,2026-06-24 11:25:36,2026-06-24T05:55:36Z,1782280536,warmup,285.0,29474816.0,"{""__name__"": ""process_resident_memory_bytes""}"
1,A,RSS Memory Footprint,go_order,go,order,warehouse-go:8084,warehouse-go:8084,2026-06-24 11:25:36,2026-06-24T05:55:36Z,1782280536,warmup,285.0,30965760.0,"{""__name__"": ""process_resident_memory_bytes""}"
1,A,RSS Memory Footprint,go_order,go,order,inventory-go-twin:9082,inventory-go-twin:9082,2026-06-24 11:25:51,2026-06-24T05:55:51Z,1782280551,ramp_1,300.0,28749824.0,"{""__name__"": ""process_resident_memory_bytes""}"
1,A,RSS Memory Footprint,go_order,go,order,order-go-twin:9083,order-go-twin:9083,2026-06-24 11:25:51,2026-06-24T05:55:51Z,1782280551,ramp_1,300.0,29286400.0,"{""__name__"": ""process_resident_memory_bytes""}"
1,A,RSS Memory Footprint,go_order,go,order,warehouse-go:8084,warehouse-go:8084,2026-06-24 11:25:51,2026-06-24T05:55:51Z,1782280551,ramp_1,300.0,32669696.0,"{""__name__"": ""process_resident_memory_bytes""}"
1,A,RSS Memory Footprint,go_order,go,order,inventory-go-twin:9082,inventory-go-twin:9082,2026-06-24 11:26:06,2026-06-24T05:56:06Z,1782280566,ramp_1,315.0,29143040.0,"{""__name__"": ""process_resident_memory_bytes""}"
1,A,RSS Memory Footprint,go_order,go,order,order-go-twin:9083,order-go-twin:9083,2026-06-24 11:26:06,2026-06-24T05:56:06Z,1782280566,ramp_1,315.0,29929472.0,"{""__name__"": ""process_resident_memory_bytes""}"
1,A,RSS Memory Footprint,go_order,go,order,warehouse-go:8084,warehouse-go:8084,2026-06-24 11:26:06,2026-06-24T05:56:06Z,1782280566,ramp_1,315.0,32800768.0,"{""__name__"": ""process_resident_memory_bytes""}"
1,A,RSS Memory Footprint,go_order,go,order,inventory-go-twin:9082,inventory-go-twin:9082,2026-06-24 11:26:21,2026-06-24T05:56:21Z,1782280581,ramp_1,330.0,28540928.0,"{""__name__"": ""process_resident_memory_bytes""}"
1,A,RSS Memory Footprint,go_order,go,order,order-go-twin:9083,order-go-twin:9083,2026-06-24 11:26:21,2026-06-24T05:56:21Z,1782280581,ramp_1,330.0,30167040.0,"{""__name__"": ""process_resident_memory_bytes""}"
1,A,RSS Memory Footprint,go_order,go,order,warehouse-go:8084,warehouse-go:8084,2026-06-24 11:26:21,2026-06-24T05:56:21Z,1782280581,ramp_1,330.0,33456128.0,"{""__name__"": ""process_resident_memory_bytes""}"
1,A,RSS Memory Footprint,go_order,go,order,inventory-go-twin:9082,inventory-go-twin:9082,2026-06-24 11:26:36,2026-06-24T05:56:36Z,1782280596,ramp_1,345.0,30109696.0,"{""__name__"": ""process_resident_memory_bytes""}"
1,A,RSS Memory Footprint,go_order,go,order,order-go-twin:9083,order-go-twin:9083,2026-06-24 11:26:36,2026-06-24T05:56:36Z,1782280596,ramp_1,345.0,28164096.0,"{""__name__"": ""process_resident_memory_bytes""}"
1,A,RSS Memory Footprint,go_order,go,order,warehouse-go:8084,warehouse-go:8084,2026-06-24 11:26:36,2026-06-24T05:56:36Z,1782280596,ramp_1,345.0,33705984.0,"{""__name__"": ""process_resident_memory_bytes""}"
1,A,RSS Memory Footprint,go_order,go,order,inventory-go-twin:9082,inventory-go-twin:9082,2026-06-24 11:26:51,2026-06-24T05:56:51Z,1782280611,ramp_1,360.0,30310400.0,"{""__name__"": ""process_resident_memory_bytes""}"
1,A,RSS Memory Footprint,go_order,go,order,order-go-twin:9083,order-go-twin:9083,2026-06-24 11:26:51,2026-06-24T05:56:51Z,1782280611,ramp_1,360.0,29421568.0,"{""__name__"": ""process_resident_memory_bytes""}"
1,A,RSS Memory Footprint,go_order,go,order,warehouse-go:8084,warehouse-go:8084,2026-06-24 11:26:51,2026-06-24T05:56:51Z,1782280611,ramp_1,360.0,33837056.0,"{""__name__"": ""process_resident_memory_bytes""}"
1,A,RSS Memory Footprint,go_order,go,order,inventory-go-twin:9082,inventory-go-twin:9082,2026-06-24 11:27:06,2026-06-24T05:57:06Z,1782280626,ramp_1,375.0,28123136.0,"{""__name__"": ""process_resident_memory_bytes""}"
1,A,RSS Memory Footprint,go_order,go,order,order-go-twin:9083,order-go-twin:9083,2026-06-24 11:27:06,2026-06-24T05:57:06Z,1782280626,ramp_1,375.0,29548544.0,"{""__name__"": ""process_resident_memory_bytes""}"
1,A,RSS Memory Footprint,go_order,go,order,warehouse-go:8084,warehouse-go:8084,2026-06-24 11:27:06,2026-06-24T05:57:06Z,1782280626,ramp_1,375.0,33837056.0,"{""__name__"": ""process_resident_memory_bytes""}"
1,A,RSS Memory Footprint,go_order,go,order,inventory-go-twin:9082,inventory-go-twin:9082,2026-06-24 11:27:21,2026-06-24T05:57:21Z,1782280641,ramp_1,390.0,29020160.0,"{""__name__"": ""process_resident_memory_bytes""}"
1,A,RSS Memory Footprint,go_order,go,order,order-go-twin:9083,order-go-twin:9083,2026-06-24 11:27:21,2026-06-24T05:57:21Z,1782280641,ramp_1,390.0,30326784.0,"{""__name__"": ""process_resident_memory_bytes""}"
1,A,RSS Memory Footprint,go_order,go,order,warehouse-go:8084,warehouse-go:8084,2026-06-24 11:27:21,2026-06-24T05:57:21Z,1782280641,ramp_1,390.0,33837056.0,"{""__name__"": ""process_resident_memory_bytes""}"
1,A,RSS Memory Footprint,go_order,go,order,inventory-go-twin:9082,inventory-go-twin:9082,2026-06-24 11:27:36,2026-06-24T05:57:36Z,1782280656,ramp_1,405.0,28884992.0,"{""__name__"": ""process_resident_memory_bytes""}"
1,A,RSS Memory Footprint,go_order,go,order,order-go-twin:9083,order-go-twin:9083,2026-06-24 11:27:36,2026-06-24T05:57:36Z,1782280656,ramp_1,405.0,29057024.0,"{""__name__"": ""process_resident_memory_bytes""}"
1,A,RSS Memory Footprint,go_order,go,order,warehouse-go:8084,warehouse-go:8084,2026-06-24 11:27:36,2026-06-24T05:57:36Z,1782280656,ramp_1,405.0,33968128.0,"{""__name__"": ""process_resident_memory_bytes""}"
1,A,RSS Memory Footprint,go_order,go,order,inventory-go-twin:9082,inventory-go-twin:9082,2026-06-24 11:27:51,2026-06-24T05:57:51Z,1782280671,ramp_1,420.0,28946432.0,"{""__name__"": ""process_resident_memory_bytes""}"
1,A,RSS Memory Footprint,go_order,go,order,order-go-twin:9083,order-go-twin:9083,2026-06-24 11:27:51,2026-06-24T05:57:51Z,1782280671,ramp_1,420.0,28585984.0,"{""__name__"": ""process_resident_memory_bytes""}"
1,A,RSS Memory Footprint,go_order,go,order,warehouse-go:8084,warehouse-go:8084,2026-06-24 11:27:51,2026-06-24T05:57:51Z,1782280671,ramp_1,420.0,34230272.0,"{""__name__"": ""process_resident_memory_bytes""}"
1,A,RSS Memory Footprint,go_order,go,order,inventory-go-twin:9082,inventory-go-twin:9082,2026-06-24 11:28:06,2026-06-24T05:58:06Z,1782280686,ramp_1,435.0,28864512.0,"{""__name__"": ""process_resident_memory_bytes""}"
1,A,RSS Memory Footprint,go_order,go,order,order-go-twin:9083,order-go-twin:9083,2026-06-24 11:28:06,2026-06-24T05:58:06Z,1782280686,ramp_1,435.0,28991488.0,"{""__name__"": ""process_resident_memory_bytes""}"
1,A,RSS Memory Footprint,go_order,go,order,warehouse-go:8084,warehouse-go:8084,2026-06-24 11:28:06,2026-06-24T05:58:06Z,1782280686,ramp_1,435.0,34230272.0,"{""__name__"": ""process_resident_memory_bytes""}"
1,A,RSS Memory Footprint,go_order,go,order,inventory-go-twin:9082,inventory-go-twin:9082,2026-06-24 11:28:21,2026-06-24T05:58:21Z,1782280701,ramp_1,450.0,27881472.0,"{""__name__"": ""process_resident_memory_bytes""}"
1,A,RSS Memory Footprint,go_order,go,order,order-go-twin:9083,order-go-twin:9083,2026-06-24 11:28:21,2026-06-24T05:58:21Z,1782280701,ramp_1,450.0,29507584.0,"{""__name__"": ""process_resident_memory_bytes""}"
1,A,RSS Memory Footprint,go_order,go,order,warehouse-go:8084,warehouse-go:8084,2026-06-24 11:28:21,2026-06-24T05:58:21Z,1782280701,ramp_1,450.0,34230272.0,"{""__name__"": ""process_resident_memory_bytes""}"
1,A,RSS Memory Footprint,go_order,go,order,inventory-go-twin:9082,inventory-go-twin:9082,2026-06-24 11:28:36,2026-06-24T05:58:36Z,1782280716,ramp_1,465.0,28975104.0,"{""__name__"": ""process_resident_memory_bytes""}"
1,A,RSS Memory Footprint,go_order,go,order,order-go-twin:9083,order-go-twin:9083,2026-06-24 11:28:36,2026-06-24T05:58:36Z,1782280716,ramp_1,465.0,30285824.0,"{""__name__"": ""process_resident_memory_bytes""}"
1,A,RSS Memory Footprint,go_order,go,order,warehouse-go:8084,warehouse-go:8084,2026-06-24 11:28:36,2026-06-24T05:58:36Z,1782280716,ramp_1,465.0,34230272.0,"{""__name__"": ""process_resident_memory_bytes""}"
1,A,RSS Memory Footprint,go_order,go,order,inventory-go-twin:9082,inventory-go-twin:9082,2026-06-24 11:28:51,2026-06-24T05:58:51Z,1782280731,ramp_1,480.0,28221440.0,"{""__name__"": ""process_resident_memory_bytes""}"
1,A,RSS Memory Footprint,go_order,go,order,order-go-twin:9083,order-go-twin:9083,2026-06-24 11:28:51,2026-06-24T05:58:51Z,1782280731,ramp_1,480.0,29437952.0,"{""__name__"": ""process_resident_memory_bytes""}"
1,A,RSS Memory Footprint,go_order,go,order,warehouse-go:8084,warehouse-go:8084,2026-06-24 11:28:51,2026-06-24T05:58:51Z,1782280731,ramp_1,480.0,34361344.0,"{""__name__"": ""process_resident_memory_bytes""}"
1,A,RSS Memory Footprint,go_order,go,order,inventory-go-twin:9082,inventory-go-twin:9082,2026-06-24 11:29:06,2026-06-24T05:59:06Z,1782280746,ramp_1,495.0,28143616.0,"{""__name__"": ""process_resident_memory_bytes""}"
1,A,RSS Memory Footprint,go_order,go,order,order-go-twin:9083,order-go-twin:9083,2026-06-24 11:29:06,2026-06-24T05:59:06Z,1782280746,ramp_1,495.0,30408704.0,"{""__name__"": ""process_resident_memory_bytes""}"
1,A,RSS Memory Footprint,go_order,go,order,warehouse-go:8084,warehouse-go:8084,2026-06-24 11:29:06,2026-06-24T05:59:06Z,1782280746,ramp_1,495.0,34492416.0,"{""__name__"": ""process_resident_memory_bytes""}"
1,A,RSS Memory Footprint,go_order,go,order,inventory-go-twin:9082,inventory-go-twin:9082,2026-06-24 11:29:21,2026-06-24T05:59:21Z,1782280761,ramp_1,510.0,28225536.0,"{""__name__"": ""process_resident_memory_bytes""}"
1,A,RSS Memory Footprint,go_order,go,order,order-go-twin:9083,order-go-twin:9083,2026-06-24 11:29:21,2026-06-24T05:59:21Z,1782280761,ramp_1,510.0,30265344.0,"{""__name__"": ""process_resident_memory_bytes""}"
1,A,RSS Memory Footprint,go_order,go,order,warehouse-go:8084,warehouse-go:8084,2026-06-24 11:29:21,2026-06-24T05:59:21Z,1782280761,ramp_1,510.0,34754560.0,"{""__name__"": ""process_resident_memory_bytes""}"
1,A,RSS Memory Footprint,go_order,go,order,inventory-go-twin:9082,inventory-go-twin:9082,2026-06-24 11:29:36,2026-06-24T05:59:36Z,1782280776,ramp_1,525.0,28139520.0,"{""__name__"": ""process_resident_memory_bytes""}"
1,A,RSS Memory Footprint,go_order,go,order,order-go-twin:9083,order-go-twin:9083,2026-06-24 11:29:36,2026-06-24T05:59:36Z,1782280776,ramp_1,525.0,29896704.0,"{""__name__"": ""process_resident_memory_bytes""}"
1,A,RSS Memory Footprint,go_order,go,order,warehouse-go:8084,warehouse-go:8084,2026-06-24 11:29:36,2026-06-24T05:59:36Z,1782280776,ramp_1,525.0,35016704.0,"{""__name__"": ""process_resident_memory_bytes""}"
1,A,RSS Memory Footprint,go_order,go,order,inventory-go-twin:9082,inventory-go-twin:9082,2026-06-24 11:29:51,2026-06-24T05:59:51Z,1782280791,ramp_1,540.0,27901952.0,"{""__name__"": ""process_resident_memory_bytes""}"
1,A,RSS Memory Footprint,go_order,go,order,order-go-twin:9083,order-go-twin:9083,2026-06-24 11:29:51,2026-06-24T05:59:51Z,1782280791,ramp_1,540.0,30363648.0,"{""__name__"": ""process_resident_memory_bytes""}"
1,A,RSS Memory Footprint,go_order,go,order,warehouse-go:8084,warehouse-go:8084,2026-06-24 11:29:51,2026-06-24T05:59:51Z,1782280791,ramp_1,540.0,35409920.0,"{""__name__"": ""process_resident_memory_bytes""}"
1,A,RSS Memory Footprint,go_order,go,order,inventory-go-twin:9082,inventory-go-twin:9082,2026-06-24 11:30:06,2026-06-24T06:00:06Z,1782280806,ramp_1,555.0,28254208.0,"{""__name__"": ""process_resident_memory_bytes""}"
1,A,RSS Memory Footprint,go_order,go,order,order-go-twin:9083,order-go-twin:9083,2026-06-24 11:30:06,2026-06-24T06:00:06Z,1782280806,ramp_1,555.0,30842880.0,"{""__name__"": ""process_resident_memory_bytes""}"
1,A,RSS Memory Footprint,go_order,go,order,warehouse-go:8084,warehouse-go:8084,2026-06-24 11:30:06,2026-06-24T06:00:06Z,1782280806,ramp_1,555.0,35540992.0,"{""__name__"": ""process_resident_memory_bytes""}"
1,A,RSS Memory Footprint,go_order,go,order,inventory-go-twin:9082,inventory-go-twin:9082,2026-06-24 11:30:21,2026-06-24T06:00:21Z,1782280821,ramp_1,570.0,27987968.0,"{""__name__"": ""process_resident_memory_bytes""}"
1,A,RSS Memory Footprint,go_order,go,order,order-go-twin:9083,order-go-twin:9083,2026-06-24 11:30:21,2026-06-24T06:00:21Z,1782280821,ramp_1,570.0,31047680.0,"{""__name__"": ""process_resident_memory_bytes""}"
1,A,RSS Memory Footprint,go_order,go,order,warehouse-go:8084,warehouse-go:8084,2026-06-24 11:30:21,2026-06-24T06:00:21Z,1782280821,ramp_1,570.0,36196352.0,"{""__name__"": ""process_resident_memory_bytes""}"
1,A,RSS Memory Footprint,go_order,go,order,inventory-go-twin:9082,inventory-go-twin:9082,2026-06-24 11:30:36,2026-06-24T06:00:36Z,1782280836,ramp_1,585.0,27398144.0,"{""__name__"": ""process_resident_memory_bytes""}"
1,A,RSS Memory Footprint,go_order,go,order,order-go-twin:9083,order-go-twin:9083,2026-06-24 11:30:36,2026-06-24T06:00:36Z,1782280836,ramp_1,585.0,30367744.0,"{""__name__"": ""process_resident_memory_bytes""}"
1,A,RSS Memory Footprint,go_order,go,order,warehouse-go:8084,warehouse-go:8084,2026-06-24 11:30:36,2026-06-24T06:00:36Z,1782280836,ramp_1,585.0,36196352.0,"{""__name__"": ""process_resident_memory_bytes""}"
1,A,RSS Memory Footprint,go_order,go,order,inventory-go-twin:9082,inventory-go-twin:9082,2026-06-24 11:30:51,2026-06-24T06:00:51Z,1782280851,ramp_2,600.0,27680768.0,"{""__name__"": ""process_resident_memory_bytes""}"
1,A,RSS Memory Footprint,go_order,go,order,order-go-twin:9083,order-go-twin:9083,2026-06-24 11:30:51,2026-06-24T06:00:51Z,1782280851,ramp_2,600.0,30638080.0,"{""__name__"": ""process_resident_memory_bytes""}"
1,A,RSS Memory Footprint,go_order,go,order,warehouse-go:8084,warehouse-go:8084,2026-06-24 11:30:51,2026-06-24T06:00:51Z,1782280851,ramp_2,600.0,32190464.0,"{""__name__"": ""process_resident_memory_bytes""}"
1,A,RSS Memory Footprint,go_order,go,order,inventory-go-twin:9082,inventory-go-twin:9082,2026-06-24 11:31:06,2026-06-24T06:01:06Z,1782280866,ramp_2,615.0,28151808.0,"{""__name__"": ""process_resident_memory_bytes""}"
1,A,RSS Memory Footprint,go_order,go,order,order-go-twin:9083,order-go-twin:9083,2026-06-24 11:31:06,2026-06-24T06:01:06Z,1782280866,ramp_2,615.0,30752768.0,"{""__name__"": ""process_resident_memory_bytes""}"
1,A,RSS Memory Footprint,go_order,go,order,warehouse-go:8084,warehouse-go:8084,2026-06-24 11:31:06,2026-06-24T06:01:06Z,1782280866,ramp_2,615.0,32845824.0,"{""__name__"": ""process_resident_memory_bytes""}"
1,A,RSS Memory Footprint,go_order,go,order,inventory-go-twin:9082,inventory-go-twin:9082,2026-06-24 11:31:21,2026-06-24T06:01:21Z,1782280881,ramp_2,630.0,28725248.0,"{""__name__"": ""process_resident_memory_bytes""}"
1,A,RSS Memory Footprint,go_order,go,order,order-go-twin:9083,order-go-twin:9083,2026-06-24 11:31:21,2026-06-24T06:01:21Z,1782280881,ramp_2,630.0,30216192.0,"{""__name__"": ""process_resident_memory_bytes""}"
1,A,RSS Memory Footprint,go_order,go,order,warehouse-go:8084,warehouse-go:8084,2026-06-24 11:31:21,2026-06-24T06:01:21Z,1782280881,ramp_2,630.0,30785536.0,"{""__name__"": ""process_resident_memory_bytes""}"
1,A,RSS Memory Footprint,go_order,go,order,inventory-go-twin:9082,inventory-go-twin:9082,2026-06-24 11:31:36,2026-06-24T06:01:36Z,1782280896,ramp_2,645.0,28721152.0,"{""__name__"": ""process_resident_memory_bytes""}"
1,A,RSS Memory Footprint,go_order,go,order,order-go-twin:9083,order-go-twin:9083,2026-06-24 11:31:36,2026-06-24T06:01:36Z,1782280896,ramp_2,645.0,30433280.0,"{""__name__"": ""process_resident_memory_bytes""}"
1,A,RSS Memory Footprint,go_order,go,order,warehouse-go:8084,warehouse-go:8084,2026-06-24 11:31:36,2026-06-24T06:01:36Z,1782280896,ramp_2,645.0,31965184.0,"{""__name__"": ""process_resident_memory_bytes""}"
1,A,RSS Memory Footprint,go_order,go,order,inventory-go-twin:9082,inventory-go-twin:9082,2026-06-24 11:31:51,2026-06-24T06:01:51Z,1782280911,ramp_2,660.0,26587136.0,"{""__name__"": ""process_resident_memory_bytes""}"
1,A,RSS Memory Footprint,go_order,go,order,order-go-twin:9083,order-go-twin:9083,2026-06-24 11:31:51,2026-06-24T06:01:51Z,1782280911,ramp_2,660.0,31211520.0,"{""__name__"": ""process_resident_memory_bytes""}"
1,A,RSS Memory Footprint,go_order,go,order,warehouse-go:8084,warehouse-go:8084,2026-06-24 11:31:51,2026-06-24T06:01:51Z,1782280911,ramp_2,660.0,30728192.0,"{""__name__"": ""process_resident_memory_bytes""}"
1,A,RSS Memory Footprint,go_order,go,order,inventory-go-twin:9082,inventory-go-twin:9082,2026-06-24 11:32:06,2026-06-24T06:02:06Z,1782280926,ramp_2,675.0,26701824.0,"{""__name__"": ""process_resident_memory_bytes""}"
1,A,RSS Memory Footprint,go_order,go,order,order-go-twin:9083,order-go-twin:9083,2026-06-24 11:32:06,2026-06-24T06:02:06Z,1782280926,ramp_2,675.0,31420416.0,"{""__name__"": ""process_resident_memory_bytes""}"
1,A,RSS Memory Footprint,go_order,go,order,warehouse-go:8084,warehouse-go:8084,2026-06-24 11:32:06,2026-06-24T06:02:06Z,1782280926,ramp_2,675.0,30728192.0,"{""__name__"": ""process_resident_memory_bytes""}"
1,A,RSS Memory Footprint,go_order,go,order,inventory-go-twin:9082,inventory-go-twin:9082,2026-06-24 11:32:21,2026-06-24T06:02:21Z,1782280941,ramp_2,690.0,27189248.0,"{""__name__"": ""process_resident_memory_bytes""}"
1,A,RSS Memory Footprint,go_order,go,order,order-go-twin:9083,order-go-twin:9083,2026-06-24 11:32:21,2026-06-24T06:02:21Z,1782280941,ramp_2,690.0,31649792.0,"{""__name__"": ""process_resident_memory_bytes""}"
1,A,RSS Memory Footprint,go_order,go,order,warehouse-go:8084,warehouse-go:8084,2026-06-24 11:32:21,2026-06-24T06:02:21Z,1782280941,ramp_2,690.0,30859264.0,"{""__name__"": ""process_resident_memory_bytes""}"
1,A,RSS Memory Footprint,go_order,go,order,inventory-go-twin:9082,inventory-go-twin:9082,2026-06-24 11:32:36,2026-06-24T06:02:36Z,1782280956,ramp_2,705.0,28639232.0,"{""__name__"": ""process_resident_memory_bytes""}"
1,A,RSS Memory Footprint,go_order,go,order,order-go-twin:9083,order-go-twin:9083,2026-06-24 11:32:36,2026-06-24T06:02:36Z,1782280956,ramp_2,705.0,31842304.0,"{""__name__"": ""process_resident_memory_bytes""}"
1,A,RSS Memory Footprint,go_order,go,order,warehouse-go:8084,warehouse-go:8084,2026-06-24 11:32:36,2026-06-24T06:02:36Z,1782280956,ramp_2,705.0,30859264.0,"{""__name__"": ""process_resident_memory_bytes""}"
1,A,RSS Memory Footprint,go_order,go,order,inventory-go-twin:9082,inventory-go-twin:9082,2026-06-24 11:32:51,2026-06-24T06:02:51Z,1782280971,ramp_2,720.0,28626944.0,"{""__name__"": ""process_resident_memory_bytes""}"
1,A,RSS Memory Footprint,go_order,go,order,order-go-twin:9083,order-go-twin:9083,2026-06-24 11:32:51,2026-06-24T06:02:51Z,1782280971,ramp_2,720.0,32362496.0,"{""__name__"": ""process_resident_memory_bytes""}"
1,A,RSS Memory Footprint,go_order,go,order,warehouse-go:8084,warehouse-go:8084,2026-06-24 11:32:51,2026-06-24T06:02:51Z,1782280971,ramp_2,720.0,30859264.0,"{""__name__"": ""process_resident_memory_bytes""}"
1,A,RSS Memory Footprint,go_order,go,order,inventory-go-twin:9082,inventory-go-twin:9082,2026-06-24 11:33:06,2026-06-24T06:03:06Z,1782280986,ramp_2,735.0,28798976.0,"{""__name__"": ""process_resident_memory_bytes""}"
1,A,RSS Memory Footprint,go_order,go,order,order-go-twin:9083,order-go-twin:9083,2026-06-24 11:33:06,2026-06-24T06:03:06Z,1782280986,ramp_2,735.0,31932416.0,"{""__name__"": ""process_resident_memory_bytes""}"
1,A,RSS Memory Footprint,go_order,go,order,warehouse-go:8084,warehouse-go:8084,2026-06-24 11:33:06,2026-06-24T06:03:06Z,1782280986,ramp_2,735.0,31514624.0,"{""__name__"": ""process_resident_memory_bytes""}"
1,A,RSS Memory Footprint,go_order,go,order,inventory-go-twin:9082,inventory-go-twin:9082,2026-06-24 11:33:21,2026-06-24T06:03:21Z,1782281001,ramp_2,750.0,27082752.0,"{""__name__"": ""process_resident_memory_bytes""}"
1,A,RSS Memory Footprint,go_order,go,order,order-go-twin:9083,order-go-twin:9083,2026-06-24 11:33:21,2026-06-24T06:03:21Z,1782281001,ramp_2,750.0,32149504.0,"{""__name__"": ""process_resident_memory_bytes""}"
1,A,RSS Memory Footprint,go_order,go,order,warehouse-go:8084,warehouse-go:8084,2026-06-24 11:33:21,2026-06-24T06:03:21Z,1782281001,ramp_2,750.0,31645696.0,"{""__name__"": ""process_resident_memory_bytes""}"
1,A,RSS Memory Footprint,go_order,go,order,inventory-go-twin:9082,inventory-go-twin:9082,2026-06-24 11:33:36,2026-06-24T06:03:36Z,1782281016,ramp_2,765.0,27082752.0,"{""__name__"": ""process_resident_memory_bytes""}"
1,A,RSS Memory Footprint,go_order,go,order,order-go-twin:9083,order-go-twin:9083,2026-06-24 11:33:36,2026-06-24T06:03:36Z,1782281016,ramp_2,765.0,32833536.0,"{""__name__"": ""process_resident_memory_bytes""}"
1,A,RSS Memory Footprint,go_order,go,order,warehouse-go:8084,warehouse-go:8084,2026-06-24 11:33:36,2026-06-24T06:03:36Z,1782281016,ramp_2,765.0,31645696.0,"{""__name__"": ""process_resident_memory_bytes""}"
1,A,RSS Memory Footprint,go_order,go,order,inventory-go-twin:9082,inventory-go-twin:9082,2026-06-24 11:33:51,2026-06-24T06:03:51Z,1782281031,ramp_2,780.0,26935296.0,"{""__name__"": ""process_resident_memory_bytes""}"
1,A,RSS Memory Footprint,go_order,go,order,order-go-twin:9083,order-go-twin:9083,2026-06-24 11:33:51,2026-06-24T06:03:51Z,1782281031,ramp_2,780.0,32669696.0,"{""__name__"": ""process_resident_memory_bytes""}"
1,A,RSS Memory Footprint,go_order,go,order,warehouse-go:8084,warehouse-go:8084,2026-06-24 11:33:51,2026-06-24T06:03:51Z,1782281031,ramp_2,780.0,31907840.0,"{""__name__"": ""process_resident_memory_bytes""}"
1,A,RSS Memory Footprint,go_order,go,order,inventory-go-twin:9082,inventory-go-twin:9082,2026-06-24 11:34:06,2026-06-24T06:04:06Z,1782281046,ramp_2,795.0,26685440.0,"{""__name__"": ""process_resident_memory_bytes""}"
1,A,RSS Memory Footprint,go_order,go,order,order-go-twin:9083,order-go-twin:9083,2026-06-24 11:34:06,2026-06-24T06:04:06Z,1782281046,ramp_2,795.0,34140160.0,"{""__name__"": ""process_resident_memory_bytes""}"
1,A,RSS Memory Footprint,go_order,go,order,warehouse-go:8084,warehouse-go:8084,2026-06-24 11:34:06,2026-06-24T06:04:06Z,1782281046,ramp_2,795.0,31907840.0,"{""__name__"": ""process_resident_memory_bytes""}"
1,A,RSS Memory Footprint,go_order,go,order,inventory-go-twin:9082,inventory-go-twin:9082,2026-06-24 11:34:21,2026-06-24T06:04:21Z,1782281061,ramp_2,810.0,29110272.0,"{""__name__"": ""process_resident_memory_bytes""}"
1,A,RSS Memory Footprint,go_order,go,order,order-go-twin:9083,order-go-twin:9083,2026-06-24 11:34:21,2026-06-24T06:04:21Z,1782281061,ramp_2,810.0,34377728.0,"{""__name__"": ""process_resident_memory_bytes""}"
1,A,RSS Memory Footprint,go_order,go,order,warehouse-go:8084,warehouse-go:8084,2026-06-24 11:34:21,2026-06-24T06:04:21Z,1782281061,ramp_2,810.0,31907840.0,"{""__name__"": ""process_resident_memory_bytes""}"
1,A,RSS Memory Footprint,go_order,go,order,inventory-go-twin:9082,inventory-go-twin:9082,2026-06-24 11:34:36,2026-06-24T06:04:36Z,1782281076,ramp_2,825.0,28434432.0,"{""__name__"": ""process_resident_memory_bytes""}"
1,A,RSS Memory Footprint,go_order,go,order,order-go-twin:9083,order-go-twin:9083,2026-06-24 11:34:36,2026-06-24T06:04:36Z,1782281076,ramp_2,825.0,34394112.0,"{""__name__"": ""process_resident_memory_bytes""}"
1,A,RSS Memory Footprint,go_order,go,order,warehouse-go:8084,warehouse-go:8084,2026-06-24 11:34:36,2026-06-24T06:04:36Z,1782281076,ramp_2,825.0,31907840.0,"{""__name__"": ""process_resident_memory_bytes""}"
1,A,RSS Memory Footprint,go_order,go,order,inventory-go-twin:9082,inventory-go-twin:9082,2026-06-24 11:34:51,2026-06-24T06:04:51Z,1782281091,ramp_2,840.0,28618752.0,"{""__name__"": ""process_resident_memory_bytes""}"
1,A,RSS Memory Footprint,go_order,go,order,order-go-twin:9083,order-go-twin:9083,2026-06-24 11:34:51,2026-06-24T06:04:51Z,1782281091,ramp_2,840.0,33665024.0,"{""__name__"": ""process_resident_memory_bytes""}"
1,A,RSS Memory Footprint,go_order,go,order,warehouse-go:8084,warehouse-go:8084,2026-06-24 11:34:51,2026-06-24T06:04:51Z,1782281091,ramp_2,840.0,31756288.0,"{""__name__"": ""process_resident_memory_bytes""}"
1,A,RSS Memory Footprint,go_order,go,order,inventory-go-twin:9082,inventory-go-twin:9082,2026-06-24 11:35:06,2026-06-24T06:05:06Z,1782281106,ramp_2,855.0,27729920.0,"{""__name__"": ""process_resident_memory_bytes""}"
1,A,RSS Memory Footprint,go_order,go,order,order-go-twin:9083,order-go-twin:9083,2026-06-24 11:35:06,2026-06-24T06:05:06Z,1782281106,ramp_2,855.0,35471360.0,"{""__name__"": ""process_resident_memory_bytes""}"
1,A,RSS Memory Footprint,go_order,go,order,warehouse-go:8084,warehouse-go:8084,2026-06-24 11:35:06,2026-06-24T06:05:06Z,1782281106,ramp_2,855.0,32804864.0,"{""__name__"": ""process_resident_memory_bytes""}"
1,A,RSS Memory Footprint,go_order,go,order,inventory-go-twin:9082,inventory-go-twin:9082,2026-06-24 11:35:21,2026-06-24T06:05:21Z,1782281121,ramp_2,870.0,27222016.0,"{""__name__"": ""process_resident_memory_bytes""}"
1,A,RSS Memory Footprint,go_order,go,order,order-go-twin:9083,order-go-twin:9083,2026-06-24 11:35:21,2026-06-24T06:05:21Z,1782281121,ramp_2,870.0,35340288.0,"{""__name__"": ""process_resident_memory_bytes""}"
1,A,RSS Memory Footprint,go_order,go,order,warehouse-go:8084,warehouse-go:8084,2026-06-24 11:35:21,2026-06-24T06:05:21Z,1782281121,ramp_2,870.0,32358400.0,"{""__name__"": ""process_resident_memory_bytes""}"
1,A,RSS Memory Footprint,go_order,go,order,inventory-go-twin:9082,inventory-go-twin:9082,2026-06-24 11:35:36,2026-06-24T06:05:36Z,1782281136,ramp_2,885.0,27062272.0,"{""__name__"": ""process_resident_memory_bytes""}"
1,A,RSS Memory Footprint,go_order,go,order,order-go-twin:9083,order-go-twin:9083,2026-06-24 11:35:36,2026-06-24T06:05:36Z,1782281136,ramp_2,885.0,36163584.0,"{""__name__"": ""process_resident_memory_bytes""}"
1,A,RSS Memory Footprint,go_order,go,order,warehouse-go:8084,warehouse-go:8084,2026-06-24 11:35:36,2026-06-24T06:05:36Z,1782281136,ramp_2,885.0,32473088.0,"{""__name__"": ""process_resident_memory_bytes""}"
1,A,RSS Memory Footprint,go_order,go,order,inventory-go-twin:9082,inventory-go-twin:9082,2026-06-24 11:35:51,2026-06-24T06:05:51Z,1782281151,ramp_3,900.0,27541504.0,"{""__name__"": ""process_resident_memory_bytes""}"
1,A,RSS Memory Footprint,go_order,go,order,order-go-twin:9083,order-go-twin:9083,2026-06-24 11:35:51,2026-06-24T06:05:51Z,1782281151,ramp_3,900.0,35962880.0,"{""__name__"": ""process_resident_memory_bytes""}"
1,A,RSS Memory Footprint,go_order,go,order,warehouse-go:8084,warehouse-go:8084,2026-06-24 11:35:51,2026-06-24T06:05:51Z,1782281151,ramp_3,900.0,32473088.0,"{""__name__"": ""process_resident_memory_bytes""}"
1,A,RSS Memory Footprint,go_order,go,order,inventory-go-twin:9082,inventory-go-twin:9082,2026-06-24 11:36:06,2026-06-24T06:06:06Z,1782281166,ramp_3,915.0,28901376.0,"{""__name__"": ""process_resident_memory_bytes""}"
1,A,RSS Memory Footprint,go_order,go,order,order-go-twin:9083,order-go-twin:9083,2026-06-24 11:36:06,2026-06-24T06:06:06Z,1782281166,ramp_3,915.0,36425728.0,"{""__name__"": ""process_resident_memory_bytes""}"
1,A,RSS Memory Footprint,go_order,go,order,warehouse-go:8084,warehouse-go:8084,2026-06-24 11:36:06,2026-06-24T06:06:06Z,1782281166,ramp_3,915.0,32473088.0,"{""__name__"": ""process_resident_memory_bytes""}"
1,A,RSS Memory Footprint,go_order,go,order,inventory-go-twin:9082,inventory-go-twin:9082,2026-06-24 11:36:21,2026-06-24T06:06:21Z,1782281181,ramp_3,930.0,28565504.0,"{""__name__"": ""process_resident_memory_bytes""}"
1,A,RSS Memory Footprint,go_order,go,order,order-go-twin:9083,order-go-twin:9083,2026-06-24 11:36:21,2026-06-24T06:06:21Z,1782281181,ramp_3,930.0,36708352.0,"{""__name__"": ""process_resident_memory_bytes""}"
1,A,RSS Memory Footprint,go_order,go,order,warehouse-go:8084,warehouse-go:8084,2026-06-24 11:36:21,2026-06-24T06:06:21Z,1782281181,ramp_3,930.0,32473088.0,"{""__name__"": ""process_resident_memory_bytes""}"
1,A,RSS Memory Footprint,go_order,go,order,inventory-go-twin:9082,inventory-go-twin:9082,2026-06-24 11:36:36,2026-06-24T06:06:36Z,1782281196,ramp_3,945.0,27021312.0,"{""__name__"": ""process_resident_memory_bytes""}"
1,A,RSS Memory Footprint,go_order,go,order,order-go-twin:9083,order-go-twin:9083,2026-06-24 11:36:36,2026-06-24T06:06:36Z,1782281196,ramp_3,945.0,37339136.0,"{""__name__"": ""process_resident_memory_bytes""}"
1,A,RSS Memory Footprint,go_order,go,order,warehouse-go:8084,warehouse-go:8084,2026-06-24 11:36:36,2026-06-24T06:06:36Z,1782281196,ramp_3,945.0,31629312.0,"{""__name__"": ""process_resident_memory_bytes""}"
1,A,RSS Memory Footprint,go_order,go,order,inventory-go-twin:9082,inventory-go-twin:9082,2026-06-24 11:36:51,2026-06-24T06:06:51Z,1782281211,ramp_3,960.0,27090944.0,"{""__name__"": ""process_resident_memory_bytes""}"
1,A,RSS Memory Footprint,go_order,go,order,order-go-twin:9083,order-go-twin:9083,2026-06-24 11:36:51,2026-06-24T06:06:51Z,1782281211,ramp_3,960.0,38510592.0,"{""__name__"": ""process_resident_memory_bytes""}"
1,A,RSS Memory Footprint,go_order,go,order,warehouse-go:8084,warehouse-go:8084,2026-06-24 11:36:51,2026-06-24T06:06:51Z,1782281211,ramp_3,960.0,31584256.0,"{""__name__"": ""process_resident_memory_bytes""}"
1,A,RSS Memory Footprint,go_order,go,order,inventory-go-twin:9082,inventory-go-twin:9082,2026-06-24 11:37:06,2026-06-24T06:07:06Z,1782281226,ramp_3,975.0,28450816.0,"{""__name__"": ""process_resident_memory_bytes""}"
1,A,RSS Memory Footprint,go_order,go,order,order-go-twin:9083,order-go-twin:9083,2026-06-24 11:37:06,2026-06-24T06:07:06Z,1782281226,ramp_3,975.0,37867520.0,"{""__name__"": ""process_resident_memory_bytes""}"
1,A,RSS Memory Footprint,go_order,go,order,warehouse-go:8084,warehouse-go:8084,2026-06-24 11:37:06,2026-06-24T06:07:06Z,1782281226,ramp_3,975.0,31584256.0,"{""__name__"": ""process_resident_memory_bytes""}"
1,A,RSS Memory Footprint,go_order,go,order,inventory-go-twin:9082,inventory-go-twin:9082,2026-06-24 11:37:21,2026-06-24T06:07:21Z,1782281241,ramp_3,990.0,27308032.0,"{""__name__"": ""process_resident_memory_bytes""}"
1,A,RSS Memory Footprint,go_order,go,order,order-go-twin:9083,order-go-twin:9083,2026-06-24 11:37:21,2026-06-24T06:07:21Z,1782281241,ramp_3,990.0,38723584.0,"{""__name__"": ""process_resident_memory_bytes""}"
1,A,RSS Memory Footprint,go_order,go,order,warehouse-go:8084,warehouse-go:8084,2026-06-24 11:37:21,2026-06-24T06:07:21Z,1782281241,ramp_3,990.0,31584256.0,"{""__name__"": ""process_resident_memory_bytes""}"
1,A,RSS Memory Footprint,go_order,go,order,inventory-go-twin:9082,inventory-go-twin:9082,2026-06-24 11:37:36,2026-06-24T06:07:36Z,1782281256,ramp_3,1005.0,28344320.0,"{""__name__"": ""process_resident_memory_bytes""}"
1,A,RSS Memory Footprint,go_order,go,order,order-go-twin:9083,order-go-twin:9083,2026-06-24 11:37:36,2026-06-24T06:07:36Z,1782281256,ramp_3,1005.0,39665664.0,"{""__name__"": ""process_resident_memory_bytes""}"
1,A,RSS Memory Footprint,go_order,go,order,warehouse-go:8084,warehouse-go:8084,2026-06-24 11:37:36,2026-06-24T06:07:36Z,1782281256,ramp_3,1005.0,32239616.0,"{""__name__"": ""process_resident_memory_bytes""}"
1,A,RSS Memory Footprint,go_order,go,order,inventory-go-twin:9082,inventory-go-twin:9082,2026-06-24 11:37:51,2026-06-24T06:07:51Z,1782281271,ramp_3,1020.0,27246592.0,"{""__name__"": ""process_resident_memory_bytes""}"
1,A,RSS Memory Footprint,go_order,go,order,order-go-twin:9083,order-go-twin:9083,2026-06-24 11:37:51,2026-06-24T06:07:51Z,1782281271,ramp_3,1020.0,39321600.0,"{""__name__"": ""process_resident_memory_bytes""}"
1,A,RSS Memory Footprint,go_order,go,order,warehouse-go:8084,warehouse-go:8084,2026-06-24 11:37:51,2026-06-24T06:07:51Z,1782281271,ramp_3,1020.0,32239616.0,"{""__name__"": ""process_resident_memory_bytes""}"
1,A,RSS Memory Footprint,go_order,go,order,inventory-go-twin:9082,inventory-go-twin:9082,2026-06-24 11:38:06,2026-06-24T06:08:06Z,1782281286,ramp_3,1035.0,26812416.0,"{""__name__"": ""process_resident_memory_bytes""}"
1,A,RSS Memory Footprint,go_order,go,order,order-go-twin:9083,order-go-twin:9083,2026-06-24 11:38:06,2026-06-24T06:08:06Z,1782281286,ramp_3,1035.0,40316928.0,"{""__name__"": ""process_resident_memory_bytes""}"
1,A,RSS Memory Footprint,go_order,go,order,warehouse-go:8084,warehouse-go:8084,2026-06-24 11:38:06,2026-06-24T06:08:06Z,1782281286,ramp_3,1035.0,32239616.0,"{""__name__"": ""process_resident_memory_bytes""}"
1,A,RSS Memory Footprint,go_order,go,order,inventory-go-twin:9082,inventory-go-twin:9082,2026-06-24 11:38:21,2026-06-24T06:08:21Z,1782281301,ramp_3,1050.0,27013120.0,"{""__name__"": ""process_resident_memory_bytes""}"
1,A,RSS Memory Footprint,go_order,go,order,order-go-twin:9083,order-go-twin:9083,2026-06-24 11:38:21,2026-06-24T06:08:21Z,1782281301,ramp_3,1050.0,40579072.0,"{""__name__"": ""process_resident_memory_bytes""}"
1,A,RSS Memory Footprint,go_order,go,order,warehouse-go:8084,warehouse-go:8084,2026-06-24 11:38:21,2026-06-24T06:08:21Z,1782281301,ramp_3,1050.0,33419264.0,"{""__name__"": ""process_resident_memory_bytes""}"
1,A,RSS Memory Footprint,go_order,go,order,inventory-go-twin:9082,inventory-go-twin:9082,2026-06-24 11:38:36,2026-06-24T06:08:36Z,1782281316,ramp_3,1065.0,28856320.0,"{""__name__"": ""process_resident_memory_bytes""}"
1,A,RSS Memory Footprint,go_order,go,order,order-go-twin:9083,order-go-twin:9083,2026-06-24 11:38:36,2026-06-24T06:08:36Z,1782281316,ramp_3,1065.0,42065920.0,"{""__name__"": ""process_resident_memory_bytes""}"
1,A,RSS Memory Footprint,go_order,go,order,warehouse-go:8084,warehouse-go:8084,2026-06-24 11:38:36,2026-06-24T06:08:36Z,1782281316,ramp_3,1065.0,33419264.0,"{""__name__"": ""process_resident_memory_bytes""}"
1,A,RSS Memory Footprint,go_order,go,order,inventory-go-twin:9082,inventory-go-twin:9082,2026-06-24 11:38:51,2026-06-24T06:08:51Z,1782281331,ramp_3,1080.0,28372992.0,"{""__name__"": ""process_resident_memory_bytes""}"
1,A,RSS Memory Footprint,go_order,go,order,order-go-twin:9083,order-go-twin:9083,2026-06-24 11:38:51,2026-06-24T06:08:51Z,1782281331,ramp_3,1080.0,42774528.0,"{""__name__"": ""process_resident_memory_bytes""}"
1,A,RSS Memory Footprint,go_order,go,order,warehouse-go:8084,warehouse-go:8084,2026-06-24 11:38:51,2026-06-24T06:08:51Z,1782281331,ramp_3,1080.0,31961088.0,"{""__name__"": ""process_resident_memory_bytes""}"
1,A,RSS Memory Footprint,go_order,go,order,inventory-go-twin:9082,inventory-go-twin:9082,2026-06-24 11:39:06,2026-06-24T06:09:06Z,1782281346,ramp_3,1095.0,26996736.0,"{""__name__"": ""process_resident_memory_bytes""}"
1,A,RSS Memory Footprint,go_order,go,order,order-go-twin:9083,order-go-twin:9083,2026-06-24 11:39:06,2026-06-24T06:09:06Z,1782281346,ramp_3,1095.0,42938368.0,"{""__name__"": ""process_resident_memory_bytes""}"
1,A,RSS Memory Footprint,go_order,go,order,warehouse-go:8084,warehouse-go:8084,2026-06-24 11:39:06,2026-06-24T06:09:06Z,1782281346,ramp_3,1095.0,32280576.0,"{""__name__"": ""process_resident_memory_bytes""}"
1,A,RSS Memory Footprint,go_order,go,order,inventory-go-twin:9082,inventory-go-twin:9082,2026-06-24 11:39:21,2026-06-24T06:09:21Z,1782281361,ramp_3,1110.0,28528640.0,"{""__name__"": ""process_resident_memory_bytes""}"
1,A,RSS Memory Footprint,go_order,go,order,order-go-twin:9083,order-go-twin:9083,2026-06-24 11:39:21,2026-06-24T06:09:21Z,1782281361,ramp_3,1110.0,43495424.0,"{""__name__"": ""process_resident_memory_bytes""}"
1,A,RSS Memory Footprint,go_order,go,order,warehouse-go:8084,warehouse-go:8084,2026-06-24 11:39:21,2026-06-24T06:09:21Z,1782281361,ramp_3,1110.0,32280576.0,"{""__name__"": ""process_resident_memory_bytes""}"
1,A,RSS Memory Footprint,go_order,go,order,inventory-go-twin:9082,inventory-go-twin:9082,2026-06-24 11:39:36,2026-06-24T06:09:36Z,1782281376,ramp_3,1125.0,28561408.0,"{""__name__"": ""process_resident_memory_bytes""}"
1,A,RSS Memory Footprint,go_order,go,order,order-go-twin:9083,order-go-twin:9083,2026-06-24 11:39:36,2026-06-24T06:09:36Z,1782281376,ramp_3,1125.0,43438080.0,"{""__name__"": ""process_resident_memory_bytes""}"
1,A,RSS Memory Footprint,go_order,go,order,warehouse-go:8084,warehouse-go:8084,2026-06-24 11:39:36,2026-06-24T06:09:36Z,1782281376,ramp_3,1125.0,32935936.0,"{""__name__"": ""process_resident_memory_bytes""}"
1,A,RSS Memory Footprint,go_order,go,order,inventory-go-twin:9082,inventory-go-twin:9082,2026-06-24 11:39:51,2026-06-24T06:09:51Z,1782281391,ramp_3,1140.0,27402240.0,"{""__name__"": ""process_resident_memory_bytes""}"
1,A,RSS Memory Footprint,go_order,go,order,order-go-twin:9083,order-go-twin:9083,2026-06-24 11:39:51,2026-06-24T06:09:51Z,1782281391,ramp_3,1140.0,44449792.0,"{""__name__"": ""process_resident_memory_bytes""}"
1,A,RSS Memory Footprint,go_order,go,order,warehouse-go:8084,warehouse-go:8084,2026-06-24 11:39:51,2026-06-24T06:09:51Z,1782281391,ramp_3,1140.0,32935936.0,"{""__name__"": ""process_resident_memory_bytes""}"
1,A,RSS Memory Footprint,go_order,go,order,inventory-go-twin:9082,inventory-go-twin:9082,2026-06-24 11:40:06,2026-06-24T06:10:06Z,1782281406,ramp_3,1155.0,29499392.0,"{""__name__"": ""process_resident_memory_bytes""}"
1,A,RSS Memory Footprint,go_order,go,order,order-go-twin:9083,order-go-twin:9083,2026-06-24 11:40:06,2026-06-24T06:10:06Z,1782281406,ramp_3,1155.0,45305856.0,"{""__name__"": ""process_resident_memory_bytes""}"
1,A,RSS Memory Footprint,go_order,go,order,warehouse-go:8084,warehouse-go:8084,2026-06-24 11:40:06,2026-06-24T06:10:06Z,1782281406,ramp_3,1155.0,33722368.0,"{""__name__"": ""process_resident_memory_bytes""}"
1,A,RSS Memory Footprint,go_order,go,order,inventory-go-twin:9082,inventory-go-twin:9082,2026-06-24 11:40:21,2026-06-24T06:10:21Z,1782281421,ramp_3,1170.0,28311552.0,"{""__name__"": ""process_resident_memory_bytes""}"
1,A,RSS Memory Footprint,go_order,go,order,order-go-twin:9083,order-go-twin:9083,2026-06-24 11:40:21,2026-06-24T06:10:21Z,1782281421,ramp_3,1170.0,45289472.0,"{""__name__"": ""process_resident_memory_bytes""}"
1,A,RSS Memory Footprint,go_order,go,order,warehouse-go:8084,warehouse-go:8084,2026-06-24 11:40:21,2026-06-24T06:10:21Z,1782281421,ramp_3,1170.0,33722368.0,"{""__name__"": ""process_resident_memory_bytes""}"
1,A,RSS Memory Footprint,go_order,go,order,inventory-go-twin:9082,inventory-go-twin:9082,2026-06-24 11:40:36,2026-06-24T06:10:36Z,1782281436,ramp_3,1185.0,28459008.0,"{""__name__"": ""process_resident_memory_bytes""}"
1,A,RSS Memory Footprint,go_order,go,order,order-go-twin:9083,order-go-twin:9083,2026-06-24 11:40:36,2026-06-24T06:10:36Z,1782281436,ramp_3,1185.0,46665728.0,"{""__name__"": ""process_resident_memory_bytes""}"
1,A,RSS Memory Footprint,go_order,go,order,warehouse-go:8084,warehouse-go:8084,2026-06-24 11:40:36,2026-06-24T06:10:36Z,1782281436,ramp_3,1185.0,33722368.0,"{""__name__"": ""process_resident_memory_bytes""}"
1,A,RSS Memory Footprint,go_order,go,order,inventory-go-twin:9082,inventory-go-twin:9082,2026-06-24 11:40:51,2026-06-24T06:10:51Z,1782281451,sustain,1200.0,27709440.0,"{""__name__"": ""process_resident_memory_bytes""}"
1,A,RSS Memory Footprint,go_order,go,order,order-go-twin:9083,order-go-twin:9083,2026-06-24 11:40:51,2026-06-24T06:10:51Z,1782281451,sustain,1200.0,46858240.0,"{""__name__"": ""process_resident_memory_bytes""}"
1,A,RSS Memory Footprint,go_order,go,order,warehouse-go:8084,warehouse-go:8084,2026-06-24 11:40:51,2026-06-24T06:10:51Z,1782281451,sustain,1200.0,33722368.0,"{""__name__"": ""process_resident_memory_bytes""}"
1,A,RSS Memory Footprint,go_order,go,order,inventory-go-twin:9082,inventory-go-twin:9082,2026-06-24 11:41:06,2026-06-24T06:11:06Z,1782281466,sustain,1215.0,28700672.0,"{""__name__"": ""process_resident_memory_bytes""}"
1,A,RSS Memory Footprint,go_order,go,order,order-go-twin:9083,order-go-twin:9083,2026-06-24 11:41:06,2026-06-24T06:11:06Z,1782281466,sustain,1215.0,46612480.0,"{""__name__"": ""process_resident_memory_bytes""}"
1,A,RSS Memory Footprint,go_order,go,order,warehouse-go:8084,warehouse-go:8084,2026-06-24 11:41:06,2026-06-24T06:11:06Z,1782281466,sustain,1215.0,33722368.0,"{""__name__"": ""process_resident_memory_bytes""}"
1,A,RSS Memory Footprint,go_order,go,order,inventory-go-twin:9082,inventory-go-twin:9082,2026-06-24 11:41:21,2026-06-24T06:11:21Z,1782281481,sustain,1230.0,27267072.0,"{""__name__"": ""process_resident_memory_bytes""}"
1,A,RSS Memory Footprint,go_order,go,order,order-go-twin:9083,order-go-twin:9083,2026-06-24 11:41:21,2026-06-24T06:11:21Z,1782281481,sustain,1230.0,46469120.0,"{""__name__"": ""process_resident_memory_bytes""}"
1,A,RSS Memory Footprint,go_order,go,order,warehouse-go:8084,warehouse-go:8084,2026-06-24 11:41:21,2026-06-24T06:11:21Z,1782281481,sustain,1230.0,34639872.0,"{""__name__"": ""process_resident_memory_bytes""}"
1,A,RSS Memory Footprint,go_order,go,order,inventory-go-twin:9082,inventory-go-twin:9082,2026-06-24 11:41:36,2026-06-24T06:11:36Z,1782281496,sustain,1245.0,27627520.0,"{""__name__"": ""process_resident_memory_bytes""}"
1,A,RSS Memory Footprint,go_order,go,order,order-go-twin:9083,order-go-twin:9083,2026-06-24 11:41:36,2026-06-24T06:11:36Z,1782281496,sustain,1245.0,46989312.0,"{""__name__"": ""process_resident_memory_bytes""}"
1,A,RSS Memory Footprint,go_order,go,order,warehouse-go:8084,warehouse-go:8084,2026-06-24 11:41:36,2026-06-24T06:11:36Z,1782281496,sustain,1245.0,33939456.0,"{""__name__"": ""process_resident_memory_bytes""}"
1,A,RSS Memory Footprint,go_order,go,order,inventory-go-twin:9082,inventory-go-twin:9082,2026-06-24 11:41:51,2026-06-24T06:11:51Z,1782281511,sustain,1260.0,27262976.0,"{""__name__"": ""process_resident_memory_bytes""}"
1,A,RSS Memory Footprint,go_order,go,order,order-go-twin:9083,order-go-twin:9083,2026-06-24 11:41:51,2026-06-24T06:11:51Z,1782281511,sustain,1260.0,47775744.0,"{""__name__"": ""process_resident_memory_bytes""}"
1,A,RSS Memory Footprint,go_order,go,order,warehouse-go:8084,warehouse-go:8084,2026-06-24 11:41:51,2026-06-24T06:11:51Z,1782281511,sustain,1260.0,33939456.0,"{""__name__"": ""process_resident_memory_bytes""}"
1,A,RSS Memory Footprint,go_order,go,order,inventory-go-twin:9082,inventory-go-twin:9082,2026-06-24 11:42:06,2026-06-24T06:12:06Z,1782281526,sustain,1275.0,27643904.0,"{""__name__"": ""process_resident_memory_bytes""}"
1,A,RSS Memory Footprint,go_order,go,order,order-go-twin:9083,order-go-twin:9083,2026-06-24 11:42:06,2026-06-24T06:12:06Z,1782281526,sustain,1275.0,46235648.0,"{""__name__"": ""process_resident_memory_bytes""}"
1,A,RSS Memory Footprint,go_order,go,order,warehouse-go:8084,warehouse-go:8084,2026-06-24 11:42:06,2026-06-24T06:12:06Z,1782281526,sustain,1275.0,33939456.0,"{""__name__"": ""process_resident_memory_bytes""}"
1,A,RSS Memory Footprint,go_order,go,order,inventory-go-twin:9082,inventory-go-twin:9082,2026-06-24 11:42:21,2026-06-24T06:12:21Z,1782281541,sustain,1290.0,27041792.0,"{""__name__"": ""process_resident_memory_bytes""}"
1,A,RSS Memory Footprint,go_order,go,order,order-go-twin:9083,order-go-twin:9083,2026-06-24 11:42:21,2026-06-24T06:12:21Z,1782281541,sustain,1290.0,47218688.0,"{""__name__"": ""process_resident_memory_bytes""}"
1,A,RSS Memory Footprint,go_order,go,order,warehouse-go:8084,warehouse-go:8084,2026-06-24 11:42:21,2026-06-24T06:12:21Z,1782281541,sustain,1290.0,33939456.0,"{""__name__"": ""process_resident_memory_bytes""}"
1,A,RSS Memory Footprint,go_order,go,order,inventory-go-twin:9082,inventory-go-twin:9082,2026-06-24 11:42:36,2026-06-24T06:12:36Z,1782281556,sustain,1305.0,27598848.0,"{""__name__"": ""process_resident_memory_bytes""}"
1,A,RSS Memory Footprint,go_order,go,order,order-go-twin:9083,order-go-twin:9083,2026-06-24 11:42:36,2026-06-24T06:12:36Z,1782281556,sustain,1305.0,46751744.0,"{""__name__"": ""process_resident_memory_bytes""}"
1,A,RSS Memory Footprint,go_order,go,order,warehouse-go:8084,warehouse-go:8084,2026-06-24 11:42:36,2026-06-24T06:12:36Z,1782281556,sustain,1305.0,34463744.0,"{""__name__"": ""process_resident_memory_bytes""}"
1,A,RSS Memory Footprint,go_order,go,order,inventory-go-twin:9082,inventory-go-twin:9082,2026-06-24 11:42:51,2026-06-24T06:12:51Z,1782281571,sustain,1320.0,27766784.0,"{""__name__"": ""process_resident_memory_bytes""}"
1,A,RSS Memory Footprint,go_order,go,order,order-go-twin:9083,order-go-twin:9083,2026-06-24 11:42:51,2026-06-24T06:12:51Z,1782281571,sustain,1320.0,47104000.0,"{""__name__"": ""process_resident_memory_bytes""}"
1,A,RSS Memory Footprint,go_order,go,order,warehouse-go:8084,warehouse-go:8084,2026-06-24 11:42:51,2026-06-24T06:12:51Z,1782281571,sustain,1320.0,34463744.0,"{""__name__"": ""process_resident_memory_bytes""}"
1,A,RSS Memory Footprint,go_order,go,order,inventory-go-twin:9082,inventory-go-twin:9082,2026-06-24 11:43:06,2026-06-24T06:13:06Z,1782281586,sustain,1335.0,27869184.0,"{""__name__"": ""process_resident_memory_bytes""}"
1,A,RSS Memory Footprint,go_order,go,order,order-go-twin:9083,order-go-twin:9083,2026-06-24 11:43:06,2026-06-24T06:13:06Z,1782281586,sustain,1335.0,46297088.0,"{""__name__"": ""process_resident_memory_bytes""}"
1,A,RSS Memory Footprint,go_order,go,order,warehouse-go:8084,warehouse-go:8084,2026-06-24 11:43:06,2026-06-24T06:13:06Z,1782281586,sustain,1335.0,34463744.0,"{""__name__"": ""process_resident_memory_bytes""}"
1,A,RSS Memory Footprint,go_order,go,order,inventory-go-twin:9082,inventory-go-twin:9082,2026-06-24 11:43:21,2026-06-24T06:13:21Z,1782281601,sustain,1350.0,28430336.0,"{""__name__"": ""process_resident_memory_bytes""}"
1,A,RSS Memory Footprint,go_order,go,order,order-go-twin:9083,order-go-twin:9083,2026-06-24 11:43:21,2026-06-24T06:13:21Z,1782281601,sustain,1350.0,47071232.0,"{""__name__"": ""process_resident_memory_bytes""}"
1,A,RSS Memory Footprint,go_order,go,order,warehouse-go:8084,warehouse-go:8084,2026-06-24 11:43:21,2026-06-24T06:13:21Z,1782281601,sustain,1350.0,34463744.0,"{""__name__"": ""process_resident_memory_bytes""}"
1,A,RSS Memory Footprint,go_order,go,order,inventory-go-twin:9082,inventory-go-twin:9082,2026-06-24 11:43:36,2026-06-24T06:13:36Z,1782281616,sustain,1365.0,29216768.0,"{""__name__"": ""process_resident_memory_bytes""}"
1,A,RSS Memory Footprint,go_order,go,order,order-go-twin:9083,order-go-twin:9083,2026-06-24 11:43:36,2026-06-24T06:13:36Z,1782281616,sustain,1365.0,48250880.0,"{""__name__"": ""process_resident_memory_bytes""}"
1,A,RSS Memory Footprint,go_order,go,order,warehouse-go:8084,warehouse-go:8084,2026-06-24 11:43:36,2026-06-24T06:13:36Z,1782281616,sustain,1365.0,34463744.0,"{""__name__"": ""process_resident_memory_bytes""}"
1,A,RSS Memory Footprint,go_order,go,order,inventory-go-twin:9082,inventory-go-twin:9082,2026-06-24 11:43:51,2026-06-24T06:13:51Z,1782281631,sustain,1380.0,29159424.0,"{""__name__"": ""process_resident_memory_bytes""}"
1,A,RSS Memory Footprint,go_order,go,order,order-go-twin:9083,order-go-twin:9083,2026-06-24 11:43:51,2026-06-24T06:13:51Z,1782281631,sustain,1380.0,46895104.0,"{""__name__"": ""process_resident_memory_bytes""}"
1,A,RSS Memory Footprint,go_order,go,order,warehouse-go:8084,warehouse-go:8084,2026-06-24 11:43:51,2026-06-24T06:13:51Z,1782281631,sustain,1380.0,34463744.0,"{""__name__"": ""process_resident_memory_bytes""}"
1,A,RSS Memory Footprint,go_order,go,order,inventory-go-twin:9082,inventory-go-twin:9082,2026-06-24 11:44:06,2026-06-24T06:14:06Z,1782281646,sustain,1395.0,29593600.0,"{""__name__"": ""process_resident_memory_bytes""}"
1,A,RSS Memory Footprint,go_order,go,order,order-go-twin:9083,order-go-twin:9083,2026-06-24 11:44:06,2026-06-24T06:14:06Z,1782281646,sustain,1395.0,47329280.0,"{""__name__"": ""process_resident_memory_bytes""}"
1,A,RSS Memory Footprint,go_order,go,order,warehouse-go:8084,warehouse-go:8084,2026-06-24 11:44:06,2026-06-24T06:14:06Z,1782281646,sustain,1395.0,34463744.0,"{""__name__"": ""process_resident_memory_bytes""}"
1,A,RSS Memory Footprint,go_order,go,order,inventory-go-twin:9082,inventory-go-twin:9082,2026-06-24 11:44:21,2026-06-24T06:14:21Z,1782281661,sustain,1410.0,29708288.0,"{""__name__"": ""process_resident_memory_bytes""}"
1,A,RSS Memory Footprint,go_order,go,order,order-go-twin:9083,order-go-twin:9083,2026-06-24 11:44:21,2026-06-24T06:14:21Z,1782281661,sustain,1410.0,46997504.0,"{""__name__"": ""process_resident_memory_bytes""}"
1,A,RSS Memory Footprint,go_order,go,order,warehouse-go:8084,warehouse-go:8084,2026-06-24 11:44:21,2026-06-24T06:14:21Z,1782281661,sustain,1410.0,34594816.0,"{""__name__"": ""process_resident_memory_bytes""}"
1,A,RSS Memory Footprint,go_order,go,order,inventory-go-twin:9082,inventory-go-twin:9082,2026-06-24 11:44:36,2026-06-24T06:14:36Z,1782281676,sustain,1425.0,27750400.0,"{""__name__"": ""process_resident_memory_bytes""}"
1,A,RSS Memory Footprint,go_order,go,order,order-go-twin:9083,order-go-twin:9083,2026-06-24 11:44:36,2026-06-24T06:14:36Z,1782281676,sustain,1425.0,47108096.0,"{""__name__"": ""process_resident_memory_bytes""}"
1,A,RSS Memory Footprint,go_order,go,order,warehouse-go:8084,warehouse-go:8084,2026-06-24 11:44:36,2026-06-24T06:14:36Z,1782281676,sustain,1425.0,34594816.0,"{""__name__"": ""process_resident_memory_bytes""}"
1,A,RSS Memory Footprint,go_order,go,order,inventory-go-twin:9082,inventory-go-twin:9082,2026-06-24 11:44:51,2026-06-24T06:14:51Z,1782281691,sustain,1440.0,28921856.0,"{""__name__"": ""process_resident_memory_bytes""}"
1,A,RSS Memory Footprint,go_order,go,order,order-go-twin:9083,order-go-twin:9083,2026-06-24 11:44:51,2026-06-24T06:14:51Z,1782281691,sustain,1440.0,45707264.0,"{""__name__"": ""process_resident_memory_bytes""}"
1,A,RSS Memory Footprint,go_order,go,order,warehouse-go:8084,warehouse-go:8084,2026-06-24 11:44:51,2026-06-24T06:14:51Z,1782281691,sustain,1440.0,34725888.0,"{""__name__"": ""process_resident_memory_bytes""}"
1,A,RSS Memory Footprint,go_order,go,order,inventory-go-twin:9082,inventory-go-twin:9082,2026-06-24 11:45:06,2026-06-24T06:15:06Z,1782281706,sustain,1455.0,28876800.0,"{""__name__"": ""process_resident_memory_bytes""}"
1,A,RSS Memory Footprint,go_order,go,order,order-go-twin:9083,order-go-twin:9083,2026-06-24 11:45:06,2026-06-24T06:15:06Z,1782281706,sustain,1455.0,46604288.0,"{""__name__"": ""process_resident_memory_bytes""}"
1,A,RSS Memory Footprint,go_order,go,order,warehouse-go:8084,warehouse-go:8084,2026-06-24 11:45:06,2026-06-24T06:15:06Z,1782281706,sustain,1455.0,35774464.0,"{""__name__"": ""process_resident_memory_bytes""}"
1,A,RSS Memory Footprint,go_order,go,order,inventory-go-twin:9082,inventory-go-twin:9082,2026-06-24 11:45:21,2026-06-24T06:15:21Z,1782281721,sustain,1470.0,29241344.0,"{""__name__"": ""process_resident_memory_bytes""}"
1,A,RSS Memory Footprint,go_order,go,order,order-go-twin:9083,order-go-twin:9083,2026-06-24 11:45:21,2026-06-24T06:15:21Z,1782281721,sustain,1470.0,46776320.0,"{""__name__"": ""process_resident_memory_bytes""}"
1,A,RSS Memory Footprint,go_order,go,order,warehouse-go:8084,warehouse-go:8084,2026-06-24 11:45:21,2026-06-24T06:15:21Z,1782281721,sustain,1470.0,35614720.0,"{""__name__"": ""process_resident_memory_bytes""}"
1,A,RSS Memory Footprint,go_order,go,order,inventory-go-twin:9082,inventory-go-twin:9082,2026-06-24 11:45:36,2026-06-24T06:15:36Z,1782281736,sustain,1485.0,27697152.0,"{""__name__"": ""process_resident_memory_bytes""}"
1,A,RSS Memory Footprint,go_order,go,order,order-go-twin:9083,order-go-twin:9083,2026-06-24 11:45:36,2026-06-24T06:15:36Z,1782281736,sustain,1485.0,47017984.0,"{""__name__"": ""process_resident_memory_bytes""}"
1,A,RSS Memory Footprint,go_order,go,order,warehouse-go:8084,warehouse-go:8084,2026-06-24 11:45:36,2026-06-24T06:15:36Z,1782281736,sustain,1485.0,31338496.0,"{""__name__"": ""process_resident_memory_bytes""}"
1,A,RSS Memory Footprint,go_order,go,order,inventory-go-twin:9082,inventory-go-twin:9082,2026-06-24 11:45:51,2026-06-24T06:15:51Z,1782281751,sustain,1500.0,27512832.0,"{""__name__"": ""process_resident_memory_bytes""}"
1,A,RSS Memory Footprint,go_order,go,order,order-go-twin:9083,order-go-twin:9083,2026-06-24 11:45:51,2026-06-24T06:15:51Z,1782281751,sustain,1500.0,46776320.0,"{""__name__"": ""process_resident_memory_bytes""}"
1,A,RSS Memory Footprint,go_order,go,order,warehouse-go:8084,warehouse-go:8084,2026-06-24 11:45:51,2026-06-24T06:15:51Z,1782281751,sustain,1500.0,31338496.0,"{""__name__"": ""process_resident_memory_bytes""}"
1,A,RSS Memory Footprint,go_order,go,order,inventory-go-twin:9082,inventory-go-twin:9082,2026-06-24 11:46:06,2026-06-24T06:16:06Z,1782281766,sustain,1515.0,28864512.0,"{""__name__"": ""process_resident_memory_bytes""}"
1,A,RSS Memory Footprint,go_order,go,order,order-go-twin:9083,order-go-twin:9083,2026-06-24 11:46:06,2026-06-24T06:16:06Z,1782281766,sustain,1515.0,45920256.0,"{""__name__"": ""process_resident_memory_bytes""}"
1,A,RSS Memory Footprint,go_order,go,order,warehouse-go:8084,warehouse-go:8084,2026-06-24 11:46:06,2026-06-24T06:16:06Z,1782281766,sustain,1515.0,31539200.0,"{""__name__"": ""process_resident_memory_bytes""}"
1,A,RSS Memory Footprint,go_order,go,order,inventory-go-twin:9082,inventory-go-twin:9082,2026-06-24 11:46:21,2026-06-24T06:16:21Z,1782281781,sustain,1530.0,27516928.0,"{""__name__"": ""process_resident_memory_bytes""}"
1,A,RSS Memory Footprint,go_order,go,order,order-go-twin:9083,order-go-twin:9083,2026-06-24 11:46:21,2026-06-24T06:16:21Z,1782281781,sustain,1530.0,46473216.0,"{""__name__"": ""process_resident_memory_bytes""}"
1,A,RSS Memory Footprint,go_order,go,order,warehouse-go:8084,warehouse-go:8084,2026-06-24 11:46:21,2026-06-24T06:16:21Z,1782281781,sustain,1530.0,32194560.0,"{""__name__"": ""process_resident_memory_bytes""}"
1,A,RSS Memory Footprint,go_order,go,order,inventory-go-twin:9082,inventory-go-twin:9082,2026-06-24 11:46:36,2026-06-24T06:16:36Z,1782281796,sustain,1545.0,29409280.0,"{""__name__"": ""process_resident_memory_bytes""}"
1,A,RSS Memory Footprint,go_order,go,order,order-go-twin:9083,order-go-twin:9083,2026-06-24 11:46:36,2026-06-24T06:16:36Z,1782281796,sustain,1545.0,46866432.0,"{""__name__"": ""process_resident_memory_bytes""}"
1,A,RSS Memory Footprint,go_order,go,order,warehouse-go:8084,warehouse-go:8084,2026-06-24 11:46:36,2026-06-24T06:16:36Z,1782281796,sustain,1545.0,31670272.0,"{""__name__"": ""process_resident_memory_bytes""}"
1,A,RSS Memory Footprint,go_order,go,order,inventory-go-twin:9082,inventory-go-twin:9082,2026-06-24 11:46:51,2026-06-24T06:16:51Z,1782281811,sustain,1560.0,27832320.0,"{""__name__"": ""process_resident_memory_bytes""}"
1,A,RSS Memory Footprint,go_order,go,order,order-go-twin:9083,order-go-twin:9083,2026-06-24 11:46:51,2026-06-24T06:16:51Z,1782281811,sustain,1560.0,46903296.0,"{""__name__"": ""process_resident_memory_bytes""}"
1,A,RSS Memory Footprint,go_order,go,order,warehouse-go:8084,warehouse-go:8084,2026-06-24 11:46:51,2026-06-24T06:16:51Z,1782281811,sustain,1560.0,29888512.0,"{""__name__"": ""process_resident_memory_bytes""}"
1,A,RSS Memory Footprint,go_order,go,order,inventory-go-twin:9082,inventory-go-twin:9082,2026-06-24 11:47:06,2026-06-24T06:17:06Z,1782281826,sustain,1575.0,29368320.0,"{""__name__"": ""process_resident_memory_bytes""}"
1,A,RSS Memory Footprint,go_order,go,order,order-go-twin:9083,order-go-twin:9083,2026-06-24 11:47:06,2026-06-24T06:17:06Z,1782281826,sustain,1575.0,46559232.0,"{""__name__"": ""process_resident_memory_bytes""}"
1,A,RSS Memory Footprint,go_order,go,order,warehouse-go:8084,warehouse-go:8084,2026-06-24 11:47:06,2026-06-24T06:17:06Z,1782281826,sustain,1575.0,30412800.0,"{""__name__"": ""process_resident_memory_bytes""}"
1,A,RSS Memory Footprint,go_order,go,order,inventory-go-twin:9082,inventory-go-twin:9082,2026-06-24 11:47:21,2026-06-24T06:17:21Z,1782281841,sustain,1590.0,27725824.0,"{""__name__"": ""process_resident_memory_bytes""}"
1,A,RSS Memory Footprint,go_order,go,order,order-go-twin:9083,order-go-twin:9083,2026-06-24 11:47:21,2026-06-24T06:17:21Z,1782281841,sustain,1590.0,46817280.0,"{""__name__"": ""process_resident_memory_bytes""}"
1,A,RSS Memory Footprint,go_order,go,order,warehouse-go:8084,warehouse-go:8084,2026-06-24 11:47:21,2026-06-24T06:17:21Z,1782281841,sustain,1590.0,30765056.0,"{""__name__"": ""process_resident_memory_bytes""}"
1,A,RSS Memory Footprint,go_order,go,order,inventory-go-twin:9082,inventory-go-twin:9082,2026-06-24 11:47:36,2026-06-24T06:17:36Z,1782281856,sustain,1605.0,28626944.0,"{""__name__"": ""process_resident_memory_bytes""}"
1,A,RSS Memory Footprint,go_order,go,order,order-go-twin:9083,order-go-twin:9083,2026-06-24 11:47:36,2026-06-24T06:17:36Z,1782281856,sustain,1605.0,46686208.0,"{""__name__"": ""process_resident_memory_bytes""}"
1,A,RSS Memory Footprint,go_order,go,order,warehouse-go:8084,warehouse-go:8084,2026-06-24 11:47:36,2026-06-24T06:17:36Z,1782281856,sustain,1605.0,29954048.0,"{""__name__"": ""process_resident_memory_bytes""}"
1,A,RSS Memory Footprint,go_order,go,order,inventory-go-twin:9082,inventory-go-twin:9082,2026-06-24 11:47:51,2026-06-24T06:17:51Z,1782281871,sustain,1620.0,28852224.0,"{""__name__"": ""process_resident_memory_bytes""}"
1,A,RSS Memory Footprint,go_order,go,order,order-go-twin:9083,order-go-twin:9083,2026-06-24 11:47:51,2026-06-24T06:17:51Z,1782281871,sustain,1620.0,46972928.0,"{""__name__"": ""process_resident_memory_bytes""}"
1,A,RSS Memory Footprint,go_order,go,order,warehouse-go:8084,warehouse-go:8084,2026-06-24 11:47:51,2026-06-24T06:17:51Z,1782281871,sustain,1620.0,28069888.0,"{""__name__"": ""process_resident_memory_bytes""}"
1,A,RSS Memory Footprint,go_order,go,order,inventory-go-twin:9082,inventory-go-twin:9082,2026-06-24 11:48:06,2026-06-24T06:18:06Z,1782281886,sustain,1635.0,29302784.0,"{""__name__"": ""process_resident_memory_bytes""}"
1,A,RSS Memory Footprint,go_order,go,order,order-go-twin:9083,order-go-twin:9083,2026-06-24 11:48:06,2026-06-24T06:18:06Z,1782281886,sustain,1635.0,48021504.0,"{""__name__"": ""process_resident_memory_bytes""}"
1,A,RSS Memory Footprint,go_order,go,order,warehouse-go:8084,warehouse-go:8084,2026-06-24 11:48:06,2026-06-24T06:18:06Z,1782281886,sustain,1635.0,28426240.0,"{""__name__"": ""process_resident_memory_bytes""}"
1,A,RSS Memory Footprint,go_order,go,order,inventory-go-twin:9082,inventory-go-twin:9082,2026-06-24 11:48:21,2026-06-24T06:18:21Z,1782281901,sustain,1650.0,28110848.0,"{""__name__"": ""process_resident_memory_bytes""}"
1,A,RSS Memory Footprint,go_order,go,order,order-go-twin:9083,order-go-twin:9083,2026-06-24 11:48:21,2026-06-24T06:18:21Z,1782281901,sustain,1650.0,46415872.0,"{""__name__"": ""process_resident_memory_bytes""}"
1,A,RSS Memory Footprint,go_order,go,order,warehouse-go:8084,warehouse-go:8084,2026-06-24 11:48:21,2026-06-24T06:18:21Z,1782281901,sustain,1650.0,28545024.0,"{""__name__"": ""process_resident_memory_bytes""}"
1,A,RSS Memory Footprint,go_order,go,order,inventory-go-twin:9082,inventory-go-twin:9082,2026-06-24 11:48:36,2026-06-24T06:18:36Z,1782281916,sustain,1665.0,28200960.0,"{""__name__"": ""process_resident_memory_bytes""}"
1,A,RSS Memory Footprint,go_order,go,order,order-go-twin:9083,order-go-twin:9083,2026-06-24 11:48:36,2026-06-24T06:18:36Z,1782281916,sustain,1665.0,46768128.0,"{""__name__"": ""process_resident_memory_bytes""}"
1,A,RSS Memory Footprint,go_order,go,order,warehouse-go:8084,warehouse-go:8084,2026-06-24 11:48:36,2026-06-24T06:18:36Z,1782281916,sustain,1665.0,29069312.0,"{""__name__"": ""process_resident_memory_bytes""}"
1,A,RSS Memory Footprint,go_order,go,order,inventory-go-twin:9082,inventory-go-twin:9082,2026-06-24 11:48:51,2026-06-24T06:18:51Z,1782281931,sustain,1680.0,28323840.0,"{""__name__"": ""process_resident_memory_bytes""}"
1,A,RSS Memory Footprint,go_order,go,order,order-go-twin:9083,order-go-twin:9083,2026-06-24 11:48:51,2026-06-24T06:18:51Z,1782281931,sustain,1680.0,47083520.0,"{""__name__"": ""process_resident_memory_bytes""}"
1,A,RSS Memory Footprint,go_order,go,order,warehouse-go:8084,warehouse-go:8084,2026-06-24 11:48:51,2026-06-24T06:18:51Z,1782281931,sustain,1680.0,28315648.0,"{""__name__"": ""process_resident_memory_bytes""}"
1,A,RSS Memory Footprint,go_order,go,order,inventory-go-twin:9082,inventory-go-twin:9082,2026-06-24 11:49:06,2026-06-24T06:19:06Z,1782281946,sustain,1695.0,29896704.0,"{""__name__"": ""process_resident_memory_bytes""}"
1,A,RSS Memory Footprint,go_order,go,order,order-go-twin:9083,order-go-twin:9083,2026-06-24 11:49:06,2026-06-24T06:19:06Z,1782281946,sustain,1695.0,46989312.0,"{""__name__"": ""process_resident_memory_bytes""}"
1,A,RSS Memory Footprint,go_order,go,order,warehouse-go:8084,warehouse-go:8084,2026-06-24 11:49:06,2026-06-24T06:19:06Z,1782281946,sustain,1695.0,29364224.0,"{""__name__"": ""process_resident_memory_bytes""}"
1,A,RSS Memory Footprint,go_order,go,order,inventory-go-twin:9082,inventory-go-twin:9082,2026-06-24 11:49:21,2026-06-24T06:19:21Z,1782281961,sustain,1710.0,29528064.0,"{""__name__"": ""process_resident_memory_bytes""}"
1,A,RSS Memory Footprint,go_order,go,order,order-go-twin:9083,order-go-twin:9083,2026-06-24 11:49:21,2026-06-24T06:19:21Z,1782281961,sustain,1710.0,46874624.0,"{""__name__"": ""process_resident_memory_bytes""}"
1,A,RSS Memory Footprint,go_order,go,order,warehouse-go:8084,warehouse-go:8084,2026-06-24 11:49:21,2026-06-24T06:19:21Z,1782281961,sustain,1710.0,30281728.0,"{""__name__"": ""process_resident_memory_bytes""}"
1,A,RSS Memory Footprint,go_order,go,order,inventory-go-twin:9082,inventory-go-twin:9082,2026-06-24 11:49:36,2026-06-24T06:19:36Z,1782281976,sustain,1725.0,27529216.0,"{""__name__"": ""process_resident_memory_bytes""}"
1,A,RSS Memory Footprint,go_order,go,order,order-go-twin:9083,order-go-twin:9083,2026-06-24 11:49:36,2026-06-24T06:19:36Z,1782281976,sustain,1725.0,47022080.0,"{""__name__"": ""process_resident_memory_bytes""}"
1,A,RSS Memory Footprint,go_order,go,order,warehouse-go:8084,warehouse-go:8084,2026-06-24 11:49:36,2026-06-24T06:19:36Z,1782281976,sustain,1725.0,30281728.0,"{""__name__"": ""process_resident_memory_bytes""}"
1,A,RSS Memory Footprint,go_order,go,order,inventory-go-twin:9082,inventory-go-twin:9082,2026-06-24 11:49:51,2026-06-24T06:19:51Z,1782281991,sustain,1740.0,28725248.0,"{""__name__"": ""process_resident_memory_bytes""}"
1,A,RSS Memory Footprint,go_order,go,order,order-go-twin:9083,order-go-twin:9083,2026-06-24 11:49:51,2026-06-24T06:19:51Z,1782281991,sustain,1740.0,46927872.0,"{""__name__"": ""process_resident_memory_bytes""}"
1,A,RSS Memory Footprint,go_order,go,order,warehouse-go:8084,warehouse-go:8084,2026-06-24 11:49:51,2026-06-24T06:19:51Z,1782281991,sustain,1740.0,29798400.0,"{""__name__"": ""process_resident_memory_bytes""}"
1,A,RSS Memory Footprint,go_order,go,order,inventory-go-twin:9082,inventory-go-twin:9082,2026-06-24 11:50:06,2026-06-24T06:20:06Z,1782282006,sustain,1755.0,27394048.0,"{""__name__"": ""process_resident_memory_bytes""}"
1,A,RSS Memory Footprint,go_order,go,order,order-go-twin:9083,order-go-twin:9083,2026-06-24 11:50:06,2026-06-24T06:20:06Z,1782282006,sustain,1755.0,47185920.0,"{""__name__"": ""process_resident_memory_bytes""}"
1,A,RSS Memory Footprint,go_order,go,order,warehouse-go:8084,warehouse-go:8084,2026-06-24 11:50:06,2026-06-24T06:20:06Z,1782282006,sustain,1755.0,28463104.0,"{""__name__"": ""process_resident_memory_bytes""}"
1,A,RSS Memory Footprint,go_order,go,order,inventory-go-twin:9082,inventory-go-twin:9082,2026-06-24 11:50:21,2026-06-24T06:20:21Z,1782282021,sustain,1770.0,27463680.0,"{""__name__"": ""process_resident_memory_bytes""}"
1,A,RSS Memory Footprint,go_order,go,order,order-go-twin:9083,order-go-twin:9083,2026-06-24 11:50:21,2026-06-24T06:20:21Z,1782282021,sustain,1770.0,46608384.0,"{""__name__"": ""process_resident_memory_bytes""}"
1,A,RSS Memory Footprint,go_order,go,order,warehouse-go:8084,warehouse-go:8084,2026-06-24 11:50:21,2026-06-24T06:20:21Z,1782282021,sustain,1770.0,29904896.0,"{""__name__"": ""process_resident_memory_bytes""}"
1,A,RSS Memory Footprint,go_order,go,order,inventory-go-twin:9082,inventory-go-twin:9082,2026-06-24 11:50:36,2026-06-24T06:20:36Z,1782282036,sustain,1785.0,28016640.0,"{""__name__"": ""process_resident_memory_bytes""}"
1,A,RSS Memory Footprint,go_order,go,order,order-go-twin:9083,order-go-twin:9083,2026-06-24 11:50:36,2026-06-24T06:20:36Z,1782282036,sustain,1785.0,45731840.0,"{""__name__"": ""process_resident_memory_bytes""}"
1,A,RSS Memory Footprint,go_order,go,order,warehouse-go:8084,warehouse-go:8084,2026-06-24 11:50:36,2026-06-24T06:20:36Z,1782282036,sustain,1785.0,28237824.0,"{""__name__"": ""process_resident_memory_bytes""}"
1,A,RSS Memory Footprint,go_order,go,order,inventory-go-twin:9082,inventory-go-twin:9082,2026-06-24 11:50:51,2026-06-24T06:20:51Z,1782282051,cooldown,1800.0,29491200.0,"{""__name__"": ""process_resident_memory_bytes""}"
1,A,RSS Memory Footprint,go_order,go,order,order-go-twin:9083,order-go-twin:9083,2026-06-24 11:50:51,2026-06-24T06:20:51Z,1782282051,cooldown,1800.0,46526464.0,"{""__name__"": ""process_resident_memory_bytes""}"
1,A,RSS Memory Footprint,go_order,go,order,warehouse-go:8084,warehouse-go:8084,2026-06-24 11:50:51,2026-06-24T06:20:51Z,1782282051,cooldown,1800.0,29155328.0,"{""__name__"": ""process_resident_memory_bytes""}"
1,A,RSS Memory Footprint,go_order,go,order,inventory-go-twin:9082,inventory-go-twin:9082,2026-06-24 11:51:06,2026-06-24T06:21:06Z,1782282066,cooldown,1815.0,29769728.0,"{""__name__"": ""process_resident_memory_bytes""}"
1,A,RSS Memory Footprint,go_order,go,order,order-go-twin:9083,order-go-twin:9083,2026-06-24 11:51:06,2026-06-24T06:21:06Z,1782282066,cooldown,1815.0,46714880.0,"{""__name__"": ""process_resident_memory_bytes""}"
1,A,RSS Memory Footprint,go_order,go,order,warehouse-go:8084,warehouse-go:8084,2026-06-24 11:51:06,2026-06-24T06:21:06Z,1782282066,cooldown,1815.0,29417472.0,"{""__name__"": ""process_resident_memory_bytes""}"
1,A,RSS Memory Footprint,go_order,go,order,inventory-go-twin:9082,inventory-go-twin:9082,2026-06-24 11:51:21,2026-06-24T06:21:21Z,1782282081,cooldown,1830.0,28344320.0,"{""__name__"": ""process_resident_memory_bytes""}"
1,A,RSS Memory Footprint,go_order,go,order,order-go-twin:9083,order-go-twin:9083,2026-06-24 11:51:21,2026-06-24T06:21:21Z,1782282081,cooldown,1830.0,46460928.0,"{""__name__"": ""process_resident_memory_bytes""}"
1,A,RSS Memory Footprint,go_order,go,order,warehouse-go:8084,warehouse-go:8084,2026-06-24 11:51:21,2026-06-24T06:21:21Z,1782282081,cooldown,1830.0,29679616.0,"{""__name__"": ""process_resident_memory_bytes""}"
1,A,RSS Memory Footprint,go_order,go,order,inventory-go-twin:9082,inventory-go-twin:9082,2026-06-24 11:51:36,2026-06-24T06:21:36Z,1782282096,cooldown,1845.0,27713536.0,"{""__name__"": ""process_resident_memory_bytes""}"
1,A,RSS Memory Footprint,go_order,go,order,order-go-twin:9083,order-go-twin:9083,2026-06-24 11:51:36,2026-06-24T06:21:36Z,1782282096,cooldown,1845.0,45699072.0,"{""__name__"": ""process_resident_memory_bytes""}"
1,A,RSS Memory Footprint,go_order,go,order,warehouse-go:8084,warehouse-go:8084,2026-06-24 11:51:36,2026-06-24T06:21:36Z,1782282096,cooldown,1845.0,29810688.0,"{""__name__"": ""process_resident_memory_bytes""}"
1,A,RSS Memory Footprint,go_order,go,order,inventory-go-twin:9082,inventory-go-twin:9082,2026-06-24 11:51:51,2026-06-24T06:21:51Z,1782282111,cooldown,1860.0,28848128.0,"{""__name__"": ""process_resident_memory_bytes""}"
1,A,RSS Memory Footprint,go_order,go,order,order-go-twin:9083,order-go-twin:9083,2026-06-24 11:51:51,2026-06-24T06:21:51Z,1782282111,cooldown,1860.0,45060096.0,"{""__name__"": ""process_resident_memory_bytes""}"
1,A,RSS Memory Footprint,go_order,go,order,warehouse-go:8084,warehouse-go:8084,2026-06-24 11:51:51,2026-06-24T06:21:51Z,1782282111,cooldown,1860.0,30466048.0,"{""__name__"": ""process_resident_memory_bytes""}"
1,A,RSS Memory Footprint,go_order,go,order,inventory-go-twin:9082,inventory-go-twin:9082,2026-06-24 11:52:06,2026-06-24T06:22:06Z,1782282126,cooldown,1875.0,29044736.0,"{""__name__"": ""process_resident_memory_bytes""}"
1,A,RSS Memory Footprint,go_order,go,order,order-go-twin:9083,order-go-twin:9083,2026-06-24 11:52:06,2026-06-24T06:22:06Z,1782282126,cooldown,1875.0,44552192.0,"{""__name__"": ""process_resident_memory_bytes""}"
1,A,RSS Memory Footprint,go_order,go,order,warehouse-go:8084,warehouse-go:8084,2026-06-24 11:52:06,2026-06-24T06:22:06Z,1782282126,cooldown,1875.0,30466048.0,"{""__name__"": ""process_resident_memory_bytes""}"
1,A,RSS Memory Footprint,go_order,go,order,inventory-go-twin:9082,inventory-go-twin:9082,2026-06-24 11:52:21,2026-06-24T06:22:21Z,1782282141,cooldown,1890.0,28745728.0,"{""__name__"": ""process_resident_memory_bytes""}"
1,A,RSS Memory Footprint,go_order,go,order,order-go-twin:9083,order-go-twin:9083,2026-06-24 11:52:21,2026-06-24T06:22:21Z,1782282141,cooldown,1890.0,43601920.0,"{""__name__"": ""process_resident_memory_bytes""}"
1,A,RSS Memory Footprint,go_order,go,order,warehouse-go:8084,warehouse-go:8084,2026-06-24 11:52:21,2026-06-24T06:22:21Z,1782282141,cooldown,1890.0,31121408.0,"{""__name__"": ""process_resident_memory_bytes""}"
1,A,RSS Memory Footprint,go_order,go,order,inventory-go-twin:9082,inventory-go-twin:9082,2026-06-24 11:52:36,2026-06-24T06:22:36Z,1782282156,cooldown,1905.0,27750400.0,"{""__name__"": ""process_resident_memory_bytes""}"
1,A,RSS Memory Footprint,go_order,go,order,order-go-twin:9083,order-go-twin:9083,2026-06-24 11:52:36,2026-06-24T06:22:36Z,1782282156,cooldown,1905.0,43081728.0,"{""__name__"": ""process_resident_memory_bytes""}"
1,A,RSS Memory Footprint,go_order,go,order,warehouse-go:8084,warehouse-go:8084,2026-06-24 11:52:36,2026-06-24T06:22:36Z,1782282156,cooldown,1905.0,31121408.0,"{""__name__"": ""process_resident_memory_bytes""}"
1,A,RSS Memory Footprint,go_order,go,order,inventory-go-twin:9082,inventory-go-twin:9082,2026-06-24 11:52:51,2026-06-24T06:22:51Z,1782282171,cooldown,1920.0,27549696.0,"{""__name__"": ""process_resident_memory_bytes""}"
1,A,RSS Memory Footprint,go_order,go,order,order-go-twin:9083,order-go-twin:9083,2026-06-24 11:52:51,2026-06-24T06:22:51Z,1782282171,cooldown,1920.0,42635264.0,"{""__name__"": ""process_resident_memory_bytes""}"
1,A,RSS Memory Footprint,go_order,go,order,warehouse-go:8084,warehouse-go:8084,2026-06-24 11:52:51,2026-06-24T06:22:51Z,1782282171,cooldown,1920.0,29286400.0,"{""__name__"": ""process_resident_memory_bytes""}"
1,A,RSS Memory Footprint,go_order,go,order,inventory-go-twin:9082,inventory-go-twin:9082,2026-06-24 11:53:06,2026-06-24T06:23:06Z,1782282186,cooldown,1935.0,29200384.0,"{""__name__"": ""process_resident_memory_bytes""}"
1,A,RSS Memory Footprint,go_order,go,order,order-go-twin:9083,order-go-twin:9083,2026-06-24 11:53:06,2026-06-24T06:23:06Z,1782282186,cooldown,1935.0,42049536.0,"{""__name__"": ""process_resident_memory_bytes""}"
1,A,RSS Memory Footprint,go_order,go,order,warehouse-go:8084,warehouse-go:8084,2026-06-24 11:53:06,2026-06-24T06:23:06Z,1782282186,cooldown,1935.0,29941760.0,"{""__name__"": ""process_resident_memory_bytes""}"
1,A,RSS Memory Footprint,go_order,go,order,inventory-go-twin:9082,inventory-go-twin:9082,2026-06-24 11:53:21,2026-06-24T06:23:21Z,1782282201,cooldown,1950.0,29749248.0,"{""__name__"": ""process_resident_memory_bytes""}"
1,A,RSS Memory Footprint,go_order,go,order,order-go-twin:9083,order-go-twin:9083,2026-06-24 11:53:21,2026-06-24T06:23:21Z,1782282201,cooldown,1950.0,40624128.0,"{""__name__"": ""process_resident_memory_bytes""}"
1,A,RSS Memory Footprint,go_order,go,order,warehouse-go:8084,warehouse-go:8084,2026-06-24 11:53:21,2026-06-24T06:23:21Z,1782282201,cooldown,1950.0,29491200.0,"{""__name__"": ""process_resident_memory_bytes""}"
1,A,RSS Memory Footprint,go_order,go,order,inventory-go-twin:9082,inventory-go-twin:9082,2026-06-24 11:53:36,2026-06-24T06:23:36Z,1782282216,cooldown,1965.0,27832320.0,"{""__name__"": ""process_resident_memory_bytes""}"
1,A,RSS Memory Footprint,go_order,go,order,order-go-twin:9083,order-go-twin:9083,2026-06-24 11:53:36,2026-06-24T06:23:36Z,1782282216,cooldown,1965.0,40284160.0,"{""__name__"": ""process_resident_memory_bytes""}"
1,A,RSS Memory Footprint,go_order,go,order,warehouse-go:8084,warehouse-go:8084,2026-06-24 11:53:36,2026-06-24T06:23:36Z,1782282216,cooldown,1965.0,30408704.0,"{""__name__"": ""process_resident_memory_bytes""}"
1,A,RSS Memory Footprint,go_order,go,order,inventory-go-twin:9082,inventory-go-twin:9082,2026-06-24 11:53:51,2026-06-24T06:23:51Z,1782282231,cooldown,1980.0,28835840.0,"{""__name__"": ""process_resident_memory_bytes""}"
1,A,RSS Memory Footprint,go_order,go,order,order-go-twin:9083,order-go-twin:9083,2026-06-24 11:53:51,2026-06-24T06:23:51Z,1782282231,cooldown,1980.0,41119744.0,"{""__name__"": ""process_resident_memory_bytes""}"
1,A,RSS Memory Footprint,go_order,go,order,warehouse-go:8084,warehouse-go:8084,2026-06-24 11:53:51,2026-06-24T06:23:51Z,1782282231,cooldown,1980.0,31064064.0,"{""__name__"": ""process_resident_memory_bytes""}"
1,A,RSS Memory Footprint,go_order,go,order,inventory-go-twin:9082,inventory-go-twin:9082,2026-06-24 11:54:06,2026-06-24T06:24:06Z,1782282246,cooldown,1995.0,28983296.0,"{""__name__"": ""process_resident_memory_bytes""}"
1,A,RSS Memory Footprint,go_order,go,order,order-go-twin:9083,order-go-twin:9083,2026-06-24 11:54:06,2026-06-24T06:24:06Z,1782282246,cooldown,1995.0,39292928.0,"{""__name__"": ""process_resident_memory_bytes""}"
1,A,RSS Memory Footprint,go_order,go,order,warehouse-go:8084,warehouse-go:8084,2026-06-24 11:54:06,2026-06-24T06:24:06Z,1782282246,cooldown,1995.0,31326208.0,"{""__name__"": ""process_resident_memory_bytes""}"
1,A,RSS Memory Footprint,go_order,go,order,inventory-go-twin:9082,inventory-go-twin:9082,2026-06-24 11:54:21,2026-06-24T06:24:21Z,1782282261,cooldown,2010.0,27803648.0,"{""__name__"": ""process_resident_memory_bytes""}"
1,A,RSS Memory Footprint,go_order,go,order,order-go-twin:9083,order-go-twin:9083,2026-06-24 11:54:21,2026-06-24T06:24:21Z,1782282261,cooldown,2010.0,38952960.0,"{""__name__"": ""process_resident_memory_bytes""}"
1,A,RSS Memory Footprint,go_order,go,order,warehouse-go:8084,warehouse-go:8084,2026-06-24 11:54:21,2026-06-24T06:24:21Z,1782282261,cooldown,2010.0,31326208.0,"{""__name__"": ""process_resident_memory_bytes""}"
1,A,RSS Memory Footprint,go_order,go,order,inventory-go-twin:9082,inventory-go-twin:9082,2026-06-24 11:54:36,2026-06-24T06:24:36Z,1782282276,cooldown,2025.0,28909568.0,"{""__name__"": ""process_resident_memory_bytes""}"
1,A,RSS Memory Footprint,go_order,go,order,order-go-twin:9083,order-go-twin:9083,2026-06-24 11:54:36,2026-06-24T06:24:36Z,1782282276,cooldown,2025.0,38715392.0,"{""__name__"": ""process_resident_memory_bytes""}"
1,A,RSS Memory Footprint,go_order,go,order,warehouse-go:8084,warehouse-go:8084,2026-06-24 11:54:36,2026-06-24T06:24:36Z,1782282276,cooldown,2025.0,31408128.0,"{""__name__"": ""process_resident_memory_bytes""}"
1,A,RSS Memory Footprint,go_order,go,order,inventory-go-twin:9082,inventory-go-twin:9082,2026-06-24 11:54:51,2026-06-24T06:24:51Z,1782282291,cooldown,2040.0,28639232.0,"{""__name__"": ""process_resident_memory_bytes""}"
1,A,RSS Memory Footprint,go_order,go,order,order-go-twin:9083,order-go-twin:9083,2026-06-24 11:54:51,2026-06-24T06:24:51Z,1782282291,cooldown,2040.0,36896768.0,"{""__name__"": ""process_resident_memory_bytes""}"
1,A,RSS Memory Footprint,go_order,go,order,warehouse-go:8084,warehouse-go:8084,2026-06-24 11:54:51,2026-06-24T06:24:51Z,1782282291,cooldown,2040.0,32055296.0,"{""__name__"": ""process_resident_memory_bytes""}"
1,A,RSS Memory Footprint,go_order,go,order,inventory-go-twin:9082,inventory-go-twin:9082,2026-06-24 11:55:06,2026-06-24T06:25:06Z,1782282306,cooldown,2055.0,28962816.0,"{""__name__"": ""process_resident_memory_bytes""}"
1,A,RSS Memory Footprint,go_order,go,order,order-go-twin:9083,order-go-twin:9083,2026-06-24 11:55:06,2026-06-24T06:25:06Z,1782282306,cooldown,2055.0,38592512.0,"{""__name__"": ""process_resident_memory_bytes""}"
1,A,RSS Memory Footprint,go_order,go,order,warehouse-go:8084,warehouse-go:8084,2026-06-24 11:55:06,2026-06-24T06:25:06Z,1782282306,cooldown,2055.0,32055296.0,"{""__name__"": ""process_resident_memory_bytes""}"
1,A,RSS Memory Footprint,go_order,go,order,inventory-go-twin:9082,inventory-go-twin:9082,2026-06-24 11:55:21,2026-06-24T06:25:21Z,1782282321,cooldown,2070.0,29356032.0,"{""__name__"": ""process_resident_memory_bytes""}"
1,A,RSS Memory Footprint,go_order,go,order,order-go-twin:9083,order-go-twin:9083,2026-06-24 11:55:21,2026-06-24T06:25:21Z,1782282321,cooldown,2070.0,37228544.0,"{""__name__"": ""process_resident_memory_bytes""}"
1,A,RSS Memory Footprint,go_order,go,order,warehouse-go:8084,warehouse-go:8084,2026-06-24 11:55:21,2026-06-24T06:25:21Z,1782282321,cooldown,2070.0,32186368.0,"{""__name__"": ""process_resident_memory_bytes""}"
1,A,RSS Memory Footprint,go_order,go,order,inventory-go-twin:9082,inventory-go-twin:9082,2026-06-24 11:55:36,2026-06-24T06:25:36Z,1782282336,cooldown,2085.0,29880320.0,"{""__name__"": ""process_resident_memory_bytes""}"
1,A,RSS Memory Footprint,go_order,go,order,order-go-twin:9083,order-go-twin:9083,2026-06-24 11:55:36,2026-06-24T06:25:36Z,1782282336,cooldown,2085.0,39194624.0,"{""__name__"": ""process_resident_memory_bytes""}"
1,A,RSS Memory Footprint,go_order,go,order,warehouse-go:8084,warehouse-go:8084,2026-06-24 11:55:36,2026-06-24T06:25:36Z,1782282336,cooldown,2085.0,32186368.0,"{""__name__"": ""process_resident_memory_bytes""}"
1,A,RSS Memory Footprint,go_order,go,order,inventory-go-twin:9082,inventory-go-twin:9082,2026-06-24 11:55:51,2026-06-24T06:25:51Z,1782282351,post_test,2100.0,29417472.0,"{""__name__"": ""process_resident_memory_bytes""}"
1,A,RSS Memory Footprint,go_order,go,order,order-go-twin:9083,order-go-twin:9083,2026-06-24 11:55:51,2026-06-24T06:25:51Z,1782282351,post_test,2100.0,39194624.0,"{""__name__"": ""process_resident_memory_bytes""}"
1,A,RSS Memory Footprint,go_order,go,order,warehouse-go:8084,warehouse-go:8084,2026-06-24 11:55:51,2026-06-24T06:25:51Z,1782282351,post_test,2100.0,32186368.0,"{""__name__"": ""process_resident_memory_bytes""}"
1,A,RSS Memory Footprint,java_inventory,java,inventory,inventory-go-twin:9082,inventory-go-twin:9082,2026-06-24 13:21:22,2026-06-24T07:51:22Z,1782287482,warmup,0.0,30597120.0,"{""__name__"": ""process_resident_memory_bytes""}"
1,A,RSS Memory Footprint,java_inventory,java,inventory,order-go-twin:9083,order-go-twin:9083,2026-06-24 13:21:22,2026-06-24T07:51:22Z,1782287482,warmup,0.0,32256000.0,"{""__name__"": ""process_resident_memory_bytes""}"
1,A,RSS Memory Footprint,java_inventory,java,inventory,warehouse-go:8084,warehouse-go:8084,2026-06-24 13:21:22,2026-06-24T07:51:22Z,1782287482,warmup,0.0,34168832.0,"{""__name__"": ""process_resident_memory_bytes""}"
1,A,RSS Memory Footprint,java_inventory,java,inventory,inventory-go-twin:9082,inventory-go-twin:9082,2026-06-24 13:21:37,2026-06-24T07:51:37Z,1782287497,warmup,15.0,30597120.0,"{""__name__"": ""process_resident_memory_bytes""}"
1,A,RSS Memory Footprint,java_inventory,java,inventory,order-go-twin:9083,order-go-twin:9083,2026-06-24 13:21:37,2026-06-24T07:51:37Z,1782287497,warmup,15.0,32256000.0,"{""__name__"": ""process_resident_memory_bytes""}"
1,A,RSS Memory Footprint,java_inventory,java,inventory,warehouse-go:8084,warehouse-go:8084,2026-06-24 13:21:37,2026-06-24T07:51:37Z,1782287497,warmup,15.0,34168832.0,"{""__name__"": ""process_resident_memory_bytes""}"
1,A,RSS Memory Footprint,java_inventory,java,inventory,inventory-go-twin:9082,inventory-go-twin:9082,2026-06-24 13:21:52,2026-06-24T07:51:52Z,1782287512,warmup,30.0,30597120.0,"{""__name__"": ""process_resident_memory_bytes""}"
1,A,RSS Memory Footprint,java_inventory,java,inventory,order-go-twin:9083,order-go-twin:9083,2026-06-24 13:21:52,2026-06-24T07:51:52Z,1782287512,warmup,30.0,32256000.0,"{""__name__"": ""process_resident_memory_bytes""}"
1,A,RSS Memory Footprint,java_inventory,java,inventory,warehouse-go:8084,warehouse-go:8084,2026-06-24 13:21:52,2026-06-24T07:51:52Z,1782287512,warmup,30.0,34168832.0,"{""__name__"": ""process_resident_memory_bytes""}"
1,A,RSS Memory Footprint,java_inventory,java,inventory,inventory-go-twin:9082,inventory-go-twin:9082,2026-06-24 13:22:07,2026-06-24T07:52:07Z,1782287527,warmup,45.0,30597120.0,"{""__name__"": ""process_resident_memory_bytes""}"
1,A,RSS Memory Footprint,java_inventory,java,inventory,order-go-twin:9083,order-go-twin:9083,2026-06-24 13:22:07,2026-06-24T07:52:07Z,1782287527,warmup,45.0,32256000.0,"{""__name__"": ""process_resident_memory_bytes""}"
1,A,RSS Memory Footprint,java_inventory,java,inventory,warehouse-go:8084,warehouse-go:8084,2026-06-24 13:22:07,2026-06-24T07:52:07Z,1782287527,warmup,45.0,34168832.0,"{""__name__"": ""process_resident_memory_bytes""}"
1,A,RSS Memory Footprint,java_inventory,java,inventory,inventory-go-twin:9082,inventory-go-twin:9082,2026-06-24 13:22:22,2026-06-24T07:52:22Z,1782287542,warmup,60.0,30597120.0,"{""__name__"": ""process_resident_memory_bytes""}"
1,A,RSS Memory Footprint,java_inventory,java,inventory,order-go-twin:9083,order-go-twin:9083,2026-06-24 13:22:22,2026-06-24T07:52:22Z,1782287542,warmup,60.0,32256000.0,"{""__name__"": ""process_resident_memory_bytes""}"
1,A,RSS Memory Footprint,java_inventory,java,inventory,warehouse-go:8084,warehouse-go:8084,2026-06-24 13:22:22,2026-06-24T07:52:22Z,1782287542,warmup,60.0,34430976.0,"{""__name__"": ""process_resident_memory_bytes""}"
1,A,RSS Memory Footprint,java_inventory,java,inventory,inventory-go-twin:9082,inventory-go-twin:9082,2026-06-24 13:22:37,2026-06-24T07:52:37Z,1782287557,warmup,75.0,30597120.0,"{""__name__"": ""process_resident_memory_bytes""}"
1,A,RSS Memory Footprint,java_inventory,java,inventory,order-go-twin:9083,order-go-twin:9083,2026-06-24 13:22:37,2026-06-24T07:52:37Z,1782287557,warmup,75.0,32256000.0,"{""__name__"": ""process_resident_memory_bytes""}"
1,A,RSS Memory Footprint,java_inventory,java,inventory,warehouse-go:8084,warehouse-go:8084,2026-06-24 13:22:37,2026-06-24T07:52:37Z,1782287557,warmup,75.0,34430976.0,"{""__name__"": ""process_resident_memory_bytes""}"
1,A,RSS Memory Footprint,java_inventory,java,inventory,inventory-go-twin:9082,inventory-go-twin:9082,2026-06-24 13:22:52,2026-06-24T07:52:52Z,1782287572,warmup,90.0,30597120.0,"{""__name__"": ""process_resident_memory_bytes""}"
1,A,RSS Memory Footprint,java_inventory,java,inventory,order-go-twin:9083,order-go-twin:9083,2026-06-24 13:22:52,2026-06-24T07:52:52Z,1782287572,warmup,90.0,32256000.0,"{""__name__"": ""process_resident_memory_bytes""}"
1,A,RSS Memory Footprint,java_inventory,java,inventory,warehouse-go:8084,warehouse-go:8084,2026-06-24 13:22:52,2026-06-24T07:52:52Z,1782287572,warmup,90.0,33419264.0,"{""__name__"": ""process_resident_memory_bytes""}"
1,A,RSS Memory Footprint,java_inventory,java,inventory,inventory-go-twin:9082,inventory-go-twin:9082,2026-06-24 13:23:07,2026-06-24T07:53:07Z,1782287587,warmup,105.0,30597120.0,"{""__name__"": ""process_resident_memory_bytes""}"
1,A,RSS Memory Footprint,java_inventory,java,inventory,order-go-twin:9083,order-go-twin:9083,2026-06-24 13:23:07,2026-06-24T07:53:07Z,1782287587,warmup,105.0,32256000.0,"{""__name__"": ""process_resident_memory_bytes""}"
1,A,RSS Memory Footprint,java_inventory,java,inventory,warehouse-go:8084,warehouse-go:8084,2026-06-24 13:23:07,2026-06-24T07:53:07Z,1782287587,warmup,105.0,33804288.0,"{""__name__"": ""process_resident_memory_bytes""}"
1,A,RSS Memory Footprint,java_inventory,java,inventory,inventory-go-twin:9082,inventory-go-twin:9082,2026-06-24 13:23:22,2026-06-24T07:53:22Z,1782287602,warmup,120.0,30597120.0,"{""__name__"": ""process_resident_memory_bytes""}"
1,A,RSS Memory Footprint,java_inventory,java,inventory,order-go-twin:9083,order-go-twin:9083,2026-06-24 13:23:22,2026-06-24T07:53:22Z,1782287602,warmup,120.0,32256000.0,"{""__name__"": ""process_resident_memory_bytes""}"
1,A,RSS Memory Footprint,java_inventory,java,inventory,warehouse-go:8084,warehouse-go:8084,2026-06-24 13:23:22,2026-06-24T07:53:22Z,1782287602,warmup,120.0,33804288.0,"{""__name__"": ""process_resident_memory_bytes""}"
1,A,RSS Memory Footprint,java_inventory,java,inventory,inventory-go-twin:9082,inventory-go-twin:9082,2026-06-24 13:23:37,2026-06-24T07:53:37Z,1782287617,warmup,135.0,30597120.0,"{""__name__"": ""process_resident_memory_bytes""}"
1,A,RSS Memory Footprint,java_inventory,java,inventory,order-go-twin:9083,order-go-twin:9083,2026-06-24 13:23:37,2026-06-24T07:53:37Z,1782287617,warmup,135.0,32256000.0,"{""__name__"": ""process_resident_memory_bytes""}"
1,A,RSS Memory Footprint,java_inventory,java,inventory,warehouse-go:8084,warehouse-go:8084,2026-06-24 13:23:37,2026-06-24T07:53:37Z,1782287617,warmup,135.0,34590720.0,"{""__name__"": ""process_resident_memory_bytes""}"
1,A,RSS Memory Footprint,java_inventory,java,inventory,inventory-go-twin:9082,inventory-go-twin:9082,2026-06-24 13:23:52,2026-06-24T07:53:52Z,1782287632,warmup,150.0,30597120.0,"{""__name__"": ""process_resident_memory_bytes""}"
1,A,RSS Memory Footprint,java_inventory,java,inventory,order-go-twin:9083,order-go-twin:9083,2026-06-24 13:23:52,2026-06-24T07:53:52Z,1782287632,warmup,150.0,32256000.0,"{""__name__"": ""process_resident_memory_bytes""}"
1,A,RSS Memory Footprint,java_inventory,java,inventory,warehouse-go:8084,warehouse-go:8084,2026-06-24 13:23:52,2026-06-24T07:53:52Z,1782287632,warmup,150.0,34852864.0,"{""__name__"": ""process_resident_memory_bytes""}"
1,A,RSS Memory Footprint,java_inventory,java,inventory,inventory-go-twin:9082,inventory-go-twin:9082,2026-06-24 13:24:07,2026-06-24T07:54:07Z,1782287647,warmup,165.0,30597120.0,"{""__name__"": ""process_resident_memory_bytes""}"
1,A,RSS Memory Footprint,java_inventory,java,inventory,order-go-twin:9083,order-go-twin:9083,2026-06-24 13:24:07,2026-06-24T07:54:07Z,1782287647,warmup,165.0,32256000.0,"{""__name__"": ""process_resident_memory_bytes""}"
1,A,RSS Memory Footprint,java_inventory,java,inventory,warehouse-go:8084,warehouse-go:8084,2026-06-24 13:24:07,2026-06-24T07:54:07Z,1782287647,warmup,165.0,35086336.0,"{""__name__"": ""process_resident_memory_bytes""}"
1,A,RSS Memory Footprint,java_inventory,java,inventory,inventory-go-twin:9082,inventory-go-twin:9082,2026-06-24 13:24:22,2026-06-24T07:54:22Z,1782287662,warmup,180.0,30597120.0,"{""__name__"": ""process_resident_memory_bytes""}"
1,A,RSS Memory Footprint,java_inventory,java,inventory,order-go-twin:9083,order-go-twin:9083,2026-06-24 13:24:22,2026-06-24T07:54:22Z,1782287662,warmup,180.0,32256000.0,"{""__name__"": ""process_resident_memory_bytes""}"
1,A,RSS Memory Footprint,java_inventory,java,inventory,warehouse-go:8084,warehouse-go:8084,2026-06-24 13:24:22,2026-06-24T07:54:22Z,1782287662,warmup,180.0,35336192.0,"{""__name__"": ""process_resident_memory_bytes""}"
1,A,RSS Memory Footprint,java_inventory,java,inventory,inventory-go-twin:9082,inventory-go-twin:9082,2026-06-24 13:24:37,2026-06-24T07:54:37Z,1782287677,warmup,195.0,30597120.0,"{""__name__"": ""process_resident_memory_bytes""}"
1,A,RSS Memory Footprint,java_inventory,java,inventory,order-go-twin:9083,order-go-twin:9083,2026-06-24 13:24:37,2026-06-24T07:54:37Z,1782287677,warmup,195.0,32256000.0,"{""__name__"": ""process_resident_memory_bytes""}"
1,A,RSS Memory Footprint,java_inventory,java,inventory,warehouse-go:8084,warehouse-go:8084,2026-06-24 13:24:37,2026-06-24T07:54:37Z,1782287677,warmup,195.0,35336192.0,"{""__name__"": ""process_resident_memory_bytes""}"
1,A,RSS Memory Footprint,java_inventory,java,inventory,inventory-go-twin:9082,inventory-go-twin:9082,2026-06-24 13:24:52,2026-06-24T07:54:52Z,1782287692,warmup,210.0,31252480.0,"{""__name__"": ""process_resident_memory_bytes""}"
1,A,RSS Memory Footprint,java_inventory,java,inventory,order-go-twin:9083,order-go-twin:9083,2026-06-24 13:24:52,2026-06-24T07:54:52Z,1782287692,warmup,210.0,32256000.0,"{""__name__"": ""process_resident_memory_bytes""}"
1,A,RSS Memory Footprint,java_inventory,java,inventory,warehouse-go:8084,warehouse-go:8084,2026-06-24 13:24:52,2026-06-24T07:54:52Z,1782287692,warmup,210.0,35336192.0,"{""__name__"": ""process_resident_memory_bytes""}"
1,A,RSS Memory Footprint,java_inventory,java,inventory,inventory-go-twin:9082,inventory-go-twin:9082,2026-06-24 13:25:07,2026-06-24T07:55:07Z,1782287707,warmup,225.0,31252480.0,"{""__name__"": ""process_resident_memory_bytes""}"
1,A,RSS Memory Footprint,java_inventory,java,inventory,order-go-twin:9083,order-go-twin:9083,2026-06-24 13:25:07,2026-06-24T07:55:07Z,1782287707,warmup,225.0,32256000.0,"{""__name__"": ""process_resident_memory_bytes""}"
1,A,RSS Memory Footprint,java_inventory,java,inventory,warehouse-go:8084,warehouse-go:8084,2026-06-24 13:25:07,2026-06-24T07:55:07Z,1782287707,warmup,225.0,34922496.0,"{""__name__"": ""process_resident_memory_bytes""}"
1,A,RSS Memory Footprint,java_inventory,java,inventory,inventory-go-twin:9082,inventory-go-twin:9082,2026-06-24 13:25:22,2026-06-24T07:55:22Z,1782287722,warmup,240.0,31252480.0,"{""__name__"": ""process_resident_memory_bytes""}"
1,A,RSS Memory Footprint,java_inventory,java,inventory,order-go-twin:9083,order-go-twin:9083,2026-06-24 13:25:22,2026-06-24T07:55:22Z,1782287722,warmup,240.0,32256000.0,"{""__name__"": ""process_resident_memory_bytes""}"
1,A,RSS Memory Footprint,java_inventory,java,inventory,warehouse-go:8084,warehouse-go:8084,2026-06-24 13:25:22,2026-06-24T07:55:22Z,1782287722,warmup,240.0,34922496.0,"{""__name__"": ""process_resident_memory_bytes""}"
1,A,RSS Memory Footprint,java_inventory,java,inventory,inventory-go-twin:9082,inventory-go-twin:9082,2026-06-24 13:25:37,2026-06-24T07:55:37Z,1782287737,warmup,255.0,31252480.0,"{""__name__"": ""process_resident_memory_bytes""}"
1,A,RSS Memory Footprint,java_inventory,java,inventory,order-go-twin:9083,order-go-twin:9083,2026-06-24 13:25:37,2026-06-24T07:55:37Z,1782287737,warmup,255.0,32256000.0,"{""__name__"": ""process_resident_memory_bytes""}"
1,A,RSS Memory Footprint,java_inventory,java,inventory,warehouse-go:8084,warehouse-go:8084,2026-06-24 13:25:37,2026-06-24T07:55:37Z,1782287737,warmup,255.0,35184640.0,"{""__name__"": ""process_resident_memory_bytes""}"
1,A,RSS Memory Footprint,java_inventory,java,inventory,inventory-go-twin:9082,inventory-go-twin:9082,2026-06-24 13:25:52,2026-06-24T07:55:52Z,1782287752,warmup,270.0,31252480.0,"{""__name__"": ""process_resident_memory_bytes""}"
1,A,RSS Memory Footprint,java_inventory,java,inventory,order-go-twin:9083,order-go-twin:9083,2026-06-24 13:25:52,2026-06-24T07:55:52Z,1782287752,warmup,270.0,32256000.0,"{""__name__"": ""process_resident_memory_bytes""}"
1,A,RSS Memory Footprint,java_inventory,java,inventory,warehouse-go:8084,warehouse-go:8084,2026-06-24 13:25:52,2026-06-24T07:55:52Z,1782287752,warmup,270.0,35184640.0,"{""__name__"": ""process_resident_memory_bytes""}"
1,A,RSS Memory Footprint,java_inventory,java,inventory,inventory-go-twin:9082,inventory-go-twin:9082,2026-06-24 13:26:07,2026-06-24T07:56:07Z,1782287767,warmup,285.0,30466048.0,"{""__name__"": ""process_resident_memory_bytes""}"
1,A,RSS Memory Footprint,java_inventory,java,inventory,order-go-twin:9083,order-go-twin:9083,2026-06-24 13:26:07,2026-06-24T07:56:07Z,1782287767,warmup,285.0,32256000.0,"{""__name__"": ""process_resident_memory_bytes""}"
1,A,RSS Memory Footprint,java_inventory,java,inventory,warehouse-go:8084,warehouse-go:8084,2026-06-24 13:26:07,2026-06-24T07:56:07Z,1782287767,warmup,285.0,36102144.0,"{""__name__"": ""process_resident_memory_bytes""}"
1,A,RSS Memory Footprint,java_inventory,java,inventory,inventory-go-twin:9082,inventory-go-twin:9082,2026-06-24 13:26:22,2026-06-24T07:56:22Z,1782287782,ramp_1,300.0,30466048.0,"{""__name__"": ""process_resident_memory_bytes""}"
1,A,RSS Memory Footprint,java_inventory,java,inventory,order-go-twin:9083,order-go-twin:9083,2026-06-24 13:26:22,2026-06-24T07:56:22Z,1782287782,ramp_1,300.0,32256000.0,"{""__name__"": ""process_resident_memory_bytes""}"
1,A,RSS Memory Footprint,java_inventory,java,inventory,warehouse-go:8084,warehouse-go:8084,2026-06-24 13:26:22,2026-06-24T07:56:22Z,1782287782,ramp_1,300.0,36102144.0,"{""__name__"": ""process_resident_memory_bytes""}"
1,A,RSS Memory Footprint,java_inventory,java,inventory,inventory-go-twin:9082,inventory-go-twin:9082,2026-06-24 13:26:37,2026-06-24T07:56:37Z,1782287797,ramp_1,315.0,30466048.0,"{""__name__"": ""process_resident_memory_bytes""}"
1,A,RSS Memory Footprint,java_inventory,java,inventory,order-go-twin:9083,order-go-twin:9083,2026-06-24 13:26:37,2026-06-24T07:56:37Z,1782287797,ramp_1,315.0,32256000.0,"{""__name__"": ""process_resident_memory_bytes""}"
1,A,RSS Memory Footprint,java_inventory,java,inventory,warehouse-go:8084,warehouse-go:8084,2026-06-24 13:26:37,2026-06-24T07:56:37Z,1782287797,ramp_1,315.0,36102144.0,"{""__name__"": ""process_resident_memory_bytes""}"
1,A,RSS Memory Footprint,java_inventory,java,inventory,inventory-go-twin:9082,inventory-go-twin:9082,2026-06-24 13:26:52,2026-06-24T07:56:52Z,1782287812,ramp_1,330.0,30466048.0,"{""__name__"": ""process_resident_memory_bytes""}"
1,A,RSS Memory Footprint,java_inventory,java,inventory,order-go-twin:9083,order-go-twin:9083,2026-06-24 13:26:52,2026-06-24T07:56:52Z,1782287812,ramp_1,330.0,32256000.0,"{""__name__"": ""process_resident_memory_bytes""}"
1,A,RSS Memory Footprint,java_inventory,java,inventory,warehouse-go:8084,warehouse-go:8084,2026-06-24 13:26:52,2026-06-24T07:56:52Z,1782287812,ramp_1,330.0,36478976.0,"{""__name__"": ""process_resident_memory_bytes""}"
1,A,RSS Memory Footprint,java_inventory,java,inventory,inventory-go-twin:9082,inventory-go-twin:9082,2026-06-24 13:27:07,2026-06-24T07:57:07Z,1782287827,ramp_1,345.0,30466048.0,"{""__name__"": ""process_resident_memory_bytes""}"
1,A,RSS Memory Footprint,java_inventory,java,inventory,order-go-twin:9083,order-go-twin:9083,2026-06-24 13:27:07,2026-06-24T07:57:07Z,1782287827,ramp_1,345.0,32256000.0,"{""__name__"": ""process_resident_memory_bytes""}"
1,A,RSS Memory Footprint,java_inventory,java,inventory,warehouse-go:8084,warehouse-go:8084,2026-06-24 13:27:07,2026-06-24T07:57:07Z,1782287827,ramp_1,345.0,36478976.0,"{""__name__"": ""process_resident_memory_bytes""}"
1,A,RSS Memory Footprint,java_inventory,java,inventory,inventory-go-twin:9082,inventory-go-twin:9082,2026-06-24 13:27:22,2026-06-24T07:57:22Z,1782287842,ramp_1,360.0,30466048.0,"{""__name__"": ""process_resident_memory_bytes""}"
1,A,RSS Memory Footprint,java_inventory,java,inventory,order-go-twin:9083,order-go-twin:9083,2026-06-24 13:27:22,2026-06-24T07:57:22Z,1782287842,ramp_1,360.0,32256000.0,"{""__name__"": ""process_resident_memory_bytes""}"
1,A,RSS Memory Footprint,java_inventory,java,inventory,warehouse-go:8084,warehouse-go:8084,2026-06-24 13:27:22,2026-06-24T07:57:22Z,1782287842,ramp_1,360.0,36478976.0,"{""__name__"": ""process_resident_memory_bytes""}"
1,A,RSS Memory Footprint,java_inventory,java,inventory,inventory-go-twin:9082,inventory-go-twin:9082,2026-06-24 13:27:37,2026-06-24T07:57:37Z,1782287857,ramp_1,375.0,30466048.0,"{""__name__"": ""process_resident_memory_bytes""}"
1,A,RSS Memory Footprint,java_inventory,java,inventory,order-go-twin:9083,order-go-twin:9083,2026-06-24 13:27:37,2026-06-24T07:57:37Z,1782287857,ramp_1,375.0,32256000.0,"{""__name__"": ""process_resident_memory_bytes""}"
1,A,RSS Memory Footprint,java_inventory,java,inventory,warehouse-go:8084,warehouse-go:8084,2026-06-24 13:27:37,2026-06-24T07:57:37Z,1782287857,ramp_1,375.0,36610048.0,"{""__name__"": ""process_resident_memory_bytes""}"
1,A,RSS Memory Footprint,java_inventory,java,inventory,inventory-go-twin:9082,inventory-go-twin:9082,2026-06-24 13:27:52,2026-06-24T07:57:52Z,1782287872,ramp_1,390.0,30466048.0,"{""__name__"": ""process_resident_memory_bytes""}"
1,A,RSS Memory Footprint,java_inventory,java,inventory,order-go-twin:9083,order-go-twin:9083,2026-06-24 13:27:52,2026-06-24T07:57:52Z,1782287872,ramp_1,390.0,32256000.0,"{""__name__"": ""process_resident_memory_bytes""}"
1,A,RSS Memory Footprint,java_inventory,java,inventory,warehouse-go:8084,warehouse-go:8084,2026-06-24 13:27:52,2026-06-24T07:57:52Z,1782287872,ramp_1,390.0,36610048.0,"{""__name__"": ""process_resident_memory_bytes""}"
1,A,RSS Memory Footprint,java_inventory,java,inventory,inventory-go-twin:9082,inventory-go-twin:9082,2026-06-24 13:28:07,2026-06-24T07:58:07Z,1782287887,ramp_1,405.0,30466048.0,"{""__name__"": ""process_resident_memory_bytes""}"
1,A,RSS Memory Footprint,java_inventory,java,inventory,order-go-twin:9083,order-go-twin:9083,2026-06-24 13:28:07,2026-06-24T07:58:07Z,1782287887,ramp_1,405.0,32256000.0,"{""__name__"": ""process_resident_memory_bytes""}"
1,A,RSS Memory Footprint,java_inventory,java,inventory,warehouse-go:8084,warehouse-go:8084,2026-06-24 13:28:07,2026-06-24T07:58:07Z,1782287887,ramp_1,405.0,36610048.0,"{""__name__"": ""process_resident_memory_bytes""}"
1,A,RSS Memory Footprint,java_inventory,java,inventory,inventory-go-twin:9082,inventory-go-twin:9082,2026-06-24 13:28:22,2026-06-24T07:58:22Z,1782287902,ramp_1,420.0,31121408.0,"{""__name__"": ""process_resident_memory_bytes""}"
1,A,RSS Memory Footprint,java_inventory,java,inventory,order-go-twin:9083,order-go-twin:9083,2026-06-24 13:28:22,2026-06-24T07:58:22Z,1782287902,ramp_1,420.0,32256000.0,"{""__name__"": ""process_resident_memory_bytes""}"
1,A,RSS Memory Footprint,java_inventory,java,inventory,warehouse-go:8084,warehouse-go:8084,2026-06-24 13:28:22,2026-06-24T07:58:22Z,1782287902,ramp_1,420.0,35008512.0,"{""__name__"": ""process_resident_memory_bytes""}"
1,A,RSS Memory Footprint,java_inventory,java,inventory,inventory-go-twin:9082,inventory-go-twin:9082,2026-06-24 13:28:37,2026-06-24T07:58:37Z,1782287917,ramp_1,435.0,30793728.0,"{""__name__"": ""process_resident_memory_bytes""}"
1,A,RSS Memory Footprint,java_inventory,java,inventory,order-go-twin:9083,order-go-twin:9083,2026-06-24 13:28:37,2026-06-24T07:58:37Z,1782287917,ramp_1,435.0,32256000.0,"{""__name__"": ""process_resident_memory_bytes""}"
1,A,RSS Memory Footprint,java_inventory,java,inventory,warehouse-go:8084,warehouse-go:8084,2026-06-24 13:28:37,2026-06-24T07:58:37Z,1782287917,ramp_1,435.0,35008512.0,"{""__name__"": ""process_resident_memory_bytes""}"
1,A,RSS Memory Footprint,java_inventory,java,inventory,inventory-go-twin:9082,inventory-go-twin:9082,2026-06-24 13:28:52,2026-06-24T07:58:52Z,1782287932,ramp_1,450.0,30793728.0,"{""__name__"": ""process_resident_memory_bytes""}"
1,A,RSS Memory Footprint,java_inventory,java,inventory,order-go-twin:9083,order-go-twin:9083,2026-06-24 13:28:52,2026-06-24T07:58:52Z,1782287932,ramp_1,450.0,32256000.0,"{""__name__"": ""process_resident_memory_bytes""}"
1,A,RSS Memory Footprint,java_inventory,java,inventory,warehouse-go:8084,warehouse-go:8084,2026-06-24 13:28:52,2026-06-24T07:58:52Z,1782287932,ramp_1,450.0,35401728.0,"{""__name__"": ""process_resident_memory_bytes""}"
1,A,RSS Memory Footprint,java_inventory,java,inventory,inventory-go-twin:9082,inventory-go-twin:9082,2026-06-24 13:29:07,2026-06-24T07:59:07Z,1782287947,ramp_1,465.0,31055872.0,"{""__name__"": ""process_resident_memory_bytes""}"
1,A,RSS Memory Footprint,java_inventory,java,inventory,order-go-twin:9083,order-go-twin:9083,2026-06-24 13:29:07,2026-06-24T07:59:07Z,1782287947,ramp_1,465.0,32256000.0,"{""__name__"": ""process_resident_memory_bytes""}"
1,A,RSS Memory Footprint,java_inventory,java,inventory,warehouse-go:8084,warehouse-go:8084,2026-06-24 13:29:07,2026-06-24T07:59:07Z,1782287947,ramp_1,465.0,35401728.0,"{""__name__"": ""process_resident_memory_bytes""}"
1,A,RSS Memory Footprint,java_inventory,java,inventory,inventory-go-twin:9082,inventory-go-twin:9082,2026-06-24 13:29:22,2026-06-24T07:59:22Z,1782287962,ramp_1,480.0,31318016.0,"{""__name__"": ""process_resident_memory_bytes""}"
1,A,RSS Memory Footprint,java_inventory,java,inventory,order-go-twin:9083,order-go-twin:9083,2026-06-24 13:29:22,2026-06-24T07:59:22Z,1782287962,ramp_1,480.0,32256000.0,"{""__name__"": ""process_resident_memory_bytes""}"
1,A,RSS Memory Footprint,java_inventory,java,inventory,warehouse-go:8084,warehouse-go:8084,2026-06-24 13:29:22,2026-06-24T07:59:22Z,1782287962,ramp_1,480.0,35401728.0,"{""__name__"": ""process_resident_memory_bytes""}"
1,A,RSS Memory Footprint,java_inventory,java,inventory,inventory-go-twin:9082,inventory-go-twin:9082,2026-06-24 13:29:37,2026-06-24T07:59:37Z,1782287977,ramp_1,495.0,31318016.0,"{""__name__"": ""process_resident_memory_bytes""}"
1,A,RSS Memory Footprint,java_inventory,java,inventory,order-go-twin:9083,order-go-twin:9083,2026-06-24 13:29:37,2026-06-24T07:59:37Z,1782287977,ramp_1,495.0,32256000.0,"{""__name__"": ""process_resident_memory_bytes""}"
1,A,RSS Memory Footprint,java_inventory,java,inventory,warehouse-go:8084,warehouse-go:8084,2026-06-24 13:29:37,2026-06-24T07:59:37Z,1782287977,ramp_1,495.0,36319232.0,"{""__name__"": ""process_resident_memory_bytes""}"
1,A,RSS Memory Footprint,java_inventory,java,inventory,inventory-go-twin:9082,inventory-go-twin:9082,2026-06-24 13:29:52,2026-06-24T07:59:52Z,1782287992,ramp_1,510.0,30081024.0,"{""__name__"": ""process_resident_memory_bytes""}"
1,A,RSS Memory Footprint,java_inventory,java,inventory,order-go-twin:9083,order-go-twin:9083,2026-06-24 13:29:52,2026-06-24T07:59:52Z,1782287992,ramp_1,510.0,32256000.0,"{""__name__"": ""process_resident_memory_bytes""}"
1,A,RSS Memory Footprint,java_inventory,java,inventory,warehouse-go:8084,warehouse-go:8084,2026-06-24 13:29:52,2026-06-24T07:59:52Z,1782287992,ramp_1,510.0,36319232.0,"{""__name__"": ""process_resident_memory_bytes""}"
1,A,RSS Memory Footprint,java_inventory,java,inventory,inventory-go-twin:9082,inventory-go-twin:9082,2026-06-24 13:30:07,2026-06-24T08:00:07Z,1782288007,ramp_1,525.0,30736384.0,"{""__name__"": ""process_resident_memory_bytes""}"
1,A,RSS Memory Footprint,java_inventory,java,inventory,order-go-twin:9083,order-go-twin:9083,2026-06-24 13:30:07,2026-06-24T08:00:07Z,1782288007,ramp_1,525.0,32256000.0,"{""__name__"": ""process_resident_memory_bytes""}"
1,A,RSS Memory Footprint,java_inventory,java,inventory,warehouse-go:8084,warehouse-go:8084,2026-06-24 13:30:07,2026-06-24T08:00:07Z,1782288007,ramp_1,525.0,35729408.0,"{""__name__"": ""process_resident_memory_bytes""}"
1,A,RSS Memory Footprint,java_inventory,java,inventory,inventory-go-twin:9082,inventory-go-twin:9082,2026-06-24 13:30:22,2026-06-24T08:00:22Z,1782288022,ramp_1,540.0,30310400.0,"{""__name__"": ""process_resident_memory_bytes""}"
1,A,RSS Memory Footprint,java_inventory,java,inventory,order-go-twin:9083,order-go-twin:9083,2026-06-24 13:30:22,2026-06-24T08:00:22Z,1782288022,ramp_1,540.0,32256000.0,"{""__name__"": ""process_resident_memory_bytes""}"
1,A,RSS Memory Footprint,java_inventory,java,inventory,warehouse-go:8084,warehouse-go:8084,2026-06-24 13:30:22,2026-06-24T08:00:22Z,1782288022,ramp_1,540.0,35729408.0,"{""__name__"": ""process_resident_memory_bytes""}"
1,A,RSS Memory Footprint,java_inventory,java,inventory,inventory-go-twin:9082,inventory-go-twin:9082,2026-06-24 13:30:37,2026-06-24T08:00:37Z,1782288037,ramp_1,555.0,30310400.0,"{""__name__"": ""process_resident_memory_bytes""}"
1,A,RSS Memory Footprint,java_inventory,java,inventory,order-go-twin:9083,order-go-twin:9083,2026-06-24 13:30:37,2026-06-24T08:00:37Z,1782288037,ramp_1,555.0,32256000.0,"{""__name__"": ""process_resident_memory_bytes""}"
1,A,RSS Memory Footprint,java_inventory,java,inventory,warehouse-go:8084,warehouse-go:8084,2026-06-24 13:30:37,2026-06-24T08:00:37Z,1782288037,ramp_1,555.0,35991552.0,"{""__name__"": ""process_resident_memory_bytes""}"
1,A,RSS Memory Footprint,java_inventory,java,inventory,inventory-go-twin:9082,inventory-go-twin:9082,2026-06-24 13:30:52,2026-06-24T08:00:52Z,1782288052,ramp_1,570.0,30310400.0,"{""__name__"": ""process_resident_memory_bytes""}"
1,A,RSS Memory Footprint,java_inventory,java,inventory,order-go-twin:9083,order-go-twin:9083,2026-06-24 13:30:52,2026-06-24T08:00:52Z,1782288052,ramp_1,570.0,32256000.0,"{""__name__"": ""process_resident_memory_bytes""}"
1,A,RSS Memory Footprint,java_inventory,java,inventory,warehouse-go:8084,warehouse-go:8084,2026-06-24 13:30:52,2026-06-24T08:00:52Z,1782288052,ramp_1,570.0,35811328.0,"{""__name__"": ""process_resident_memory_bytes""}"
1,A,RSS Memory Footprint,java_inventory,java,inventory,inventory-go-twin:9082,inventory-go-twin:9082,2026-06-24 13:31:07,2026-06-24T08:01:07Z,1782288067,ramp_1,585.0,30310400.0,"{""__name__"": ""process_resident_memory_bytes""}"
1,A,RSS Memory Footprint,java_inventory,java,inventory,order-go-twin:9083,order-go-twin:9083,2026-06-24 13:31:07,2026-06-24T08:01:07Z,1782288067,ramp_1,585.0,32387072.0,"{""__name__"": ""process_resident_memory_bytes""}"
1,A,RSS Memory Footprint,java_inventory,java,inventory,warehouse-go:8084,warehouse-go:8084,2026-06-24 13:31:07,2026-06-24T08:01:07Z,1782288067,ramp_1,585.0,35811328.0,"{""__name__"": ""process_resident_memory_bytes""}"
1,A,RSS Memory Footprint,java_inventory,java,inventory,inventory-go-twin:9082,inventory-go-twin:9082,2026-06-24 13:31:22,2026-06-24T08:01:22Z,1782288082,ramp_2,600.0,30834688.0,"{""__name__"": ""process_resident_memory_bytes""}"
1,A,RSS Memory Footprint,java_inventory,java,inventory,order-go-twin:9083,order-go-twin:9083,2026-06-24 13:31:22,2026-06-24T08:01:22Z,1782288082,ramp_2,600.0,32387072.0,"{""__name__"": ""process_resident_memory_bytes""}"
1,A,RSS Memory Footprint,java_inventory,java,inventory,warehouse-go:8084,warehouse-go:8084,2026-06-24 13:31:22,2026-06-24T08:01:22Z,1782288082,ramp_2,600.0,36466688.0,"{""__name__"": ""process_resident_memory_bytes""}"
1,A,RSS Memory Footprint,java_inventory,java,inventory,inventory-go-twin:9082,inventory-go-twin:9082,2026-06-24 13:31:37,2026-06-24T08:01:37Z,1782288097,ramp_2,615.0,30834688.0,"{""__name__"": ""process_resident_memory_bytes""}"
1,A,RSS Memory Footprint,java_inventory,java,inventory,order-go-twin:9083,order-go-twin:9083,2026-06-24 13:31:37,2026-06-24T08:01:37Z,1782288097,ramp_2,615.0,32387072.0,"{""__name__"": ""process_resident_memory_bytes""}"
1,A,RSS Memory Footprint,java_inventory,java,inventory,warehouse-go:8084,warehouse-go:8084,2026-06-24 13:31:37,2026-06-24T08:01:37Z,1782288097,ramp_2,615.0,33968128.0,"{""__name__"": ""process_resident_memory_bytes""}"
1,A,RSS Memory Footprint,java_inventory,java,inventory,inventory-go-twin:9082,inventory-go-twin:9082,2026-06-24 13:31:52,2026-06-24T08:01:52Z,1782288112,ramp_2,630.0,30965760.0,"{""__name__"": ""process_resident_memory_bytes""}"
1,A,RSS Memory Footprint,java_inventory,java,inventory,order-go-twin:9083,order-go-twin:9083,2026-06-24 13:31:52,2026-06-24T08:01:52Z,1782288112,ramp_2,630.0,32387072.0,"{""__name__"": ""process_resident_memory_bytes""}"
1,A,RSS Memory Footprint,java_inventory,java,inventory,warehouse-go:8084,warehouse-go:8084,2026-06-24 13:31:52,2026-06-24T08:01:52Z,1782288112,ramp_2,630.0,35201024.0,"{""__name__"": ""process_resident_memory_bytes""}"
1,A,RSS Memory Footprint,java_inventory,java,inventory,inventory-go-twin:9082,inventory-go-twin:9082,2026-06-24 13:32:07,2026-06-24T08:02:07Z,1782288127,ramp_2,645.0,30224384.0,"{""__name__"": ""process_resident_memory_bytes""}"
1,A,RSS Memory Footprint,java_inventory,java,inventory,order-go-twin:9083,order-go-twin:9083,2026-06-24 13:32:07,2026-06-24T08:02:07Z,1782288127,ramp_2,645.0,32755712.0,"{""__name__"": ""process_resident_memory_bytes""}"
1,A,RSS Memory Footprint,java_inventory,java,inventory,warehouse-go:8084,warehouse-go:8084,2026-06-24 13:32:07,2026-06-24T08:02:07Z,1782288127,ramp_2,645.0,35201024.0,"{""__name__"": ""process_resident_memory_bytes""}"
1,A,RSS Memory Footprint,java_inventory,java,inventory,inventory-go-twin:9082,inventory-go-twin:9082,2026-06-24 13:32:22,2026-06-24T08:02:22Z,1782288142,ramp_2,660.0,30224384.0,"{""__name__"": ""process_resident_memory_bytes""}"
1,A,RSS Memory Footprint,java_inventory,java,inventory,order-go-twin:9083,order-go-twin:9083,2026-06-24 13:32:22,2026-06-24T08:02:22Z,1782288142,ramp_2,660.0,32755712.0,"{""__name__"": ""process_resident_memory_bytes""}"
1,A,RSS Memory Footprint,java_inventory,java,inventory,warehouse-go:8084,warehouse-go:8084,2026-06-24 13:32:22,2026-06-24T08:02:22Z,1782288142,ramp_2,660.0,35201024.0,"{""__name__"": ""process_resident_memory_bytes""}"
1,A,RSS Memory Footprint,java_inventory,java,inventory,inventory-go-twin:9082,inventory-go-twin:9082,2026-06-24 13:32:37,2026-06-24T08:02:37Z,1782288157,ramp_2,675.0,30224384.0,"{""__name__"": ""process_resident_memory_bytes""}"
1,A,RSS Memory Footprint,java_inventory,java,inventory,order-go-twin:9083,order-go-twin:9083,2026-06-24 13:32:37,2026-06-24T08:02:37Z,1782288157,ramp_2,675.0,32755712.0,"{""__name__"": ""process_resident_memory_bytes""}"
1,A,RSS Memory Footprint,java_inventory,java,inventory,warehouse-go:8084,warehouse-go:8084,2026-06-24 13:32:37,2026-06-24T08:02:37Z,1782288157,ramp_2,675.0,35463168.0,"{""__name__"": ""process_resident_memory_bytes""}"
1,A,RSS Memory Footprint,java_inventory,java,inventory,inventory-go-twin:9082,inventory-go-twin:9082,2026-06-24 13:32:52,2026-06-24T08:02:52Z,1782288172,ramp_2,690.0,30224384.0,"{""__name__"": ""process_resident_memory_bytes""}"
1,A,RSS Memory Footprint,java_inventory,java,inventory,order-go-twin:9083,order-go-twin:9083,2026-06-24 13:32:52,2026-06-24T08:02:52Z,1782288172,ramp_2,690.0,32215040.0,"{""__name__"": ""process_resident_memory_bytes""}"
1,A,RSS Memory Footprint,java_inventory,java,inventory,warehouse-go:8084,warehouse-go:8084,2026-06-24 13:32:52,2026-06-24T08:02:52Z,1782288172,ramp_2,690.0,34881536.0,"{""__name__"": ""process_resident_memory_bytes""}"
1,A,RSS Memory Footprint,java_inventory,java,inventory,inventory-go-twin:9082,inventory-go-twin:9082,2026-06-24 13:33:07,2026-06-24T08:03:07Z,1782288187,ramp_2,705.0,30224384.0,"{""__name__"": ""process_resident_memory_bytes""}"
1,A,RSS Memory Footprint,java_inventory,java,inventory,order-go-twin:9083,order-go-twin:9083,2026-06-24 13:33:07,2026-06-24T08:03:07Z,1782288187,ramp_2,705.0,32215040.0,"{""__name__"": ""process_resident_memory_bytes""}"
1,A,RSS Memory Footprint,java_inventory,java,inventory,warehouse-go:8084,warehouse-go:8084,2026-06-24 13:33:07,2026-06-24T08:03:07Z,1782288187,ramp_2,705.0,34881536.0,"{""__name__"": ""process_resident_memory_bytes""}"
1,A,RSS Memory Footprint,java_inventory,java,inventory,inventory-go-twin:9082,inventory-go-twin:9082,2026-06-24 13:33:22,2026-06-24T08:03:22Z,1782288202,ramp_2,720.0,30224384.0,"{""__name__"": ""process_resident_memory_bytes""}"
1,A,RSS Memory Footprint,java_inventory,java,inventory,order-go-twin:9083,order-go-twin:9083,2026-06-24 13:33:22,2026-06-24T08:03:22Z,1782288202,ramp_2,720.0,32215040.0,"{""__name__"": ""process_resident_memory_bytes""}"
1,A,RSS Memory Footprint,java_inventory,java,inventory,warehouse-go:8084,warehouse-go:8084,2026-06-24 13:33:22,2026-06-24T08:03:22Z,1782288202,ramp_2,720.0,33144832.0,"{""__name__"": ""process_resident_memory_bytes""}"
1,A,RSS Memory Footprint,java_inventory,java,inventory,inventory-go-twin:9082,inventory-go-twin:9082,2026-06-24 13:33:37,2026-06-24T08:03:37Z,1782288217,ramp_2,735.0,30224384.0,"{""__name__"": ""process_resident_memory_bytes""}"
1,A,RSS Memory Footprint,java_inventory,java,inventory,order-go-twin:9083,order-go-twin:9083,2026-06-24 13:33:37,2026-06-24T08:03:37Z,1782288217,ramp_2,735.0,32215040.0,"{""__name__"": ""process_resident_memory_bytes""}"
1,A,RSS Memory Footprint,java_inventory,java,inventory,warehouse-go:8084,warehouse-go:8084,2026-06-24 13:33:37,2026-06-24T08:03:37Z,1782288217,ramp_2,735.0,33374208.0,"{""__name__"": ""process_resident_memory_bytes""}"
1,A,RSS Memory Footprint,java_inventory,java,inventory,inventory-go-twin:9082,inventory-go-twin:9082,2026-06-24 13:33:52,2026-06-24T08:03:52Z,1782288232,ramp_2,750.0,30224384.0,"{""__name__"": ""process_resident_memory_bytes""}"
1,A,RSS Memory Footprint,java_inventory,java,inventory,order-go-twin:9083,order-go-twin:9083,2026-06-24 13:33:52,2026-06-24T08:03:52Z,1782288232,ramp_2,750.0,31821824.0,"{""__name__"": ""process_resident_memory_bytes""}"
1,A,RSS Memory Footprint,java_inventory,java,inventory,warehouse-go:8084,warehouse-go:8084,2026-06-24 13:33:52,2026-06-24T08:03:52Z,1782288232,ramp_2,750.0,33374208.0,"{""__name__"": ""process_resident_memory_bytes""}"
1,A,RSS Memory Footprint,java_inventory,java,inventory,inventory-go-twin:9082,inventory-go-twin:9082,2026-06-24 13:34:07,2026-06-24T08:04:07Z,1782288247,ramp_2,765.0,30224384.0,"{""__name__"": ""process_resident_memory_bytes""}"
1,A,RSS Memory Footprint,java_inventory,java,inventory,order-go-twin:9083,order-go-twin:9083,2026-06-24 13:34:07,2026-06-24T08:04:07Z,1782288247,ramp_2,765.0,32346112.0,"{""__name__"": ""process_resident_memory_bytes""}"
1,A,RSS Memory Footprint,java_inventory,java,inventory,warehouse-go:8084,warehouse-go:8084,2026-06-24 13:34:07,2026-06-24T08:04:07Z,1782288247,ramp_2,765.0,33374208.0,"{""__name__"": ""process_resident_memory_bytes""}"
1,A,RSS Memory Footprint,java_inventory,java,inventory,inventory-go-twin:9082,inventory-go-twin:9082,2026-06-24 13:34:22,2026-06-24T08:04:22Z,1782288262,ramp_2,780.0,30224384.0,"{""__name__"": ""process_resident_memory_bytes""}"
1,A,RSS Memory Footprint,java_inventory,java,inventory,order-go-twin:9083,order-go-twin:9083,2026-06-24 13:34:22,2026-06-24T08:04:22Z,1782288262,ramp_2,780.0,32346112.0,"{""__name__"": ""process_resident_memory_bytes""}"
1,A,RSS Memory Footprint,java_inventory,java,inventory,warehouse-go:8084,warehouse-go:8084,2026-06-24 13:34:22,2026-06-24T08:04:22Z,1782288262,ramp_2,780.0,34660352.0,"{""__name__"": ""process_resident_memory_bytes""}"
1,A,RSS Memory Footprint,java_inventory,java,inventory,inventory-go-twin:9082,inventory-go-twin:9082,2026-06-24 13:34:37,2026-06-24T08:04:37Z,1782288277,ramp_2,795.0,30355456.0,"{""__name__"": ""process_resident_memory_bytes""}"
1,A,RSS Memory Footprint,java_inventory,java,inventory,order-go-twin:9083,order-go-twin:9083,2026-06-24 13:34:37,2026-06-24T08:04:37Z,1782288277,ramp_2,795.0,31821824.0,"{""__name__"": ""process_resident_memory_bytes""}"
1,A,RSS Memory Footprint,java_inventory,java,inventory,warehouse-go:8084,warehouse-go:8084,2026-06-24 13:34:37,2026-06-24T08:04:37Z,1782288277,ramp_2,795.0,34791424.0,"{""__name__"": ""process_resident_memory_bytes""}"
1,A,RSS Memory Footprint,java_inventory,java,inventory,inventory-go-twin:9082,inventory-go-twin:9082,2026-06-24 13:34:52,2026-06-24T08:04:52Z,1782288292,ramp_2,810.0,30355456.0,"{""__name__"": ""process_resident_memory_bytes""}"
1,A,RSS Memory Footprint,java_inventory,java,inventory,order-go-twin:9083,order-go-twin:9083,2026-06-24 13:34:52,2026-06-24T08:04:52Z,1782288292,ramp_2,810.0,31821824.0,"{""__name__"": ""process_resident_memory_bytes""}"
1,A,RSS Memory Footprint,java_inventory,java,inventory,warehouse-go:8084,warehouse-go:8084,2026-06-24 13:34:52,2026-06-24T08:04:52Z,1782288292,ramp_2,810.0,35053568.0,"{""__name__"": ""process_resident_memory_bytes""}"
1,A,RSS Memory Footprint,java_inventory,java,inventory,inventory-go-twin:9082,inventory-go-twin:9082,2026-06-24 13:35:07,2026-06-24T08:05:07Z,1782288307,ramp_2,825.0,30355456.0,"{""__name__"": ""process_resident_memory_bytes""}"
1,A,RSS Memory Footprint,java_inventory,java,inventory,order-go-twin:9083,order-go-twin:9083,2026-06-24 13:35:07,2026-06-24T08:05:07Z,1782288307,ramp_2,825.0,31821824.0,"{""__name__"": ""process_resident_memory_bytes""}"
1,A,RSS Memory Footprint,java_inventory,java,inventory,warehouse-go:8084,warehouse-go:8084,2026-06-24 13:35:07,2026-06-24T08:05:07Z,1782288307,ramp_2,825.0,34496512.0,"{""__name__"": ""process_resident_memory_bytes""}"
1,A,RSS Memory Footprint,java_inventory,java,inventory,inventory-go-twin:9082,inventory-go-twin:9082,2026-06-24 13:35:22,2026-06-24T08:05:22Z,1782288322,ramp_2,840.0,31010816.0,"{""__name__"": ""process_resident_memory_bytes""}"
1,A,RSS Memory Footprint,java_inventory,java,inventory,order-go-twin:9083,order-go-twin:9083,2026-06-24 13:35:22,2026-06-24T08:05:22Z,1782288322,ramp_2,840.0,31821824.0,"{""__name__"": ""process_resident_memory_bytes""}"
1,A,RSS Memory Footprint,java_inventory,java,inventory,warehouse-go:8084,warehouse-go:8084,2026-06-24 13:35:22,2026-06-24T08:05:22Z,1782288322,ramp_2,840.0,34758656.0,"{""__name__"": ""process_resident_memory_bytes""}"
1,A,RSS Memory Footprint,java_inventory,java,inventory,inventory-go-twin:9082,inventory-go-twin:9082,2026-06-24 13:35:37,2026-06-24T08:05:37Z,1782288337,ramp_2,855.0,31010816.0,"{""__name__"": ""process_resident_memory_bytes""}"
1,A,RSS Memory Footprint,java_inventory,java,inventory,order-go-twin:9083,order-go-twin:9083,2026-06-24 13:35:37,2026-06-24T08:05:37Z,1782288337,ramp_2,855.0,31952896.0,"{""__name__"": ""process_resident_memory_bytes""}"
1,A,RSS Memory Footprint,java_inventory,java,inventory,warehouse-go:8084,warehouse-go:8084,2026-06-24 13:35:37,2026-06-24T08:05:37Z,1782288337,ramp_2,855.0,34889728.0,"{""__name__"": ""process_resident_memory_bytes""}"
1,A,RSS Memory Footprint,java_inventory,java,inventory,inventory-go-twin:9082,inventory-go-twin:9082,2026-06-24 13:35:52,2026-06-24T08:05:52Z,1782288352,ramp_2,870.0,30531584.0,"{""__name__"": ""process_resident_memory_bytes""}"
1,A,RSS Memory Footprint,java_inventory,java,inventory,order-go-twin:9083,order-go-twin:9083,2026-06-24 13:35:52,2026-06-24T08:05:52Z,1782288352,ramp_2,870.0,32083968.0,"{""__name__"": ""process_resident_memory_bytes""}"
1,A,RSS Memory Footprint,java_inventory,java,inventory,warehouse-go:8084,warehouse-go:8084,2026-06-24 13:35:52,2026-06-24T08:05:52Z,1782288352,ramp_2,870.0,34889728.0,"{""__name__"": ""process_resident_memory_bytes""}"
1,A,RSS Memory Footprint,java_inventory,java,inventory,inventory-go-twin:9082,inventory-go-twin:9082,2026-06-24 13:36:07,2026-06-24T08:06:07Z,1782288367,ramp_2,885.0,30531584.0,"{""__name__"": ""process_resident_memory_bytes""}"
1,A,RSS Memory Footprint,java_inventory,java,inventory,order-go-twin:9083,order-go-twin:9083,2026-06-24 13:36:07,2026-06-24T08:06:07Z,1782288367,ramp_2,885.0,32083968.0,"{""__name__"": ""process_resident_memory_bytes""}"
1,A,RSS Memory Footprint,java_inventory,java,inventory,warehouse-go:8084,warehouse-go:8084,2026-06-24 13:36:07,2026-06-24T08:06:07Z,1782288367,ramp_2,885.0,35151872.0,"{""__name__"": ""process_resident_memory_bytes""}"
1,A,RSS Memory Footprint,java_inventory,java,inventory,inventory-go-twin:9082,inventory-go-twin:9082,2026-06-24 13:36:22,2026-06-24T08:06:22Z,1782288382,ramp_3,900.0,30531584.0,"{""__name__"": ""process_resident_memory_bytes""}"
1,A,RSS Memory Footprint,java_inventory,java,inventory,order-go-twin:9083,order-go-twin:9083,2026-06-24 13:36:22,2026-06-24T08:06:22Z,1782288382,ramp_3,900.0,32083968.0,"{""__name__"": ""process_resident_memory_bytes""}"
1,A,RSS Memory Footprint,java_inventory,java,inventory,warehouse-go:8084,warehouse-go:8084,2026-06-24 13:36:22,2026-06-24T08:06:22Z,1782288382,ramp_3,900.0,35151872.0,"{""__name__"": ""process_resident_memory_bytes""}"
1,A,RSS Memory Footprint,java_inventory,java,inventory,inventory-go-twin:9082,inventory-go-twin:9082,2026-06-24 13:36:37,2026-06-24T08:06:37Z,1782288397,ramp_3,915.0,30531584.0,"{""__name__"": ""process_resident_memory_bytes""}"
1,A,RSS Memory Footprint,java_inventory,java,inventory,order-go-twin:9083,order-go-twin:9083,2026-06-24 13:36:37,2026-06-24T08:06:37Z,1782288397,ramp_3,915.0,31555584.0,"{""__name__"": ""process_resident_memory_bytes""}"
1,A,RSS Memory Footprint,java_inventory,java,inventory,warehouse-go:8084,warehouse-go:8084,2026-06-24 13:36:37,2026-06-24T08:06:37Z,1782288397,ramp_3,915.0,34234368.0,"{""__name__"": ""process_resident_memory_bytes""}"
1,A,RSS Memory Footprint,java_inventory,java,inventory,inventory-go-twin:9082,inventory-go-twin:9082,2026-06-24 13:36:52,2026-06-24T08:06:52Z,1782288412,ramp_3,930.0,30531584.0,"{""__name__"": ""process_resident_memory_bytes""}"
1,A,RSS Memory Footprint,java_inventory,java,inventory,order-go-twin:9083,order-go-twin:9083,2026-06-24 13:36:52,2026-06-24T08:06:52Z,1782288412,ramp_3,930.0,31555584.0,"{""__name__"": ""process_resident_memory_bytes""}"
1,A,RSS Memory Footprint,java_inventory,java,inventory,warehouse-go:8084,warehouse-go:8084,2026-06-24 13:36:52,2026-06-24T08:06:52Z,1782288412,ramp_3,930.0,34217984.0,"{""__name__"": ""process_resident_memory_bytes""}"
1,A,RSS Memory Footprint,java_inventory,java,inventory,inventory-go-twin:9082,inventory-go-twin:9082,2026-06-24 13:37:07,2026-06-24T08:07:07Z,1782288427,ramp_3,945.0,30793728.0,"{""__name__"": ""process_resident_memory_bytes""}"
1,A,RSS Memory Footprint,java_inventory,java,inventory,order-go-twin:9083,order-go-twin:9083,2026-06-24 13:37:07,2026-06-24T08:07:07Z,1782288427,ramp_3,945.0,32079872.0,"{""__name__"": ""process_resident_memory_bytes""}"
1,A,RSS Memory Footprint,java_inventory,java,inventory,warehouse-go:8084,warehouse-go:8084,2026-06-24 13:37:07,2026-06-24T08:07:07Z,1782288427,ramp_3,945.0,34480128.0,"{""__name__"": ""process_resident_memory_bytes""}"
1,A,RSS Memory Footprint,java_inventory,java,inventory,inventory-go-twin:9082,inventory-go-twin:9082,2026-06-24 13:37:22,2026-06-24T08:07:22Z,1782288442,ramp_3,960.0,30793728.0,"{""__name__"": ""process_resident_memory_bytes""}"
1,A,RSS Memory Footprint,java_inventory,java,inventory,order-go-twin:9083,order-go-twin:9083,2026-06-24 13:37:22,2026-06-24T08:07:22Z,1782288442,ramp_3,960.0,31588352.0,"{""__name__"": ""process_resident_memory_bytes""}"
1,A,RSS Memory Footprint,java_inventory,java,inventory,warehouse-go:8084,warehouse-go:8084,2026-06-24 13:37:22,2026-06-24T08:07:22Z,1782288442,ramp_3,960.0,34209792.0,"{""__name__"": ""process_resident_memory_bytes""}"
1,A,RSS Memory Footprint,java_inventory,java,inventory,inventory-go-twin:9082,inventory-go-twin:9082,2026-06-24 13:37:37,2026-06-24T08:07:37Z,1782288457,ramp_3,975.0,30785536.0,"{""__name__"": ""process_resident_memory_bytes""}"
1,A,RSS Memory Footprint,java_inventory,java,inventory,order-go-twin:9083,order-go-twin:9083,2026-06-24 13:37:37,2026-06-24T08:07:37Z,1782288457,ramp_3,975.0,31588352.0,"{""__name__"": ""process_resident_memory_bytes""}"
1,A,RSS Memory Footprint,java_inventory,java,inventory,warehouse-go:8084,warehouse-go:8084,2026-06-24 13:37:37,2026-06-24T08:07:37Z,1782288457,ramp_3,975.0,34209792.0,"{""__name__"": ""process_resident_memory_bytes""}"
1,A,RSS Memory Footprint,java_inventory,java,inventory,inventory-go-twin:9082,inventory-go-twin:9082,2026-06-24 13:37:52,2026-06-24T08:07:52Z,1782288472,ramp_3,990.0,30916608.0,"{""__name__"": ""process_resident_memory_bytes""}"
1,A,RSS Memory Footprint,java_inventory,java,inventory,order-go-twin:9083,order-go-twin:9083,2026-06-24 13:37:52,2026-06-24T08:07:52Z,1782288472,ramp_3,990.0,31588352.0,"{""__name__"": ""process_resident_memory_bytes""}"
1,A,RSS Memory Footprint,java_inventory,java,inventory,warehouse-go:8084,warehouse-go:8084,2026-06-24 13:37:52,2026-06-24T08:07:52Z,1782288472,ramp_3,990.0,34189312.0,"{""__name__"": ""process_resident_memory_bytes""}"
1,A,RSS Memory Footprint,java_inventory,java,inventory,inventory-go-twin:9082,inventory-go-twin:9082,2026-06-24 13:38:07,2026-06-24T08:08:07Z,1782288487,ramp_3,1005.0,30916608.0,"{""__name__"": ""process_resident_memory_bytes""}"
1,A,RSS Memory Footprint,java_inventory,java,inventory,order-go-twin:9083,order-go-twin:9083,2026-06-24 13:38:07,2026-06-24T08:08:07Z,1782288487,ramp_3,1005.0,31588352.0,"{""__name__"": ""process_resident_memory_bytes""}"
1,A,RSS Memory Footprint,java_inventory,java,inventory,warehouse-go:8084,warehouse-go:8084,2026-06-24 13:38:07,2026-06-24T08:08:07Z,1782288487,ramp_3,1005.0,34975744.0,"{""__name__"": ""process_resident_memory_bytes""}"
1,A,RSS Memory Footprint,java_inventory,java,inventory,inventory-go-twin:9082,inventory-go-twin:9082,2026-06-24 13:38:22,2026-06-24T08:08:22Z,1782288502,ramp_3,1020.0,30781440.0,"{""__name__"": ""process_resident_memory_bytes""}"
1,A,RSS Memory Footprint,java_inventory,java,inventory,order-go-twin:9083,order-go-twin:9083,2026-06-24 13:38:22,2026-06-24T08:08:22Z,1782288502,ramp_3,1020.0,31719424.0,"{""__name__"": ""process_resident_memory_bytes""}"
1,A,RSS Memory Footprint,java_inventory,java,inventory,warehouse-go:8084,warehouse-go:8084,2026-06-24 13:38:22,2026-06-24T08:08:22Z,1782288502,ramp_3,1020.0,35106816.0,"{""__name__"": ""process_resident_memory_bytes""}"
1,A,RSS Memory Footprint,java_inventory,java,inventory,inventory-go-twin:9082,inventory-go-twin:9082,2026-06-24 13:38:37,2026-06-24T08:08:37Z,1782288517,ramp_3,1035.0,30781440.0,"{""__name__"": ""process_resident_memory_bytes""}"
1,A,RSS Memory Footprint,java_inventory,java,inventory,order-go-twin:9083,order-go-twin:9083,2026-06-24 13:38:37,2026-06-24T08:08:37Z,1782288517,ramp_3,1035.0,31850496.0,"{""__name__"": ""process_resident_memory_bytes""}"
1,A,RSS Memory Footprint,java_inventory,java,inventory,warehouse-go:8084,warehouse-go:8084,2026-06-24 13:38:37,2026-06-24T08:08:37Z,1782288517,ramp_3,1035.0,36024320.0,"{""__name__"": ""process_resident_memory_bytes""}"
1,A,RSS Memory Footprint,java_inventory,java,inventory,inventory-go-twin:9082,inventory-go-twin:9082,2026-06-24 13:38:52,2026-06-24T08:08:52Z,1782288532,ramp_3,1050.0,30781440.0,"{""__name__"": ""process_resident_memory_bytes""}"
1,A,RSS Memory Footprint,java_inventory,java,inventory,order-go-twin:9083,order-go-twin:9083,2026-06-24 13:38:52,2026-06-24T08:08:52Z,1782288532,ramp_3,1050.0,31981568.0,"{""__name__"": ""process_resident_memory_bytes""}"
1,A,RSS Memory Footprint,java_inventory,java,inventory,warehouse-go:8084,warehouse-go:8084,2026-06-24 13:38:52,2026-06-24T08:08:52Z,1782288532,ramp_3,1050.0,36155392.0,"{""__name__"": ""process_resident_memory_bytes""}"
1,A,RSS Memory Footprint,java_inventory,java,inventory,inventory-go-twin:9082,inventory-go-twin:9082,2026-06-24 13:39:07,2026-06-24T08:09:07Z,1782288547,ramp_3,1065.0,30781440.0,"{""__name__"": ""process_resident_memory_bytes""}"
1,A,RSS Memory Footprint,java_inventory,java,inventory,order-go-twin:9083,order-go-twin:9083,2026-06-24 13:39:07,2026-06-24T08:09:07Z,1782288547,ramp_3,1065.0,31981568.0,"{""__name__"": ""process_resident_memory_bytes""}"
1,A,RSS Memory Footprint,java_inventory,java,inventory,warehouse-go:8084,warehouse-go:8084,2026-06-24 13:39:07,2026-06-24T08:09:07Z,1782288547,ramp_3,1065.0,36155392.0,"{""__name__"": ""process_resident_memory_bytes""}"
1,A,RSS Memory Footprint,java_inventory,java,inventory,inventory-go-twin:9082,inventory-go-twin:9082,2026-06-24 13:39:22,2026-06-24T08:09:22Z,1782288562,ramp_3,1080.0,30781440.0,"{""__name__"": ""process_resident_memory_bytes""}"
1,A,RSS Memory Footprint,java_inventory,java,inventory,order-go-twin:9083,order-go-twin:9083,2026-06-24 13:39:22,2026-06-24T08:09:22Z,1782288562,ramp_3,1080.0,31981568.0,"{""__name__"": ""process_resident_memory_bytes""}"
1,A,RSS Memory Footprint,java_inventory,java,inventory,warehouse-go:8084,warehouse-go:8084,2026-06-24 13:39:22,2026-06-24T08:09:22Z,1782288562,ramp_3,1080.0,34689024.0,"{""__name__"": ""process_resident_memory_bytes""}"
1,A,RSS Memory Footprint,java_inventory,java,inventory,inventory-go-twin:9082,inventory-go-twin:9082,2026-06-24 13:39:37,2026-06-24T08:09:37Z,1782288577,ramp_3,1095.0,30781440.0,"{""__name__"": ""process_resident_memory_bytes""}"
1,A,RSS Memory Footprint,java_inventory,java,inventory,order-go-twin:9083,order-go-twin:9083,2026-06-24 13:39:37,2026-06-24T08:09:37Z,1782288577,ramp_3,1095.0,31662080.0,"{""__name__"": ""process_resident_memory_bytes""}"
1,A,RSS Memory Footprint,java_inventory,java,inventory,warehouse-go:8084,warehouse-go:8084,2026-06-24 13:39:37,2026-06-24T08:09:37Z,1782288577,ramp_3,1095.0,35446784.0,"{""__name__"": ""process_resident_memory_bytes""}"
1,A,RSS Memory Footprint,java_inventory,java,inventory,inventory-go-twin:9082,inventory-go-twin:9082,2026-06-24 13:39:52,2026-06-24T08:09:52Z,1782288592,ramp_3,1110.0,30773248.0,"{""__name__"": ""process_resident_memory_bytes""}"
1,A,RSS Memory Footprint,java_inventory,java,inventory,order-go-twin:9083,order-go-twin:9083,2026-06-24 13:39:52,2026-06-24T08:09:52Z,1782288592,ramp_3,1110.0,31662080.0,"{""__name__"": ""process_resident_memory_bytes""}"
1,A,RSS Memory Footprint,java_inventory,java,inventory,warehouse-go:8084,warehouse-go:8084,2026-06-24 13:39:52,2026-06-24T08:09:52Z,1782288592,ramp_3,1110.0,35577856.0,"{""__name__"": ""process_resident_memory_bytes""}"
1,A,RSS Memory Footprint,java_inventory,java,inventory,inventory-go-twin:9082,inventory-go-twin:9082,2026-06-24 13:40:07,2026-06-24T08:10:07Z,1782288607,ramp_3,1125.0,30773248.0,"{""__name__"": ""process_resident_memory_bytes""}"
1,A,RSS Memory Footprint,java_inventory,java,inventory,order-go-twin:9083,order-go-twin:9083,2026-06-24 13:40:07,2026-06-24T08:10:07Z,1782288607,ramp_3,1125.0,31662080.0,"{""__name__"": ""process_resident_memory_bytes""}"
1,A,RSS Memory Footprint,java_inventory,java,inventory,warehouse-go:8084,warehouse-go:8084,2026-06-24 13:40:07,2026-06-24T08:10:07Z,1782288607,ramp_3,1125.0,36737024.0,"{""__name__"": ""process_resident_memory_bytes""}"
1,A,RSS Memory Footprint,java_inventory,java,inventory,inventory-go-twin:9082,inventory-go-twin:9082,2026-06-24 13:40:22,2026-06-24T08:10:22Z,1782288622,ramp_3,1140.0,30773248.0,"{""__name__"": ""process_resident_memory_bytes""}"
1,A,RSS Memory Footprint,java_inventory,java,inventory,order-go-twin:9083,order-go-twin:9083,2026-06-24 13:40:22,2026-06-24T08:10:22Z,1782288622,ramp_3,1140.0,31662080.0,"{""__name__"": ""process_resident_memory_bytes""}"
1,A,RSS Memory Footprint,java_inventory,java,inventory,warehouse-go:8084,warehouse-go:8084,2026-06-24 13:40:22,2026-06-24T08:10:22Z,1782288622,ramp_3,1140.0,37130240.0,"{""__name__"": ""process_resident_memory_bytes""}"
1,A,RSS Memory Footprint,java_inventory,java,inventory,inventory-go-twin:9082,inventory-go-twin:9082,2026-06-24 13:40:37,2026-06-24T08:10:37Z,1782288637,ramp_3,1155.0,30773248.0,"{""__name__"": ""process_resident_memory_bytes""}"
1,A,RSS Memory Footprint,java_inventory,java,inventory,order-go-twin:9083,order-go-twin:9083,2026-06-24 13:40:37,2026-06-24T08:10:37Z,1782288637,ramp_3,1155.0,31662080.0,"{""__name__"": ""process_resident_memory_bytes""}"
1,A,RSS Memory Footprint,java_inventory,java,inventory,warehouse-go:8084,warehouse-go:8084,2026-06-24 13:40:37,2026-06-24T08:10:37Z,1782288637,ramp_3,1155.0,36950016.0,"{""__name__"": ""process_resident_memory_bytes""}"
1,A,RSS Memory Footprint,java_inventory,java,inventory,inventory-go-twin:9082,inventory-go-twin:9082,2026-06-24 13:40:52,2026-06-24T08:10:52Z,1782288652,ramp_3,1170.0,30773248.0,"{""__name__"": ""process_resident_memory_bytes""}"
1,A,RSS Memory Footprint,java_inventory,java,inventory,order-go-twin:9083,order-go-twin:9083,2026-06-24 13:40:52,2026-06-24T08:10:52Z,1782288652,ramp_3,1170.0,31662080.0,"{""__name__"": ""process_resident_memory_bytes""}"
1,A,RSS Memory Footprint,java_inventory,java,inventory,warehouse-go:8084,warehouse-go:8084,2026-06-24 13:40:52,2026-06-24T08:10:52Z,1782288652,ramp_3,1170.0,36950016.0,"{""__name__"": ""process_resident_memory_bytes""}"
1,A,RSS Memory Footprint,java_inventory,java,inventory,inventory-go-twin:9082,inventory-go-twin:9082,2026-06-24 13:41:07,2026-06-24T08:11:07Z,1782288667,ramp_3,1185.0,30773248.0,"{""__name__"": ""process_resident_memory_bytes""}"
1,A,RSS Memory Footprint,java_inventory,java,inventory,order-go-twin:9083,order-go-twin:9083,2026-06-24 13:41:07,2026-06-24T08:11:07Z,1782288667,ramp_3,1185.0,31662080.0,"{""__name__"": ""process_resident_memory_bytes""}"
1,A,RSS Memory Footprint,java_inventory,java,inventory,warehouse-go:8084,warehouse-go:8084,2026-06-24 13:41:07,2026-06-24T08:11:07Z,1782288667,ramp_3,1185.0,37474304.0,"{""__name__"": ""process_resident_memory_bytes""}"
1,A,RSS Memory Footprint,java_inventory,java,inventory,inventory-go-twin:9082,inventory-go-twin:9082,2026-06-24 13:41:22,2026-06-24T08:11:22Z,1782288682,sustain,1200.0,30773248.0,"{""__name__"": ""process_resident_memory_bytes""}"
1,A,RSS Memory Footprint,java_inventory,java,inventory,order-go-twin:9083,order-go-twin:9083,2026-06-24 13:41:22,2026-06-24T08:11:22Z,1782288682,sustain,1200.0,31662080.0,"{""__name__"": ""process_resident_memory_bytes""}"
1,A,RSS Memory Footprint,java_inventory,java,inventory,warehouse-go:8084,warehouse-go:8084,2026-06-24 13:41:22,2026-06-24T08:11:22Z,1782288682,sustain,1200.0,37474304.0,"{""__name__"": ""process_resident_memory_bytes""}"
1,A,RSS Memory Footprint,java_inventory,java,inventory,inventory-go-twin:9082,inventory-go-twin:9082,2026-06-24 13:41:37,2026-06-24T08:11:37Z,1782288697,sustain,1215.0,30904320.0,"{""__name__"": ""process_resident_memory_bytes""}"
1,A,RSS Memory Footprint,java_inventory,java,inventory,order-go-twin:9083,order-go-twin:9083,2026-06-24 13:41:37,2026-06-24T08:11:37Z,1782288697,sustain,1215.0,31662080.0,"{""__name__"": ""process_resident_memory_bytes""}"
1,A,RSS Memory Footprint,java_inventory,java,inventory,warehouse-go:8084,warehouse-go:8084,2026-06-24 13:41:37,2026-06-24T08:11:37Z,1782288697,sustain,1215.0,37474304.0,"{""__name__"": ""process_resident_memory_bytes""}"
1,A,RSS Memory Footprint,java_inventory,java,inventory,inventory-go-twin:9082,inventory-go-twin:9082,2026-06-24 13:41:52,2026-06-24T08:11:52Z,1782288712,sustain,1230.0,31035392.0,"{""__name__"": ""process_resident_memory_bytes""}"
1,A,RSS Memory Footprint,java_inventory,java,inventory,order-go-twin:9083,order-go-twin:9083,2026-06-24 13:41:52,2026-06-24T08:11:52Z,1782288712,sustain,1230.0,31662080.0,"{""__name__"": ""process_resident_memory_bytes""}"
1,A,RSS Memory Footprint,java_inventory,java,inventory,warehouse-go:8084,warehouse-go:8084,2026-06-24 13:41:52,2026-06-24T08:11:52Z,1782288712,sustain,1230.0,37605376.0,"{""__name__"": ""process_resident_memory_bytes""}"
1,A,RSS Memory Footprint,java_inventory,java,inventory,inventory-go-twin:9082,inventory-go-twin:9082,2026-06-24 13:42:07,2026-06-24T08:12:07Z,1782288727,sustain,1245.0,31035392.0,"{""__name__"": ""process_resident_memory_bytes""}"
1,A,RSS Memory Footprint,java_inventory,java,inventory,order-go-twin:9083,order-go-twin:9083,2026-06-24 13:42:07,2026-06-24T08:12:07Z,1782288727,sustain,1245.0,31662080.0,"{""__name__"": ""process_resident_memory_bytes""}"
1,A,RSS Memory Footprint,java_inventory,java,inventory,warehouse-go:8084,warehouse-go:8084,2026-06-24 13:42:07,2026-06-24T08:12:07Z,1782288727,sustain,1245.0,38391808.0,"{""__name__"": ""process_resident_memory_bytes""}"
1,A,RSS Memory Footprint,java_inventory,java,inventory,inventory-go-twin:9082,inventory-go-twin:9082,2026-06-24 13:42:22,2026-06-24T08:12:22Z,1782288742,sustain,1260.0,30298112.0,"{""__name__"": ""process_resident_memory_bytes""}"
1,A,RSS Memory Footprint,java_inventory,java,inventory,order-go-twin:9083,order-go-twin:9083,2026-06-24 13:42:22,2026-06-24T08:12:22Z,1782288742,sustain,1260.0,31662080.0,"{""__name__"": ""process_resident_memory_bytes""}"
1,A,RSS Memory Footprint,java_inventory,java,inventory,warehouse-go:8084,warehouse-go:8084,2026-06-24 13:42:22,2026-06-24T08:12:22Z,1782288742,sustain,1260.0,38391808.0,"{""__name__"": ""process_resident_memory_bytes""}"
1,A,RSS Memory Footprint,java_inventory,java,inventory,inventory-go-twin:9082,inventory-go-twin:9082,2026-06-24 13:42:37,2026-06-24T08:12:37Z,1782288757,sustain,1275.0,30298112.0,"{""__name__"": ""process_resident_memory_bytes""}"
1,A,RSS Memory Footprint,java_inventory,java,inventory,order-go-twin:9083,order-go-twin:9083,2026-06-24 13:42:37,2026-06-24T08:12:37Z,1782288757,sustain,1275.0,31662080.0,"{""__name__"": ""process_resident_memory_bytes""}"
1,A,RSS Memory Footprint,java_inventory,java,inventory,warehouse-go:8084,warehouse-go:8084,2026-06-24 13:42:37,2026-06-24T08:12:37Z,1782288757,sustain,1275.0,38391808.0,"{""__name__"": ""process_resident_memory_bytes""}"
1,A,RSS Memory Footprint,java_inventory,java,inventory,inventory-go-twin:9082,inventory-go-twin:9082,2026-06-24 13:42:52,2026-06-24T08:12:52Z,1782288772,sustain,1290.0,30298112.0,"{""__name__"": ""process_resident_memory_bytes""}"
1,A,RSS Memory Footprint,java_inventory,java,inventory,order-go-twin:9083,order-go-twin:9083,2026-06-24 13:42:52,2026-06-24T08:12:52Z,1782288772,sustain,1290.0,31662080.0,"{""__name__"": ""process_resident_memory_bytes""}"
1,A,RSS Memory Footprint,java_inventory,java,inventory,warehouse-go:8084,warehouse-go:8084,2026-06-24 13:42:52,2026-06-24T08:12:52Z,1782288772,sustain,1290.0,38391808.0,"{""__name__"": ""process_resident_memory_bytes""}"
1,A,RSS Memory Footprint,java_inventory,java,inventory,inventory-go-twin:9082,inventory-go-twin:9082,2026-06-24 13:43:07,2026-06-24T08:13:07Z,1782288787,sustain,1305.0,30298112.0,"{""__name__"": ""process_resident_memory_bytes""}"
1,A,RSS Memory Footprint,java_inventory,java,inventory,order-go-twin:9083,order-go-twin:9083,2026-06-24 13:43:07,2026-06-24T08:13:07Z,1782288787,sustain,1305.0,31662080.0,"{""__name__"": ""process_resident_memory_bytes""}"
1,A,RSS Memory Footprint,java_inventory,java,inventory,warehouse-go:8084,warehouse-go:8084,2026-06-24 13:43:07,2026-06-24T08:13:07Z,1782288787,sustain,1305.0,38117376.0,"{""__name__"": ""process_resident_memory_bytes""}"
1,A,RSS Memory Footprint,java_inventory,java,inventory,inventory-go-twin:9082,inventory-go-twin:9082,2026-06-24 13:43:22,2026-06-24T08:13:22Z,1782288802,sustain,1320.0,30298112.0,"{""__name__"": ""process_resident_memory_bytes""}"
1,A,RSS Memory Footprint,java_inventory,java,inventory,order-go-twin:9083,order-go-twin:9083,2026-06-24 13:43:22,2026-06-24T08:13:22Z,1782288802,sustain,1320.0,31662080.0,"{""__name__"": ""process_resident_memory_bytes""}"
1,A,RSS Memory Footprint,java_inventory,java,inventory,warehouse-go:8084,warehouse-go:8084,2026-06-24 13:43:22,2026-06-24T08:13:22Z,1782288802,sustain,1320.0,38117376.0,"{""__name__"": ""process_resident_memory_bytes""}"
1,A,RSS Memory Footprint,java_inventory,java,inventory,inventory-go-twin:9082,inventory-go-twin:9082,2026-06-24 13:43:37,2026-06-24T08:13:37Z,1782288817,sustain,1335.0,30298112.0,"{""__name__"": ""process_resident_memory_bytes""}"
1,A,RSS Memory Footprint,java_inventory,java,inventory,order-go-twin:9083,order-go-twin:9083,2026-06-24 13:43:37,2026-06-24T08:13:37Z,1782288817,sustain,1335.0,31662080.0,"{""__name__"": ""process_resident_memory_bytes""}"
1,A,RSS Memory Footprint,java_inventory,java,inventory,warehouse-go:8084,warehouse-go:8084,2026-06-24 13:43:37,2026-06-24T08:13:37Z,1782288817,sustain,1335.0,38117376.0,"{""__name__"": ""process_resident_memory_bytes""}"
1,A,RSS Memory Footprint,java_inventory,java,inventory,inventory-go-twin:9082,inventory-go-twin:9082,2026-06-24 13:43:52,2026-06-24T08:13:52Z,1782288832,sustain,1350.0,30953472.0,"{""__name__"": ""process_resident_memory_bytes""}"
1,A,RSS Memory Footprint,java_inventory,java,inventory,order-go-twin:9083,order-go-twin:9083,2026-06-24 13:43:52,2026-06-24T08:13:52Z,1782288832,sustain,1350.0,31662080.0,"{""__name__"": ""process_resident_memory_bytes""}"
1,A,RSS Memory Footprint,java_inventory,java,inventory,warehouse-go:8084,warehouse-go:8084,2026-06-24 13:43:52,2026-06-24T08:13:52Z,1782288832,sustain,1350.0,38117376.0,"{""__name__"": ""process_resident_memory_bytes""}"
1,A,RSS Memory Footprint,java_inventory,java,inventory,inventory-go-twin:9082,inventory-go-twin:9082,2026-06-24 13:44:07,2026-06-24T08:14:07Z,1782288847,sustain,1365.0,30953472.0,"{""__name__"": ""process_resident_memory_bytes""}"
1,A,RSS Memory Footprint,java_inventory,java,inventory,order-go-twin:9083,order-go-twin:9083,2026-06-24 13:44:07,2026-06-24T08:14:07Z,1782288847,sustain,1365.0,31662080.0,"{""__name__"": ""process_resident_memory_bytes""}"
1,A,RSS Memory Footprint,java_inventory,java,inventory,warehouse-go:8084,warehouse-go:8084,2026-06-24 13:44:07,2026-06-24T08:14:07Z,1782288847,sustain,1365.0,38248448.0,"{""__name__"": ""process_resident_memory_bytes""}"
1,A,RSS Memory Footprint,java_inventory,java,inventory,inventory-go-twin:9082,inventory-go-twin:9082,2026-06-24 13:44:22,2026-06-24T08:14:22Z,1782288862,sustain,1380.0,30687232.0,"{""__name__"": ""process_resident_memory_bytes""}"
1,A,RSS Memory Footprint,java_inventory,java,inventory,order-go-twin:9083,order-go-twin:9083,2026-06-24 13:44:22,2026-06-24T08:14:22Z,1782288862,sustain,1380.0,31662080.0,"{""__name__"": ""process_resident_memory_bytes""}"
1,A,RSS Memory Footprint,java_inventory,java,inventory,warehouse-go:8084,warehouse-go:8084,2026-06-24 13:44:22,2026-06-24T08:14:22Z,1782288862,sustain,1380.0,38248448.0,"{""__name__"": ""process_resident_memory_bytes""}"
1,A,RSS Memory Footprint,java_inventory,java,inventory,inventory-go-twin:9082,inventory-go-twin:9082,2026-06-24 13:44:37,2026-06-24T08:14:37Z,1782288877,sustain,1395.0,30687232.0,"{""__name__"": ""process_resident_memory_bytes""}"
1,A,RSS Memory Footprint,java_inventory,java,inventory,order-go-twin:9083,order-go-twin:9083,2026-06-24 13:44:37,2026-06-24T08:14:37Z,1782288877,sustain,1395.0,31662080.0,"{""__name__"": ""process_resident_memory_bytes""}"
1,A,RSS Memory Footprint,java_inventory,java,inventory,warehouse-go:8084,warehouse-go:8084,2026-06-24 13:44:37,2026-06-24T08:14:37Z,1782288877,sustain,1395.0,38248448.0,"{""__name__"": ""process_resident_memory_bytes""}"
1,A,RSS Memory Footprint,java_inventory,java,inventory,inventory-go-twin:9082,inventory-go-twin:9082,2026-06-24 13:44:52,2026-06-24T08:14:52Z,1782288892,sustain,1410.0,30687232.0,"{""__name__"": ""process_resident_memory_bytes""}"
1,A,RSS Memory Footprint,java_inventory,java,inventory,order-go-twin:9083,order-go-twin:9083,2026-06-24 13:44:52,2026-06-24T08:14:52Z,1782288892,sustain,1410.0,31662080.0,"{""__name__"": ""process_resident_memory_bytes""}"
1,A,RSS Memory Footprint,java_inventory,java,inventory,warehouse-go:8084,warehouse-go:8084,2026-06-24 13:44:52,2026-06-24T08:14:52Z,1782288892,sustain,1410.0,38248448.0,"{""__name__"": ""process_resident_memory_bytes""}"
1,A,RSS Memory Footprint,java_inventory,java,inventory,inventory-go-twin:9082,inventory-go-twin:9082,2026-06-24 13:45:07,2026-06-24T08:15:07Z,1782288907,sustain,1425.0,30687232.0,"{""__name__"": ""process_resident_memory_bytes""}"
1,A,RSS Memory Footprint,java_inventory,java,inventory,order-go-twin:9083,order-go-twin:9083,2026-06-24 13:45:07,2026-06-24T08:15:07Z,1782288907,sustain,1425.0,31662080.0,"{""__name__"": ""process_resident_memory_bytes""}"
1,A,RSS Memory Footprint,java_inventory,java,inventory,warehouse-go:8084,warehouse-go:8084,2026-06-24 13:45:07,2026-06-24T08:15:07Z,1782288907,sustain,1425.0,38379520.0,"{""__name__"": ""process_resident_memory_bytes""}"
1,A,RSS Memory Footprint,java_inventory,java,inventory,inventory-go-twin:9082,inventory-go-twin:9082,2026-06-24 13:45:22,2026-06-24T08:15:22Z,1782288922,sustain,1440.0,30687232.0,"{""__name__"": ""process_resident_memory_bytes""}"
1,A,RSS Memory Footprint,java_inventory,java,inventory,order-go-twin:9083,order-go-twin:9083,2026-06-24 13:45:22,2026-06-24T08:15:22Z,1782288922,sustain,1440.0,31662080.0,"{""__name__"": ""process_resident_memory_bytes""}"
1,A,RSS Memory Footprint,java_inventory,java,inventory,warehouse-go:8084,warehouse-go:8084,2026-06-24 13:45:22,2026-06-24T08:15:22Z,1782288922,sustain,1440.0,33984512.0,"{""__name__"": ""process_resident_memory_bytes""}"
1,A,RSS Memory Footprint,java_inventory,java,inventory,inventory-go-twin:9082,inventory-go-twin:9082,2026-06-24 13:45:37,2026-06-24T08:15:37Z,1782288937,sustain,1455.0,30687232.0,"{""__name__"": ""process_resident_memory_bytes""}"
1,A,RSS Memory Footprint,java_inventory,java,inventory,order-go-twin:9083,order-go-twin:9083,2026-06-24 13:45:37,2026-06-24T08:15:37Z,1782288937,sustain,1455.0,31662080.0,"{""__name__"": ""process_resident_memory_bytes""}"
1,A,RSS Memory Footprint,java_inventory,java,inventory,warehouse-go:8084,warehouse-go:8084,2026-06-24 13:45:37,2026-06-24T08:15:37Z,1782288937,sustain,1455.0,34209792.0,"{""__name__"": ""process_resident_memory_bytes""}"
1,A,RSS Memory Footprint,java_inventory,java,inventory,inventory-go-twin:9082,inventory-go-twin:9082,2026-06-24 13:45:52,2026-06-24T08:15:52Z,1782288952,sustain,1470.0,30687232.0,"{""__name__"": ""process_resident_memory_bytes""}"
1,A,RSS Memory Footprint,java_inventory,java,inventory,order-go-twin:9083,order-go-twin:9083,2026-06-24 13:45:52,2026-06-24T08:15:52Z,1782288952,sustain,1470.0,31662080.0,"{""__name__"": ""process_resident_memory_bytes""}"
1,A,RSS Memory Footprint,java_inventory,java,inventory,warehouse-go:8084,warehouse-go:8084,2026-06-24 13:45:52,2026-06-24T08:15:52Z,1782288952,sustain,1470.0,34443264.0,"{""__name__"": ""process_resident_memory_bytes""}"
1,A,RSS Memory Footprint,java_inventory,java,inventory,inventory-go-twin:9082,inventory-go-twin:9082,2026-06-24 13:46:07,2026-06-24T08:16:07Z,1782288967,sustain,1485.0,30687232.0,"{""__name__"": ""process_resident_memory_bytes""}"
1,A,RSS Memory Footprint,java_inventory,java,inventory,order-go-twin:9083,order-go-twin:9083,2026-06-24 13:46:07,2026-06-24T08:16:07Z,1782288967,sustain,1485.0,31662080.0,"{""__name__"": ""process_resident_memory_bytes""}"
1,A,RSS Memory Footprint,java_inventory,java,inventory,warehouse-go:8084,warehouse-go:8084,2026-06-24 13:46:07,2026-06-24T08:16:07Z,1782288967,sustain,1485.0,34824192.0,"{""__name__"": ""process_resident_memory_bytes""}"
1,A,RSS Memory Footprint,java_inventory,java,inventory,inventory-go-twin:9082,inventory-go-twin:9082,2026-06-24 13:46:22,2026-06-24T08:16:22Z,1782288982,sustain,1500.0,30687232.0,"{""__name__"": ""process_resident_memory_bytes""}"
1,A,RSS Memory Footprint,java_inventory,java,inventory,order-go-twin:9083,order-go-twin:9083,2026-06-24 13:46:22,2026-06-24T08:16:22Z,1782288982,sustain,1500.0,31662080.0,"{""__name__"": ""process_resident_memory_bytes""}"
1,A,RSS Memory Footprint,java_inventory,java,inventory,warehouse-go:8084,warehouse-go:8084,2026-06-24 13:46:22,2026-06-24T08:16:22Z,1782288982,sustain,1500.0,34955264.0,"{""__name__"": ""process_resident_memory_bytes""}"
1,A,RSS Memory Footprint,java_inventory,java,inventory,inventory-go-twin:9082,inventory-go-twin:9082,2026-06-24 13:46:37,2026-06-24T08:16:37Z,1782288997,sustain,1515.0,30687232.0,"{""__name__"": ""process_resident_memory_bytes""}"
1,A,RSS Memory Footprint,java_inventory,java,inventory,order-go-twin:9083,order-go-twin:9083,2026-06-24 13:46:37,2026-06-24T08:16:37Z,1782288997,sustain,1515.0,31662080.0,"{""__name__"": ""process_resident_memory_bytes""}"
1,A,RSS Memory Footprint,java_inventory,java,inventory,warehouse-go:8084,warehouse-go:8084,2026-06-24 13:46:37,2026-06-24T08:16:37Z,1782288997,sustain,1515.0,33210368.0,"{""__name__"": ""process_resident_memory_bytes""}"
1,A,RSS Memory Footprint,java_inventory,java,inventory,inventory-go-twin:9082,inventory-go-twin:9082,2026-06-24 13:46:52,2026-06-24T08:16:52Z,1782289012,sustain,1530.0,30949376.0,"{""__name__"": ""process_resident_memory_bytes""}"
1,A,RSS Memory Footprint,java_inventory,java,inventory,order-go-twin:9083,order-go-twin:9083,2026-06-24 13:46:52,2026-06-24T08:16:52Z,1782289012,sustain,1530.0,31662080.0,"{""__name__"": ""process_resident_memory_bytes""}"
1,A,RSS Memory Footprint,java_inventory,java,inventory,warehouse-go:8084,warehouse-go:8084,2026-06-24 13:46:52,2026-06-24T08:16:52Z,1782289012,sustain,1530.0,33456128.0,"{""__name__"": ""process_resident_memory_bytes""}"
1,A,RSS Memory Footprint,java_inventory,java,inventory,inventory-go-twin:9082,inventory-go-twin:9082,2026-06-24 13:47:07,2026-06-24T08:17:07Z,1782289027,sustain,1545.0,30949376.0,"{""__name__"": ""process_resident_memory_bytes""}"
1,A,RSS Memory Footprint,java_inventory,java,inventory,order-go-twin:9083,order-go-twin:9083,2026-06-24 13:47:07,2026-06-24T08:17:07Z,1782289027,sustain,1545.0,31662080.0,"{""__name__"": ""process_resident_memory_bytes""}"
1,A,RSS Memory Footprint,java_inventory,java,inventory,warehouse-go:8084,warehouse-go:8084,2026-06-24 13:47:07,2026-06-24T08:17:07Z,1782289027,sustain,1545.0,33587200.0,"{""__name__"": ""process_resident_memory_bytes""}"
1,A,RSS Memory Footprint,java_inventory,java,inventory,inventory-go-twin:9082,inventory-go-twin:9082,2026-06-24 13:47:22,2026-06-24T08:17:22Z,1782289042,sustain,1560.0,30949376.0,"{""__name__"": ""process_resident_memory_bytes""}"
1,A,RSS Memory Footprint,java_inventory,java,inventory,order-go-twin:9083,order-go-twin:9083,2026-06-24 13:47:22,2026-06-24T08:17:22Z,1782289042,sustain,1560.0,31662080.0,"{""__name__"": ""process_resident_memory_bytes""}"
1,A,RSS Memory Footprint,java_inventory,java,inventory,warehouse-go:8084,warehouse-go:8084,2026-06-24 13:47:22,2026-06-24T08:17:22Z,1782289042,sustain,1560.0,34242560.0,"{""__name__"": ""process_resident_memory_bytes""}"
1,A,RSS Memory Footprint,java_inventory,java,inventory,inventory-go-twin:9082,inventory-go-twin:9082,2026-06-24 13:47:37,2026-06-24T08:17:37Z,1782289057,sustain,1575.0,30638080.0,"{""__name__"": ""process_resident_memory_bytes""}"
1,A,RSS Memory Footprint,java_inventory,java,inventory,order-go-twin:9083,order-go-twin:9083,2026-06-24 13:47:37,2026-06-24T08:17:37Z,1782289057,sustain,1575.0,31662080.0,"{""__name__"": ""process_resident_memory_bytes""}"
1,A,RSS Memory Footprint,java_inventory,java,inventory,warehouse-go:8084,warehouse-go:8084,2026-06-24 13:47:37,2026-06-24T08:17:37Z,1782289057,sustain,1575.0,34242560.0,"{""__name__"": ""process_resident_memory_bytes""}"
1,A,RSS Memory Footprint,java_inventory,java,inventory,inventory-go-twin:9082,inventory-go-twin:9082,2026-06-24 13:47:52,2026-06-24T08:17:52Z,1782289072,sustain,1590.0,30638080.0,"{""__name__"": ""process_resident_memory_bytes""}"
1,A,RSS Memory Footprint,java_inventory,java,inventory,order-go-twin:9083,order-go-twin:9083,2026-06-24 13:47:52,2026-06-24T08:17:52Z,1782289072,sustain,1590.0,31662080.0,"{""__name__"": ""process_resident_memory_bytes""}"
1,A,RSS Memory Footprint,java_inventory,java,inventory,warehouse-go:8084,warehouse-go:8084,2026-06-24 13:47:52,2026-06-24T08:17:52Z,1782289072,sustain,1590.0,34635776.0,"{""__name__"": ""process_resident_memory_bytes""}"
1,A,RSS Memory Footprint,java_inventory,java,inventory,inventory-go-twin:9082,inventory-go-twin:9082,2026-06-24 13:48:07,2026-06-24T08:18:07Z,1782289087,sustain,1605.0,31031296.0,"{""__name__"": ""process_resident_memory_bytes""}"
1,A,RSS Memory Footprint,java_inventory,java,inventory,order-go-twin:9083,order-go-twin:9083,2026-06-24 13:48:07,2026-06-24T08:18:07Z,1782289087,sustain,1605.0,31662080.0,"{""__name__"": ""process_resident_memory_bytes""}"
1,A,RSS Memory Footprint,java_inventory,java,inventory,warehouse-go:8084,warehouse-go:8084,2026-06-24 13:48:07,2026-06-24T08:18:07Z,1782289087,sustain,1605.0,34635776.0,"{""__name__"": ""process_resident_memory_bytes""}"
1,A,RSS Memory Footprint,java_inventory,java,inventory,inventory-go-twin:9082,inventory-go-twin:9082,2026-06-24 13:48:22,2026-06-24T08:18:22Z,1782289102,sustain,1620.0,30887936.0,"{""__name__"": ""process_resident_memory_bytes""}"
1,A,RSS Memory Footprint,java_inventory,java,inventory,order-go-twin:9083,order-go-twin:9083,2026-06-24 13:48:22,2026-06-24T08:18:22Z,1782289102,sustain,1620.0,31662080.0,"{""__name__"": ""process_resident_memory_bytes""}"
1,A,RSS Memory Footprint,java_inventory,java,inventory,warehouse-go:8084,warehouse-go:8084,2026-06-24 13:48:22,2026-06-24T08:18:22Z,1782289102,sustain,1620.0,34766848.0,"{""__name__"": ""process_resident_memory_bytes""}"
1,A,RSS Memory Footprint,java_inventory,java,inventory,inventory-go-twin:9082,inventory-go-twin:9082,2026-06-24 13:48:37,2026-06-24T08:18:37Z,1782289117,sustain,1635.0,30887936.0,"{""__name__"": ""process_resident_memory_bytes""}"
1,A,RSS Memory Footprint,java_inventory,java,inventory,order-go-twin:9083,order-go-twin:9083,2026-06-24 13:48:37,2026-06-24T08:18:37Z,1782289117,sustain,1635.0,31662080.0,"{""__name__"": ""process_resident_memory_bytes""}"
1,A,RSS Memory Footprint,java_inventory,java,inventory,warehouse-go:8084,warehouse-go:8084,2026-06-24 13:48:37,2026-06-24T08:18:37Z,1782289117,sustain,1635.0,34897920.0,"{""__name__"": ""process_resident_memory_bytes""}"
1,A,RSS Memory Footprint,java_inventory,java,inventory,inventory-go-twin:9082,inventory-go-twin:9082,2026-06-24 13:48:52,2026-06-24T08:18:52Z,1782289132,sustain,1650.0,30887936.0,"{""__name__"": ""process_resident_memory_bytes""}"
1,A,RSS Memory Footprint,java_inventory,java,inventory,order-go-twin:9083,order-go-twin:9083,2026-06-24 13:48:52,2026-06-24T08:18:52Z,1782289132,sustain,1650.0,31662080.0,"{""__name__"": ""process_resident_memory_bytes""}"
1,A,RSS Memory Footprint,java_inventory,java,inventory,warehouse-go:8084,warehouse-go:8084,2026-06-24 13:48:52,2026-06-24T08:18:52Z,1782289132,sustain,1650.0,35151872.0,"{""__name__"": ""process_resident_memory_bytes""}"
1,A,RSS Memory Footprint,java_inventory,java,inventory,inventory-go-twin:9082,inventory-go-twin:9082,2026-06-24 13:49:07,2026-06-24T08:19:07Z,1782289147,sustain,1665.0,30887936.0,"{""__name__"": ""process_resident_memory_bytes""}"
1,A,RSS Memory Footprint,java_inventory,java,inventory,order-go-twin:9083,order-go-twin:9083,2026-06-24 13:49:07,2026-06-24T08:19:07Z,1782289147,sustain,1665.0,31662080.0,"{""__name__"": ""process_resident_memory_bytes""}"
1,A,RSS Memory Footprint,java_inventory,java,inventory,warehouse-go:8084,warehouse-go:8084,2026-06-24 13:49:07,2026-06-24T08:19:07Z,1782289147,sustain,1665.0,35545088.0,"{""__name__"": ""process_resident_memory_bytes""}"
1,A,RSS Memory Footprint,java_inventory,java,inventory,inventory-go-twin:9082,inventory-go-twin:9082,2026-06-24 13:49:22,2026-06-24T08:19:22Z,1782289162,sustain,1680.0,30752768.0,"{""__name__"": ""process_resident_memory_bytes""}"
1,A,RSS Memory Footprint,java_inventory,java,inventory,order-go-twin:9083,order-go-twin:9083,2026-06-24 13:49:22,2026-06-24T08:19:22Z,1782289162,sustain,1680.0,31662080.0,"{""__name__"": ""process_resident_memory_bytes""}"
1,A,RSS Memory Footprint,java_inventory,java,inventory,warehouse-go:8084,warehouse-go:8084,2026-06-24 13:49:22,2026-06-24T08:19:22Z,1782289162,sustain,1680.0,35536896.0,"{""__name__"": ""process_resident_memory_bytes""}"
1,A,RSS Memory Footprint,java_inventory,java,inventory,inventory-go-twin:9082,inventory-go-twin:9082,2026-06-24 13:49:37,2026-06-24T08:19:37Z,1782289177,sustain,1695.0,30752768.0,"{""__name__"": ""process_resident_memory_bytes""}"
1,A,RSS Memory Footprint,java_inventory,java,inventory,order-go-twin:9083,order-go-twin:9083,2026-06-24 13:49:37,2026-06-24T08:19:37Z,1782289177,sustain,1695.0,31662080.0,"{""__name__"": ""process_resident_memory_bytes""}"
1,A,RSS Memory Footprint,java_inventory,java,inventory,warehouse-go:8084,warehouse-go:8084,2026-06-24 13:49:37,2026-06-24T08:19:37Z,1782289177,sustain,1695.0,36061184.0,"{""__name__"": ""process_resident_memory_bytes""}"
1,A,RSS Memory Footprint,java_inventory,java,inventory,inventory-go-twin:9082,inventory-go-twin:9082,2026-06-24 13:49:52,2026-06-24T08:19:52Z,1782289192,sustain,1710.0,30752768.0,"{""__name__"": ""process_resident_memory_bytes""}"
1,A,RSS Memory Footprint,java_inventory,java,inventory,order-go-twin:9083,order-go-twin:9083,2026-06-24 13:49:52,2026-06-24T08:19:52Z,1782289192,sustain,1710.0,31662080.0,"{""__name__"": ""process_resident_memory_bytes""}"
1,A,RSS Memory Footprint,java_inventory,java,inventory,warehouse-go:8084,warehouse-go:8084,2026-06-24 13:49:52,2026-06-24T08:19:52Z,1782289192,sustain,1710.0,36192256.0,"{""__name__"": ""process_resident_memory_bytes""}"
1,A,RSS Memory Footprint,java_inventory,java,inventory,inventory-go-twin:9082,inventory-go-twin:9082,2026-06-24 13:50:07,2026-06-24T08:20:07Z,1782289207,sustain,1725.0,30752768.0,"{""__name__"": ""process_resident_memory_bytes""}"
1,A,RSS Memory Footprint,java_inventory,java,inventory,order-go-twin:9083,order-go-twin:9083,2026-06-24 13:50:07,2026-06-24T08:20:07Z,1782289207,sustain,1725.0,31662080.0,"{""__name__"": ""process_resident_memory_bytes""}"
1,A,RSS Memory Footprint,java_inventory,java,inventory,warehouse-go:8084,warehouse-go:8084,2026-06-24 13:50:07,2026-06-24T08:20:07Z,1782289207,sustain,1725.0,35897344.0,"{""__name__"": ""process_resident_memory_bytes""}"
1,A,RSS Memory Footprint,java_inventory,java,inventory,inventory-go-twin:9082,inventory-go-twin:9082,2026-06-24 13:50:22,2026-06-24T08:20:22Z,1782289222,sustain,1740.0,30752768.0,"{""__name__"": ""process_resident_memory_bytes""}"
1,A,RSS Memory Footprint,java_inventory,java,inventory,order-go-twin:9083,order-go-twin:9083,2026-06-24 13:50:22,2026-06-24T08:20:22Z,1782289222,sustain,1740.0,31662080.0,"{""__name__"": ""process_resident_memory_bytes""}"
1,A,RSS Memory Footprint,java_inventory,java,inventory,warehouse-go:8084,warehouse-go:8084,2026-06-24 13:50:22,2026-06-24T08:20:22Z,1782289222,sustain,1740.0,35471360.0,"{""__name__"": ""process_resident_memory_bytes""}"
1,A,RSS Memory Footprint,java_inventory,java,inventory,inventory-go-twin:9082,inventory-go-twin:9082,2026-06-24 13:50:37,2026-06-24T08:20:37Z,1782289237,sustain,1755.0,30752768.0,"{""__name__"": ""process_resident_memory_bytes""}"
1,A,RSS Memory Footprint,java_inventory,java,inventory,order-go-twin:9083,order-go-twin:9083,2026-06-24 13:50:37,2026-06-24T08:20:37Z,1782289237,sustain,1755.0,31662080.0,"{""__name__"": ""process_resident_memory_bytes""}"
1,A,RSS Memory Footprint,java_inventory,java,inventory,warehouse-go:8084,warehouse-go:8084,2026-06-24 13:50:37,2026-06-24T08:20:37Z,1782289237,sustain,1755.0,35995648.0,"{""__name__"": ""process_resident_memory_bytes""}"
1,A,RSS Memory Footprint,java_inventory,java,inventory,inventory-go-twin:9082,inventory-go-twin:9082,2026-06-24 13:50:52,2026-06-24T08:20:52Z,1782289252,sustain,1770.0,30752768.0,"{""__name__"": ""process_resident_memory_bytes""}"
1,A,RSS Memory Footprint,java_inventory,java,inventory,order-go-twin:9083,order-go-twin:9083,2026-06-24 13:50:52,2026-06-24T08:20:52Z,1782289252,sustain,1770.0,31662080.0,"{""__name__"": ""process_resident_memory_bytes""}"
1,A,RSS Memory Footprint,java_inventory,java,inventory,warehouse-go:8084,warehouse-go:8084,2026-06-24 13:50:52,2026-06-24T08:20:52Z,1782289252,sustain,1770.0,35696640.0,"{""__name__"": ""process_resident_memory_bytes""}"
1,A,RSS Memory Footprint,java_inventory,java,inventory,inventory-go-twin:9082,inventory-go-twin:9082,2026-06-24 13:51:07,2026-06-24T08:21:07Z,1782289267,sustain,1785.0,30359552.0,"{""__name__"": ""process_resident_memory_bytes""}"
1,A,RSS Memory Footprint,java_inventory,java,inventory,order-go-twin:9083,order-go-twin:9083,2026-06-24 13:51:07,2026-06-24T08:21:07Z,1782289267,sustain,1785.0,31662080.0,"{""__name__"": ""process_resident_memory_bytes""}"
1,A,RSS Memory Footprint,java_inventory,java,inventory,warehouse-go:8084,warehouse-go:8084,2026-06-24 13:51:07,2026-06-24T08:21:07Z,1782289267,sustain,1785.0,35696640.0,"{""__name__"": ""process_resident_memory_bytes""}"
1,A,RSS Memory Footprint,java_inventory,java,inventory,inventory-go-twin:9082,inventory-go-twin:9082,2026-06-24 13:51:22,2026-06-24T08:21:22Z,1782289282,cooldown,1800.0,30621696.0,"{""__name__"": ""process_resident_memory_bytes""}"
1,A,RSS Memory Footprint,java_inventory,java,inventory,order-go-twin:9083,order-go-twin:9083,2026-06-24 13:51:22,2026-06-24T08:21:22Z,1782289282,cooldown,1800.0,31662080.0,"{""__name__"": ""process_resident_memory_bytes""}"
1,A,RSS Memory Footprint,java_inventory,java,inventory,warehouse-go:8084,warehouse-go:8084,2026-06-24 13:51:22,2026-06-24T08:21:22Z,1782289282,cooldown,1800.0,35827712.0,"{""__name__"": ""process_resident_memory_bytes""}"
1,A,RSS Memory Footprint,java_inventory,java,inventory,inventory-go-twin:9082,inventory-go-twin:9082,2026-06-24 13:51:37,2026-06-24T08:21:37Z,1782289297,cooldown,1815.0,30621696.0,"{""__name__"": ""process_resident_memory_bytes""}"
1,A,RSS Memory Footprint,java_inventory,java,inventory,order-go-twin:9083,order-go-twin:9083,2026-06-24 13:51:37,2026-06-24T08:21:37Z,1782289297,cooldown,1815.0,31662080.0,"{""__name__"": ""process_resident_memory_bytes""}"
1,A,RSS Memory Footprint,java_inventory,java,inventory,warehouse-go:8084,warehouse-go:8084,2026-06-24 13:51:37,2026-06-24T08:21:37Z,1782289297,cooldown,1815.0,35827712.0,"{""__name__"": ""process_resident_memory_bytes""}"
1,A,RSS Memory Footprint,java_inventory,java,inventory,inventory-go-twin:9082,inventory-go-twin:9082,2026-06-24 13:51:52,2026-06-24T08:21:52Z,1782289312,cooldown,1830.0,30466048.0,"{""__name__"": ""process_resident_memory_bytes""}"
1,A,RSS Memory Footprint,java_inventory,java,inventory,order-go-twin:9083,order-go-twin:9083,2026-06-24 13:51:52,2026-06-24T08:21:52Z,1782289312,cooldown,1830.0,31662080.0,"{""__name__"": ""process_resident_memory_bytes""}"
1,A,RSS Memory Footprint,java_inventory,java,inventory,warehouse-go:8084,warehouse-go:8084,2026-06-24 13:51:52,2026-06-24T08:21:52Z,1782289312,cooldown,1830.0,36483072.0,"{""__name__"": ""process_resident_memory_bytes""}"
1,A,RSS Memory Footprint,java_inventory,java,inventory,inventory-go-twin:9082,inventory-go-twin:9082,2026-06-24 13:52:07,2026-06-24T08:22:07Z,1782289327,cooldown,1845.0,30466048.0,"{""__name__"": ""process_resident_memory_bytes""}"
1,A,RSS Memory Footprint,java_inventory,java,inventory,order-go-twin:9083,order-go-twin:9083,2026-06-24 13:52:07,2026-06-24T08:22:07Z,1782289327,cooldown,1845.0,31662080.0,"{""__name__"": ""process_resident_memory_bytes""}"
1,A,RSS Memory Footprint,java_inventory,java,inventory,warehouse-go:8084,warehouse-go:8084,2026-06-24 13:52:07,2026-06-24T08:22:07Z,1782289327,cooldown,1845.0,36483072.0,"{""__name__"": ""process_resident_memory_bytes""}"
1,A,RSS Memory Footprint,java_inventory,java,inventory,inventory-go-twin:9082,inventory-go-twin:9082,2026-06-24 13:52:22,2026-06-24T08:22:22Z,1782289342,cooldown,1860.0,30466048.0,"{""__name__"": ""process_resident_memory_bytes""}"
1,A,RSS Memory Footprint,java_inventory,java,inventory,order-go-twin:9083,order-go-twin:9083,2026-06-24 13:52:22,2026-06-24T08:22:22Z,1782289342,cooldown,1860.0,31662080.0,"{""__name__"": ""process_resident_memory_bytes""}"
1,A,RSS Memory Footprint,java_inventory,java,inventory,warehouse-go:8084,warehouse-go:8084,2026-06-24 13:52:22,2026-06-24T08:22:22Z,1782289342,cooldown,1860.0,36581376.0,"{""__name__"": ""process_resident_memory_bytes""}"
1,A,RSS Memory Footprint,java_inventory,java,inventory,inventory-go-twin:9082,inventory-go-twin:9082,2026-06-24 13:52:37,2026-06-24T08:22:37Z,1782289357,cooldown,1875.0,30466048.0,"{""__name__"": ""process_resident_memory_bytes""}"
1,A,RSS Memory Footprint,java_inventory,java,inventory,order-go-twin:9083,order-go-twin:9083,2026-06-24 13:52:37,2026-06-24T08:22:37Z,1782289357,cooldown,1875.0,31662080.0,"{""__name__"": ""process_resident_memory_bytes""}"
1,A,RSS Memory Footprint,java_inventory,java,inventory,warehouse-go:8084,warehouse-go:8084,2026-06-24 13:52:37,2026-06-24T08:22:37Z,1782289357,cooldown,1875.0,36581376.0,"{""__name__"": ""process_resident_memory_bytes""}"
1,A,RSS Memory Footprint,java_inventory,java,inventory,inventory-go-twin:9082,inventory-go-twin:9082,2026-06-24 13:52:52,2026-06-24T08:22:52Z,1782289372,cooldown,1890.0,31121408.0,"{""__name__"": ""process_resident_memory_bytes""}"
1,A,RSS Memory Footprint,java_inventory,java,inventory,order-go-twin:9083,order-go-twin:9083,2026-06-24 13:52:52,2026-06-24T08:22:52Z,1782289372,cooldown,1890.0,31662080.0,"{""__name__"": ""process_resident_memory_bytes""}"
1,A,RSS Memory Footprint,java_inventory,java,inventory,warehouse-go:8084,warehouse-go:8084,2026-06-24 13:52:52,2026-06-24T08:22:52Z,1782289372,cooldown,1890.0,36712448.0,"{""__name__"": ""process_resident_memory_bytes""}"
1,A,RSS Memory Footprint,java_inventory,java,inventory,inventory-go-twin:9082,inventory-go-twin:9082,2026-06-24 13:53:07,2026-06-24T08:23:07Z,1782289387,cooldown,1905.0,31121408.0,"{""__name__"": ""process_resident_memory_bytes""}"
1,A,RSS Memory Footprint,java_inventory,java,inventory,order-go-twin:9083,order-go-twin:9083,2026-06-24 13:53:07,2026-06-24T08:23:07Z,1782289387,cooldown,1905.0,31662080.0,"{""__name__"": ""process_resident_memory_bytes""}"
1,A,RSS Memory Footprint,java_inventory,java,inventory,warehouse-go:8084,warehouse-go:8084,2026-06-24 13:53:07,2026-06-24T08:23:07Z,1782289387,cooldown,1905.0,37105664.0,"{""__name__"": ""process_resident_memory_bytes""}"
1,A,RSS Memory Footprint,java_inventory,java,inventory,inventory-go-twin:9082,inventory-go-twin:9082,2026-06-24 13:53:22,2026-06-24T08:23:22Z,1782289402,cooldown,1920.0,30683136.0,"{""__name__"": ""process_resident_memory_bytes""}"
1,A,RSS Memory Footprint,java_inventory,java,inventory,order-go-twin:9083,order-go-twin:9083,2026-06-24 13:53:22,2026-06-24T08:23:22Z,1782289402,cooldown,1920.0,31662080.0,"{""__name__"": ""process_resident_memory_bytes""}"
1,A,RSS Memory Footprint,java_inventory,java,inventory,warehouse-go:8084,warehouse-go:8084,2026-06-24 13:53:22,2026-06-24T08:23:22Z,1782289402,cooldown,1920.0,37105664.0,"{""__name__"": ""process_resident_memory_bytes""}"
1,A,RSS Memory Footprint,java_inventory,java,inventory,inventory-go-twin:9082,inventory-go-twin:9082,2026-06-24 13:53:37,2026-06-24T08:23:37Z,1782289417,cooldown,1935.0,30683136.0,"{""__name__"": ""process_resident_memory_bytes""}"
1,A,RSS Memory Footprint,java_inventory,java,inventory,order-go-twin:9083,order-go-twin:9083,2026-06-24 13:53:37,2026-06-24T08:23:37Z,1782289417,cooldown,1935.0,31662080.0,"{""__name__"": ""process_resident_memory_bytes""}"
1,A,RSS Memory Footprint,java_inventory,java,inventory,warehouse-go:8084,warehouse-go:8084,2026-06-24 13:53:37,2026-06-24T08:23:37Z,1782289417,cooldown,1935.0,37105664.0,"{""__name__"": ""process_resident_memory_bytes""}"
1,A,RSS Memory Footprint,java_inventory,java,inventory,inventory-go-twin:9082,inventory-go-twin:9082,2026-06-24 13:53:52,2026-06-24T08:23:52Z,1782289432,cooldown,1950.0,30683136.0,"{""__name__"": ""process_resident_memory_bytes""}"
1,A,RSS Memory Footprint,java_inventory,java,inventory,order-go-twin:9083,order-go-twin:9083,2026-06-24 13:53:52,2026-06-24T08:23:52Z,1782289432,cooldown,1950.0,32186368.0,"{""__name__"": ""process_resident_memory_bytes""}"
1,A,RSS Memory Footprint,java_inventory,java,inventory,warehouse-go:8084,warehouse-go:8084,2026-06-24 13:53:52,2026-06-24T08:23:52Z,1782289432,cooldown,1950.0,37761024.0,"{""__name__"": ""process_resident_memory_bytes""}"
1,A,RSS Memory Footprint,java_inventory,java,inventory,inventory-go-twin:9082,inventory-go-twin:9082,2026-06-24 13:54:07,2026-06-24T08:24:07Z,1782289447,cooldown,1965.0,30777344.0,"{""__name__"": ""process_resident_memory_bytes""}"
1,A,RSS Memory Footprint,java_inventory,java,inventory,order-go-twin:9083,order-go-twin:9083,2026-06-24 13:54:07,2026-06-24T08:24:07Z,1782289447,cooldown,1965.0,32186368.0,"{""__name__"": ""process_resident_memory_bytes""}"
1,A,RSS Memory Footprint,java_inventory,java,inventory,warehouse-go:8084,warehouse-go:8084,2026-06-24 13:54:07,2026-06-24T08:24:07Z,1782289447,cooldown,1965.0,38416384.0,"{""__name__"": ""process_resident_memory_bytes""}"
1,A,RSS Memory Footprint,java_inventory,java,inventory,inventory-go-twin:9082,inventory-go-twin:9082,2026-06-24 13:54:22,2026-06-24T08:24:22Z,1782289462,cooldown,1980.0,30777344.0,"{""__name__"": ""process_resident_memory_bytes""}"
1,A,RSS Memory Footprint,java_inventory,java,inventory,order-go-twin:9083,order-go-twin:9083,2026-06-24 13:54:22,2026-06-24T08:24:22Z,1782289462,cooldown,1980.0,32186368.0,"{""__name__"": ""process_resident_memory_bytes""}"
1,A,RSS Memory Footprint,java_inventory,java,inventory,warehouse-go:8084,warehouse-go:8084,2026-06-24 13:54:22,2026-06-24T08:24:22Z,1782289462,cooldown,1980.0,36708352.0,"{""__name__"": ""process_resident_memory_bytes""}"
1,A,RSS Memory Footprint,java_inventory,java,inventory,inventory-go-twin:9082,inventory-go-twin:9082,2026-06-24 13:54:37,2026-06-24T08:24:37Z,1782289477,cooldown,1995.0,30347264.0,"{""__name__"": ""process_resident_memory_bytes""}"
1,A,RSS Memory Footprint,java_inventory,java,inventory,order-go-twin:9083,order-go-twin:9083,2026-06-24 13:54:37,2026-06-24T08:24:37Z,1782289477,cooldown,1995.0,32186368.0,"{""__name__"": ""process_resident_memory_bytes""}"
1,A,RSS Memory Footprint,java_inventory,java,inventory,warehouse-go:8084,warehouse-go:8084,2026-06-24 13:54:37,2026-06-24T08:24:37Z,1782289477,cooldown,1995.0,36708352.0,"{""__name__"": ""process_resident_memory_bytes""}"
1,A,RSS Memory Footprint,java_inventory,java,inventory,inventory-go-twin:9082,inventory-go-twin:9082,2026-06-24 13:54:52,2026-06-24T08:24:52Z,1782289492,cooldown,2010.0,30347264.0,"{""__name__"": ""process_resident_memory_bytes""}"
1,A,RSS Memory Footprint,java_inventory,java,inventory,order-go-twin:9083,order-go-twin:9083,2026-06-24 13:54:52,2026-06-24T08:24:52Z,1782289492,cooldown,2010.0,32186368.0,"{""__name__"": ""process_resident_memory_bytes""}"
1,A,RSS Memory Footprint,java_inventory,java,inventory,warehouse-go:8084,warehouse-go:8084,2026-06-24 13:54:52,2026-06-24T08:24:52Z,1782289492,cooldown,2010.0,36708352.0,"{""__name__"": ""process_resident_memory_bytes""}"
1,A,RSS Memory Footprint,java_inventory,java,inventory,inventory-go-twin:9082,inventory-go-twin:9082,2026-06-24 13:55:07,2026-06-24T08:25:07Z,1782289507,cooldown,2025.0,30478336.0,"{""__name__"": ""process_resident_memory_bytes""}"
1,A,RSS Memory Footprint,java_inventory,java,inventory,order-go-twin:9083,order-go-twin:9083,2026-06-24 13:55:07,2026-06-24T08:25:07Z,1782289507,cooldown,2025.0,32186368.0,"{""__name__"": ""process_resident_memory_bytes""}"
1,A,RSS Memory Footprint,java_inventory,java,inventory,warehouse-go:8084,warehouse-go:8084,2026-06-24 13:55:07,2026-06-24T08:25:07Z,1782289507,cooldown,2025.0,37101568.0,"{""__name__"": ""process_resident_memory_bytes""}"
1,A,RSS Memory Footprint,java_inventory,java,inventory,inventory-go-twin:9082,inventory-go-twin:9082,2026-06-24 13:55:22,2026-06-24T08:25:22Z,1782289522,cooldown,2040.0,30609408.0,"{""__name__"": ""process_resident_memory_bytes""}"
1,A,RSS Memory Footprint,java_inventory,java,inventory,order-go-twin:9083,order-go-twin:9083,2026-06-24 13:55:22,2026-06-24T08:25:22Z,1782289522,cooldown,2040.0,32186368.0,"{""__name__"": ""process_resident_memory_bytes""}"
1,A,RSS Memory Footprint,java_inventory,java,inventory,warehouse-go:8084,warehouse-go:8084,2026-06-24 13:55:22,2026-06-24T08:25:22Z,1782289522,cooldown,2040.0,34398208.0,"{""__name__"": ""process_resident_memory_bytes""}"
1,A,RSS Memory Footprint,java_inventory,java,inventory,inventory-go-twin:9082,inventory-go-twin:9082,2026-06-24 13:55:37,2026-06-24T08:25:37Z,1782289537,cooldown,2055.0,30609408.0,"{""__name__"": ""process_resident_memory_bytes""}"
1,A,RSS Memory Footprint,java_inventory,java,inventory,order-go-twin:9083,order-go-twin:9083,2026-06-24 13:55:37,2026-06-24T08:25:37Z,1782289537,cooldown,2055.0,31784960.0,"{""__name__"": ""process_resident_memory_bytes""}"
1,A,RSS Memory Footprint,java_inventory,java,inventory,warehouse-go:8084,warehouse-go:8084,2026-06-24 13:55:37,2026-06-24T08:25:37Z,1782289537,cooldown,2055.0,35971072.0,"{""__name__"": ""process_resident_memory_bytes""}"
1,A,RSS Memory Footprint,java_inventory,java,inventory,inventory-go-twin:9082,inventory-go-twin:9082,2026-06-24 13:55:52,2026-06-24T08:25:52Z,1782289552,cooldown,2070.0,30609408.0,"{""__name__"": ""process_resident_memory_bytes""}"
1,A,RSS Memory Footprint,java_inventory,java,inventory,order-go-twin:9083,order-go-twin:9083,2026-06-24 13:55:52,2026-06-24T08:25:52Z,1782289552,cooldown,2070.0,31784960.0,"{""__name__"": ""process_resident_memory_bytes""}"
1,A,RSS Memory Footprint,java_inventory,java,inventory,warehouse-go:8084,warehouse-go:8084,2026-06-24 13:55:52,2026-06-24T08:25:52Z,1782289552,cooldown,2070.0,36626432.0,"{""__name__"": ""process_resident_memory_bytes""}"
1,A,RSS Memory Footprint,java_inventory,java,inventory,inventory-go-twin:9082,inventory-go-twin:9082,2026-06-24 13:56:07,2026-06-24T08:26:07Z,1782289567,cooldown,2085.0,30609408.0,"{""__name__"": ""process_resident_memory_bytes""}"
1,A,RSS Memory Footprint,java_inventory,java,inventory,order-go-twin:9083,order-go-twin:9083,2026-06-24 13:56:07,2026-06-24T08:26:07Z,1782289567,cooldown,2085.0,31784960.0,"{""__name__"": ""process_resident_memory_bytes""}"
1,A,RSS Memory Footprint,java_inventory,java,inventory,warehouse-go:8084,warehouse-go:8084,2026-06-24 13:56:07,2026-06-24T08:26:07Z,1782289567,cooldown,2085.0,37281792.0,"{""__name__"": ""process_resident_memory_bytes""}"
1,A,RSS Memory Footprint,java_inventory,java,inventory,inventory-go-twin:9082,inventory-go-twin:9082,2026-06-24 13:56:22,2026-06-24T08:26:22Z,1782289582,post_test,2100.0,30605312.0,"{""__name__"": ""process_resident_memory_bytes""}"
1,A,RSS Memory Footprint,java_inventory,java,inventory,order-go-twin:9083,order-go-twin:9083,2026-06-24 13:56:22,2026-06-24T08:26:22Z,1782289582,post_test,2100.0,31784960.0,"{""__name__"": ""process_resident_memory_bytes""}"
1,A,RSS Memory Footprint,java_inventory,java,inventory,warehouse-go:8084,warehouse-go:8084,2026-06-24 13:56:22,2026-06-24T08:26:22Z,1782289582,post_test,2100.0,38068224.0,"{""__name__"": ""process_resident_memory_bytes""}"
1,A,RSS Memory Footprint,java_order,java,order,inventory-go-twin:9082,inventory-go-twin:9082,2026-06-24 12:01:01,2026-06-24T06:31:01Z,1782282661,warmup,0.0,32006144.0,"{""__name__"": ""process_resident_memory_bytes""}"
1,A,RSS Memory Footprint,java_order,java,order,order-go-twin:9083,order-go-twin:9083,2026-06-24 12:01:01,2026-06-24T06:31:01Z,1782282661,warmup,0.0,34803712.0,"{""__name__"": ""process_resident_memory_bytes""}"
1,A,RSS Memory Footprint,java_order,java,order,warehouse-go:8084,warehouse-go:8084,2026-06-24 12:01:01,2026-06-24T06:31:01Z,1782282661,warmup,0.0,32550912.0,"{""__name__"": ""process_resident_memory_bytes""}"
1,A,RSS Memory Footprint,java_order,java,order,inventory-go-twin:9082,inventory-go-twin:9082,2026-06-24 12:01:16,2026-06-24T06:31:16Z,1782282676,warmup,15.0,31727616.0,"{""__name__"": ""process_resident_memory_bytes""}"
1,A,RSS Memory Footprint,java_order,java,order,order-go-twin:9083,order-go-twin:9083,2026-06-24 12:01:16,2026-06-24T06:31:16Z,1782282676,warmup,15.0,34803712.0,"{""__name__"": ""process_resident_memory_bytes""}"
1,A,RSS Memory Footprint,java_order,java,order,warehouse-go:8084,warehouse-go:8084,2026-06-24 12:01:16,2026-06-24T06:31:16Z,1782282676,warmup,15.0,32550912.0,"{""__name__"": ""process_resident_memory_bytes""}"
1,A,RSS Memory Footprint,java_order,java,order,inventory-go-twin:9082,inventory-go-twin:9082,2026-06-24 12:01:31,2026-06-24T06:31:31Z,1782282691,warmup,30.0,32120832.0,"{""__name__"": ""process_resident_memory_bytes""}"
1,A,RSS Memory Footprint,java_order,java,order,order-go-twin:9083,order-go-twin:9083,2026-06-24 12:01:31,2026-06-24T06:31:31Z,1782282691,warmup,30.0,34537472.0,"{""__name__"": ""process_resident_memory_bytes""}"
1,A,RSS Memory Footprint,java_order,java,order,warehouse-go:8084,warehouse-go:8084,2026-06-24 12:01:31,2026-06-24T06:31:31Z,1782282691,warmup,30.0,31621120.0,"{""__name__"": ""process_resident_memory_bytes""}"
1,A,RSS Memory Footprint,java_order,java,order,inventory-go-twin:9082,inventory-go-twin:9082,2026-06-24 12:01:46,2026-06-24T06:31:46Z,1782282706,warmup,45.0,32120832.0,"{""__name__"": ""process_resident_memory_bytes""}"
1,A,RSS Memory Footprint,java_order,java,order,order-go-twin:9083,order-go-twin:9083,2026-06-24 12:01:46,2026-06-24T06:31:46Z,1782282706,warmup,45.0,34537472.0,"{""__name__"": ""process_resident_memory_bytes""}"
1,A,RSS Memory Footprint,java_order,java,order,warehouse-go:8084,warehouse-go:8084,2026-06-24 12:01:46,2026-06-24T06:31:46Z,1782282706,warmup,45.0,32800768.0,"{""__name__"": ""process_resident_memory_bytes""}"
1,A,RSS Memory Footprint,java_order,java,order,inventory-go-twin:9082,inventory-go-twin:9082,2026-06-24 12:02:01,2026-06-24T06:32:01Z,1782282721,warmup,60.0,31817728.0,"{""__name__"": ""process_resident_memory_bytes""}"
1,A,RSS Memory Footprint,java_order,java,order,order-go-twin:9083,order-go-twin:9083,2026-06-24 12:02:01,2026-06-24T06:32:01Z,1782282721,warmup,60.0,34537472.0,"{""__name__"": ""process_resident_memory_bytes""}"
1,A,RSS Memory Footprint,java_order,java,order,warehouse-go:8084,warehouse-go:8084,2026-06-24 12:02:01,2026-06-24T06:32:01Z,1782282721,warmup,60.0,33325056.0,"{""__name__"": ""process_resident_memory_bytes""}"
1,A,RSS Memory Footprint,java_order,java,order,inventory-go-twin:9082,inventory-go-twin:9082,2026-06-24 12:02:16,2026-06-24T06:32:16Z,1782282736,warmup,75.0,31817728.0,"{""__name__"": ""process_resident_memory_bytes""}"
1,A,RSS Memory Footprint,java_order,java,order,order-go-twin:9083,order-go-twin:9083,2026-06-24 12:02:16,2026-06-24T06:32:16Z,1782282736,warmup,75.0,34537472.0,"{""__name__"": ""process_resident_memory_bytes""}"
1,A,RSS Memory Footprint,java_order,java,order,warehouse-go:8084,warehouse-go:8084,2026-06-24 12:02:16,2026-06-24T06:32:16Z,1782282736,warmup,75.0,33423360.0,"{""__name__"": ""process_resident_memory_bytes""}"
1,A,RSS Memory Footprint,java_order,java,order,inventory-go-twin:9082,inventory-go-twin:9082,2026-06-24 12:02:31,2026-06-24T06:32:31Z,1782282751,warmup,90.0,31817728.0,"{""__name__"": ""process_resident_memory_bytes""}"
1,A,RSS Memory Footprint,java_order,java,order,order-go-twin:9083,order-go-twin:9083,2026-06-24 12:02:31,2026-06-24T06:32:31Z,1782282751,warmup,90.0,34537472.0,"{""__name__"": ""process_resident_memory_bytes""}"
1,A,RSS Memory Footprint,java_order,java,order,warehouse-go:8084,warehouse-go:8084,2026-06-24 12:02:31,2026-06-24T06:32:31Z,1782282751,warmup,90.0,32489472.0,"{""__name__"": ""process_resident_memory_bytes""}"
1,A,RSS Memory Footprint,java_order,java,order,inventory-go-twin:9082,inventory-go-twin:9082,2026-06-24 12:02:46,2026-06-24T06:32:46Z,1782282766,warmup,105.0,31760384.0,"{""__name__"": ""process_resident_memory_bytes""}"
1,A,RSS Memory Footprint,java_order,java,order,order-go-twin:9083,order-go-twin:9083,2026-06-24 12:02:46,2026-06-24T06:32:46Z,1782282766,warmup,105.0,34537472.0,"{""__name__"": ""process_resident_memory_bytes""}"
1,A,RSS Memory Footprint,java_order,java,order,warehouse-go:8084,warehouse-go:8084,2026-06-24 12:02:46,2026-06-24T06:32:46Z,1782282766,warmup,105.0,32976896.0,"{""__name__"": ""process_resident_memory_bytes""}"
1,A,RSS Memory Footprint,java_order,java,order,inventory-go-twin:9082,inventory-go-twin:9082,2026-06-24 12:03:01,2026-06-24T06:33:01Z,1782282781,warmup,120.0,31760384.0,"{""__name__"": ""process_resident_memory_bytes""}"
1,A,RSS Memory Footprint,java_order,java,order,order-go-twin:9083,order-go-twin:9083,2026-06-24 12:03:01,2026-06-24T06:33:01Z,1782282781,warmup,120.0,34537472.0,"{""__name__"": ""process_resident_memory_bytes""}"
1,A,RSS Memory Footprint,java_order,java,order,warehouse-go:8084,warehouse-go:8084,2026-06-24 12:03:01,2026-06-24T06:33:01Z,1782282781,warmup,120.0,33210368.0,"{""__name__"": ""process_resident_memory_bytes""}"
1,A,RSS Memory Footprint,java_order,java,order,inventory-go-twin:9082,inventory-go-twin:9082,2026-06-24 12:03:16,2026-06-24T06:33:16Z,1782282796,warmup,135.0,31760384.0,"{""__name__"": ""process_resident_memory_bytes""}"
1,A,RSS Memory Footprint,java_order,java,order,order-go-twin:9083,order-go-twin:9083,2026-06-24 12:03:16,2026-06-24T06:33:16Z,1782282796,warmup,135.0,34537472.0,"{""__name__"": ""process_resident_memory_bytes""}"
1,A,RSS Memory Footprint,java_order,java,order,warehouse-go:8084,warehouse-go:8084,2026-06-24 12:03:16,2026-06-24T06:33:16Z,1782282796,warmup,135.0,30781440.0,"{""__name__"": ""process_resident_memory_bytes""}"
1,A,RSS Memory Footprint,java_order,java,order,inventory-go-twin:9082,inventory-go-twin:9082,2026-06-24 12:03:31,2026-06-24T06:33:31Z,1782282811,warmup,150.0,31760384.0,"{""__name__"": ""process_resident_memory_bytes""}"
1,A,RSS Memory Footprint,java_order,java,order,order-go-twin:9083,order-go-twin:9083,2026-06-24 12:03:31,2026-06-24T06:33:31Z,1782282811,warmup,150.0,34537472.0,"{""__name__"": ""process_resident_memory_bytes""}"
1,A,RSS Memory Footprint,java_order,java,order,warehouse-go:8084,warehouse-go:8084,2026-06-24 12:03:31,2026-06-24T06:33:31Z,1782282811,warmup,150.0,29429760.0,"{""__name__"": ""process_resident_memory_bytes""}"
1,A,RSS Memory Footprint,java_order,java,order,inventory-go-twin:9082,inventory-go-twin:9082,2026-06-24 12:03:46,2026-06-24T06:33:46Z,1782282826,warmup,165.0,31760384.0,"{""__name__"": ""process_resident_memory_bytes""}"
1,A,RSS Memory Footprint,java_order,java,order,order-go-twin:9083,order-go-twin:9083,2026-06-24 12:03:46,2026-06-24T06:33:46Z,1782282826,warmup,165.0,34537472.0,"{""__name__"": ""process_resident_memory_bytes""}"
1,A,RSS Memory Footprint,java_order,java,order,warehouse-go:8084,warehouse-go:8084,2026-06-24 12:03:46,2026-06-24T06:33:46Z,1782282826,warmup,165.0,29519872.0,"{""__name__"": ""process_resident_memory_bytes""}"
1,A,RSS Memory Footprint,java_order,java,order,inventory-go-twin:9082,inventory-go-twin:9082,2026-06-24 12:04:01,2026-06-24T06:34:01Z,1782282841,warmup,180.0,32153600.0,"{""__name__"": ""process_resident_memory_bytes""}"
1,A,RSS Memory Footprint,java_order,java,order,order-go-twin:9083,order-go-twin:9083,2026-06-24 12:04:01,2026-06-24T06:34:01Z,1782282841,warmup,180.0,34537472.0,"{""__name__"": ""process_resident_memory_bytes""}"
1,A,RSS Memory Footprint,java_order,java,order,warehouse-go:8084,warehouse-go:8084,2026-06-24 12:04:01,2026-06-24T06:34:01Z,1782282841,warmup,180.0,30568448.0,"{""__name__"": ""process_resident_memory_bytes""}"
1,A,RSS Memory Footprint,java_order,java,order,inventory-go-twin:9082,inventory-go-twin:9082,2026-06-24 12:04:16,2026-06-24T06:34:16Z,1782282856,warmup,195.0,32153600.0,"{""__name__"": ""process_resident_memory_bytes""}"
1,A,RSS Memory Footprint,java_order,java,order,order-go-twin:9083,order-go-twin:9083,2026-06-24 12:04:16,2026-06-24T06:34:16Z,1782282856,warmup,195.0,34537472.0,"{""__name__"": ""process_resident_memory_bytes""}"
1,A,RSS Memory Footprint,java_order,java,order,warehouse-go:8084,warehouse-go:8084,2026-06-24 12:04:16,2026-06-24T06:34:16Z,1782282856,warmup,195.0,30932992.0,"{""__name__"": ""process_resident_memory_bytes""}"
1,A,RSS Memory Footprint,java_order,java,order,inventory-go-twin:9082,inventory-go-twin:9082,2026-06-24 12:04:31,2026-06-24T06:34:31Z,1782282871,warmup,210.0,31858688.0,"{""__name__"": ""process_resident_memory_bytes""}"
1,A,RSS Memory Footprint,java_order,java,order,order-go-twin:9083,order-go-twin:9083,2026-06-24 12:04:31,2026-06-24T06:34:31Z,1782282871,warmup,210.0,34537472.0,"{""__name__"": ""process_resident_memory_bytes""}"
1,A,RSS Memory Footprint,java_order,java,order,warehouse-go:8084,warehouse-go:8084,2026-06-24 12:04:31,2026-06-24T06:34:31Z,1782282871,warmup,210.0,30691328.0,"{""__name__"": ""process_resident_memory_bytes""}"
1,A,RSS Memory Footprint,java_order,java,order,inventory-go-twin:9082,inventory-go-twin:9082,2026-06-24 12:04:46,2026-06-24T06:34:46Z,1782282886,warmup,225.0,31858688.0,"{""__name__"": ""process_resident_memory_bytes""}"
1,A,RSS Memory Footprint,java_order,java,order,order-go-twin:9083,order-go-twin:9083,2026-06-24 12:04:46,2026-06-24T06:34:46Z,1782282886,warmup,225.0,34537472.0,"{""__name__"": ""process_resident_memory_bytes""}"
1,A,RSS Memory Footprint,java_order,java,order,warehouse-go:8084,warehouse-go:8084,2026-06-24 12:04:46,2026-06-24T06:34:46Z,1782282886,warmup,225.0,27918336.0,"{""__name__"": ""process_resident_memory_bytes""}"
1,A,RSS Memory Footprint,java_order,java,order,inventory-go-twin:9082,inventory-go-twin:9082,2026-06-24 12:05:01,2026-06-24T06:35:01Z,1782282901,warmup,240.0,31858688.0,"{""__name__"": ""process_resident_memory_bytes""}"
1,A,RSS Memory Footprint,java_order,java,order,order-go-twin:9083,order-go-twin:9083,2026-06-24 12:05:01,2026-06-24T06:35:01Z,1782282901,warmup,240.0,34537472.0,"{""__name__"": ""process_resident_memory_bytes""}"
1,A,RSS Memory Footprint,java_order,java,order,warehouse-go:8084,warehouse-go:8084,2026-06-24 12:05:01,2026-06-24T06:35:01Z,1782282901,warmup,240.0,29564928.0,"{""__name__"": ""process_resident_memory_bytes""}"
1,A,RSS Memory Footprint,java_order,java,order,inventory-go-twin:9082,inventory-go-twin:9082,2026-06-24 12:05:16,2026-06-24T06:35:16Z,1782282916,warmup,255.0,31858688.0,"{""__name__"": ""process_resident_memory_bytes""}"
1,A,RSS Memory Footprint,java_order,java,order,order-go-twin:9083,order-go-twin:9083,2026-06-24 12:05:16,2026-06-24T06:35:16Z,1782282916,warmup,255.0,34537472.0,"{""__name__"": ""process_resident_memory_bytes""}"
1,A,RSS Memory Footprint,java_order,java,order,warehouse-go:8084,warehouse-go:8084,2026-06-24 12:05:16,2026-06-24T06:35:16Z,1782282916,warmup,255.0,30265344.0,"{""__name__"": ""process_resident_memory_bytes""}"
1,A,RSS Memory Footprint,java_order,java,order,inventory-go-twin:9082,inventory-go-twin:9082,2026-06-24 12:05:31,2026-06-24T06:35:31Z,1782282931,warmup,270.0,31858688.0,"{""__name__"": ""process_resident_memory_bytes""}"
1,A,RSS Memory Footprint,java_order,java,order,order-go-twin:9083,order-go-twin:9083,2026-06-24 12:05:31,2026-06-24T06:35:31Z,1782282931,warmup,270.0,34537472.0,"{""__name__"": ""process_resident_memory_bytes""}"
1,A,RSS Memory Footprint,java_order,java,order,warehouse-go:8084,warehouse-go:8084,2026-06-24 12:05:31,2026-06-24T06:35:31Z,1782282931,warmup,270.0,29487104.0,"{""__name__"": ""process_resident_memory_bytes""}"
1,A,RSS Memory Footprint,java_order,java,order,inventory-go-twin:9082,inventory-go-twin:9082,2026-06-24 12:05:46,2026-06-24T06:35:46Z,1782282946,warmup,285.0,31858688.0,"{""__name__"": ""process_resident_memory_bytes""}"
1,A,RSS Memory Footprint,java_order,java,order,order-go-twin:9083,order-go-twin:9083,2026-06-24 12:05:46,2026-06-24T06:35:46Z,1782282946,warmup,285.0,34537472.0,"{""__name__"": ""process_resident_memory_bytes""}"
1,A,RSS Memory Footprint,java_order,java,order,warehouse-go:8084,warehouse-go:8084,2026-06-24 12:05:46,2026-06-24T06:35:46Z,1782282946,warmup,285.0,29614080.0,"{""__name__"": ""process_resident_memory_bytes""}"
1,A,RSS Memory Footprint,java_order,java,order,inventory-go-twin:9082,inventory-go-twin:9082,2026-06-24 12:06:01,2026-06-24T06:36:01Z,1782282961,ramp_1,300.0,31858688.0,"{""__name__"": ""process_resident_memory_bytes""}"
1,A,RSS Memory Footprint,java_order,java,order,order-go-twin:9083,order-go-twin:9083,2026-06-24 12:06:01,2026-06-24T06:36:01Z,1782282961,ramp_1,300.0,34537472.0,"{""__name__"": ""process_resident_memory_bytes""}"
1,A,RSS Memory Footprint,java_order,java,order,warehouse-go:8084,warehouse-go:8084,2026-06-24 12:06:01,2026-06-24T06:36:01Z,1782282961,ramp_1,300.0,30105600.0,"{""__name__"": ""process_resident_memory_bytes""}"
1,A,RSS Memory Footprint,java_order,java,order,inventory-go-twin:9082,inventory-go-twin:9082,2026-06-24 12:06:16,2026-06-24T06:36:16Z,1782282976,ramp_1,315.0,31858688.0,"{""__name__"": ""process_resident_memory_bytes""}"
1,A,RSS Memory Footprint,java_order,java,order,order-go-twin:9083,order-go-twin:9083,2026-06-24 12:06:16,2026-06-24T06:36:16Z,1782282976,ramp_1,315.0,34537472.0,"{""__name__"": ""process_resident_memory_bytes""}"
1,A,RSS Memory Footprint,java_order,java,order,warehouse-go:8084,warehouse-go:8084,2026-06-24 12:06:16,2026-06-24T06:36:16Z,1782282976,ramp_1,315.0,30691328.0,"{""__name__"": ""process_resident_memory_bytes""}"
1,A,RSS Memory Footprint,java_order,java,order,inventory-go-twin:9082,inventory-go-twin:9082,2026-06-24 12:06:31,2026-06-24T06:36:31Z,1782282991,ramp_1,330.0,32382976.0,"{""__name__"": ""process_resident_memory_bytes""}"
1,A,RSS Memory Footprint,java_order,java,order,order-go-twin:9083,order-go-twin:9083,2026-06-24 12:06:31,2026-06-24T06:36:31Z,1782282991,ramp_1,330.0,34537472.0,"{""__name__"": ""process_resident_memory_bytes""}"
1,A,RSS Memory Footprint,java_order,java,order,warehouse-go:8084,warehouse-go:8084,2026-06-24 12:06:31,2026-06-24T06:36:31Z,1782282991,ramp_1,330.0,30875648.0,"{""__name__"": ""process_resident_memory_bytes""}"
1,A,RSS Memory Footprint,java_order,java,order,inventory-go-twin:9082,inventory-go-twin:9082,2026-06-24 12:06:46,2026-06-24T06:36:46Z,1782283006,ramp_1,345.0,32382976.0,"{""__name__"": ""process_resident_memory_bytes""}"
1,A,RSS Memory Footprint,java_order,java,order,order-go-twin:9083,order-go-twin:9083,2026-06-24 12:06:46,2026-06-24T06:36:46Z,1782283006,ramp_1,345.0,34537472.0,"{""__name__"": ""process_resident_memory_bytes""}"
1,A,RSS Memory Footprint,java_order,java,order,warehouse-go:8084,warehouse-go:8084,2026-06-24 12:06:46,2026-06-24T06:36:46Z,1782283006,ramp_1,345.0,29253632.0,"{""__name__"": ""process_resident_memory_bytes""}"
1,A,RSS Memory Footprint,java_order,java,order,inventory-go-twin:9082,inventory-go-twin:9082,2026-06-24 12:07:01,2026-06-24T06:37:01Z,1782283021,ramp_1,360.0,31936512.0,"{""__name__"": ""process_resident_memory_bytes""}"
1,A,RSS Memory Footprint,java_order,java,order,order-go-twin:9083,order-go-twin:9083,2026-06-24 12:07:01,2026-06-24T06:37:01Z,1782283021,ramp_1,360.0,34537472.0,"{""__name__"": ""process_resident_memory_bytes""}"
1,A,RSS Memory Footprint,java_order,java,order,warehouse-go:8084,warehouse-go:8084,2026-06-24 12:07:01,2026-06-24T06:37:01Z,1782283021,ramp_1,360.0,29114368.0,"{""__name__"": ""process_resident_memory_bytes""}"
1,A,RSS Memory Footprint,java_order,java,order,inventory-go-twin:9082,inventory-go-twin:9082,2026-06-24 12:07:16,2026-06-24T06:37:16Z,1782283036,ramp_1,375.0,31936512.0,"{""__name__"": ""process_resident_memory_bytes""}"
1,A,RSS Memory Footprint,java_order,java,order,order-go-twin:9083,order-go-twin:9083,2026-06-24 12:07:16,2026-06-24T06:37:16Z,1782283036,ramp_1,375.0,34537472.0,"{""__name__"": ""process_resident_memory_bytes""}"
1,A,RSS Memory Footprint,java_order,java,order,warehouse-go:8084,warehouse-go:8084,2026-06-24 12:07:16,2026-06-24T06:37:16Z,1782283036,ramp_1,375.0,29294592.0,"{""__name__"": ""process_resident_memory_bytes""}"
1,A,RSS Memory Footprint,java_order,java,order,inventory-go-twin:9082,inventory-go-twin:9082,2026-06-24 12:07:31,2026-06-24T06:37:31Z,1782283051,ramp_1,390.0,31936512.0,"{""__name__"": ""process_resident_memory_bytes""}"
1,A,RSS Memory Footprint,java_order,java,order,order-go-twin:9083,order-go-twin:9083,2026-06-24 12:07:31,2026-06-24T06:37:31Z,1782283051,ramp_1,390.0,34537472.0,"{""__name__"": ""process_resident_memory_bytes""}"
1,A,RSS Memory Footprint,java_order,java,order,warehouse-go:8084,warehouse-go:8084,2026-06-24 12:07:31,2026-06-24T06:37:31Z,1782283051,ramp_1,390.0,30072832.0,"{""__name__"": ""process_resident_memory_bytes""}"
1,A,RSS Memory Footprint,java_order,java,order,inventory-go-twin:9082,inventory-go-twin:9082,2026-06-24 12:07:46,2026-06-24T06:37:46Z,1782283066,ramp_1,405.0,31805440.0,"{""__name__"": ""process_resident_memory_bytes""}"
1,A,RSS Memory Footprint,java_order,java,order,order-go-twin:9083,order-go-twin:9083,2026-06-24 12:07:46,2026-06-24T06:37:46Z,1782283066,ramp_1,405.0,34537472.0,"{""__name__"": ""process_resident_memory_bytes""}"
1,A,RSS Memory Footprint,java_order,java,order,warehouse-go:8084,warehouse-go:8084,2026-06-24 12:07:46,2026-06-24T06:37:46Z,1782283066,ramp_1,405.0,29847552.0,"{""__name__"": ""process_resident_memory_bytes""}"
1,A,RSS Memory Footprint,java_order,java,order,inventory-go-twin:9082,inventory-go-twin:9082,2026-06-24 12:08:01,2026-06-24T06:38:01Z,1782283081,ramp_1,420.0,32067584.0,"{""__name__"": ""process_resident_memory_bytes""}"
1,A,RSS Memory Footprint,java_order,java,order,order-go-twin:9083,order-go-twin:9083,2026-06-24 12:08:01,2026-06-24T06:38:01Z,1782283081,ramp_1,420.0,34537472.0,"{""__name__"": ""process_resident_memory_bytes""}"
1,A,RSS Memory Footprint,java_order,java,order,warehouse-go:8084,warehouse-go:8084,2026-06-24 12:08:01,2026-06-24T06:38:01Z,1782283081,ramp_1,420.0,30289920.0,"{""__name__"": ""process_resident_memory_bytes""}"
1,A,RSS Memory Footprint,java_order,java,order,inventory-go-twin:9082,inventory-go-twin:9082,2026-06-24 12:08:16,2026-06-24T06:38:16Z,1782283096,ramp_1,435.0,32067584.0,"{""__name__"": ""process_resident_memory_bytes""}"
1,A,RSS Memory Footprint,java_order,java,order,order-go-twin:9083,order-go-twin:9083,2026-06-24 12:08:16,2026-06-24T06:38:16Z,1782283096,ramp_1,435.0,34537472.0,"{""__name__"": ""process_resident_memory_bytes""}"
1,A,RSS Memory Footprint,java_order,java,order,warehouse-go:8084,warehouse-go:8084,2026-06-24 12:08:16,2026-06-24T06:38:16Z,1782283096,ramp_1,435.0,30052352.0,"{""__name__"": ""process_resident_memory_bytes""}"
1,A,RSS Memory Footprint,java_order,java,order,inventory-go-twin:9082,inventory-go-twin:9082,2026-06-24 12:08:31,2026-06-24T06:38:31Z,1782283111,ramp_1,450.0,32067584.0,"{""__name__"": ""process_resident_memory_bytes""}"
1,A,RSS Memory Footprint,java_order,java,order,order-go-twin:9083,order-go-twin:9083,2026-06-24 12:08:31,2026-06-24T06:38:31Z,1782283111,ramp_1,450.0,34537472.0,"{""__name__"": ""process_resident_memory_bytes""}"
1,A,RSS Memory Footprint,java_order,java,order,warehouse-go:8084,warehouse-go:8084,2026-06-24 12:08:31,2026-06-24T06:38:31Z,1782283111,ramp_1,450.0,30146560.0,"{""__name__"": ""process_resident_memory_bytes""}"
1,A,RSS Memory Footprint,java_order,java,order,inventory-go-twin:9082,inventory-go-twin:9082,2026-06-24 12:08:46,2026-06-24T06:38:46Z,1782283126,ramp_1,465.0,32067584.0,"{""__name__"": ""process_resident_memory_bytes""}"
1,A,RSS Memory Footprint,java_order,java,order,order-go-twin:9083,order-go-twin:9083,2026-06-24 12:08:46,2026-06-24T06:38:46Z,1782283126,ramp_1,465.0,34537472.0,"{""__name__"": ""process_resident_memory_bytes""}"
1,A,RSS Memory Footprint,java_order,java,order,warehouse-go:8084,warehouse-go:8084,2026-06-24 12:08:46,2026-06-24T06:38:46Z,1782283126,ramp_1,465.0,29982720.0,"{""__name__"": ""process_resident_memory_bytes""}"
1,A,RSS Memory Footprint,java_order,java,order,inventory-go-twin:9082,inventory-go-twin:9082,2026-06-24 12:09:01,2026-06-24T06:39:01Z,1782283141,ramp_1,480.0,32067584.0,"{""__name__"": ""process_resident_memory_bytes""}"
1,A,RSS Memory Footprint,java_order,java,order,order-go-twin:9083,order-go-twin:9083,2026-06-24 12:09:01,2026-06-24T06:39:01Z,1782283141,ramp_1,480.0,34537472.0,"{""__name__"": ""process_resident_memory_bytes""}"
1,A,RSS Memory Footprint,java_order,java,order,warehouse-go:8084,warehouse-go:8084,2026-06-24 12:09:01,2026-06-24T06:39:01Z,1782283141,ramp_1,480.0,30531584.0,"{""__name__"": ""process_resident_memory_bytes""}"
1,A,RSS Memory Footprint,java_order,java,order,inventory-go-twin:9082,inventory-go-twin:9082,2026-06-24 12:09:16,2026-06-24T06:39:16Z,1782283156,ramp_1,495.0,32067584.0,"{""__name__"": ""process_resident_memory_bytes""}"
1,A,RSS Memory Footprint,java_order,java,order,order-go-twin:9083,order-go-twin:9083,2026-06-24 12:09:16,2026-06-24T06:39:16Z,1782283156,ramp_1,495.0,34537472.0,"{""__name__"": ""process_resident_memory_bytes""}"
1,A,RSS Memory Footprint,java_order,java,order,warehouse-go:8084,warehouse-go:8084,2026-06-24 12:09:16,2026-06-24T06:39:16Z,1782283156,ramp_1,495.0,31215616.0,"{""__name__"": ""process_resident_memory_bytes""}"
1,A,RSS Memory Footprint,java_order,java,order,inventory-go-twin:9082,inventory-go-twin:9082,2026-06-24 12:09:31,2026-06-24T06:39:31Z,1782283171,ramp_1,510.0,32067584.0,"{""__name__"": ""process_resident_memory_bytes""}"
1,A,RSS Memory Footprint,java_order,java,order,order-go-twin:9083,order-go-twin:9083,2026-06-24 12:09:31,2026-06-24T06:39:31Z,1782283171,ramp_1,510.0,34537472.0,"{""__name__"": ""process_resident_memory_bytes""}"
1,A,RSS Memory Footprint,java_order,java,order,warehouse-go:8084,warehouse-go:8084,2026-06-24 12:09:31,2026-06-24T06:39:31Z,1782283171,ramp_1,510.0,30568448.0,"{""__name__"": ""process_resident_memory_bytes""}"
1,A,RSS Memory Footprint,java_order,java,order,inventory-go-twin:9082,inventory-go-twin:9082,2026-06-24 12:09:46,2026-06-24T06:39:46Z,1782283186,ramp_1,525.0,32067584.0,"{""__name__"": ""process_resident_memory_bytes""}"
1,A,RSS Memory Footprint,java_order,java,order,order-go-twin:9083,order-go-twin:9083,2026-06-24 12:09:46,2026-06-24T06:39:46Z,1782283186,ramp_1,525.0,34537472.0,"{""__name__"": ""process_resident_memory_bytes""}"
1,A,RSS Memory Footprint,java_order,java,order,warehouse-go:8084,warehouse-go:8084,2026-06-24 12:09:46,2026-06-24T06:39:46Z,1782283186,ramp_1,525.0,31039488.0,"{""__name__"": ""process_resident_memory_bytes""}"
1,A,RSS Memory Footprint,java_order,java,order,inventory-go-twin:9082,inventory-go-twin:9082,2026-06-24 12:10:01,2026-06-24T06:40:01Z,1782283201,ramp_1,540.0,32067584.0,"{""__name__"": ""process_resident_memory_bytes""}"
1,A,RSS Memory Footprint,java_order,java,order,order-go-twin:9083,order-go-twin:9083,2026-06-24 12:10:01,2026-06-24T06:40:01Z,1782283201,ramp_1,540.0,34537472.0,"{""__name__"": ""process_resident_memory_bytes""}"
1,A,RSS Memory Footprint,java_order,java,order,warehouse-go:8084,warehouse-go:8084,2026-06-24 12:10:01,2026-06-24T06:40:01Z,1782283201,ramp_1,540.0,30851072.0,"{""__name__"": ""process_resident_memory_bytes""}"
1,A,RSS Memory Footprint,java_order,java,order,inventory-go-twin:9082,inventory-go-twin:9082,2026-06-24 12:10:16,2026-06-24T06:40:16Z,1782283216,ramp_1,555.0,31645696.0,"{""__name__"": ""process_resident_memory_bytes""}"
1,A,RSS Memory Footprint,java_order,java,order,order-go-twin:9083,order-go-twin:9083,2026-06-24 12:10:16,2026-06-24T06:40:16Z,1782283216,ramp_1,555.0,34537472.0,"{""__name__"": ""process_resident_memory_bytes""}"
1,A,RSS Memory Footprint,java_order,java,order,warehouse-go:8084,warehouse-go:8084,2026-06-24 12:10:16,2026-06-24T06:40:16Z,1782283216,ramp_1,555.0,30773248.0,"{""__name__"": ""process_resident_memory_bytes""}"
1,A,RSS Memory Footprint,java_order,java,order,inventory-go-twin:9082,inventory-go-twin:9082,2026-06-24 12:10:31,2026-06-24T06:40:31Z,1782283231,ramp_1,570.0,31645696.0,"{""__name__"": ""process_resident_memory_bytes""}"
1,A,RSS Memory Footprint,java_order,java,order,order-go-twin:9083,order-go-twin:9083,2026-06-24 12:10:31,2026-06-24T06:40:31Z,1782283231,ramp_1,570.0,34537472.0,"{""__name__"": ""process_resident_memory_bytes""}"
1,A,RSS Memory Footprint,java_order,java,order,warehouse-go:8084,warehouse-go:8084,2026-06-24 12:10:31,2026-06-24T06:40:31Z,1782283231,ramp_1,570.0,30969856.0,"{""__name__"": ""process_resident_memory_bytes""}"
1,A,RSS Memory Footprint,java_order,java,order,inventory-go-twin:9082,inventory-go-twin:9082,2026-06-24 12:10:46,2026-06-24T06:40:46Z,1782283246,ramp_1,585.0,32038912.0,"{""__name__"": ""process_resident_memory_bytes""}"
1,A,RSS Memory Footprint,java_order,java,order,order-go-twin:9083,order-go-twin:9083,2026-06-24 12:10:46,2026-06-24T06:40:46Z,1782283246,ramp_1,585.0,34537472.0,"{""__name__"": ""process_resident_memory_bytes""}"
1,A,RSS Memory Footprint,java_order,java,order,warehouse-go:8084,warehouse-go:8084,2026-06-24 12:10:46,2026-06-24T06:40:46Z,1782283246,ramp_1,585.0,30277632.0,"{""__name__"": ""process_resident_memory_bytes""}"
1,A,RSS Memory Footprint,java_order,java,order,inventory-go-twin:9082,inventory-go-twin:9082,2026-06-24 12:11:01,2026-06-24T06:41:01Z,1782283261,ramp_2,600.0,31514624.0,"{""__name__"": ""process_resident_memory_bytes""}"
1,A,RSS Memory Footprint,java_order,java,order,order-go-twin:9083,order-go-twin:9083,2026-06-24 12:11:01,2026-06-24T06:41:01Z,1782283261,ramp_2,600.0,34537472.0,"{""__name__"": ""process_resident_memory_bytes""}"
1,A,RSS Memory Footprint,java_order,java,order,warehouse-go:8084,warehouse-go:8084,2026-06-24 12:11:01,2026-06-24T06:41:01Z,1782283261,ramp_2,600.0,31436800.0,"{""__name__"": ""process_resident_memory_bytes""}"
1,A,RSS Memory Footprint,java_order,java,order,inventory-go-twin:9082,inventory-go-twin:9082,2026-06-24 12:11:16,2026-06-24T06:41:16Z,1782283276,ramp_2,615.0,31514624.0,"{""__name__"": ""process_resident_memory_bytes""}"
1,A,RSS Memory Footprint,java_order,java,order,order-go-twin:9083,order-go-twin:9083,2026-06-24 12:11:16,2026-06-24T06:41:16Z,1782283276,ramp_2,615.0,34537472.0,"{""__name__"": ""process_resident_memory_bytes""}"
1,A,RSS Memory Footprint,java_order,java,order,warehouse-go:8084,warehouse-go:8084,2026-06-24 12:11:16,2026-06-24T06:41:16Z,1782283276,ramp_2,615.0,31522816.0,"{""__name__"": ""process_resident_memory_bytes""}"
1,A,RSS Memory Footprint,java_order,java,order,inventory-go-twin:9082,inventory-go-twin:9082,2026-06-24 12:11:31,2026-06-24T06:41:31Z,1782283291,ramp_2,630.0,31514624.0,"{""__name__"": ""process_resident_memory_bytes""}"
1,A,RSS Memory Footprint,java_order,java,order,order-go-twin:9083,order-go-twin:9083,2026-06-24 12:11:31,2026-06-24T06:41:31Z,1782283291,ramp_2,630.0,34537472.0,"{""__name__"": ""process_resident_memory_bytes""}"
1,A,RSS Memory Footprint,java_order,java,order,warehouse-go:8084,warehouse-go:8084,2026-06-24 12:11:31,2026-06-24T06:41:31Z,1782283291,ramp_2,630.0,31563776.0,"{""__name__"": ""process_resident_memory_bytes""}"
1,A,RSS Memory Footprint,java_order,java,order,inventory-go-twin:9082,inventory-go-twin:9082,2026-06-24 12:11:46,2026-06-24T06:41:46Z,1782283306,ramp_2,645.0,31514624.0,"{""__name__"": ""process_resident_memory_bytes""}"
1,A,RSS Memory Footprint,java_order,java,order,order-go-twin:9083,order-go-twin:9083,2026-06-24 12:11:46,2026-06-24T06:41:46Z,1782283306,ramp_2,645.0,34537472.0,"{""__name__"": ""process_resident_memory_bytes""}"
1,A,RSS Memory Footprint,java_order,java,order,warehouse-go:8084,warehouse-go:8084,2026-06-24 12:11:46,2026-06-24T06:41:46Z,1782283306,ramp_2,645.0,31424512.0,"{""__name__"": ""process_resident_memory_bytes""}"
1,A,RSS Memory Footprint,java_order,java,order,inventory-go-twin:9082,inventory-go-twin:9082,2026-06-24 12:12:01,2026-06-24T06:42:01Z,1782283321,ramp_2,660.0,32014336.0,"{""__name__"": ""process_resident_memory_bytes""}"
1,A,RSS Memory Footprint,java_order,java,order,order-go-twin:9083,order-go-twin:9083,2026-06-24 12:12:01,2026-06-24T06:42:01Z,1782283321,ramp_2,660.0,34271232.0,"{""__name__"": ""process_resident_memory_bytes""}"
1,A,RSS Memory Footprint,java_order,java,order,warehouse-go:8084,warehouse-go:8084,2026-06-24 12:12:01,2026-06-24T06:42:01Z,1782283321,ramp_2,660.0,32976896.0,"{""__name__"": ""process_resident_memory_bytes""}"
1,A,RSS Memory Footprint,java_order,java,order,inventory-go-twin:9082,inventory-go-twin:9082,2026-06-24 12:12:16,2026-06-24T06:42:16Z,1782283336,ramp_2,675.0,32014336.0,"{""__name__"": ""process_resident_memory_bytes""}"
1,A,RSS Memory Footprint,java_order,java,order,order-go-twin:9083,order-go-twin:9083,2026-06-24 12:12:16,2026-06-24T06:42:16Z,1782283336,ramp_2,675.0,34271232.0,"{""__name__"": ""process_resident_memory_bytes""}"
1,A,RSS Memory Footprint,java_order,java,order,warehouse-go:8084,warehouse-go:8084,2026-06-24 12:12:16,2026-06-24T06:42:16Z,1782283336,ramp_2,675.0,32264192.0,"{""__name__"": ""process_resident_memory_bytes""}"
1,A,RSS Memory Footprint,java_order,java,order,inventory-go-twin:9082,inventory-go-twin:9082,2026-06-24 12:12:31,2026-06-24T06:42:31Z,1782283351,ramp_2,690.0,32014336.0,"{""__name__"": ""process_resident_memory_bytes""}"
1,A,RSS Memory Footprint,java_order,java,order,order-go-twin:9083,order-go-twin:9083,2026-06-24 12:12:31,2026-06-24T06:42:31Z,1782283351,ramp_2,690.0,34271232.0,"{""__name__"": ""process_resident_memory_bytes""}"
1,A,RSS Memory Footprint,java_order,java,order,warehouse-go:8084,warehouse-go:8084,2026-06-24 12:12:31,2026-06-24T06:42:31Z,1782283351,ramp_2,690.0,32067584.0,"{""__name__"": ""process_resident_memory_bytes""}"
1,A,RSS Memory Footprint,java_order,java,order,inventory-go-twin:9082,inventory-go-twin:9082,2026-06-24 12:12:46,2026-06-24T06:42:46Z,1782283366,ramp_2,705.0,32014336.0,"{""__name__"": ""process_resident_memory_bytes""}"
1,A,RSS Memory Footprint,java_order,java,order,order-go-twin:9083,order-go-twin:9083,2026-06-24 12:12:46,2026-06-24T06:42:46Z,1782283366,ramp_2,705.0,34271232.0,"{""__name__"": ""process_resident_memory_bytes""}"
1,A,RSS Memory Footprint,java_order,java,order,warehouse-go:8084,warehouse-go:8084,2026-06-24 12:12:46,2026-06-24T06:42:46Z,1782283366,ramp_2,705.0,32804864.0,"{""__name__"": ""process_resident_memory_bytes""}"
1,A,RSS Memory Footprint,java_order,java,order,inventory-go-twin:9082,inventory-go-twin:9082,2026-06-24 12:13:01,2026-06-24T06:43:01Z,1782283381,ramp_2,720.0,31719424.0,"{""__name__"": ""process_resident_memory_bytes""}"
1,A,RSS Memory Footprint,java_order,java,order,order-go-twin:9083,order-go-twin:9083,2026-06-24 12:13:01,2026-06-24T06:43:01Z,1782283381,ramp_2,720.0,34271232.0,"{""__name__"": ""process_resident_memory_bytes""}"
1,A,RSS Memory Footprint,java_order,java,order,warehouse-go:8084,warehouse-go:8084,2026-06-24 12:13:01,2026-06-24T06:43:01Z,1782283381,ramp_2,720.0,32780288.0,"{""__name__"": ""process_resident_memory_bytes""}"
1,A,RSS Memory Footprint,java_order,java,order,inventory-go-twin:9082,inventory-go-twin:9082,2026-06-24 12:13:16,2026-06-24T06:43:16Z,1782283396,ramp_2,735.0,31719424.0,"{""__name__"": ""process_resident_memory_bytes""}"
1,A,RSS Memory Footprint,java_order,java,order,order-go-twin:9083,order-go-twin:9083,2026-06-24 12:13:16,2026-06-24T06:43:16Z,1782283396,ramp_2,735.0,34271232.0,"{""__name__"": ""process_resident_memory_bytes""}"
1,A,RSS Memory Footprint,java_order,java,order,warehouse-go:8084,warehouse-go:8084,2026-06-24 12:13:16,2026-06-24T06:43:16Z,1782283396,ramp_2,735.0,32432128.0,"{""__name__"": ""process_resident_memory_bytes""}"
1,A,RSS Memory Footprint,java_order,java,order,inventory-go-twin:9082,inventory-go-twin:9082,2026-06-24 12:13:31,2026-06-24T06:43:31Z,1782283411,ramp_2,750.0,31719424.0,"{""__name__"": ""process_resident_memory_bytes""}"
1,A,RSS Memory Footprint,java_order,java,order,order-go-twin:9083,order-go-twin:9083,2026-06-24 12:13:31,2026-06-24T06:43:31Z,1782283411,ramp_2,750.0,34271232.0,"{""__name__"": ""process_resident_memory_bytes""}"
1,A,RSS Memory Footprint,java_order,java,order,warehouse-go:8084,warehouse-go:8084,2026-06-24 12:13:31,2026-06-24T06:43:31Z,1782283411,ramp_2,750.0,35635200.0,"{""__name__"": ""process_resident_memory_bytes""}"
1,A,RSS Memory Footprint,java_order,java,order,inventory-go-twin:9082,inventory-go-twin:9082,2026-06-24 12:13:46,2026-06-24T06:43:46Z,1782283426,ramp_2,765.0,31027200.0,"{""__name__"": ""process_resident_memory_bytes""}"
1,A,RSS Memory Footprint,java_order,java,order,order-go-twin:9083,order-go-twin:9083,2026-06-24 12:13:46,2026-06-24T06:43:46Z,1782283426,ramp_2,765.0,34271232.0,"{""__name__"": ""process_resident_memory_bytes""}"
1,A,RSS Memory Footprint,java_order,java,order,warehouse-go:8084,warehouse-go:8084,2026-06-24 12:13:46,2026-06-24T06:43:46Z,1782283426,ramp_2,765.0,37199872.0,"{""__name__"": ""process_resident_memory_bytes""}"
1,A,RSS Memory Footprint,java_order,java,order,inventory-go-twin:9082,inventory-go-twin:9082,2026-06-24 12:14:01,2026-06-24T06:44:01Z,1782283441,ramp_2,780.0,31027200.0,"{""__name__"": ""process_resident_memory_bytes""}"
1,A,RSS Memory Footprint,java_order,java,order,order-go-twin:9083,order-go-twin:9083,2026-06-24 12:14:01,2026-06-24T06:44:01Z,1782283441,ramp_2,780.0,34271232.0,"{""__name__"": ""process_resident_memory_bytes""}"
1,A,RSS Memory Footprint,java_order,java,order,warehouse-go:8084,warehouse-go:8084,2026-06-24 12:14:01,2026-06-24T06:44:01Z,1782283441,ramp_2,780.0,33579008.0,"{""__name__"": ""process_resident_memory_bytes""}"
1,A,RSS Memory Footprint,java_order,java,order,inventory-go-twin:9082,inventory-go-twin:9082,2026-06-24 12:14:16,2026-06-24T06:44:16Z,1782283456,ramp_2,795.0,31027200.0,"{""__name__"": ""process_resident_memory_bytes""}"
1,A,RSS Memory Footprint,java_order,java,order,order-go-twin:9083,order-go-twin:9083,2026-06-24 12:14:16,2026-06-24T06:44:16Z,1782283456,ramp_2,795.0,34271232.0,"{""__name__"": ""process_resident_memory_bytes""}"
1,A,RSS Memory Footprint,java_order,java,order,warehouse-go:8084,warehouse-go:8084,2026-06-24 12:14:16,2026-06-24T06:44:16Z,1782283456,ramp_2,795.0,34279424.0,"{""__name__"": ""process_resident_memory_bytes""}"
1,A,RSS Memory Footprint,java_order,java,order,inventory-go-twin:9082,inventory-go-twin:9082,2026-06-24 12:14:31,2026-06-24T06:44:31Z,1782283471,ramp_2,810.0,31027200.0,"{""__name__"": ""process_resident_memory_bytes""}"
1,A,RSS Memory Footprint,java_order,java,order,order-go-twin:9083,order-go-twin:9083,2026-06-24 12:14:31,2026-06-24T06:44:31Z,1782283471,ramp_2,810.0,34271232.0,"{""__name__"": ""process_resident_memory_bytes""}"
1,A,RSS Memory Footprint,java_order,java,order,warehouse-go:8084,warehouse-go:8084,2026-06-24 12:14:31,2026-06-24T06:44:31Z,1782283471,ramp_2,810.0,34013184.0,"{""__name__"": ""process_resident_memory_bytes""}"
1,A,RSS Memory Footprint,java_order,java,order,inventory-go-twin:9082,inventory-go-twin:9082,2026-06-24 12:14:46,2026-06-24T06:44:46Z,1782283486,ramp_2,825.0,31027200.0,"{""__name__"": ""process_resident_memory_bytes""}"
1,A,RSS Memory Footprint,java_order,java,order,order-go-twin:9083,order-go-twin:9083,2026-06-24 12:14:46,2026-06-24T06:44:46Z,1782283486,ramp_2,825.0,34271232.0,"{""__name__"": ""process_resident_memory_bytes""}"
1,A,RSS Memory Footprint,java_order,java,order,warehouse-go:8084,warehouse-go:8084,2026-06-24 12:14:46,2026-06-24T06:44:46Z,1782283486,ramp_2,825.0,34308096.0,"{""__name__"": ""process_resident_memory_bytes""}"
1,A,RSS Memory Footprint,java_order,java,order,inventory-go-twin:9082,inventory-go-twin:9082,2026-06-24 12:15:01,2026-06-24T06:45:01Z,1782283501,ramp_2,840.0,31027200.0,"{""__name__"": ""process_resident_memory_bytes""}"
1,A,RSS Memory Footprint,java_order,java,order,order-go-twin:9083,order-go-twin:9083,2026-06-24 12:15:01,2026-06-24T06:45:01Z,1782283501,ramp_2,840.0,34271232.0,"{""__name__"": ""process_resident_memory_bytes""}"
1,A,RSS Memory Footprint,java_order,java,order,warehouse-go:8084,warehouse-go:8084,2026-06-24 12:15:01,2026-06-24T06:45:01Z,1782283501,ramp_2,840.0,36552704.0,"{""__name__"": ""process_resident_memory_bytes""}"
1,A,RSS Memory Footprint,java_order,java,order,inventory-go-twin:9082,inventory-go-twin:9082,2026-06-24 12:15:16,2026-06-24T06:45:16Z,1782283516,ramp_2,855.0,31027200.0,"{""__name__"": ""process_resident_memory_bytes""}"
1,A,RSS Memory Footprint,java_order,java,order,order-go-twin:9083,order-go-twin:9083,2026-06-24 12:15:16,2026-06-24T06:45:16Z,1782283516,ramp_2,855.0,34271232.0,"{""__name__"": ""process_resident_memory_bytes""}"
1,A,RSS Memory Footprint,java_order,java,order,warehouse-go:8084,warehouse-go:8084,2026-06-24 12:15:16,2026-06-24T06:45:16Z,1782283516,ramp_2,855.0,36605952.0,"{""__name__"": ""process_resident_memory_bytes""}"
1,A,RSS Memory Footprint,java_order,java,order,inventory-go-twin:9082,inventory-go-twin:9082,2026-06-24 12:15:31,2026-06-24T06:45:31Z,1782283531,ramp_2,870.0,31027200.0,"{""__name__"": ""process_resident_memory_bytes""}"
1,A,RSS Memory Footprint,java_order,java,order,order-go-twin:9083,order-go-twin:9083,2026-06-24 12:15:31,2026-06-24T06:45:31Z,1782283531,ramp_2,870.0,34271232.0,"{""__name__"": ""process_resident_memory_bytes""}"
1,A,RSS Memory Footprint,java_order,java,order,warehouse-go:8084,warehouse-go:8084,2026-06-24 12:15:31,2026-06-24T06:45:31Z,1782283531,ramp_2,870.0,34811904.0,"{""__name__"": ""process_resident_memory_bytes""}"
1,A,RSS Memory Footprint,java_order,java,order,inventory-go-twin:9082,inventory-go-twin:9082,2026-06-24 12:15:46,2026-06-24T06:45:46Z,1782283546,ramp_2,885.0,31027200.0,"{""__name__"": ""process_resident_memory_bytes""}"
1,A,RSS Memory Footprint,java_order,java,order,order-go-twin:9083,order-go-twin:9083,2026-06-24 12:15:46,2026-06-24T06:45:46Z,1782283546,ramp_2,885.0,34271232.0,"{""__name__"": ""process_resident_memory_bytes""}"
1,A,RSS Memory Footprint,java_order,java,order,warehouse-go:8084,warehouse-go:8084,2026-06-24 12:15:46,2026-06-24T06:45:46Z,1782283546,ramp_2,885.0,34779136.0,"{""__name__"": ""process_resident_memory_bytes""}"
1,A,RSS Memory Footprint,java_order,java,order,inventory-go-twin:9082,inventory-go-twin:9082,2026-06-24 12:16:01,2026-06-24T06:46:01Z,1782283561,ramp_3,900.0,31027200.0,"{""__name__"": ""process_resident_memory_bytes""}"
1,A,RSS Memory Footprint,java_order,java,order,order-go-twin:9083,order-go-twin:9083,2026-06-24 12:16:01,2026-06-24T06:46:01Z,1782283561,ramp_3,900.0,34271232.0,"{""__name__"": ""process_resident_memory_bytes""}"
1,A,RSS Memory Footprint,java_order,java,order,warehouse-go:8084,warehouse-go:8084,2026-06-24 12:16:01,2026-06-24T06:46:01Z,1782283561,ramp_3,900.0,35020800.0,"{""__name__"": ""process_resident_memory_bytes""}"
1,A,RSS Memory Footprint,java_order,java,order,inventory-go-twin:9082,inventory-go-twin:9082,2026-06-24 12:16:16,2026-06-24T06:46:16Z,1782283576,ramp_3,915.0,31027200.0,"{""__name__"": ""process_resident_memory_bytes""}"
1,A,RSS Memory Footprint,java_order,java,order,order-go-twin:9083,order-go-twin:9083,2026-06-24 12:16:16,2026-06-24T06:46:16Z,1782283576,ramp_3,915.0,34271232.0,"{""__name__"": ""process_resident_memory_bytes""}"
1,A,RSS Memory Footprint,java_order,java,order,warehouse-go:8084,warehouse-go:8084,2026-06-24 12:16:16,2026-06-24T06:46:16Z,1782283576,ramp_3,915.0,33865728.0,"{""__name__"": ""process_resident_memory_bytes""}"
1,A,RSS Memory Footprint,java_order,java,order,inventory-go-twin:9082,inventory-go-twin:9082,2026-06-24 12:16:31,2026-06-24T06:46:31Z,1782283591,ramp_3,930.0,31027200.0,"{""__name__"": ""process_resident_memory_bytes""}"
1,A,RSS Memory Footprint,java_order,java,order,order-go-twin:9083,order-go-twin:9083,2026-06-24 12:16:31,2026-06-24T06:46:31Z,1782283591,ramp_3,930.0,34271232.0,"{""__name__"": ""process_resident_memory_bytes""}"
1,A,RSS Memory Footprint,java_order,java,order,warehouse-go:8084,warehouse-go:8084,2026-06-24 12:16:31,2026-06-24T06:46:31Z,1782283591,ramp_3,930.0,36732928.0,"{""__name__"": ""process_resident_memory_bytes""}"
1,A,RSS Memory Footprint,java_order,java,order,inventory-go-twin:9082,inventory-go-twin:9082,2026-06-24 12:16:46,2026-06-24T06:46:46Z,1782283606,ramp_3,945.0,31027200.0,"{""__name__"": ""process_resident_memory_bytes""}"
1,A,RSS Memory Footprint,java_order,java,order,order-go-twin:9083,order-go-twin:9083,2026-06-24 12:16:46,2026-06-24T06:46:46Z,1782283606,ramp_3,945.0,34140160.0,"{""__name__"": ""process_resident_memory_bytes""}"
1,A,RSS Memory Footprint,java_order,java,order,warehouse-go:8084,warehouse-go:8084,2026-06-24 12:16:46,2026-06-24T06:46:46Z,1782283606,ramp_3,945.0,36139008.0,"{""__name__"": ""process_resident_memory_bytes""}"
1,A,RSS Memory Footprint,java_order,java,order,inventory-go-twin:9082,inventory-go-twin:9082,2026-06-24 12:17:01,2026-06-24T06:47:01Z,1782283621,ramp_3,960.0,31027200.0,"{""__name__"": ""process_resident_memory_bytes""}"
1,A,RSS Memory Footprint,java_order,java,order,order-go-twin:9083,order-go-twin:9083,2026-06-24 12:17:01,2026-06-24T06:47:01Z,1782283621,ramp_3,960.0,34140160.0,"{""__name__"": ""process_resident_memory_bytes""}"
1,A,RSS Memory Footprint,java_order,java,order,warehouse-go:8084,warehouse-go:8084,2026-06-24 12:17:01,2026-06-24T06:47:01Z,1782283621,ramp_3,960.0,37330944.0,"{""__name__"": ""process_resident_memory_bytes""}"
1,A,RSS Memory Footprint,java_order,java,order,inventory-go-twin:9082,inventory-go-twin:9082,2026-06-24 12:17:16,2026-06-24T06:47:16Z,1782283636,ramp_3,975.0,31027200.0,"{""__name__"": ""process_resident_memory_bytes""}"
1,A,RSS Memory Footprint,java_order,java,order,order-go-twin:9083,order-go-twin:9083,2026-06-24 12:17:16,2026-06-24T06:47:16Z,1782283636,ramp_3,975.0,34140160.0,"{""__name__"": ""process_resident_memory_bytes""}"
1,A,RSS Memory Footprint,java_order,java,order,warehouse-go:8084,warehouse-go:8084,2026-06-24 12:17:16,2026-06-24T06:47:16Z,1782283636,ramp_3,975.0,37044224.0,"{""__name__"": ""process_resident_memory_bytes""}"
1,A,RSS Memory Footprint,java_order,java,order,inventory-go-twin:9082,inventory-go-twin:9082,2026-06-24 12:17:31,2026-06-24T06:47:31Z,1782283651,ramp_3,990.0,31027200.0,"{""__name__"": ""process_resident_memory_bytes""}"
1,A,RSS Memory Footprint,java_order,java,order,order-go-twin:9083,order-go-twin:9083,2026-06-24 12:17:31,2026-06-24T06:47:31Z,1782283651,ramp_3,990.0,34140160.0,"{""__name__"": ""process_resident_memory_bytes""}"
1,A,RSS Memory Footprint,java_order,java,order,warehouse-go:8084,warehouse-go:8084,2026-06-24 12:17:31,2026-06-24T06:47:31Z,1782283651,ramp_3,990.0,36442112.0,"{""__name__"": ""process_resident_memory_bytes""}"
1,A,RSS Memory Footprint,java_order,java,order,inventory-go-twin:9082,inventory-go-twin:9082,2026-06-24 12:17:46,2026-06-24T06:47:46Z,1782283666,ramp_3,1005.0,31027200.0,"{""__name__"": ""process_resident_memory_bytes""}"
1,A,RSS Memory Footprint,java_order,java,order,order-go-twin:9083,order-go-twin:9083,2026-06-24 12:17:46,2026-06-24T06:47:46Z,1782283666,ramp_3,1005.0,34140160.0,"{""__name__"": ""process_resident_memory_bytes""}"
1,A,RSS Memory Footprint,java_order,java,order,warehouse-go:8084,warehouse-go:8084,2026-06-24 12:17:46,2026-06-24T06:47:46Z,1782283666,ramp_3,1005.0,35500032.0,"{""__name__"": ""process_resident_memory_bytes""}"
1,A,RSS Memory Footprint,java_order,java,order,inventory-go-twin:9082,inventory-go-twin:9082,2026-06-24 12:18:01,2026-06-24T06:48:01Z,1782283681,ramp_3,1020.0,31027200.0,"{""__name__"": ""process_resident_memory_bytes""}"
1,A,RSS Memory Footprint,java_order,java,order,order-go-twin:9083,order-go-twin:9083,2026-06-24 12:18:01,2026-06-24T06:48:01Z,1782283681,ramp_3,1020.0,34140160.0,"{""__name__"": ""process_resident_memory_bytes""}"
1,A,RSS Memory Footprint,java_order,java,order,warehouse-go:8084,warehouse-go:8084,2026-06-24 12:18:01,2026-06-24T06:48:01Z,1782283681,ramp_3,1020.0,37179392.0,"{""__name__"": ""process_resident_memory_bytes""}"
1,A,RSS Memory Footprint,java_order,java,order,inventory-go-twin:9082,inventory-go-twin:9082,2026-06-24 12:18:16,2026-06-24T06:48:16Z,1782283696,ramp_3,1035.0,31551488.0,"{""__name__"": ""process_resident_memory_bytes""}"
1,A,RSS Memory Footprint,java_order,java,order,order-go-twin:9083,order-go-twin:9083,2026-06-24 12:18:16,2026-06-24T06:48:16Z,1782283696,ramp_3,1035.0,34140160.0,"{""__name__"": ""process_resident_memory_bytes""}"
1,A,RSS Memory Footprint,java_order,java,order,warehouse-go:8084,warehouse-go:8084,2026-06-24 12:18:16,2026-06-24T06:48:16Z,1782283696,ramp_3,1035.0,38920192.0,"{""__name__"": ""process_resident_memory_bytes""}"
1,A,RSS Memory Footprint,java_order,java,order,inventory-go-twin:9082,inventory-go-twin:9082,2026-06-24 12:18:31,2026-06-24T06:48:31Z,1782283711,ramp_3,1050.0,31551488.0,"{""__name__"": ""process_resident_memory_bytes""}"
1,A,RSS Memory Footprint,java_order,java,order,order-go-twin:9083,order-go-twin:9083,2026-06-24 12:18:31,2026-06-24T06:48:31Z,1782283711,ramp_3,1050.0,34140160.0,"{""__name__"": ""process_resident_memory_bytes""}"
1,A,RSS Memory Footprint,java_order,java,order,warehouse-go:8084,warehouse-go:8084,2026-06-24 12:18:31,2026-06-24T06:48:31Z,1782283711,ramp_3,1050.0,37072896.0,"{""__name__"": ""process_resident_memory_bytes""}"
1,A,RSS Memory Footprint,java_order,java,order,inventory-go-twin:9082,inventory-go-twin:9082,2026-06-24 12:18:46,2026-06-24T06:48:46Z,1782283726,ramp_3,1065.0,31387648.0,"{""__name__"": ""process_resident_memory_bytes""}"
1,A,RSS Memory Footprint,java_order,java,order,order-go-twin:9083,order-go-twin:9083,2026-06-24 12:18:46,2026-06-24T06:48:46Z,1782283726,ramp_3,1065.0,34140160.0,"{""__name__"": ""process_resident_memory_bytes""}"
1,A,RSS Memory Footprint,java_order,java,order,warehouse-go:8084,warehouse-go:8084,2026-06-24 12:18:46,2026-06-24T06:48:46Z,1782283726,ramp_3,1065.0,36995072.0,"{""__name__"": ""process_resident_memory_bytes""}"
1,A,RSS Memory Footprint,java_order,java,order,inventory-go-twin:9082,inventory-go-twin:9082,2026-06-24 12:19:01,2026-06-24T06:49:01Z,1782283741,ramp_3,1080.0,31387648.0,"{""__name__"": ""process_resident_memory_bytes""}"
1,A,RSS Memory Footprint,java_order,java,order,order-go-twin:9083,order-go-twin:9083,2026-06-24 12:19:01,2026-06-24T06:49:01Z,1782283741,ramp_3,1080.0,34140160.0,"{""__name__"": ""process_resident_memory_bytes""}"
1,A,RSS Memory Footprint,java_order,java,order,warehouse-go:8084,warehouse-go:8084,2026-06-24 12:19:01,2026-06-24T06:49:01Z,1782283741,ramp_3,1080.0,36364288.0,"{""__name__"": ""process_resident_memory_bytes""}"
1,A,RSS Memory Footprint,java_order,java,order,inventory-go-twin:9082,inventory-go-twin:9082,2026-06-24 12:19:16,2026-06-24T06:49:16Z,1782283756,ramp_3,1095.0,31387648.0,"{""__name__"": ""process_resident_memory_bytes""}"
1,A,RSS Memory Footprint,java_order,java,order,order-go-twin:9083,order-go-twin:9083,2026-06-24 12:19:16,2026-06-24T06:49:16Z,1782283756,ramp_3,1095.0,34140160.0,"{""__name__"": ""process_resident_memory_bytes""}"
1,A,RSS Memory Footprint,java_order,java,order,warehouse-go:8084,warehouse-go:8084,2026-06-24 12:19:16,2026-06-24T06:49:16Z,1782283756,ramp_3,1095.0,37740544.0,"{""__name__"": ""process_resident_memory_bytes""}"
1,A,RSS Memory Footprint,java_order,java,order,inventory-go-twin:9082,inventory-go-twin:9082,2026-06-24 12:19:31,2026-06-24T06:49:31Z,1782283771,ramp_3,1110.0,31387648.0,"{""__name__"": ""process_resident_memory_bytes""}"
1,A,RSS Memory Footprint,java_order,java,order,order-go-twin:9083,order-go-twin:9083,2026-06-24 12:19:31,2026-06-24T06:49:31Z,1782283771,ramp_3,1110.0,34140160.0,"{""__name__"": ""process_resident_memory_bytes""}"
1,A,RSS Memory Footprint,java_order,java,order,warehouse-go:8084,warehouse-go:8084,2026-06-24 12:19:31,2026-06-24T06:49:31Z,1782283771,ramp_3,1110.0,36859904.0,"{""__name__"": ""process_resident_memory_bytes""}"
1,A,RSS Memory Footprint,java_order,java,order,inventory-go-twin:9082,inventory-go-twin:9082,2026-06-24 12:19:46,2026-06-24T06:49:46Z,1782283786,ramp_3,1125.0,31371264.0,"{""__name__"": ""process_resident_memory_bytes""}"
1,A,RSS Memory Footprint,java_order,java,order,order-go-twin:9083,order-go-twin:9083,2026-06-24 12:19:46,2026-06-24T06:49:46Z,1782283786,ramp_3,1125.0,34140160.0,"{""__name__"": ""process_resident_memory_bytes""}"
1,A,RSS Memory Footprint,java_order,java,order,warehouse-go:8084,warehouse-go:8084,2026-06-24 12:19:46,2026-06-24T06:49:46Z,1782283786,ramp_3,1125.0,36552704.0,"{""__name__"": ""process_resident_memory_bytes""}"
1,A,RSS Memory Footprint,java_order,java,order,inventory-go-twin:9082,inventory-go-twin:9082,2026-06-24 12:20:01,2026-06-24T06:50:01Z,1782283801,ramp_3,1140.0,31502336.0,"{""__name__"": ""process_resident_memory_bytes""}"
1,A,RSS Memory Footprint,java_order,java,order,order-go-twin:9083,order-go-twin:9083,2026-06-24 12:20:01,2026-06-24T06:50:01Z,1782283801,ramp_3,1140.0,34140160.0,"{""__name__"": ""process_resident_memory_bytes""}"
1,A,RSS Memory Footprint,java_order,java,order,warehouse-go:8084,warehouse-go:8084,2026-06-24 12:20:01,2026-06-24T06:50:01Z,1782283801,ramp_3,1140.0,35794944.0,"{""__name__"": ""process_resident_memory_bytes""}"
1,A,RSS Memory Footprint,java_order,java,order,inventory-go-twin:9082,inventory-go-twin:9082,2026-06-24 12:20:16,2026-06-24T06:50:16Z,1782283816,ramp_3,1155.0,31502336.0,"{""__name__"": ""process_resident_memory_bytes""}"
1,A,RSS Memory Footprint,java_order,java,order,order-go-twin:9083,order-go-twin:9083,2026-06-24 12:20:16,2026-06-24T06:50:16Z,1782283816,ramp_3,1155.0,34795520.0,"{""__name__"": ""process_resident_memory_bytes""}"
1,A,RSS Memory Footprint,java_order,java,order,warehouse-go:8084,warehouse-go:8084,2026-06-24 12:20:16,2026-06-24T06:50:16Z,1782283816,ramp_3,1155.0,38264832.0,"{""__name__"": ""process_resident_memory_bytes""}"
1,A,RSS Memory Footprint,java_order,java,order,inventory-go-twin:9082,inventory-go-twin:9082,2026-06-24 12:20:31,2026-06-24T06:50:31Z,1782283831,ramp_3,1170.0,31326208.0,"{""__name__"": ""process_resident_memory_bytes""}"
1,A,RSS Memory Footprint,java_order,java,order,order-go-twin:9083,order-go-twin:9083,2026-06-24 12:20:31,2026-06-24T06:50:31Z,1782283831,ramp_3,1170.0,34795520.0,"{""__name__"": ""process_resident_memory_bytes""}"
1,A,RSS Memory Footprint,java_order,java,order,warehouse-go:8084,warehouse-go:8084,2026-06-24 12:20:31,2026-06-24T06:50:31Z,1782283831,ramp_3,1170.0,36761600.0,"{""__name__"": ""process_resident_memory_bytes""}"
1,A,RSS Memory Footprint,java_order,java,order,inventory-go-twin:9082,inventory-go-twin:9082,2026-06-24 12:20:46,2026-06-24T06:50:46Z,1782283846,ramp_3,1185.0,31326208.0,"{""__name__"": ""process_resident_memory_bytes""}"
1,A,RSS Memory Footprint,java_order,java,order,order-go-twin:9083,order-go-twin:9083,2026-06-24 12:20:46,2026-06-24T06:50:46Z,1782283846,ramp_3,1185.0,34795520.0,"{""__name__"": ""process_resident_memory_bytes""}"
1,A,RSS Memory Footprint,java_order,java,order,warehouse-go:8084,warehouse-go:8084,2026-06-24 12:20:46,2026-06-24T06:50:46Z,1782283846,ramp_3,1185.0,36970496.0,"{""__name__"": ""process_resident_memory_bytes""}"
1,A,RSS Memory Footprint,java_order,java,order,inventory-go-twin:9082,inventory-go-twin:9082,2026-06-24 12:21:01,2026-06-24T06:51:01Z,1782283861,sustain,1200.0,31326208.0,"{""__name__"": ""process_resident_memory_bytes""}"
1,A,RSS Memory Footprint,java_order,java,order,order-go-twin:9083,order-go-twin:9083,2026-06-24 12:21:01,2026-06-24T06:51:01Z,1782283861,sustain,1200.0,34009088.0,"{""__name__"": ""process_resident_memory_bytes""}"
1,A,RSS Memory Footprint,java_order,java,order,warehouse-go:8084,warehouse-go:8084,2026-06-24 12:21:01,2026-06-24T06:51:01Z,1782283861,sustain,1200.0,36433920.0,"{""__name__"": ""process_resident_memory_bytes""}"
1,A,RSS Memory Footprint,java_order,java,order,inventory-go-twin:9082,inventory-go-twin:9082,2026-06-24 12:21:16,2026-06-24T06:51:16Z,1782283876,sustain,1215.0,31326208.0,"{""__name__"": ""process_resident_memory_bytes""}"
1,A,RSS Memory Footprint,java_order,java,order,order-go-twin:9083,order-go-twin:9083,2026-06-24 12:21:16,2026-06-24T06:51:16Z,1782283876,sustain,1215.0,34009088.0,"{""__name__"": ""process_resident_memory_bytes""}"
1,A,RSS Memory Footprint,java_order,java,order,warehouse-go:8084,warehouse-go:8084,2026-06-24 12:21:16,2026-06-24T06:51:16Z,1782283876,sustain,1215.0,36474880.0,"{""__name__"": ""process_resident_memory_bytes""}"
1,A,RSS Memory Footprint,java_order,java,order,inventory-go-twin:9082,inventory-go-twin:9082,2026-06-24 12:21:31,2026-06-24T06:51:31Z,1782283891,sustain,1230.0,31326208.0,"{""__name__"": ""process_resident_memory_bytes""}"
1,A,RSS Memory Footprint,java_order,java,order,order-go-twin:9083,order-go-twin:9083,2026-06-24 12:21:31,2026-06-24T06:51:31Z,1782283891,sustain,1230.0,34009088.0,"{""__name__"": ""process_resident_memory_bytes""}"
1,A,RSS Memory Footprint,java_order,java,order,warehouse-go:8084,warehouse-go:8084,2026-06-24 12:21:31,2026-06-24T06:51:31Z,1782283891,sustain,1230.0,36155392.0,"{""__name__"": ""process_resident_memory_bytes""}"
1,A,RSS Memory Footprint,java_order,java,order,inventory-go-twin:9082,inventory-go-twin:9082,2026-06-24 12:21:46,2026-06-24T06:51:46Z,1782283906,sustain,1245.0,31326208.0,"{""__name__"": ""process_resident_memory_bytes""}"
1,A,RSS Memory Footprint,java_order,java,order,order-go-twin:9083,order-go-twin:9083,2026-06-24 12:21:46,2026-06-24T06:51:46Z,1782283906,sustain,1245.0,34009088.0,"{""__name__"": ""process_resident_memory_bytes""}"
1,A,RSS Memory Footprint,java_order,java,order,warehouse-go:8084,warehouse-go:8084,2026-06-24 12:21:46,2026-06-24T06:51:46Z,1782283906,sustain,1245.0,37339136.0,"{""__name__"": ""process_resident_memory_bytes""}"
1,A,RSS Memory Footprint,java_order,java,order,inventory-go-twin:9082,inventory-go-twin:9082,2026-06-24 12:22:01,2026-06-24T06:52:01Z,1782283921,sustain,1260.0,31326208.0,"{""__name__"": ""process_resident_memory_bytes""}"
1,A,RSS Memory Footprint,java_order,java,order,order-go-twin:9083,order-go-twin:9083,2026-06-24 12:22:01,2026-06-24T06:52:01Z,1782283921,sustain,1260.0,34009088.0,"{""__name__"": ""process_resident_memory_bytes""}"
1,A,RSS Memory Footprint,java_order,java,order,warehouse-go:8084,warehouse-go:8084,2026-06-24 12:22:01,2026-06-24T06:52:01Z,1782283921,sustain,1260.0,36118528.0,"{""__name__"": ""process_resident_memory_bytes""}"
1,A,RSS Memory Footprint,java_order,java,order,inventory-go-twin:9082,inventory-go-twin:9082,2026-06-24 12:22:16,2026-06-24T06:52:16Z,1782283936,sustain,1275.0,30724096.0,"{""__name__"": ""process_resident_memory_bytes""}"
1,A,RSS Memory Footprint,java_order,java,order,order-go-twin:9083,order-go-twin:9083,2026-06-24 12:22:16,2026-06-24T06:52:16Z,1782283936,sustain,1275.0,34009088.0,"{""__name__"": ""process_resident_memory_bytes""}"
1,A,RSS Memory Footprint,java_order,java,order,warehouse-go:8084,warehouse-go:8084,2026-06-24 12:22:16,2026-06-24T06:52:16Z,1782283936,sustain,1275.0,36888576.0,"{""__name__"": ""process_resident_memory_bytes""}"
1,A,RSS Memory Footprint,java_order,java,order,inventory-go-twin:9082,inventory-go-twin:9082,2026-06-24 12:22:31,2026-06-24T06:52:31Z,1782283951,sustain,1290.0,30724096.0,"{""__name__"": ""process_resident_memory_bytes""}"
1,A,RSS Memory Footprint,java_order,java,order,order-go-twin:9083,order-go-twin:9083,2026-06-24 12:22:31,2026-06-24T06:52:31Z,1782283951,sustain,1290.0,34009088.0,"{""__name__"": ""process_resident_memory_bytes""}"
1,A,RSS Memory Footprint,java_order,java,order,warehouse-go:8084,warehouse-go:8084,2026-06-24 12:22:31,2026-06-24T06:52:31Z,1782283951,sustain,1290.0,37277696.0,"{""__name__"": ""process_resident_memory_bytes""}"
1,A,RSS Memory Footprint,java_order,java,order,inventory-go-twin:9082,inventory-go-twin:9082,2026-06-24 12:22:46,2026-06-24T06:52:46Z,1782283966,sustain,1305.0,30724096.0,"{""__name__"": ""process_resident_memory_bytes""}"
1,A,RSS Memory Footprint,java_order,java,order,order-go-twin:9083,order-go-twin:9083,2026-06-24 12:22:46,2026-06-24T06:52:46Z,1782283966,sustain,1305.0,34009088.0,"{""__name__"": ""process_resident_memory_bytes""}"
1,A,RSS Memory Footprint,java_order,java,order,warehouse-go:8084,warehouse-go:8084,2026-06-24 12:22:46,2026-06-24T06:52:46Z,1782283966,sustain,1305.0,37392384.0,"{""__name__"": ""process_resident_memory_bytes""}"
1,A,RSS Memory Footprint,java_order,java,order,inventory-go-twin:9082,inventory-go-twin:9082,2026-06-24 12:23:01,2026-06-24T06:53:01Z,1782283981,sustain,1320.0,30183424.0,"{""__name__"": ""process_resident_memory_bytes""}"
1,A,RSS Memory Footprint,java_order,java,order,order-go-twin:9083,order-go-twin:9083,2026-06-24 12:23:01,2026-06-24T06:53:01Z,1782283981,sustain,1320.0,34140160.0,"{""__name__"": ""process_resident_memory_bytes""}"
1,A,RSS Memory Footprint,java_order,java,order,warehouse-go:8084,warehouse-go:8084,2026-06-24 12:23:01,2026-06-24T06:53:01Z,1782283981,sustain,1320.0,38215680.0,"{""__name__"": ""process_resident_memory_bytes""}"
1,A,RSS Memory Footprint,java_order,java,order,inventory-go-twin:9082,inventory-go-twin:9082,2026-06-24 12:23:16,2026-06-24T06:53:16Z,1782283996,sustain,1335.0,30183424.0,"{""__name__"": ""process_resident_memory_bytes""}"
1,A,RSS Memory Footprint,java_order,java,order,order-go-twin:9083,order-go-twin:9083,2026-06-24 12:23:16,2026-06-24T06:53:16Z,1782283996,sustain,1335.0,34140160.0,"{""__name__"": ""process_resident_memory_bytes""}"
1,A,RSS Memory Footprint,java_order,java,order,warehouse-go:8084,warehouse-go:8084,2026-06-24 12:23:16,2026-06-24T06:53:16Z,1782283996,sustain,1335.0,36859904.0,"{""__name__"": ""process_resident_memory_bytes""}"
1,A,RSS Memory Footprint,java_order,java,order,inventory-go-twin:9082,inventory-go-twin:9082,2026-06-24 12:23:31,2026-06-24T06:53:31Z,1782284011,sustain,1350.0,30183424.0,"{""__name__"": ""process_resident_memory_bytes""}"
1,A,RSS Memory Footprint,java_order,java,order,order-go-twin:9083,order-go-twin:9083,2026-06-24 12:23:31,2026-06-24T06:53:31Z,1782284011,sustain,1350.0,34271232.0,"{""__name__"": ""process_resident_memory_bytes""}"
1,A,RSS Memory Footprint,java_order,java,order,warehouse-go:8084,warehouse-go:8084,2026-06-24 12:23:31,2026-06-24T06:53:31Z,1782284011,sustain,1350.0,36622336.0,"{""__name__"": ""process_resident_memory_bytes""}"
1,A,RSS Memory Footprint,java_order,java,order,inventory-go-twin:9082,inventory-go-twin:9082,2026-06-24 12:23:46,2026-06-24T06:53:46Z,1782284026,sustain,1365.0,30707712.0,"{""__name__"": ""process_resident_memory_bytes""}"
1,A,RSS Memory Footprint,java_order,java,order,order-go-twin:9083,order-go-twin:9083,2026-06-24 12:23:46,2026-06-24T06:53:46Z,1782284026,sustain,1365.0,34271232.0,"{""__name__"": ""process_resident_memory_bytes""}"
1,A,RSS Memory Footprint,java_order,java,order,warehouse-go:8084,warehouse-go:8084,2026-06-24 12:23:46,2026-06-24T06:53:46Z,1782284026,sustain,1365.0,36532224.0,"{""__name__"": ""process_resident_memory_bytes""}"
1,A,RSS Memory Footprint,java_order,java,order,inventory-go-twin:9082,inventory-go-twin:9082,2026-06-24 12:24:01,2026-06-24T06:54:01Z,1782284041,sustain,1380.0,30134272.0,"{""__name__"": ""process_resident_memory_bytes""}"
1,A,RSS Memory Footprint,java_order,java,order,order-go-twin:9083,order-go-twin:9083,2026-06-24 12:24:01,2026-06-24T06:54:01Z,1782284041,sustain,1380.0,34271232.0,"{""__name__"": ""process_resident_memory_bytes""}"
1,A,RSS Memory Footprint,java_order,java,order,warehouse-go:8084,warehouse-go:8084,2026-06-24 12:24:01,2026-06-24T06:54:01Z,1782284041,sustain,1380.0,36712448.0,"{""__name__"": ""process_resident_memory_bytes""}"
1,A,RSS Memory Footprint,java_order,java,order,inventory-go-twin:9082,inventory-go-twin:9082,2026-06-24 12:24:16,2026-06-24T06:54:16Z,1782284056,sustain,1395.0,30134272.0,"{""__name__"": ""process_resident_memory_bytes""}"
1,A,RSS Memory Footprint,java_order,java,order,order-go-twin:9083,order-go-twin:9083,2026-06-24 12:24:16,2026-06-24T06:54:16Z,1782284056,sustain,1395.0,33337344.0,"{""__name__"": ""process_resident_memory_bytes""}"
1,A,RSS Memory Footprint,java_order,java,order,warehouse-go:8084,warehouse-go:8084,2026-06-24 12:24:16,2026-06-24T06:54:16Z,1782284056,sustain,1395.0,36810752.0,"{""__name__"": ""process_resident_memory_bytes""}"
1,A,RSS Memory Footprint,java_order,java,order,inventory-go-twin:9082,inventory-go-twin:9082,2026-06-24 12:24:31,2026-06-24T06:54:31Z,1782284071,sustain,1410.0,30134272.0,"{""__name__"": ""process_resident_memory_bytes""}"
1,A,RSS Memory Footprint,java_order,java,order,order-go-twin:9083,order-go-twin:9083,2026-06-24 12:24:31,2026-06-24T06:54:31Z,1782284071,sustain,1410.0,33337344.0,"{""__name__"": ""process_resident_memory_bytes""}"
1,A,RSS Memory Footprint,java_order,java,order,warehouse-go:8084,warehouse-go:8084,2026-06-24 12:24:31,2026-06-24T06:54:31Z,1782284071,sustain,1410.0,36397056.0,"{""__name__"": ""process_resident_memory_bytes""}"
1,A,RSS Memory Footprint,java_order,java,order,inventory-go-twin:9082,inventory-go-twin:9082,2026-06-24 12:24:46,2026-06-24T06:54:46Z,1782284086,sustain,1425.0,29995008.0,"{""__name__"": ""process_resident_memory_bytes""}"
1,A,RSS Memory Footprint,java_order,java,order,order-go-twin:9083,order-go-twin:9083,2026-06-24 12:24:46,2026-06-24T06:54:46Z,1782284086,sustain,1425.0,33337344.0,"{""__name__"": ""process_resident_memory_bytes""}"
1,A,RSS Memory Footprint,java_order,java,order,warehouse-go:8084,warehouse-go:8084,2026-06-24 12:24:46,2026-06-24T06:54:46Z,1782284086,sustain,1425.0,36626432.0,"{""__name__"": ""process_resident_memory_bytes""}"
1,A,RSS Memory Footprint,java_order,java,order,inventory-go-twin:9082,inventory-go-twin:9082,2026-06-24 12:25:01,2026-06-24T06:55:01Z,1782284101,sustain,1440.0,30126080.0,"{""__name__"": ""process_resident_memory_bytes""}"
1,A,RSS Memory Footprint,java_order,java,order,order-go-twin:9083,order-go-twin:9083,2026-06-24 12:25:01,2026-06-24T06:55:01Z,1782284101,sustain,1440.0,33337344.0,"{""__name__"": ""process_resident_memory_bytes""}"
1,A,RSS Memory Footprint,java_order,java,order,warehouse-go:8084,warehouse-go:8084,2026-06-24 12:25:01,2026-06-24T06:55:01Z,1782284101,sustain,1440.0,36843520.0,"{""__name__"": ""process_resident_memory_bytes""}"
1,A,RSS Memory Footprint,java_order,java,order,inventory-go-twin:9082,inventory-go-twin:9082,2026-06-24 12:25:16,2026-06-24T06:55:16Z,1782284116,sustain,1455.0,30126080.0,"{""__name__"": ""process_resident_memory_bytes""}"
1,A,RSS Memory Footprint,java_order,java,order,order-go-twin:9083,order-go-twin:9083,2026-06-24 12:25:16,2026-06-24T06:55:16Z,1782284116,sustain,1455.0,33337344.0,"{""__name__"": ""process_resident_memory_bytes""}"
1,A,RSS Memory Footprint,java_order,java,order,warehouse-go:8084,warehouse-go:8084,2026-06-24 12:25:16,2026-06-24T06:55:16Z,1782284116,sustain,1455.0,37294080.0,"{""__name__"": ""process_resident_memory_bytes""}"
1,A,RSS Memory Footprint,java_order,java,order,inventory-go-twin:9082,inventory-go-twin:9082,2026-06-24 12:25:31,2026-06-24T06:55:31Z,1782284131,sustain,1470.0,30228480.0,"{""__name__"": ""process_resident_memory_bytes""}"
1,A,RSS Memory Footprint,java_order,java,order,order-go-twin:9083,order-go-twin:9083,2026-06-24 12:25:31,2026-06-24T06:55:31Z,1782284131,sustain,1470.0,32366592.0,"{""__name__"": ""process_resident_memory_bytes""}"
1,A,RSS Memory Footprint,java_order,java,order,warehouse-go:8084,warehouse-go:8084,2026-06-24 12:25:31,2026-06-24T06:55:31Z,1782284131,sustain,1470.0,37158912.0,"{""__name__"": ""process_resident_memory_bytes""}"
1,A,RSS Memory Footprint,java_order,java,order,inventory-go-twin:9082,inventory-go-twin:9082,2026-06-24 12:25:46,2026-06-24T06:55:46Z,1782284146,sustain,1485.0,30228480.0,"{""__name__"": ""process_resident_memory_bytes""}"
1,A,RSS Memory Footprint,java_order,java,order,order-go-twin:9083,order-go-twin:9083,2026-06-24 12:25:46,2026-06-24T06:55:46Z,1782284146,sustain,1485.0,32366592.0,"{""__name__"": ""process_resident_memory_bytes""}"
1,A,RSS Memory Footprint,java_order,java,order,warehouse-go:8084,warehouse-go:8084,2026-06-24 12:25:46,2026-06-24T06:55:46Z,1782284146,sustain,1485.0,36548608.0,"{""__name__"": ""process_resident_memory_bytes""}"
1,A,RSS Memory Footprint,java_order,java,order,inventory-go-twin:9082,inventory-go-twin:9082,2026-06-24 12:26:01,2026-06-24T06:56:01Z,1782284161,sustain,1500.0,30228480.0,"{""__name__"": ""process_resident_memory_bytes""}"
1,A,RSS Memory Footprint,java_order,java,order,order-go-twin:9083,order-go-twin:9083,2026-06-24 12:26:01,2026-06-24T06:56:01Z,1782284161,sustain,1500.0,32366592.0,"{""__name__"": ""process_resident_memory_bytes""}"
1,A,RSS Memory Footprint,java_order,java,order,warehouse-go:8084,warehouse-go:8084,2026-06-24 12:26:01,2026-06-24T06:56:01Z,1782284161,sustain,1500.0,37011456.0,"{""__name__"": ""process_resident_memory_bytes""}"
1,A,RSS Memory Footprint,java_order,java,order,inventory-go-twin:9082,inventory-go-twin:9082,2026-06-24 12:26:16,2026-06-24T06:56:16Z,1782284176,sustain,1515.0,30228480.0,"{""__name__"": ""process_resident_memory_bytes""}"
1,A,RSS Memory Footprint,java_order,java,order,order-go-twin:9083,order-go-twin:9083,2026-06-24 12:26:16,2026-06-24T06:56:16Z,1782284176,sustain,1515.0,32366592.0,"{""__name__"": ""process_resident_memory_bytes""}"
1,A,RSS Memory Footprint,java_order,java,order,warehouse-go:8084,warehouse-go:8084,2026-06-24 12:26:16,2026-06-24T06:56:16Z,1782284176,sustain,1515.0,36405248.0,"{""__name__"": ""process_resident_memory_bytes""}"
1,A,RSS Memory Footprint,java_order,java,order,inventory-go-twin:9082,inventory-go-twin:9082,2026-06-24 12:26:31,2026-06-24T06:56:31Z,1782284191,sustain,1530.0,29962240.0,"{""__name__"": ""process_resident_memory_bytes""}"
1,A,RSS Memory Footprint,java_order,java,order,order-go-twin:9083,order-go-twin:9083,2026-06-24 12:26:31,2026-06-24T06:56:31Z,1782284191,sustain,1530.0,32366592.0,"{""__name__"": ""process_resident_memory_bytes""}"
1,A,RSS Memory Footprint,java_order,java,order,warehouse-go:8084,warehouse-go:8084,2026-06-24 12:26:31,2026-06-24T06:56:31Z,1782284191,sustain,1530.0,36212736.0,"{""__name__"": ""process_resident_memory_bytes""}"
1,A,RSS Memory Footprint,java_order,java,order,inventory-go-twin:9082,inventory-go-twin:9082,2026-06-24 12:26:46,2026-06-24T06:56:46Z,1782284206,sustain,1545.0,29962240.0,"{""__name__"": ""process_resident_memory_bytes""}"
1,A,RSS Memory Footprint,java_order,java,order,order-go-twin:9083,order-go-twin:9083,2026-06-24 12:26:46,2026-06-24T06:56:46Z,1782284206,sustain,1545.0,32366592.0,"{""__name__"": ""process_resident_memory_bytes""}"
1,A,RSS Memory Footprint,java_order,java,order,warehouse-go:8084,warehouse-go:8084,2026-06-24 12:26:46,2026-06-24T06:56:46Z,1782284206,sustain,1545.0,36220928.0,"{""__name__"": ""process_resident_memory_bytes""}"
1,A,RSS Memory Footprint,java_order,java,order,inventory-go-twin:9082,inventory-go-twin:9082,2026-06-24 12:27:01,2026-06-24T06:57:01Z,1782284221,sustain,1560.0,29962240.0,"{""__name__"": ""process_resident_memory_bytes""}"
1,A,RSS Memory Footprint,java_order,java,order,order-go-twin:9083,order-go-twin:9083,2026-06-24 12:27:01,2026-06-24T06:57:01Z,1782284221,sustain,1560.0,32366592.0,"{""__name__"": ""process_resident_memory_bytes""}"
1,A,RSS Memory Footprint,java_order,java,order,warehouse-go:8084,warehouse-go:8084,2026-06-24 12:27:01,2026-06-24T06:57:01Z,1782284221,sustain,1560.0,36487168.0,"{""__name__"": ""process_resident_memory_bytes""}"
1,A,RSS Memory Footprint,java_order,java,order,inventory-go-twin:9082,inventory-go-twin:9082,2026-06-24 12:27:16,2026-06-24T06:57:16Z,1782284236,sustain,1575.0,29962240.0,"{""__name__"": ""process_resident_memory_bytes""}"
1,A,RSS Memory Footprint,java_order,java,order,order-go-twin:9083,order-go-twin:9083,2026-06-24 12:27:16,2026-06-24T06:57:16Z,1782284236,sustain,1575.0,32366592.0,"{""__name__"": ""process_resident_memory_bytes""}"
1,A,RSS Memory Footprint,java_order,java,order,warehouse-go:8084,warehouse-go:8084,2026-06-24 12:27:16,2026-06-24T06:57:16Z,1782284236,sustain,1575.0,36335616.0,"{""__name__"": ""process_resident_memory_bytes""}"
1,A,RSS Memory Footprint,java_order,java,order,inventory-go-twin:9082,inventory-go-twin:9082,2026-06-24 12:27:31,2026-06-24T06:57:31Z,1782284251,sustain,1590.0,29962240.0,"{""__name__"": ""process_resident_memory_bytes""}"
1,A,RSS Memory Footprint,java_order,java,order,order-go-twin:9083,order-go-twin:9083,2026-06-24 12:27:31,2026-06-24T06:57:31Z,1782284251,sustain,1590.0,31797248.0,"{""__name__"": ""process_resident_memory_bytes""}"
1,A,RSS Memory Footprint,java_order,java,order,warehouse-go:8084,warehouse-go:8084,2026-06-24 12:27:31,2026-06-24T06:57:31Z,1782284251,sustain,1590.0,36061184.0,"{""__name__"": ""process_resident_memory_bytes""}"
1,A,RSS Memory Footprint,java_order,java,order,inventory-go-twin:9082,inventory-go-twin:9082,2026-06-24 12:27:46,2026-06-24T06:57:46Z,1782284266,sustain,1605.0,29962240.0,"{""__name__"": ""process_resident_memory_bytes""}"
1,A,RSS Memory Footprint,java_order,java,order,order-go-twin:9083,order-go-twin:9083,2026-06-24 12:27:46,2026-06-24T06:57:46Z,1782284266,sustain,1605.0,31797248.0,"{""__name__"": ""process_resident_memory_bytes""}"
1,A,RSS Memory Footprint,java_order,java,order,warehouse-go:8084,warehouse-go:8084,2026-06-24 12:27:46,2026-06-24T06:57:46Z,1782284266,sustain,1605.0,36286464.0,"{""__name__"": ""process_resident_memory_bytes""}"
1,A,RSS Memory Footprint,java_order,java,order,inventory-go-twin:9082,inventory-go-twin:9082,2026-06-24 12:28:01,2026-06-24T06:58:01Z,1782284281,sustain,1620.0,29962240.0,"{""__name__"": ""process_resident_memory_bytes""}"
1,A,RSS Memory Footprint,java_order,java,order,order-go-twin:9083,order-go-twin:9083,2026-06-24 12:28:01,2026-06-24T06:58:01Z,1782284281,sustain,1620.0,31797248.0,"{""__name__"": ""process_resident_memory_bytes""}"
1,A,RSS Memory Footprint,java_order,java,order,warehouse-go:8084,warehouse-go:8084,2026-06-24 12:28:01,2026-06-24T06:58:01Z,1782284281,sustain,1620.0,36859904.0,"{""__name__"": ""process_resident_memory_bytes""}"
1,A,RSS Memory Footprint,java_order,java,order,inventory-go-twin:9082,inventory-go-twin:9082,2026-06-24 12:28:16,2026-06-24T06:58:16Z,1782284296,sustain,1635.0,29962240.0,"{""__name__"": ""process_resident_memory_bytes""}"
1,A,RSS Memory Footprint,java_order,java,order,order-go-twin:9083,order-go-twin:9083,2026-06-24 12:28:16,2026-06-24T06:58:16Z,1782284296,sustain,1635.0,31797248.0,"{""__name__"": ""process_resident_memory_bytes""}"
1,A,RSS Memory Footprint,java_order,java,order,warehouse-go:8084,warehouse-go:8084,2026-06-24 12:28:16,2026-06-24T06:58:16Z,1782284296,sustain,1635.0,36188160.0,"{""__name__"": ""process_resident_memory_bytes""}"
1,A,RSS Memory Footprint,java_order,java,order,inventory-go-twin:9082,inventory-go-twin:9082,2026-06-24 12:28:31,2026-06-24T06:58:31Z,1782284311,sustain,1650.0,29962240.0,"{""__name__"": ""process_resident_memory_bytes""}"
1,A,RSS Memory Footprint,java_order,java,order,order-go-twin:9083,order-go-twin:9083,2026-06-24 12:28:31,2026-06-24T06:58:31Z,1782284311,sustain,1650.0,31797248.0,"{""__name__"": ""process_resident_memory_bytes""}"
1,A,RSS Memory Footprint,java_order,java,order,warehouse-go:8084,warehouse-go:8084,2026-06-24 12:28:31,2026-06-24T06:58:31Z,1782284311,sustain,1650.0,37117952.0,"{""__name__"": ""process_resident_memory_bytes""}"
1,A,RSS Memory Footprint,java_order,java,order,inventory-go-twin:9082,inventory-go-twin:9082,2026-06-24 12:28:46,2026-06-24T06:58:46Z,1782284326,sustain,1665.0,29962240.0,"{""__name__"": ""process_resident_memory_bytes""}"
1,A,RSS Memory Footprint,java_order,java,order,order-go-twin:9083,order-go-twin:9083,2026-06-24 12:28:46,2026-06-24T06:58:46Z,1782284326,sustain,1665.0,31797248.0,"{""__name__"": ""process_resident_memory_bytes""}"
1,A,RSS Memory Footprint,java_order,java,order,warehouse-go:8084,warehouse-go:8084,2026-06-24 12:28:46,2026-06-24T06:58:46Z,1782284326,sustain,1665.0,36909056.0,"{""__name__"": ""process_resident_memory_bytes""}"
1,A,RSS Memory Footprint,java_order,java,order,inventory-go-twin:9082,inventory-go-twin:9082,2026-06-24 12:29:01,2026-06-24T06:59:01Z,1782284341,sustain,1680.0,29962240.0,"{""__name__"": ""process_resident_memory_bytes""}"
1,A,RSS Memory Footprint,java_order,java,order,order-go-twin:9083,order-go-twin:9083,2026-06-24 12:29:01,2026-06-24T06:59:01Z,1782284341,sustain,1680.0,31797248.0,"{""__name__"": ""process_resident_memory_bytes""}"
1,A,RSS Memory Footprint,java_order,java,order,warehouse-go:8084,warehouse-go:8084,2026-06-24 12:29:01,2026-06-24T06:59:01Z,1782284341,sustain,1680.0,36990976.0,"{""__name__"": ""process_resident_memory_bytes""}"
1,A,RSS Memory Footprint,java_order,java,order,inventory-go-twin:9082,inventory-go-twin:9082,2026-06-24 12:29:16,2026-06-24T06:59:16Z,1782284356,sustain,1695.0,29962240.0,"{""__name__"": ""process_resident_memory_bytes""}"
1,A,RSS Memory Footprint,java_order,java,order,order-go-twin:9083,order-go-twin:9083,2026-06-24 12:29:16,2026-06-24T06:59:16Z,1782284356,sustain,1695.0,31797248.0,"{""__name__"": ""process_resident_memory_bytes""}"
1,A,RSS Memory Footprint,java_order,java,order,warehouse-go:8084,warehouse-go:8084,2026-06-24 12:29:16,2026-06-24T06:59:16Z,1782284356,sustain,1695.0,38789120.0,"{""__name__"": ""process_resident_memory_bytes""}"
1,A,RSS Memory Footprint,java_order,java,order,inventory-go-twin:9082,inventory-go-twin:9082,2026-06-24 12:29:31,2026-06-24T06:59:31Z,1782284371,sustain,1710.0,29962240.0,"{""__name__"": ""process_resident_memory_bytes""}"
1,A,RSS Memory Footprint,java_order,java,order,order-go-twin:9083,order-go-twin:9083,2026-06-24 12:29:31,2026-06-24T06:59:31Z,1782284371,sustain,1710.0,31797248.0,"{""__name__"": ""process_resident_memory_bytes""}"
1,A,RSS Memory Footprint,java_order,java,order,warehouse-go:8084,warehouse-go:8084,2026-06-24 12:29:31,2026-06-24T06:59:31Z,1782284371,sustain,1710.0,38731776.0,"{""__name__"": ""process_resident_memory_bytes""}"
1,A,RSS Memory Footprint,java_order,java,order,inventory-go-twin:9082,inventory-go-twin:9082,2026-06-24 12:29:46,2026-06-24T06:59:46Z,1782284386,sustain,1725.0,29962240.0,"{""__name__"": ""process_resident_memory_bytes""}"
1,A,RSS Memory Footprint,java_order,java,order,order-go-twin:9083,order-go-twin:9083,2026-06-24 12:29:46,2026-06-24T06:59:46Z,1782284386,sustain,1725.0,31797248.0,"{""__name__"": ""process_resident_memory_bytes""}"
1,A,RSS Memory Footprint,java_order,java,order,warehouse-go:8084,warehouse-go:8084,2026-06-24 12:29:46,2026-06-24T06:59:46Z,1782284386,sustain,1725.0,38592512.0,"{""__name__"": ""process_resident_memory_bytes""}"
1,A,RSS Memory Footprint,java_order,java,order,inventory-go-twin:9082,inventory-go-twin:9082,2026-06-24 12:30:01,2026-06-24T07:00:01Z,1782284401,sustain,1740.0,29962240.0,"{""__name__"": ""process_resident_memory_bytes""}"
1,A,RSS Memory Footprint,java_order,java,order,order-go-twin:9083,order-go-twin:9083,2026-06-24 12:30:01,2026-06-24T07:00:01Z,1782284401,sustain,1740.0,31797248.0,"{""__name__"": ""process_resident_memory_bytes""}"
1,A,RSS Memory Footprint,java_order,java,order,warehouse-go:8084,warehouse-go:8084,2026-06-24 12:30:01,2026-06-24T07:00:01Z,1782284401,sustain,1740.0,36839424.0,"{""__name__"": ""process_resident_memory_bytes""}"
1,A,RSS Memory Footprint,java_order,java,order,inventory-go-twin:9082,inventory-go-twin:9082,2026-06-24 12:30:16,2026-06-24T07:00:16Z,1782284416,sustain,1755.0,29962240.0,"{""__name__"": ""process_resident_memory_bytes""}"
1,A,RSS Memory Footprint,java_order,java,order,order-go-twin:9083,order-go-twin:9083,2026-06-24 12:30:16,2026-06-24T07:00:16Z,1782284416,sustain,1755.0,31797248.0,"{""__name__"": ""process_resident_memory_bytes""}"
1,A,RSS Memory Footprint,java_order,java,order,warehouse-go:8084,warehouse-go:8084,2026-06-24 12:30:16,2026-06-24T07:00:16Z,1782284416,sustain,1755.0,38486016.0,"{""__name__"": ""process_resident_memory_bytes""}"
1,A,RSS Memory Footprint,java_order,java,order,inventory-go-twin:9082,inventory-go-twin:9082,2026-06-24 12:30:31,2026-06-24T07:00:31Z,1782284431,sustain,1770.0,29962240.0,"{""__name__"": ""process_resident_memory_bytes""}"
1,A,RSS Memory Footprint,java_order,java,order,order-go-twin:9083,order-go-twin:9083,2026-06-24 12:30:31,2026-06-24T07:00:31Z,1782284431,sustain,1770.0,31797248.0,"{""__name__"": ""process_resident_memory_bytes""}"
1,A,RSS Memory Footprint,java_order,java,order,warehouse-go:8084,warehouse-go:8084,2026-06-24 12:30:31,2026-06-24T07:00:31Z,1782284431,sustain,1770.0,38031360.0,"{""__name__"": ""process_resident_memory_bytes""}"
1,A,RSS Memory Footprint,java_order,java,order,inventory-go-twin:9082,inventory-go-twin:9082,2026-06-24 12:30:46,2026-06-24T07:00:46Z,1782284446,sustain,1785.0,29962240.0,"{""__name__"": ""process_resident_memory_bytes""}"
1,A,RSS Memory Footprint,java_order,java,order,order-go-twin:9083,order-go-twin:9083,2026-06-24 12:30:46,2026-06-24T07:00:46Z,1782284446,sustain,1785.0,31797248.0,"{""__name__"": ""process_resident_memory_bytes""}"
1,A,RSS Memory Footprint,java_order,java,order,warehouse-go:8084,warehouse-go:8084,2026-06-24 12:30:46,2026-06-24T07:00:46Z,1782284446,sustain,1785.0,37482496.0,"{""__name__"": ""process_resident_memory_bytes""}"
1,A,RSS Memory Footprint,java_order,java,order,inventory-go-twin:9082,inventory-go-twin:9082,2026-06-24 12:31:01,2026-06-24T07:01:01Z,1782284461,cooldown,1800.0,29962240.0,"{""__name__"": ""process_resident_memory_bytes""}"
1,A,RSS Memory Footprint,java_order,java,order,order-go-twin:9083,order-go-twin:9083,2026-06-24 12:31:01,2026-06-24T07:01:01Z,1782284461,cooldown,1800.0,31797248.0,"{""__name__"": ""process_resident_memory_bytes""}"
1,A,RSS Memory Footprint,java_order,java,order,warehouse-go:8084,warehouse-go:8084,2026-06-24 12:31:01,2026-06-24T07:01:01Z,1782284461,cooldown,1800.0,37511168.0,"{""__name__"": ""process_resident_memory_bytes""}"
1,A,RSS Memory Footprint,java_order,java,order,inventory-go-twin:9082,inventory-go-twin:9082,2026-06-24 12:31:16,2026-06-24T07:01:16Z,1782284476,cooldown,1815.0,29962240.0,"{""__name__"": ""process_resident_memory_bytes""}"
1,A,RSS Memory Footprint,java_order,java,order,order-go-twin:9083,order-go-twin:9083,2026-06-24 12:31:16,2026-06-24T07:01:16Z,1782284476,cooldown,1815.0,31797248.0,"{""__name__"": ""process_resident_memory_bytes""}"
1,A,RSS Memory Footprint,java_order,java,order,warehouse-go:8084,warehouse-go:8084,2026-06-24 12:31:16,2026-06-24T07:01:16Z,1782284476,cooldown,1815.0,37572608.0,"{""__name__"": ""process_resident_memory_bytes""}"
1,A,RSS Memory Footprint,java_order,java,order,inventory-go-twin:9082,inventory-go-twin:9082,2026-06-24 12:31:31,2026-06-24T07:01:31Z,1782284491,cooldown,1830.0,29962240.0,"{""__name__"": ""process_resident_memory_bytes""}"
1,A,RSS Memory Footprint,java_order,java,order,order-go-twin:9083,order-go-twin:9083,2026-06-24 12:31:31,2026-06-24T07:01:31Z,1782284491,cooldown,1830.0,31797248.0,"{""__name__"": ""process_resident_memory_bytes""}"
1,A,RSS Memory Footprint,java_order,java,order,warehouse-go:8084,warehouse-go:8084,2026-06-24 12:31:31,2026-06-24T07:01:31Z,1782284491,cooldown,1830.0,37543936.0,"{""__name__"": ""process_resident_memory_bytes""}"
1,A,RSS Memory Footprint,java_order,java,order,inventory-go-twin:9082,inventory-go-twin:9082,2026-06-24 12:31:46,2026-06-24T07:01:46Z,1782284506,cooldown,1845.0,29962240.0,"{""__name__"": ""process_resident_memory_bytes""}"
1,A,RSS Memory Footprint,java_order,java,order,order-go-twin:9083,order-go-twin:9083,2026-06-24 12:31:46,2026-06-24T07:01:46Z,1782284506,cooldown,1845.0,31797248.0,"{""__name__"": ""process_resident_memory_bytes""}"
1,A,RSS Memory Footprint,java_order,java,order,warehouse-go:8084,warehouse-go:8084,2026-06-24 12:31:46,2026-06-24T07:01:46Z,1782284506,cooldown,1845.0,37433344.0,"{""__name__"": ""process_resident_memory_bytes""}"
1,A,RSS Memory Footprint,java_order,java,order,inventory-go-twin:9082,inventory-go-twin:9082,2026-06-24 12:32:01,2026-06-24T07:02:01Z,1782284521,cooldown,1860.0,29962240.0,"{""__name__"": ""process_resident_memory_bytes""}"
1,A,RSS Memory Footprint,java_order,java,order,order-go-twin:9083,order-go-twin:9083,2026-06-24 12:32:01,2026-06-24T07:02:01Z,1782284521,cooldown,1860.0,31797248.0,"{""__name__"": ""process_resident_memory_bytes""}"
1,A,RSS Memory Footprint,java_order,java,order,warehouse-go:8084,warehouse-go:8084,2026-06-24 12:32:01,2026-06-24T07:02:01Z,1782284521,cooldown,1860.0,38342656.0,"{""__name__"": ""process_resident_memory_bytes""}"
1,A,RSS Memory Footprint,java_order,java,order,inventory-go-twin:9082,inventory-go-twin:9082,2026-06-24 12:32:16,2026-06-24T07:02:16Z,1782284536,cooldown,1875.0,29962240.0,"{""__name__"": ""process_resident_memory_bytes""}"
1,A,RSS Memory Footprint,java_order,java,order,order-go-twin:9083,order-go-twin:9083,2026-06-24 12:32:16,2026-06-24T07:02:16Z,1782284536,cooldown,1875.0,31797248.0,"{""__name__"": ""process_resident_memory_bytes""}"
1,A,RSS Memory Footprint,java_order,java,order,warehouse-go:8084,warehouse-go:8084,2026-06-24 12:32:16,2026-06-24T07:02:16Z,1782284536,cooldown,1875.0,37752832.0,"{""__name__"": ""process_resident_memory_bytes""}"
1,A,RSS Memory Footprint,java_order,java,order,inventory-go-twin:9082,inventory-go-twin:9082,2026-06-24 12:32:31,2026-06-24T07:02:31Z,1782284551,cooldown,1890.0,29962240.0,"{""__name__"": ""process_resident_memory_bytes""}"
1,A,RSS Memory Footprint,java_order,java,order,order-go-twin:9083,order-go-twin:9083,2026-06-24 12:32:31,2026-06-24T07:02:31Z,1782284551,cooldown,1890.0,31797248.0,"{""__name__"": ""process_resident_memory_bytes""}"
1,A,RSS Memory Footprint,java_order,java,order,warehouse-go:8084,warehouse-go:8084,2026-06-24 12:32:31,2026-06-24T07:02:31Z,1782284551,cooldown,1890.0,37822464.0,"{""__name__"": ""process_resident_memory_bytes""}"
1,A,RSS Memory Footprint,java_order,java,order,inventory-go-twin:9082,inventory-go-twin:9082,2026-06-24 12:32:46,2026-06-24T07:02:46Z,1782284566,cooldown,1905.0,29962240.0,"{""__name__"": ""process_resident_memory_bytes""}"
1,A,RSS Memory Footprint,java_order,java,order,order-go-twin:9083,order-go-twin:9083,2026-06-24 12:32:46,2026-06-24T07:02:46Z,1782284566,cooldown,1905.0,31797248.0,"{""__name__"": ""process_resident_memory_bytes""}"
1,A,RSS Memory Footprint,java_order,java,order,warehouse-go:8084,warehouse-go:8084,2026-06-24 12:32:46,2026-06-24T07:02:46Z,1782284566,cooldown,1905.0,37138432.0,"{""__name__"": ""process_resident_memory_bytes""}"
1,A,RSS Memory Footprint,java_order,java,order,inventory-go-twin:9082,inventory-go-twin:9082,2026-06-24 12:33:01,2026-06-24T07:03:01Z,1782284581,cooldown,1920.0,29962240.0,"{""__name__"": ""process_resident_memory_bytes""}"
1,A,RSS Memory Footprint,java_order,java,order,order-go-twin:9083,order-go-twin:9083,2026-06-24 12:33:01,2026-06-24T07:03:01Z,1782284581,cooldown,1920.0,31797248.0,"{""__name__"": ""process_resident_memory_bytes""}"
1,A,RSS Memory Footprint,java_order,java,order,warehouse-go:8084,warehouse-go:8084,2026-06-24 12:33:01,2026-06-24T07:03:01Z,1782284581,cooldown,1920.0,38760448.0,"{""__name__"": ""process_resident_memory_bytes""}"
1,A,RSS Memory Footprint,java_order,java,order,inventory-go-twin:9082,inventory-go-twin:9082,2026-06-24 12:33:16,2026-06-24T07:03:16Z,1782284596,cooldown,1935.0,29962240.0,"{""__name__"": ""process_resident_memory_bytes""}"
1,A,RSS Memory Footprint,java_order,java,order,order-go-twin:9083,order-go-twin:9083,2026-06-24 12:33:16,2026-06-24T07:03:16Z,1782284596,cooldown,1935.0,31797248.0,"{""__name__"": ""process_resident_memory_bytes""}"
1,A,RSS Memory Footprint,java_order,java,order,warehouse-go:8084,warehouse-go:8084,2026-06-24 12:33:16,2026-06-24T07:03:16Z,1782284596,cooldown,1935.0,38010880.0,"{""__name__"": ""process_resident_memory_bytes""}"
1,A,RSS Memory Footprint,java_order,java,order,inventory-go-twin:9082,inventory-go-twin:9082,2026-06-24 12:33:31,2026-06-24T07:03:31Z,1782284611,cooldown,1950.0,29962240.0,"{""__name__"": ""process_resident_memory_bytes""}"
1,A,RSS Memory Footprint,java_order,java,order,order-go-twin:9083,order-go-twin:9083,2026-06-24 12:33:31,2026-06-24T07:03:31Z,1782284611,cooldown,1950.0,31797248.0,"{""__name__"": ""process_resident_memory_bytes""}"
1,A,RSS Memory Footprint,java_order,java,order,warehouse-go:8084,warehouse-go:8084,2026-06-24 12:33:31,2026-06-24T07:03:31Z,1782284611,cooldown,1950.0,35876864.0,"{""__name__"": ""process_resident_memory_bytes""}"
1,A,RSS Memory Footprint,java_order,java,order,inventory-go-twin:9082,inventory-go-twin:9082,2026-06-24 12:33:46,2026-06-24T07:03:46Z,1782284626,cooldown,1965.0,29962240.0,"{""__name__"": ""process_resident_memory_bytes""}"
1,A,RSS Memory Footprint,java_order,java,order,order-go-twin:9083,order-go-twin:9083,2026-06-24 12:33:46,2026-06-24T07:03:46Z,1782284626,cooldown,1965.0,31797248.0,"{""__name__"": ""process_resident_memory_bytes""}"
1,A,RSS Memory Footprint,java_order,java,order,warehouse-go:8084,warehouse-go:8084,2026-06-24 12:33:46,2026-06-24T07:03:46Z,1782284626,cooldown,1965.0,35987456.0,"{""__name__"": ""process_resident_memory_bytes""}"
1,A,RSS Memory Footprint,java_order,java,order,inventory-go-twin:9082,inventory-go-twin:9082,2026-06-24 12:34:01,2026-06-24T07:04:01Z,1782284641,cooldown,1980.0,30617600.0,"{""__name__"": ""process_resident_memory_bytes""}"
1,A,RSS Memory Footprint,java_order,java,order,order-go-twin:9083,order-go-twin:9083,2026-06-24 12:34:01,2026-06-24T07:04:01Z,1782284641,cooldown,1980.0,31928320.0,"{""__name__"": ""process_resident_memory_bytes""}"
1,A,RSS Memory Footprint,java_order,java,order,warehouse-go:8084,warehouse-go:8084,2026-06-24 12:34:01,2026-06-24T07:04:01Z,1782284641,cooldown,1980.0,35241984.0,"{""__name__"": ""process_resident_memory_bytes""}"
1,A,RSS Memory Footprint,java_order,java,order,inventory-go-twin:9082,inventory-go-twin:9082,2026-06-24 12:34:16,2026-06-24T07:04:16Z,1782284656,cooldown,1995.0,30617600.0,"{""__name__"": ""process_resident_memory_bytes""}"
1,A,RSS Memory Footprint,java_order,java,order,order-go-twin:9083,order-go-twin:9083,2026-06-24 12:34:16,2026-06-24T07:04:16Z,1782284656,cooldown,1995.0,31928320.0,"{""__name__"": ""process_resident_memory_bytes""}"
1,A,RSS Memory Footprint,java_order,java,order,warehouse-go:8084,warehouse-go:8084,2026-06-24 12:34:16,2026-06-24T07:04:16Z,1782284656,cooldown,1995.0,34709504.0,"{""__name__"": ""process_resident_memory_bytes""}"
1,A,RSS Memory Footprint,java_order,java,order,inventory-go-twin:9082,inventory-go-twin:9082,2026-06-24 12:34:31,2026-06-24T07:04:31Z,1782284671,cooldown,2010.0,30208000.0,"{""__name__"": ""process_resident_memory_bytes""}"
1,A,RSS Memory Footprint,java_order,java,order,order-go-twin:9083,order-go-twin:9083,2026-06-24 12:34:31,2026-06-24T07:04:31Z,1782284671,cooldown,2010.0,31928320.0,"{""__name__"": ""process_resident_memory_bytes""}"
1,A,RSS Memory Footprint,java_order,java,order,warehouse-go:8084,warehouse-go:8084,2026-06-24 12:34:31,2026-06-24T07:04:31Z,1782284671,cooldown,2010.0,33816576.0,"{""__name__"": ""process_resident_memory_bytes""}"
1,A,RSS Memory Footprint,java_order,java,order,inventory-go-twin:9082,inventory-go-twin:9082,2026-06-24 12:34:46,2026-06-24T07:04:46Z,1782284686,cooldown,2025.0,30208000.0,"{""__name__"": ""process_resident_memory_bytes""}"
1,A,RSS Memory Footprint,java_order,java,order,order-go-twin:9083,order-go-twin:9083,2026-06-24 12:34:46,2026-06-24T07:04:46Z,1782284686,cooldown,2025.0,31928320.0,"{""__name__"": ""process_resident_memory_bytes""}"
1,A,RSS Memory Footprint,java_order,java,order,warehouse-go:8084,warehouse-go:8084,2026-06-24 12:34:46,2026-06-24T07:04:46Z,1782284686,cooldown,2025.0,34193408.0,"{""__name__"": ""process_resident_memory_bytes""}"
1,A,RSS Memory Footprint,java_order,java,order,inventory-go-twin:9082,inventory-go-twin:9082,2026-06-24 12:35:01,2026-06-24T07:05:01Z,1782284701,cooldown,2040.0,30208000.0,"{""__name__"": ""process_resident_memory_bytes""}"
1,A,RSS Memory Footprint,java_order,java,order,order-go-twin:9083,order-go-twin:9083,2026-06-24 12:35:01,2026-06-24T07:05:01Z,1782284701,cooldown,2040.0,31928320.0,"{""__name__"": ""process_resident_memory_bytes""}"
1,A,RSS Memory Footprint,java_order,java,order,warehouse-go:8084,warehouse-go:8084,2026-06-24 12:35:01,2026-06-24T07:05:01Z,1782284701,cooldown,2040.0,32854016.0,"{""__name__"": ""process_resident_memory_bytes""}"
1,A,RSS Memory Footprint,java_order,java,order,inventory-go-twin:9082,inventory-go-twin:9082,2026-06-24 12:35:16,2026-06-24T07:05:16Z,1782284716,cooldown,2055.0,29941760.0,"{""__name__"": ""process_resident_memory_bytes""}"
1,A,RSS Memory Footprint,java_order,java,order,order-go-twin:9083,order-go-twin:9083,2026-06-24 12:35:16,2026-06-24T07:05:16Z,1782284716,cooldown,2055.0,31928320.0,"{""__name__"": ""process_resident_memory_bytes""}"
1,A,RSS Memory Footprint,java_order,java,order,warehouse-go:8084,warehouse-go:8084,2026-06-24 12:35:16,2026-06-24T07:05:16Z,1782284716,cooldown,2055.0,32112640.0,"{""__name__"": ""process_resident_memory_bytes""}"
1,A,RSS Memory Footprint,java_order,java,order,inventory-go-twin:9082,inventory-go-twin:9082,2026-06-24 12:35:31,2026-06-24T07:05:31Z,1782284731,cooldown,2070.0,29941760.0,"{""__name__"": ""process_resident_memory_bytes""}"
1,A,RSS Memory Footprint,java_order,java,order,order-go-twin:9083,order-go-twin:9083,2026-06-24 12:35:31,2026-06-24T07:05:31Z,1782284731,cooldown,2070.0,31928320.0,"{""__name__"": ""process_resident_memory_bytes""}"
1,A,RSS Memory Footprint,java_order,java,order,warehouse-go:8084,warehouse-go:8084,2026-06-24 12:35:31,2026-06-24T07:05:31Z,1782284731,cooldown,2070.0,32014336.0,"{""__name__"": ""process_resident_memory_bytes""}"
1,A,RSS Memory Footprint,java_order,java,order,inventory-go-twin:9082,inventory-go-twin:9082,2026-06-24 12:35:46,2026-06-24T07:05:46Z,1782284746,cooldown,2085.0,30072832.0,"{""__name__"": ""process_resident_memory_bytes""}"
1,A,RSS Memory Footprint,java_order,java,order,order-go-twin:9083,order-go-twin:9083,2026-06-24 12:35:46,2026-06-24T07:05:46Z,1782284746,cooldown,2085.0,31928320.0,"{""__name__"": ""process_resident_memory_bytes""}"
1,A,RSS Memory Footprint,java_order,java,order,warehouse-go:8084,warehouse-go:8084,2026-06-24 12:35:46,2026-06-24T07:05:46Z,1782284746,cooldown,2085.0,33075200.0,"{""__name__"": ""process_resident_memory_bytes""}"
1,A,RSS Memory Footprint,java_order,java,order,inventory-go-twin:9082,inventory-go-twin:9082,2026-06-24 12:36:01,2026-06-24T07:06:01Z,1782284761,post_test,2100.0,30072832.0,"{""__name__"": ""process_resident_memory_bytes""}"
1,A,RSS Memory Footprint,java_order,java,order,order-go-twin:9083,order-go-twin:9083,2026-06-24 12:36:01,2026-06-24T07:06:01Z,1782284761,post_test,2100.0,31928320.0,"{""__name__"": ""process_resident_memory_bytes""}"
1,A,RSS Memory Footprint,java_order,java,order,warehouse-go:8084,warehouse-go:8084,2026-06-24 12:36:01,2026-06-24T07:06:01Z,1782284761,post_test,2100.0,33878016.0,"{""__name__"": ""process_resident_memory_bytes""}"
