grafana_panel_id,grafana_ref_id,grafana_panel_title,segment_label,service_type,benchmark_type,instance,service_label,timestamp_local,timestamp_utc,timestamp_unix,load_phase,offset_seconds,value,prom_labels_json
3,A,P99 HTTP Latency Panel (Java vs Go),go_inventory,go,inventory,inventory-java:8082,inventory-java:8082,2026-06-23 17:40:03,2026-06-23T12:10:03Z,1782216603,warmup,0.0,0.00415585592,{}
3,A,P99 HTTP Latency Panel (Java vs Go),go_inventory,go,inventory,order-java:8083,order-java:8083,2026-06-23 17:40:03,2026-06-23T12:10:03Z,1782216603,warmup,0.0,0.008234815889999999,{}
3,A,P99 HTTP Latency Panel (Java vs Go),go_inventory,go,inventory,warehouse-java-twin:9084,warehouse-java-twin:9084,2026-06-23 17:40:03,2026-06-23T12:10:03Z,1782216603,warmup,0.0,0.005438613889999999,{}
3,A,P99 HTTP Latency Panel (Java vs Go),go_inventory,go,inventory,inventory-java:8082,inventory-java:8082,2026-06-23 17:40:18,2026-06-23T12:10:18Z,1782216618,warmup,15.0,0.0041750799600000004,{}
3,A,P99 HTTP Latency Panel (Java vs Go),go_inventory,go,inventory,order-java:8083,order-java:8083,2026-06-23 17:40:18,2026-06-23T12:10:18Z,1782216618,warmup,15.0,0.008234815889999999,{}
3,A,P99 HTTP Latency Panel (Java vs Go),go_inventory,go,inventory,warehouse-java-twin:9084,warehouse-java-twin:9084,2026-06-23 17:40:18,2026-06-23T12:10:18Z,1782216618,warmup,15.0,0.005438613889999999,{}
3,A,P99 HTTP Latency Panel (Java vs Go),go_inventory,go,inventory,inventory-java:8082,inventory-java:8082,2026-06-23 17:40:33,2026-06-23T12:10:33Z,1782216633,warmup,30.0,0.004181487973333333,{}
3,A,P99 HTTP Latency Panel (Java vs Go),go_inventory,go,inventory,order-java:8083,order-java:8083,2026-06-23 17:40:33,2026-06-23T12:10:33Z,1782216633,warmup,30.0,0.005577025889,{}
3,A,P99 HTTP Latency Panel (Java vs Go),go_inventory,go,inventory,warehouse-java-twin:9084,warehouse-java-twin:9084,2026-06-23 17:40:33,2026-06-23T12:10:33Z,1782216633,warmup,30.0,0.005438613889999999,{}
3,A,P99 HTTP Latency Panel (Java vs Go),go_inventory,go,inventory,inventory-java:8082,inventory-java:8082,2026-06-23 17:40:48,2026-06-23T12:10:48Z,1782216648,warmup,45.0,0.00418469198,{}
3,A,P99 HTTP Latency Panel (Java vs Go),go_inventory,go,inventory,order-java:8083,order-java:8083,2026-06-23 17:40:48,2026-06-23T12:10:48Z,1782216648,warmup,45.0,0.005577025889,{}
3,A,P99 HTTP Latency Panel (Java vs Go),go_inventory,go,inventory,warehouse-java-twin:9084,warehouse-java-twin:9084,2026-06-23 17:40:48,2026-06-23T12:10:48Z,1782216648,warmup,45.0,0.005515509445,{}
3,A,P99 HTTP Latency Panel (Java vs Go),go_inventory,go,inventory,inventory-java:8082,inventory-java:8082,2026-06-23 17:41:03,2026-06-23T12:11:03Z,1782216663,warmup,60.0,0.004186614384,{}
3,A,P99 HTTP Latency Panel (Java vs Go),go_inventory,go,inventory,order-java:8083,order-java:8083,2026-06-23 17:41:03,2026-06-23T12:11:03Z,1782216663,warmup,60.0,0.005577025889,{}
3,A,P99 HTTP Latency Panel (Java vs Go),go_inventory,go,inventory,warehouse-java-twin:9084,warehouse-java-twin:9084,2026-06-23 17:41:03,2026-06-23T12:11:03Z,1782216663,warmup,60.0,0.005438613889999999,{}
3,A,P99 HTTP Latency Panel (Java vs Go),go_inventory,go,inventory,inventory-java:8082,inventory-java:8082,2026-06-23 17:41:18,2026-06-23T12:11:18Z,1782216678,warmup,75.0,0.004181487973333333,{}
3,A,P99 HTTP Latency Panel (Java vs Go),go_inventory,go,inventory,order-java:8083,order-java:8083,2026-06-23 17:41:18,2026-06-23T12:11:18Z,1782216678,warmup,75.0,0.005577025889,{}
3,A,P99 HTTP Latency Panel (Java vs Go),go_inventory,go,inventory,warehouse-java-twin:9084,warehouse-java-twin:9084,2026-06-23 17:41:18,2026-06-23T12:11:18Z,1782216678,warmup,75.0,0.005438613889999999,{}
3,A,P99 HTTP Latency Panel (Java vs Go),go_inventory,go,inventory,inventory-java:8082,inventory-java:8082,2026-06-23 17:41:33,2026-06-23T12:11:33Z,1782216693,warmup,90.0,0.00418469198,{}
3,A,P99 HTTP Latency Panel (Java vs Go),go_inventory,go,inventory,order-java:8083,order-java:8083,2026-06-23 17:41:33,2026-06-23T12:11:33Z,1782216693,warmup,90.0,0.005577025889,{}
3,A,P99 HTTP Latency Panel (Java vs Go),go_inventory,go,inventory,warehouse-java-twin:9084,warehouse-java-twin:9084,2026-06-23 17:41:33,2026-06-23T12:11:33Z,1782216693,warmup,90.0,0.005515509445,{}
3,A,P99 HTTP Latency Panel (Java vs Go),go_inventory,go,inventory,inventory-java:8082,inventory-java:8082,2026-06-23 17:41:48,2026-06-23T12:11:48Z,1782216708,warmup,105.0,0.004181487973333333,{}
3,A,P99 HTTP Latency Panel (Java vs Go),go_inventory,go,inventory,order-java:8083,order-java:8083,2026-06-23 17:41:48,2026-06-23T12:11:48Z,1782216708,warmup,105.0,0.005577025889,{}
3,A,P99 HTTP Latency Panel (Java vs Go),go_inventory,go,inventory,warehouse-java-twin:9084,warehouse-java-twin:9084,2026-06-23 17:41:48,2026-06-23T12:11:48Z,1782216708,warmup,105.0,0.005541141296666666,{}
3,A,P99 HTTP Latency Panel (Java vs Go),go_inventory,go,inventory,inventory-java:8082,inventory-java:8082,2026-06-23 17:42:03,2026-06-23T12:12:03Z,1782216723,warmup,120.0,0.006836714889999998,{}
3,A,P99 HTTP Latency Panel (Java vs Go),go_inventory,go,inventory,order-java:8083,order-java:8083,2026-06-23 17:42:03,2026-06-23T12:12:03Z,1782216723,warmup,120.0,0.005575317098888889,{}
3,A,P99 HTTP Latency Panel (Java vs Go),go_inventory,go,inventory,warehouse-java-twin:9084,warehouse-java-twin:9084,2026-06-23 17:42:03,2026-06-23T12:12:03Z,1782216723,warmup,120.0,0.005553957222499999,{}
3,A,P99 HTTP Latency Panel (Java vs Go),go_inventory,go,inventory,inventory-java:8082,inventory-java:8082,2026-06-23 17:42:18,2026-06-23T12:12:18Z,1782216738,warmup,135.0,0.00683671489,{}
3,A,P99 HTTP Latency Panel (Java vs Go),go_inventory,go,inventory,order-java:8083,order-java:8083,2026-06-23 17:42:18,2026-06-23T12:12:18Z,1782216738,warmup,135.0,0.00557318111125,{}
3,A,P99 HTTP Latency Panel (Java vs Go),go_inventory,go,inventory,warehouse-java-twin:9084,warehouse-java-twin:9084,2026-06-23 17:42:18,2026-06-23T12:12:18Z,1782216738,warmup,135.0,0.005553957222499999,{}
3,A,P99 HTTP Latency Panel (Java vs Go),go_inventory,go,inventory,inventory-java:8082,inventory-java:8082,2026-06-23 17:42:33,2026-06-23T12:12:33Z,1782216753,warmup,150.0,0.00683671489,{}
3,A,P99 HTTP Latency Panel (Java vs Go),go_inventory,go,inventory,order-java:8083,order-java:8083,2026-06-23 17:42:33,2026-06-23T12:12:33Z,1782216753,warmup,150.0,0.005570434841428572,{}
3,A,P99 HTTP Latency Panel (Java vs Go),go_inventory,go,inventory,warehouse-java-twin:9084,warehouse-java-twin:9084,2026-06-23 17:42:33,2026-06-23T12:12:33Z,1782216753,warmup,150.0,0.00683671489,{}
3,A,P99 HTTP Latency Panel (Java vs Go),go_inventory,go,inventory,inventory-java:8082,inventory-java:8082,2026-06-23 17:42:48,2026-06-23T12:12:48Z,1782216768,warmup,165.0,0.005541141296666666,{}
3,A,P99 HTTP Latency Panel (Java vs Go),go_inventory,go,inventory,order-java:8083,order-java:8083,2026-06-23 17:42:48,2026-06-23T12:12:48Z,1782216768,warmup,165.0,0.005570434841428572,{}
3,A,P99 HTTP Latency Panel (Java vs Go),go_inventory,go,inventory,warehouse-java-twin:9084,warehouse-java-twin:9084,2026-06-23 17:42:48,2026-06-23T12:12:48Z,1782216768,warmup,165.0,0.006836714889999998,{}
3,A,P99 HTTP Latency Panel (Java vs Go),go_inventory,go,inventory,inventory-java:8082,inventory-java:8082,2026-06-23 17:43:03,2026-06-23T12:13:03Z,1782216783,warmup,180.0,0.005541141296666666,{}
3,A,P99 HTTP Latency Panel (Java vs Go),go_inventory,go,inventory,order-java:8083,order-java:8083,2026-06-23 17:43:03,2026-06-23T12:13:03Z,1782216783,warmup,180.0,0.00557318111125,{}
3,A,P99 HTTP Latency Panel (Java vs Go),go_inventory,go,inventory,warehouse-java-twin:9084,warehouse-java-twin:9084,2026-06-23 17:43:03,2026-06-23T12:13:03Z,1782216783,warmup,180.0,0.006913610444999999,{}
3,A,P99 HTTP Latency Panel (Java vs Go),go_inventory,go,inventory,inventory-java:8082,inventory-java:8082,2026-06-23 17:43:18,2026-06-23T12:13:18Z,1782216798,warmup,195.0,0.005541141296666666,{}
3,A,P99 HTTP Latency Panel (Java vs Go),go_inventory,go,inventory,order-java:8083,order-java:8083,2026-06-23 17:43:18,2026-06-23T12:13:18Z,1782216798,warmup,195.0,0.005575317098888889,{}
3,A,P99 HTTP Latency Panel (Java vs Go),go_inventory,go,inventory,warehouse-java-twin:9084,warehouse-java-twin:9084,2026-06-23 17:43:18,2026-06-23T12:13:18Z,1782216798,warmup,195.0,0.006913610444999999,{}
3,A,P99 HTTP Latency Panel (Java vs Go),go_inventory,go,inventory,inventory-java:8082,inventory-java:8082,2026-06-23 17:43:33,2026-06-23T12:13:33Z,1782216813,warmup,210.0,0.0055155094449999996,{}
3,A,P99 HTTP Latency Panel (Java vs Go),go_inventory,go,inventory,order-java:8083,order-java:8083,2026-06-23 17:43:33,2026-06-23T12:13:33Z,1782216813,warmup,210.0,0.00683671489,{}
3,A,P99 HTTP Latency Panel (Java vs Go),go_inventory,go,inventory,warehouse-java-twin:9084,warehouse-java-twin:9084,2026-06-23 17:43:33,2026-06-23T12:13:33Z,1782216813,warmup,210.0,0.006913610444999999,{}
3,A,P99 HTTP Latency Panel (Java vs Go),go_inventory,go,inventory,inventory-java:8082,inventory-java:8082,2026-06-23 17:43:48,2026-06-23T12:13:48Z,1782216828,warmup,225.0,0.005438613889999999,{}
3,A,P99 HTTP Latency Panel (Java vs Go),go_inventory,go,inventory,order-java:8083,order-java:8083,2026-06-23 17:43:48,2026-06-23T12:13:48Z,1782216828,warmup,225.0,0.006913610444999999,{}
3,A,P99 HTTP Latency Panel (Java vs Go),go_inventory,go,inventory,warehouse-java-twin:9084,warehouse-java-twin:9084,2026-06-23 17:43:48,2026-06-23T12:13:48Z,1782216828,warmup,225.0,0.006939242296666666,{}
3,A,P99 HTTP Latency Panel (Java vs Go),go_inventory,go,inventory,inventory-java:8082,inventory-java:8082,2026-06-23 17:44:03,2026-06-23T12:14:03Z,1782216843,warmup,240.0,0.004181487973333333,{}
3,A,P99 HTTP Latency Panel (Java vs Go),go_inventory,go,inventory,order-java:8083,order-java:8083,2026-06-23 17:44:03,2026-06-23T12:14:03Z,1782216843,warmup,240.0,0.006913610444999999,{}
3,A,P99 HTTP Latency Panel (Java vs Go),go_inventory,go,inventory,warehouse-java-twin:9084,warehouse-java-twin:9084,2026-06-23 17:44:03,2026-06-23T12:14:03Z,1782216843,warmup,240.0,0.006913610444999999,{}
3,A,P99 HTTP Latency Panel (Java vs Go),go_inventory,go,inventory,inventory-java:8082,inventory-java:8082,2026-06-23 17:44:18,2026-06-23T12:14:18Z,1782216858,warmup,255.0,0.005438613889999999,{}
3,A,P99 HTTP Latency Panel (Java vs Go),go_inventory,go,inventory,order-java:8083,order-java:8083,2026-06-23 17:44:18,2026-06-23T12:14:18Z,1782216858,warmup,255.0,0.00683671489,{}
3,A,P99 HTTP Latency Panel (Java vs Go),go_inventory,go,inventory,warehouse-java-twin:9084,warehouse-java-twin:9084,2026-06-23 17:44:18,2026-06-23T12:14:18Z,1782216858,warmup,255.0,0.00683671489,{}
3,A,P99 HTTP Latency Panel (Java vs Go),go_inventory,go,inventory,inventory-java:8082,inventory-java:8082,2026-06-23 17:44:33,2026-06-23T12:14:33Z,1782216873,warmup,270.0,0.005438613889999999,{}
3,A,P99 HTTP Latency Panel (Java vs Go),go_inventory,go,inventory,order-java:8083,order-java:8083,2026-06-23 17:44:33,2026-06-23T12:14:33Z,1782216873,warmup,270.0,0.00683671489,{}
3,A,P99 HTTP Latency Panel (Java vs Go),go_inventory,go,inventory,warehouse-java-twin:9084,warehouse-java-twin:9084,2026-06-23 17:44:33,2026-06-23T12:14:33Z,1782216873,warmup,270.0,0.005541141296666666,{}
3,A,P99 HTTP Latency Panel (Java vs Go),go_inventory,go,inventory,inventory-java:8082,inventory-java:8082,2026-06-23 17:44:48,2026-06-23T12:14:48Z,1782216888,warmup,285.0,0.005438613889999999,{}
3,A,P99 HTTP Latency Panel (Java vs Go),go_inventory,go,inventory,order-java:8083,order-java:8083,2026-06-23 17:44:48,2026-06-23T12:14:48Z,1782216888,warmup,285.0,0.005566773148333333,{}
3,A,P99 HTTP Latency Panel (Java vs Go),go_inventory,go,inventory,warehouse-java-twin:9084,warehouse-java-twin:9084,2026-06-23 17:44:48,2026-06-23T12:14:48Z,1782216888,warmup,285.0,0.005515509445,{}
3,A,P99 HTTP Latency Panel (Java vs Go),go_inventory,go,inventory,inventory-java:8082,inventory-java:8082,2026-06-23 17:45:03,2026-06-23T12:15:03Z,1782216903,ramp_1,300.0,0.005515509445,{}
3,A,P99 HTTP Latency Panel (Java vs Go),go_inventory,go,inventory,order-java:8083,order-java:8083,2026-06-23 17:45:03,2026-06-23T12:15:03Z,1782216903,ramp_1,300.0,0.005570434841428572,{}
3,A,P99 HTTP Latency Panel (Java vs Go),go_inventory,go,inventory,warehouse-java-twin:9084,warehouse-java-twin:9084,2026-06-23 17:45:03,2026-06-23T12:15:03Z,1782216903,ramp_1,300.0,0.0055155094449999996,{}
3,A,P99 HTTP Latency Panel (Java vs Go),go_inventory,go,inventory,inventory-java:8082,inventory-java:8082,2026-06-23 17:45:18,2026-06-23T12:15:18Z,1782216918,ramp_1,315.0,0.005438613889999999,{}
3,A,P99 HTTP Latency Panel (Java vs Go),go_inventory,go,inventory,order-java:8083,order-java:8083,2026-06-23 17:45:18,2026-06-23T12:15:18Z,1782216918,ramp_1,315.0,0.005553957222499999,{}
3,A,P99 HTTP Latency Panel (Java vs Go),go_inventory,go,inventory,warehouse-java-twin:9084,warehouse-java-twin:9084,2026-06-23 17:45:18,2026-06-23T12:15:18Z,1782216918,ramp_1,315.0,0.005515509445,{}
3,A,P99 HTTP Latency Panel (Java vs Go),go_inventory,go,inventory,inventory-java:8082,inventory-java:8082,2026-06-23 17:45:33,2026-06-23T12:15:33Z,1782216933,ramp_1,330.0,0.005515509445,{}
3,A,P99 HTTP Latency Panel (Java vs Go),go_inventory,go,inventory,order-java:8083,order-java:8083,2026-06-23 17:45:33,2026-06-23T12:15:33Z,1782216933,ramp_1,330.0,0.005541141296666666,{}
3,A,P99 HTTP Latency Panel (Java vs Go),go_inventory,go,inventory,warehouse-java-twin:9084,warehouse-java-twin:9084,2026-06-23 17:45:33,2026-06-23T12:15:33Z,1782216933,ramp_1,330.0,0.005438613889999999,{}
3,A,P99 HTTP Latency Panel (Java vs Go),go_inventory,go,inventory,inventory-java:8082,inventory-java:8082,2026-06-23 17:45:48,2026-06-23T12:15:48Z,1782216948,ramp_1,345.0,0.005515509445,{}
3,A,P99 HTTP Latency Panel (Java vs Go),go_inventory,go,inventory,order-java:8083,order-java:8083,2026-06-23 17:45:48,2026-06-23T12:15:48Z,1782216948,ramp_1,345.0,0.0055155094449999996,{}
3,A,P99 HTTP Latency Panel (Java vs Go),go_inventory,go,inventory,warehouse-java-twin:9084,warehouse-java-twin:9084,2026-06-23 17:45:48,2026-06-23T12:15:48Z,1782216948,ramp_1,345.0,0.005438613889999999,{}
3,A,P99 HTTP Latency Panel (Java vs Go),go_inventory,go,inventory,inventory-java:8082,inventory-java:8082,2026-06-23 17:46:03,2026-06-23T12:16:03Z,1782216963,ramp_1,360.0,0.0055155094449999996,{}
3,A,P99 HTTP Latency Panel (Java vs Go),go_inventory,go,inventory,order-java:8083,order-java:8083,2026-06-23 17:46:03,2026-06-23T12:16:03Z,1782216963,ramp_1,360.0,0.00683671489,{}
3,A,P99 HTTP Latency Panel (Java vs Go),go_inventory,go,inventory,warehouse-java-twin:9084,warehouse-java-twin:9084,2026-06-23 17:46:03,2026-06-23T12:16:03Z,1782216963,ramp_1,360.0,0.0038063282499999993,{}
3,A,P99 HTTP Latency Panel (Java vs Go),go_inventory,go,inventory,inventory-java:8082,inventory-java:8082,2026-06-23 17:46:18,2026-06-23T12:16:18Z,1782216978,ramp_1,375.0,0.006836714889999998,{}
3,A,P99 HTTP Latency Panel (Java vs Go),go_inventory,go,inventory,order-java:8083,order-java:8083,2026-06-23 17:46:18,2026-06-23T12:16:18Z,1782216978,ramp_1,375.0,0.00683671489,{}
3,A,P99 HTTP Latency Panel (Java vs Go),go_inventory,go,inventory,warehouse-java-twin:9084,warehouse-java-twin:9084,2026-06-23 17:46:18,2026-06-23T12:16:18Z,1782216978,ramp_1,375.0,0.005515509445,{}
3,A,P99 HTTP Latency Panel (Java vs Go),go_inventory,go,inventory,inventory-java:8082,inventory-java:8082,2026-06-23 17:46:33,2026-06-23T12:16:33Z,1782216993,ramp_1,390.0,0.00683671489,{}
3,A,P99 HTTP Latency Panel (Java vs Go),go_inventory,go,inventory,order-java:8083,order-java:8083,2026-06-23 17:46:33,2026-06-23T12:16:33Z,1782216993,ramp_1,390.0,0.00683671489,{}
3,A,P99 HTTP Latency Panel (Java vs Go),go_inventory,go,inventory,warehouse-java-twin:9084,warehouse-java-twin:9084,2026-06-23 17:46:33,2026-06-23T12:16:33Z,1782216993,ramp_1,390.0,0.0055155094449999996,{}
3,A,P99 HTTP Latency Panel (Java vs Go),go_inventory,go,inventory,inventory-java:8082,inventory-java:8082,2026-06-23 17:46:48,2026-06-23T12:16:48Z,1782217008,ramp_1,405.0,0.00683671489,{}
3,A,P99 HTTP Latency Panel (Java vs Go),go_inventory,go,inventory,order-java:8083,order-java:8083,2026-06-23 17:46:48,2026-06-23T12:16:48Z,1782217008,ramp_1,405.0,0.005575317098888889,{}
3,A,P99 HTTP Latency Panel (Java vs Go),go_inventory,go,inventory,warehouse-java-twin:9084,warehouse-java-twin:9084,2026-06-23 17:46:48,2026-06-23T12:16:48Z,1782217008,ramp_1,405.0,0.005541141296666666,{}
3,A,P99 HTTP Latency Panel (Java vs Go),go_inventory,go,inventory,inventory-java:8082,inventory-java:8082,2026-06-23 17:47:03,2026-06-23T12:17:03Z,1782217023,ramp_1,420.0,0.0041750799600000004,{}
3,A,P99 HTTP Latency Panel (Java vs Go),go_inventory,go,inventory,order-java:8083,order-java:8083,2026-06-23 17:47:03,2026-06-23T12:17:03Z,1782217023,ramp_1,420.0,0.006913610444999999,{}
3,A,P99 HTTP Latency Panel (Java vs Go),go_inventory,go,inventory,warehouse-java-twin:9084,warehouse-java-twin:9084,2026-06-23 17:47:03,2026-06-23T12:17:03Z,1782217023,ramp_1,420.0,0.0055155094449999996,{}
3,A,P99 HTTP Latency Panel (Java vs Go),go_inventory,go,inventory,inventory-java:8082,inventory-java:8082,2026-06-23 17:47:18,2026-06-23T12:17:18Z,1782217038,ramp_1,435.0,0.00415585592,{}
3,A,P99 HTTP Latency Panel (Java vs Go),go_inventory,go,inventory,order-java:8083,order-java:8083,2026-06-23 17:47:18,2026-06-23T12:17:18Z,1782217038,ramp_1,435.0,0.006939242296666666,{}
3,A,P99 HTTP Latency Panel (Java vs Go),go_inventory,go,inventory,warehouse-java-twin:9084,warehouse-java-twin:9084,2026-06-23 17:47:18,2026-06-23T12:17:18Z,1782217038,ramp_1,435.0,0.005438613889999999,{}
3,A,P99 HTTP Latency Panel (Java vs Go),go_inventory,go,inventory,inventory-java:8082,inventory-java:8082,2026-06-23 17:47:33,2026-06-23T12:17:33Z,1782217053,ramp_1,450.0,0.003476027125,{}
3,A,P99 HTTP Latency Panel (Java vs Go),go_inventory,go,inventory,order-java:8083,order-java:8083,2026-06-23 17:47:33,2026-06-23T12:17:33Z,1782217053,ramp_1,450.0,0.006939242296666666,{}
3,A,P99 HTTP Latency Panel (Java vs Go),go_inventory,go,inventory,warehouse-java-twin:9084,warehouse-java-twin:9084,2026-06-23 17:47:33,2026-06-23T12:17:33Z,1782217053,ramp_1,450.0,0.005515509445,{}
3,A,P99 HTTP Latency Panel (Java vs Go),go_inventory,go,inventory,inventory-java:8082,inventory-java:8082,2026-06-23 17:47:48,2026-06-23T12:17:48Z,1782217068,ramp_1,465.0,0.003476027125,{}
3,A,P99 HTTP Latency Panel (Java vs Go),go_inventory,go,inventory,order-java:8083,order-java:8083,2026-06-23 17:47:48,2026-06-23T12:17:48Z,1782217068,ramp_1,465.0,0.006939242296666666,{}
3,A,P99 HTTP Latency Panel (Java vs Go),go_inventory,go,inventory,warehouse-java-twin:9084,warehouse-java-twin:9084,2026-06-23 17:47:48,2026-06-23T12:17:48Z,1782217068,ramp_1,465.0,0.005438613889999999,{}
3,A,P99 HTTP Latency Panel (Java vs Go),go_inventory,go,inventory,inventory-java:8082,inventory-java:8082,2026-06-23 17:48:03,2026-06-23T12:18:03Z,1782217083,ramp_1,480.0,0.008234815889999999,{}
3,A,P99 HTTP Latency Panel (Java vs Go),go_inventory,go,inventory,order-java:8083,order-java:8083,2026-06-23 17:48:03,2026-06-23T12:18:03Z,1782217083,ramp_1,480.0,0.006913610444999999,{}
3,A,P99 HTTP Latency Panel (Java vs Go),go_inventory,go,inventory,warehouse-java-twin:9084,warehouse-java-twin:9084,2026-06-23 17:48:03,2026-06-23T12:18:03Z,1782217083,ramp_1,480.0,0.005438613889999999,{}
3,A,P99 HTTP Latency Panel (Java vs Go),go_inventory,go,inventory,inventory-java:8082,inventory-java:8082,2026-06-23 17:48:18,2026-06-23T12:18:18Z,1782217098,ramp_1,495.0,0.008234815889999999,{}
3,A,P99 HTTP Latency Panel (Java vs Go),go_inventory,go,inventory,order-java:8083,order-java:8083,2026-06-23 17:48:18,2026-06-23T12:18:18Z,1782217098,ramp_1,495.0,0.009632916889999999,{}
3,A,P99 HTTP Latency Panel (Java vs Go),go_inventory,go,inventory,warehouse-java-twin:9084,warehouse-java-twin:9084,2026-06-23 17:48:18,2026-06-23T12:18:18Z,1782217098,ramp_1,495.0,0.005438613889999999,{}
3,A,P99 HTTP Latency Panel (Java vs Go),go_inventory,go,inventory,inventory-java:8082,inventory-java:8082,2026-06-23 17:48:33,2026-06-23T12:18:33Z,1782217113,ramp_1,510.0,0.008234815889999999,{}
3,A,P99 HTTP Latency Panel (Java vs Go),go_inventory,go,inventory,order-java:8083,order-java:8083,2026-06-23 17:48:33,2026-06-23T12:18:33Z,1782217113,ramp_1,510.0,0.009632916889999999,{}
3,A,P99 HTTP Latency Panel (Java vs Go),go_inventory,go,inventory,warehouse-java-twin:9084,warehouse-java-twin:9084,2026-06-23 17:48:33,2026-06-23T12:18:33Z,1782217113,ramp_1,510.0,0.005438613889999999,{}
3,A,P99 HTTP Latency Panel (Java vs Go),go_inventory,go,inventory,inventory-java:8082,inventory-java:8082,2026-06-23 17:48:48,2026-06-23T12:18:48Z,1782217128,ramp_1,525.0,0.0031072782499999996,{}
3,A,P99 HTTP Latency Panel (Java vs Go),go_inventory,go,inventory,order-java:8083,order-java:8083,2026-06-23 17:48:48,2026-06-23T12:18:48Z,1782217128,ramp_1,525.0,0.009632916889999999,{}
3,A,P99 HTTP Latency Panel (Java vs Go),go_inventory,go,inventory,warehouse-java-twin:9084,warehouse-java-twin:9084,2026-06-23 17:48:48,2026-06-23T12:18:48Z,1782217128,ramp_1,525.0,0.005438613889999999,{}
3,A,P99 HTTP Latency Panel (Java vs Go),go_inventory,go,inventory,inventory-java:8082,inventory-java:8082,2026-06-23 17:49:03,2026-06-23T12:19:03Z,1782217143,ramp_1,540.0,0.00683671489,{}
3,A,P99 HTTP Latency Panel (Java vs Go),go_inventory,go,inventory,order-java:8083,order-java:8083,2026-06-23 17:49:03,2026-06-23T12:19:03Z,1782217143,ramp_1,540.0,0.009709812445,{}
3,A,P99 HTTP Latency Panel (Java vs Go),go_inventory,go,inventory,warehouse-java-twin:9084,warehouse-java-twin:9084,2026-06-23 17:49:03,2026-06-23T12:19:03Z,1782217143,ramp_1,540.0,0.005438613889999999,{}
3,A,P99 HTTP Latency Panel (Java vs Go),go_inventory,go,inventory,inventory-java:8082,inventory-java:8082,2026-06-23 17:49:18,2026-06-23T12:19:18Z,1782217158,ramp_1,555.0,0.00683671489,{}
3,A,P99 HTTP Latency Panel (Java vs Go),go_inventory,go,inventory,order-java:8083,order-java:8083,2026-06-23 17:49:18,2026-06-23T12:19:18Z,1782217158,ramp_1,555.0,0.009632916889999999,{}
3,A,P99 HTTP Latency Panel (Java vs Go),go_inventory,go,inventory,warehouse-java-twin:9084,warehouse-java-twin:9084,2026-06-23 17:49:18,2026-06-23T12:19:18Z,1782217158,ramp_1,555.0,0.005438613889999999,{}
3,A,P99 HTTP Latency Panel (Java vs Go),go_inventory,go,inventory,inventory-java:8082,inventory-java:8082,2026-06-23 17:49:33,2026-06-23T12:19:33Z,1782217173,ramp_1,570.0,0.006836714889999998,{}
3,A,P99 HTTP Latency Panel (Java vs Go),go_inventory,go,inventory,order-java:8083,order-java:8083,2026-06-23 17:49:33,2026-06-23T12:19:33Z,1782217173,ramp_1,570.0,0.009632916889999999,{}
3,A,P99 HTTP Latency Panel (Java vs Go),go_inventory,go,inventory,warehouse-java-twin:9084,warehouse-java-twin:9084,2026-06-23 17:49:33,2026-06-23T12:19:33Z,1782217173,ramp_1,570.0,0.003831960083333333,{}
3,A,P99 HTTP Latency Panel (Java vs Go),go_inventory,go,inventory,inventory-java:8082,inventory-java:8082,2026-06-23 17:49:48,2026-06-23T12:19:48Z,1782217188,ramp_1,585.0,0.005515509445,{}
3,A,P99 HTTP Latency Panel (Java vs Go),go_inventory,go,inventory,order-java:8083,order-java:8083,2026-06-23 17:49:48,2026-06-23T12:19:48Z,1782217188,ramp_1,585.0,0.008337343296666666,{}
3,A,P99 HTTP Latency Panel (Java vs Go),go_inventory,go,inventory,warehouse-java-twin:9084,warehouse-java-twin:9084,2026-06-23 17:49:48,2026-06-23T12:19:48Z,1782217188,ramp_1,585.0,0.005438613889999999,{}
3,A,P99 HTTP Latency Panel (Java vs Go),go_inventory,go,inventory,inventory-java:8082,inventory-java:8082,2026-06-23 17:50:03,2026-06-23T12:20:03Z,1782217203,ramp_2,600.0,0.005515509445,{}
3,A,P99 HTTP Latency Panel (Java vs Go),go_inventory,go,inventory,order-java:8083,order-java:8083,2026-06-23 17:50:03,2026-06-23T12:20:03Z,1782217203,ramp_2,600.0,0.008337343296666666,{}
3,A,P99 HTTP Latency Panel (Java vs Go),go_inventory,go,inventory,warehouse-java-twin:9084,warehouse-java-twin:9084,2026-06-23 17:50:03,2026-06-23T12:20:03Z,1782217203,ramp_2,600.0,0.005438613889999999,{}
3,A,P99 HTTP Latency Panel (Java vs Go),go_inventory,go,inventory,inventory-java:8082,inventory-java:8082,2026-06-23 17:50:18,2026-06-23T12:20:18Z,1782217218,ramp_2,615.0,0.005541141296666666,{}
3,A,P99 HTTP Latency Panel (Java vs Go),go_inventory,go,inventory,order-java:8083,order-java:8083,2026-06-23 17:50:18,2026-06-23T12:20:18Z,1782217218,ramp_2,615.0,0.008311711445,{}
3,A,P99 HTTP Latency Panel (Java vs Go),go_inventory,go,inventory,warehouse-java-twin:9084,warehouse-java-twin:9084,2026-06-23 17:50:18,2026-06-23T12:20:18Z,1782217218,ramp_2,615.0,0.005515509445,{}
3,A,P99 HTTP Latency Panel (Java vs Go),go_inventory,go,inventory,inventory-java:8082,inventory-java:8082,2026-06-23 17:50:33,2026-06-23T12:20:33Z,1782217233,ramp_2,630.0,0.005515509445,{}
3,A,P99 HTTP Latency Panel (Java vs Go),go_inventory,go,inventory,order-java:8083,order-java:8083,2026-06-23 17:50:33,2026-06-23T12:20:33Z,1782217233,ramp_2,630.0,0.008234815889999999,{}
3,A,P99 HTTP Latency Panel (Java vs Go),go_inventory,go,inventory,warehouse-java-twin:9084,warehouse-java-twin:9084,2026-06-23 17:50:33,2026-06-23T12:20:33Z,1782217233,ramp_2,630.0,0.005515509445,{}
3,A,P99 HTTP Latency Panel (Java vs Go),go_inventory,go,inventory,inventory-java:8082,inventory-java:8082,2026-06-23 17:50:48,2026-06-23T12:20:48Z,1782217248,ramp_2,645.0,0.005438613889999999,{}
3,A,P99 HTTP Latency Panel (Java vs Go),go_inventory,go,inventory,order-java:8083,order-java:8083,2026-06-23 17:50:48,2026-06-23T12:20:48Z,1782217248,ramp_2,645.0,0.00683671489,{}
3,A,P99 HTTP Latency Panel (Java vs Go),go_inventory,go,inventory,warehouse-java-twin:9084,warehouse-java-twin:9084,2026-06-23 17:50:48,2026-06-23T12:20:48Z,1782217248,ramp_2,645.0,0.0055155094449999996,{}
3,A,P99 HTTP Latency Panel (Java vs Go),go_inventory,go,inventory,inventory-java:8082,inventory-java:8082,2026-06-23 17:51:03,2026-06-23T12:21:03Z,1782217263,ramp_2,660.0,0.005438613889999999,{}
3,A,P99 HTTP Latency Panel (Java vs Go),go_inventory,go,inventory,order-java:8083,order-java:8083,2026-06-23 17:51:03,2026-06-23T12:21:03Z,1782217263,ramp_2,660.0,0.0055616467779999994,{}
3,A,P99 HTTP Latency Panel (Java vs Go),go_inventory,go,inventory,warehouse-java-twin:9084,warehouse-java-twin:9084,2026-06-23 17:51:03,2026-06-23T12:21:03Z,1782217263,ramp_2,660.0,0.005515509445,{}
3,A,P99 HTTP Latency Panel (Java vs Go),go_inventory,go,inventory,inventory-java:8082,inventory-java:8082,2026-06-23 17:51:18,2026-06-23T12:21:18Z,1782217278,ramp_2,675.0,0.005438613889999999,{}
3,A,P99 HTTP Latency Panel (Java vs Go),go_inventory,go,inventory,order-java:8083,order-java:8083,2026-06-23 17:51:18,2026-06-23T12:21:18Z,1782217278,ramp_2,675.0,0.005553957222499999,{}
3,A,P99 HTTP Latency Panel (Java vs Go),go_inventory,go,inventory,warehouse-java-twin:9084,warehouse-java-twin:9084,2026-06-23 17:51:18,2026-06-23T12:21:18Z,1782217278,ramp_2,675.0,0.005438613889999999,{}
3,A,P99 HTTP Latency Panel (Java vs Go),go_inventory,go,inventory,inventory-java:8082,inventory-java:8082,2026-06-23 17:51:33,2026-06-23T12:21:33Z,1782217293,ramp_2,690.0,0.005438613889999999,{}
3,A,P99 HTTP Latency Panel (Java vs Go),go_inventory,go,inventory,order-java:8083,order-java:8083,2026-06-23 17:51:33,2026-06-23T12:21:33Z,1782217293,ramp_2,690.0,0.01103101789,{}
3,A,P99 HTTP Latency Panel (Java vs Go),go_inventory,go,inventory,warehouse-java-twin:9084,warehouse-java-twin:9084,2026-06-23 17:51:33,2026-06-23T12:21:33Z,1782217293,ramp_2,690.0,0.005438613889999999,{}
3,A,P99 HTTP Latency Panel (Java vs Go),go_inventory,go,inventory,inventory-java:8082,inventory-java:8082,2026-06-23 17:51:48,2026-06-23T12:21:48Z,1782217308,ramp_2,705.0,0.0055155094449999996,{}
3,A,P99 HTTP Latency Panel (Java vs Go),go_inventory,go,inventory,order-java:8083,order-java:8083,2026-06-23 17:51:48,2026-06-23T12:21:48Z,1782217308,ramp_2,705.0,0.01103101789,{}
3,A,P99 HTTP Latency Panel (Java vs Go),go_inventory,go,inventory,warehouse-java-twin:9084,warehouse-java-twin:9084,2026-06-23 17:51:48,2026-06-23T12:21:48Z,1782217308,ramp_2,705.0,0.005438613889999999,{}
3,A,P99 HTTP Latency Panel (Java vs Go),go_inventory,go,inventory,inventory-java:8082,inventory-java:8082,2026-06-23 17:52:03,2026-06-23T12:22:03Z,1782217323,ramp_2,720.0,0.005438613889999999,{}
3,A,P99 HTTP Latency Panel (Java vs Go),go_inventory,go,inventory,order-java:8083,order-java:8083,2026-06-23 17:52:03,2026-06-23T12:22:03Z,1782217323,ramp_2,720.0,0.01103101789,{}
3,A,P99 HTTP Latency Panel (Java vs Go),go_inventory,go,inventory,warehouse-java-twin:9084,warehouse-java-twin:9084,2026-06-23 17:52:03,2026-06-23T12:22:03Z,1782217323,ramp_2,720.0,0.005438613889999999,{}
3,A,P99 HTTP Latency Panel (Java vs Go),go_inventory,go,inventory,inventory-java:8082,inventory-java:8082,2026-06-23 17:52:18,2026-06-23T12:22:18Z,1782217338,ramp_2,735.0,0.0055155094449999996,{}
3,A,P99 HTTP Latency Panel (Java vs Go),go_inventory,go,inventory,order-java:8083,order-java:8083,2026-06-23 17:52:18,2026-06-23T12:22:18Z,1782217338,ramp_2,735.0,0.006939242296666666,{}
3,A,P99 HTTP Latency Panel (Java vs Go),go_inventory,go,inventory,warehouse-java-twin:9084,warehouse-java-twin:9084,2026-06-23 17:52:18,2026-06-23T12:22:18Z,1782217338,ramp_2,735.0,0.009632916889999999,{}
3,A,P99 HTTP Latency Panel (Java vs Go),go_inventory,go,inventory,inventory-java:8082,inventory-java:8082,2026-06-23 17:52:33,2026-06-23T12:22:33Z,1782217353,ramp_2,750.0,0.005438613889999999,{}
3,A,P99 HTTP Latency Panel (Java vs Go),go_inventory,go,inventory,order-java:8083,order-java:8083,2026-06-23 17:52:33,2026-06-23T12:22:33Z,1782217353,ramp_2,750.0,0.006913610444999999,{}
3,A,P99 HTTP Latency Panel (Java vs Go),go_inventory,go,inventory,warehouse-java-twin:9084,warehouse-java-twin:9084,2026-06-23 17:52:33,2026-06-23T12:22:33Z,1782217353,ramp_2,750.0,0.009632916889999999,{}
3,A,P99 HTTP Latency Panel (Java vs Go),go_inventory,go,inventory,inventory-java:8082,inventory-java:8082,2026-06-23 17:52:48,2026-06-23T12:22:48Z,1782217368,ramp_2,765.0,0.005438613889999999,{}
3,A,P99 HTTP Latency Panel (Java vs Go),go_inventory,go,inventory,order-java:8083,order-java:8083,2026-06-23 17:52:48,2026-06-23T12:22:48Z,1782217368,ramp_2,765.0,0.006913610444999999,{}
3,A,P99 HTTP Latency Panel (Java vs Go),go_inventory,go,inventory,warehouse-java-twin:9084,warehouse-java-twin:9084,2026-06-23 17:52:48,2026-06-23T12:22:48Z,1782217368,ramp_2,765.0,0.009632916889999999,{}
3,A,P99 HTTP Latency Panel (Java vs Go),go_inventory,go,inventory,inventory-java:8082,inventory-java:8082,2026-06-23 17:53:03,2026-06-23T12:23:03Z,1782217383,ramp_2,780.0,0.005515509445,{}
3,A,P99 HTTP Latency Panel (Java vs Go),go_inventory,go,inventory,order-java:8083,order-java:8083,2026-06-23 17:53:03,2026-06-23T12:23:03Z,1782217383,ramp_2,780.0,0.006913610444999999,{}
3,A,P99 HTTP Latency Panel (Java vs Go),go_inventory,go,inventory,warehouse-java-twin:9084,warehouse-java-twin:9084,2026-06-23 17:53:03,2026-06-23T12:23:03Z,1782217383,ramp_2,780.0,0.005438613889999999,{}
3,A,P99 HTTP Latency Panel (Java vs Go),go_inventory,go,inventory,inventory-java:8082,inventory-java:8082,2026-06-23 17:53:18,2026-06-23T12:23:18Z,1782217398,ramp_2,795.0,0.005438613889999999,{}
3,A,P99 HTTP Latency Panel (Java vs Go),go_inventory,go,inventory,order-java:8083,order-java:8083,2026-06-23 17:53:18,2026-06-23T12:23:18Z,1782217398,ramp_2,795.0,0.005541141296666666,{}
3,A,P99 HTTP Latency Panel (Java vs Go),go_inventory,go,inventory,warehouse-java-twin:9084,warehouse-java-twin:9084,2026-06-23 17:53:18,2026-06-23T12:23:18Z,1782217398,ramp_2,795.0,0.005438613889999999,{}
3,A,P99 HTTP Latency Panel (Java vs Go),go_inventory,go,inventory,inventory-java:8082,inventory-java:8082,2026-06-23 17:53:33,2026-06-23T12:23:33Z,1782217413,ramp_2,810.0,0.005438613889999999,{}
3,A,P99 HTTP Latency Panel (Java vs Go),go_inventory,go,inventory,order-java:8083,order-java:8083,2026-06-23 17:53:33,2026-06-23T12:23:33Z,1782217413,ramp_2,810.0,0.005541141296666666,{}
3,A,P99 HTTP Latency Panel (Java vs Go),go_inventory,go,inventory,warehouse-java-twin:9084,warehouse-java-twin:9084,2026-06-23 17:53:33,2026-06-23T12:23:33Z,1782217413,ramp_2,810.0,0.0055155094449999996,{}
3,A,P99 HTTP Latency Panel (Java vs Go),go_inventory,go,inventory,inventory-java:8082,inventory-java:8082,2026-06-23 17:53:48,2026-06-23T12:23:48Z,1782217428,ramp_2,825.0,0.005438613889999999,{}
3,A,P99 HTTP Latency Panel (Java vs Go),go_inventory,go,inventory,order-java:8083,order-java:8083,2026-06-23 17:53:48,2026-06-23T12:23:48Z,1782217428,ramp_2,825.0,0.0055616467779999994,{}
3,A,P99 HTTP Latency Panel (Java vs Go),go_inventory,go,inventory,warehouse-java-twin:9084,warehouse-java-twin:9084,2026-06-23 17:53:48,2026-06-23T12:23:48Z,1782217428,ramp_2,825.0,0.005541141296666666,{}
3,A,P99 HTTP Latency Panel (Java vs Go),go_inventory,go,inventory,inventory-java:8082,inventory-java:8082,2026-06-23 17:54:03,2026-06-23T12:24:03Z,1782217443,ramp_2,840.0,0.005438613889999999,{}
3,A,P99 HTTP Latency Panel (Java vs Go),go_inventory,go,inventory,order-java:8083,order-java:8083,2026-06-23 17:54:03,2026-06-23T12:24:03Z,1782217443,ramp_2,840.0,0.00683671489,{}
3,A,P99 HTTP Latency Panel (Java vs Go),go_inventory,go,inventory,warehouse-java-twin:9084,warehouse-java-twin:9084,2026-06-23 17:54:03,2026-06-23T12:24:03Z,1782217443,ramp_2,840.0,0.005541141296666666,{}
3,A,P99 HTTP Latency Panel (Java vs Go),go_inventory,go,inventory,inventory-java:8082,inventory-java:8082,2026-06-23 17:54:18,2026-06-23T12:24:18Z,1782217458,ramp_2,855.0,0.005438613889999999,{}
3,A,P99 HTTP Latency Panel (Java vs Go),go_inventory,go,inventory,order-java:8083,order-java:8083,2026-06-23 17:54:18,2026-06-23T12:24:18Z,1782217458,ramp_2,855.0,0.00683671489,{}
3,A,P99 HTTP Latency Panel (Java vs Go),go_inventory,go,inventory,warehouse-java-twin:9084,warehouse-java-twin:9084,2026-06-23 17:54:18,2026-06-23T12:24:18Z,1782217458,ramp_2,855.0,0.0055155094449999996,{}
3,A,P99 HTTP Latency Panel (Java vs Go),go_inventory,go,inventory,inventory-java:8082,inventory-java:8082,2026-06-23 17:54:33,2026-06-23T12:24:33Z,1782217473,ramp_2,870.0,0.005438613889999999,{}
3,A,P99 HTTP Latency Panel (Java vs Go),go_inventory,go,inventory,order-java:8083,order-java:8083,2026-06-23 17:54:33,2026-06-23T12:24:33Z,1782217473,ramp_2,870.0,0.00683671489,{}
3,A,P99 HTTP Latency Panel (Java vs Go),go_inventory,go,inventory,warehouse-java-twin:9084,warehouse-java-twin:9084,2026-06-23 17:54:33,2026-06-23T12:24:33Z,1782217473,ramp_2,870.0,0.005438613889999999,{}
3,A,P99 HTTP Latency Panel (Java vs Go),go_inventory,go,inventory,inventory-java:8082,inventory-java:8082,2026-06-23 17:54:48,2026-06-23T12:24:48Z,1782217488,ramp_2,885.0,0.00415585592,{}
3,A,P99 HTTP Latency Panel (Java vs Go),go_inventory,go,inventory,order-java:8083,order-java:8083,2026-06-23 17:54:48,2026-06-23T12:24:48Z,1782217488,ramp_2,885.0,0.005553957222499999,{}
3,A,P99 HTTP Latency Panel (Java vs Go),go_inventory,go,inventory,warehouse-java-twin:9084,warehouse-java-twin:9084,2026-06-23 17:54:48,2026-06-23T12:24:48Z,1782217488,ramp_2,885.0,0.005515509445,{}
3,A,P99 HTTP Latency Panel (Java vs Go),go_inventory,go,inventory,inventory-java:8082,inventory-java:8082,2026-06-23 17:55:03,2026-06-23T12:25:03Z,1782217503,ramp_3,900.0,0.0041750799600000004,{}
3,A,P99 HTTP Latency Panel (Java vs Go),go_inventory,go,inventory,order-java:8083,order-java:8083,2026-06-23 17:55:03,2026-06-23T12:25:03Z,1782217503,ramp_3,900.0,0.00683671489,{}
3,A,P99 HTTP Latency Panel (Java vs Go),go_inventory,go,inventory,warehouse-java-twin:9084,warehouse-java-twin:9084,2026-06-23 17:55:03,2026-06-23T12:25:03Z,1782217503,ramp_3,900.0,0.005515509445,{}
3,A,P99 HTTP Latency Panel (Java vs Go),go_inventory,go,inventory,inventory-java:8082,inventory-java:8082,2026-06-23 17:55:18,2026-06-23T12:25:18Z,1782217518,ramp_3,915.0,0.0041750799600000004,{}
3,A,P99 HTTP Latency Panel (Java vs Go),go_inventory,go,inventory,order-java:8083,order-java:8083,2026-06-23 17:55:18,2026-06-23T12:25:18Z,1782217518,ramp_3,915.0,0.00683671489,{}
3,A,P99 HTTP Latency Panel (Java vs Go),go_inventory,go,inventory,warehouse-java-twin:9084,warehouse-java-twin:9084,2026-06-23 17:55:18,2026-06-23T12:25:18Z,1782217518,ramp_3,915.0,0.005541141296666666,{}
3,A,P99 HTTP Latency Panel (Java vs Go),go_inventory,go,inventory,inventory-java:8082,inventory-java:8082,2026-06-23 17:55:33,2026-06-23T12:25:33Z,1782217533,ramp_3,930.0,0.0041750799600000004,{}
3,A,P99 HTTP Latency Panel (Java vs Go),go_inventory,go,inventory,order-java:8083,order-java:8083,2026-06-23 17:55:33,2026-06-23T12:25:33Z,1782217533,ramp_3,930.0,0.00683671489,{}
3,A,P99 HTTP Latency Panel (Java vs Go),go_inventory,go,inventory,warehouse-java-twin:9084,warehouse-java-twin:9084,2026-06-23 17:55:33,2026-06-23T12:25:33Z,1782217533,ramp_3,930.0,0.005541141296666666,{}
3,A,P99 HTTP Latency Panel (Java vs Go),go_inventory,go,inventory,inventory-java:8082,inventory-java:8082,2026-06-23 17:55:48,2026-06-23T12:25:48Z,1782217548,ramp_3,945.0,0.0041750799600000004,{}
3,A,P99 HTTP Latency Panel (Java vs Go),go_inventory,go,inventory,order-java:8083,order-java:8083,2026-06-23 17:55:48,2026-06-23T12:25:48Z,1782217548,ramp_3,945.0,0.005570434841428572,{}
3,A,P99 HTTP Latency Panel (Java vs Go),go_inventory,go,inventory,warehouse-java-twin:9084,warehouse-java-twin:9084,2026-06-23 17:55:48,2026-06-23T12:25:48Z,1782217548,ramp_3,945.0,0.005515509445,{}
3,A,P99 HTTP Latency Panel (Java vs Go),go_inventory,go,inventory,inventory-java:8082,inventory-java:8082,2026-06-23 17:56:03,2026-06-23T12:26:03Z,1782217563,ramp_3,960.0,0.00415585592,{}
3,A,P99 HTTP Latency Panel (Java vs Go),go_inventory,go,inventory,order-java:8083,order-java:8083,2026-06-23 17:56:03,2026-06-23T12:26:03Z,1782217563,ramp_3,960.0,0.00683671489,{}
3,A,P99 HTTP Latency Panel (Java vs Go),go_inventory,go,inventory,warehouse-java-twin:9084,warehouse-java-twin:9084,2026-06-23 17:56:03,2026-06-23T12:26:03Z,1782217563,ramp_3,960.0,0.005515509445,{}
3,A,P99 HTTP Latency Panel (Java vs Go),go_inventory,go,inventory,inventory-java:8082,inventory-java:8082,2026-06-23 17:56:18,2026-06-23T12:26:18Z,1782217578,ramp_3,975.0,0.005438613889999999,{}
3,A,P99 HTTP Latency Panel (Java vs Go),go_inventory,go,inventory,order-java:8083,order-java:8083,2026-06-23 17:56:18,2026-06-23T12:26:18Z,1782217578,ramp_3,975.0,0.00683671489,{}
3,A,P99 HTTP Latency Panel (Java vs Go),go_inventory,go,inventory,warehouse-java-twin:9084,warehouse-java-twin:9084,2026-06-23 17:56:18,2026-06-23T12:26:18Z,1782217578,ramp_3,975.0,0.005438613889999999,{}
3,A,P99 HTTP Latency Panel (Java vs Go),go_inventory,go,inventory,inventory-java:8082,inventory-java:8082,2026-06-23 17:56:33,2026-06-23T12:26:33Z,1782217593,ramp_3,990.0,0.005438613889999999,{}
3,A,P99 HTTP Latency Panel (Java vs Go),go_inventory,go,inventory,order-java:8083,order-java:8083,2026-06-23 17:56:33,2026-06-23T12:26:33Z,1782217593,ramp_3,990.0,0.00683671489,{}
3,A,P99 HTTP Latency Panel (Java vs Go),go_inventory,go,inventory,warehouse-java-twin:9084,warehouse-java-twin:9084,2026-06-23 17:56:33,2026-06-23T12:26:33Z,1782217593,ramp_3,990.0,0.004186614384,{}
3,A,P99 HTTP Latency Panel (Java vs Go),go_inventory,go,inventory,inventory-java:8082,inventory-java:8082,2026-06-23 17:56:48,2026-06-23T12:26:48Z,1782217608,ramp_3,1005.0,0.005438613889999999,{}
3,A,P99 HTTP Latency Panel (Java vs Go),go_inventory,go,inventory,order-java:8083,order-java:8083,2026-06-23 17:56:48,2026-06-23T12:26:48Z,1782217608,ramp_3,1005.0,0.00683671489,{}
3,A,P99 HTTP Latency Panel (Java vs Go),go_inventory,go,inventory,warehouse-java-twin:9084,warehouse-java-twin:9084,2026-06-23 17:56:48,2026-06-23T12:26:48Z,1782217608,ramp_3,1005.0,0.004188811417142857,{}
3,A,P99 HTTP Latency Panel (Java vs Go),go_inventory,go,inventory,inventory-java:8082,inventory-java:8082,2026-06-23 17:57:03,2026-06-23T12:27:03Z,1782217623,ramp_3,1020.0,0.00415585592,{}
3,A,P99 HTTP Latency Panel (Java vs Go),go_inventory,go,inventory,order-java:8083,order-java:8083,2026-06-23 17:57:03,2026-06-23T12:27:03Z,1782217623,ramp_3,1020.0,0.005577025889,{}
3,A,P99 HTTP Latency Panel (Java vs Go),go_inventory,go,inventory,warehouse-java-twin:9084,warehouse-java-twin:9084,2026-06-23 17:57:03,2026-06-23T12:27:03Z,1782217623,ramp_3,1020.0,0.004186614384,{}
3,A,P99 HTTP Latency Panel (Java vs Go),go_inventory,go,inventory,inventory-java:8082,inventory-java:8082,2026-06-23 17:57:18,2026-06-23T12:27:18Z,1782217638,ramp_3,1035.0,0.00383708645,{}
3,A,P99 HTTP Latency Panel (Java vs Go),go_inventory,go,inventory,order-java:8083,order-java:8083,2026-06-23 17:57:18,2026-06-23T12:27:18Z,1782217638,ramp_3,1035.0,0.005570434841428572,{}
3,A,P99 HTTP Latency Panel (Java vs Go),go_inventory,go,inventory,warehouse-java-twin:9084,warehouse-java-twin:9084,2026-06-23 17:57:18,2026-06-23T12:27:18Z,1782217638,ramp_3,1035.0,0.004181487973333333,{}
3,A,P99 HTTP Latency Panel (Java vs Go),go_inventory,go,inventory,inventory-java:8082,inventory-java:8082,2026-06-23 17:57:33,2026-06-23T12:27:33Z,1782217653,ramp_3,1050.0,0.003825552125,{}
3,A,P99 HTTP Latency Panel (Java vs Go),go_inventory,go,inventory,order-java:8083,order-java:8083,2026-06-23 17:57:33,2026-06-23T12:27:33Z,1782217653,ramp_3,1050.0,0.005553957222499999,{}
3,A,P99 HTTP Latency Panel (Java vs Go),go_inventory,go,inventory,warehouse-java-twin:9084,warehouse-java-twin:9084,2026-06-23 17:57:33,2026-06-23T12:27:33Z,1782217653,ramp_3,1050.0,0.004181487973333333,{}
3,A,P99 HTTP Latency Panel (Java vs Go),go_inventory,go,inventory,inventory-java:8082,inventory-java:8082,2026-06-23 17:57:48,2026-06-23T12:27:48Z,1782217668,ramp_3,1065.0,0.00345680325,{}
3,A,P99 HTTP Latency Panel (Java vs Go),go_inventory,go,inventory,order-java:8083,order-java:8083,2026-06-23 17:57:48,2026-06-23T12:27:48Z,1782217668,ramp_3,1065.0,0.005438613889999999,{}
3,A,P99 HTTP Latency Panel (Java vs Go),go_inventory,go,inventory,warehouse-java-twin:9084,warehouse-java-twin:9084,2026-06-23 17:57:48,2026-06-23T12:27:48Z,1782217668,ramp_3,1065.0,0.0038063282499999998,{}
3,A,P99 HTTP Latency Panel (Java vs Go),go_inventory,go,inventory,inventory-java:8082,inventory-java:8082,2026-06-23 17:58:03,2026-06-23T12:28:03Z,1782217683,ramp_3,1080.0,0.00243898645,{}
3,A,P99 HTTP Latency Panel (Java vs Go),go_inventory,go,inventory,order-java:8083,order-java:8083,2026-06-23 17:58:03,2026-06-23T12:28:03Z,1782217683,ramp_3,1080.0,0.00310727825,{}
3,A,P99 HTTP Latency Panel (Java vs Go),go_inventory,go,inventory,warehouse-java-twin:9084,warehouse-java-twin:9084,2026-06-23 17:58:03,2026-06-23T12:28:03Z,1782217683,ramp_3,1080.0,0.0024370640625,{}
3,A,P99 HTTP Latency Panel (Java vs Go),go_inventory,go,inventory,inventory-java:8082,inventory-java:8082,2026-06-23 17:58:18,2026-06-23T12:28:18Z,1782217698,ramp_3,1095.0,0.005438613889999999,{}
3,A,P99 HTTP Latency Panel (Java vs Go),go_inventory,go,inventory,order-java:8083,order-java:8083,2026-06-23 17:58:18,2026-06-23T12:28:18Z,1782217698,ramp_3,1095.0,0.005438613889999999,{}
3,A,P99 HTTP Latency Panel (Java vs Go),go_inventory,go,inventory,warehouse-java-twin:9084,warehouse-java-twin:9084,2026-06-23 17:58:18,2026-06-23T12:28:18Z,1782217698,ramp_3,1095.0,0.0038063282499999998,{}
3,A,P99 HTTP Latency Panel (Java vs Go),go_inventory,go,inventory,inventory-java:8082,inventory-java:8082,2026-06-23 17:58:33,2026-06-23T12:28:33Z,1782217713,ramp_3,1110.0,0.005515509445,{}
3,A,P99 HTTP Latency Panel (Java vs Go),go_inventory,go,inventory,order-java:8083,order-java:8083,2026-06-23 17:58:33,2026-06-23T12:28:33Z,1782217713,ramp_3,1110.0,0.005541141296666666,{}
3,A,P99 HTTP Latency Panel (Java vs Go),go_inventory,go,inventory,warehouse-java-twin:9084,warehouse-java-twin:9084,2026-06-23 17:58:33,2026-06-23T12:28:33Z,1782217713,ramp_3,1110.0,0.003825552125,{}
3,A,P99 HTTP Latency Panel (Java vs Go),go_inventory,go,inventory,inventory-java:8082,inventory-java:8082,2026-06-23 17:58:48,2026-06-23T12:28:48Z,1782217728,ramp_3,1125.0,0.0055155094449999996,{}
3,A,P99 HTTP Latency Panel (Java vs Go),go_inventory,go,inventory,order-java:8083,order-java:8083,2026-06-23 17:58:48,2026-06-23T12:28:48Z,1782217728,ramp_3,1125.0,0.005553957222499999,{}
3,A,P99 HTTP Latency Panel (Java vs Go),go_inventory,go,inventory,warehouse-java-twin:9084,warehouse-java-twin:9084,2026-06-23 17:58:48,2026-06-23T12:28:48Z,1782217728,ramp_3,1125.0,0.003825552125,{}
3,A,P99 HTTP Latency Panel (Java vs Go),go_inventory,go,inventory,inventory-java:8082,inventory-java:8082,2026-06-23 17:59:03,2026-06-23T12:29:03Z,1782217743,ramp_3,1140.0,0.005515509445,{}
3,A,P99 HTTP Latency Panel (Java vs Go),go_inventory,go,inventory,order-java:8083,order-java:8083,2026-06-23 17:59:03,2026-06-23T12:29:03Z,1782217743,ramp_3,1140.0,0.005566773148333333,{}
3,A,P99 HTTP Latency Panel (Java vs Go),go_inventory,go,inventory,warehouse-java-twin:9084,warehouse-java-twin:9084,2026-06-23 17:59:03,2026-06-23T12:29:03Z,1782217743,ramp_3,1140.0,0.005438613889999999,{}
3,A,P99 HTTP Latency Panel (Java vs Go),go_inventory,go,inventory,inventory-java:8082,inventory-java:8082,2026-06-23 17:59:18,2026-06-23T12:29:18Z,1782217758,ramp_3,1155.0,0.005438613889999999,{}
3,A,P99 HTTP Latency Panel (Java vs Go),go_inventory,go,inventory,order-java:8083,order-java:8083,2026-06-23 17:59:18,2026-06-23T12:29:18Z,1782217758,ramp_3,1155.0,0.0055616467779999994,{}
3,A,P99 HTTP Latency Panel (Java vs Go),go_inventory,go,inventory,warehouse-java-twin:9084,warehouse-java-twin:9084,2026-06-23 17:59:18,2026-06-23T12:29:18Z,1782217758,ramp_3,1155.0,0.005438613889999999,{}
3,A,P99 HTTP Latency Panel (Java vs Go),go_inventory,go,inventory,inventory-java:8082,inventory-java:8082,2026-06-23 17:59:33,2026-06-23T12:29:33Z,1782217773,ramp_3,1170.0,0.0055155094449999996,{}
3,A,P99 HTTP Latency Panel (Java vs Go),go_inventory,go,inventory,order-java:8083,order-java:8083,2026-06-23 17:59:33,2026-06-23T12:29:33Z,1782217773,ramp_3,1170.0,0.005553957222499999,{}
3,A,P99 HTTP Latency Panel (Java vs Go),go_inventory,go,inventory,warehouse-java-twin:9084,warehouse-java-twin:9084,2026-06-23 17:59:33,2026-06-23T12:29:33Z,1782217773,ramp_3,1170.0,0.005438613889999999,{}
3,A,P99 HTTP Latency Panel (Java vs Go),go_inventory,go,inventory,inventory-java:8082,inventory-java:8082,2026-06-23 17:59:48,2026-06-23T12:29:48Z,1782217788,ramp_3,1185.0,0.005541141296666666,{}
3,A,P99 HTTP Latency Panel (Java vs Go),go_inventory,go,inventory,order-java:8083,order-java:8083,2026-06-23 17:59:48,2026-06-23T12:29:48Z,1782217788,ramp_3,1185.0,0.00683671489,{}
3,A,P99 HTTP Latency Panel (Java vs Go),go_inventory,go,inventory,warehouse-java-twin:9084,warehouse-java-twin:9084,2026-06-23 17:59:48,2026-06-23T12:29:48Z,1782217788,ramp_3,1185.0,0.005438613889999999,{}
3,A,P99 HTTP Latency Panel (Java vs Go),go_inventory,go,inventory,inventory-java:8082,inventory-java:8082,2026-06-23 18:00:03,2026-06-23T12:30:03Z,1782217803,sustain,1200.0,0.005541141296666666,{}
3,A,P99 HTTP Latency Panel (Java vs Go),go_inventory,go,inventory,order-java:8083,order-java:8083,2026-06-23 18:00:03,2026-06-23T12:30:03Z,1782217803,sustain,1200.0,0.006913610444999999,{}
3,A,P99 HTTP Latency Panel (Java vs Go),go_inventory,go,inventory,warehouse-java-twin:9084,warehouse-java-twin:9084,2026-06-23 18:00:03,2026-06-23T12:30:03Z,1782217803,sustain,1200.0,0.005438613889999999,{}
3,A,P99 HTTP Latency Panel (Java vs Go),go_inventory,go,inventory,inventory-java:8082,inventory-java:8082,2026-06-23 18:00:18,2026-06-23T12:30:18Z,1782217818,sustain,1215.0,0.005553957222499999,{}
3,A,P99 HTTP Latency Panel (Java vs Go),go_inventory,go,inventory,order-java:8083,order-java:8083,2026-06-23 18:00:18,2026-06-23T12:30:18Z,1782217818,sustain,1215.0,0.006913610444999999,{}
3,A,P99 HTTP Latency Panel (Java vs Go),go_inventory,go,inventory,warehouse-java-twin:9084,warehouse-java-twin:9084,2026-06-23 18:00:18,2026-06-23T12:30:18Z,1782217818,sustain,1215.0,0.005438613889999999,{}
3,A,P99 HTTP Latency Panel (Java vs Go),go_inventory,go,inventory,inventory-java:8082,inventory-java:8082,2026-06-23 18:00:33,2026-06-23T12:30:33Z,1782217833,sustain,1230.0,0.005438613889999999,{}
3,A,P99 HTTP Latency Panel (Java vs Go),go_inventory,go,inventory,order-java:8083,order-java:8083,2026-06-23 18:00:33,2026-06-23T12:30:33Z,1782217833,sustain,1230.0,0.006913610444999999,{}
3,A,P99 HTTP Latency Panel (Java vs Go),go_inventory,go,inventory,warehouse-java-twin:9084,warehouse-java-twin:9084,2026-06-23 18:00:33,2026-06-23T12:30:33Z,1782217833,sustain,1230.0,0.00415585592,{}
3,A,P99 HTTP Latency Panel (Java vs Go),go_inventory,go,inventory,inventory-java:8082,inventory-java:8082,2026-06-23 18:00:48,2026-06-23T12:30:48Z,1782217848,sustain,1245.0,0.005438613889999999,{}
3,A,P99 HTTP Latency Panel (Java vs Go),go_inventory,go,inventory,order-java:8083,order-java:8083,2026-06-23 18:00:48,2026-06-23T12:30:48Z,1782217848,sustain,1245.0,0.00557318111125,{}
3,A,P99 HTTP Latency Panel (Java vs Go),go_inventory,go,inventory,warehouse-java-twin:9084,warehouse-java-twin:9084,2026-06-23 18:00:48,2026-06-23T12:30:48Z,1782217848,sustain,1245.0,0.0055155094449999996,{}
3,A,P99 HTTP Latency Panel (Java vs Go),go_inventory,go,inventory,inventory-java:8082,inventory-java:8082,2026-06-23 18:01:03,2026-06-23T12:31:03Z,1782217863,sustain,1260.0,0.00383708645,{}
3,A,P99 HTTP Latency Panel (Java vs Go),go_inventory,go,inventory,order-java:8083,order-java:8083,2026-06-23 18:01:03,2026-06-23T12:31:03Z,1782217863,sustain,1260.0,0.00557318111125,{}
3,A,P99 HTTP Latency Panel (Java vs Go),go_inventory,go,inventory,warehouse-java-twin:9084,warehouse-java-twin:9084,2026-06-23 18:01:03,2026-06-23T12:31:03Z,1782217863,sustain,1260.0,0.005515509445,{}
3,A,P99 HTTP Latency Panel (Java vs Go),go_inventory,go,inventory,inventory-java:8082,inventory-java:8082,2026-06-23 18:01:18,2026-06-23T12:31:18Z,1782217878,sustain,1275.0,0.005438613889999999,{}
3,A,P99 HTTP Latency Panel (Java vs Go),go_inventory,go,inventory,order-java:8083,order-java:8083,2026-06-23 18:01:18,2026-06-23T12:31:18Z,1782217878,sustain,1275.0,0.005575317098888889,{}
3,A,P99 HTTP Latency Panel (Java vs Go),go_inventory,go,inventory,warehouse-java-twin:9084,warehouse-java-twin:9084,2026-06-23 18:01:18,2026-06-23T12:31:18Z,1782217878,sustain,1275.0,0.0055155094449999996,{}
3,A,P99 HTTP Latency Panel (Java vs Go),go_inventory,go,inventory,inventory-java:8082,inventory-java:8082,2026-06-23 18:01:33,2026-06-23T12:31:33Z,1782217893,sustain,1290.0,0.005438613889999999,{}
3,A,P99 HTTP Latency Panel (Java vs Go),go_inventory,go,inventory,order-java:8083,order-java:8083,2026-06-23 18:01:33,2026-06-23T12:31:33Z,1782217893,sustain,1290.0,0.00557318111125,{}
3,A,P99 HTTP Latency Panel (Java vs Go),go_inventory,go,inventory,warehouse-java-twin:9084,warehouse-java-twin:9084,2026-06-23 18:01:33,2026-06-23T12:31:33Z,1782217893,sustain,1290.0,0.005438613889999999,{}
3,A,P99 HTTP Latency Panel (Java vs Go),go_inventory,go,inventory,inventory-java:8082,inventory-java:8082,2026-06-23 18:01:48,2026-06-23T12:31:48Z,1782217908,sustain,1305.0,0.005438613889999999,{}
3,A,P99 HTTP Latency Panel (Java vs Go),go_inventory,go,inventory,order-java:8083,order-java:8083,2026-06-23 18:01:48,2026-06-23T12:31:48Z,1782217908,sustain,1305.0,0.005566773148333333,{}
3,A,P99 HTTP Latency Panel (Java vs Go),go_inventory,go,inventory,warehouse-java-twin:9084,warehouse-java-twin:9084,2026-06-23 18:01:48,2026-06-23T12:31:48Z,1782217908,sustain,1305.0,0.00415585592,{}
3,A,P99 HTTP Latency Panel (Java vs Go),go_inventory,go,inventory,inventory-java:8082,inventory-java:8082,2026-06-23 18:02:03,2026-06-23T12:32:03Z,1782217923,sustain,1320.0,0.00415585592,{}
3,A,P99 HTTP Latency Panel (Java vs Go),go_inventory,go,inventory,order-java:8083,order-java:8083,2026-06-23 18:02:03,2026-06-23T12:32:03Z,1782217923,sustain,1320.0,0.005541141296666666,{}
3,A,P99 HTTP Latency Panel (Java vs Go),go_inventory,go,inventory,warehouse-java-twin:9084,warehouse-java-twin:9084,2026-06-23 18:02:03,2026-06-23T12:32:03Z,1782217923,sustain,1320.0,0.00415585592,{}
3,A,P99 HTTP Latency Panel (Java vs Go),go_inventory,go,inventory,inventory-java:8082,inventory-java:8082,2026-06-23 18:02:18,2026-06-23T12:32:18Z,1782217938,sustain,1335.0,0.0041750799600000004,{}
3,A,P99 HTTP Latency Panel (Java vs Go),go_inventory,go,inventory,order-java:8083,order-java:8083,2026-06-23 18:02:18,2026-06-23T12:32:18Z,1782217938,sustain,1335.0,0.008234815889999999,{}
3,A,P99 HTTP Latency Panel (Java vs Go),go_inventory,go,inventory,warehouse-java-twin:9084,warehouse-java-twin:9084,2026-06-23 18:02:18,2026-06-23T12:32:18Z,1782217938,sustain,1335.0,0.005438613889999999,{}
3,A,P99 HTTP Latency Panel (Java vs Go),go_inventory,go,inventory,inventory-java:8082,inventory-java:8082,2026-06-23 18:02:33,2026-06-23T12:32:33Z,1782217953,sustain,1350.0,0.0055155094449999996,{}
3,A,P99 HTTP Latency Panel (Java vs Go),go_inventory,go,inventory,order-java:8083,order-java:8083,2026-06-23 18:02:33,2026-06-23T12:32:33Z,1782217953,sustain,1350.0,0.008311711445,{}
3,A,P99 HTTP Latency Panel (Java vs Go),go_inventory,go,inventory,warehouse-java-twin:9084,warehouse-java-twin:9084,2026-06-23 18:02:33,2026-06-23T12:32:33Z,1782217953,sustain,1350.0,0.005438613889999999,{}
3,A,P99 HTTP Latency Panel (Java vs Go),go_inventory,go,inventory,inventory-java:8082,inventory-java:8082,2026-06-23 18:02:48,2026-06-23T12:32:48Z,1782217968,sustain,1365.0,0.005515509445,{}
3,A,P99 HTTP Latency Panel (Java vs Go),go_inventory,go,inventory,order-java:8083,order-java:8083,2026-06-23 18:02:48,2026-06-23T12:32:48Z,1782217968,sustain,1365.0,0.008311711445,{}
3,A,P99 HTTP Latency Panel (Java vs Go),go_inventory,go,inventory,warehouse-java-twin:9084,warehouse-java-twin:9084,2026-06-23 18:02:48,2026-06-23T12:32:48Z,1782217968,sustain,1365.0,0.005515509445,{}
3,A,P99 HTTP Latency Panel (Java vs Go),go_inventory,go,inventory,inventory-java:8082,inventory-java:8082,2026-06-23 18:03:03,2026-06-23T12:33:03Z,1782217983,sustain,1380.0,0.0055155094449999996,{}
3,A,P99 HTTP Latency Panel (Java vs Go),go_inventory,go,inventory,order-java:8083,order-java:8083,2026-06-23 18:03:03,2026-06-23T12:33:03Z,1782217983,sustain,1380.0,0.008311711445,{}
3,A,P99 HTTP Latency Panel (Java vs Go),go_inventory,go,inventory,warehouse-java-twin:9084,warehouse-java-twin:9084,2026-06-23 18:03:03,2026-06-23T12:33:03Z,1782217983,sustain,1380.0,0.005438613889999999,{}
3,A,P99 HTTP Latency Panel (Java vs Go),go_inventory,go,inventory,inventory-java:8082,inventory-java:8082,2026-06-23 18:03:18,2026-06-23T12:33:18Z,1782217998,sustain,1395.0,0.0055155094449999996,{}
3,A,P99 HTTP Latency Panel (Java vs Go),go_inventory,go,inventory,order-java:8083,order-java:8083,2026-06-23 18:03:18,2026-06-23T12:33:18Z,1782217998,sustain,1395.0,0.006913610444999999,{}
3,A,P99 HTTP Latency Panel (Java vs Go),go_inventory,go,inventory,warehouse-java-twin:9084,warehouse-java-twin:9084,2026-06-23 18:03:18,2026-06-23T12:33:18Z,1782217998,sustain,1395.0,0.005438613889999999,{}
3,A,P99 HTTP Latency Panel (Java vs Go),go_inventory,go,inventory,inventory-java:8082,inventory-java:8082,2026-06-23 18:03:33,2026-06-23T12:33:33Z,1782218013,sustain,1410.0,0.00683671489,{}
3,A,P99 HTTP Latency Panel (Java vs Go),go_inventory,go,inventory,order-java:8083,order-java:8083,2026-06-23 18:03:33,2026-06-23T12:33:33Z,1782218013,sustain,1410.0,0.00683671489,{}
3,A,P99 HTTP Latency Panel (Java vs Go),go_inventory,go,inventory,warehouse-java-twin:9084,warehouse-java-twin:9084,2026-06-23 18:03:33,2026-06-23T12:33:33Z,1782218013,sustain,1410.0,0.005438613889999999,{}
3,A,P99 HTTP Latency Panel (Java vs Go),go_inventory,go,inventory,inventory-java:8082,inventory-java:8082,2026-06-23 18:03:48,2026-06-23T12:33:48Z,1782218028,sustain,1425.0,0.00683671489,{}
3,A,P99 HTTP Latency Panel (Java vs Go),go_inventory,go,inventory,order-java:8083,order-java:8083,2026-06-23 18:03:48,2026-06-23T12:33:48Z,1782218028,sustain,1425.0,0.00683671489,{}
3,A,P99 HTTP Latency Panel (Java vs Go),go_inventory,go,inventory,warehouse-java-twin:9084,warehouse-java-twin:9084,2026-06-23 18:03:48,2026-06-23T12:33:48Z,1782218028,sustain,1425.0,0.005438613889999999,{}
3,A,P99 HTTP Latency Panel (Java vs Go),go_inventory,go,inventory,inventory-java:8082,inventory-java:8082,2026-06-23 18:04:03,2026-06-23T12:34:03Z,1782218043,sustain,1440.0,0.00683671489,{}
3,A,P99 HTTP Latency Panel (Java vs Go),go_inventory,go,inventory,order-java:8083,order-java:8083,2026-06-23 18:04:03,2026-06-23T12:34:03Z,1782218043,sustain,1440.0,0.00683671489,{}
3,A,P99 HTTP Latency Panel (Java vs Go),go_inventory,go,inventory,warehouse-java-twin:9084,warehouse-java-twin:9084,2026-06-23 18:04:03,2026-06-23T12:34:03Z,1782218043,sustain,1440.0,0.005438613889999999,{}
3,A,P99 HTTP Latency Panel (Java vs Go),go_inventory,go,inventory,inventory-java:8082,inventory-java:8082,2026-06-23 18:04:18,2026-06-23T12:34:18Z,1782218058,sustain,1455.0,0.006913610444999999,{}
3,A,P99 HTTP Latency Panel (Java vs Go),go_inventory,go,inventory,order-java:8083,order-java:8083,2026-06-23 18:04:18,2026-06-23T12:34:18Z,1782218058,sustain,1455.0,0.006836714889999998,{}
3,A,P99 HTTP Latency Panel (Java vs Go),go_inventory,go,inventory,warehouse-java-twin:9084,warehouse-java-twin:9084,2026-06-23 18:04:18,2026-06-23T12:34:18Z,1782218058,sustain,1455.0,0.005438613889999999,{}
3,A,P99 HTTP Latency Panel (Java vs Go),go_inventory,go,inventory,inventory-java:8082,inventory-java:8082,2026-06-23 18:04:33,2026-06-23T12:34:33Z,1782218073,sustain,1470.0,0.00683671489,{}
3,A,P99 HTTP Latency Panel (Java vs Go),go_inventory,go,inventory,order-java:8083,order-java:8083,2026-06-23 18:04:33,2026-06-23T12:34:33Z,1782218073,sustain,1470.0,0.00683671489,{}
3,A,P99 HTTP Latency Panel (Java vs Go),go_inventory,go,inventory,warehouse-java-twin:9084,warehouse-java-twin:9084,2026-06-23 18:04:33,2026-06-23T12:34:33Z,1782218073,sustain,1470.0,0.005438613889999999,{}
3,A,P99 HTTP Latency Panel (Java vs Go),go_inventory,go,inventory,inventory-java:8082,inventory-java:8082,2026-06-23 18:04:48,2026-06-23T12:34:48Z,1782218088,sustain,1485.0,0.006836714889999998,{}
3,A,P99 HTTP Latency Panel (Java vs Go),go_inventory,go,inventory,order-java:8083,order-java:8083,2026-06-23 18:04:48,2026-06-23T12:34:48Z,1782218088,sustain,1485.0,0.00345680325,{}
3,A,P99 HTTP Latency Panel (Java vs Go),go_inventory,go,inventory,warehouse-java-twin:9084,warehouse-java-twin:9084,2026-06-23 18:04:48,2026-06-23T12:34:48Z,1782218088,sustain,1485.0,0.00683671489,{}
3,A,P99 HTTP Latency Panel (Java vs Go),go_inventory,go,inventory,inventory-java:8082,inventory-java:8082,2026-06-23 18:05:03,2026-06-23T12:35:03Z,1782218103,sustain,1500.0,0.0041750799600000004,{}
3,A,P99 HTTP Latency Panel (Java vs Go),go_inventory,go,inventory,order-java:8083,order-java:8083,2026-06-23 18:05:03,2026-06-23T12:35:03Z,1782218103,sustain,1500.0,0.00683671489,{}
3,A,P99 HTTP Latency Panel (Java vs Go),go_inventory,go,inventory,warehouse-java-twin:9084,warehouse-java-twin:9084,2026-06-23 18:05:03,2026-06-23T12:35:03Z,1782218103,sustain,1500.0,0.00683671489,{}
3,A,P99 HTTP Latency Panel (Java vs Go),go_inventory,go,inventory,inventory-java:8082,inventory-java:8082,2026-06-23 18:05:18,2026-06-23T12:35:18Z,1782218118,sustain,1515.0,0.00415585592,{}
3,A,P99 HTTP Latency Panel (Java vs Go),go_inventory,go,inventory,order-java:8083,order-java:8083,2026-06-23 18:05:18,2026-06-23T12:35:18Z,1782218118,sustain,1515.0,0.00683671489,{}
3,A,P99 HTTP Latency Panel (Java vs Go),go_inventory,go,inventory,warehouse-java-twin:9084,warehouse-java-twin:9084,2026-06-23 18:05:18,2026-06-23T12:35:18Z,1782218118,sustain,1515.0,0.006836714889999998,{}
3,A,P99 HTTP Latency Panel (Java vs Go),go_inventory,go,inventory,inventory-java:8082,inventory-java:8082,2026-06-23 18:05:33,2026-06-23T12:35:33Z,1782218133,sustain,1530.0,0.00415585592,{}
3,A,P99 HTTP Latency Panel (Java vs Go),go_inventory,go,inventory,order-java:8083,order-java:8083,2026-06-23 18:05:33,2026-06-23T12:35:33Z,1782218133,sustain,1530.0,0.00683671489,{}
3,A,P99 HTTP Latency Panel (Java vs Go),go_inventory,go,inventory,warehouse-java-twin:9084,warehouse-java-twin:9084,2026-06-23 18:05:33,2026-06-23T12:35:33Z,1782218133,sustain,1530.0,0.00683671489,{}
3,A,P99 HTTP Latency Panel (Java vs Go),go_inventory,go,inventory,inventory-java:8082,inventory-java:8082,2026-06-23 18:05:48,2026-06-23T12:35:48Z,1782218148,sustain,1545.0,0.00415585592,{}
3,A,P99 HTTP Latency Panel (Java vs Go),go_inventory,go,inventory,order-java:8083,order-java:8083,2026-06-23 18:05:48,2026-06-23T12:35:48Z,1782218148,sustain,1545.0,0.006913610444999999,{}
3,A,P99 HTTP Latency Panel (Java vs Go),go_inventory,go,inventory,warehouse-java-twin:9084,warehouse-java-twin:9084,2026-06-23 18:05:48,2026-06-23T12:35:48Z,1782218148,sustain,1545.0,0.0055155094449999996,{}
3,A,P99 HTTP Latency Panel (Java vs Go),go_inventory,go,inventory,inventory-java:8082,inventory-java:8082,2026-06-23 18:06:03,2026-06-23T12:36:03Z,1782218163,sustain,1560.0,0.005438613889999999,{}
3,A,P99 HTTP Latency Panel (Java vs Go),go_inventory,go,inventory,order-java:8083,order-java:8083,2026-06-23 18:06:03,2026-06-23T12:36:03Z,1782218163,sustain,1560.0,0.008234815889999999,{}
3,A,P99 HTTP Latency Panel (Java vs Go),go_inventory,go,inventory,warehouse-java-twin:9084,warehouse-java-twin:9084,2026-06-23 18:06:03,2026-06-23T12:36:03Z,1782218163,sustain,1560.0,0.005515509445,{}
3,A,P99 HTTP Latency Panel (Java vs Go),go_inventory,go,inventory,inventory-java:8082,inventory-java:8082,2026-06-23 18:06:18,2026-06-23T12:36:18Z,1782218178,sustain,1575.0,0.005515509445,{}
3,A,P99 HTTP Latency Panel (Java vs Go),go_inventory,go,inventory,order-java:8083,order-java:8083,2026-06-23 18:06:18,2026-06-23T12:36:18Z,1782218178,sustain,1575.0,0.008234815889999999,{}
3,A,P99 HTTP Latency Panel (Java vs Go),go_inventory,go,inventory,warehouse-java-twin:9084,warehouse-java-twin:9084,2026-06-23 18:06:18,2026-06-23T12:36:18Z,1782218178,sustain,1575.0,0.005515509445,{}
3,A,P99 HTTP Latency Panel (Java vs Go),go_inventory,go,inventory,inventory-java:8082,inventory-java:8082,2026-06-23 18:06:33,2026-06-23T12:36:33Z,1782218193,sustain,1590.0,0.005515509445,{}
3,A,P99 HTTP Latency Panel (Java vs Go),go_inventory,go,inventory,order-java:8083,order-java:8083,2026-06-23 18:06:33,2026-06-23T12:36:33Z,1782218193,sustain,1590.0,0.008234815889999999,{}
3,A,P99 HTTP Latency Panel (Java vs Go),go_inventory,go,inventory,warehouse-java-twin:9084,warehouse-java-twin:9084,2026-06-23 18:06:33,2026-06-23T12:36:33Z,1782218193,sustain,1590.0,0.005438613889999999,{}
3,A,P99 HTTP Latency Panel (Java vs Go),go_inventory,go,inventory,inventory-java:8082,inventory-java:8082,2026-06-23 18:06:48,2026-06-23T12:36:48Z,1782218208,sustain,1605.0,0.0055155094449999996,{}
3,A,P99 HTTP Latency Panel (Java vs Go),go_inventory,go,inventory,order-java:8083,order-java:8083,2026-06-23 18:06:48,2026-06-23T12:36:48Z,1782218208,sustain,1605.0,0.008234815889999999,{}
3,A,P99 HTTP Latency Panel (Java vs Go),go_inventory,go,inventory,warehouse-java-twin:9084,warehouse-java-twin:9084,2026-06-23 18:06:48,2026-06-23T12:36:48Z,1782218208,sustain,1605.0,0.005438613889999999,{}
3,A,P99 HTTP Latency Panel (Java vs Go),go_inventory,go,inventory,inventory-java:8082,inventory-java:8082,2026-06-23 18:07:03,2026-06-23T12:37:03Z,1782218223,sustain,1620.0,0.00415585592,{}
3,A,P99 HTTP Latency Panel (Java vs Go),go_inventory,go,inventory,order-java:8083,order-java:8083,2026-06-23 18:07:03,2026-06-23T12:37:03Z,1782218223,sustain,1620.0,0.005578423989999999,{}
3,A,P99 HTTP Latency Panel (Java vs Go),go_inventory,go,inventory,warehouse-java-twin:9084,warehouse-java-twin:9084,2026-06-23 18:07:03,2026-06-23T12:37:03Z,1782218223,sustain,1620.0,0.005438613889999999,{}
3,A,P99 HTTP Latency Panel (Java vs Go),go_inventory,go,inventory,inventory-java:8082,inventory-java:8082,2026-06-23 18:07:18,2026-06-23T12:37:18Z,1782218238,sustain,1635.0,0.00415585592,{}
3,A,P99 HTTP Latency Panel (Java vs Go),go_inventory,go,inventory,order-java:8083,order-java:8083,2026-06-23 18:07:18,2026-06-23T12:37:18Z,1782218238,sustain,1635.0,0.005578423989999999,{}
3,A,P99 HTTP Latency Panel (Java vs Go),go_inventory,go,inventory,warehouse-java-twin:9084,warehouse-java-twin:9084,2026-06-23 18:07:18,2026-06-23T12:37:18Z,1782218238,sustain,1635.0,0.008234815889999999,{}
3,A,P99 HTTP Latency Panel (Java vs Go),go_inventory,go,inventory,inventory-java:8082,inventory-java:8082,2026-06-23 18:07:33,2026-06-23T12:37:33Z,1782218253,sustain,1650.0,0.004181487973333333,{}
3,A,P99 HTTP Latency Panel (Java vs Go),go_inventory,go,inventory,order-java:8083,order-java:8083,2026-06-23 18:07:33,2026-06-23T12:37:33Z,1782218253,sustain,1650.0,0.005575317098888889,{}
3,A,P99 HTTP Latency Panel (Java vs Go),go_inventory,go,inventory,warehouse-java-twin:9084,warehouse-java-twin:9084,2026-06-23 18:07:33,2026-06-23T12:37:33Z,1782218253,sustain,1650.0,0.008234815889999999,{}
3,A,P99 HTTP Latency Panel (Java vs Go),go_inventory,go,inventory,inventory-java:8082,inventory-java:8082,2026-06-23 18:07:48,2026-06-23T12:37:48Z,1782218268,sustain,1665.0,0.00418469198,{}
3,A,P99 HTTP Latency Panel (Java vs Go),go_inventory,go,inventory,order-java:8083,order-java:8083,2026-06-23 18:07:48,2026-06-23T12:37:48Z,1782218268,sustain,1665.0,0.005566773148333333,{}
3,A,P99 HTTP Latency Panel (Java vs Go),go_inventory,go,inventory,warehouse-java-twin:9084,warehouse-java-twin:9084,2026-06-23 18:07:48,2026-06-23T12:37:48Z,1782218268,sustain,1665.0,0.008311711444999998,{}
3,A,P99 HTTP Latency Panel (Java vs Go),go_inventory,go,inventory,inventory-java:8082,inventory-java:8082,2026-06-23 18:08:03,2026-06-23T12:38:03Z,1782218283,sustain,1680.0,0.00418469198,{}
3,A,P99 HTTP Latency Panel (Java vs Go),go_inventory,go,inventory,order-java:8083,order-java:8083,2026-06-23 18:08:03,2026-06-23T12:38:03Z,1782218283,sustain,1680.0,0.00683671489,{}
3,A,P99 HTTP Latency Panel (Java vs Go),go_inventory,go,inventory,warehouse-java-twin:9084,warehouse-java-twin:9084,2026-06-23 18:08:03,2026-06-23T12:38:03Z,1782218283,sustain,1680.0,0.008234815889999999,{}
3,A,P99 HTTP Latency Panel (Java vs Go),go_inventory,go,inventory,inventory-java:8082,inventory-java:8082,2026-06-23 18:08:18,2026-06-23T12:38:18Z,1782218298,sustain,1695.0,0.004181487973333333,{}
3,A,P99 HTTP Latency Panel (Java vs Go),go_inventory,go,inventory,order-java:8083,order-java:8083,2026-06-23 18:08:18,2026-06-23T12:38:18Z,1782218298,sustain,1695.0,0.00683671489,{}
3,A,P99 HTTP Latency Panel (Java vs Go),go_inventory,go,inventory,warehouse-java-twin:9084,warehouse-java-twin:9084,2026-06-23 18:08:18,2026-06-23T12:38:18Z,1782218298,sustain,1695.0,0.008234815889999999,{}
3,A,P99 HTTP Latency Panel (Java vs Go),go_inventory,go,inventory,inventory-java:8082,inventory-java:8082,2026-06-23 18:08:33,2026-06-23T12:38:33Z,1782218313,sustain,1710.0,0.0041750799600000004,{}
3,A,P99 HTTP Latency Panel (Java vs Go),go_inventory,go,inventory,order-java:8083,order-java:8083,2026-06-23 18:08:33,2026-06-23T12:38:33Z,1782218313,sustain,1710.0,0.00683671489,{}
3,A,P99 HTTP Latency Panel (Java vs Go),go_inventory,go,inventory,warehouse-java-twin:9084,warehouse-java-twin:9084,2026-06-23 18:08:33,2026-06-23T12:38:33Z,1782218313,sustain,1710.0,0.005438613889999999,{}
3,A,P99 HTTP Latency Panel (Java vs Go),go_inventory,go,inventory,inventory-java:8082,inventory-java:8082,2026-06-23 18:08:48,2026-06-23T12:38:48Z,1782218328,sustain,1725.0,0.00415585592,{}
3,A,P99 HTTP Latency Panel (Java vs Go),go_inventory,go,inventory,order-java:8083,order-java:8083,2026-06-23 18:08:48,2026-06-23T12:38:48Z,1782218328,sustain,1725.0,0.006913610444999999,{}
3,A,P99 HTTP Latency Panel (Java vs Go),go_inventory,go,inventory,warehouse-java-twin:9084,warehouse-java-twin:9084,2026-06-23 18:08:48,2026-06-23T12:38:48Z,1782218328,sustain,1725.0,0.005438613889999999,{}
3,A,P99 HTTP Latency Panel (Java vs Go),go_inventory,go,inventory,inventory-java:8082,inventory-java:8082,2026-06-23 18:09:03,2026-06-23T12:39:03Z,1782218343,sustain,1740.0,0.00415585592,{}
3,A,P99 HTTP Latency Panel (Java vs Go),go_inventory,go,inventory,order-java:8083,order-java:8083,2026-06-23 18:09:03,2026-06-23T12:39:03Z,1782218343,sustain,1740.0,0.00683671489,{}
3,A,P99 HTTP Latency Panel (Java vs Go),go_inventory,go,inventory,warehouse-java-twin:9084,warehouse-java-twin:9084,2026-06-23 18:09:03,2026-06-23T12:39:03Z,1782218343,sustain,1740.0,0.004187895986666667,{}
3,A,P99 HTTP Latency Panel (Java vs Go),go_inventory,go,inventory,inventory-java:8082,inventory-java:8082,2026-06-23 18:09:18,2026-06-23T12:39:18Z,1782218358,sustain,1755.0,0.005438613889999999,{}
3,A,P99 HTTP Latency Panel (Java vs Go),go_inventory,go,inventory,order-java:8083,order-java:8083,2026-06-23 18:09:18,2026-06-23T12:39:18Z,1782218358,sustain,1755.0,0.00683671489,{}
3,A,P99 HTTP Latency Panel (Java vs Go),go_inventory,go,inventory,warehouse-java-twin:9084,warehouse-java-twin:9084,2026-06-23 18:09:18,2026-06-23T12:39:18Z,1782218358,sustain,1755.0,0.004187895986666667,{}
3,A,P99 HTTP Latency Panel (Java vs Go),go_inventory,go,inventory,inventory-java:8082,inventory-java:8082,2026-06-23 18:09:33,2026-06-23T12:39:33Z,1782218373,sustain,1770.0,0.005438613889999999,{}
3,A,P99 HTTP Latency Panel (Java vs Go),go_inventory,go,inventory,order-java:8083,order-java:8083,2026-06-23 18:09:33,2026-06-23T12:39:33Z,1782218373,sustain,1770.0,0.00683671489,{}
3,A,P99 HTTP Latency Panel (Java vs Go),go_inventory,go,inventory,warehouse-java-twin:9084,warehouse-java-twin:9084,2026-06-23 18:09:33,2026-06-23T12:39:33Z,1782218373,sustain,1770.0,0.00418469198,{}
3,A,P99 HTTP Latency Panel (Java vs Go),go_inventory,go,inventory,inventory-java:8082,inventory-java:8082,2026-06-23 18:09:48,2026-06-23T12:39:48Z,1782218388,sustain,1785.0,0.005438613889999999,{}
3,A,P99 HTTP Latency Panel (Java vs Go),go_inventory,go,inventory,order-java:8083,order-java:8083,2026-06-23 18:09:48,2026-06-23T12:39:48Z,1782218388,sustain,1785.0,0.005578423989999999,{}
3,A,P99 HTTP Latency Panel (Java vs Go),go_inventory,go,inventory,warehouse-java-twin:9084,warehouse-java-twin:9084,2026-06-23 18:09:48,2026-06-23T12:39:48Z,1782218388,sustain,1785.0,0.005438613889999999,{}
3,A,P99 HTTP Latency Panel (Java vs Go),go_inventory,go,inventory,inventory-java:8082,inventory-java:8082,2026-06-23 18:10:03,2026-06-23T12:40:03Z,1782218403,cooldown,1800.0,0.0055155094449999996,{}
3,A,P99 HTTP Latency Panel (Java vs Go),go_inventory,go,inventory,order-java:8083,order-java:8083,2026-06-23 18:10:03,2026-06-23T12:40:03Z,1782218403,cooldown,1800.0,0.005575317098888888,{}
3,A,P99 HTTP Latency Panel (Java vs Go),go_inventory,go,inventory,warehouse-java-twin:9084,warehouse-java-twin:9084,2026-06-23 18:10:03,2026-06-23T12:40:03Z,1782218403,cooldown,1800.0,0.005438613889999999,{}
3,A,P99 HTTP Latency Panel (Java vs Go),go_inventory,go,inventory,inventory-java:8082,inventory-java:8082,2026-06-23 18:10:18,2026-06-23T12:40:18Z,1782218418,cooldown,1815.0,0.005438613889999999,{}
3,A,P99 HTTP Latency Panel (Java vs Go),go_inventory,go,inventory,order-java:8083,order-java:8083,2026-06-23 18:10:18,2026-06-23T12:40:18Z,1782218418,cooldown,1815.0,0.005575317098888889,{}
3,A,P99 HTTP Latency Panel (Java vs Go),go_inventory,go,inventory,warehouse-java-twin:9084,warehouse-java-twin:9084,2026-06-23 18:10:18,2026-06-23T12:40:18Z,1782218418,cooldown,1815.0,0.00683671489,{}
3,A,P99 HTTP Latency Panel (Java vs Go),go_inventory,go,inventory,inventory-java:8082,inventory-java:8082,2026-06-23 18:10:33,2026-06-23T12:40:33Z,1782218433,cooldown,1830.0,0.005438613889999999,{}
3,A,P99 HTTP Latency Panel (Java vs Go),go_inventory,go,inventory,order-java:8083,order-java:8083,2026-06-23 18:10:33,2026-06-23T12:40:33Z,1782218433,cooldown,1830.0,0.005570434841428571,{}
3,A,P99 HTTP Latency Panel (Java vs Go),go_inventory,go,inventory,warehouse-java-twin:9084,warehouse-java-twin:9084,2026-06-23 18:10:33,2026-06-23T12:40:33Z,1782218433,cooldown,1830.0,0.006836714889999998,{}
3,A,P99 HTTP Latency Panel (Java vs Go),go_inventory,go,inventory,inventory-java:8082,inventory-java:8082,2026-06-23 18:10:48,2026-06-23T12:40:48Z,1782218448,cooldown,1845.0,0.005438613889999999,{}
3,A,P99 HTTP Latency Panel (Java vs Go),go_inventory,go,inventory,order-java:8083,order-java:8083,2026-06-23 18:10:48,2026-06-23T12:40:48Z,1782218448,cooldown,1845.0,0.005566773148333333,{}
3,A,P99 HTTP Latency Panel (Java vs Go),go_inventory,go,inventory,warehouse-java-twin:9084,warehouse-java-twin:9084,2026-06-23 18:10:48,2026-06-23T12:40:48Z,1782218448,cooldown,1845.0,0.00683671489,{}
3,A,P99 HTTP Latency Panel (Java vs Go),go_inventory,go,inventory,inventory-java:8082,inventory-java:8082,2026-06-23 18:11:03,2026-06-23T12:41:03Z,1782218463,cooldown,1860.0,0.0041750799600000004,{}
3,A,P99 HTTP Latency Panel (Java vs Go),go_inventory,go,inventory,order-java:8083,order-java:8083,2026-06-23 18:11:03,2026-06-23T12:41:03Z,1782218463,cooldown,1860.0,0.005553957222499999,{}
3,A,P99 HTTP Latency Panel (Java vs Go),go_inventory,go,inventory,warehouse-java-twin:9084,warehouse-java-twin:9084,2026-06-23 18:11:03,2026-06-23T12:41:03Z,1782218463,cooldown,1860.0,0.00683671489,{}
3,A,P99 HTTP Latency Panel (Java vs Go),go_inventory,go,inventory,inventory-java:8082,inventory-java:8082,2026-06-23 18:11:18,2026-06-23T12:41:18Z,1782218478,cooldown,1875.0,0.0041750799600000004,{}
3,A,P99 HTTP Latency Panel (Java vs Go),go_inventory,go,inventory,order-java:8083,order-java:8083,2026-06-23 18:11:18,2026-06-23T12:41:18Z,1782218478,cooldown,1875.0,0.005515509445,{}
3,A,P99 HTTP Latency Panel (Java vs Go),go_inventory,go,inventory,warehouse-java-twin:9084,warehouse-java-twin:9084,2026-06-23 18:11:18,2026-06-23T12:41:18Z,1782218478,cooldown,1875.0,0.005541141296666666,{}
3,A,P99 HTTP Latency Panel (Java vs Go),go_inventory,go,inventory,inventory-java:8082,inventory-java:8082,2026-06-23 18:11:33,2026-06-23T12:41:33Z,1782218493,cooldown,1890.0,0.00683671489,{}
3,A,P99 HTTP Latency Panel (Java vs Go),go_inventory,go,inventory,order-java:8083,order-java:8083,2026-06-23 18:11:33,2026-06-23T12:41:33Z,1782218493,cooldown,1890.0,0.005541141296666666,{}
3,A,P99 HTTP Latency Panel (Java vs Go),go_inventory,go,inventory,warehouse-java-twin:9084,warehouse-java-twin:9084,2026-06-23 18:11:33,2026-06-23T12:41:33Z,1782218493,cooldown,1890.0,0.006913610444999999,{}
3,A,P99 HTTP Latency Panel (Java vs Go),go_inventory,go,inventory,inventory-java:8082,inventory-java:8082,2026-06-23 18:11:48,2026-06-23T12:41:48Z,1782218508,cooldown,1905.0,0.00683671489,{}
3,A,P99 HTTP Latency Panel (Java vs Go),go_inventory,go,inventory,order-java:8083,order-java:8083,2026-06-23 18:11:48,2026-06-23T12:41:48Z,1782218508,cooldown,1905.0,0.005566773148333333,{}
3,A,P99 HTTP Latency Panel (Java vs Go),go_inventory,go,inventory,warehouse-java-twin:9084,warehouse-java-twin:9084,2026-06-23 18:11:48,2026-06-23T12:41:48Z,1782218508,cooldown,1905.0,0.006913610444999999,{}
3,A,P99 HTTP Latency Panel (Java vs Go),go_inventory,go,inventory,inventory-java:8082,inventory-java:8082,2026-06-23 18:12:03,2026-06-23T12:42:03Z,1782218523,cooldown,1920.0,0.006836714889999998,{}
3,A,P99 HTTP Latency Panel (Java vs Go),go_inventory,go,inventory,order-java:8083,order-java:8083,2026-06-23 18:12:03,2026-06-23T12:42:03Z,1782218523,cooldown,1920.0,0.00683671489,{}
3,A,P99 HTTP Latency Panel (Java vs Go),go_inventory,go,inventory,warehouse-java-twin:9084,warehouse-java-twin:9084,2026-06-23 18:12:03,2026-06-23T12:42:03Z,1782218523,cooldown,1920.0,0.006913610444999999,{}
3,A,P99 HTTP Latency Panel (Java vs Go),go_inventory,go,inventory,inventory-java:8082,inventory-java:8082,2026-06-23 18:12:18,2026-06-23T12:42:18Z,1782218538,cooldown,1935.0,0.00683671489,{}
3,A,P99 HTTP Latency Panel (Java vs Go),go_inventory,go,inventory,order-java:8083,order-java:8083,2026-06-23 18:12:18,2026-06-23T12:42:18Z,1782218538,cooldown,1935.0,0.006913610444999999,{}
3,A,P99 HTTP Latency Panel (Java vs Go),go_inventory,go,inventory,warehouse-java-twin:9084,warehouse-java-twin:9084,2026-06-23 18:12:18,2026-06-23T12:42:18Z,1782218538,cooldown,1935.0,0.006913610444999999,{}
3,A,P99 HTTP Latency Panel (Java vs Go),go_inventory,go,inventory,inventory-java:8082,inventory-java:8082,2026-06-23 18:12:33,2026-06-23T12:42:33Z,1782218553,cooldown,1950.0,0.005438613889999999,{}
3,A,P99 HTTP Latency Panel (Java vs Go),go_inventory,go,inventory,order-java:8083,order-java:8083,2026-06-23 18:12:33,2026-06-23T12:42:33Z,1782218553,cooldown,1950.0,0.006913610444999999,{}
3,A,P99 HTTP Latency Panel (Java vs Go),go_inventory,go,inventory,warehouse-java-twin:9084,warehouse-java-twin:9084,2026-06-23 18:12:33,2026-06-23T12:42:33Z,1782218553,cooldown,1950.0,0.005541141296666666,{}
3,A,P99 HTTP Latency Panel (Java vs Go),go_inventory,go,inventory,inventory-java:8082,inventory-java:8082,2026-06-23 18:12:48,2026-06-23T12:42:48Z,1782218568,cooldown,1965.0,0.00415585592,{}
3,A,P99 HTTP Latency Panel (Java vs Go),go_inventory,go,inventory,order-java:8083,order-java:8083,2026-06-23 18:12:48,2026-06-23T12:42:48Z,1782218568,cooldown,1965.0,0.00683671489,{}
3,A,P99 HTTP Latency Panel (Java vs Go),go_inventory,go,inventory,warehouse-java-twin:9084,warehouse-java-twin:9084,2026-06-23 18:12:48,2026-06-23T12:42:48Z,1782218568,cooldown,1965.0,0.005438613889999999,{}
3,A,P99 HTTP Latency Panel (Java vs Go),go_inventory,go,inventory,inventory-java:8082,inventory-java:8082,2026-06-23 18:13:03,2026-06-23T12:43:03Z,1782218583,cooldown,1980.0,0.0041750799600000004,{}
3,A,P99 HTTP Latency Panel (Java vs Go),go_inventory,go,inventory,order-java:8083,order-java:8083,2026-06-23 18:13:03,2026-06-23T12:43:03Z,1782218583,cooldown,1980.0,0.005578423989999999,{}
3,A,P99 HTTP Latency Panel (Java vs Go),go_inventory,go,inventory,warehouse-java-twin:9084,warehouse-java-twin:9084,2026-06-23 18:13:03,2026-06-23T12:43:03Z,1782218583,cooldown,1980.0,0.004187895986666667,{}
3,A,P99 HTTP Latency Panel (Java vs Go),go_inventory,go,inventory,inventory-java:8082,inventory-java:8082,2026-06-23 18:13:18,2026-06-23T12:43:18Z,1782218598,cooldown,1995.0,0.0041750799600000004,{}
3,A,P99 HTTP Latency Panel (Java vs Go),go_inventory,go,inventory,order-java:8083,order-java:8083,2026-06-23 18:13:18,2026-06-23T12:43:18Z,1782218598,cooldown,1995.0,0.005575317098888889,{}
3,A,P99 HTTP Latency Panel (Java vs Go),go_inventory,go,inventory,warehouse-java-twin:9084,warehouse-java-twin:9084,2026-06-23 18:13:18,2026-06-23T12:43:18Z,1782218598,cooldown,1995.0,0.004186614384,{}
3,A,P99 HTTP Latency Panel (Java vs Go),go_inventory,go,inventory,inventory-java:8082,inventory-java:8082,2026-06-23 18:13:33,2026-06-23T12:43:33Z,1782218613,cooldown,2010.0,0.0041750799600000004,{}
3,A,P99 HTTP Latency Panel (Java vs Go),go_inventory,go,inventory,order-java:8083,order-java:8083,2026-06-23 18:13:33,2026-06-23T12:43:33Z,1782218613,cooldown,2010.0,0.005566773148333333,{}
3,A,P99 HTTP Latency Panel (Java vs Go),go_inventory,go,inventory,warehouse-java-twin:9084,warehouse-java-twin:9084,2026-06-23 18:13:33,2026-06-23T12:43:33Z,1782218613,cooldown,2010.0,0.004181487973333333,{}
3,A,P99 HTTP Latency Panel (Java vs Go),go_inventory,go,inventory,inventory-java:8082,inventory-java:8082,2026-06-23 18:13:48,2026-06-23T12:43:48Z,1782218628,cooldown,2025.0,0.004181487973333333,{}
3,A,P99 HTTP Latency Panel (Java vs Go),go_inventory,go,inventory,order-java:8083,order-java:8083,2026-06-23 18:13:48,2026-06-23T12:43:48Z,1782218628,cooldown,2025.0,0.00683671489,{}
3,A,P99 HTTP Latency Panel (Java vs Go),go_inventory,go,inventory,warehouse-java-twin:9084,warehouse-java-twin:9084,2026-06-23 18:13:48,2026-06-23T12:43:48Z,1782218628,cooldown,2025.0,0.004181487973333333,{}
3,A,P99 HTTP Latency Panel (Java vs Go),go_inventory,go,inventory,inventory-java:8082,inventory-java:8082,2026-06-23 18:14:03,2026-06-23T12:44:03Z,1782218643,cooldown,2040.0,0.0041750799600000004,{}
3,A,P99 HTTP Latency Panel (Java vs Go),go_inventory,go,inventory,order-java:8083,order-java:8083,2026-06-23 18:14:03,2026-06-23T12:44:03Z,1782218643,cooldown,2040.0,0.00683671489,{}
3,A,P99 HTTP Latency Panel (Java vs Go),go_inventory,go,inventory,warehouse-java-twin:9084,warehouse-java-twin:9084,2026-06-23 18:14:03,2026-06-23T12:44:03Z,1782218643,cooldown,2040.0,0.00415585592,{}
3,A,P99 HTTP Latency Panel (Java vs Go),go_inventory,go,inventory,inventory-java:8082,inventory-java:8082,2026-06-23 18:14:18,2026-06-23T12:44:18Z,1782218658,cooldown,2055.0,0.0041750799600000004,{}
3,A,P99 HTTP Latency Panel (Java vs Go),go_inventory,go,inventory,order-java:8083,order-java:8083,2026-06-23 18:14:18,2026-06-23T12:44:18Z,1782218658,cooldown,2055.0,0.00683671489,{}
3,A,P99 HTTP Latency Panel (Java vs Go),go_inventory,go,inventory,warehouse-java-twin:9084,warehouse-java-twin:9084,2026-06-23 18:14:18,2026-06-23T12:44:18Z,1782218658,cooldown,2055.0,0.005438613889999999,{}
3,A,P99 HTTP Latency Panel (Java vs Go),go_inventory,go,inventory,inventory-java:8082,inventory-java:8082,2026-06-23 18:14:33,2026-06-23T12:44:33Z,1782218673,cooldown,2070.0,0.00683671489,{}
3,A,P99 HTTP Latency Panel (Java vs Go),go_inventory,go,inventory,order-java:8083,order-java:8083,2026-06-23 18:14:33,2026-06-23T12:44:33Z,1782218673,cooldown,2070.0,0.006836714889999998,{}
3,A,P99 HTTP Latency Panel (Java vs Go),go_inventory,go,inventory,warehouse-java-twin:9084,warehouse-java-twin:9084,2026-06-23 18:14:33,2026-06-23T12:44:33Z,1782218673,cooldown,2070.0,0.005438613889999999,{}
3,A,P99 HTTP Latency Panel (Java vs Go),go_inventory,go,inventory,inventory-java:8082,inventory-java:8082,2026-06-23 18:14:48,2026-06-23T12:44:48Z,1782218688,cooldown,2085.0,0.00683671489,{}
3,A,P99 HTTP Latency Panel (Java vs Go),go_inventory,go,inventory,order-java:8083,order-java:8083,2026-06-23 18:14:48,2026-06-23T12:44:48Z,1782218688,cooldown,2085.0,0.0055616467779999994,{}
3,A,P99 HTTP Latency Panel (Java vs Go),go_inventory,go,inventory,warehouse-java-twin:9084,warehouse-java-twin:9084,2026-06-23 18:14:48,2026-06-23T12:44:48Z,1782218688,cooldown,2085.0,0.005438613889999999,{}
3,A,P99 HTTP Latency Panel (Java vs Go),go_inventory,go,inventory,inventory-java:8082,inventory-java:8082,2026-06-23 18:15:03,2026-06-23T12:45:03Z,1782218703,post_test,2100.0,0.00683671489,{}
3,A,P99 HTTP Latency Panel (Java vs Go),go_inventory,go,inventory,order-java:8083,order-java:8083,2026-06-23 18:15:03,2026-06-23T12:45:03Z,1782218703,post_test,2100.0,0.005570434841428572,{}
3,A,P99 HTTP Latency Panel (Java vs Go),go_inventory,go,inventory,warehouse-java-twin:9084,warehouse-java-twin:9084,2026-06-23 18:15:03,2026-06-23T12:45:03Z,1782218703,post_test,2100.0,0.005438613889999999,{}
3,A,P99 HTTP Latency Panel (Java vs Go),go_order,go,order,inventory-java:8082,inventory-java:8082,2026-06-23 16:19:47,2026-06-23T10:49:47Z,1782211787,warmup,0.0,0.005541141296666666,{}
3,A,P99 HTTP Latency Panel (Java vs Go),go_order,go,order,order-java:8083,order-java:8083,2026-06-23 16:19:47,2026-06-23T10:49:47Z,1782211787,warmup,0.0,0.005578423989999999,{}
3,A,P99 HTTP Latency Panel (Java vs Go),go_order,go,order,warehouse-java-twin:9084,warehouse-java-twin:9084,2026-06-23 16:19:47,2026-06-23T10:49:47Z,1782211787,warmup,0.0,0.005553957222499999,{}
3,A,P99 HTTP Latency Panel (Java vs Go),go_order,go,order,inventory-java:8082,inventory-java:8082,2026-06-23 16:20:02,2026-06-23T10:50:02Z,1782211802,warmup,15.0,0.005553957222499999,{}
3,A,P99 HTTP Latency Panel (Java vs Go),go_order,go,order,order-java:8083,order-java:8083,2026-06-23 16:20:02,2026-06-23T10:50:02Z,1782211802,warmup,15.0,0.005578423989999999,{}
3,A,P99 HTTP Latency Panel (Java vs Go),go_order,go,order,warehouse-java-twin:9084,warehouse-java-twin:9084,2026-06-23 16:20:02,2026-06-23T10:50:02Z,1782211802,warmup,15.0,0.0055616467779999994,{}
3,A,P99 HTTP Latency Panel (Java vs Go),go_order,go,order,inventory-java:8082,inventory-java:8082,2026-06-23 16:20:17,2026-06-23T10:50:17Z,1782211817,warmup,30.0,0.005553957222499999,{}
3,A,P99 HTTP Latency Panel (Java vs Go),go_order,go,order,order-java:8083,order-java:8083,2026-06-23 16:20:17,2026-06-23T10:50:17Z,1782211817,warmup,30.0,0.005578423989999999,{}
3,A,P99 HTTP Latency Panel (Java vs Go),go_order,go,order,warehouse-java-twin:9084,warehouse-java-twin:9084,2026-06-23 16:20:17,2026-06-23T10:50:17Z,1782211817,warmup,30.0,0.005553957222499999,{}
3,A,P99 HTTP Latency Panel (Java vs Go),go_order,go,order,inventory-java:8082,inventory-java:8082,2026-06-23 16:20:32,2026-06-23T10:50:32Z,1782211832,warmup,45.0,0.005541141296666666,{}
3,A,P99 HTTP Latency Panel (Java vs Go),go_order,go,order,order-java:8083,order-java:8083,2026-06-23 16:20:32,2026-06-23T10:50:32Z,1782211832,warmup,45.0,0.005577025889,{}
3,A,P99 HTTP Latency Panel (Java vs Go),go_order,go,order,warehouse-java-twin:9084,warehouse-java-twin:9084,2026-06-23 16:20:32,2026-06-23T10:50:32Z,1782211832,warmup,45.0,0.78293674475,{}
3,A,P99 HTTP Latency Panel (Java vs Go),go_order,go,order,inventory-java:8082,inventory-java:8082,2026-06-23 16:20:47,2026-06-23T10:50:47Z,1782211847,warmup,60.0,0.0055155094449999996,{}
3,A,P99 HTTP Latency Panel (Java vs Go),go_order,go,order,order-java:8083,order-java:8083,2026-06-23 16:20:47,2026-06-23T10:50:47Z,1782211847,warmup,60.0,0.005577025889,{}
3,A,P99 HTTP Latency Panel (Java vs Go),go_order,go,order,warehouse-java-twin:9084,warehouse-java-twin:9084,2026-06-23 16:20:47,2026-06-23T10:50:47Z,1782211847,warmup,60.0,0.7686201871499999,{}
3,A,P99 HTTP Latency Panel (Java vs Go),go_order,go,order,inventory-java:8082,inventory-java:8082,2026-06-23 16:21:02,2026-06-23T10:51:02Z,1782211862,warmup,75.0,0.005541141296666666,{}
3,A,P99 HTTP Latency Panel (Java vs Go),go_order,go,order,order-java:8083,order-java:8083,2026-06-23 16:21:02,2026-06-23T10:51:02Z,1782211862,warmup,75.0,0.005577025889,{}
3,A,P99 HTTP Latency Panel (Java vs Go),go_order,go,order,warehouse-java-twin:9084,warehouse-java-twin:9084,2026-06-23 16:21:02,2026-06-23T10:51:02Z,1782211862,warmup,75.0,0.8294655569499996,{}
3,A,P99 HTTP Latency Panel (Java vs Go),go_order,go,order,inventory-java:8082,inventory-java:8082,2026-06-23 16:21:17,2026-06-23T10:51:17Z,1782211877,warmup,90.0,0.005515509445,{}
3,A,P99 HTTP Latency Panel (Java vs Go),go_order,go,order,order-java:8083,order-java:8083,2026-06-23 16:21:17,2026-06-23T10:51:17Z,1782211877,warmup,90.0,0.00557318111125,{}
3,A,P99 HTTP Latency Panel (Java vs Go),go_order,go,order,warehouse-java-twin:9084,warehouse-java-twin:9084,2026-06-23 16:21:17,2026-06-23T10:51:17Z,1782211877,warmup,90.0,0.6218754717499994,{}
3,A,P99 HTTP Latency Panel (Java vs Go),go_order,go,order,inventory-java:8082,inventory-java:8082,2026-06-23 16:21:32,2026-06-23T10:51:32Z,1782211892,warmup,105.0,0.005541141296666666,{}
3,A,P99 HTTP Latency Panel (Java vs Go),go_order,go,order,order-java:8083,order-java:8083,2026-06-23 16:21:32,2026-06-23T10:51:32Z,1782211892,warmup,105.0,0.005575317098888889,{}
3,A,P99 HTTP Latency Panel (Java vs Go),go_order,go,order,warehouse-java-twin:9084,warehouse-java-twin:9084,2026-06-23 16:21:32,2026-06-23T10:51:32Z,1782211892,warmup,105.0,0.8348342660500003,{}
3,A,P99 HTTP Latency Panel (Java vs Go),go_order,go,order,inventory-java:8082,inventory-java:8082,2026-06-23 16:21:47,2026-06-23T10:51:47Z,1782211907,warmup,120.0,0.005515509445,{}
3,A,P99 HTTP Latency Panel (Java vs Go),go_order,go,order,order-java:8083,order-java:8083,2026-06-23 16:21:47,2026-06-23T10:51:47Z,1782211907,warmup,120.0,0.005575317098888889,{}
3,A,P99 HTTP Latency Panel (Java vs Go),go_order,go,order,warehouse-java-twin:9084,warehouse-java-twin:9084,2026-06-23 16:21:47,2026-06-23T10:51:47Z,1782211907,warmup,120.0,0.8200703160250002,{}
3,A,P99 HTTP Latency Panel (Java vs Go),go_order,go,order,inventory-java:8082,inventory-java:8082,2026-06-23 16:22:02,2026-06-23T10:52:02Z,1782211922,warmup,135.0,0.005553957222499999,{}
3,A,P99 HTTP Latency Panel (Java vs Go),go_order,go,order,order-java:8083,order-java:8083,2026-06-23 16:22:02,2026-06-23T10:52:02Z,1782211922,warmup,135.0,0.005575317098888889,{}
3,A,P99 HTTP Latency Panel (Java vs Go),go_order,go,order,warehouse-java-twin:9084,warehouse-java-twin:9084,2026-06-23 16:22:02,2026-06-23T10:52:02Z,1782211922,warmup,135.0,0.8070959356999999,{}
3,A,P99 HTTP Latency Panel (Java vs Go),go_order,go,order,inventory-java:8082,inventory-java:8082,2026-06-23 16:22:17,2026-06-23T10:52:17Z,1782211937,warmup,150.0,0.0055616467779999994,{}
3,A,P99 HTTP Latency Panel (Java vs Go),go_order,go,order,order-java:8083,order-java:8083,2026-06-23 16:22:17,2026-06-23T10:52:17Z,1782211937,warmup,150.0,0.005578423989999999,{}
3,A,P99 HTTP Latency Panel (Java vs Go),go_order,go,order,warehouse-java-twin:9084,warehouse-java-twin:9084,2026-06-23 16:22:17,2026-06-23T10:52:17Z,1782211937,warmup,150.0,0.588470170683332,{}
3,A,P99 HTTP Latency Panel (Java vs Go),go_order,go,order,inventory-java:8082,inventory-java:8082,2026-06-23 16:22:32,2026-06-23T10:52:32Z,1782211952,warmup,165.0,0.005553957222499999,{}
3,A,P99 HTTP Latency Panel (Java vs Go),go_order,go,order,order-java:8083,order-java:8083,2026-06-23 16:22:32,2026-06-23T10:52:32Z,1782211952,warmup,165.0,0.005578423989999999,{}
3,A,P99 HTTP Latency Panel (Java vs Go),go_order,go,order,warehouse-java-twin:9084,warehouse-java-twin:9084,2026-06-23 16:22:32,2026-06-23T10:52:32Z,1782211952,warmup,165.0,0.5361376845256944,{}
3,A,P99 HTTP Latency Panel (Java vs Go),go_order,go,order,inventory-java:8082,inventory-java:8082,2026-06-23 16:22:47,2026-06-23T10:52:47Z,1782211967,warmup,180.0,0.005553957222499999,{}
3,A,P99 HTTP Latency Panel (Java vs Go),go_order,go,order,order-java:8083,order-java:8083,2026-06-23 16:22:47,2026-06-23T10:52:47Z,1782211967,warmup,180.0,0.005577025889,{}
3,A,P99 HTTP Latency Panel (Java vs Go),go_order,go,order,warehouse-java-twin:9084,warehouse-java-twin:9084,2026-06-23 16:22:47,2026-06-23T10:52:47Z,1782211967,warmup,180.0,0.5358366791603895,{}
3,A,P99 HTTP Latency Panel (Java vs Go),go_order,go,order,inventory-java:8082,inventory-java:8082,2026-06-23 16:23:02,2026-06-23T10:53:02Z,1782211982,warmup,195.0,0.005553957222499999,{}
3,A,P99 HTTP Latency Panel (Java vs Go),go_order,go,order,order-java:8083,order-java:8083,2026-06-23 16:23:02,2026-06-23T10:53:02Z,1782211982,warmup,195.0,0.005577025889,{}
3,A,P99 HTTP Latency Panel (Java vs Go),go_order,go,order,warehouse-java-twin:9084,warehouse-java-twin:9084,2026-06-23 16:23:02,2026-06-23T10:53:02Z,1782211982,warmup,195.0,0.5722149125750003,{}
3,A,P99 HTTP Latency Panel (Java vs Go),go_order,go,order,inventory-java:8082,inventory-java:8082,2026-06-23 16:23:17,2026-06-23T10:53:17Z,1782211997,warmup,210.0,0.005515509445,{}
3,A,P99 HTTP Latency Panel (Java vs Go),go_order,go,order,order-java:8083,order-java:8083,2026-06-23 16:23:17,2026-06-23T10:53:17Z,1782211997,warmup,210.0,0.005575317098888889,{}
3,A,P99 HTTP Latency Panel (Java vs Go),go_order,go,order,warehouse-java-twin:9084,warehouse-java-twin:9084,2026-06-23 16:23:17,2026-06-23T10:53:17Z,1782211997,warmup,210.0,0.5587931398249999,{}
3,A,P99 HTTP Latency Panel (Java vs Go),go_order,go,order,inventory-java:8082,inventory-java:8082,2026-06-23 16:23:32,2026-06-23T10:53:32Z,1782212012,warmup,225.0,0.005438613889999999,{}
3,A,P99 HTTP Latency Panel (Java vs Go),go_order,go,order,order-java:8083,order-java:8083,2026-06-23 16:23:32,2026-06-23T10:53:32Z,1782212012,warmup,225.0,0.005577025889,{}
3,A,P99 HTTP Latency Panel (Java vs Go),go_order,go,order,warehouse-java-twin:9084,warehouse-java-twin:9084,2026-06-23 16:23:32,2026-06-23T10:53:32Z,1782212012,warmup,225.0,0.5444765822249995,{}
3,A,P99 HTTP Latency Panel (Java vs Go),go_order,go,order,inventory-java:8082,inventory-java:8082,2026-06-23 16:23:47,2026-06-23T10:53:47Z,1782212027,warmup,240.0,0.005438613889999999,{}
3,A,P99 HTTP Latency Panel (Java vs Go),go_order,go,order,order-java:8083,order-java:8083,2026-06-23 16:23:47,2026-06-23T10:53:47Z,1782212027,warmup,240.0,0.005575317098888889,{}
3,A,P99 HTTP Latency Panel (Java vs Go),go_order,go,order,warehouse-java-twin:9084,warehouse-java-twin:9084,2026-06-23 16:23:47,2026-06-23T10:53:47Z,1782212027,warmup,240.0,0.5748992671249998,{}
3,A,P99 HTTP Latency Panel (Java vs Go),go_order,go,order,inventory-java:8082,inventory-java:8082,2026-06-23 16:24:02,2026-06-23T10:54:02Z,1782212042,warmup,255.0,0.004187895986666667,{}
3,A,P99 HTTP Latency Panel (Java vs Go),go_order,go,order,order-java:8083,order-java:8083,2026-06-23 16:24:02,2026-06-23T10:54:02Z,1782212042,warmup,255.0,0.005570434841428572,{}
3,A,P99 HTTP Latency Panel (Java vs Go),go_order,go,order,warehouse-java-twin:9084,warehouse-java-twin:9084,2026-06-23 16:24:02,2026-06-23T10:54:02Z,1782212042,warmup,255.0,0.5532752999166659,{}
3,A,P99 HTTP Latency Panel (Java vs Go),go_order,go,order,inventory-java:8082,inventory-java:8082,2026-06-23 16:24:17,2026-06-23T10:54:17Z,1782212057,warmup,270.0,0.005438613889999999,{}
3,A,P99 HTTP Latency Panel (Java vs Go),go_order,go,order,order-java:8083,order-java:8083,2026-06-23 16:24:17,2026-06-23T10:54:17Z,1782212057,warmup,270.0,0.005570434841428572,{}
3,A,P99 HTTP Latency Panel (Java vs Go),go_order,go,order,warehouse-java-twin:9084,warehouse-java-twin:9084,2026-06-23 16:24:17,2026-06-23T10:54:17Z,1782212057,warmup,270.0,0.5738553514666667,{}
3,A,P99 HTTP Latency Panel (Java vs Go),go_order,go,order,inventory-java:8082,inventory-java:8082,2026-06-23 16:24:32,2026-06-23T10:54:32Z,1782212072,warmup,285.0,0.005541141296666666,{}
3,A,P99 HTTP Latency Panel (Java vs Go),go_order,go,order,order-java:8083,order-java:8083,2026-06-23 16:24:32,2026-06-23T10:54:32Z,1782212072,warmup,285.0,0.00557318111125,{}
3,A,P99 HTTP Latency Panel (Java vs Go),go_order,go,order,warehouse-java-twin:9084,warehouse-java-twin:9084,2026-06-23 16:24:32,2026-06-23T10:54:32Z,1782212072,warmup,285.0,1.2368483199700049,{}
3,A,P99 HTTP Latency Panel (Java vs Go),go_order,go,order,inventory-java:8082,inventory-java:8082,2026-06-23 16:24:47,2026-06-23T10:54:47Z,1782212087,ramp_1,300.0,0.005541141296666666,{}
3,A,P99 HTTP Latency Panel (Java vs Go),go_order,go,order,order-java:8083,order-java:8083,2026-06-23 16:24:47,2026-06-23T10:54:47Z,1782212087,ramp_1,300.0,0.00557318111125,{}
3,A,P99 HTTP Latency Panel (Java vs Go),go_order,go,order,warehouse-java-twin:9084,warehouse-java-twin:9084,2026-06-23 16:24:47,2026-06-23T10:54:47Z,1782212087,ramp_1,300.0,1.2179300116600031,{}
3,A,P99 HTTP Latency Panel (Java vs Go),go_order,go,order,inventory-java:8082,inventory-java:8082,2026-06-23 16:25:02,2026-06-23T10:55:02Z,1782212102,ramp_1,315.0,0.005553957222499999,{}
3,A,P99 HTTP Latency Panel (Java vs Go),go_order,go,order,order-java:8083,order-java:8083,2026-06-23 16:25:02,2026-06-23T10:55:02Z,1782212102,ramp_1,315.0,0.005577025889,{}
3,A,P99 HTTP Latency Panel (Java vs Go),go_order,go,order,warehouse-java-twin:9084,warehouse-java-twin:9084,2026-06-23 16:25:02,2026-06-23T10:55:02Z,1782212102,ramp_1,315.0,1.19696648083,{}
3,A,P99 HTTP Latency Panel (Java vs Go),go_order,go,order,inventory-java:8082,inventory-java:8082,2026-06-23 16:25:17,2026-06-23T10:55:17Z,1782212117,ramp_1,330.0,0.0055155094449999996,{}
3,A,P99 HTTP Latency Panel (Java vs Go),go_order,go,order,order-java:8083,order-java:8083,2026-06-23 16:25:17,2026-06-23T10:55:17Z,1782212117,ramp_1,330.0,0.005575317098888889,{}
3,A,P99 HTTP Latency Panel (Java vs Go),go_order,go,order,warehouse-java-twin:9084,warehouse-java-twin:9084,2026-06-23 16:25:17,2026-06-23T10:55:17Z,1782212117,ramp_1,330.0,1.0536091641999998,{}
3,A,P99 HTTP Latency Panel (Java vs Go),go_order,go,order,inventory-java:8082,inventory-java:8082,2026-06-23 16:25:32,2026-06-23T10:55:32Z,1782212132,ramp_1,345.0,0.005438613889999999,{}
3,A,P99 HTTP Latency Panel (Java vs Go),go_order,go,order,order-java:8083,order-java:8083,2026-06-23 16:25:32,2026-06-23T10:55:32Z,1782212132,ramp_1,345.0,0.005570434841428572,{}
3,A,P99 HTTP Latency Panel (Java vs Go),go_order,go,order,warehouse-java-twin:9084,warehouse-java-twin:9084,2026-06-23 16:25:32,2026-06-23T10:55:32Z,1782212132,ramp_1,345.0,0.6139789954487498,{}
3,A,P99 HTTP Latency Panel (Java vs Go),go_order,go,order,inventory-java:8082,inventory-java:8082,2026-06-23 16:25:47,2026-06-23T10:55:47Z,1782212147,ramp_1,360.0,0.005438613889999999,{}
3,A,P99 HTTP Latency Panel (Java vs Go),go_order,go,order,order-java:8083,order-java:8083,2026-06-23 16:25:47,2026-06-23T10:55:47Z,1782212147,ramp_1,360.0,0.005570434841428572,{}
3,A,P99 HTTP Latency Panel (Java vs Go),go_order,go,order,warehouse-java-twin:9084,warehouse-java-twin:9084,2026-06-23 16:25:47,2026-06-23T10:55:47Z,1782212147,ramp_1,360.0,0.6109006616510204,{}
3,A,P99 HTTP Latency Panel (Java vs Go),go_order,go,order,inventory-java:8082,inventory-java:8082,2026-06-23 16:26:02,2026-06-23T10:56:02Z,1782212162,ramp_1,375.0,0.004181487973333333,{}
3,A,P99 HTTP Latency Panel (Java vs Go),go_order,go,order,order-java:8083,order-java:8083,2026-06-23 16:26:02,2026-06-23T10:56:02Z,1782212162,ramp_1,375.0,0.0055616467779999994,{}
3,A,P99 HTTP Latency Panel (Java vs Go),go_order,go,order,warehouse-java-twin:9084,warehouse-java-twin:9084,2026-06-23 16:26:02,2026-06-23T10:56:02Z,1782212162,ramp_1,375.0,0.6146426275458331,{}
3,A,P99 HTTP Latency Panel (Java vs Go),go_order,go,order,inventory-java:8082,inventory-java:8082,2026-06-23 16:26:17,2026-06-23T10:56:17Z,1782212177,ramp_1,390.0,0.00415585592,{}
3,A,P99 HTTP Latency Panel (Java vs Go),go_order,go,order,order-java:8083,order-java:8083,2026-06-23 16:26:17,2026-06-23T10:56:17Z,1782212177,ramp_1,390.0,0.005541141296666666,{}
3,A,P99 HTTP Latency Panel (Java vs Go),go_order,go,order,warehouse-java-twin:9084,warehouse-java-twin:9084,2026-06-23 16:26:17,2026-06-23T10:56:17Z,1782212177,ramp_1,390.0,0.6108510470886792,{}
3,A,P99 HTTP Latency Panel (Java vs Go),go_order,go,order,inventory-java:8082,inventory-java:8082,2026-06-23 16:26:32,2026-06-23T10:56:32Z,1782212192,ramp_1,405.0,0.00415585592,{}
3,A,P99 HTTP Latency Panel (Java vs Go),go_order,go,order,order-java:8083,order-java:8083,2026-06-23 16:26:32,2026-06-23T10:56:32Z,1782212192,ramp_1,405.0,0.005541141296666666,{}
3,A,P99 HTTP Latency Panel (Java vs Go),go_order,go,order,warehouse-java-twin:9084,warehouse-java-twin:9084,2026-06-23 16:26:32,2026-06-23T10:56:32Z,1782212192,ramp_1,405.0,0.6120328383999998,{}
3,A,P99 HTTP Latency Panel (Java vs Go),go_order,go,order,inventory-java:8082,inventory-java:8082,2026-06-23 16:26:47,2026-06-23T10:56:47Z,1782212207,ramp_1,420.0,0.005438613889999999,{}
3,A,P99 HTTP Latency Panel (Java vs Go),go_order,go,order,order-java:8083,order-java:8083,2026-06-23 16:26:47,2026-06-23T10:56:47Z,1782212207,ramp_1,420.0,0.005515509445,{}
3,A,P99 HTTP Latency Panel (Java vs Go),go_order,go,order,warehouse-java-twin:9084,warehouse-java-twin:9084,2026-06-23 16:26:47,2026-06-23T10:56:47Z,1782212207,ramp_1,420.0,0.6141206697166666,{}
3,A,P99 HTTP Latency Panel (Java vs Go),go_order,go,order,inventory-java:8082,inventory-java:8082,2026-06-23 16:27:02,2026-06-23T10:57:02Z,1782212222,ramp_1,435.0,0.005438613889999999,{}
3,A,P99 HTTP Latency Panel (Java vs Go),go_order,go,order,order-java:8083,order-java:8083,2026-06-23 16:27:02,2026-06-23T10:57:02Z,1782212222,ramp_1,435.0,0.005541141296666666,{}
3,A,P99 HTTP Latency Panel (Java vs Go),go_order,go,order,warehouse-java-twin:9084,warehouse-java-twin:9084,2026-06-23 16:27:02,2026-06-23T10:57:02Z,1782212222,ramp_1,435.0,0.6193189436071428,{}
3,A,P99 HTTP Latency Panel (Java vs Go),go_order,go,order,inventory-java:8082,inventory-java:8082,2026-06-23 16:27:17,2026-06-23T10:57:17Z,1782212237,ramp_1,450.0,0.005438613889999999,{}
3,A,P99 HTTP Latency Panel (Java vs Go),go_order,go,order,order-java:8083,order-java:8083,2026-06-23 16:27:17,2026-06-23T10:57:17Z,1782212237,ramp_1,450.0,0.00683671489,{}
3,A,P99 HTTP Latency Panel (Java vs Go),go_order,go,order,warehouse-java-twin:9084,warehouse-java-twin:9084,2026-06-23 16:27:17,2026-06-23T10:57:17Z,1782212237,ramp_1,450.0,0.6317181051000004,{}
3,A,P99 HTTP Latency Panel (Java vs Go),go_order,go,order,inventory-java:8082,inventory-java:8082,2026-06-23 16:27:32,2026-06-23T10:57:32Z,1782212252,ramp_1,465.0,0.005438613889999999,{}
3,A,P99 HTTP Latency Panel (Java vs Go),go_order,go,order,order-java:8083,order-java:8083,2026-06-23 16:27:32,2026-06-23T10:57:32Z,1782212252,ramp_1,465.0,0.00683671489,{}
3,A,P99 HTTP Latency Panel (Java vs Go),go_order,go,order,warehouse-java-twin:9084,warehouse-java-twin:9084,2026-06-23 16:27:32,2026-06-23T10:57:32Z,1782212252,ramp_1,465.0,0.6505938045547617,{}
3,A,P99 HTTP Latency Panel (Java vs Go),go_order,go,order,inventory-java:8082,inventory-java:8082,2026-06-23 16:27:47,2026-06-23T10:57:47Z,1782212267,ramp_1,480.0,0.00275775325,{}
3,A,P99 HTTP Latency Panel (Java vs Go),go_order,go,order,order-java:8083,order-java:8083,2026-06-23 16:27:47,2026-06-23T10:57:47Z,1782212267,ramp_1,480.0,0.006836714889999998,{}
3,A,P99 HTTP Latency Panel (Java vs Go),go_order,go,order,warehouse-java-twin:9084,warehouse-java-twin:9084,2026-06-23 16:27:47,2026-06-23T10:57:47Z,1782212267,ramp_1,480.0,0.6786265229939397,{}
3,A,P99 HTTP Latency Panel (Java vs Go),go_order,go,order,inventory-java:8082,inventory-java:8082,2026-06-23 16:28:02,2026-06-23T10:58:02Z,1782212282,ramp_1,495.0,0.00275775325,{}
3,A,P99 HTTP Latency Panel (Java vs Go),go_order,go,order,order-java:8083,order-java:8083,2026-06-23 16:28:02,2026-06-23T10:58:02Z,1782212282,ramp_1,495.0,0.006836714889999998,{}
3,A,P99 HTTP Latency Panel (Java vs Go),go_order,go,order,warehouse-java-twin:9084,warehouse-java-twin:9084,2026-06-23 16:28:02,2026-06-23T10:58:02Z,1782212282,ramp_1,495.0,0.6765626164058829,{}
3,A,P99 HTTP Latency Panel (Java vs Go),go_order,go,order,inventory-java:8082,inventory-java:8082,2026-06-23 16:28:17,2026-06-23T10:58:17Z,1782212297,ramp_1,510.0,0.00345680325,{}
3,A,P99 HTTP Latency Panel (Java vs Go),go_order,go,order,order-java:8083,order-java:8083,2026-06-23 16:28:17,2026-06-23T10:58:17Z,1782212297,ramp_1,510.0,0.00310727825,{}
3,A,P99 HTTP Latency Panel (Java vs Go),go_order,go,order,warehouse-java-twin:9084,warehouse-java-twin:9084,2026-06-23 16:28:17,2026-06-23T10:58:17Z,1782212297,ramp_1,510.0,0.6502222557979997,{}
3,A,P99 HTTP Latency Panel (Java vs Go),go_order,go,order,inventory-java:8082,inventory-java:8082,2026-06-23 16:28:32,2026-06-23T10:58:32Z,1782212312,ramp_1,525.0,0.00345680325,{}
3,A,P99 HTTP Latency Panel (Java vs Go),go_order,go,order,order-java:8083,order-java:8083,2026-06-23 16:28:32,2026-06-23T10:58:32Z,1782212312,ramp_1,525.0,0.00310727825,{}
3,A,P99 HTTP Latency Panel (Java vs Go),go_order,go,order,warehouse-java-twin:9084,warehouse-java-twin:9084,2026-06-23 16:28:32,2026-06-23T10:58:32Z,1782212312,ramp_1,525.0,0.6250598531279409,{}
3,A,P99 HTTP Latency Panel (Java vs Go),go_order,go,order,inventory-java:8082,inventory-java:8082,2026-06-23 16:28:47,2026-06-23T10:58:47Z,1782212327,ramp_1,540.0,0.00345680325,{}
3,A,P99 HTTP Latency Panel (Java vs Go),go_order,go,order,order-java:8083,order-java:8083,2026-06-23 16:28:47,2026-06-23T10:58:47Z,1782212327,ramp_1,540.0,0.00275775325,{}
3,A,P99 HTTP Latency Panel (Java vs Go),go_order,go,order,warehouse-java-twin:9084,warehouse-java-twin:9084,2026-06-23 16:28:47,2026-06-23T10:58:47Z,1782212327,ramp_1,540.0,0.6116479847010751,{}
3,A,P99 HTTP Latency Panel (Java vs Go),go_order,go,order,inventory-java:8082,inventory-java:8082,2026-06-23 16:29:02,2026-06-23T10:59:02Z,1782212342,ramp_1,555.0,0.00275775325,{}
3,A,P99 HTTP Latency Panel (Java vs Go),go_order,go,order,order-java:8083,order-java:8083,2026-06-23 16:29:02,2026-06-23T10:59:02Z,1782212342,ramp_1,555.0,0.0024411834642857145,{}
3,A,P99 HTTP Latency Panel (Java vs Go),go_order,go,order,warehouse-java-twin:9084,warehouse-java-twin:9084,2026-06-23 16:29:02,2026-06-23T10:59:02Z,1782212342,ramp_1,555.0,0.5624617577100002,{}
3,A,P99 HTTP Latency Panel (Java vs Go),go_order,go,order,inventory-java:8082,inventory-java:8082,2026-06-23 16:29:17,2026-06-23T10:59:17Z,1782212357,ramp_1,570.0,0.00275775325,{}
3,A,P99 HTTP Latency Panel (Java vs Go),go_order,go,order,order-java:8083,order-java:8083,2026-06-23 16:29:17,2026-06-23T10:59:17Z,1782212357,ramp_1,570.0,0.0024370640625,{}
3,A,P99 HTTP Latency Panel (Java vs Go),go_order,go,order,warehouse-java-twin:9084,warehouse-java-twin:9084,2026-06-23 16:29:17,2026-06-23T10:59:17Z,1782212357,ramp_1,570.0,0.5521364828348485,{}
3,A,P99 HTTP Latency Panel (Java vs Go),go_order,go,order,inventory-java:8082,inventory-java:8082,2026-06-23 16:29:32,2026-06-23T10:59:32Z,1782212372,ramp_1,585.0,0.005438613889999999,{}
3,A,P99 HTTP Latency Panel (Java vs Go),go_order,go,order,order-java:8083,order-java:8083,2026-06-23 16:29:32,2026-06-23T10:59:32Z,1782212372,ramp_1,585.0,0.00275775325,{}
3,A,P99 HTTP Latency Panel (Java vs Go),go_order,go,order,warehouse-java-twin:9084,warehouse-java-twin:9084,2026-06-23 16:29:32,2026-06-23T10:59:32Z,1782212372,ramp_1,585.0,1.7766592388425038,{}
3,A,P99 HTTP Latency Panel (Java vs Go),go_order,go,order,inventory-java:8082,inventory-java:8082,2026-06-23 16:29:47,2026-06-23T10:59:47Z,1782212387,ramp_2,600.0,0.005438613889999999,{}
3,A,P99 HTTP Latency Panel (Java vs Go),go_order,go,order,order-java:8083,order-java:8083,2026-06-23 16:29:47,2026-06-23T10:59:47Z,1782212387,ramp_2,600.0,0.005438613889999999,{}
3,A,P99 HTTP Latency Panel (Java vs Go),go_order,go,order,warehouse-java-twin:9084,warehouse-java-twin:9084,2026-06-23 16:29:47,2026-06-23T10:59:47Z,1782212387,ramp_2,600.0,1.7585078889774997,{}
3,A,P99 HTTP Latency Panel (Java vs Go),go_order,go,order,inventory-java:8082,inventory-java:8082,2026-06-23 16:30:02,2026-06-23T11:00:02Z,1782212402,ramp_2,615.0,0.005438613889999999,{}
3,A,P99 HTTP Latency Panel (Java vs Go),go_order,go,order,order-java:8083,order-java:8083,2026-06-23 16:30:02,2026-06-23T11:00:02Z,1782212402,ramp_2,615.0,0.005438613889999999,{}
3,A,P99 HTTP Latency Panel (Java vs Go),go_order,go,order,warehouse-java-twin:9084,warehouse-java-twin:9084,2026-06-23 16:30:02,2026-06-23T11:00:02Z,1782212402,ramp_2,615.0,1.7407400183349957,{}
3,A,P99 HTTP Latency Panel (Java vs Go),go_order,go,order,inventory-java:8082,inventory-java:8082,2026-06-23 16:30:17,2026-06-23T11:00:17Z,1782212417,ramp_2,630.0,0.0038063282499999998,{}
3,A,P99 HTTP Latency Panel (Java vs Go),go_order,go,order,order-java:8083,order-java:8083,2026-06-23 16:30:17,2026-06-23T11:00:17Z,1782212417,ramp_2,630.0,0.005438613889999999,{}
3,A,P99 HTTP Latency Panel (Java vs Go),go_order,go,order,warehouse-java-twin:9084,warehouse-java-twin:9084,2026-06-23 16:30:17,2026-06-23T11:00:17Z,1782212417,ramp_2,630.0,1.721310404394997,{}
3,A,P99 HTTP Latency Panel (Java vs Go),go_order,go,order,inventory-java:8082,inventory-java:8082,2026-06-23 16:30:32,2026-06-23T11:00:32Z,1782212432,ramp_2,645.0,0.002084335083333333,{}
3,A,P99 HTTP Latency Panel (Java vs Go),go_order,go,order,order-java:8083,order-java:8083,2026-06-23 16:30:32,2026-06-23T11:00:32Z,1782212432,ramp_2,645.0,0.002427452125,{}
3,A,P99 HTTP Latency Panel (Java vs Go),go_order,go,order,warehouse-java-twin:9084,warehouse-java-twin:9084,2026-06-23 16:30:32,2026-06-23T11:00:32Z,1782212432,ramp_2,645.0,0.5362521523248072,{}
3,A,P99 HTTP Latency Panel (Java vs Go),go_order,go,order,inventory-java:8082,inventory-java:8082,2026-06-23 16:30:47,2026-06-23T11:00:47Z,1782212447,ramp_2,660.0,0.0020907430416666666,{}
3,A,P99 HTTP Latency Panel (Java vs Go),go_order,go,order,order-java:8083,order-java:8083,2026-06-23 16:30:47,2026-06-23T11:00:47Z,1782212447,ramp_2,660.0,0.00275775325,{}
3,A,P99 HTTP Latency Panel (Java vs Go),go_order,go,order,warehouse-java-twin:9084,warehouse-java-twin:9084,2026-06-23 16:30:47,2026-06-23T11:00:47Z,1782212447,ramp_2,660.0,0.5344371899027488,{}
3,A,P99 HTTP Latency Panel (Java vs Go),go_order,go,order,inventory-java:8082,inventory-java:8082,2026-06-23 16:31:02,2026-06-23T11:01:02Z,1782212462,ramp_2,675.0,0.0020907430416666666,{}
3,A,P99 HTTP Latency Panel (Java vs Go),go_order,go,order,order-java:8083,order-java:8083,2026-06-23 16:31:02,2026-06-23T11:01:02Z,1782212462,ramp_2,675.0,0.00275775325,{}
3,A,P99 HTTP Latency Panel (Java vs Go),go_order,go,order,warehouse-java-twin:9084,warehouse-java-twin:9084,2026-06-23 16:31:02,2026-06-23T11:01:02Z,1782212462,ramp_2,675.0,0.5333378267025733,{}
3,A,P99 HTTP Latency Panel (Java vs Go),go_order,go,order,inventory-java:8082,inventory-java:8082,2026-06-23 16:31:17,2026-06-23T11:01:17Z,1782212477,ramp_2,690.0,0.002091658464285714,{}
3,A,P99 HTTP Latency Panel (Java vs Go),go_order,go,order,order-java:8083,order-java:8083,2026-06-23 16:31:17,2026-06-23T11:01:17Z,1782212477,ramp_2,690.0,0.002776977125,{}
3,A,P99 HTTP Latency Panel (Java vs Go),go_order,go,order,warehouse-java-twin:9084,warehouse-java-twin:9084,2026-06-23 16:31:17,2026-06-23T11:01:17Z,1782212477,ramp_2,690.0,0.5339510867526316,{}
3,A,P99 HTTP Latency Panel (Java vs Go),go_order,go,order,inventory-java:8082,inventory-java:8082,2026-06-23 16:31:32,2026-06-23T11:01:32Z,1782212492,ramp_2,705.0,0.0020907430416666666,{}
3,A,P99 HTTP Latency Panel (Java vs Go),go_order,go,order,order-java:8083,order-java:8083,2026-06-23 16:31:32,2026-06-23T11:01:32Z,1782212492,ramp_2,705.0,0.002776977125,{}
3,A,P99 HTTP Latency Panel (Java vs Go),go_order,go,order,warehouse-java-twin:9084,warehouse-java-twin:9084,2026-06-23 16:31:32,2026-06-23T11:01:32Z,1782212492,ramp_2,705.0,0.6102757220365286,{}
3,A,P99 HTTP Latency Panel (Java vs Go),go_order,go,order,inventory-java:8082,inventory-java:8082,2026-06-23 16:31:47,2026-06-23T11:01:47Z,1782212507,ramp_2,720.0,0.005438613889999999,{}
3,A,P99 HTTP Latency Panel (Java vs Go),go_order,go,order,order-java:8083,order-java:8083,2026-06-23 16:31:47,2026-06-23T11:01:47Z,1782212507,ramp_2,720.0,0.002776977125,{}
3,A,P99 HTTP Latency Panel (Java vs Go),go_order,go,order,warehouse-java-twin:9084,warehouse-java-twin:9084,2026-06-23 16:31:47,2026-06-23T11:01:47Z,1782212507,ramp_2,720.0,0.7654325161218746,{}
3,A,P99 HTTP Latency Panel (Java vs Go),go_order,go,order,inventory-java:8082,inventory-java:8082,2026-06-23 16:32:02,2026-06-23T11:02:02Z,1782212522,ramp_2,735.0,0.005438613889999999,{}
3,A,P99 HTTP Latency Panel (Java vs Go),go_order,go,order,order-java:8083,order-java:8083,2026-06-23 16:32:02,2026-06-23T11:02:02Z,1782212522,ramp_2,735.0,0.00415585592,{}
3,A,P99 HTTP Latency Panel (Java vs Go),go_order,go,order,warehouse-java-twin:9084,warehouse-java-twin:9084,2026-06-23 16:32:02,2026-06-23T11:02:02Z,1782212522,ramp_2,735.0,0.8605885082543474,{}
3,A,P99 HTTP Latency Panel (Java vs Go),go_order,go,order,inventory-java:8082,inventory-java:8082,2026-06-23 16:32:17,2026-06-23T11:02:17Z,1782212537,ramp_2,750.0,0.005438613889999999,{}
3,A,P99 HTTP Latency Panel (Java vs Go),go_order,go,order,order-java:8083,order-java:8083,2026-06-23 16:32:17,2026-06-23T11:02:17Z,1782212537,ramp_2,750.0,0.00415585592,{}
3,A,P99 HTTP Latency Panel (Java vs Go),go_order,go,order,warehouse-java-twin:9084,warehouse-java-twin:9084,2026-06-23 16:32:17,2026-06-23T11:02:17Z,1782212537,ramp_2,750.0,0.9649104179585702,{}
3,A,P99 HTTP Latency Panel (Java vs Go),go_order,go,order,inventory-java:8082,inventory-java:8082,2026-06-23 16:32:32,2026-06-23T11:02:32Z,1782212552,ramp_2,765.0,0.005438613889999999,{}
3,A,P99 HTTP Latency Panel (Java vs Go),go_order,go,order,order-java:8083,order-java:8083,2026-06-23 16:32:32,2026-06-23T11:02:32Z,1782212552,ramp_2,765.0,0.00415585592,{}
3,A,P99 HTTP Latency Panel (Java vs Go),go_order,go,order,warehouse-java-twin:9084,warehouse-java-twin:9084,2026-06-23 16:32:32,2026-06-23T11:02:32Z,1782212552,ramp_2,765.0,1.0662581686399988,{}
3,A,P99 HTTP Latency Panel (Java vs Go),go_order,go,order,inventory-java:8082,inventory-java:8082,2026-06-23 16:32:47,2026-06-23T11:02:47Z,1782212567,ramp_2,780.0,0.00240822825,{}
3,A,P99 HTTP Latency Panel (Java vs Go),go_order,go,order,order-java:8083,order-java:8083,2026-06-23 16:32:47,2026-06-23T11:02:47Z,1782212567,ramp_2,780.0,0.003126502125,{}
3,A,P99 HTTP Latency Panel (Java vs Go),go_order,go,order,warehouse-java-twin:9084,warehouse-java-twin:9084,2026-06-23 16:32:47,2026-06-23T11:02:47Z,1782212567,ramp_2,780.0,1.3338005704925526,{}
3,A,P99 HTTP Latency Panel (Java vs Go),go_order,go,order,inventory-java:8082,inventory-java:8082,2026-06-23 16:33:02,2026-06-23T11:03:02Z,1782212582,ramp_2,795.0,0.0024082282499999995,{}
3,A,P99 HTTP Latency Panel (Java vs Go),go_order,go,order,order-java:8083,order-java:8083,2026-06-23 16:33:02,2026-06-23T11:03:02Z,1782212582,ramp_2,795.0,0.003126502125,{}
3,A,P99 HTTP Latency Panel (Java vs Go),go_order,go,order,warehouse-java-twin:9084,warehouse-java-twin:9084,2026-06-23 16:33:02,2026-06-23T11:03:02Z,1782212582,ramp_2,795.0,1.425831326953913,{}
3,A,P99 HTTP Latency Panel (Java vs Go),go_order,go,order,inventory-java:8082,inventory-java:8082,2026-06-23 16:33:17,2026-06-23T11:03:17Z,1782212597,ramp_2,810.0,0.0024082282499999995,{}
3,A,P99 HTTP Latency Panel (Java vs Go),go_order,go,order,order-java:8083,order-java:8083,2026-06-23 16:33:17,2026-06-23T11:03:17Z,1782212597,ramp_2,810.0,0.00310727825,{}
3,A,P99 HTTP Latency Panel (Java vs Go),go_order,go,order,warehouse-java-twin:9084,warehouse-java-twin:9084,2026-06-23 16:33:17,2026-06-23T11:03:17Z,1782212597,ramp_2,810.0,1.7334965219099951,{}
3,A,P99 HTTP Latency Panel (Java vs Go),go_order,go,order,inventory-java:8082,inventory-java:8082,2026-06-23 16:33:32,2026-06-23T11:03:32Z,1782212612,ramp_2,825.0,0.00275775325,{}
3,A,P99 HTTP Latency Panel (Java vs Go),go_order,go,order,order-java:8083,order-java:8083,2026-06-23 16:33:32,2026-06-23T11:03:32Z,1782212612,ramp_2,825.0,0.002776977125,{}
3,A,P99 HTTP Latency Panel (Java vs Go),go_order,go,order,warehouse-java-twin:9084,warehouse-java-twin:9084,2026-06-23 16:33:32,2026-06-23T11:03:32Z,1782212612,ramp_2,825.0,1.9915922415866645,{}
3,A,P99 HTTP Latency Panel (Java vs Go),go_order,go,order,inventory-java:8082,inventory-java:8082,2026-06-23 16:33:47,2026-06-23T11:03:47Z,1782212627,ramp_2,840.0,0.00275775325,{}
3,A,P99 HTTP Latency Panel (Java vs Go),go_order,go,order,order-java:8083,order-java:8083,2026-06-23 16:33:47,2026-06-23T11:03:47Z,1782212627,ramp_2,840.0,0.00275775325,{}
3,A,P99 HTTP Latency Panel (Java vs Go),go_order,go,order,warehouse-java-twin:9084,warehouse-java-twin:9084,2026-06-23 16:33:47,2026-06-23T11:03:47Z,1782212627,ramp_2,840.0,2.116927412037016,{}
3,A,P99 HTTP Latency Panel (Java vs Go),go_order,go,order,inventory-java:8082,inventory-java:8082,2026-06-23 16:34:02,2026-06-23T11:04:02Z,1782212642,ramp_2,855.0,0.002776977125,{}
3,A,P99 HTTP Latency Panel (Java vs Go),go_order,go,order,order-java:8083,order-java:8083,2026-06-23 16:34:02,2026-06-23T11:04:02Z,1782212642,ramp_2,855.0,0.00275775325,{}
3,A,P99 HTTP Latency Panel (Java vs Go),go_order,go,order,warehouse-java-twin:9084,warehouse-java-twin:9084,2026-06-23 16:34:02,2026-06-23T11:04:02Z,1782212642,ramp_2,855.0,2.4898879838900076,{}
3,A,P99 HTTP Latency Panel (Java vs Go),go_order,go,order,inventory-java:8082,inventory-java:8082,2026-06-23 16:34:17,2026-06-23T11:04:17Z,1782212657,ramp_2,870.0,0.002783385083333333,{}
3,A,P99 HTTP Latency Panel (Java vs Go),go_order,go,order,order-java:8083,order-java:8083,2026-06-23 16:34:17,2026-06-23T11:04:17Z,1782212657,ramp_2,870.0,0.00275775325,{}
3,A,P99 HTTP Latency Panel (Java vs Go),go_order,go,order,warehouse-java-twin:9084,warehouse-java-twin:9084,2026-06-23 16:34:17,2026-06-23T11:04:17Z,1782212657,ramp_2,870.0,2.752997339327505,{}
3,A,P99 HTTP Latency Panel (Java vs Go),go_order,go,order,inventory-java:8082,inventory-java:8082,2026-06-23 16:34:32,2026-06-23T11:04:32Z,1782212672,ramp_2,885.0,0.002776977125,{}
3,A,P99 HTTP Latency Panel (Java vs Go),go_order,go,order,order-java:8083,order-java:8083,2026-06-23 16:34:32,2026-06-23T11:04:32Z,1782212672,ramp_2,885.0,0.00275775325,{}
3,A,P99 HTTP Latency Panel (Java vs Go),go_order,go,order,warehouse-java-twin:9084,warehouse-java-twin:9084,2026-06-23 16:34:32,2026-06-23T11:04:32Z,1782212672,ramp_2,885.0,2.9599482930699983,{}
3,A,P99 HTTP Latency Panel (Java vs Go),go_order,go,order,inventory-java:8082,inventory-java:8082,2026-06-23 16:34:47,2026-06-23T11:04:47Z,1782212687,ramp_3,900.0,0.00275775325,{}
3,A,P99 HTTP Latency Panel (Java vs Go),go_order,go,order,order-java:8083,order-java:8083,2026-06-23 16:34:47,2026-06-23T11:04:47Z,1782212687,ramp_3,900.0,0.00415585592,{}
3,A,P99 HTTP Latency Panel (Java vs Go),go_order,go,order,warehouse-java-twin:9084,warehouse-java-twin:9084,2026-06-23 16:34:47,2026-06-23T11:04:47Z,1782212687,ramp_3,900.0,4.371980502668978,{}
3,A,P99 HTTP Latency Panel (Java vs Go),go_order,go,order,inventory-java:8082,inventory-java:8082,2026-06-23 16:35:02,2026-06-23T11:05:02Z,1782212702,ramp_3,915.0,0.00275775325,{}
3,A,P99 HTTP Latency Panel (Java vs Go),go_order,go,order,order-java:8083,order-java:8083,2026-06-23 16:35:02,2026-06-23T11:05:02Z,1782212702,ramp_3,915.0,0.00415585592,{}
3,A,P99 HTTP Latency Panel (Java vs Go),go_order,go,order,warehouse-java-twin:9084,warehouse-java-twin:9084,2026-06-23 16:35:02,2026-06-23T11:05:02Z,1782212702,ramp_3,915.0,4.672367662940276,{}
3,A,P99 HTTP Latency Panel (Java vs Go),go_order,go,order,inventory-java:8082,inventory-java:8082,2026-06-23 16:35:17,2026-06-23T11:05:17Z,1782212717,ramp_3,930.0,0.0020875390624999998,{}
3,A,P99 HTTP Latency Panel (Java vs Go),go_order,go,order,order-java:8083,order-java:8083,2026-06-23 16:35:17,2026-06-23T11:05:17Z,1782212717,ramp_3,930.0,0.00415585592,{}
3,A,P99 HTTP Latency Panel (Java vs Go),go_order,go,order,warehouse-java-twin:9084,warehouse-java-twin:9084,2026-06-23 16:35:17,2026-06-23T11:05:17Z,1782212717,ramp_3,930.0,4.732202705310807,{}
3,A,P99 HTTP Latency Panel (Java vs Go),go_order,go,order,inventory-java:8082,inventory-java:8082,2026-06-23 16:35:32,2026-06-23T11:05:32Z,1782212732,ramp_3,945.0,0.00275775325,{}
3,A,P99 HTTP Latency Panel (Java vs Go),go_order,go,order,order-java:8083,order-java:8083,2026-06-23 16:35:32,2026-06-23T11:05:32Z,1782212732,ramp_3,945.0,0.00415585592,{}
3,A,P99 HTTP Latency Panel (Java vs Go),go_order,go,order,warehouse-java-twin:9084,warehouse-java-twin:9084,2026-06-23 16:35:32,2026-06-23T11:05:32Z,1782212732,ramp_3,945.0,4.443212941343553,{}
3,A,P99 HTTP Latency Panel (Java vs Go),go_order,go,order,inventory-java:8082,inventory-java:8082,2026-06-23 16:35:47,2026-06-23T11:05:47Z,1782212747,ramp_3,960.0,0.00275775325,{}
3,A,P99 HTTP Latency Panel (Java vs Go),go_order,go,order,order-java:8083,order-java:8083,2026-06-23 16:35:47,2026-06-23T11:05:47Z,1782212747,ramp_3,960.0,0.00310727825,{}
3,A,P99 HTTP Latency Panel (Java vs Go),go_order,go,order,warehouse-java-twin:9084,warehouse-java-twin:9084,2026-06-23 16:35:47,2026-06-23T11:05:47Z,1782212747,ramp_3,960.0,3.655196123462503,{}
3,A,P99 HTTP Latency Panel (Java vs Go),go_order,go,order,inventory-java:8082,inventory-java:8082,2026-06-23 16:36:02,2026-06-23T11:06:02Z,1782212762,ramp_3,975.0,0.00345680325,{}
3,A,P99 HTTP Latency Panel (Java vs Go),go_order,go,order,order-java:8083,order-java:8083,2026-06-23 16:36:02,2026-06-23T11:06:02Z,1782212762,ramp_3,975.0,0.00310727825,{}
3,A,P99 HTTP Latency Panel (Java vs Go),go_order,go,order,warehouse-java-twin:9084,warehouse-java-twin:9084,2026-06-23 16:36:02,2026-06-23T11:06:02Z,1782212762,ramp_3,975.0,3.644756966849987,{}
3,A,P99 HTTP Latency Panel (Java vs Go),go_order,go,order,inventory-java:8082,inventory-java:8082,2026-06-23 16:36:17,2026-06-23T11:06:17Z,1782212777,ramp_3,990.0,0.00345680325,{}
3,A,P99 HTTP Latency Panel (Java vs Go),go_order,go,order,order-java:8083,order-java:8083,2026-06-23 16:36:17,2026-06-23T11:06:17Z,1782212777,ramp_3,990.0,0.002776977125,{}
3,A,P99 HTTP Latency Panel (Java vs Go),go_order,go,order,warehouse-java-twin:9084,warehouse-java-twin:9084,2026-06-23 16:36:17,2026-06-23T11:06:17Z,1782212777,ramp_3,990.0,3.7285088290440216,{}
3,A,P99 HTTP Latency Panel (Java vs Go),go_order,go,order,inventory-java:8082,inventory-java:8082,2026-06-23 16:36:32,2026-06-23T11:06:32Z,1782212792,ramp_3,1005.0,0.0034568032499999995,{}
3,A,P99 HTTP Latency Panel (Java vs Go),go_order,go,order,order-java:8083,order-java:8083,2026-06-23 16:36:32,2026-06-23T11:06:32Z,1782212792,ramp_3,1005.0,0.005438613889999999,{}
3,A,P99 HTTP Latency Panel (Java vs Go),go_order,go,order,warehouse-java-twin:9084,warehouse-java-twin:9084,2026-06-23 16:36:32,2026-06-23T11:06:32Z,1782212792,ramp_3,1005.0,3.8791363688200065,{}
3,A,P99 HTTP Latency Panel (Java vs Go),go_order,go,order,inventory-java:8082,inventory-java:8082,2026-06-23 16:36:47,2026-06-23T11:06:47Z,1782212807,ramp_3,1020.0,0.003482435083333333,{}
3,A,P99 HTTP Latency Panel (Java vs Go),go_order,go,order,order-java:8083,order-java:8083,2026-06-23 16:36:47,2026-06-23T11:06:47Z,1782212807,ramp_3,1020.0,0.005438613889999999,{}
3,A,P99 HTTP Latency Panel (Java vs Go),go_order,go,order,warehouse-java-twin:9084,warehouse-java-twin:9084,2026-06-23 16:36:47,2026-06-23T11:06:47Z,1782212807,ramp_3,1020.0,4.0497962443599995,{}
3,A,P99 HTTP Latency Panel (Java vs Go),go_order,go,order,inventory-java:8082,inventory-java:8082,2026-06-23 16:37:02,2026-06-23T11:07:02Z,1782212822,ramp_3,1035.0,0.003476027125,{}
3,A,P99 HTTP Latency Panel (Java vs Go),go_order,go,order,order-java:8083,order-java:8083,2026-06-23 16:37:02,2026-06-23T11:07:02Z,1782212822,ramp_3,1035.0,0.005438613889999999,{}
3,A,P99 HTTP Latency Panel (Java vs Go),go_order,go,order,warehouse-java-twin:9084,warehouse-java-twin:9084,2026-06-23 16:37:02,2026-06-23T11:07:02Z,1782212822,ramp_3,1035.0,4.090745810305873,{}
3,A,P99 HTTP Latency Panel (Java vs Go),go_order,go,order,inventory-java:8082,inventory-java:8082,2026-06-23 16:37:17,2026-06-23T11:07:17Z,1782212837,ramp_3,1050.0,0.003476027125,{}
3,A,P99 HTTP Latency Panel (Java vs Go),go_order,go,order,order-java:8083,order-java:8083,2026-06-23 16:37:17,2026-06-23T11:07:17Z,1782212837,ramp_3,1050.0,0.0031329100833333333,{}
3,A,P99 HTTP Latency Panel (Java vs Go),go_order,go,order,warehouse-java-twin:9084,warehouse-java-twin:9084,2026-06-23 16:37:17,2026-06-23T11:07:17Z,1782212837,ramp_3,1050.0,4.079995233384998,{}
3,A,P99 HTTP Latency Panel (Java vs Go),go_order,go,order,inventory-java:8082,inventory-java:8082,2026-06-23 16:37:32,2026-06-23T11:07:32Z,1782212852,ramp_3,1065.0,0.00345680325,{}
3,A,P99 HTTP Latency Panel (Java vs Go),go_order,go,order,order-java:8083,order-java:8083,2026-06-23 16:37:32,2026-06-23T11:07:32Z,1782212852,ramp_3,1065.0,0.00345680325,{}
3,A,P99 HTTP Latency Panel (Java vs Go),go_order,go,order,warehouse-java-twin:9084,warehouse-java-twin:9084,2026-06-23 16:37:32,2026-06-23T11:07:32Z,1782212852,ramp_3,1065.0,4.15161334264,{}
3,A,P99 HTTP Latency Panel (Java vs Go),go_order,go,order,inventory-java:8082,inventory-java:8082,2026-06-23 16:37:47,2026-06-23T11:07:47Z,1782212867,ramp_3,1080.0,0.0031072782499999996,{}
3,A,P99 HTTP Latency Panel (Java vs Go),go_order,go,order,order-java:8083,order-java:8083,2026-06-23 16:37:47,2026-06-23T11:07:47Z,1782212867,ramp_3,1080.0,0.00345680325,{}
3,A,P99 HTTP Latency Panel (Java vs Go),go_order,go,order,warehouse-java-twin:9084,warehouse-java-twin:9084,2026-06-23 16:37:47,2026-06-23T11:07:47Z,1782212867,ramp_3,1080.0,4.230781395376016,{}
3,A,P99 HTTP Latency Panel (Java vs Go),go_order,go,order,inventory-java:8082,inventory-java:8082,2026-06-23 16:38:02,2026-06-23T11:08:02Z,1782212882,ramp_3,1095.0,0.00310727825,{}
3,A,P99 HTTP Latency Panel (Java vs Go),go_order,go,order,order-java:8083,order-java:8083,2026-06-23 16:38:02,2026-06-23T11:08:02Z,1782212882,ramp_3,1095.0,0.00345680325,{}
3,A,P99 HTTP Latency Panel (Java vs Go),go_order,go,order,warehouse-java-twin:9084,warehouse-java-twin:9084,2026-06-23 16:38:02,2026-06-23T11:08:02Z,1782212882,ramp_3,1095.0,4.247185784475993,{}
3,A,P99 HTTP Latency Panel (Java vs Go),go_order,go,order,inventory-java:8082,inventory-java:8082,2026-06-23 16:38:17,2026-06-23T11:08:17Z,1782212897,ramp_3,1110.0,0.00310727825,{}
3,A,P99 HTTP Latency Panel (Java vs Go),go_order,go,order,order-java:8083,order-java:8083,2026-06-23 16:38:17,2026-06-23T11:08:17Z,1782212897,ramp_3,1110.0,0.0024338600833333332,{}
3,A,P99 HTTP Latency Panel (Java vs Go),go_order,go,order,warehouse-java-twin:9084,warehouse-java-twin:9084,2026-06-23 16:38:17,2026-06-23T11:08:17Z,1782212897,ramp_3,1110.0,4.420634857594448,{}
3,A,P99 HTTP Latency Panel (Java vs Go),go_order,go,order,inventory-java:8082,inventory-java:8082,2026-06-23 16:38:32,2026-06-23T11:08:32Z,1782212912,ramp_3,1125.0,0.0024338600833333332,{}
3,A,P99 HTTP Latency Panel (Java vs Go),go_order,go,order,order-java:8083,order-java:8083,2026-06-23 16:38:32,2026-06-23T11:08:32Z,1782212912,ramp_3,1125.0,0.0024370640625,{}
3,A,P99 HTTP Latency Panel (Java vs Go),go_order,go,order,warehouse-java-twin:9084,warehouse-java-twin:9084,2026-06-23 16:38:32,2026-06-23T11:08:32Z,1782212912,ramp_3,1125.0,4.391604060137504,{}
3,A,P99 HTTP Latency Panel (Java vs Go),go_order,go,order,inventory-java:8082,inventory-java:8082,2026-06-23 16:38:47,2026-06-23T11:08:47Z,1782212927,ramp_3,1140.0,0.0024338600833333332,{}
3,A,P99 HTTP Latency Panel (Java vs Go),go_order,go,order,order-java:8083,order-java:8083,2026-06-23 16:38:47,2026-06-23T11:08:47Z,1782212927,ramp_3,1140.0,0.0024370640625,{}
3,A,P99 HTTP Latency Panel (Java vs Go),go_order,go,order,warehouse-java-twin:9084,warehouse-java-twin:9084,2026-06-23 16:38:47,2026-06-23T11:08:47Z,1782212927,ramp_3,1140.0,4.579750713037845,{}
3,A,P99 HTTP Latency Panel (Java vs Go),go_order,go,order,inventory-java:8082,inventory-java:8082,2026-06-23 16:39:02,2026-06-23T11:09:02Z,1782212942,ramp_3,1155.0,0.002427452125,{}
3,A,P99 HTTP Latency Panel (Java vs Go),go_order,go,order,order-java:8083,order-java:8083,2026-06-23 16:39:02,2026-06-23T11:09:02Z,1782212942,ramp_3,1155.0,0.00275775325,{}
3,A,P99 HTTP Latency Panel (Java vs Go),go_order,go,order,warehouse-java-twin:9084,warehouse-java-twin:9084,2026-06-23 16:39:02,2026-06-23T11:09:02Z,1782212942,ramp_3,1155.0,4.72804316491251,{}
3,A,P99 HTTP Latency Panel (Java vs Go),go_order,go,order,inventory-java:8082,inventory-java:8082,2026-06-23 16:39:17,2026-06-23T11:09:17Z,1782212957,ramp_3,1170.0,0.0020907430416666666,{}
3,A,P99 HTTP Latency Panel (Java vs Go),go_order,go,order,order-java:8083,order-java:8083,2026-06-23 16:39:17,2026-06-23T11:09:17Z,1782212957,ramp_3,1170.0,0.00275775325,{}
3,A,P99 HTTP Latency Panel (Java vs Go),go_order,go,order,warehouse-java-twin:9084,warehouse-java-twin:9084,2026-06-23 16:39:17,2026-06-23T11:09:17Z,1782212957,ramp_3,1170.0,4.891209814599992,{}
3,A,P99 HTTP Latency Panel (Java vs Go),go_order,go,order,inventory-java:8082,inventory-java:8082,2026-06-23 16:39:32,2026-06-23T11:09:32Z,1782212972,ramp_3,1185.0,0.002091658464285714,{}
3,A,P99 HTTP Latency Panel (Java vs Go),go_order,go,order,order-java:8083,order-java:8083,2026-06-23 16:39:32,2026-06-23T11:09:32Z,1782212972,ramp_3,1185.0,0.00275775325,{}
3,A,P99 HTTP Latency Panel (Java vs Go),go_order,go,order,warehouse-java-twin:9084,warehouse-java-twin:9084,2026-06-23 16:39:32,2026-06-23T11:09:32Z,1782212972,ramp_3,1185.0,5.030317757113643,{}
3,A,P99 HTTP Latency Panel (Java vs Go),go_order,go,order,inventory-java:8082,inventory-java:8082,2026-06-23 16:39:47,2026-06-23T11:09:47Z,1782212987,sustain,1200.0,0.00415585592,{}
3,A,P99 HTTP Latency Panel (Java vs Go),go_order,go,order,order-java:8083,order-java:8083,2026-06-23 16:39:47,2026-06-23T11:09:47Z,1782212987,sustain,1200.0,0.006836714889999998,{}
3,A,P99 HTTP Latency Panel (Java vs Go),go_order,go,order,warehouse-java-twin:9084,warehouse-java-twin:9084,2026-06-23 16:39:47,2026-06-23T11:09:47Z,1782212987,sustain,1200.0,5.948794826012979,{}
3,A,P99 HTTP Latency Panel (Java vs Go),go_order,go,order,inventory-java:8082,inventory-java:8082,2026-06-23 16:40:02,2026-06-23T11:10:02Z,1782213002,sustain,1215.0,0.00415585592,{}
3,A,P99 HTTP Latency Panel (Java vs Go),go_order,go,order,order-java:8083,order-java:8083,2026-06-23 16:40:02,2026-06-23T11:10:02Z,1782213002,sustain,1215.0,0.006836714889999998,{}
3,A,P99 HTTP Latency Panel (Java vs Go),go_order,go,order,warehouse-java-twin:9084,warehouse-java-twin:9084,2026-06-23 16:40:02,2026-06-23T11:10:02Z,1782213002,sustain,1215.0,6.430602757858595,{}
3,A,P99 HTTP Latency Panel (Java vs Go),go_order,go,order,inventory-java:8082,inventory-java:8082,2026-06-23 16:40:17,2026-06-23T11:10:17Z,1782213017,sustain,1230.0,0.00415585592,{}
3,A,P99 HTTP Latency Panel (Java vs Go),go_order,go,order,order-java:8083,order-java:8083,2026-06-23 16:40:17,2026-06-23T11:10:17Z,1782213017,sustain,1230.0,0.00683671489,{}
3,A,P99 HTTP Latency Panel (Java vs Go),go_order,go,order,warehouse-java-twin:9084,warehouse-java-twin:9084,2026-06-23 16:40:17,2026-06-23T11:10:17Z,1782213017,sustain,1230.0,6.602489605801779,{}
3,A,P99 HTTP Latency Panel (Java vs Go),go_order,go,order,inventory-java:8082,inventory-java:8082,2026-06-23 16:40:32,2026-06-23T11:10:32Z,1782213032,sustain,1245.0,0.00415585592,{}
3,A,P99 HTTP Latency Panel (Java vs Go),go_order,go,order,order-java:8083,order-java:8083,2026-06-23 16:40:32,2026-06-23T11:10:32Z,1782213032,sustain,1245.0,0.006913610444999999,{}
3,A,P99 HTTP Latency Panel (Java vs Go),go_order,go,order,warehouse-java-twin:9084,warehouse-java-twin:9084,2026-06-23 16:40:32,2026-06-23T11:10:32Z,1782213032,sustain,1245.0,6.791297731571672,{}
3,A,P99 HTTP Latency Panel (Java vs Go),go_order,go,order,inventory-java:8082,inventory-java:8082,2026-06-23 16:40:47,2026-06-23T11:10:47Z,1782213047,sustain,1260.0,0.00275775325,{}
3,A,P99 HTTP Latency Panel (Java vs Go),go_order,go,order,order-java:8083,order-java:8083,2026-06-23 16:40:47,2026-06-23T11:10:47Z,1782213047,sustain,1260.0,0.00683671489,{}
3,A,P99 HTTP Latency Panel (Java vs Go),go_order,go,order,warehouse-java-twin:9084,warehouse-java-twin:9084,2026-06-23 16:40:47,2026-06-23T11:10:47Z,1782213047,sustain,1260.0,5.302965980015133,{}
3,A,P99 HTTP Latency Panel (Java vs Go),go_order,go,order,inventory-java:8082,inventory-java:8082,2026-06-23 16:41:02,2026-06-23T11:11:02Z,1782213062,sustain,1275.0,0.0024082282499999995,{}
3,A,P99 HTTP Latency Panel (Java vs Go),go_order,go,order,order-java:8083,order-java:8083,2026-06-23 16:41:02,2026-06-23T11:11:02Z,1782213062,sustain,1275.0,0.00683671489,{}
3,A,P99 HTTP Latency Panel (Java vs Go),go_order,go,order,warehouse-java-twin:9084,warehouse-java-twin:9084,2026-06-23 16:41:02,2026-06-23T11:11:02Z,1782213062,sustain,1275.0,5.299313583363179,{}
3,A,P99 HTTP Latency Panel (Java vs Go),go_order,go,order,inventory-java:8082,inventory-java:8082,2026-06-23 16:41:17,2026-06-23T11:11:17Z,1782213077,sustain,1290.0,0.0024082282499999995,{}
3,A,P99 HTTP Latency Panel (Java vs Go),go_order,go,order,order-java:8083,order-java:8083,2026-06-23 16:41:17,2026-06-23T11:11:17Z,1782213077,sustain,1290.0,0.00683671489,{}
3,A,P99 HTTP Latency Panel (Java vs Go),go_order,go,order,warehouse-java-twin:9084,warehouse-java-twin:9084,2026-06-23 16:41:17,2026-06-23T11:11:17Z,1782213077,sustain,1290.0,5.327012145594368,{}
3,A,P99 HTTP Latency Panel (Java vs Go),go_order,go,order,inventory-java:8082,inventory-java:8082,2026-06-23 16:41:32,2026-06-23T11:11:32Z,1782213092,sustain,1305.0,0.002084335083333333,{}
3,A,P99 HTTP Latency Panel (Java vs Go),go_order,go,order,order-java:8083,order-java:8083,2026-06-23 16:41:32,2026-06-23T11:11:32Z,1782213092,sustain,1305.0,0.00345680325,{}
3,A,P99 HTTP Latency Panel (Java vs Go),go_order,go,order,warehouse-java-twin:9084,warehouse-java-twin:9084,2026-06-23 16:41:32,2026-06-23T11:11:32Z,1782213092,sustain,1305.0,5.315847983811534,{}
3,A,P99 HTTP Latency Panel (Java vs Go),go_order,go,order,inventory-java:8082,inventory-java:8082,2026-06-23 16:41:47,2026-06-23T11:11:47Z,1782213107,sustain,1320.0,0.00240822825,{}
3,A,P99 HTTP Latency Panel (Java vs Go),go_order,go,order,order-java:8083,order-java:8083,2026-06-23 16:41:47,2026-06-23T11:11:47Z,1782213107,sustain,1320.0,0.00345680325,{}
3,A,P99 HTTP Latency Panel (Java vs Go),go_order,go,order,warehouse-java-twin:9084,warehouse-java-twin:9084,2026-06-23 16:41:47,2026-06-23T11:11:47Z,1782213107,sustain,1320.0,5.344907842656866,{}
3,A,P99 HTTP Latency Panel (Java vs Go),go_order,go,order,inventory-java:8082,inventory-java:8082,2026-06-23 16:42:02,2026-06-23T11:12:02Z,1782213122,sustain,1335.0,0.00240822825,{}
3,A,P99 HTTP Latency Panel (Java vs Go),go_order,go,order,order-java:8083,order-java:8083,2026-06-23 16:42:02,2026-06-23T11:12:02Z,1782213122,sustain,1335.0,0.00310727825,{}
3,A,P99 HTTP Latency Panel (Java vs Go),go_order,go,order,warehouse-java-twin:9084,warehouse-java-twin:9084,2026-06-23 16:42:02,2026-06-23T11:12:02Z,1782213122,sustain,1335.0,5.402291168558645,{}
3,A,P99 HTTP Latency Panel (Java vs Go),go_order,go,order,inventory-java:8082,inventory-java:8082,2026-06-23 16:42:17,2026-06-23T11:12:17Z,1782213137,sustain,1350.0,0.00240822825,{}
3,A,P99 HTTP Latency Panel (Java vs Go),go_order,go,order,order-java:8083,order-java:8083,2026-06-23 16:42:17,2026-06-23T11:12:17Z,1782213137,sustain,1350.0,0.00310727825,{}
3,A,P99 HTTP Latency Panel (Java vs Go),go_order,go,order,warehouse-java-twin:9084,warehouse-java-twin:9084,2026-06-23 16:42:17,2026-06-23T11:12:17Z,1782213137,sustain,1350.0,5.358210310806661,{}
3,A,P99 HTTP Latency Panel (Java vs Go),go_order,go,order,inventory-java:8082,inventory-java:8082,2026-06-23 16:42:32,2026-06-23T11:12:32Z,1782213152,sustain,1365.0,0.0024082282499999995,{}
3,A,P99 HTTP Latency Panel (Java vs Go),go_order,go,order,order-java:8083,order-java:8083,2026-06-23 16:42:32,2026-06-23T11:12:32Z,1782213152,sustain,1365.0,0.00240822825,{}
3,A,P99 HTTP Latency Panel (Java vs Go),go_order,go,order,warehouse-java-twin:9084,warehouse-java-twin:9084,2026-06-23 16:42:32,2026-06-23T11:12:32Z,1782213152,sustain,1365.0,5.368525574139102,{}
3,A,P99 HTTP Latency Panel (Java vs Go),go_order,go,order,inventory-java:8082,inventory-java:8082,2026-06-23 16:42:47,2026-06-23T11:12:47Z,1782213167,sustain,1380.0,0.00240822825,{}
3,A,P99 HTTP Latency Panel (Java vs Go),go_order,go,order,order-java:8083,order-java:8083,2026-06-23 16:42:47,2026-06-23T11:12:47Z,1782213167,sustain,1380.0,0.002427452125,{}
3,A,P99 HTTP Latency Panel (Java vs Go),go_order,go,order,warehouse-java-twin:9084,warehouse-java-twin:9084,2026-06-23 16:42:47,2026-06-23T11:12:47Z,1782213167,sustain,1380.0,5.355117451094945,{}
3,A,P99 HTTP Latency Panel (Java vs Go),go_order,go,order,inventory-java:8082,inventory-java:8082,2026-06-23 16:43:02,2026-06-23T11:13:02Z,1782213182,sustain,1395.0,0.0024082282499999995,{}
3,A,P99 HTTP Latency Panel (Java vs Go),go_order,go,order,order-java:8083,order-java:8083,2026-06-23 16:43:02,2026-06-23T11:13:02Z,1782213182,sustain,1395.0,0.002427452125,{}
3,A,P99 HTTP Latency Panel (Java vs Go),go_order,go,order,warehouse-java-twin:9084,warehouse-java-twin:9084,2026-06-23 16:43:02,2026-06-23T11:13:02Z,1782213182,sustain,1395.0,5.312990625112158,{}
3,A,P99 HTTP Latency Panel (Java vs Go),go_order,go,order,inventory-java:8082,inventory-java:8082,2026-06-23 16:43:17,2026-06-23T11:13:17Z,1782213197,sustain,1410.0,0.00240822825,{}
3,A,P99 HTTP Latency Panel (Java vs Go),go_order,go,order,order-java:8083,order-java:8083,2026-06-23 16:43:17,2026-06-23T11:13:17Z,1782213197,sustain,1410.0,0.00310727825,{}
3,A,P99 HTTP Latency Panel (Java vs Go),go_order,go,order,warehouse-java-twin:9084,warehouse-java-twin:9084,2026-06-23 16:43:17,2026-06-23T11:13:17Z,1782213197,sustain,1410.0,5.2658344269221375,{}
3,A,P99 HTTP Latency Panel (Java vs Go),go_order,go,order,inventory-java:8082,inventory-java:8082,2026-06-23 16:43:32,2026-06-23T11:13:32Z,1782213212,sustain,1425.0,0.005438613889999999,{}
3,A,P99 HTTP Latency Panel (Java vs Go),go_order,go,order,order-java:8083,order-java:8083,2026-06-23 16:43:32,2026-06-23T11:13:32Z,1782213212,sustain,1425.0,0.00310727825,{}
3,A,P99 HTTP Latency Panel (Java vs Go),go_order,go,order,warehouse-java-twin:9084,warehouse-java-twin:9084,2026-06-23 16:43:32,2026-06-23T11:13:32Z,1782213212,sustain,1425.0,5.142066999413854,{}
3,A,P99 HTTP Latency Panel (Java vs Go),go_order,go,order,inventory-java:8082,inventory-java:8082,2026-06-23 16:43:47,2026-06-23T11:13:47Z,1782213227,sustain,1440.0,0.005438613889999999,{}
3,A,P99 HTTP Latency Panel (Java vs Go),go_order,go,order,order-java:8083,order-java:8083,2026-06-23 16:43:47,2026-06-23T11:13:47Z,1782213227,sustain,1440.0,0.00310727825,{}
3,A,P99 HTTP Latency Panel (Java vs Go),go_order,go,order,warehouse-java-twin:9084,warehouse-java-twin:9084,2026-06-23 16:43:47,2026-06-23T11:13:47Z,1782213227,sustain,1440.0,5.140360025232501,{}
3,A,P99 HTTP Latency Panel (Java vs Go),go_order,go,order,inventory-java:8082,inventory-java:8082,2026-06-23 16:44:02,2026-06-23T11:14:02Z,1782213242,sustain,1455.0,0.005438613889999999,{}
3,A,P99 HTTP Latency Panel (Java vs Go),go_order,go,order,order-java:8083,order-java:8083,2026-06-23 16:44:02,2026-06-23T11:14:02Z,1782213242,sustain,1455.0,0.00310727825,{}
3,A,P99 HTTP Latency Panel (Java vs Go),go_order,go,order,warehouse-java-twin:9084,warehouse-java-twin:9084,2026-06-23 16:44:02,2026-06-23T11:14:02Z,1782213242,sustain,1455.0,5.105672704621181,{}
3,A,P99 HTTP Latency Panel (Java vs Go),go_order,go,order,inventory-java:8082,inventory-java:8082,2026-06-23 16:44:17,2026-06-23T11:14:17Z,1782213257,sustain,1470.0,0.005438613889999999,{}
3,A,P99 HTTP Latency Panel (Java vs Go),go_order,go,order,order-java:8083,order-java:8083,2026-06-23 16:44:17,2026-06-23T11:14:17Z,1782213257,sustain,1470.0,0.002783385083333333,{}
3,A,P99 HTTP Latency Panel (Java vs Go),go_order,go,order,warehouse-java-twin:9084,warehouse-java-twin:9084,2026-06-23 16:44:17,2026-06-23T11:14:17Z,1782213257,sustain,1470.0,5.162249288376306,{}
3,A,P99 HTTP Latency Panel (Java vs Go),go_order,go,order,inventory-java:8082,inventory-java:8082,2026-06-23 16:44:32,2026-06-23T11:14:32Z,1782213272,sustain,1485.0,0.00345680325,{}
3,A,P99 HTTP Latency Panel (Java vs Go),go_order,go,order,order-java:8083,order-java:8083,2026-06-23 16:44:32,2026-06-23T11:14:32Z,1782213272,sustain,1485.0,0.0027865890625,{}
3,A,P99 HTTP Latency Panel (Java vs Go),go_order,go,order,warehouse-java-twin:9084,warehouse-java-twin:9084,2026-06-23 16:44:32,2026-06-23T11:14:32Z,1782213272,sustain,1485.0,5.180895295663548,{}
3,A,P99 HTTP Latency Panel (Java vs Go),go_order,go,order,inventory-java:8082,inventory-java:8082,2026-06-23 16:44:47,2026-06-23T11:14:47Z,1782213287,sustain,1500.0,0.0034568032499999995,{}
3,A,P99 HTTP Latency Panel (Java vs Go),go_order,go,order,order-java:8083,order-java:8083,2026-06-23 16:44:47,2026-06-23T11:14:47Z,1782213287,sustain,1500.0,0.0027865890625,{}
3,A,P99 HTTP Latency Panel (Java vs Go),go_order,go,order,warehouse-java-twin:9084,warehouse-java-twin:9084,2026-06-23 16:44:47,2026-06-23T11:14:47Z,1782213287,sustain,1500.0,5.179123189657587,{}
3,A,P99 HTTP Latency Panel (Java vs Go),go_order,go,order,inventory-java:8082,inventory-java:8082,2026-06-23 16:45:02,2026-06-23T11:15:02Z,1782213302,sustain,1515.0,0.0038063282499999998,{}
3,A,P99 HTTP Latency Panel (Java vs Go),go_order,go,order,order-java:8083,order-java:8083,2026-06-23 16:45:02,2026-06-23T11:15:02Z,1782213302,sustain,1515.0,0.005438613889999999,{}
3,A,P99 HTTP Latency Panel (Java vs Go),go_order,go,order,warehouse-java-twin:9084,warehouse-java-twin:9084,2026-06-23 16:45:02,2026-06-23T11:15:02Z,1782213302,sustain,1515.0,6.466819552265958,{}
3,A,P99 HTTP Latency Panel (Java vs Go),go_order,go,order,inventory-java:8082,inventory-java:8082,2026-06-23 16:45:17,2026-06-23T11:15:17Z,1782213317,sustain,1530.0,0.0038063282499999993,{}
3,A,P99 HTTP Latency Panel (Java vs Go),go_order,go,order,order-java:8083,order-java:8083,2026-06-23 16:45:17,2026-06-23T11:15:17Z,1782213317,sustain,1530.0,0.005438613889999999,{}
3,A,P99 HTTP Latency Panel (Java vs Go),go_order,go,order,warehouse-java-twin:9084,warehouse-java-twin:9084,2026-06-23 16:45:17,2026-06-23T11:15:17Z,1782213317,sustain,1530.0,6.42574829290833,{}
3,A,P99 HTTP Latency Panel (Java vs Go),go_order,go,order,inventory-java:8082,inventory-java:8082,2026-06-23 16:45:32,2026-06-23T11:15:32Z,1782213332,sustain,1545.0,0.0038063282499999993,{}
3,A,P99 HTTP Latency Panel (Java vs Go),go_order,go,order,order-java:8083,order-java:8083,2026-06-23 16:45:32,2026-06-23T11:15:32Z,1782213332,sustain,1545.0,0.005438613889999999,{}
3,A,P99 HTTP Latency Panel (Java vs Go),go_order,go,order,warehouse-java-twin:9084,warehouse-java-twin:9084,2026-06-23 16:45:32,2026-06-23T11:15:32Z,1782213332,sustain,1545.0,6.4953599609021495,{}
3,A,P99 HTTP Latency Panel (Java vs Go),go_order,go,order,inventory-java:8082,inventory-java:8082,2026-06-23 16:45:47,2026-06-23T11:15:47Z,1782213347,sustain,1560.0,0.0024082282499999995,{}
3,A,P99 HTTP Latency Panel (Java vs Go),go_order,go,order,order-java:8083,order-java:8083,2026-06-23 16:45:47,2026-06-23T11:15:47Z,1782213347,sustain,1560.0,0.005438613889999999,{}
3,A,P99 HTTP Latency Panel (Java vs Go),go_order,go,order,warehouse-java-twin:9084,warehouse-java-twin:9084,2026-06-23 16:45:47,2026-06-23T11:15:47Z,1782213347,sustain,1560.0,6.169243301679148,{}
3,A,P99 HTTP Latency Panel (Java vs Go),go_order,go,order,inventory-java:8082,inventory-java:8082,2026-06-23 16:46:02,2026-06-23T11:16:02Z,1782213362,sustain,1575.0,0.005438613889999999,{}
3,A,P99 HTTP Latency Panel (Java vs Go),go_order,go,order,order-java:8083,order-java:8083,2026-06-23 16:46:02,2026-06-23T11:16:02Z,1782213362,sustain,1575.0,0.00310727825,{}
3,A,P99 HTTP Latency Panel (Java vs Go),go_order,go,order,warehouse-java-twin:9084,warehouse-java-twin:9084,2026-06-23 16:46:02,2026-06-23T11:16:02Z,1782213362,sustain,1575.0,5.281417886300703,{}
3,A,P99 HTTP Latency Panel (Java vs Go),go_order,go,order,inventory-java:8082,inventory-java:8082,2026-06-23 16:46:17,2026-06-23T11:16:17Z,1782213377,sustain,1590.0,0.005438613889999999,{}
3,A,P99 HTTP Latency Panel (Java vs Go),go_order,go,order,order-java:8083,order-java:8083,2026-06-23 16:46:17,2026-06-23T11:16:17Z,1782213377,sustain,1590.0,0.00310727825,{}
3,A,P99 HTTP Latency Panel (Java vs Go),go_order,go,order,warehouse-java-twin:9084,warehouse-java-twin:9084,2026-06-23 16:46:17,2026-06-23T11:16:17Z,1782213377,sustain,1590.0,5.355090930765848,{}
3,A,P99 HTTP Latency Panel (Java vs Go),go_order,go,order,inventory-java:8082,inventory-java:8082,2026-06-23 16:46:32,2026-06-23T11:16:32Z,1782213392,sustain,1605.0,0.005438613889999999,{}
3,A,P99 HTTP Latency Panel (Java vs Go),go_order,go,order,order-java:8083,order-java:8083,2026-06-23 16:46:32,2026-06-23T11:16:32Z,1782213392,sustain,1605.0,0.00310727825,{}
3,A,P99 HTTP Latency Panel (Java vs Go),go_order,go,order,warehouse-java-twin:9084,warehouse-java-twin:9084,2026-06-23 16:46:32,2026-06-23T11:16:32Z,1782213392,sustain,1605.0,5.394064950768663,{}
3,A,P99 HTTP Latency Panel (Java vs Go),go_order,go,order,inventory-java:8082,inventory-java:8082,2026-06-23 16:46:47,2026-06-23T11:16:47Z,1782213407,sustain,1620.0,0.005438613889999999,{}
3,A,P99 HTTP Latency Panel (Java vs Go),go_order,go,order,order-java:8083,order-java:8083,2026-06-23 16:46:47,2026-06-23T11:16:47Z,1782213407,sustain,1620.0,0.003476027125,{}
3,A,P99 HTTP Latency Panel (Java vs Go),go_order,go,order,warehouse-java-twin:9084,warehouse-java-twin:9084,2026-06-23 16:46:47,2026-06-23T11:16:47Z,1782213407,sustain,1620.0,5.508977297677971,{}
3,A,P99 HTTP Latency Panel (Java vs Go),go_order,go,order,inventory-java:8082,inventory-java:8082,2026-06-23 16:47:02,2026-06-23T11:17:02Z,1782213422,sustain,1635.0,0.0031072782499999996,{}
3,A,P99 HTTP Latency Panel (Java vs Go),go_order,go,order,order-java:8083,order-java:8083,2026-06-23 16:47:02,2026-06-23T11:17:02Z,1782213422,sustain,1635.0,0.0038063282499999998,{}
3,A,P99 HTTP Latency Panel (Java vs Go),go_order,go,order,warehouse-java-twin:9084,warehouse-java-twin:9084,2026-06-23 16:47:02,2026-06-23T11:17:02Z,1782213422,sustain,1635.0,5.509090921151381,{}
3,A,P99 HTTP Latency Panel (Java vs Go),go_order,go,order,inventory-java:8082,inventory-java:8082,2026-06-23 16:47:17,2026-06-23T11:17:17Z,1782213437,sustain,1650.0,0.00310727825,{}
3,A,P99 HTTP Latency Panel (Java vs Go),go_order,go,order,order-java:8083,order-java:8083,2026-06-23 16:47:17,2026-06-23T11:17:17Z,1782213437,sustain,1650.0,0.0038063282499999998,{}
3,A,P99 HTTP Latency Panel (Java vs Go),go_order,go,order,warehouse-java-twin:9084,warehouse-java-twin:9084,2026-06-23 16:47:17,2026-06-23T11:17:17Z,1782213437,sustain,1650.0,5.538980712067334,{}
3,A,P99 HTTP Latency Panel (Java vs Go),go_order,go,order,inventory-java:8082,inventory-java:8082,2026-06-23 16:47:32,2026-06-23T11:17:32Z,1782213452,sustain,1665.0,0.00310727825,{}
3,A,P99 HTTP Latency Panel (Java vs Go),go_order,go,order,order-java:8083,order-java:8083,2026-06-23 16:47:32,2026-06-23T11:17:32Z,1782213452,sustain,1665.0,0.0038063282499999993,{}
3,A,P99 HTTP Latency Panel (Java vs Go),go_order,go,order,warehouse-java-twin:9084,warehouse-java-twin:9084,2026-06-23 16:47:32,2026-06-23T11:17:32Z,1782213452,sustain,1665.0,5.477797256209859,{}
3,A,P99 HTTP Latency Panel (Java vs Go),go_order,go,order,inventory-java:8082,inventory-java:8082,2026-06-23 16:47:47,2026-06-23T11:17:47Z,1782213467,sustain,1680.0,0.00310727825,{}
3,A,P99 HTTP Latency Panel (Java vs Go),go_order,go,order,order-java:8083,order-java:8083,2026-06-23 16:47:47,2026-06-23T11:17:47Z,1782213467,sustain,1680.0,0.0038063282499999998,{}
3,A,P99 HTTP Latency Panel (Java vs Go),go_order,go,order,warehouse-java-twin:9084,warehouse-java-twin:9084,2026-06-23 16:47:47,2026-06-23T11:17:47Z,1782213467,sustain,1680.0,5.403784685992482,{}
3,A,P99 HTTP Latency Panel (Java vs Go),go_order,go,order,inventory-java:8082,inventory-java:8082,2026-06-23 16:48:02,2026-06-23T11:18:02Z,1782213482,sustain,1695.0,0.00345680325,{}
3,A,P99 HTTP Latency Panel (Java vs Go),go_order,go,order,order-java:8083,order-java:8083,2026-06-23 16:48:02,2026-06-23T11:18:02Z,1782213482,sustain,1695.0,0.005438613889999999,{}
3,A,P99 HTTP Latency Panel (Java vs Go),go_order,go,order,warehouse-java-twin:9084,warehouse-java-twin:9084,2026-06-23 16:48:02,2026-06-23T11:18:02Z,1782213482,sustain,1695.0,5.452935101768825,{}
3,A,P99 HTTP Latency Panel (Java vs Go),go_order,go,order,inventory-java:8082,inventory-java:8082,2026-06-23 16:48:17,2026-06-23T11:18:17Z,1782213497,sustain,1710.0,0.0034568032499999995,{}
3,A,P99 HTTP Latency Panel (Java vs Go),go_order,go,order,order-java:8083,order-java:8083,2026-06-23 16:48:17,2026-06-23T11:18:17Z,1782213497,sustain,1710.0,0.005438613889999999,{}
3,A,P99 HTTP Latency Panel (Java vs Go),go_order,go,order,warehouse-java-twin:9084,warehouse-java-twin:9084,2026-06-23 16:48:17,2026-06-23T11:18:17Z,1782213497,sustain,1710.0,5.472554573126769,{}
3,A,P99 HTTP Latency Panel (Java vs Go),go_order,go,order,inventory-java:8082,inventory-java:8082,2026-06-23 16:48:32,2026-06-23T11:18:32Z,1782213512,sustain,1725.0,0.00345680325,{}
3,A,P99 HTTP Latency Panel (Java vs Go),go_order,go,order,order-java:8083,order-java:8083,2026-06-23 16:48:32,2026-06-23T11:18:32Z,1782213512,sustain,1725.0,0.005438613889999999,{}
3,A,P99 HTTP Latency Panel (Java vs Go),go_order,go,order,warehouse-java-twin:9084,warehouse-java-twin:9084,2026-06-23 16:48:32,2026-06-23T11:18:32Z,1782213512,sustain,1725.0,5.456961872386986,{}
3,A,P99 HTTP Latency Panel (Java vs Go),go_order,go,order,inventory-java:8082,inventory-java:8082,2026-06-23 16:48:47,2026-06-23T11:18:47Z,1782213527,sustain,1740.0,0.0034568032499999995,{}
3,A,P99 HTTP Latency Panel (Java vs Go),go_order,go,order,order-java:8083,order-java:8083,2026-06-23 16:48:47,2026-06-23T11:18:47Z,1782213527,sustain,1740.0,0.005438613889999999,{}
3,A,P99 HTTP Latency Panel (Java vs Go),go_order,go,order,warehouse-java-twin:9084,warehouse-java-twin:9084,2026-06-23 16:48:47,2026-06-23T11:18:47Z,1782213527,sustain,1740.0,5.430809512673388,{}
3,A,P99 HTTP Latency Panel (Java vs Go),go_order,go,order,inventory-java:8082,inventory-java:8082,2026-06-23 16:49:02,2026-06-23T11:19:02Z,1782213542,sustain,1755.0,0.002084335083333333,{}
3,A,P99 HTTP Latency Panel (Java vs Go),go_order,go,order,order-java:8083,order-java:8083,2026-06-23 16:49:02,2026-06-23T11:19:02Z,1782213542,sustain,1755.0,0.002776977125,{}
3,A,P99 HTTP Latency Panel (Java vs Go),go_order,go,order,warehouse-java-twin:9084,warehouse-java-twin:9084,2026-06-23 16:49:02,2026-06-23T11:19:02Z,1782213542,sustain,1755.0,5.331724679154169,{}
3,A,P99 HTTP Latency Panel (Java vs Go),go_order,go,order,inventory-java:8082,inventory-java:8082,2026-06-23 16:49:17,2026-06-23T11:19:17Z,1782213557,sustain,1770.0,0.00345680325,{}
3,A,P99 HTTP Latency Panel (Java vs Go),go_order,go,order,order-java:8083,order-java:8083,2026-06-23 16:49:17,2026-06-23T11:19:17Z,1782213557,sustain,1770.0,0.002783385083333333,{}
3,A,P99 HTTP Latency Panel (Java vs Go),go_order,go,order,warehouse-java-twin:9084,warehouse-java-twin:9084,2026-06-23 16:49:17,2026-06-23T11:19:17Z,1782213557,sustain,1770.0,5.326611622850589,{}
3,A,P99 HTTP Latency Panel (Java vs Go),go_order,go,order,inventory-java:8082,inventory-java:8082,2026-06-23 16:49:32,2026-06-23T11:19:32Z,1782213572,sustain,1785.0,0.00345680325,{}
3,A,P99 HTTP Latency Panel (Java vs Go),go_order,go,order,order-java:8083,order-java:8083,2026-06-23 16:49:32,2026-06-23T11:19:32Z,1782213572,sustain,1785.0,0.002776977125,{}
3,A,P99 HTTP Latency Panel (Java vs Go),go_order,go,order,warehouse-java-twin:9084,warehouse-java-twin:9084,2026-06-23 16:49:32,2026-06-23T11:19:32Z,1782213572,sustain,1785.0,5.307352444107144,{}
3,A,P99 HTTP Latency Panel (Java vs Go),go_order,go,order,inventory-java:8082,inventory-java:8082,2026-06-23 16:49:47,2026-06-23T11:19:47Z,1782213587,cooldown,1800.0,0.0034568032499999995,{}
3,A,P99 HTTP Latency Panel (Java vs Go),go_order,go,order,order-java:8083,order-java:8083,2026-06-23 16:49:47,2026-06-23T11:19:47Z,1782213587,cooldown,1800.0,0.002776977125,{}
3,A,P99 HTTP Latency Panel (Java vs Go),go_order,go,order,warehouse-java-twin:9084,warehouse-java-twin:9084,2026-06-23 16:49:47,2026-06-23T11:19:47Z,1782213587,cooldown,1800.0,5.246528086654796,{}
3,A,P99 HTTP Latency Panel (Java vs Go),go_order,go,order,inventory-java:8082,inventory-java:8082,2026-06-23 16:50:02,2026-06-23T11:20:02Z,1782213602,cooldown,1815.0,0.00345680325,{}
3,A,P99 HTTP Latency Panel (Java vs Go),go_order,go,order,order-java:8083,order-java:8083,2026-06-23 16:50:02,2026-06-23T11:20:02Z,1782213602,cooldown,1815.0,0.00683671489,{}
3,A,P99 HTTP Latency Panel (Java vs Go),go_order,go,order,warehouse-java-twin:9084,warehouse-java-twin:9084,2026-06-23 16:50:02,2026-06-23T11:20:02Z,1782213602,cooldown,1815.0,6.414591696181073,{}
3,A,P99 HTTP Latency Panel (Java vs Go),go_order,go,order,inventory-java:8082,inventory-java:8082,2026-06-23 16:50:17,2026-06-23T11:20:17Z,1782213617,cooldown,1830.0,0.00240822825,{}
3,A,P99 HTTP Latency Panel (Java vs Go),go_order,go,order,order-java:8083,order-java:8083,2026-06-23 16:50:17,2026-06-23T11:20:17Z,1782213617,cooldown,1830.0,0.00683671489,{}
3,A,P99 HTTP Latency Panel (Java vs Go),go_order,go,order,warehouse-java-twin:9084,warehouse-java-twin:9084,2026-06-23 16:50:17,2026-06-23T11:20:17Z,1782213617,cooldown,1830.0,6.601296559330961,{}
3,A,P99 HTTP Latency Panel (Java vs Go),go_order,go,order,inventory-java:8082,inventory-java:8082,2026-06-23 16:50:32,2026-06-23T11:20:32Z,1782213632,cooldown,1845.0,0.00240822825,{}
3,A,P99 HTTP Latency Panel (Java vs Go),go_order,go,order,order-java:8083,order-java:8083,2026-06-23 16:50:32,2026-06-23T11:20:32Z,1782213632,cooldown,1845.0,0.00683671489,{}
3,A,P99 HTTP Latency Panel (Java vs Go),go_order,go,order,warehouse-java-twin:9084,warehouse-java-twin:9084,2026-06-23 16:50:32,2026-06-23T11:20:32Z,1782213632,cooldown,1845.0,6.619243783317458,{}
3,A,P99 HTTP Latency Panel (Java vs Go),go_order,go,order,inventory-java:8082,inventory-java:8082,2026-06-23 16:50:47,2026-06-23T11:20:47Z,1782213647,cooldown,1860.0,0.002084335083333333,{}
3,A,P99 HTTP Latency Panel (Java vs Go),go_order,go,order,order-java:8083,order-java:8083,2026-06-23 16:50:47,2026-06-23T11:20:47Z,1782213647,cooldown,1860.0,0.00683671489,{}
3,A,P99 HTTP Latency Panel (Java vs Go),go_order,go,order,warehouse-java-twin:9084,warehouse-java-twin:9084,2026-06-23 16:50:47,2026-06-23T11:20:47Z,1782213647,cooldown,1860.0,6.710375093807146,{}
3,A,P99 HTTP Latency Panel (Java vs Go),go_order,go,order,inventory-java:8082,inventory-java:8082,2026-06-23 16:51:02,2026-06-23T11:21:02Z,1782213662,cooldown,1875.0,0.0020779271249999997,{}
3,A,P99 HTTP Latency Panel (Java vs Go),go_order,go,order,order-java:8083,order-java:8083,2026-06-23 16:51:02,2026-06-23T11:21:02Z,1782213662,cooldown,1875.0,0.00310727825,{}
3,A,P99 HTTP Latency Panel (Java vs Go),go_order,go,order,warehouse-java-twin:9084,warehouse-java-twin:9084,2026-06-23 16:51:02,2026-06-23T11:21:02Z,1782213662,cooldown,1875.0,5.119958930581237,{}
3,A,P99 HTTP Latency Panel (Java vs Go),go_order,go,order,inventory-java:8082,inventory-java:8082,2026-06-23 16:51:17,2026-06-23T11:21:17Z,1782213677,cooldown,1890.0,0.002084335083333333,{}
3,A,P99 HTTP Latency Panel (Java vs Go),go_order,go,order,order-java:8083,order-java:8083,2026-06-23 16:51:17,2026-06-23T11:21:17Z,1782213677,cooldown,1890.0,0.00310727825,{}
3,A,P99 HTTP Latency Panel (Java vs Go),go_order,go,order,warehouse-java-twin:9084,warehouse-java-twin:9084,2026-06-23 16:51:17,2026-06-23T11:21:17Z,1782213677,cooldown,1890.0,5.0279750476799965,{}
3,A,P99 HTTP Latency Panel (Java vs Go),go_order,go,order,inventory-java:8082,inventory-java:8082,2026-06-23 16:51:32,2026-06-23T11:21:32Z,1782213692,cooldown,1905.0,0.005438613889999999,{}
3,A,P99 HTTP Latency Panel (Java vs Go),go_order,go,order,order-java:8083,order-java:8083,2026-06-23 16:51:32,2026-06-23T11:21:32Z,1782213692,cooldown,1905.0,0.0024338600833333332,{}
3,A,P99 HTTP Latency Panel (Java vs Go),go_order,go,order,warehouse-java-twin:9084,warehouse-java-twin:9084,2026-06-23 16:51:32,2026-06-23T11:21:32Z,1782213692,cooldown,1905.0,5.041132645901193,{}
3,A,P99 HTTP Latency Panel (Java vs Go),go_order,go,order,inventory-java:8082,inventory-java:8082,2026-06-23 16:51:47,2026-06-23T11:21:47Z,1782213707,cooldown,1920.0,0.005438613889999999,{}
3,A,P99 HTTP Latency Panel (Java vs Go),go_order,go,order,order-java:8083,order-java:8083,2026-06-23 16:51:47,2026-06-23T11:21:47Z,1782213707,cooldown,1920.0,0.00275775325,{}
3,A,P99 HTTP Latency Panel (Java vs Go),go_order,go,order,warehouse-java-twin:9084,warehouse-java-twin:9084,2026-06-23 16:51:47,2026-06-23T11:21:47Z,1782213707,cooldown,1920.0,4.888553801642323,{}
3,A,P99 HTTP Latency Panel (Java vs Go),go_order,go,order,inventory-java:8082,inventory-java:8082,2026-06-23 16:52:02,2026-06-23T11:22:02Z,1782213722,cooldown,1935.0,0.005438613889999999,{}
3,A,P99 HTTP Latency Panel (Java vs Go),go_order,go,order,order-java:8083,order-java:8083,2026-06-23 16:52:02,2026-06-23T11:22:02Z,1782213722,cooldown,1935.0,0.00275775325,{}
3,A,P99 HTTP Latency Panel (Java vs Go),go_order,go,order,warehouse-java-twin:9084,warehouse-java-twin:9084,2026-06-23 16:52:02,2026-06-23T11:22:02Z,1782213722,cooldown,1935.0,5.134275488231235,{}
3,A,P99 HTTP Latency Panel (Java vs Go),go_order,go,order,inventory-java:8082,inventory-java:8082,2026-06-23 16:52:17,2026-06-23T11:22:17Z,1782213737,cooldown,1950.0,0.00275775325,{}
3,A,P99 HTTP Latency Panel (Java vs Go),go_order,go,order,order-java:8083,order-java:8083,2026-06-23 16:52:17,2026-06-23T11:22:17Z,1782213737,cooldown,1950.0,0.002776977125,{}
3,A,P99 HTTP Latency Panel (Java vs Go),go_order,go,order,warehouse-java-twin:9084,warehouse-java-twin:9084,2026-06-23 16:52:17,2026-06-23T11:22:17Z,1782213737,cooldown,1950.0,5.05542915234999,{}
3,A,P99 HTTP Latency Panel (Java vs Go),go_order,go,order,inventory-java:8082,inventory-java:8082,2026-06-23 16:52:32,2026-06-23T11:22:32Z,1782213752,cooldown,1965.0,0.005438613889999999,{}
3,A,P99 HTTP Latency Panel (Java vs Go),go_order,go,order,order-java:8083,order-java:8083,2026-06-23 16:52:32,2026-06-23T11:22:32Z,1782213752,cooldown,1965.0,0.002776977125,{}
3,A,P99 HTTP Latency Panel (Java vs Go),go_order,go,order,warehouse-java-twin:9084,warehouse-java-twin:9084,2026-06-23 16:52:32,2026-06-23T11:22:32Z,1782213752,cooldown,1965.0,4.821643083487882,{}
3,A,P99 HTTP Latency Panel (Java vs Go),go_order,go,order,inventory-java:8082,inventory-java:8082,2026-06-23 16:52:47,2026-06-23T11:22:47Z,1782213767,cooldown,1980.0,0.005438613889999999,{}
3,A,P99 HTTP Latency Panel (Java vs Go),go_order,go,order,order-java:8083,order-java:8083,2026-06-23 16:52:47,2026-06-23T11:22:47Z,1782213767,cooldown,1980.0,0.0027865890625,{}
3,A,P99 HTTP Latency Panel (Java vs Go),go_order,go,order,warehouse-java-twin:9084,warehouse-java-twin:9084,2026-06-23 16:52:47,2026-06-23T11:22:47Z,1782213767,cooldown,1980.0,4.552154028069662,{}
3,A,P99 HTTP Latency Panel (Java vs Go),go_order,go,order,inventory-java:8082,inventory-java:8082,2026-06-23 16:53:02,2026-06-23T11:23:02Z,1782213782,cooldown,1995.0,0.005438613889999999,{}
3,A,P99 HTTP Latency Panel (Java vs Go),go_order,go,order,order-java:8083,order-java:8083,2026-06-23 16:53:02,2026-06-23T11:23:02Z,1782213782,cooldown,1995.0,0.00278851145,{}
3,A,P99 HTTP Latency Panel (Java vs Go),go_order,go,order,warehouse-java-twin:9084,warehouse-java-twin:9084,2026-06-23 16:53:02,2026-06-23T11:23:02Z,1782213782,cooldown,1995.0,3.979287197391992,{}
3,A,P99 HTTP Latency Panel (Java vs Go),go_order,go,order,inventory-java:8082,inventory-java:8082,2026-06-23 16:53:17,2026-06-23T11:23:17Z,1782213797,cooldown,2010.0,0.00310727825,{}
3,A,P99 HTTP Latency Panel (Java vs Go),go_order,go,order,order-java:8083,order-java:8083,2026-06-23 16:53:17,2026-06-23T11:23:17Z,1782213797,cooldown,2010.0,0.00345680325,{}
3,A,P99 HTTP Latency Panel (Java vs Go),go_order,go,order,warehouse-java-twin:9084,warehouse-java-twin:9084,2026-06-23 16:53:17,2026-06-23T11:23:17Z,1782213797,cooldown,2010.0,3.2503698909099947,{}
3,A,P99 HTTP Latency Panel (Java vs Go),go_order,go,order,inventory-java:8082,inventory-java:8082,2026-06-23 16:53:32,2026-06-23T11:23:32Z,1782213812,cooldown,2025.0,0.002776977125,{}
3,A,P99 HTTP Latency Panel (Java vs Go),go_order,go,order,order-java:8083,order-java:8083,2026-06-23 16:53:32,2026-06-23T11:23:32Z,1782213812,cooldown,2025.0,0.0034568032499999995,{}
3,A,P99 HTTP Latency Panel (Java vs Go),go_order,go,order,warehouse-java-twin:9084,warehouse-java-twin:9084,2026-06-23 16:53:32,2026-06-23T11:23:32Z,1782213812,cooldown,2025.0,2.586524747960003,{}
3,A,P99 HTTP Latency Panel (Java vs Go),go_order,go,order,inventory-java:8082,inventory-java:8082,2026-06-23 16:53:47,2026-06-23T11:23:47Z,1782213827,cooldown,2040.0,0.00275775325,{}
3,A,P99 HTTP Latency Panel (Java vs Go),go_order,go,order,order-java:8083,order-java:8083,2026-06-23 16:53:47,2026-06-23T11:23:47Z,1782213827,cooldown,2040.0,0.003476027125,{}
3,A,P99 HTTP Latency Panel (Java vs Go),go_order,go,order,warehouse-java-twin:9084,warehouse-java-twin:9084,2026-06-23 16:53:47,2026-06-23T11:23:47Z,1782213827,cooldown,2040.0,1.9064882600599928,{}
3,A,P99 HTTP Latency Panel (Java vs Go),go_order,go,order,inventory-java:8082,inventory-java:8082,2026-06-23 16:54:02,2026-06-23T11:24:02Z,1782213842,cooldown,2055.0,0.0038063282499999993,{}
3,A,P99 HTTP Latency Panel (Java vs Go),go_order,go,order,order-java:8083,order-java:8083,2026-06-23 16:54:02,2026-06-23T11:24:02Z,1782213842,cooldown,2055.0,0.005438613889999999,{}
3,A,P99 HTTP Latency Panel (Java vs Go),go_order,go,order,warehouse-java-twin:9084,warehouse-java-twin:9084,2026-06-23 16:54:02,2026-06-23T11:24:02Z,1782213842,cooldown,2055.0,0.9602958846607136,{}
3,A,P99 HTTP Latency Panel (Java vs Go),go_order,go,order,inventory-java:8082,inventory-java:8082,2026-06-23 16:54:17,2026-06-23T11:24:17Z,1782213857,cooldown,2070.0,0.0038063282499999993,{}
3,A,P99 HTTP Latency Panel (Java vs Go),go_order,go,order,order-java:8083,order-java:8083,2026-06-23 16:54:17,2026-06-23T11:24:17Z,1782213857,cooldown,2070.0,0.0055155094449999996,{}
3,A,P99 HTTP Latency Panel (Java vs Go),go_order,go,order,warehouse-java-twin:9084,warehouse-java-twin:9084,2026-06-23 16:54:17,2026-06-23T11:24:17Z,1782213857,cooldown,2070.0,0.5316986180865853,{}
3,A,P99 HTTP Latency Panel (Java vs Go),go_order,go,order,inventory-java:8082,inventory-java:8082,2026-06-23 16:54:32,2026-06-23T11:24:32Z,1782213872,cooldown,2085.0,0.0038063282499999998,{}
3,A,P99 HTTP Latency Panel (Java vs Go),go_order,go,order,order-java:8083,order-java:8083,2026-06-23 16:54:32,2026-06-23T11:24:32Z,1782213872,cooldown,2085.0,0.005541141296666666,{}
3,A,P99 HTTP Latency Panel (Java vs Go),go_order,go,order,warehouse-java-twin:9084,warehouse-java-twin:9084,2026-06-23 16:54:32,2026-06-23T11:24:32Z,1782213872,cooldown,2085.0,0.5327031868887833,{}
3,A,P99 HTTP Latency Panel (Java vs Go),go_order,go,order,inventory-java:8082,inventory-java:8082,2026-06-23 16:54:47,2026-06-23T11:24:47Z,1782213887,post_test,2100.0,0.0041750799600000004,{}
3,A,P99 HTTP Latency Panel (Java vs Go),go_order,go,order,order-java:8083,order-java:8083,2026-06-23 16:54:47,2026-06-23T11:24:47Z,1782213887,post_test,2100.0,0.005566773148333333,{}
3,A,P99 HTTP Latency Panel (Java vs Go),go_order,go,order,warehouse-java-twin:9084,warehouse-java-twin:9084,2026-06-23 16:54:47,2026-06-23T11:24:47Z,1782213887,post_test,2100.0,0.5342274142057077,{}
3,A,P99 HTTP Latency Panel (Java vs Go),java_inventory,java,inventory,inventory-java:8082,inventory-java:8082,2026-06-23 18:20:13,2026-06-23T12:50:13Z,1782219013,warmup,0.0,0.8011307033666668,{}
3,A,P99 HTTP Latency Panel (Java vs Go),java_inventory,java,inventory,order-java:8083,order-java:8083,2026-06-23 18:20:13,2026-06-23T12:50:13Z,1782219013,warmup,0.0,0.005578423989999999,{}
3,A,P99 HTTP Latency Panel (Java vs Go),java_inventory,java,inventory,warehouse-java-twin:9084,warehouse-java-twin:9084,2026-06-23 18:20:13,2026-06-23T12:50:13Z,1782219013,warmup,0.0,0.0055155094449999996,{}
3,A,P99 HTTP Latency Panel (Java vs Go),java_inventory,java,inventory,inventory-java:8082,inventory-java:8082,2026-06-23 18:20:28,2026-06-23T12:50:28Z,1782219028,warmup,15.0,0.8011307033666667,{}
3,A,P99 HTTP Latency Panel (Java vs Go),java_inventory,java,inventory,order-java:8083,order-java:8083,2026-06-23 18:20:28,2026-06-23T12:50:28Z,1782219028,warmup,15.0,0.005578423989999999,{}
3,A,P99 HTTP Latency Panel (Java vs Go),java_inventory,java,inventory,warehouse-java-twin:9084,warehouse-java-twin:9084,2026-06-23 18:20:28,2026-06-23T12:50:28Z,1782219028,warmup,15.0,0.005515509445,{}
3,A,P99 HTTP Latency Panel (Java vs Go),java_inventory,java,inventory,inventory-java:8082,inventory-java:8082,2026-06-23 18:20:43,2026-06-23T12:50:43Z,1782219043,warmup,30.0,0.8011307033666667,{}
3,A,P99 HTTP Latency Panel (Java vs Go),java_inventory,java,inventory,order-java:8083,order-java:8083,2026-06-23 18:20:43,2026-06-23T12:50:43Z,1782219043,warmup,30.0,0.005578423989999999,{}
3,A,P99 HTTP Latency Panel (Java vs Go),java_inventory,java,inventory,warehouse-java-twin:9084,warehouse-java-twin:9084,2026-06-23 18:20:43,2026-06-23T12:50:43Z,1782219043,warmup,30.0,0.005438613889999999,{}
3,A,P99 HTTP Latency Panel (Java vs Go),java_inventory,java,inventory,inventory-java:8082,inventory-java:8082,2026-06-23 18:20:58,2026-06-23T12:50:58Z,1782219058,warmup,45.0,0.79725330235,{}
3,A,P99 HTTP Latency Panel (Java vs Go),java_inventory,java,inventory,order-java:8083,order-java:8083,2026-06-23 18:20:58,2026-06-23T12:50:58Z,1782219058,warmup,45.0,0.005578423989999999,{}
3,A,P99 HTTP Latency Panel (Java vs Go),java_inventory,java,inventory,warehouse-java-twin:9084,warehouse-java-twin:9084,2026-06-23 18:20:58,2026-06-23T12:50:58Z,1782219058,warmup,45.0,0.004187895986666667,{}
3,A,P99 HTTP Latency Panel (Java vs Go),java_inventory,java,inventory,inventory-java:8082,inventory-java:8082,2026-06-23 18:21:13,2026-06-23T12:51:13Z,1782219073,warmup,60.0,0.005047145609999995,{}
3,A,P99 HTTP Latency Panel (Java vs Go),java_inventory,java,inventory,order-java:8083,order-java:8083,2026-06-23 18:21:13,2026-06-23T12:51:13Z,1782219073,warmup,60.0,0.005578423989999999,{}
3,A,P99 HTTP Latency Panel (Java vs Go),java_inventory,java,inventory,warehouse-java-twin:9084,warehouse-java-twin:9084,2026-06-23 18:21:13,2026-06-23T12:51:13Z,1782219073,warmup,60.0,0.004187895986666667,{}
3,A,P99 HTTP Latency Panel (Java vs Go),java_inventory,java,inventory,inventory-java:8082,inventory-java:8082,2026-06-23 18:21:28,2026-06-23T12:51:28Z,1782219088,warmup,75.0,0.004655677329999997,{}
3,A,P99 HTTP Latency Panel (Java vs Go),java_inventory,java,inventory,order-java:8083,order-java:8083,2026-06-23 18:21:28,2026-06-23T12:51:28Z,1782219088,warmup,75.0,0.005577025889,{}
3,A,P99 HTTP Latency Panel (Java vs Go),java_inventory,java,inventory,warehouse-java-twin:9084,warehouse-java-twin:9084,2026-06-23 18:21:28,2026-06-23T12:51:28Z,1782219088,warmup,75.0,0.00418949799,{}
3,A,P99 HTTP Latency Panel (Java vs Go),java_inventory,java,inventory,inventory-java:8082,inventory-java:8082,2026-06-23 18:21:43,2026-06-23T12:51:43Z,1782219103,warmup,90.0,0.004278190059999995,{}
3,A,P99 HTTP Latency Panel (Java vs Go),java_inventory,java,inventory,order-java:8083,order-java:8083,2026-06-23 18:21:43,2026-06-23T12:51:43Z,1782219103,warmup,90.0,0.005577025889,{}
3,A,P99 HTTP Latency Panel (Java vs Go),java_inventory,java,inventory,warehouse-java-twin:9084,warehouse-java-twin:9084,2026-06-23 18:21:43,2026-06-23T12:51:43Z,1782219103,warmup,90.0,0.004188811417142857,{}
3,A,P99 HTTP Latency Panel (Java vs Go),java_inventory,java,inventory,inventory-java:8082,inventory-java:8082,2026-06-23 18:21:58,2026-06-23T12:51:58Z,1782219118,warmup,105.0,0.004178924768,{}
3,A,P99 HTTP Latency Panel (Java vs Go),java_inventory,java,inventory,order-java:8083,order-java:8083,2026-06-23 18:21:58,2026-06-23T12:51:58Z,1782219118,warmup,105.0,0.005577025889,{}
3,A,P99 HTTP Latency Panel (Java vs Go),java_inventory,java,inventory,warehouse-java-twin:9084,warehouse-java-twin:9084,2026-06-23 18:21:58,2026-06-23T12:51:58Z,1782219118,warmup,105.0,0.004187895986666667,{}
3,A,P99 HTTP Latency Panel (Java vs Go),java_inventory,java,inventory,inventory-java:8082,inventory-java:8082,2026-06-23 18:22:13,2026-06-23T12:52:13Z,1782219133,warmup,120.0,0.004064104819999999,{}
3,A,P99 HTTP Latency Panel (Java vs Go),java_inventory,java,inventory,order-java:8083,order-java:8083,2026-06-23 18:22:13,2026-06-23T12:52:13Z,1782219133,warmup,120.0,0.005577025889,{}
3,A,P99 HTTP Latency Panel (Java vs Go),java_inventory,java,inventory,warehouse-java-twin:9084,warehouse-java-twin:9084,2026-06-23 18:22:13,2026-06-23T12:52:13Z,1782219133,warmup,120.0,0.004188811417142857,{}
3,A,P99 HTTP Latency Panel (Java vs Go),java_inventory,java,inventory,inventory-java:8082,inventory-java:8082,2026-06-23 18:22:28,2026-06-23T12:52:28Z,1782219148,warmup,135.0,0.00403963786,{}
3,A,P99 HTTP Latency Panel (Java vs Go),java_inventory,java,inventory,order-java:8083,order-java:8083,2026-06-23 18:22:28,2026-06-23T12:52:28Z,1782219148,warmup,135.0,0.005578423989999999,{}
3,A,P99 HTTP Latency Panel (Java vs Go),java_inventory,java,inventory,warehouse-java-twin:9084,warehouse-java-twin:9084,2026-06-23 18:22:28,2026-06-23T12:52:28Z,1782219148,warmup,135.0,0.00418949799,{}
3,A,P99 HTTP Latency Panel (Java vs Go),java_inventory,java,inventory,inventory-java:8082,inventory-java:8082,2026-06-23 18:22:43,2026-06-23T12:52:43Z,1782219163,warmup,150.0,0.00401604472,{}
3,A,P99 HTTP Latency Panel (Java vs Go),java_inventory,java,inventory,order-java:8083,order-java:8083,2026-06-23 18:22:43,2026-06-23T12:52:43Z,1782219163,warmup,150.0,0.005578423989999999,{}
3,A,P99 HTTP Latency Panel (Java vs Go),java_inventory,java,inventory,warehouse-java-twin:9084,warehouse-java-twin:9084,2026-06-23 18:22:43,2026-06-23T12:52:43Z,1782219163,warmup,150.0,0.005438613889999999,{}
3,A,P99 HTTP Latency Panel (Java vs Go),java_inventory,java,inventory,inventory-java:8082,inventory-java:8082,2026-06-23 18:22:58,2026-06-23T12:52:58Z,1782219178,warmup,165.0,0.003924002346666665,{}
3,A,P99 HTTP Latency Panel (Java vs Go),java_inventory,java,inventory,order-java:8083,order-java:8083,2026-06-23 18:22:58,2026-06-23T12:52:58Z,1782219178,warmup,165.0,0.005578423989999999,{}
3,A,P99 HTTP Latency Panel (Java vs Go),java_inventory,java,inventory,warehouse-java-twin:9084,warehouse-java-twin:9084,2026-06-23 18:22:58,2026-06-23T12:52:58Z,1782219178,warmup,165.0,0.005515509445,{}
3,A,P99 HTTP Latency Panel (Java vs Go),java_inventory,java,inventory,inventory-java:8082,inventory-java:8082,2026-06-23 18:23:13,2026-06-23T12:53:13Z,1782219193,warmup,180.0,0.003821862694444444,{}
3,A,P99 HTTP Latency Panel (Java vs Go),java_inventory,java,inventory,order-java:8083,order-java:8083,2026-06-23 18:23:13,2026-06-23T12:53:13Z,1782219193,warmup,180.0,0.005578423989999999,{}
3,A,P99 HTTP Latency Panel (Java vs Go),java_inventory,java,inventory,warehouse-java-twin:9084,warehouse-java-twin:9084,2026-06-23 18:23:13,2026-06-23T12:53:13Z,1782219193,warmup,180.0,0.005515509445,{}
3,A,P99 HTTP Latency Panel (Java vs Go),java_inventory,java,inventory,inventory-java:8082,inventory-java:8082,2026-06-23 18:23:28,2026-06-23T12:53:28Z,1782219208,warmup,195.0,0.003810988583333332,{}
3,A,P99 HTTP Latency Panel (Java vs Go),java_inventory,java,inventory,order-java:8083,order-java:8083,2026-06-23 18:23:28,2026-06-23T12:53:28Z,1782219208,warmup,195.0,0.005578423989999999,{}
3,A,P99 HTTP Latency Panel (Java vs Go),java_inventory,java,inventory,warehouse-java-twin:9084,warehouse-java-twin:9084,2026-06-23 18:23:28,2026-06-23T12:53:28Z,1782219208,warmup,195.0,0.0055155094449999996,{}
3,A,P99 HTTP Latency Panel (Java vs Go),java_inventory,java,inventory,inventory-java:8082,inventory-java:8082,2026-06-23 18:23:43,2026-06-23T12:53:43Z,1782219223,warmup,210.0,0.0038386593125000006,{}
3,A,P99 HTTP Latency Panel (Java vs Go),java_inventory,java,inventory,order-java:8083,order-java:8083,2026-06-23 18:23:43,2026-06-23T12:53:43Z,1782219223,warmup,210.0,0.005578423989999999,{}
3,A,P99 HTTP Latency Panel (Java vs Go),java_inventory,java,inventory,warehouse-java-twin:9084,warehouse-java-twin:9084,2026-06-23 18:23:43,2026-06-23T12:53:43Z,1782219223,warmup,210.0,0.01103101789,{}
3,A,P99 HTTP Latency Panel (Java vs Go),java_inventory,java,inventory,inventory-java:8082,inventory-java:8082,2026-06-23 18:23:58,2026-06-23T12:53:58Z,1782219238,warmup,225.0,0.003912351413333337,{}
3,A,P99 HTTP Latency Panel (Java vs Go),java_inventory,java,inventory,order-java:8083,order-java:8083,2026-06-23 18:23:58,2026-06-23T12:53:58Z,1782219238,warmup,225.0,0.005578423989999999,{}
3,A,P99 HTTP Latency Panel (Java vs Go),java_inventory,java,inventory,warehouse-java-twin:9084,warehouse-java-twin:9084,2026-06-23 18:23:58,2026-06-23T12:53:58Z,1782219238,warmup,225.0,0.01103101789,{}
3,A,P99 HTTP Latency Panel (Java vs Go),java_inventory,java,inventory,inventory-java:8082,inventory-java:8082,2026-06-23 18:24:13,2026-06-23T12:54:13Z,1782219253,warmup,240.0,0.0038808938933333334,{}
3,A,P99 HTTP Latency Panel (Java vs Go),java_inventory,java,inventory,order-java:8083,order-java:8083,2026-06-23 18:24:13,2026-06-23T12:54:13Z,1782219253,warmup,240.0,0.005578423989999999,{}
3,A,P99 HTTP Latency Panel (Java vs Go),java_inventory,java,inventory,warehouse-java-twin:9084,warehouse-java-twin:9084,2026-06-23 18:24:13,2026-06-23T12:54:13Z,1782219253,warmup,240.0,0.01103101789,{}
3,A,P99 HTTP Latency Panel (Java vs Go),java_inventory,java,inventory,inventory-java:8082,inventory-java:8082,2026-06-23 18:24:28,2026-06-23T12:54:28Z,1782219268,warmup,255.0,0.003788852,{}
3,A,P99 HTTP Latency Panel (Java vs Go),java_inventory,java,inventory,order-java:8083,order-java:8083,2026-06-23 18:24:28,2026-06-23T12:54:28Z,1782219268,warmup,255.0,0.005578423989999999,{}
3,A,P99 HTTP Latency Panel (Java vs Go),java_inventory,java,inventory,warehouse-java-twin:9084,warehouse-java-twin:9084,2026-06-23 18:24:28,2026-06-23T12:54:28Z,1782219268,warmup,255.0,0.005438613889999999,{}
3,A,P99 HTTP Latency Panel (Java vs Go),java_inventory,java,inventory,inventory-java:8082,inventory-java:8082,2026-06-23 18:24:43,2026-06-23T12:54:43Z,1782219283,warmup,270.0,0.0037334273214285722,{}
3,A,P99 HTTP Latency Panel (Java vs Go),java_inventory,java,inventory,order-java:8083,order-java:8083,2026-06-23 18:24:43,2026-06-23T12:54:43Z,1782219283,warmup,270.0,0.005578423989999999,{}
3,A,P99 HTTP Latency Panel (Java vs Go),java_inventory,java,inventory,warehouse-java-twin:9084,warehouse-java-twin:9084,2026-06-23 18:24:43,2026-06-23T12:54:43Z,1782219283,warmup,270.0,0.005438613889999999,{}
3,A,P99 HTTP Latency Panel (Java vs Go),java_inventory,java,inventory,inventory-java:8082,inventory-java:8082,2026-06-23 18:24:58,2026-06-23T12:54:58Z,1782219298,warmup,285.0,0.003719945642857144,{}
3,A,P99 HTTP Latency Panel (Java vs Go),java_inventory,java,inventory,order-java:8083,order-java:8083,2026-06-23 18:24:58,2026-06-23T12:54:58Z,1782219298,warmup,285.0,0.005577025889,{}
3,A,P99 HTTP Latency Panel (Java vs Go),java_inventory,java,inventory,warehouse-java-twin:9084,warehouse-java-twin:9084,2026-06-23 18:24:58,2026-06-23T12:54:58Z,1782219298,warmup,285.0,0.005438613889999999,{}
3,A,P99 HTTP Latency Panel (Java vs Go),java_inventory,java,inventory,inventory-java:8082,inventory-java:8082,2026-06-23 18:25:13,2026-06-23T12:55:13Z,1782219313,ramp_1,300.0,0.0037059646428571407,{}
3,A,P99 HTTP Latency Panel (Java vs Go),java_inventory,java,inventory,order-java:8083,order-java:8083,2026-06-23 18:25:13,2026-06-23T12:55:13Z,1782219313,ramp_1,300.0,0.005577025889,{}
3,A,P99 HTTP Latency Panel (Java vs Go),java_inventory,java,inventory,warehouse-java-twin:9084,warehouse-java-twin:9084,2026-06-23 18:25:13,2026-06-23T12:55:13Z,1782219313,ramp_1,300.0,0.005438613889999999,{}
3,A,P99 HTTP Latency Panel (Java vs Go),java_inventory,java,inventory,inventory-java:8082,inventory-java:8082,2026-06-23 18:25:28,2026-06-23T12:55:28Z,1782219328,ramp_1,315.0,0.003664333718749996,{}
3,A,P99 HTTP Latency Panel (Java vs Go),java_inventory,java,inventory,order-java:8083,order-java:8083,2026-06-23 18:25:28,2026-06-23T12:55:28Z,1782219328,ramp_1,315.0,0.005577025889,{}
3,A,P99 HTTP Latency Panel (Java vs Go),java_inventory,java,inventory,warehouse-java-twin:9084,warehouse-java-twin:9084,2026-06-23 18:25:28,2026-06-23T12:55:28Z,1782219328,ramp_1,315.0,0.005438613889999999,{}
3,A,P99 HTTP Latency Panel (Java vs Go),java_inventory,java,inventory,inventory-java:8082,inventory-java:8082,2026-06-23 18:25:43,2026-06-23T12:55:43Z,1782219343,ramp_1,330.0,0.0036585291071428543,{}
3,A,P99 HTTP Latency Panel (Java vs Go),java_inventory,java,inventory,order-java:8083,order-java:8083,2026-06-23 18:25:43,2026-06-23T12:55:43Z,1782219343,ramp_1,330.0,0.005577025889,{}
3,A,P99 HTTP Latency Panel (Java vs Go),java_inventory,java,inventory,warehouse-java-twin:9084,warehouse-java-twin:9084,2026-06-23 18:25:43,2026-06-23T12:55:43Z,1782219343,ramp_1,330.0,0.004186614384,{}
3,A,P99 HTTP Latency Panel (Java vs Go),java_inventory,java,inventory,inventory-java:8082,inventory-java:8082,2026-06-23 18:25:58,2026-06-23T12:55:58Z,1782219358,ramp_1,345.0,0.003630400666666668,{}
3,A,P99 HTTP Latency Panel (Java vs Go),java_inventory,java,inventory,order-java:8083,order-java:8083,2026-06-23 18:25:58,2026-06-23T12:55:58Z,1782219358,ramp_1,345.0,0.005578423989999999,{}
3,A,P99 HTTP Latency Panel (Java vs Go),java_inventory,java,inventory,warehouse-java-twin:9084,warehouse-java-twin:9084,2026-06-23 18:25:58,2026-06-23T12:55:58Z,1782219358,ramp_1,345.0,0.004188811417142857,{}
3,A,P99 HTTP Latency Panel (Java vs Go),java_inventory,java,inventory,inventory-java:8082,inventory-java:8082,2026-06-23 18:26:13,2026-06-23T12:56:13Z,1782219373,ramp_1,360.0,0.0036158371249999997,{}
3,A,P99 HTTP Latency Panel (Java vs Go),java_inventory,java,inventory,order-java:8083,order-java:8083,2026-06-23 18:26:13,2026-06-23T12:56:13Z,1782219373,ramp_1,360.0,0.005578423989999999,{}
3,A,P99 HTTP Latency Panel (Java vs Go),java_inventory,java,inventory,warehouse-java-twin:9084,warehouse-java-twin:9084,2026-06-23 18:26:13,2026-06-23T12:56:13Z,1782219373,ramp_1,360.0,0.004186614384,{}
3,A,P99 HTTP Latency Panel (Java vs Go),java_inventory,java,inventory,inventory-java:8082,inventory-java:8082,2026-06-23 18:26:28,2026-06-23T12:56:28Z,1782219388,ramp_1,375.0,0.003577389374999997,{}
3,A,P99 HTTP Latency Panel (Java vs Go),java_inventory,java,inventory,order-java:8083,order-java:8083,2026-06-23 18:26:28,2026-06-23T12:56:28Z,1782219388,ramp_1,375.0,0.005578423989999999,{}
3,A,P99 HTTP Latency Panel (Java vs Go),java_inventory,java,inventory,warehouse-java-twin:9084,warehouse-java-twin:9084,2026-06-23 18:26:28,2026-06-23T12:56:28Z,1782219388,ramp_1,375.0,0.004186614384,{}
3,A,P99 HTTP Latency Panel (Java vs Go),java_inventory,java,inventory,inventory-java:8082,inventory-java:8082,2026-06-23 18:26:43,2026-06-23T12:56:43Z,1782219403,ramp_1,390.0,0.003534969750000001,{}
3,A,P99 HTTP Latency Panel (Java vs Go),java_inventory,java,inventory,order-java:8083,order-java:8083,2026-06-23 18:26:43,2026-06-23T12:56:43Z,1782219403,ramp_1,390.0,0.005578423989999999,{}
3,A,P99 HTTP Latency Panel (Java vs Go),java_inventory,java,inventory,warehouse-java-twin:9084,warehouse-java-twin:9084,2026-06-23 18:26:43,2026-06-23T12:56:43Z,1782219403,ramp_1,390.0,0.004187895986666667,{}
3,A,P99 HTTP Latency Panel (Java vs Go),java_inventory,java,inventory,inventory-java:8082,inventory-java:8082,2026-06-23 18:26:58,2026-06-23T12:56:58Z,1782219418,ramp_1,405.0,0.0031981547499999726,{}
3,A,P99 HTTP Latency Panel (Java vs Go),java_inventory,java,inventory,order-java:8083,order-java:8083,2026-06-23 18:26:58,2026-06-23T12:56:58Z,1782219418,ramp_1,405.0,0.005578423989999999,{}
3,A,P99 HTTP Latency Panel (Java vs Go),java_inventory,java,inventory,warehouse-java-twin:9084,warehouse-java-twin:9084,2026-06-23 18:26:58,2026-06-23T12:56:58Z,1782219418,ramp_1,405.0,0.004186614384,{}
3,A,P99 HTTP Latency Panel (Java vs Go),java_inventory,java,inventory,inventory-java:8082,inventory-java:8082,2026-06-23 18:27:13,2026-06-23T12:57:13Z,1782219433,ramp_1,420.0,0.0013150888125000066,{}
3,A,P99 HTTP Latency Panel (Java vs Go),java_inventory,java,inventory,order-java:8083,order-java:8083,2026-06-23 18:27:13,2026-06-23T12:57:13Z,1782219433,ramp_1,420.0,0.00683671489,{}
3,A,P99 HTTP Latency Panel (Java vs Go),java_inventory,java,inventory,warehouse-java-twin:9084,warehouse-java-twin:9084,2026-06-23 18:27:13,2026-06-23T12:57:13Z,1782219433,ramp_1,420.0,0.004186614384,{}
3,A,P99 HTTP Latency Panel (Java vs Go),java_inventory,java,inventory,inventory-java:8082,inventory-java:8082,2026-06-23 18:27:28,2026-06-23T12:57:28Z,1782219448,ramp_1,435.0,0.0012547957499999978,{}
3,A,P99 HTTP Latency Panel (Java vs Go),java_inventory,java,inventory,order-java:8083,order-java:8083,2026-06-23 18:27:28,2026-06-23T12:57:28Z,1782219448,ramp_1,435.0,0.00683671489,{}
3,A,P99 HTTP Latency Panel (Java vs Go),java_inventory,java,inventory,warehouse-java-twin:9084,warehouse-java-twin:9084,2026-06-23 18:27:28,2026-06-23T12:57:28Z,1782219448,ramp_1,435.0,0.00418469198,{}
3,A,P99 HTTP Latency Panel (Java vs Go),java_inventory,java,inventory,inventory-java:8082,inventory-java:8082,2026-06-23 18:27:43,2026-06-23T12:57:43Z,1782219463,ramp_1,450.0,0.0012146003749999954,{}
3,A,P99 HTTP Latency Panel (Java vs Go),java_inventory,java,inventory,order-java:8083,order-java:8083,2026-06-23 18:27:43,2026-06-23T12:57:43Z,1782219463,ramp_1,450.0,0.00683671489,{}
3,A,P99 HTTP Latency Panel (Java vs Go),java_inventory,java,inventory,warehouse-java-twin:9084,warehouse-java-twin:9084,2026-06-23 18:27:43,2026-06-23T12:57:43Z,1782219463,ramp_1,450.0,0.005438613889999999,{}
3,A,P99 HTTP Latency Panel (Java vs Go),java_inventory,java,inventory,inventory-java:8082,inventory-java:8082,2026-06-23 18:27:58,2026-06-23T12:57:58Z,1782219478,ramp_1,465.0,0.001256106468750004,{}
3,A,P99 HTTP Latency Panel (Java vs Go),java_inventory,java,inventory,order-java:8083,order-java:8083,2026-06-23 18:27:58,2026-06-23T12:57:58Z,1782219478,ramp_1,465.0,0.00683671489,{}
3,A,P99 HTTP Latency Panel (Java vs Go),java_inventory,java,inventory,warehouse-java-twin:9084,warehouse-java-twin:9084,2026-06-23 18:27:58,2026-06-23T12:57:58Z,1782219478,ramp_1,465.0,0.005438613889999999,{}
3,A,P99 HTTP Latency Panel (Java vs Go),java_inventory,java,inventory,inventory-java:8082,inventory-java:8082,2026-06-23 18:28:13,2026-06-23T12:58:13Z,1782219493,ramp_1,480.0,0.0012517374062500043,{}
3,A,P99 HTTP Latency Panel (Java vs Go),java_inventory,java,inventory,order-java:8083,order-java:8083,2026-06-23 18:28:13,2026-06-23T12:58:13Z,1782219493,ramp_1,480.0,0.00557318111125,{}
3,A,P99 HTTP Latency Panel (Java vs Go),java_inventory,java,inventory,warehouse-java-twin:9084,warehouse-java-twin:9084,2026-06-23 18:28:13,2026-06-23T12:58:13Z,1782219493,ramp_1,480.0,0.0055155094449999996,{}
3,A,P99 HTTP Latency Panel (Java vs Go),java_inventory,java,inventory,inventory-java:8082,inventory-java:8082,2026-06-23 18:28:28,2026-06-23T12:58:28Z,1782219508,ramp_1,495.0,0.001203677718750005,{}
3,A,P99 HTTP Latency Panel (Java vs Go),java_inventory,java,inventory,order-java:8083,order-java:8083,2026-06-23 18:28:28,2026-06-23T12:58:28Z,1782219508,ramp_1,495.0,0.01522532089,{}
3,A,P99 HTTP Latency Panel (Java vs Go),java_inventory,java,inventory,warehouse-java-twin:9084,warehouse-java-twin:9084,2026-06-23 18:28:28,2026-06-23T12:58:28Z,1782219508,ramp_1,495.0,0.005515509445,{}
3,A,P99 HTTP Latency Panel (Java vs Go),java_inventory,java,inventory,inventory-java:8082,inventory-java:8082,2026-06-23 18:28:43,2026-06-23T12:58:43Z,1782219523,ramp_1,510.0,0.0010087436800000008,{}
3,A,P99 HTTP Latency Panel (Java vs Go),java_inventory,java,inventory,order-java:8083,order-java:8083,2026-06-23 18:28:43,2026-06-23T12:58:43Z,1782219523,ramp_1,510.0,0.01522532089,{}
3,A,P99 HTTP Latency Panel (Java vs Go),java_inventory,java,inventory,warehouse-java-twin:9084,warehouse-java-twin:9084,2026-06-23 18:28:43,2026-06-23T12:58:43Z,1782219523,ramp_1,510.0,0.005438613889999999,{}
3,A,P99 HTTP Latency Panel (Java vs Go),java_inventory,java,inventory,inventory-java:8082,inventory-java:8082,2026-06-23 18:28:58,2026-06-23T12:58:58Z,1782219538,ramp_1,525.0,0.000999715909090909,{}
3,A,P99 HTTP Latency Panel (Java vs Go),java_inventory,java,inventory,order-java:8083,order-java:8083,2026-06-23 18:28:58,2026-06-23T12:58:58Z,1782219538,ramp_1,525.0,0.01522532089,{}
3,A,P99 HTTP Latency Panel (Java vs Go),java_inventory,java,inventory,warehouse-java-twin:9084,warehouse-java-twin:9084,2026-06-23 18:28:58,2026-06-23T12:58:58Z,1782219538,ramp_1,525.0,0.005541141296666666,{}
3,A,P99 HTTP Latency Panel (Java vs Go),java_inventory,java,inventory,inventory-java:8082,inventory-java:8082,2026-06-23 18:29:13,2026-06-23T12:59:13Z,1782219553,ramp_1,540.0,0.0011010047500000129,{}
3,A,P99 HTTP Latency Panel (Java vs Go),java_inventory,java,inventory,order-java:8083,order-java:8083,2026-06-23 18:29:13,2026-06-23T12:59:13Z,1782219553,ramp_1,540.0,0.005578423989999999,{}
3,A,P99 HTTP Latency Panel (Java vs Go),java_inventory,java,inventory,warehouse-java-twin:9084,warehouse-java-twin:9084,2026-06-23 18:29:13,2026-06-23T12:59:13Z,1782219553,ramp_1,540.0,0.005515509445,{}
3,A,P99 HTTP Latency Panel (Java vs Go),java_inventory,java,inventory,inventory-java:8082,inventory-java:8082,2026-06-23 18:29:28,2026-06-23T12:59:28Z,1782219568,ramp_1,555.0,0.0016625749166666623,{}
3,A,P99 HTTP Latency Panel (Java vs Go),java_inventory,java,inventory,order-java:8083,order-java:8083,2026-06-23 18:29:28,2026-06-23T12:59:28Z,1782219568,ramp_1,555.0,0.00683671489,{}
3,A,P99 HTTP Latency Panel (Java vs Go),java_inventory,java,inventory,warehouse-java-twin:9084,warehouse-java-twin:9084,2026-06-23 18:29:28,2026-06-23T12:59:28Z,1782219568,ramp_1,555.0,0.005541141296666666,{}
3,A,P99 HTTP Latency Panel (Java vs Go),java_inventory,java,inventory,inventory-java:8082,inventory-java:8082,2026-06-23 18:29:43,2026-06-23T12:59:43Z,1782219583,ramp_1,570.0,0.0014933465624999982,{}
3,A,P99 HTTP Latency Panel (Java vs Go),java_inventory,java,inventory,order-java:8083,order-java:8083,2026-06-23 18:29:43,2026-06-23T12:59:43Z,1782219583,ramp_1,570.0,0.006913610444999999,{}
3,A,P99 HTTP Latency Panel (Java vs Go),java_inventory,java,inventory,warehouse-java-twin:9084,warehouse-java-twin:9084,2026-06-23 18:29:43,2026-06-23T12:59:43Z,1782219583,ramp_1,570.0,0.005515509445,{}
3,A,P99 HTTP Latency Panel (Java vs Go),java_inventory,java,inventory,inventory-java:8082,inventory-java:8082,2026-06-23 18:29:58,2026-06-23T12:59:58Z,1782219598,ramp_1,585.0,0.0015134442500000496,{}
3,A,P99 HTTP Latency Panel (Java vs Go),java_inventory,java,inventory,order-java:8083,order-java:8083,2026-06-23 18:29:58,2026-06-23T12:59:58Z,1782219598,ramp_1,585.0,0.006913610444999999,{}
3,A,P99 HTTP Latency Panel (Java vs Go),java_inventory,java,inventory,warehouse-java-twin:9084,warehouse-java-twin:9084,2026-06-23 18:29:58,2026-06-23T12:59:58Z,1782219598,ramp_1,585.0,0.005438613889999999,{}
3,A,P99 HTTP Latency Panel (Java vs Go),java_inventory,java,inventory,inventory-java:8082,inventory-java:8082,2026-06-23 18:30:13,2026-06-23T13:00:13Z,1782219613,ramp_2,600.0,0.0015006283333332956,{}
3,A,P99 HTTP Latency Panel (Java vs Go),java_inventory,java,inventory,order-java:8083,order-java:8083,2026-06-23 18:30:13,2026-06-23T13:00:13Z,1782219613,ramp_2,600.0,0.00683671489,{}
3,A,P99 HTTP Latency Panel (Java vs Go),java_inventory,java,inventory,warehouse-java-twin:9084,warehouse-java-twin:9084,2026-06-23 18:30:13,2026-06-23T13:00:13Z,1782219613,ramp_2,600.0,0.005438613889999999,{}
3,A,P99 HTTP Latency Panel (Java vs Go),java_inventory,java,inventory,inventory-java:8082,inventory-java:8082,2026-06-23 18:30:28,2026-06-23T13:00:28Z,1782219628,ramp_2,615.0,0.0011677322500000015,{}
3,A,P99 HTTP Latency Panel (Java vs Go),java_inventory,java,inventory,order-java:8083,order-java:8083,2026-06-23 18:30:28,2026-06-23T13:00:28Z,1782219628,ramp_2,615.0,0.005570434841428572,{}
3,A,P99 HTTP Latency Panel (Java vs Go),java_inventory,java,inventory,warehouse-java-twin:9084,warehouse-java-twin:9084,2026-06-23 18:30:28,2026-06-23T13:00:28Z,1782219628,ramp_2,615.0,0.0041750799600000004,{}
3,A,P99 HTTP Latency Panel (Java vs Go),java_inventory,java,inventory,inventory-java:8082,inventory-java:8082,2026-06-23 18:30:43,2026-06-23T13:00:43Z,1782219643,ramp_2,630.0,0.0010660522499999969,{}
3,A,P99 HTTP Latency Panel (Java vs Go),java_inventory,java,inventory,order-java:8083,order-java:8083,2026-06-23 18:30:43,2026-06-23T13:00:43Z,1782219643,ramp_2,630.0,0.00557318111125,{}
3,A,P99 HTTP Latency Panel (Java vs Go),java_inventory,java,inventory,warehouse-java-twin:9084,warehouse-java-twin:9084,2026-06-23 18:30:43,2026-06-23T13:00:43Z,1782219643,ramp_2,630.0,0.004181487973333333,{}
3,A,P99 HTTP Latency Panel (Java vs Go),java_inventory,java,inventory,inventory-java:8082,inventory-java:8082,2026-06-23 18:30:58,2026-06-23T13:00:58Z,1782219658,ramp_2,645.0,0.001030602879999994,{}
3,A,P99 HTTP Latency Panel (Java vs Go),java_inventory,java,inventory,order-java:8083,order-java:8083,2026-06-23 18:30:58,2026-06-23T13:00:58Z,1782219658,ramp_2,645.0,0.005575317098888889,{}
3,A,P99 HTTP Latency Panel (Java vs Go),java_inventory,java,inventory,warehouse-java-twin:9084,warehouse-java-twin:9084,2026-06-23 18:30:58,2026-06-23T13:00:58Z,1782219658,ramp_2,645.0,0.004186614384,{}
3,A,P99 HTTP Latency Panel (Java vs Go),java_inventory,java,inventory,inventory-java:8082,inventory-java:8082,2026-06-23 18:31:13,2026-06-23T13:01:13Z,1782219673,ramp_2,660.0,0.0009992926583975862,{}
3,A,P99 HTTP Latency Panel (Java vs Go),java_inventory,java,inventory,order-java:8083,order-java:8083,2026-06-23 18:31:13,2026-06-23T13:01:13Z,1782219673,ramp_2,660.0,0.005577025889,{}
3,A,P99 HTTP Latency Panel (Java vs Go),java_inventory,java,inventory,warehouse-java-twin:9084,warehouse-java-twin:9084,2026-06-23 18:31:13,2026-06-23T13:01:13Z,1782219673,ramp_2,660.0,0.005438613889999999,{}
3,A,P99 HTTP Latency Panel (Java vs Go),java_inventory,java,inventory,inventory-java:8082,inventory-java:8082,2026-06-23 18:31:28,2026-06-23T13:01:28Z,1782219688,ramp_2,675.0,0.0010822177812500001,{}
3,A,P99 HTTP Latency Panel (Java vs Go),java_inventory,java,inventory,order-java:8083,order-java:8083,2026-06-23 18:31:28,2026-06-23T13:01:28Z,1782219688,ramp_2,675.0,0.005575317098888888,{}
3,A,P99 HTTP Latency Panel (Java vs Go),java_inventory,java,inventory,warehouse-java-twin:9084,warehouse-java-twin:9084,2026-06-23 18:31:28,2026-06-23T13:01:28Z,1782219688,ramp_2,675.0,0.005515509445,{}
3,A,P99 HTTP Latency Panel (Java vs Go),java_inventory,java,inventory,inventory-java:8082,inventory-java:8082,2026-06-23 18:31:43,2026-06-23T13:01:43Z,1782219703,ramp_2,690.0,0.0010403180799999994,{}
3,A,P99 HTTP Latency Panel (Java vs Go),java_inventory,java,inventory,order-java:8083,order-java:8083,2026-06-23 18:31:43,2026-06-23T13:01:43Z,1782219703,ramp_2,690.0,0.005570434841428571,{}
3,A,P99 HTTP Latency Panel (Java vs Go),java_inventory,java,inventory,warehouse-java-twin:9084,warehouse-java-twin:9084,2026-06-23 18:31:43,2026-06-23T13:01:43Z,1782219703,ramp_2,690.0,0.005541141296666666,{}
3,A,P99 HTTP Latency Panel (Java vs Go),java_inventory,java,inventory,inventory-java:8082,inventory-java:8082,2026-06-23 18:31:58,2026-06-23T13:01:58Z,1782219718,ramp_2,705.0,0.0010470493257142867,{}
3,A,P99 HTTP Latency Panel (Java vs Go),java_inventory,java,inventory,order-java:8083,order-java:8083,2026-06-23 18:31:58,2026-06-23T13:01:58Z,1782219718,ramp_2,705.0,0.005570434841428572,{}
3,A,P99 HTTP Latency Panel (Java vs Go),java_inventory,java,inventory,warehouse-java-twin:9084,warehouse-java-twin:9084,2026-06-23 18:31:58,2026-06-23T13:01:58Z,1782219718,ramp_2,705.0,0.0055155094449999996,{}
3,A,P99 HTTP Latency Panel (Java vs Go),java_inventory,java,inventory,inventory-java:8082,inventory-java:8082,2026-06-23 18:32:13,2026-06-23T13:02:13Z,1782219733,ramp_2,720.0,0.0010552336190476118,{}
3,A,P99 HTTP Latency Panel (Java vs Go),java_inventory,java,inventory,order-java:8083,order-java:8083,2026-06-23 18:32:13,2026-06-23T13:02:13Z,1782219733,ramp_2,720.0,0.005566773148333333,{}
3,A,P99 HTTP Latency Panel (Java vs Go),java_inventory,java,inventory,warehouse-java-twin:9084,warehouse-java-twin:9084,2026-06-23 18:32:13,2026-06-23T13:02:13Z,1782219733,ramp_2,720.0,0.005438613889999999,{}
3,A,P99 HTTP Latency Panel (Java vs Go),java_inventory,java,inventory,inventory-java:8082,inventory-java:8082,2026-06-23 18:32:28,2026-06-23T13:02:28Z,1782219748,ramp_2,735.0,0.0009989140518417462,{}
3,A,P99 HTTP Latency Panel (Java vs Go),java_inventory,java,inventory,order-java:8083,order-java:8083,2026-06-23 18:32:28,2026-06-23T13:02:28Z,1782219748,ramp_2,735.0,0.005570434841428571,{}
3,A,P99 HTTP Latency Panel (Java vs Go),java_inventory,java,inventory,warehouse-java-twin:9084,warehouse-java-twin:9084,2026-06-23 18:32:28,2026-06-23T13:02:28Z,1782219748,ramp_2,735.0,0.005438613889999999,{}
3,A,P99 HTTP Latency Panel (Java vs Go),java_inventory,java,inventory,inventory-java:8082,inventory-java:8082,2026-06-23 18:32:43,2026-06-23T13:02:43Z,1782219763,ramp_2,750.0,0.0009972832369942197,{}
3,A,P99 HTTP Latency Panel (Java vs Go),java_inventory,java,inventory,order-java:8083,order-java:8083,2026-06-23 18:32:43,2026-06-23T13:02:43Z,1782219763,ramp_2,750.0,0.00683671489,{}
3,A,P99 HTTP Latency Panel (Java vs Go),java_inventory,java,inventory,warehouse-java-twin:9084,warehouse-java-twin:9084,2026-06-23 18:32:43,2026-06-23T13:02:43Z,1782219763,ramp_2,750.0,0.00415585592,{}
3,A,P99 HTTP Latency Panel (Java vs Go),java_inventory,java,inventory,inventory-java:8082,inventory-java:8082,2026-06-23 18:32:58,2026-06-23T13:02:58Z,1782219778,ramp_2,765.0,0.000996523061327927,{}
3,A,P99 HTTP Latency Panel (Java vs Go),java_inventory,java,inventory,order-java:8083,order-java:8083,2026-06-23 18:32:58,2026-06-23T13:02:58Z,1782219778,ramp_2,765.0,0.006913610444999999,{}
3,A,P99 HTTP Latency Panel (Java vs Go),java_inventory,java,inventory,warehouse-java-twin:9084,warehouse-java-twin:9084,2026-06-23 18:32:58,2026-06-23T13:02:58Z,1782219778,ramp_2,765.0,0.005438613889999999,{}
3,A,P99 HTTP Latency Panel (Java vs Go),java_inventory,java,inventory,inventory-java:8082,inventory-java:8082,2026-06-23 18:33:13,2026-06-23T13:03:13Z,1782219793,ramp_2,780.0,0.0009982601226993864,{}
3,A,P99 HTTP Latency Panel (Java vs Go),java_inventory,java,inventory,order-java:8083,order-java:8083,2026-06-23 18:33:13,2026-06-23T13:03:13Z,1782219793,ramp_2,780.0,0.006913610444999999,{}
3,A,P99 HTTP Latency Panel (Java vs Go),java_inventory,java,inventory,warehouse-java-twin:9084,warehouse-java-twin:9084,2026-06-23 18:33:13,2026-06-23T13:03:13Z,1782219793,ramp_2,780.0,0.005438613889999999,{}
3,A,P99 HTTP Latency Panel (Java vs Go),java_inventory,java,inventory,inventory-java:8082,inventory-java:8082,2026-06-23 18:33:28,2026-06-23T13:03:28Z,1782219808,ramp_2,795.0,0.001037403519999998,{}
3,A,P99 HTTP Latency Panel (Java vs Go),java_inventory,java,inventory,order-java:8083,order-java:8083,2026-06-23 18:33:28,2026-06-23T13:03:28Z,1782219808,ramp_2,795.0,0.006939242296666666,{}
3,A,P99 HTTP Latency Panel (Java vs Go),java_inventory,java,inventory,warehouse-java-twin:9084,warehouse-java-twin:9084,2026-06-23 18:33:28,2026-06-23T13:03:28Z,1782219808,ramp_2,795.0,0.005438613889999999,{}
3,A,P99 HTTP Latency Panel (Java vs Go),java_inventory,java,inventory,inventory-java:8082,inventory-java:8082,2026-06-23 18:33:43,2026-06-23T13:03:43Z,1782219823,ramp_2,810.0,0.001054789777777781,{}
3,A,P99 HTTP Latency Panel (Java vs Go),java_inventory,java,inventory,order-java:8083,order-java:8083,2026-06-23 18:33:43,2026-06-23T13:03:43Z,1782219823,ramp_2,810.0,0.006913610444999999,{}
3,A,P99 HTTP Latency Panel (Java vs Go),java_inventory,java,inventory,warehouse-java-twin:9084,warehouse-java-twin:9084,2026-06-23 18:33:43,2026-06-23T13:03:43Z,1782219823,ramp_2,810.0,0.005438613889999999,{}
3,A,P99 HTTP Latency Panel (Java vs Go),java_inventory,java,inventory,inventory-java:8082,inventory-java:8082,2026-06-23 18:33:58,2026-06-23T13:03:58Z,1782219838,ramp_2,825.0,0.0009992874692874693,{}
3,A,P99 HTTP Latency Panel (Java vs Go),java_inventory,java,inventory,order-java:8083,order-java:8083,2026-06-23 18:33:58,2026-06-23T13:03:58Z,1782219838,ramp_2,825.0,0.00683671489,{}
3,A,P99 HTTP Latency Panel (Java vs Go),java_inventory,java,inventory,warehouse-java-twin:9084,warehouse-java-twin:9084,2026-06-23 18:33:58,2026-06-23T13:03:58Z,1782219838,ramp_2,825.0,0.00683671489,{}
3,A,P99 HTTP Latency Panel (Java vs Go),java_inventory,java,inventory,inventory-java:8082,inventory-java:8082,2026-06-23 18:34:13,2026-06-23T13:04:13Z,1782219853,ramp_2,840.0,0.0009996595836947095,{}
3,A,P99 HTTP Latency Panel (Java vs Go),java_inventory,java,inventory,order-java:8083,order-java:8083,2026-06-23 18:34:13,2026-06-23T13:04:13Z,1782219853,ramp_2,840.0,0.005577025889,{}
3,A,P99 HTTP Latency Panel (Java vs Go),java_inventory,java,inventory,warehouse-java-twin:9084,warehouse-java-twin:9084,2026-06-23 18:34:13,2026-06-23T13:04:13Z,1782219853,ramp_2,840.0,0.00683671489,{}
3,A,P99 HTTP Latency Panel (Java vs Go),java_inventory,java,inventory,inventory-java:8082,inventory-java:8082,2026-06-23 18:34:28,2026-06-23T13:04:28Z,1782219868,ramp_2,855.0,0.0009991724573594441,{}
3,A,P99 HTTP Latency Panel (Java vs Go),java_inventory,java,inventory,order-java:8083,order-java:8083,2026-06-23 18:34:28,2026-06-23T13:04:28Z,1782219868,ramp_2,855.0,0.005577025889,{}
3,A,P99 HTTP Latency Panel (Java vs Go),java_inventory,java,inventory,warehouse-java-twin:9084,warehouse-java-twin:9084,2026-06-23 18:34:28,2026-06-23T13:04:28Z,1782219868,ramp_2,855.0,0.00683671489,{}
3,A,P99 HTTP Latency Panel (Java vs Go),java_inventory,java,inventory,inventory-java:8082,inventory-java:8082,2026-06-23 18:34:43,2026-06-23T13:04:43Z,1782219883,ramp_2,870.0,0.0009985100286532952,{}
3,A,P99 HTTP Latency Panel (Java vs Go),java_inventory,java,inventory,order-java:8083,order-java:8083,2026-06-23 18:34:43,2026-06-23T13:04:43Z,1782219883,ramp_2,870.0,0.006913610444999999,{}
3,A,P99 HTTP Latency Panel (Java vs Go),java_inventory,java,inventory,warehouse-java-twin:9084,warehouse-java-twin:9084,2026-06-23 18:34:43,2026-06-23T13:04:43Z,1782219883,ramp_2,870.0,0.00683671489,{}
3,A,P99 HTTP Latency Panel (Java vs Go),java_inventory,java,inventory,inventory-java:8082,inventory-java:8082,2026-06-23 18:34:58,2026-06-23T13:04:58Z,1782219898,ramp_2,885.0,0.0009974821002386638,{}
3,A,P99 HTTP Latency Panel (Java vs Go),java_inventory,java,inventory,order-java:8083,order-java:8083,2026-06-23 18:34:58,2026-06-23T13:04:58Z,1782219898,ramp_2,885.0,0.006913610444999999,{}
3,A,P99 HTTP Latency Panel (Java vs Go),java_inventory,java,inventory,warehouse-java-twin:9084,warehouse-java-twin:9084,2026-06-23 18:34:58,2026-06-23T13:04:58Z,1782219898,ramp_2,885.0,0.005541141296666666,{}
3,A,P99 HTTP Latency Panel (Java vs Go),java_inventory,java,inventory,inventory-java:8082,inventory-java:8082,2026-06-23 18:35:13,2026-06-23T13:05:13Z,1782219913,ramp_3,900.0,0.0009961347792408985,{}
3,A,P99 HTTP Latency Panel (Java vs Go),java_inventory,java,inventory,order-java:8083,order-java:8083,2026-06-23 18:35:13,2026-06-23T13:05:13Z,1782219913,ramp_3,900.0,0.006913610444999999,{}
3,A,P99 HTTP Latency Panel (Java vs Go),java_inventory,java,inventory,warehouse-java-twin:9084,warehouse-java-twin:9084,2026-06-23 18:35:13,2026-06-23T13:05:13Z,1782219913,ramp_3,900.0,0.005553957222499999,{}
3,A,P99 HTTP Latency Panel (Java vs Go),java_inventory,java,inventory,inventory-java:8082,inventory-java:8082,2026-06-23 18:35:28,2026-06-23T13:05:28Z,1782219928,ramp_3,915.0,0.0009953925619834712,{}
3,A,P99 HTTP Latency Panel (Java vs Go),java_inventory,java,inventory,order-java:8083,order-java:8083,2026-06-23 18:35:28,2026-06-23T13:05:28Z,1782219928,ramp_3,915.0,0.006913610444999999,{}
3,A,P99 HTTP Latency Panel (Java vs Go),java_inventory,java,inventory,warehouse-java-twin:9084,warehouse-java-twin:9084,2026-06-23 18:35:28,2026-06-23T13:05:28Z,1782219928,ramp_3,915.0,0.005553957222499999,{}
3,A,P99 HTTP Latency Panel (Java vs Go),java_inventory,java,inventory,inventory-java:8082,inventory-java:8082,2026-06-23 18:35:43,2026-06-23T13:05:43Z,1782219943,ramp_3,930.0,0.00099486,{}
3,A,P99 HTTP Latency Panel (Java vs Go),java_inventory,java,inventory,order-java:8083,order-java:8083,2026-06-23 18:35:43,2026-06-23T13:05:43Z,1782219943,ramp_3,930.0,0.005577025889,{}
3,A,P99 HTTP Latency Panel (Java vs Go),java_inventory,java,inventory,warehouse-java-twin:9084,warehouse-java-twin:9084,2026-06-23 18:35:43,2026-06-23T13:05:43Z,1782219943,ramp_3,930.0,0.005553957222499999,{}
3,A,P99 HTTP Latency Panel (Java vs Go),java_inventory,java,inventory,inventory-java:8082,inventory-java:8082,2026-06-23 18:35:58,2026-06-23T13:05:58Z,1782219958,ramp_3,945.0,0.0009962373118655933,{}
3,A,P99 HTTP Latency Panel (Java vs Go),java_inventory,java,inventory,order-java:8083,order-java:8083,2026-06-23 18:35:58,2026-06-23T13:05:58Z,1782219958,ramp_3,945.0,0.005575317098888889,{}
3,A,P99 HTTP Latency Panel (Java vs Go),java_inventory,java,inventory,warehouse-java-twin:9084,warehouse-java-twin:9084,2026-06-23 18:35:58,2026-06-23T13:05:58Z,1782219958,ramp_3,945.0,0.005553957222499999,{}
3,A,P99 HTTP Latency Panel (Java vs Go),java_inventory,java,inventory,inventory-java:8082,inventory-java:8082,2026-06-23 18:36:13,2026-06-23T13:06:13Z,1782219973,ramp_3,960.0,0.0009996309963099632,{}
3,A,P99 HTTP Latency Panel (Java vs Go),java_inventory,java,inventory,order-java:8083,order-java:8083,2026-06-23 18:36:13,2026-06-23T13:06:13Z,1782219973,ramp_3,960.0,0.005575317098888889,{}
3,A,P99 HTTP Latency Panel (Java vs Go),java_inventory,java,inventory,warehouse-java-twin:9084,warehouse-java-twin:9084,2026-06-23 18:36:13,2026-06-23T13:06:13Z,1782219973,ramp_3,960.0,0.005541141296666666,{}
3,A,P99 HTTP Latency Panel (Java vs Go),java_inventory,java,inventory,inventory-java:8082,inventory-java:8082,2026-06-23 18:36:28,2026-06-23T13:06:28Z,1782219988,ramp_3,975.0,0.0009990505212510025,{}
3,A,P99 HTTP Latency Panel (Java vs Go),java_inventory,java,inventory,order-java:8083,order-java:8083,2026-06-23 18:36:28,2026-06-23T13:06:28Z,1782219988,ramp_3,975.0,0.005575317098888889,{}
3,A,P99 HTTP Latency Panel (Java vs Go),java_inventory,java,inventory,warehouse-java-twin:9084,warehouse-java-twin:9084,2026-06-23 18:36:28,2026-06-23T13:06:28Z,1782219988,ramp_3,975.0,0.005515509445,{}
3,A,P99 HTTP Latency Panel (Java vs Go),java_inventory,java,inventory,inventory-java:8082,inventory-java:8082,2026-06-23 18:36:43,2026-06-23T13:06:43Z,1782220003,ramp_3,990.0,0.0011201121166666609,{}
3,A,P99 HTTP Latency Panel (Java vs Go),java_inventory,java,inventory,order-java:8083,order-java:8083,2026-06-23 18:36:43,2026-06-23T13:06:43Z,1782220003,ramp_3,990.0,0.005578423989999999,{}
3,A,P99 HTTP Latency Panel (Java vs Go),java_inventory,java,inventory,warehouse-java-twin:9084,warehouse-java-twin:9084,2026-06-23 18:36:43,2026-06-23T13:06:43Z,1782220003,ramp_3,990.0,0.005438613889999999,{}
3,A,P99 HTTP Latency Panel (Java vs Go),java_inventory,java,inventory,inventory-java:8082,inventory-java:8082,2026-06-23 18:36:58,2026-06-23T13:06:58Z,1782220018,ramp_3,1005.0,0.0010398862933333334,{}
3,A,P99 HTTP Latency Panel (Java vs Go),java_inventory,java,inventory,order-java:8083,order-java:8083,2026-06-23 18:36:58,2026-06-23T13:06:58Z,1782220018,ramp_3,1005.0,0.005578423989999999,{}
3,A,P99 HTTP Latency Panel (Java vs Go),java_inventory,java,inventory,warehouse-java-twin:9084,warehouse-java-twin:9084,2026-06-23 18:36:58,2026-06-23T13:06:58Z,1782220018,ramp_3,1005.0,0.005438613889999999,{}
3,A,P99 HTTP Latency Panel (Java vs Go),java_inventory,java,inventory,inventory-java:8082,inventory-java:8082,2026-06-23 18:37:13,2026-06-23T13:07:13Z,1782220033,ramp_3,1020.0,0.001155608322222213,{}
3,A,P99 HTTP Latency Panel (Java vs Go),java_inventory,java,inventory,order-java:8083,order-java:8083,2026-06-23 18:37:13,2026-06-23T13:07:13Z,1782220033,ramp_3,1020.0,0.005578423989999999,{}
3,A,P99 HTTP Latency Panel (Java vs Go),java_inventory,java,inventory,warehouse-java-twin:9084,warehouse-java-twin:9084,2026-06-23 18:37:13,2026-06-23T13:07:13Z,1782220033,ramp_3,1020.0,0.005515509445,{}
3,A,P99 HTTP Latency Panel (Java vs Go),java_inventory,java,inventory,inventory-java:8082,inventory-java:8082,2026-06-23 18:37:28,2026-06-23T13:07:28Z,1782220048,ramp_3,1035.0,0.0010857595106382953,{}
3,A,P99 HTTP Latency Panel (Java vs Go),java_inventory,java,inventory,order-java:8083,order-java:8083,2026-06-23 18:37:28,2026-06-23T13:07:28Z,1782220048,ramp_3,1035.0,0.005578423989999999,{}
3,A,P99 HTTP Latency Panel (Java vs Go),java_inventory,java,inventory,warehouse-java-twin:9084,warehouse-java-twin:9084,2026-06-23 18:37:28,2026-06-23T13:07:28Z,1782220048,ramp_3,1035.0,0.005541141296666666,{}
3,A,P99 HTTP Latency Panel (Java vs Go),java_inventory,java,inventory,inventory-java:8082,inventory-java:8082,2026-06-23 18:37:43,2026-06-23T13:07:43Z,1782220063,ramp_3,1050.0,0.0009988450926290895,{}
3,A,P99 HTTP Latency Panel (Java vs Go),java_inventory,java,inventory,order-java:8083,order-java:8083,2026-06-23 18:37:43,2026-06-23T13:07:43Z,1782220063,ramp_3,1050.0,0.005578423989999999,{}
3,A,P99 HTTP Latency Panel (Java vs Go),java_inventory,java,inventory,warehouse-java-twin:9084,warehouse-java-twin:9084,2026-06-23 18:37:43,2026-06-23T13:07:43Z,1782220063,ramp_3,1050.0,0.005541141296666666,{}
3,A,P99 HTTP Latency Panel (Java vs Go),java_inventory,java,inventory,inventory-java:8082,inventory-java:8082,2026-06-23 18:37:58,2026-06-23T13:07:58Z,1782220078,ramp_3,1065.0,0.0009976646782586622,{}
3,A,P99 HTTP Latency Panel (Java vs Go),java_inventory,java,inventory,order-java:8083,order-java:8083,2026-06-23 18:37:58,2026-06-23T13:07:58Z,1782220078,ramp_3,1065.0,0.005578423989999999,{}
3,A,P99 HTTP Latency Panel (Java vs Go),java_inventory,java,inventory,warehouse-java-twin:9084,warehouse-java-twin:9084,2026-06-23 18:37:58,2026-06-23T13:07:58Z,1782220078,ramp_3,1065.0,0.005541141296666666,{}
3,A,P99 HTTP Latency Panel (Java vs Go),java_inventory,java,inventory,inventory-java:8082,inventory-java:8082,2026-06-23 18:38:13,2026-06-23T13:08:13Z,1782220093,ramp_3,1080.0,0.0009960520846069203,{}
3,A,P99 HTTP Latency Panel (Java vs Go),java_inventory,java,inventory,order-java:8083,order-java:8083,2026-06-23 18:38:13,2026-06-23T13:08:13Z,1782220093,ramp_3,1080.0,0.005578423989999999,{}
3,A,P99 HTTP Latency Panel (Java vs Go),java_inventory,java,inventory,warehouse-java-twin:9084,warehouse-java-twin:9084,2026-06-23 18:38:13,2026-06-23T13:08:13Z,1782220093,ramp_3,1080.0,0.005541141296666666,{}
3,A,P99 HTTP Latency Panel (Java vs Go),java_inventory,java,inventory,inventory-java:8082,inventory-java:8082,2026-06-23 18:38:28,2026-06-23T13:08:28Z,1782220108,ramp_3,1095.0,0.0009975079985780307,{}
3,A,P99 HTTP Latency Panel (Java vs Go),java_inventory,java,inventory,order-java:8083,order-java:8083,2026-06-23 18:38:28,2026-06-23T13:08:28Z,1782220108,ramp_3,1095.0,0.005578423989999999,{}
3,A,P99 HTTP Latency Panel (Java vs Go),java_inventory,java,inventory,warehouse-java-twin:9084,warehouse-java-twin:9084,2026-06-23 18:38:28,2026-06-23T13:08:28Z,1782220108,ramp_3,1095.0,0.0055155094449999996,{}
3,A,P99 HTTP Latency Panel (Java vs Go),java_inventory,java,inventory,inventory-java:8082,inventory-java:8082,2026-06-23 18:38:43,2026-06-23T13:08:43Z,1782220123,ramp_3,1110.0,0.0010320601600000009,{}
3,A,P99 HTTP Latency Panel (Java vs Go),java_inventory,java,inventory,order-java:8083,order-java:8083,2026-06-23 18:38:43,2026-06-23T13:08:43Z,1782220123,ramp_3,1110.0,0.005578423989999999,{}
3,A,P99 HTTP Latency Panel (Java vs Go),java_inventory,java,inventory,warehouse-java-twin:9084,warehouse-java-twin:9084,2026-06-23 18:38:43,2026-06-23T13:08:43Z,1782220123,ramp_3,1110.0,0.0055155094449999996,{}
3,A,P99 HTTP Latency Panel (Java vs Go),java_inventory,java,inventory,inventory-java:8082,inventory-java:8082,2026-06-23 18:38:58,2026-06-23T13:08:58Z,1782220138,ramp_3,1125.0,0.001014151807999996,{}
3,A,P99 HTTP Latency Panel (Java vs Go),java_inventory,java,inventory,order-java:8083,order-java:8083,2026-06-23 18:38:58,2026-06-23T13:08:58Z,1782220138,ramp_3,1125.0,0.00683671489,{}
3,A,P99 HTTP Latency Panel (Java vs Go),java_inventory,java,inventory,warehouse-java-twin:9084,warehouse-java-twin:9084,2026-06-23 18:38:58,2026-06-23T13:08:58Z,1782220138,ramp_3,1125.0,0.0055155094449999996,{}
3,A,P99 HTTP Latency Panel (Java vs Go),java_inventory,java,inventory,inventory-java:8082,inventory-java:8082,2026-06-23 18:39:13,2026-06-23T13:09:13Z,1782220153,ramp_3,1140.0,0.0011203413749999896,{}
3,A,P99 HTTP Latency Panel (Java vs Go),java_inventory,java,inventory,order-java:8083,order-java:8083,2026-06-23 18:39:13,2026-06-23T13:09:13Z,1782220153,ramp_3,1140.0,0.006913610444999999,{}
3,A,P99 HTTP Latency Panel (Java vs Go),java_inventory,java,inventory,warehouse-java-twin:9084,warehouse-java-twin:9084,2026-06-23 18:39:13,2026-06-23T13:09:13Z,1782220153,ramp_3,1140.0,0.01522532089,{}
3,A,P99 HTTP Latency Panel (Java vs Go),java_inventory,java,inventory,inventory-java:8082,inventory-java:8082,2026-06-23 18:39:28,2026-06-23T13:09:28Z,1782220168,ramp_3,1155.0,0.0012231928645833239,{}
3,A,P99 HTTP Latency Panel (Java vs Go),java_inventory,java,inventory,order-java:8083,order-java:8083,2026-06-23 18:39:28,2026-06-23T13:09:28Z,1782220168,ramp_3,1155.0,0.006913610444999999,{}
3,A,P99 HTTP Latency Panel (Java vs Go),java_inventory,java,inventory,warehouse-java-twin:9084,warehouse-java-twin:9084,2026-06-23 18:39:28,2026-06-23T13:09:28Z,1782220168,ramp_3,1155.0,0.01522532089,{}
3,A,P99 HTTP Latency Panel (Java vs Go),java_inventory,java,inventory,inventory-java:8082,inventory-java:8082,2026-06-23 18:39:43,2026-06-23T13:09:43Z,1782220183,ramp_3,1170.0,0.0012418633249999943,{}
3,A,P99 HTTP Latency Panel (Java vs Go),java_inventory,java,inventory,order-java:8083,order-java:8083,2026-06-23 18:39:43,2026-06-23T13:09:43Z,1782220183,ramp_3,1170.0,0.006913610444999999,{}
3,A,P99 HTTP Latency Panel (Java vs Go),java_inventory,java,inventory,warehouse-java-twin:9084,warehouse-java-twin:9084,2026-06-23 18:39:43,2026-06-23T13:09:43Z,1782220183,ramp_3,1170.0,0.01522532089,{}
3,A,P99 HTTP Latency Panel (Java vs Go),java_inventory,java,inventory,inventory-java:8082,inventory-java:8082,2026-06-23 18:39:58,2026-06-23T13:09:58Z,1782220198,ramp_3,1185.0,0.0013012931666666675,{}
3,A,P99 HTTP Latency Panel (Java vs Go),java_inventory,java,inventory,order-java:8083,order-java:8083,2026-06-23 18:39:58,2026-06-23T13:09:58Z,1782220198,ramp_3,1185.0,0.005575317098888889,{}
3,A,P99 HTTP Latency Panel (Java vs Go),java_inventory,java,inventory,warehouse-java-twin:9084,warehouse-java-twin:9084,2026-06-23 18:39:58,2026-06-23T13:09:58Z,1782220198,ramp_3,1185.0,0.00683671489,{}
3,A,P99 HTTP Latency Panel (Java vs Go),java_inventory,java,inventory,inventory-java:8082,inventory-java:8082,2026-06-23 18:40:13,2026-06-23T13:10:13Z,1782220213,sustain,1200.0,0.001348573307499995,{}
3,A,P99 HTTP Latency Panel (Java vs Go),java_inventory,java,inventory,order-java:8083,order-java:8083,2026-06-23 18:40:13,2026-06-23T13:10:13Z,1782220213,sustain,1200.0,0.008234815889999999,{}
3,A,P99 HTTP Latency Panel (Java vs Go),java_inventory,java,inventory,warehouse-java-twin:9084,warehouse-java-twin:9084,2026-06-23 18:40:13,2026-06-23T13:10:13Z,1782220213,sustain,1200.0,0.005438613889999999,{}
3,A,P99 HTTP Latency Panel (Java vs Go),java_inventory,java,inventory,inventory-java:8082,inventory-java:8082,2026-06-23 18:40:28,2026-06-23T13:10:28Z,1782220228,sustain,1215.0,0.0012874428723404236,{}
3,A,P99 HTTP Latency Panel (Java vs Go),java_inventory,java,inventory,order-java:8083,order-java:8083,2026-06-23 18:40:28,2026-06-23T13:10:28Z,1782220228,sustain,1215.0,0.008234815889999999,{}
3,A,P99 HTTP Latency Panel (Java vs Go),java_inventory,java,inventory,warehouse-java-twin:9084,warehouse-java-twin:9084,2026-06-23 18:40:28,2026-06-23T13:10:28Z,1782220228,sustain,1215.0,0.005438613889999999,{}
3,A,P99 HTTP Latency Panel (Java vs Go),java_inventory,java,inventory,inventory-java:8082,inventory-java:8082,2026-06-23 18:40:43,2026-06-23T13:10:43Z,1782220243,sustain,1230.0,0.001376463738095237,{}
3,A,P99 HTTP Latency Panel (Java vs Go),java_inventory,java,inventory,order-java:8083,order-java:8083,2026-06-23 18:40:43,2026-06-23T13:10:43Z,1782220243,sustain,1230.0,0.008234815889999999,{}
3,A,P99 HTTP Latency Panel (Java vs Go),java_inventory,java,inventory,warehouse-java-twin:9084,warehouse-java-twin:9084,2026-06-23 18:40:43,2026-06-23T13:10:43Z,1782220243,sustain,1230.0,0.005438613889999999,{}
3,A,P99 HTTP Latency Panel (Java vs Go),java_inventory,java,inventory,inventory-java:8082,inventory-java:8082,2026-06-23 18:40:58,2026-06-23T13:10:58Z,1782220258,sustain,1245.0,0.001473853822115377,{}
3,A,P99 HTTP Latency Panel (Java vs Go),java_inventory,java,inventory,order-java:8083,order-java:8083,2026-06-23 18:40:58,2026-06-23T13:10:58Z,1782220258,sustain,1245.0,0.008234815889999999,{}
3,A,P99 HTTP Latency Panel (Java vs Go),java_inventory,java,inventory,warehouse-java-twin:9084,warehouse-java-twin:9084,2026-06-23 18:40:58,2026-06-23T13:10:58Z,1782220258,sustain,1245.0,0.005438613889999999,{}
3,A,P99 HTTP Latency Panel (Java vs Go),java_inventory,java,inventory,inventory-java:8082,inventory-java:8082,2026-06-23 18:41:13,2026-06-23T13:11:13Z,1782220273,sustain,1260.0,0.0014895600416666675,{}
3,A,P99 HTTP Latency Panel (Java vs Go),java_inventory,java,inventory,order-java:8083,order-java:8083,2026-06-23 18:41:13,2026-06-23T13:11:13Z,1782220273,sustain,1260.0,0.008234815889999999,{}
3,A,P99 HTTP Latency Panel (Java vs Go),java_inventory,java,inventory,warehouse-java-twin:9084,warehouse-java-twin:9084,2026-06-23 18:41:13,2026-06-23T13:11:13Z,1782220273,sustain,1260.0,0.005438613889999999,{}
3,A,P99 HTTP Latency Panel (Java vs Go),java_inventory,java,inventory,inventory-java:8082,inventory-java:8082,2026-06-23 18:41:28,2026-06-23T13:11:28Z,1782220288,sustain,1275.0,0.0015619699708333313,{}
3,A,P99 HTTP Latency Panel (Java vs Go),java_inventory,java,inventory,order-java:8083,order-java:8083,2026-06-23 18:41:28,2026-06-23T13:11:28Z,1782220288,sustain,1275.0,0.01103101789,{}
3,A,P99 HTTP Latency Panel (Java vs Go),java_inventory,java,inventory,warehouse-java-twin:9084,warehouse-java-twin:9084,2026-06-23 18:41:28,2026-06-23T13:11:28Z,1782220288,sustain,1275.0,0.005515509445,{}
3,A,P99 HTTP Latency Panel (Java vs Go),java_inventory,java,inventory,inventory-java:8082,inventory-java:8082,2026-06-23 18:41:43,2026-06-23T13:11:43Z,1782220303,sustain,1290.0,0.001502259449999994,{}
3,A,P99 HTTP Latency Panel (Java vs Go),java_inventory,java,inventory,order-java:8083,order-java:8083,2026-06-23 18:41:43,2026-06-23T13:11:43Z,1782220303,sustain,1290.0,0.01103101789,{}
3,A,P99 HTTP Latency Panel (Java vs Go),java_inventory,java,inventory,warehouse-java-twin:9084,warehouse-java-twin:9084,2026-06-23 18:41:43,2026-06-23T13:11:43Z,1782220303,sustain,1290.0,0.005515509445,{}
3,A,P99 HTTP Latency Panel (Java vs Go),java_inventory,java,inventory,inventory-java:8082,inventory-java:8082,2026-06-23 18:41:58,2026-06-23T13:11:58Z,1782220318,sustain,1305.0,0.0014219728138297764,{}
3,A,P99 HTTP Latency Panel (Java vs Go),java_inventory,java,inventory,order-java:8083,order-java:8083,2026-06-23 18:41:58,2026-06-23T13:11:58Z,1782220318,sustain,1305.0,0.01103101789,{}
3,A,P99 HTTP Latency Panel (Java vs Go),java_inventory,java,inventory,warehouse-java-twin:9084,warehouse-java-twin:9084,2026-06-23 18:41:58,2026-06-23T13:11:58Z,1782220318,sustain,1305.0,0.005515509445,{}
3,A,P99 HTTP Latency Panel (Java vs Go),java_inventory,java,inventory,inventory-java:8082,inventory-java:8082,2026-06-23 18:42:13,2026-06-23T13:12:13Z,1782220333,sustain,1320.0,0.001393251001937982,{}
3,A,P99 HTTP Latency Panel (Java vs Go),java_inventory,java,inventory,order-java:8083,order-java:8083,2026-06-23 18:42:13,2026-06-23T13:12:13Z,1782220333,sustain,1320.0,0.01103101789,{}
3,A,P99 HTTP Latency Panel (Java vs Go),java_inventory,java,inventory,warehouse-java-twin:9084,warehouse-java-twin:9084,2026-06-23 18:42:13,2026-06-23T13:12:13Z,1782220333,sustain,1320.0,0.005438613889999999,{}
3,A,P99 HTTP Latency Panel (Java vs Go),java_inventory,java,inventory,inventory-java:8082,inventory-java:8082,2026-06-23 18:42:28,2026-06-23T13:12:28Z,1782220348,sustain,1335.0,0.0014201528499999884,{}
3,A,P99 HTTP Latency Panel (Java vs Go),java_inventory,java,inventory,order-java:8083,order-java:8083,2026-06-23 18:42:28,2026-06-23T13:12:28Z,1782220348,sustain,1335.0,0.006939242296666666,{}
3,A,P99 HTTP Latency Panel (Java vs Go),java_inventory,java,inventory,warehouse-java-twin:9084,warehouse-java-twin:9084,2026-06-23 18:42:28,2026-06-23T13:12:28Z,1782220348,sustain,1335.0,0.005438613889999999,{}
3,A,P99 HTTP Latency Panel (Java vs Go),java_inventory,java,inventory,inventory-java:8082,inventory-java:8082,2026-06-23 18:42:43,2026-06-23T13:12:43Z,1782220363,sustain,1350.0,0.0014219476249999977,{}
3,A,P99 HTTP Latency Panel (Java vs Go),java_inventory,java,inventory,order-java:8083,order-java:8083,2026-06-23 18:42:43,2026-06-23T13:12:43Z,1782220363,sustain,1350.0,0.006913610444999999,{}
3,A,P99 HTTP Latency Panel (Java vs Go),java_inventory,java,inventory,warehouse-java-twin:9084,warehouse-java-twin:9084,2026-06-23 18:42:43,2026-06-23T13:12:43Z,1782220363,sustain,1350.0,0.005438613889999999,{}
3,A,P99 HTTP Latency Panel (Java vs Go),java_inventory,java,inventory,inventory-java:8082,inventory-java:8082,2026-06-23 18:42:58,2026-06-23T13:12:58Z,1782220378,sustain,1365.0,0.001393705458333333,{}
3,A,P99 HTTP Latency Panel (Java vs Go),java_inventory,java,inventory,order-java:8083,order-java:8083,2026-06-23 18:42:58,2026-06-23T13:12:58Z,1782220378,sustain,1365.0,0.006913610444999999,{}
3,A,P99 HTTP Latency Panel (Java vs Go),java_inventory,java,inventory,warehouse-java-twin:9084,warehouse-java-twin:9084,2026-06-23 18:42:58,2026-06-23T13:12:58Z,1782220378,sustain,1365.0,0.005438613889999999,{}
3,A,P99 HTTP Latency Panel (Java vs Go),java_inventory,java,inventory,inventory-java:8082,inventory-java:8082,2026-06-23 18:43:13,2026-06-23T13:13:13Z,1782220393,sustain,1380.0,0.0014227368749999934,{}
3,A,P99 HTTP Latency Panel (Java vs Go),java_inventory,java,inventory,order-java:8083,order-java:8083,2026-06-23 18:43:13,2026-06-23T13:13:13Z,1782220393,sustain,1380.0,0.008234815889999999,{}
3,A,P99 HTTP Latency Panel (Java vs Go),java_inventory,java,inventory,warehouse-java-twin:9084,warehouse-java-twin:9084,2026-06-23 18:43:13,2026-06-23T13:13:13Z,1782220393,sustain,1380.0,0.008234815889999999,{}
3,A,P99 HTTP Latency Panel (Java vs Go),java_inventory,java,inventory,inventory-java:8082,inventory-java:8082,2026-06-23 18:43:28,2026-06-23T13:13:28Z,1782220408,sustain,1395.0,0.0013650984815789496,{}
3,A,P99 HTTP Latency Panel (Java vs Go),java_inventory,java,inventory,order-java:8083,order-java:8083,2026-06-23 18:43:28,2026-06-23T13:13:28Z,1782220408,sustain,1395.0,0.008234815889999999,{}
3,A,P99 HTTP Latency Panel (Java vs Go),java_inventory,java,inventory,warehouse-java-twin:9084,warehouse-java-twin:9084,2026-06-23 18:43:28,2026-06-23T13:13:28Z,1782220408,sustain,1395.0,0.008234815889999999,{}
3,A,P99 HTTP Latency Panel (Java vs Go),java_inventory,java,inventory,inventory-java:8082,inventory-java:8082,2026-06-23 18:43:43,2026-06-23T13:13:43Z,1782220423,sustain,1410.0,0.0013948504174999964,{}
3,A,P99 HTTP Latency Panel (Java vs Go),java_inventory,java,inventory,order-java:8083,order-java:8083,2026-06-23 18:43:43,2026-06-23T13:13:43Z,1782220423,sustain,1410.0,0.008234815889999999,{}
3,A,P99 HTTP Latency Panel (Java vs Go),java_inventory,java,inventory,warehouse-java-twin:9084,warehouse-java-twin:9084,2026-06-23 18:43:43,2026-06-23T13:13:43Z,1782220423,sustain,1410.0,0.008234815889999999,{}
3,A,P99 HTTP Latency Panel (Java vs Go),java_inventory,java,inventory,inventory-java:8082,inventory-java:8082,2026-06-23 18:43:58,2026-06-23T13:13:58Z,1782220438,sustain,1425.0,0.0013851235866336642,{}
3,A,P99 HTTP Latency Panel (Java vs Go),java_inventory,java,inventory,order-java:8083,order-java:8083,2026-06-23 18:43:58,2026-06-23T13:13:58Z,1782220438,sustain,1425.0,0.006913610444999999,{}
3,A,P99 HTTP Latency Panel (Java vs Go),java_inventory,java,inventory,warehouse-java-twin:9084,warehouse-java-twin:9084,2026-06-23 18:43:58,2026-06-23T13:13:58Z,1782220438,sustain,1425.0,0.008234815889999999,{}
3,A,P99 HTTP Latency Panel (Java vs Go),java_inventory,java,inventory,inventory-java:8082,inventory-java:8082,2026-06-23 18:44:13,2026-06-23T13:14:13Z,1782220453,sustain,1440.0,0.0013629683324742246,{}
3,A,P99 HTTP Latency Panel (Java vs Go),java_inventory,java,inventory,order-java:8083,order-java:8083,2026-06-23 18:44:13,2026-06-23T13:14:13Z,1782220453,sustain,1440.0,0.006913610444999999,{}
3,A,P99 HTTP Latency Panel (Java vs Go),java_inventory,java,inventory,warehouse-java-twin:9084,warehouse-java-twin:9084,2026-06-23 18:44:13,2026-06-23T13:14:13Z,1782220453,sustain,1440.0,0.005515509445,{}
3,A,P99 HTTP Latency Panel (Java vs Go),java_inventory,java,inventory,inventory-java:8082,inventory-java:8082,2026-06-23 18:44:28,2026-06-23T13:14:28Z,1782220468,sustain,1455.0,0.0013996301718750034,{}
3,A,P99 HTTP Latency Panel (Java vs Go),java_inventory,java,inventory,order-java:8083,order-java:8083,2026-06-23 18:44:28,2026-06-23T13:14:28Z,1782220468,sustain,1455.0,0.006913610444999999,{}
3,A,P99 HTTP Latency Panel (Java vs Go),java_inventory,java,inventory,warehouse-java-twin:9084,warehouse-java-twin:9084,2026-06-23 18:44:28,2026-06-23T13:14:28Z,1782220468,sustain,1455.0,0.005438613889999999,{}
3,A,P99 HTTP Latency Panel (Java vs Go),java_inventory,java,inventory,inventory-java:8082,inventory-java:8082,2026-06-23 18:44:43,2026-06-23T13:14:43Z,1782220483,sustain,1470.0,0.0013291613547619027,{}
3,A,P99 HTTP Latency Panel (Java vs Go),java_inventory,java,inventory,order-java:8083,order-java:8083,2026-06-23 18:44:43,2026-06-23T13:14:43Z,1782220483,sustain,1470.0,0.00683671489,{}
3,A,P99 HTTP Latency Panel (Java vs Go),java_inventory,java,inventory,warehouse-java-twin:9084,warehouse-java-twin:9084,2026-06-23 18:44:43,2026-06-23T13:14:43Z,1782220483,sustain,1470.0,0.005515509445,{}
3,A,P99 HTTP Latency Panel (Java vs Go),java_inventory,java,inventory,inventory-java:8082,inventory-java:8082,2026-06-23 18:44:58,2026-06-23T13:14:58Z,1782220498,sustain,1485.0,0.0012631381863207514,{}
3,A,P99 HTTP Latency Panel (Java vs Go),java_inventory,java,inventory,order-java:8083,order-java:8083,2026-06-23 18:44:58,2026-06-23T13:14:58Z,1782220498,sustain,1485.0,0.00683671489,{}
3,A,P99 HTTP Latency Panel (Java vs Go),java_inventory,java,inventory,warehouse-java-twin:9084,warehouse-java-twin:9084,2026-06-23 18:44:58,2026-06-23T13:14:58Z,1782220498,sustain,1485.0,0.005541141296666666,{}
3,A,P99 HTTP Latency Panel (Java vs Go),java_inventory,java,inventory,inventory-java:8082,inventory-java:8082,2026-06-23 18:45:13,2026-06-23T13:15:13Z,1782220513,sustain,1500.0,0.001273266061926605,{}
3,A,P99 HTTP Latency Panel (Java vs Go),java_inventory,java,inventory,order-java:8083,order-java:8083,2026-06-23 18:45:13,2026-06-23T13:15:13Z,1782220513,sustain,1500.0,0.008234815889999999,{}
3,A,P99 HTTP Latency Panel (Java vs Go),java_inventory,java,inventory,warehouse-java-twin:9084,warehouse-java-twin:9084,2026-06-23 18:45:13,2026-06-23T13:15:13Z,1782220513,sustain,1500.0,0.005553957222499999,{}
3,A,P99 HTTP Latency Panel (Java vs Go),java_inventory,java,inventory,inventory-java:8082,inventory-java:8082,2026-06-23 18:45:28,2026-06-23T13:15:28Z,1782220528,sustain,1515.0,0.0012577356799065426,{}
3,A,P99 HTTP Latency Panel (Java vs Go),java_inventory,java,inventory,order-java:8083,order-java:8083,2026-06-23 18:45:28,2026-06-23T13:15:28Z,1782220528,sustain,1515.0,0.008234815889999999,{}
3,A,P99 HTTP Latency Panel (Java vs Go),java_inventory,java,inventory,warehouse-java-twin:9084,warehouse-java-twin:9084,2026-06-23 18:45:28,2026-06-23T13:15:28Z,1782220528,sustain,1515.0,0.005553957222499999,{}
3,A,P99 HTTP Latency Panel (Java vs Go),java_inventory,java,inventory,inventory-java:8082,inventory-java:8082,2026-06-23 18:45:43,2026-06-23T13:15:43Z,1782220543,sustain,1530.0,0.0012643806623711341,{}
3,A,P99 HTTP Latency Panel (Java vs Go),java_inventory,java,inventory,order-java:8083,order-java:8083,2026-06-23 18:45:43,2026-06-23T13:15:43Z,1782220543,sustain,1530.0,0.008234815889999999,{}
3,A,P99 HTTP Latency Panel (Java vs Go),java_inventory,java,inventory,warehouse-java-twin:9084,warehouse-java-twin:9084,2026-06-23 18:45:43,2026-06-23T13:15:43Z,1782220543,sustain,1530.0,0.005515509445,{}
3,A,P99 HTTP Latency Panel (Java vs Go),java_inventory,java,inventory,inventory-java:8082,inventory-java:8082,2026-06-23 18:45:58,2026-06-23T13:15:58Z,1782220558,sustain,1545.0,0.0013233097831632675,{}
3,A,P99 HTTP Latency Panel (Java vs Go),java_inventory,java,inventory,order-java:8083,order-java:8083,2026-06-23 18:45:58,2026-06-23T13:15:58Z,1782220558,sustain,1545.0,0.008234815889999999,{}
3,A,P99 HTTP Latency Panel (Java vs Go),java_inventory,java,inventory,warehouse-java-twin:9084,warehouse-java-twin:9084,2026-06-23 18:45:58,2026-06-23T13:15:58Z,1782220558,sustain,1545.0,0.005515509445,{}
3,A,P99 HTTP Latency Panel (Java vs Go),java_inventory,java,inventory,inventory-java:8082,inventory-java:8082,2026-06-23 18:46:13,2026-06-23T13:16:13Z,1782220573,sustain,1560.0,0.0013800786171874937,{}
3,A,P99 HTTP Latency Panel (Java vs Go),java_inventory,java,inventory,order-java:8083,order-java:8083,2026-06-23 18:46:13,2026-06-23T13:16:13Z,1782220573,sustain,1560.0,0.006939242296666666,{}
3,A,P99 HTTP Latency Panel (Java vs Go),java_inventory,java,inventory,warehouse-java-twin:9084,warehouse-java-twin:9084,2026-06-23 18:46:13,2026-06-23T13:16:13Z,1782220573,sustain,1560.0,0.0055155094449999996,{}
3,A,P99 HTTP Latency Panel (Java vs Go),java_inventory,java,inventory,inventory-java:8082,inventory-java:8082,2026-06-23 18:46:28,2026-06-23T13:16:28Z,1782220588,sustain,1575.0,0.0013581265890804523,{}
3,A,P99 HTTP Latency Panel (Java vs Go),java_inventory,java,inventory,order-java:8083,order-java:8083,2026-06-23 18:46:28,2026-06-23T13:16:28Z,1782220588,sustain,1575.0,0.006939242296666666,{}
3,A,P99 HTTP Latency Panel (Java vs Go),java_inventory,java,inventory,warehouse-java-twin:9084,warehouse-java-twin:9084,2026-06-23 18:46:28,2026-06-23T13:16:28Z,1782220588,sustain,1575.0,0.005541141296666666,{}
3,A,P99 HTTP Latency Panel (Java vs Go),java_inventory,java,inventory,inventory-java:8082,inventory-java:8082,2026-06-23 18:46:43,2026-06-23T13:16:43Z,1782220603,sustain,1590.0,0.0012773356314102538,{}
3,A,P99 HTTP Latency Panel (Java vs Go),java_inventory,java,inventory,order-java:8083,order-java:8083,2026-06-23 18:46:43,2026-06-23T13:16:43Z,1782220603,sustain,1590.0,0.006913610444999999,{}
3,A,P99 HTTP Latency Panel (Java vs Go),java_inventory,java,inventory,warehouse-java-twin:9084,warehouse-java-twin:9084,2026-06-23 18:46:43,2026-06-23T13:16:43Z,1782220603,sustain,1590.0,0.005541141296666666,{}
3,A,P99 HTTP Latency Panel (Java vs Go),java_inventory,java,inventory,inventory-java:8082,inventory-java:8082,2026-06-23 18:46:58,2026-06-23T13:16:58Z,1782220618,sustain,1605.0,0.0013073423174157293,{}
3,A,P99 HTTP Latency Panel (Java vs Go),java_inventory,java,inventory,order-java:8083,order-java:8083,2026-06-23 18:46:58,2026-06-23T13:16:58Z,1782220618,sustain,1605.0,0.008234815889999999,{}
3,A,P99 HTTP Latency Panel (Java vs Go),java_inventory,java,inventory,warehouse-java-twin:9084,warehouse-java-twin:9084,2026-06-23 18:46:58,2026-06-23T13:16:58Z,1782220618,sustain,1605.0,0.005541141296666666,{}
3,A,P99 HTTP Latency Panel (Java vs Go),java_inventory,java,inventory,inventory-java:8082,inventory-java:8082,2026-06-23 18:47:13,2026-06-23T13:17:13Z,1782220633,sustain,1620.0,0.0013570224166666615,{}
3,A,P99 HTTP Latency Panel (Java vs Go),java_inventory,java,inventory,order-java:8083,order-java:8083,2026-06-23 18:47:13,2026-06-23T13:17:13Z,1782220633,sustain,1620.0,0.008234815889999999,{}
3,A,P99 HTTP Latency Panel (Java vs Go),java_inventory,java,inventory,warehouse-java-twin:9084,warehouse-java-twin:9084,2026-06-23 18:47:13,2026-06-23T13:17:13Z,1782220633,sustain,1620.0,0.00683671489,{}
3,A,P99 HTTP Latency Panel (Java vs Go),java_inventory,java,inventory,inventory-java:8082,inventory-java:8082,2026-06-23 18:47:28,2026-06-23T13:17:28Z,1782220648,sustain,1635.0,0.0013986835416666505,{}
3,A,P99 HTTP Latency Panel (Java vs Go),java_inventory,java,inventory,order-java:8083,order-java:8083,2026-06-23 18:47:28,2026-06-23T13:17:28Z,1782220648,sustain,1635.0,0.008234815889999999,{}
3,A,P99 HTTP Latency Panel (Java vs Go),java_inventory,java,inventory,warehouse-java-twin:9084,warehouse-java-twin:9084,2026-06-23 18:47:28,2026-06-23T13:17:28Z,1782220648,sustain,1635.0,0.00683671489,{}
3,A,P99 HTTP Latency Panel (Java vs Go),java_inventory,java,inventory,inventory-java:8082,inventory-java:8082,2026-06-23 18:47:43,2026-06-23T13:17:43Z,1782220663,sustain,1650.0,0.0015422800625000033,{}
3,A,P99 HTTP Latency Panel (Java vs Go),java_inventory,java,inventory,order-java:8083,order-java:8083,2026-06-23 18:47:43,2026-06-23T13:17:43Z,1782220663,sustain,1650.0,0.008234815889999999,{}
3,A,P99 HTTP Latency Panel (Java vs Go),java_inventory,java,inventory,warehouse-java-twin:9084,warehouse-java-twin:9084,2026-06-23 18:47:43,2026-06-23T13:17:43Z,1782220663,sustain,1650.0,0.00683671489,{}
3,A,P99 HTTP Latency Panel (Java vs Go),java_inventory,java,inventory,inventory-java:8082,inventory-java:8082,2026-06-23 18:47:58,2026-06-23T13:17:58Z,1782220678,sustain,1665.0,0.0014767084591836652,{}
3,A,P99 HTTP Latency Panel (Java vs Go),java_inventory,java,inventory,order-java:8083,order-java:8083,2026-06-23 18:47:58,2026-06-23T13:17:58Z,1782220678,sustain,1665.0,0.008234815889999999,{}
3,A,P99 HTTP Latency Panel (Java vs Go),java_inventory,java,inventory,warehouse-java-twin:9084,warehouse-java-twin:9084,2026-06-23 18:47:58,2026-06-23T13:17:58Z,1782220678,sustain,1665.0,0.005438613889999999,{}
3,A,P99 HTTP Latency Panel (Java vs Go),java_inventory,java,inventory,inventory-java:8082,inventory-java:8082,2026-06-23 18:48:13,2026-06-23T13:18:13Z,1782220693,sustain,1680.0,0.001364441263698632,{}
3,A,P99 HTTP Latency Panel (Java vs Go),java_inventory,java,inventory,order-java:8083,order-java:8083,2026-06-23 18:48:13,2026-06-23T13:18:13Z,1782220693,sustain,1680.0,0.008234815889999999,{}
3,A,P99 HTTP Latency Panel (Java vs Go),java_inventory,java,inventory,warehouse-java-twin:9084,warehouse-java-twin:9084,2026-06-23 18:48:13,2026-06-23T13:18:13Z,1782220693,sustain,1680.0,0.00418469198,{}
3,A,P99 HTTP Latency Panel (Java vs Go),java_inventory,java,inventory,inventory-java:8082,inventory-java:8082,2026-06-23 18:48:28,2026-06-23T13:18:28Z,1782220708,sustain,1695.0,0.001529667485849058,{}
3,A,P99 HTTP Latency Panel (Java vs Go),java_inventory,java,inventory,order-java:8083,order-java:8083,2026-06-23 18:48:28,2026-06-23T13:18:28Z,1782220708,sustain,1695.0,0.008234815889999999,{}
3,A,P99 HTTP Latency Panel (Java vs Go),java_inventory,java,inventory,warehouse-java-twin:9084,warehouse-java-twin:9084,2026-06-23 18:48:28,2026-06-23T13:18:28Z,1782220708,sustain,1695.0,0.00415585592,{}
3,A,P99 HTTP Latency Panel (Java vs Go),java_inventory,java,inventory,inventory-java:8082,inventory-java:8082,2026-06-23 18:48:43,2026-06-23T13:18:43Z,1782220723,sustain,1710.0,0.0013401605096153909,{}
3,A,P99 HTTP Latency Panel (Java vs Go),java_inventory,java,inventory,order-java:8083,order-java:8083,2026-06-23 18:48:43,2026-06-23T13:18:43Z,1782220723,sustain,1710.0,0.005575317098888889,{}
3,A,P99 HTTP Latency Panel (Java vs Go),java_inventory,java,inventory,warehouse-java-twin:9084,warehouse-java-twin:9084,2026-06-23 18:48:43,2026-06-23T13:18:43Z,1782220723,sustain,1710.0,0.005438613889999999,{}
3,A,P99 HTTP Latency Panel (Java vs Go),java_inventory,java,inventory,inventory-java:8082,inventory-java:8082,2026-06-23 18:48:58,2026-06-23T13:18:58Z,1782220738,sustain,1725.0,0.0012931090673076922,{}
3,A,P99 HTTP Latency Panel (Java vs Go),java_inventory,java,inventory,order-java:8083,order-java:8083,2026-06-23 18:48:58,2026-06-23T13:18:58Z,1782220738,sustain,1725.0,0.00683671489,{}
3,A,P99 HTTP Latency Panel (Java vs Go),java_inventory,java,inventory,warehouse-java-twin:9084,warehouse-java-twin:9084,2026-06-23 18:48:58,2026-06-23T13:18:58Z,1782220738,sustain,1725.0,0.005515509445,{}
3,A,P99 HTTP Latency Panel (Java vs Go),java_inventory,java,inventory,inventory-java:8082,inventory-java:8082,2026-06-23 18:49:13,2026-06-23T13:19:13Z,1782220753,sustain,1740.0,0.0012913320351562486,{}
3,A,P99 HTTP Latency Panel (Java vs Go),java_inventory,java,inventory,order-java:8083,order-java:8083,2026-06-23 18:49:13,2026-06-23T13:19:13Z,1782220753,sustain,1740.0,0.00683671489,{}
3,A,P99 HTTP Latency Panel (Java vs Go),java_inventory,java,inventory,warehouse-java-twin:9084,warehouse-java-twin:9084,2026-06-23 18:49:13,2026-06-23T13:19:13Z,1782220753,sustain,1740.0,0.005515509445,{}
3,A,P99 HTTP Latency Panel (Java vs Go),java_inventory,java,inventory,inventory-java:8082,inventory-java:8082,2026-06-23 18:49:28,2026-06-23T13:19:28Z,1782220768,sustain,1755.0,0.0012217701185897344,{}
3,A,P99 HTTP Latency Panel (Java vs Go),java_inventory,java,inventory,order-java:8083,order-java:8083,2026-06-23 18:49:28,2026-06-23T13:19:28Z,1782220768,sustain,1755.0,0.006913610444999999,{}
3,A,P99 HTTP Latency Panel (Java vs Go),java_inventory,java,inventory,warehouse-java-twin:9084,warehouse-java-twin:9084,2026-06-23 18:49:28,2026-06-23T13:19:28Z,1782220768,sustain,1755.0,0.005438613889999999,{}
3,A,P99 HTTP Latency Panel (Java vs Go),java_inventory,java,inventory,inventory-java:8082,inventory-java:8082,2026-06-23 18:49:43,2026-06-23T13:19:43Z,1782220783,sustain,1770.0,0.0012556919679487185,{}
3,A,P99 HTTP Latency Panel (Java vs Go),java_inventory,java,inventory,order-java:8083,order-java:8083,2026-06-23 18:49:43,2026-06-23T13:19:43Z,1782220783,sustain,1770.0,0.006913610444999999,{}
3,A,P99 HTTP Latency Panel (Java vs Go),java_inventory,java,inventory,warehouse-java-twin:9084,warehouse-java-twin:9084,2026-06-23 18:49:43,2026-06-23T13:19:43Z,1782220783,sustain,1770.0,0.005438613889999999,{}
3,A,P99 HTTP Latency Panel (Java vs Go),java_inventory,java,inventory,inventory-java:8082,inventory-java:8082,2026-06-23 18:49:58,2026-06-23T13:19:58Z,1782220798,sustain,1785.0,0.0013124493582474222,{}
3,A,P99 HTTP Latency Panel (Java vs Go),java_inventory,java,inventory,order-java:8083,order-java:8083,2026-06-23 18:49:58,2026-06-23T13:19:58Z,1782220798,sustain,1785.0,0.00683671489,{}
3,A,P99 HTTP Latency Panel (Java vs Go),java_inventory,java,inventory,warehouse-java-twin:9084,warehouse-java-twin:9084,2026-06-23 18:49:58,2026-06-23T13:19:58Z,1782220798,sustain,1785.0,0.004186614384,{}
3,A,P99 HTTP Latency Panel (Java vs Go),java_inventory,java,inventory,inventory-java:8082,inventory-java:8082,2026-06-23 18:50:13,2026-06-23T13:20:13Z,1782220813,cooldown,1800.0,0.0013156586902173897,{}
3,A,P99 HTTP Latency Panel (Java vs Go),java_inventory,java,inventory,order-java:8083,order-java:8083,2026-06-23 18:50:13,2026-06-23T13:20:13Z,1782220813,cooldown,1800.0,0.005578423989999999,{}
3,A,P99 HTTP Latency Panel (Java vs Go),java_inventory,java,inventory,warehouse-java-twin:9084,warehouse-java-twin:9084,2026-06-23 18:50:13,2026-06-23T13:20:13Z,1782220813,cooldown,1800.0,0.004186614384,{}
3,A,P99 HTTP Latency Panel (Java vs Go),java_inventory,java,inventory,inventory-java:8082,inventory-java:8082,2026-06-23 18:50:28,2026-06-23T13:20:28Z,1782220828,cooldown,1815.0,0.001257983725274725,{}
3,A,P99 HTTP Latency Panel (Java vs Go),java_inventory,java,inventory,order-java:8083,order-java:8083,2026-06-23 18:50:28,2026-06-23T13:20:28Z,1782220828,cooldown,1815.0,0.005578423989999999,{}
3,A,P99 HTTP Latency Panel (Java vs Go),java_inventory,java,inventory,warehouse-java-twin:9084,warehouse-java-twin:9084,2026-06-23 18:50:28,2026-06-23T13:20:28Z,1782220828,cooldown,1815.0,0.005438613889999999,{}
3,A,P99 HTTP Latency Panel (Java vs Go),java_inventory,java,inventory,inventory-java:8082,inventory-java:8082,2026-06-23 18:50:43,2026-06-23T13:20:43Z,1782220843,cooldown,1830.0,0.001297232197058825,{}
3,A,P99 HTTP Latency Panel (Java vs Go),java_inventory,java,inventory,order-java:8083,order-java:8083,2026-06-23 18:50:43,2026-06-23T13:20:43Z,1782220843,cooldown,1830.0,0.005578423989999999,{}
3,A,P99 HTTP Latency Panel (Java vs Go),java_inventory,java,inventory,warehouse-java-twin:9084,warehouse-java-twin:9084,2026-06-23 18:50:43,2026-06-23T13:20:43Z,1782220843,cooldown,1830.0,0.005515509445,{}
3,A,P99 HTTP Latency Panel (Java vs Go),java_inventory,java,inventory,inventory-java:8082,inventory-java:8082,2026-06-23 18:50:58,2026-06-23T13:20:58Z,1782220858,cooldown,1845.0,0.0012960397000000006,{}
3,A,P99 HTTP Latency Panel (Java vs Go),java_inventory,java,inventory,order-java:8083,order-java:8083,2026-06-23 18:50:58,2026-06-23T13:20:58Z,1782220858,cooldown,1845.0,0.005578423989999999,{}
3,A,P99 HTTP Latency Panel (Java vs Go),java_inventory,java,inventory,warehouse-java-twin:9084,warehouse-java-twin:9084,2026-06-23 18:50:58,2026-06-23T13:20:58Z,1782220858,cooldown,1845.0,0.0055155094449999996,{}
3,A,P99 HTTP Latency Panel (Java vs Go),java_inventory,java,inventory,inventory-java:8082,inventory-java:8082,2026-06-23 18:51:13,2026-06-23T13:21:13Z,1782220873,cooldown,1860.0,0.0013548869999999978,{}
3,A,P99 HTTP Latency Panel (Java vs Go),java_inventory,java,inventory,order-java:8083,order-java:8083,2026-06-23 18:51:13,2026-06-23T13:21:13Z,1782220873,cooldown,1860.0,0.005578423989999999,{}
3,A,P99 HTTP Latency Panel (Java vs Go),java_inventory,java,inventory,warehouse-java-twin:9084,warehouse-java-twin:9084,2026-06-23 18:51:13,2026-06-23T13:21:13Z,1782220873,cooldown,1860.0,0.005438613889999999,{}
3,A,P99 HTTP Latency Panel (Java vs Go),java_inventory,java,inventory,inventory-java:8082,inventory-java:8082,2026-06-23 18:51:28,2026-06-23T13:21:28Z,1782220888,cooldown,1875.0,0.0014133156176470503,{}
3,A,P99 HTTP Latency Panel (Java vs Go),java_inventory,java,inventory,order-java:8083,order-java:8083,2026-06-23 18:51:28,2026-06-23T13:21:28Z,1782220888,cooldown,1875.0,0.00683671489,{}
3,A,P99 HTTP Latency Panel (Java vs Go),java_inventory,java,inventory,warehouse-java-twin:9084,warehouse-java-twin:9084,2026-06-23 18:51:28,2026-06-23T13:21:28Z,1782220888,cooldown,1875.0,0.005438613889999999,{}
3,A,P99 HTTP Latency Panel (Java vs Go),java_inventory,java,inventory,inventory-java:8082,inventory-java:8082,2026-06-23 18:51:43,2026-06-23T13:21:43Z,1782220903,cooldown,1890.0,0.0013195361268656626,{}
3,A,P99 HTTP Latency Panel (Java vs Go),java_inventory,java,inventory,order-java:8083,order-java:8083,2026-06-23 18:51:43,2026-06-23T13:21:43Z,1782220903,cooldown,1890.0,0.00683671489,{}
3,A,P99 HTTP Latency Panel (Java vs Go),java_inventory,java,inventory,warehouse-java-twin:9084,warehouse-java-twin:9084,2026-06-23 18:51:43,2026-06-23T13:21:43Z,1782220903,cooldown,1890.0,0.00418469198,{}
3,A,P99 HTTP Latency Panel (Java vs Go),java_inventory,java,inventory,inventory-java:8082,inventory-java:8082,2026-06-23 18:51:58,2026-06-23T13:21:58Z,1782220918,cooldown,1905.0,0.0012963789448529335,{}
3,A,P99 HTTP Latency Panel (Java vs Go),java_inventory,java,inventory,order-java:8083,order-java:8083,2026-06-23 18:51:58,2026-06-23T13:21:58Z,1782220918,cooldown,1905.0,0.00683671489,{}
3,A,P99 HTTP Latency Panel (Java vs Go),java_inventory,java,inventory,warehouse-java-twin:9084,warehouse-java-twin:9084,2026-06-23 18:51:58,2026-06-23T13:21:58Z,1782220918,cooldown,1905.0,0.004186614384,{}
3,A,P99 HTTP Latency Panel (Java vs Go),java_inventory,java,inventory,inventory-java:8082,inventory-java:8082,2026-06-23 18:52:13,2026-06-23T13:22:13Z,1782220933,cooldown,1920.0,0.00126962408333333,{}
3,A,P99 HTTP Latency Panel (Java vs Go),java_inventory,java,inventory,order-java:8083,order-java:8083,2026-06-23 18:52:13,2026-06-23T13:22:13Z,1782220933,cooldown,1920.0,0.00683671489,{}
3,A,P99 HTTP Latency Panel (Java vs Go),java_inventory,java,inventory,warehouse-java-twin:9084,warehouse-java-twin:9084,2026-06-23 18:52:13,2026-06-23T13:22:13Z,1782220933,cooldown,1920.0,0.00418469198,{}
3,A,P99 HTTP Latency Panel (Java vs Go),java_inventory,java,inventory,inventory-java:8082,inventory-java:8082,2026-06-23 18:52:28,2026-06-23T13:22:28Z,1782220948,cooldown,1935.0,0.0012898055491803264,{}
3,A,P99 HTTP Latency Panel (Java vs Go),java_inventory,java,inventory,order-java:8083,order-java:8083,2026-06-23 18:52:28,2026-06-23T13:22:28Z,1782220948,cooldown,1935.0,0.005578423989999999,{}
3,A,P99 HTTP Latency Panel (Java vs Go),java_inventory,java,inventory,warehouse-java-twin:9084,warehouse-java-twin:9084,2026-06-23 18:52:28,2026-06-23T13:22:28Z,1782220948,cooldown,1935.0,0.005438613889999999,{}
3,A,P99 HTTP Latency Panel (Java vs Go),java_inventory,java,inventory,inventory-java:8082,inventory-java:8082,2026-06-23 18:52:43,2026-06-23T13:22:43Z,1782220963,cooldown,1950.0,0.0011943279249999987,{}
3,A,P99 HTTP Latency Panel (Java vs Go),java_inventory,java,inventory,order-java:8083,order-java:8083,2026-06-23 18:52:43,2026-06-23T13:22:43Z,1782220963,cooldown,1950.0,0.005578423989999999,{}
3,A,P99 HTTP Latency Panel (Java vs Go),java_inventory,java,inventory,warehouse-java-twin:9084,warehouse-java-twin:9084,2026-06-23 18:52:43,2026-06-23T13:22:43Z,1782220963,cooldown,1950.0,0.005438613889999999,{}
3,A,P99 HTTP Latency Panel (Java vs Go),java_inventory,java,inventory,inventory-java:8082,inventory-java:8082,2026-06-23 18:52:58,2026-06-23T13:22:58Z,1782220978,cooldown,1965.0,0.0010766628303571463,{}
3,A,P99 HTTP Latency Panel (Java vs Go),java_inventory,java,inventory,order-java:8083,order-java:8083,2026-06-23 18:52:58,2026-06-23T13:22:58Z,1782220978,cooldown,1965.0,0.005578423989999999,{}
3,A,P99 HTTP Latency Panel (Java vs Go),java_inventory,java,inventory,warehouse-java-twin:9084,warehouse-java-twin:9084,2026-06-23 18:52:58,2026-06-23T13:22:58Z,1782220978,cooldown,1965.0,0.005438613889999999,{}
3,A,P99 HTTP Latency Panel (Java vs Go),java_inventory,java,inventory,inventory-java:8082,inventory-java:8082,2026-06-23 18:53:13,2026-06-23T13:23:13Z,1782220993,cooldown,1980.0,0.000999581811541271,{}
3,A,P99 HTTP Latency Panel (Java vs Go),java_inventory,java,inventory,order-java:8083,order-java:8083,2026-06-23 18:53:13,2026-06-23T13:23:13Z,1782220993,cooldown,1980.0,0.005578423989999999,{}
3,A,P99 HTTP Latency Panel (Java vs Go),java_inventory,java,inventory,warehouse-java-twin:9084,warehouse-java-twin:9084,2026-06-23 18:53:13,2026-06-23T13:23:13Z,1782220993,cooldown,1980.0,0.005438613889999999,{}
3,A,P99 HTTP Latency Panel (Java vs Go),java_inventory,java,inventory,inventory-java:8082,inventory-java:8082,2026-06-23 18:53:28,2026-06-23T13:23:28Z,1782221008,cooldown,1995.0,0.0009982116123811449,{}
3,A,P99 HTTP Latency Panel (Java vs Go),java_inventory,java,inventory,order-java:8083,order-java:8083,2026-06-23 18:53:28,2026-06-23T13:23:28Z,1782221008,cooldown,1995.0,0.005578423989999999,{}
3,A,P99 HTTP Latency Panel (Java vs Go),java_inventory,java,inventory,warehouse-java-twin:9084,warehouse-java-twin:9084,2026-06-23 18:53:28,2026-06-23T13:23:28Z,1782221008,cooldown,1995.0,0.00418469198,{}
3,A,P99 HTTP Latency Panel (Java vs Go),java_inventory,java,inventory,inventory-java:8082,inventory-java:8082,2026-06-23 18:53:43,2026-06-23T13:23:43Z,1782221023,cooldown,2010.0,0.0009987730061349692,{}
3,A,P99 HTTP Latency Panel (Java vs Go),java_inventory,java,inventory,order-java:8083,order-java:8083,2026-06-23 18:53:43,2026-06-23T13:23:43Z,1782221023,cooldown,2010.0,0.005578423989999999,{}
3,A,P99 HTTP Latency Panel (Java vs Go),java_inventory,java,inventory,warehouse-java-twin:9084,warehouse-java-twin:9084,2026-06-23 18:53:43,2026-06-23T13:23:43Z,1782221023,cooldown,2010.0,0.004186614384,{}
3,A,P99 HTTP Latency Panel (Java vs Go),java_inventory,java,inventory,inventory-java:8082,inventory-java:8082,2026-06-23 18:53:58,2026-06-23T13:23:58Z,1782221038,cooldown,2025.0,0.0010091484800000005,{}
3,A,P99 HTTP Latency Panel (Java vs Go),java_inventory,java,inventory,order-java:8083,order-java:8083,2026-06-23 18:53:58,2026-06-23T13:23:58Z,1782221038,cooldown,2025.0,0.005578423989999999,{}
3,A,P99 HTTP Latency Panel (Java vs Go),java_inventory,java,inventory,warehouse-java-twin:9084,warehouse-java-twin:9084,2026-06-23 18:53:58,2026-06-23T13:23:58Z,1782221038,cooldown,2025.0,0.005438613889999999,{}
3,A,P99 HTTP Latency Panel (Java vs Go),java_inventory,java,inventory,inventory-java:8082,inventory-java:8082,2026-06-23 18:54:13,2026-06-23T13:24:13Z,1782221053,cooldown,2040.0,0.0010758722380952406,{}
3,A,P99 HTTP Latency Panel (Java vs Go),java_inventory,java,inventory,order-java:8083,order-java:8083,2026-06-23 18:54:13,2026-06-23T13:24:13Z,1782221053,cooldown,2040.0,0.005578423989999999,{}
3,A,P99 HTTP Latency Panel (Java vs Go),java_inventory,java,inventory,warehouse-java-twin:9084,warehouse-java-twin:9084,2026-06-23 18:54:13,2026-06-23T13:24:13Z,1782221053,cooldown,2040.0,0.005438613889999999,{}
3,A,P99 HTTP Latency Panel (Java vs Go),java_inventory,java,inventory,inventory-java:8082,inventory-java:8082,2026-06-23 18:54:28,2026-06-23T13:24:28Z,1782221068,cooldown,2055.0,0.0009996882928597318,{}
3,A,P99 HTTP Latency Panel (Java vs Go),java_inventory,java,inventory,order-java:8083,order-java:8083,2026-06-23 18:54:28,2026-06-23T13:24:28Z,1782221068,cooldown,2055.0,0.01103101789,{}
3,A,P99 HTTP Latency Panel (Java vs Go),java_inventory,java,inventory,warehouse-java-twin:9084,warehouse-java-twin:9084,2026-06-23 18:54:28,2026-06-23T13:24:28Z,1782221068,cooldown,2055.0,0.005438613889999999,{}
3,A,P99 HTTP Latency Panel (Java vs Go),java_inventory,java,inventory,inventory-java:8082,inventory-java:8082,2026-06-23 18:54:43,2026-06-23T13:24:43Z,1782221083,cooldown,2070.0,0.000998939051918736,{}
3,A,P99 HTTP Latency Panel (Java vs Go),java_inventory,java,inventory,order-java:8083,order-java:8083,2026-06-23 18:54:43,2026-06-23T13:24:43Z,1782221083,cooldown,2070.0,0.01103101789,{}
3,A,P99 HTTP Latency Panel (Java vs Go),java_inventory,java,inventory,warehouse-java-twin:9084,warehouse-java-twin:9084,2026-06-23 18:54:43,2026-06-23T13:24:43Z,1782221083,cooldown,2070.0,0.004190031991111111,{}
3,A,P99 HTTP Latency Panel (Java vs Go),java_inventory,java,inventory,inventory-java:8082,inventory-java:8082,2026-06-23 18:54:58,2026-06-23T13:24:58Z,1782221098,cooldown,2085.0,0.0024851237499999893,{}
3,A,P99 HTTP Latency Panel (Java vs Go),java_inventory,java,inventory,order-java:8083,order-java:8083,2026-06-23 18:54:58,2026-06-23T13:24:58Z,1782221098,cooldown,2085.0,0.01103101789,{}
3,A,P99 HTTP Latency Panel (Java vs Go),java_inventory,java,inventory,warehouse-java-twin:9084,warehouse-java-twin:9084,2026-06-23 18:54:58,2026-06-23T13:24:58Z,1782221098,cooldown,2085.0,0.004190031991111111,{}
3,A,P99 HTTP Latency Panel (Java vs Go),java_inventory,java,inventory,inventory-java:8082,inventory-java:8082,2026-06-23 18:55:13,2026-06-23T13:25:13Z,1782221113,post_test,2100.0,0.003972353720000004,{}
3,A,P99 HTTP Latency Panel (Java vs Go),java_inventory,java,inventory,order-java:8083,order-java:8083,2026-06-23 18:55:13,2026-06-23T13:25:13Z,1782221113,post_test,2100.0,0.005578423989999999,{}
3,A,P99 HTTP Latency Panel (Java vs Go),java_inventory,java,inventory,warehouse-java-twin:9084,warehouse-java-twin:9084,2026-06-23 18:55:13,2026-06-23T13:25:13Z,1782221113,post_test,2100.0,0.004188811417142857,{}
3,A,P99 HTTP Latency Panel (Java vs Go),java_order,java,order,inventory-java:8082,inventory-java:8082,2026-06-23 16:59:54,2026-06-23T11:29:54Z,1782214194,warmup,0.0,0.005515509445,{}
3,A,P99 HTTP Latency Panel (Java vs Go),java_order,java,order,order-java:8083,order-java:8083,2026-06-23 16:59:54,2026-06-23T11:29:54Z,1782214194,warmup,0.0,0.005574610987272727,{}
3,A,P99 HTTP Latency Panel (Java vs Go),java_order,java,order,warehouse-java-twin:9084,warehouse-java-twin:9084,2026-06-23 16:59:54,2026-06-23T11:29:54Z,1782214194,warmup,0.0,0.005438613889999999,{}
3,A,P99 HTTP Latency Panel (Java vs Go),java_order,java,order,inventory-java:8082,inventory-java:8082,2026-06-23 17:00:09,2026-06-23T11:30:09Z,1782214209,warmup,15.0,0.005515509445,{}
3,A,P99 HTTP Latency Panel (Java vs Go),java_order,java,order,order-java:8083,order-java:8083,2026-06-23 17:00:09,2026-06-23T11:30:09Z,1782214209,warmup,15.0,0.005574610987272727,{}
3,A,P99 HTTP Latency Panel (Java vs Go),java_order,java,order,warehouse-java-twin:9084,warehouse-java-twin:9084,2026-06-23 17:00:09,2026-06-23T11:30:09Z,1782214209,warmup,15.0,0.005515509445,{}
3,A,P99 HTTP Latency Panel (Java vs Go),java_order,java,order,inventory-java:8082,inventory-java:8082,2026-06-23 17:00:24,2026-06-23T11:30:24Z,1782214224,warmup,30.0,0.005541141296666666,{}
3,A,P99 HTTP Latency Panel (Java vs Go),java_order,java,order,order-java:8083,order-java:8083,2026-06-23 17:00:24,2026-06-23T11:30:24Z,1782214224,warmup,30.0,0.005574610987272727,{}
3,A,P99 HTTP Latency Panel (Java vs Go),java_order,java,order,warehouse-java-twin:9084,warehouse-java-twin:9084,2026-06-23 17:00:24,2026-06-23T11:30:24Z,1782214224,warmup,30.0,0.005541141296666666,{}
3,A,P99 HTTP Latency Panel (Java vs Go),java_order,java,order,inventory-java:8082,inventory-java:8082,2026-06-23 17:00:39,2026-06-23T11:30:39Z,1782214239,warmup,45.0,0.00546657591,{}
3,A,P99 HTTP Latency Panel (Java vs Go),java_order,java,order,order-java:8083,order-java:8083,2026-06-23 17:00:39,2026-06-23T11:30:39Z,1782214239,warmup,45.0,0.9636832844500001,{}
3,A,P99 HTTP Latency Panel (Java vs Go),java_order,java,order,warehouse-java-twin:9084,warehouse-java-twin:9084,2026-06-23 17:00:39,2026-06-23T11:30:39Z,1782214239,warmup,45.0,0.005553957222499999,{}
3,A,P99 HTTP Latency Panel (Java vs Go),java_order,java,order,inventory-java:8082,inventory-java:8082,2026-06-23 17:00:54,2026-06-23T11:30:54Z,1782214254,warmup,60.0,0.005200936719999995,{}
3,A,P99 HTTP Latency Panel (Java vs Go),java_order,java,order,order-java:8083,order-java:8083,2026-06-23 17:00:54,2026-06-23T11:30:54Z,1782214254,warmup,60.0,0.9574197904999998,{}
3,A,P99 HTTP Latency Panel (Java vs Go),java_order,java,order,warehouse-java-twin:9084,warehouse-java-twin:9084,2026-06-23 17:00:54,2026-06-23T11:30:54Z,1782214254,warmup,60.0,0.0055616467779999994,{}
3,A,P99 HTTP Latency Panel (Java vs Go),java_order,java,order,inventory-java:8082,inventory-java:8082,2026-06-23 17:01:09,2026-06-23T11:31:09Z,1782214269,warmup,75.0,0.004935297529999997,{}
3,A,P99 HTTP Latency Panel (Java vs Go),java_order,java,order,order-java:8083,order-java:8083,2026-06-23 17:01:09,2026-06-23T11:31:09Z,1782214269,warmup,75.0,0.96189371475,{}
3,A,P99 HTTP Latency Panel (Java vs Go),java_order,java,order,warehouse-java-twin:9084,warehouse-java-twin:9084,2026-06-23 17:01:09,2026-06-23T11:31:09Z,1782214269,warmup,75.0,0.0055616467779999994,{}
3,A,P99 HTTP Latency Panel (Java vs Go),java_order,java,order,inventory-java:8082,inventory-java:8082,2026-06-23 17:01:24,2026-06-23T11:31:24Z,1782214284,warmup,90.0,0.004669658340000005,{}
3,A,P99 HTTP Latency Panel (Java vs Go),java_order,java,order,order-java:8083,order-java:8083,2026-06-23 17:01:24,2026-06-23T11:31:24Z,1782214284,warmup,90.0,0.9225231813499992,{}
3,A,P99 HTTP Latency Panel (Java vs Go),java_order,java,order,warehouse-java-twin:9084,warehouse-java-twin:9084,2026-06-23 17:01:24,2026-06-23T11:31:24Z,1782214284,warmup,90.0,0.0055616467779999994,{}
3,A,P99 HTTP Latency Panel (Java vs Go),java_order,java,order,inventory-java:8082,inventory-java:8082,2026-06-23 17:01:39,2026-06-23T11:31:39Z,1782214299,warmup,105.0,0.004404019149999999,{}
3,A,P99 HTTP Latency Panel (Java vs Go),java_order,java,order,order-java:8083,order-java:8083,2026-06-23 17:01:39,2026-06-23T11:31:39Z,1782214299,warmup,105.0,0.9037326994999996,{}
3,A,P99 HTTP Latency Panel (Java vs Go),java_order,java,order,warehouse-java-twin:9084,warehouse-java-twin:9084,2026-06-23 17:01:39,2026-06-23T11:31:39Z,1782214299,warmup,105.0,0.0055616467779999994,{}
3,A,P99 HTTP Latency Panel (Java vs Go),java_order,java,order,inventory-java:8082,inventory-java:8082,2026-06-23 17:01:54,2026-06-23T11:31:54Z,1782214314,warmup,120.0,0.004191391266666667,{}
3,A,P99 HTTP Latency Panel (Java vs Go),java_order,java,order,order-java:8083,order-java:8083,2026-06-23 17:01:54,2026-06-23T11:31:54Z,1782214314,warmup,120.0,0.6191911172000001,{}
3,A,P99 HTTP Latency Panel (Java vs Go),java_order,java,order,warehouse-java-twin:9084,warehouse-java-twin:9084,2026-06-23 17:01:54,2026-06-23T11:31:54Z,1782214314,warmup,120.0,0.005566773148333333,{}
3,A,P99 HTTP Latency Panel (Java vs Go),java_order,java,order,inventory-java:8082,inventory-java:8082,2026-06-23 17:02:09,2026-06-23T11:32:09Z,1782214329,warmup,135.0,0.004181321531428573,{}
3,A,P99 HTTP Latency Panel (Java vs Go),java_order,java,order,order-java:8083,order-java:8083,2026-06-23 17:02:09,2026-06-23T11:32:09Z,1782214329,warmup,135.0,0.5338568988736841,{}
3,A,P99 HTTP Latency Panel (Java vs Go),java_order,java,order,warehouse-java-twin:9084,warehouse-java-twin:9084,2026-06-23 17:02:09,2026-06-23T11:32:09Z,1782214329,warmup,135.0,0.005566773148333333,{}
3,A,P99 HTTP Latency Panel (Java vs Go),java_order,java,order,inventory-java:8082,inventory-java:8082,2026-06-23 17:02:24,2026-06-23T11:32:24Z,1782214344,warmup,150.0,0.0041680894,{}
3,A,P99 HTTP Latency Panel (Java vs Go),java_order,java,order,order-java:8083,order-java:8083,2026-06-23 17:02:24,2026-06-23T11:32:24Z,1782214344,warmup,150.0,0.5360142021010638,{}
3,A,P99 HTTP Latency Panel (Java vs Go),java_order,java,order,warehouse-java-twin:9084,warehouse-java-twin:9084,2026-06-23 17:02:24,2026-06-23T11:32:24Z,1782214344,warmup,150.0,0.00557318111125,{}
3,A,P99 HTTP Latency Panel (Java vs Go),java_order,java,order,inventory-java:8082,inventory-java:8082,2026-06-23 17:02:39,2026-06-23T11:32:39Z,1782214359,warmup,165.0,0.004122068213333333,{}
3,A,P99 HTTP Latency Panel (Java vs Go),java_order,java,order,order-java:8083,order-java:8083,2026-06-23 17:02:39,2026-06-23T11:32:39Z,1782214359,warmup,165.0,0.5663988110500012,{}
3,A,P99 HTTP Latency Panel (Java vs Go),java_order,java,order,warehouse-java-twin:9084,warehouse-java-twin:9084,2026-06-23 17:02:39,2026-06-23T11:32:39Z,1782214359,warmup,165.0,0.00557318111125,{}
3,A,P99 HTTP Latency Panel (Java vs Go),java_order,java,order,inventory-java:8082,inventory-java:8082,2026-06-23 17:02:54,2026-06-23T11:32:54Z,1782214374,warmup,180.0,0.004445962179999997,{}
3,A,P99 HTTP Latency Panel (Java vs Go),java_order,java,order,order-java:8083,order-java:8083,2026-06-23 17:02:54,2026-06-23T11:32:54Z,1782214374,warmup,180.0,0.588768432300001,{}
3,A,P99 HTTP Latency Panel (Java vs Go),java_order,java,order,warehouse-java-twin:9084,warehouse-java-twin:9084,2026-06-23 17:02:54,2026-06-23T11:32:54Z,1782214374,warmup,180.0,0.005566773148333333,{}
3,A,P99 HTTP Latency Panel (Java vs Go),java_order,java,order,inventory-java:8082,inventory-java:8082,2026-06-23 17:03:09,2026-06-23T11:33:09Z,1782214389,warmup,195.0,0.0038436109166666674,{}
3,A,P99 HTTP Latency Panel (Java vs Go),java_order,java,order,order-java:8083,order-java:8083,2026-06-23 17:03:09,2026-06-23T11:33:09Z,1782214389,warmup,195.0,0.5793731913749998,{}
3,A,P99 HTTP Latency Panel (Java vs Go),java_order,java,order,warehouse-java-twin:9084,warehouse-java-twin:9084,2026-06-23 17:03:09,2026-06-23T11:33:09Z,1782214389,warmup,195.0,0.0055616467779999994,{}
3,A,P99 HTTP Latency Panel (Java vs Go),java_order,java,order,inventory-java:8082,inventory-java:8082,2026-06-23 17:03:24,2026-06-23T11:33:24Z,1782214404,warmup,210.0,0.0037742884583333324,{}
3,A,P99 HTTP Latency Panel (Java vs Go),java_order,java,order,order-java:8083,order-java:8083,2026-06-23 17:03:24,2026-06-23T11:33:24Z,1782214404,warmup,210.0,0.5342078608511905,{}
3,A,P99 HTTP Latency Panel (Java vs Go),java_order,java,order,warehouse-java-twin:9084,warehouse-java-twin:9084,2026-06-23 17:03:24,2026-06-23T11:33:24Z,1782214404,warmup,210.0,0.005553957222499999,{}
3,A,P99 HTTP Latency Panel (Java vs Go),java_order,java,order,inventory-java:8082,inventory-java:8082,2026-06-23 17:03:39,2026-06-23T11:33:39Z,1782214419,warmup,225.0,0.004050997519999991,{}
3,A,P99 HTTP Latency Panel (Java vs Go),java_order,java,order,order-java:8083,order-java:8083,2026-06-23 17:03:39,2026-06-23T11:33:39Z,1782214419,warmup,225.0,0.5345119327590908,{}
3,A,P99 HTTP Latency Panel (Java vs Go),java_order,java,order,warehouse-java-twin:9084,warehouse-java-twin:9084,2026-06-23 17:03:39,2026-06-23T11:33:39Z,1782214419,warmup,225.0,0.0055616467779999994,{}
3,A,P99 HTTP Latency Panel (Java vs Go),java_order,java,order,inventory-java:8082,inventory-java:8082,2026-06-23 17:03:54,2026-06-23T11:33:54Z,1782214434,warmup,240.0,0.0038035320499999973,{}
3,A,P99 HTTP Latency Panel (Java vs Go),java_order,java,order,order-java:8083,order-java:8083,2026-06-23 17:03:54,2026-06-23T11:33:54Z,1782214434,warmup,240.0,0.5342196966296296,{}
3,A,P99 HTTP Latency Panel (Java vs Go),java_order,java,order,warehouse-java-twin:9084,warehouse-java-twin:9084,2026-06-23 17:03:54,2026-06-23T11:33:54Z,1782214434,warmup,240.0,0.0055616467779999994,{}
3,A,P99 HTTP Latency Panel (Java vs Go),java_order,java,order,inventory-java:8082,inventory-java:8082,2026-06-23 17:04:09,2026-06-23T11:34:09Z,1782214449,warmup,255.0,0.003752734416666664,{}
3,A,P99 HTTP Latency Panel (Java vs Go),java_order,java,order,order-java:8083,order-java:8083,2026-06-23 17:04:09,2026-06-23T11:34:09Z,1782214449,warmup,255.0,0.5538718231500004,{}
3,A,P99 HTTP Latency Panel (Java vs Go),java_order,java,order,warehouse-java-twin:9084,warehouse-java-twin:9084,2026-06-23 17:04:09,2026-06-23T11:34:09Z,1782214449,warmup,255.0,0.005553957222499999,{}
3,A,P99 HTTP Latency Panel (Java vs Go),java_order,java,order,inventory-java:8082,inventory-java:8082,2026-06-23 17:04:24,2026-06-23T11:34:24Z,1782214464,warmup,270.0,0.0036743825625,{}
3,A,P99 HTTP Latency Panel (Java vs Go),java_order,java,order,order-java:8083,order-java:8083,2026-06-23 17:04:24,2026-06-23T11:34:24Z,1782214464,warmup,270.0,0.8062011508499983,{}
3,A,P99 HTTP Latency Panel (Java vs Go),java_order,java,order,warehouse-java-twin:9084,warehouse-java-twin:9084,2026-06-23 17:04:24,2026-06-23T11:34:24Z,1782214464,warmup,270.0,0.0055616467779999994,{}
3,A,P99 HTTP Latency Panel (Java vs Go),java_order,java,order,inventory-java:8082,inventory-java:8082,2026-06-23 17:04:39,2026-06-23T11:34:39Z,1782214479,warmup,285.0,0.0037643852499999984,{}
3,A,P99 HTTP Latency Panel (Java vs Go),java_order,java,order,order-java:8083,order-java:8083,2026-06-23 17:04:39,2026-06-23T11:34:39Z,1782214479,warmup,285.0,0.5367274077693396,{}
3,A,P99 HTTP Latency Panel (Java vs Go),java_order,java,order,warehouse-java-twin:9084,warehouse-java-twin:9084,2026-06-23 17:04:39,2026-06-23T11:34:39Z,1782214479,warmup,285.0,0.005541141296666666,{}
3,A,P99 HTTP Latency Panel (Java vs Go),java_order,java,order,inventory-java:8082,inventory-java:8082,2026-06-23 17:04:54,2026-06-23T11:34:54Z,1782214494,ramp_1,300.0,0.0037276851249999996,{}
3,A,P99 HTTP Latency Panel (Java vs Go),java_order,java,order,order-java:8083,order-java:8083,2026-06-23 17:04:54,2026-06-23T11:34:54Z,1782214494,ramp_1,300.0,0.5863823393666664,{}
3,A,P99 HTTP Latency Panel (Java vs Go),java_order,java,order,warehouse-java-twin:9084,warehouse-java-twin:9084,2026-06-23 17:04:54,2026-06-23T11:34:54Z,1782214494,ramp_1,300.0,0.005515509445,{}
3,A,P99 HTTP Latency Panel (Java vs Go),java_order,java,order,inventory-java:8082,inventory-java:8082,2026-06-23 17:05:09,2026-06-23T11:35:09Z,1782214509,ramp_1,315.0,0.0038042311000000013,{}
3,A,P99 HTTP Latency Panel (Java vs Go),java_order,java,order,order-java:8083,order-java:8083,2026-06-23 17:05:09,2026-06-23T11:35:09Z,1782214509,ramp_1,315.0,0.9437743215375,{}
3,A,P99 HTTP Latency Panel (Java vs Go),java_order,java,order,warehouse-java-twin:9084,warehouse-java-twin:9084,2026-06-23 17:05:09,2026-06-23T11:35:09Z,1782214509,ramp_1,315.0,0.005438613889999999,{}
3,A,P99 HTTP Latency Panel (Java vs Go),java_order,java,order,inventory-java:8082,inventory-java:8082,2026-06-23 17:05:24,2026-06-23T11:35:24Z,1782214524,ramp_1,330.0,0.003862252400000001,{}
3,A,P99 HTTP Latency Panel (Java vs Go),java_order,java,order,order-java:8083,order-java:8083,2026-06-23 17:05:24,2026-06-23T11:35:24Z,1782214524,ramp_1,330.0,1.3547042676849994,{}
3,A,P99 HTTP Latency Panel (Java vs Go),java_order,java,order,warehouse-java-twin:9084,warehouse-java-twin:9084,2026-06-23 17:05:24,2026-06-23T11:35:24Z,1782214524,ramp_1,330.0,0.012429118889999998,{}
3,A,P99 HTTP Latency Panel (Java vs Go),java_order,java,order,inventory-java:8082,inventory-java:8082,2026-06-23 17:05:39,2026-06-23T11:35:39Z,1782214539,ramp_1,345.0,0.003727685125000002,{}
3,A,P99 HTTP Latency Panel (Java vs Go),java_order,java,order,order-java:8083,order-java:8083,2026-06-23 17:05:39,2026-06-23T11:35:39Z,1782214539,ramp_1,345.0,1.343768008376666,{}
3,A,P99 HTTP Latency Panel (Java vs Go),java_order,java,order,warehouse-java-twin:9084,warehouse-java-twin:9084,2026-06-23 17:05:39,2026-06-23T11:35:39Z,1782214539,ramp_1,345.0,0.012429118889999998,{}
3,A,P99 HTTP Latency Panel (Java vs Go),java_order,java,order,inventory-java:8082,inventory-java:8082,2026-06-23 17:05:54,2026-06-23T11:35:54Z,1782214554,ramp_1,360.0,0.0036691396875000015,{}
3,A,P99 HTTP Latency Panel (Java vs Go),java_order,java,order,order-java:8083,order-java:8083,2026-06-23 17:05:54,2026-06-23T11:35:54Z,1782214554,ramp_1,360.0,1.3284572453449996,{}
3,A,P99 HTTP Latency Panel (Java vs Go),java_order,java,order,warehouse-java-twin:9084,warehouse-java-twin:9084,2026-06-23 17:05:54,2026-06-23T11:35:54Z,1782214554,ramp_1,360.0,0.012429118889999998,{}
3,A,P99 HTTP Latency Panel (Java vs Go),java_order,java,order,inventory-java:8082,inventory-java:8082,2026-06-23 17:06:09,2026-06-23T11:36:09Z,1782214569,ramp_1,375.0,0.003397384000000006,{}
3,A,P99 HTTP Latency Panel (Java vs Go),java_order,java,order,order-java:8083,order-java:8083,2026-06-23 17:06:09,2026-06-23T11:36:09Z,1782214569,ramp_1,375.0,1.3049121223635296,{}
3,A,P99 HTTP Latency Panel (Java vs Go),java_order,java,order,warehouse-java-twin:9084,warehouse-java-twin:9084,2026-06-23 17:06:09,2026-06-23T11:36:09Z,1782214569,ramp_1,375.0,0.012429118889999998,{}
3,A,P99 HTTP Latency Panel (Java vs Go),java_order,java,order,inventory-java:8082,inventory-java:8082,2026-06-23 17:06:24,2026-06-23T11:36:24Z,1782214584,ramp_1,390.0,0.0023190993749999784,{}
3,A,P99 HTTP Latency Panel (Java vs Go),java_order,java,order,order-java:8083,order-java:8083,2026-06-23 17:06:24,2026-06-23T11:36:24Z,1782214584,ramp_1,390.0,0.5332229419961538,{}
3,A,P99 HTTP Latency Panel (Java vs Go),java_order,java,order,warehouse-java-twin:9084,warehouse-java-twin:9084,2026-06-23 17:06:24,2026-06-23T11:36:24Z,1782214584,ramp_1,390.0,0.0055616467779999994,{}
3,A,P99 HTTP Latency Panel (Java vs Go),java_order,java,order,inventory-java:8082,inventory-java:8082,2026-06-23 17:06:39,2026-06-23T11:36:39Z,1782214599,ramp_1,405.0,0.0017021877500000022,{}
3,A,P99 HTTP Latency Panel (Java vs Go),java_order,java,order,order-java:8083,order-java:8083,2026-06-23 17:06:39,2026-06-23T11:36:39Z,1782214599,ramp_1,405.0,0.5337693561518405,{}
3,A,P99 HTTP Latency Panel (Java vs Go),java_order,java,order,warehouse-java-twin:9084,warehouse-java-twin:9084,2026-06-23 17:06:39,2026-06-23T11:36:39Z,1782214599,ramp_1,405.0,0.005553957222499999,{}
3,A,P99 HTTP Latency Panel (Java vs Go),java_order,java,order,inventory-java:8082,inventory-java:8082,2026-06-23 17:06:54,2026-06-23T11:36:54Z,1782214614,ramp_1,420.0,0.0015868444999999982,{}
3,A,P99 HTTP Latency Panel (Java vs Go),java_order,java,order,order-java:8083,order-java:8083,2026-06-23 17:06:54,2026-06-23T11:36:54Z,1782214614,ramp_1,420.0,0.5366743686630057,{}
3,A,P99 HTTP Latency Panel (Java vs Go),java_order,java,order,warehouse-java-twin:9084,warehouse-java-twin:9084,2026-06-23 17:06:54,2026-06-23T11:36:54Z,1782214614,ramp_1,420.0,0.005541141296666666,{}
3,A,P99 HTTP Latency Panel (Java vs Go),java_order,java,order,inventory-java:8082,inventory-java:8082,2026-06-23 17:07:09,2026-06-23T11:37:09Z,1782214629,ramp_1,435.0,0.0015146093333333333,{}
3,A,P99 HTTP Latency Panel (Java vs Go),java_order,java,order,order-java:8083,order-java:8083,2026-06-23 17:07:09,2026-06-23T11:37:09Z,1782214629,ramp_1,435.0,0.8428873297,{}
3,A,P99 HTTP Latency Panel (Java vs Go),java_order,java,order,warehouse-java-twin:9084,warehouse-java-twin:9084,2026-06-23 17:07:09,2026-06-23T11:37:09Z,1782214629,ramp_1,435.0,0.005438613889999999,{}
3,A,P99 HTTP Latency Panel (Java vs Go),java_order,java,order,inventory-java:8082,inventory-java:8082,2026-06-23 17:07:24,2026-06-23T11:37:24Z,1782214644,ramp_1,450.0,0.0015553872499999987,{}
3,A,P99 HTTP Latency Panel (Java vs Go),java_order,java,order,order-java:8083,order-java:8083,2026-06-23 17:07:24,2026-06-23T11:37:24Z,1782214644,ramp_1,450.0,0.832789043535714,{}
3,A,P99 HTTP Latency Panel (Java vs Go),java_order,java,order,warehouse-java-twin:9084,warehouse-java-twin:9084,2026-06-23 17:07:24,2026-06-23T11:37:24Z,1782214644,ramp_1,450.0,0.005438613889999999,{}
3,A,P99 HTTP Latency Panel (Java vs Go),java_order,java,order,inventory-java:8082,inventory-java:8082,2026-06-23 17:07:39,2026-06-23T11:37:39Z,1782214659,ramp_1,465.0,0.0014848997083333202,{}
3,A,P99 HTTP Latency Panel (Java vs Go),java_order,java,order,order-java:8083,order-java:8083,2026-06-23 17:07:39,2026-06-23T11:37:39Z,1782214659,ramp_1,465.0,0.8406096955363646,{}
3,A,P99 HTTP Latency Panel (Java vs Go),java_order,java,order,warehouse-java-twin:9084,warehouse-java-twin:9084,2026-06-23 17:07:39,2026-06-23T11:37:39Z,1782214659,ramp_1,465.0,0.005438613889999999,{}
3,A,P99 HTTP Latency Panel (Java vs Go),java_order,java,order,inventory-java:8082,inventory-java:8082,2026-06-23 17:07:54,2026-06-23T11:37:54Z,1782214674,ramp_1,480.0,0.0015354143928571432,{}
3,A,P99 HTTP Latency Panel (Java vs Go),java_order,java,order,order-java:8083,order-java:8083,2026-06-23 17:07:54,2026-06-23T11:37:54Z,1782214674,ramp_1,480.0,0.8632685401722224,{}
3,A,P99 HTTP Latency Panel (Java vs Go),java_order,java,order,warehouse-java-twin:9084,warehouse-java-twin:9084,2026-06-23 17:07:54,2026-06-23T11:37:54Z,1782214674,ramp_1,480.0,0.0055155094449999996,{}
3,A,P99 HTTP Latency Panel (Java vs Go),java_order,java,order,inventory-java:8082,inventory-java:8082,2026-06-23 17:08:09,2026-06-23T11:38:09Z,1782214689,ramp_1,495.0,0.0014889774999999985,{}
3,A,P99 HTTP Latency Panel (Java vs Go),java_order,java,order,order-java:8083,order-java:8083,2026-06-23 17:08:09,2026-06-23T11:38:09Z,1782214689,ramp_1,495.0,0.8462309994026312,{}
3,A,P99 HTTP Latency Panel (Java vs Go),java_order,java,order,warehouse-java-twin:9084,warehouse-java-twin:9084,2026-06-23 17:08:09,2026-06-23T11:38:09Z,1782214689,ramp_1,495.0,0.005515509445,{}
3,A,P99 HTTP Latency Panel (Java vs Go),java_order,java,order,inventory-java:8082,inventory-java:8082,2026-06-23 17:08:24,2026-06-23T11:38:24Z,1782214704,ramp_1,510.0,0.0014000982857142916,{}
3,A,P99 HTTP Latency Panel (Java vs Go),java_order,java,order,order-java:8083,order-java:8083,2026-06-23 17:08:24,2026-06-23T11:38:24Z,1782214704,ramp_1,510.0,0.8538281080931814,{}
3,A,P99 HTTP Latency Panel (Java vs Go),java_order,java,order,warehouse-java-twin:9084,warehouse-java-twin:9084,2026-06-23 17:08:24,2026-06-23T11:38:24Z,1782214704,ramp_1,510.0,0.005438613889999999,{}
3,A,P99 HTTP Latency Panel (Java vs Go),java_order,java,order,inventory-java:8082,inventory-java:8082,2026-06-23 17:08:39,2026-06-23T11:38:39Z,1782214719,ramp_1,525.0,0.001135957249999983,{}
3,A,P99 HTTP Latency Panel (Java vs Go),java_order,java,order,order-java:8083,order-java:8083,2026-06-23 17:08:39,2026-06-23T11:38:39Z,1782214719,ramp_1,525.0,0.8133594296500009,{}
3,A,P99 HTTP Latency Panel (Java vs Go),java_order,java,order,warehouse-java-twin:9084,warehouse-java-twin:9084,2026-06-23 17:08:39,2026-06-23T11:38:39Z,1782214719,ramp_1,525.0,0.00415585592,{}
3,A,P99 HTTP Latency Panel (Java vs Go),java_order,java,order,inventory-java:8082,inventory-java:8082,2026-06-23 17:08:54,2026-06-23T11:38:54Z,1782214734,ramp_1,540.0,0.0009981818181818182,{}
3,A,P99 HTTP Latency Panel (Java vs Go),java_order,java,order,order-java:8083,order-java:8083,2026-06-23 17:08:54,2026-06-23T11:38:54Z,1782214734,ramp_1,540.0,0.7188957147714279,{}
3,A,P99 HTTP Latency Panel (Java vs Go),java_order,java,order,warehouse-java-twin:9084,warehouse-java-twin:9084,2026-06-23 17:08:54,2026-06-23T11:38:54Z,1782214734,ramp_1,540.0,0.003126502125,{}
3,A,P99 HTTP Latency Panel (Java vs Go),java_order,java,order,inventory-java:8082,inventory-java:8082,2026-06-23 17:09:09,2026-06-23T11:39:09Z,1782214749,ramp_1,555.0,0.0009983898305084744,{}
3,A,P99 HTTP Latency Panel (Java vs Go),java_order,java,order,order-java:8083,order-java:8083,2026-06-23 17:09:09,2026-06-23T11:39:09Z,1782214749,ramp_1,555.0,0.698002824909211,{}
3,A,P99 HTTP Latency Panel (Java vs Go),java_order,java,order,warehouse-java-twin:9084,warehouse-java-twin:9084,2026-06-23 17:09:09,2026-06-23T11:39:09Z,1782214749,ramp_1,555.0,0.005438613889999999,{}
3,A,P99 HTTP Latency Panel (Java vs Go),java_order,java,order,inventory-java:8082,inventory-java:8082,2026-06-23 17:09:24,2026-06-23T11:39:24Z,1782214764,ramp_1,570.0,0.0012401156999999952,{}
3,A,P99 HTTP Latency Panel (Java vs Go),java_order,java,order,order-java:8083,order-java:8083,2026-06-23 17:09:24,2026-06-23T11:39:24Z,1782214764,ramp_1,570.0,0.660261741815,{}
3,A,P99 HTTP Latency Panel (Java vs Go),java_order,java,order,warehouse-java-twin:9084,warehouse-java-twin:9084,2026-06-23 17:09:24,2026-06-23T11:39:24Z,1782214764,ramp_1,570.0,0.005438613889999999,{}
3,A,P99 HTTP Latency Panel (Java vs Go),java_order,java,order,inventory-java:8082,inventory-java:8082,2026-06-23 17:09:39,2026-06-23T11:39:39Z,1782214779,ramp_1,585.0,0.0012169305416666588,{}
3,A,P99 HTTP Latency Panel (Java vs Go),java_order,java,order,order-java:8083,order-java:8083,2026-06-23 17:09:39,2026-06-23T11:39:39Z,1782214779,ramp_1,585.0,0.5206976748362496,{}
3,A,P99 HTTP Latency Panel (Java vs Go),java_order,java,order,warehouse-java-twin:9084,warehouse-java-twin:9084,2026-06-23 17:09:39,2026-06-23T11:39:39Z,1782214779,ramp_1,585.0,0.005438613889999999,{}
3,A,P99 HTTP Latency Panel (Java vs Go),java_order,java,order,inventory-java:8082,inventory-java:8082,2026-06-23 17:09:54,2026-06-23T11:39:54Z,1782214794,ramp_2,600.0,0.0011310639000000056,{}
3,A,P99 HTTP Latency Panel (Java vs Go),java_order,java,order,order-java:8083,order-java:8083,2026-06-23 17:09:54,2026-06-23T11:39:54Z,1782214794,ramp_2,600.0,0.892034216090741,{}
3,A,P99 HTTP Latency Panel (Java vs Go),java_order,java,order,warehouse-java-twin:9084,warehouse-java-twin:9084,2026-06-23 17:09:54,2026-06-23T11:39:54Z,1782214794,ramp_2,600.0,0.005438613889999999,{}
3,A,P99 HTTP Latency Panel (Java vs Go),java_order,java,order,inventory-java:8082,inventory-java:8082,2026-06-23 17:10:09,2026-06-23T11:40:09Z,1782214809,ramp_2,615.0,0.0009986321525885555,{}
3,A,P99 HTTP Latency Panel (Java vs Go),java_order,java,order,order-java:8083,order-java:8083,2026-06-23 17:10:09,2026-06-23T11:40:09Z,1782214809,ramp_2,615.0,0.8894161419000002,{}
3,A,P99 HTTP Latency Panel (Java vs Go),java_order,java,order,warehouse-java-twin:9084,warehouse-java-twin:9084,2026-06-23 17:10:09,2026-06-23T11:40:09Z,1782214809,ramp_2,615.0,0.00345680325,{}
3,A,P99 HTTP Latency Panel (Java vs Go),java_order,java,order,inventory-java:8082,inventory-java:8082,2026-06-23 17:10:24,2026-06-23T11:40:24Z,1782214824,ramp_2,630.0,0.0009972832369942197,{}
3,A,P99 HTTP Latency Panel (Java vs Go),java_order,java,order,order-java:8083,order-java:8083,2026-06-23 17:10:24,2026-06-23T11:40:24Z,1782214824,ramp_2,630.0,1.9462096895905805,{}
3,A,P99 HTTP Latency Panel (Java vs Go),java_order,java,order,warehouse-java-twin:9084,warehouse-java-twin:9084,2026-06-23 17:10:24,2026-06-23T11:40:24Z,1782214824,ramp_2,630.0,0.00310727825,{}
3,A,P99 HTTP Latency Panel (Java vs Go),java_order,java,order,inventory-java:8082,inventory-java:8082,2026-06-23 17:10:39,2026-06-23T11:40:39Z,1782214839,ramp_2,645.0,0.0009989616613418533,{}
3,A,P99 HTTP Latency Panel (Java vs Go),java_order,java,order,order-java:8083,order-java:8083,2026-06-23 17:10:39,2026-06-23T11:40:39Z,1782214839,ramp_2,645.0,2.077632700450005,{}
3,A,P99 HTTP Latency Panel (Java vs Go),java_order,java,order,warehouse-java-twin:9084,warehouse-java-twin:9084,2026-06-23 17:10:39,2026-06-23T11:40:39Z,1782214839,ramp_2,645.0,0.0038063282499999998,{}
3,A,P99 HTTP Latency Panel (Java vs Go),java_order,java,order,inventory-java:8082,inventory-java:8082,2026-06-23 17:10:54,2026-06-23T11:40:54Z,1782214854,ramp_2,660.0,0.0009990091001011122,{}
3,A,P99 HTTP Latency Panel (Java vs Go),java_order,java,order,order-java:8083,order-java:8083,2026-06-23 17:10:54,2026-06-23T11:40:54Z,1782214854,ramp_2,660.0,2.0652788966799998,{}
3,A,P99 HTTP Latency Panel (Java vs Go),java_order,java,order,warehouse-java-twin:9084,warehouse-java-twin:9084,2026-06-23 17:10:54,2026-06-23T11:40:54Z,1782214854,ramp_2,660.0,0.0038063282499999993,{}
3,A,P99 HTTP Latency Panel (Java vs Go),java_order,java,order,inventory-java:8082,inventory-java:8082,2026-06-23 17:11:09,2026-06-23T11:41:09Z,1782214869,ramp_2,675.0,0.0009977080291970804,{}
3,A,P99 HTTP Latency Panel (Java vs Go),java_order,java,order,order-java:8083,order-java:8083,2026-06-23 17:11:09,2026-06-23T11:41:09Z,1782214869,ramp_2,675.0,2.0567351445399997,{}
3,A,P99 HTTP Latency Panel (Java vs Go),java_order,java,order,warehouse-java-twin:9084,warehouse-java-twin:9084,2026-06-23 17:11:09,2026-06-23T11:41:09Z,1782214869,ramp_2,675.0,0.0038063282499999998,{}
3,A,P99 HTTP Latency Panel (Java vs Go),java_order,java,order,inventory-java:8082,inventory-java:8082,2026-06-23 17:11:24,2026-06-23T11:41:24Z,1782214884,ramp_2,690.0,0.0009966353887399463,{}
3,A,P99 HTTP Latency Panel (Java vs Go),java_order,java,order,order-java:8083,order-java:8083,2026-06-23 17:11:24,2026-06-23T11:41:24Z,1782214884,ramp_2,690.0,0.9291494259148646,{}
3,A,P99 HTTP Latency Panel (Java vs Go),java_order,java,order,warehouse-java-twin:9084,warehouse-java-twin:9084,2026-06-23 17:11:24,2026-06-23T11:41:24Z,1782214884,ramp_2,690.0,0.0031329100833333333,{}
3,A,P99 HTTP Latency Panel (Java vs Go),java_order,java,order,inventory-java:8082,inventory-java:8082,2026-06-23 17:11:39,2026-06-23T11:41:39Z,1782214899,ramp_2,705.0,0.0009963353242320818,{}
3,A,P99 HTTP Latency Panel (Java vs Go),java_order,java,order,order-java:8083,order-java:8083,2026-06-23 17:11:39,2026-06-23T11:41:39Z,1782214899,ramp_2,705.0,0.9463139314794116,{}
3,A,P99 HTTP Latency Panel (Java vs Go),java_order,java,order,warehouse-java-twin:9084,warehouse-java-twin:9084,2026-06-23 17:11:39,2026-06-23T11:41:39Z,1782214899,ramp_2,705.0,0.0031329100833333333,{}
3,A,P99 HTTP Latency Panel (Java vs Go),java_order,java,order,inventory-java:8082,inventory-java:8082,2026-06-23 17:11:54,2026-06-23T11:41:54Z,1782214914,ramp_2,720.0,0.0009957296403472508,{}
3,A,P99 HTTP Latency Panel (Java vs Go),java_order,java,order,order-java:8083,order-java:8083,2026-06-23 17:11:54,2026-06-23T11:41:54Z,1782214914,ramp_2,720.0,0.9542807092229504,{}
3,A,P99 HTTP Latency Panel (Java vs Go),java_order,java,order,warehouse-java-twin:9084,warehouse-java-twin:9084,2026-06-23 17:11:54,2026-06-23T11:41:54Z,1782214914,ramp_2,720.0,0.0031329100833333333,{}
3,A,P99 HTTP Latency Panel (Java vs Go),java_order,java,order,inventory-java:8082,inventory-java:8082,2026-06-23 17:12:09,2026-06-23T11:42:09Z,1782214929,ramp_2,735.0,0.000997840766986244,{}
3,A,P99 HTTP Latency Panel (Java vs Go),java_order,java,order,order-java:8083,order-java:8083,2026-06-23 17:12:09,2026-06-23T11:42:09Z,1782214929,ramp_2,735.0,2.394055229397611,{}
3,A,P99 HTTP Latency Panel (Java vs Go),java_order,java,order,warehouse-java-twin:9084,warehouse-java-twin:9084,2026-06-23 17:12:09,2026-06-23T11:42:09Z,1782214929,ramp_2,735.0,0.0031329100833333333,{}
3,A,P99 HTTP Latency Panel (Java vs Go),java_order,java,order,inventory-java:8082,inventory-java:8082,2026-06-23 17:12:24,2026-06-23T11:42:24Z,1782214944,ramp_2,750.0,0.000996801202232718,{}
3,A,P99 HTTP Latency Panel (Java vs Go),java_order,java,order,order-java:8083,order-java:8083,2026-06-23 17:12:24,2026-06-23T11:42:24Z,1782214944,ramp_2,750.0,3.864404437167236,{}
3,A,P99 HTTP Latency Panel (Java vs Go),java_order,java,order,warehouse-java-twin:9084,warehouse-java-twin:9084,2026-06-23 17:12:24,2026-06-23T11:42:24Z,1782214944,ramp_2,750.0,0.00415585592,{}
3,A,P99 HTTP Latency Panel (Java vs Go),java_order,java,order,inventory-java:8082,inventory-java:8082,2026-06-23 17:12:39,2026-06-23T11:42:39Z,1782214959,ramp_2,765.0,0.0009983674377224202,{}
3,A,P99 HTTP Latency Panel (Java vs Go),java_order,java,order,order-java:8083,order-java:8083,2026-06-23 17:12:39,2026-06-23T11:42:39Z,1782214959,ramp_2,765.0,3.870572741256809,{}
3,A,P99 HTTP Latency Panel (Java vs Go),java_order,java,order,warehouse-java-twin:9084,warehouse-java-twin:9084,2026-06-23 17:12:39,2026-06-23T11:42:39Z,1782214959,ramp_2,765.0,0.005438613889999999,{}
3,A,P99 HTTP Latency Panel (Java vs Go),java_order,java,order,inventory-java:8082,inventory-java:8082,2026-06-23 17:12:54,2026-06-23T11:42:54Z,1782214974,ramp_2,780.0,0.0009991624248033319,{}
3,A,P99 HTTP Latency Panel (Java vs Go),java_order,java,order,order-java:8083,order-java:8083,2026-06-23 17:12:54,2026-06-23T11:42:54Z,1782214974,ramp_2,780.0,3.9111980762620893,{}
3,A,P99 HTTP Latency Panel (Java vs Go),java_order,java,order,warehouse-java-twin:9084,warehouse-java-twin:9084,2026-06-23 17:12:54,2026-06-23T11:42:54Z,1782214974,ramp_2,780.0,0.005438613889999999,{}
3,A,P99 HTTP Latency Panel (Java vs Go),java_order,java,order,inventory-java:8082,inventory-java:8082,2026-06-23 17:13:09,2026-06-23T11:43:09Z,1782214989,ramp_2,795.0,0.0009987447698744769,{}
3,A,P99 HTTP Latency Panel (Java vs Go),java_order,java,order,order-java:8083,order-java:8083,2026-06-23 17:13:09,2026-06-23T11:43:09Z,1782214989,ramp_2,795.0,4.895188975476254,{}
3,A,P99 HTTP Latency Panel (Java vs Go),java_order,java,order,warehouse-java-twin:9084,warehouse-java-twin:9084,2026-06-23 17:13:09,2026-06-23T11:43:09Z,1782214989,ramp_2,795.0,0.005438613889999999,{}
3,A,P99 HTTP Latency Panel (Java vs Go),java_order,java,order,inventory-java:8082,inventory-java:8082,2026-06-23 17:13:24,2026-06-23T11:43:24Z,1782215004,ramp_2,810.0,0.0009999634034766698,{}
3,A,P99 HTTP Latency Panel (Java vs Go),java_order,java,order,order-java:8083,order-java:8083,2026-06-23 17:13:24,2026-06-23T11:43:24Z,1782215004,ramp_2,810.0,5.390327121801501,{}
3,A,P99 HTTP Latency Panel (Java vs Go),java_order,java,order,warehouse-java-twin:9084,warehouse-java-twin:9084,2026-06-23 17:13:24,2026-06-23T11:43:24Z,1782215004,ramp_2,810.0,0.005438613889999999,{}
3,A,P99 HTTP Latency Panel (Java vs Go),java_order,java,order,inventory-java:8082,inventory-java:8082,2026-06-23 17:13:39,2026-06-23T11:43:39Z,1782215019,ramp_2,825.0,0.0009989755213055305,{}
3,A,P99 HTTP Latency Panel (Java vs Go),java_order,java,order,order-java:8083,order-java:8083,2026-06-23 17:13:39,2026-06-23T11:43:39Z,1782215019,ramp_2,825.0,5.534090044327584,{}
3,A,P99 HTTP Latency Panel (Java vs Go),java_order,java,order,warehouse-java-twin:9084,warehouse-java-twin:9084,2026-06-23 17:13:39,2026-06-23T11:43:39Z,1782215019,ramp_2,825.0,0.003126502125,{}
3,A,P99 HTTP Latency Panel (Java vs Go),java_order,java,order,inventory-java:8082,inventory-java:8082,2026-06-23 17:13:54,2026-06-23T11:43:54Z,1782215034,ramp_2,840.0,0.0009996160962072154,{}
3,A,P99 HTTP Latency Panel (Java vs Go),java_order,java,order,order-java:8083,order-java:8083,2026-06-23 17:13:54,2026-06-23T11:43:54Z,1782215034,ramp_2,840.0,6.7586226323246965,{}
3,A,P99 HTTP Latency Panel (Java vs Go),java_order,java,order,warehouse-java-twin:9084,warehouse-java-twin:9084,2026-06-23 17:13:54,2026-06-23T11:43:54Z,1782215034,ramp_2,840.0,0.0031329100833333333,{}
3,A,P99 HTTP Latency Panel (Java vs Go),java_order,java,order,inventory-java:8082,inventory-java:8082,2026-06-23 17:14:09,2026-06-23T11:44:09Z,1782215049,ramp_2,855.0,0.001018458880000007,{}
3,A,P99 HTTP Latency Panel (Java vs Go),java_order,java,order,order-java:8083,order-java:8083,2026-06-23 17:14:09,2026-06-23T11:44:09Z,1782215049,ramp_2,855.0,6.757587700446387,{}
3,A,P99 HTTP Latency Panel (Java vs Go),java_order,java,order,warehouse-java-twin:9084,warehouse-java-twin:9084,2026-06-23 17:14:09,2026-06-23T11:44:09Z,1782215049,ramp_2,855.0,0.0031329100833333333,{}
3,A,P99 HTTP Latency Panel (Java vs Go),java_order,java,order,inventory-java:8082,inventory-java:8082,2026-06-23 17:14:24,2026-06-23T11:44:24Z,1782215064,ramp_2,870.0,0.000999563017479301,{}
3,A,P99 HTTP Latency Panel (Java vs Go),java_order,java,order,order-java:8083,order-java:8083,2026-06-23 17:14:24,2026-06-23T11:44:24Z,1782215064,ramp_2,870.0,6.801609802806523,{}
3,A,P99 HTTP Latency Panel (Java vs Go),java_order,java,order,warehouse-java-twin:9084,warehouse-java-twin:9084,2026-06-23 17:14:24,2026-06-23T11:44:24Z,1782215064,ramp_2,870.0,0.0031329100833333333,{}
3,A,P99 HTTP Latency Panel (Java vs Go),java_order,java,order,inventory-java:8082,inventory-java:8082,2026-06-23 17:14:39,2026-06-23T11:44:39Z,1782215079,ramp_2,885.0,0.0010092294400000056,{}
3,A,P99 HTTP Latency Panel (Java vs Go),java_order,java,order,order-java:8083,order-java:8083,2026-06-23 17:14:39,2026-06-23T11:44:39Z,1782215079,ramp_2,885.0,6.792739761653806,{}
3,A,P99 HTTP Latency Panel (Java vs Go),java_order,java,order,warehouse-java-twin:9084,warehouse-java-twin:9084,2026-06-23 17:14:39,2026-06-23T11:44:39Z,1782215079,ramp_2,885.0,0.003126502125,{}
3,A,P99 HTTP Latency Panel (Java vs Go),java_order,java,order,inventory-java:8082,inventory-java:8082,2026-06-23 17:14:54,2026-06-23T11:44:54Z,1782215094,ramp_3,900.0,0.0011739680937500236,{}
3,A,P99 HTTP Latency Panel (Java vs Go),java_order,java,order,order-java:8083,order-java:8083,2026-06-23 17:14:54,2026-06-23T11:44:54Z,1782215094,ramp_3,900.0,5.681967054144041,{}
3,A,P99 HTTP Latency Panel (Java vs Go),java_order,java,order,warehouse-java-twin:9084,warehouse-java-twin:9084,2026-06-23 17:14:54,2026-06-23T11:44:54Z,1782215094,ramp_3,900.0,0.00345680325,{}
3,A,P99 HTTP Latency Panel (Java vs Go),java_order,java,order,inventory-java:8082,inventory-java:8082,2026-06-23 17:15:09,2026-06-23T11:45:09Z,1782215109,ramp_3,915.0,0.0012237268611111143,{}
3,A,P99 HTTP Latency Panel (Java vs Go),java_order,java,order,order-java:8083,order-java:8083,2026-06-23 17:15:09,2026-06-23T11:45:09Z,1782215109,ramp_3,915.0,5.685504575656395,{}
3,A,P99 HTTP Latency Panel (Java vs Go),java_order,java,order,warehouse-java-twin:9084,warehouse-java-twin:9084,2026-06-23 17:15:09,2026-06-23T11:45:09Z,1782215109,ramp_3,915.0,0.00345680325,{}
3,A,P99 HTTP Latency Panel (Java vs Go),java_order,java,order,inventory-java:8082,inventory-java:8082,2026-06-23 17:15:24,2026-06-23T11:45:24Z,1782215124,ramp_3,930.0,0.0013951882916666807,{}
3,A,P99 HTTP Latency Panel (Java vs Go),java_order,java,order,order-java:8083,order-java:8083,2026-06-23 17:15:24,2026-06-23T11:45:24Z,1782215124,ramp_3,930.0,5.623208219660072,{}
3,A,P99 HTTP Latency Panel (Java vs Go),java_order,java,order,warehouse-java-twin:9084,warehouse-java-twin:9084,2026-06-23 17:15:24,2026-06-23T11:45:24Z,1782215124,ramp_3,930.0,0.00345680325,{}
3,A,P99 HTTP Latency Panel (Java vs Go),java_order,java,order,inventory-java:8082,inventory-java:8082,2026-06-23 17:15:39,2026-06-23T11:45:39Z,1782215139,ramp_3,945.0,0.0015702420624999984,{}
3,A,P99 HTTP Latency Panel (Java vs Go),java_order,java,order,order-java:8083,order-java:8083,2026-06-23 17:15:39,2026-06-23T11:45:39Z,1782215139,ramp_3,945.0,5.649075040395834,{}
3,A,P99 HTTP Latency Panel (Java vs Go),java_order,java,order,warehouse-java-twin:9084,warehouse-java-twin:9084,2026-06-23 17:15:39,2026-06-23T11:45:39Z,1782215139,ramp_3,945.0,0.00345680325,{}
3,A,P99 HTTP Latency Panel (Java vs Go),java_order,java,order,inventory-java:8082,inventory-java:8082,2026-06-23 17:15:54,2026-06-23T11:45:54Z,1782215154,ramp_3,960.0,0.0014505297499999975,{}
3,A,P99 HTTP Latency Panel (Java vs Go),java_order,java,order,order-java:8083,order-java:8083,2026-06-23 17:15:54,2026-06-23T11:45:54Z,1782215154,ramp_3,960.0,5.631792910089762,{}
3,A,P99 HTTP Latency Panel (Java vs Go),java_order,java,order,warehouse-java-twin:9084,warehouse-java-twin:9084,2026-06-23 17:15:54,2026-06-23T11:45:54Z,1782215154,ramp_3,960.0,0.005438613889999999,{}
3,A,P99 HTTP Latency Panel (Java vs Go),java_order,java,order,inventory-java:8082,inventory-java:8082,2026-06-23 17:16:09,2026-06-23T11:46:09Z,1782215169,ramp_3,975.0,0.0017977245833332683,{}
3,A,P99 HTTP Latency Panel (Java vs Go),java_order,java,order,order-java:8083,order-java:8083,2026-06-23 17:16:09,2026-06-23T11:46:09Z,1782215169,ramp_3,975.0,8.101719226500727,{}
3,A,P99 HTTP Latency Panel (Java vs Go),java_order,java,order,warehouse-java-twin:9084,warehouse-java-twin:9084,2026-06-23 17:16:09,2026-06-23T11:46:09Z,1782215169,ramp_3,975.0,0.005438613889999999,{}
3,A,P99 HTTP Latency Panel (Java vs Go),java_order,java,order,inventory-java:8082,inventory-java:8082,2026-06-23 17:16:24,2026-06-23T11:46:24Z,1782215184,ramp_3,990.0,0.001648885187500035,{}
3,A,P99 HTTP Latency Panel (Java vs Go),java_order,java,order,order-java:8083,order-java:8083,2026-06-23 17:16:24,2026-06-23T11:46:24Z,1782215184,ramp_3,990.0,8.367499483887585,{}
3,A,P99 HTTP Latency Panel (Java vs Go),java_order,java,order,warehouse-java-twin:9084,warehouse-java-twin:9084,2026-06-23 17:16:24,2026-06-23T11:46:24Z,1782215184,ramp_3,990.0,0.005438613889999999,{}
3,A,P99 HTTP Latency Panel (Java vs Go),java_order,java,order,inventory-java:8082,inventory-java:8082,2026-06-23 17:16:39,2026-06-23T11:46:39Z,1782215199,ramp_3,1005.0,0.0013785276000000094,{}
3,A,P99 HTTP Latency Panel (Java vs Go),java_order,java,order,order-java:8083,order-java:8083,2026-06-23 17:16:39,2026-06-23T11:46:39Z,1782215199,ramp_3,1005.0,9.780026851524603,{}
3,A,P99 HTTP Latency Panel (Java vs Go),java_order,java,order,warehouse-java-twin:9084,warehouse-java-twin:9084,2026-06-23 17:16:39,2026-06-23T11:46:39Z,1782215199,ramp_3,1005.0,0.005438613889999999,{}
3,A,P99 HTTP Latency Panel (Java vs Go),java_order,java,order,inventory-java:8082,inventory-java:8082,2026-06-23 17:16:54,2026-06-23T11:46:54Z,1782215214,ramp_3,1020.0,0.001633447833333323,{}
3,A,P99 HTTP Latency Panel (Java vs Go),java_order,java,order,order-java:8083,order-java:8083,2026-06-23 17:16:54,2026-06-23T11:46:54Z,1782215214,ramp_3,1020.0,9.800525862875,{}
3,A,P99 HTTP Latency Panel (Java vs Go),java_order,java,order,warehouse-java-twin:9084,warehouse-java-twin:9084,2026-06-23 17:16:54,2026-06-23T11:46:54Z,1782215214,ramp_3,1020.0,0.003126502125,{}
3,A,P99 HTTP Latency Panel (Java vs Go),java_order,java,order,inventory-java:8082,inventory-java:8082,2026-06-23 17:17:09,2026-06-23T11:47:09Z,1782215229,ramp_3,1035.0,0.0014726663333333517,{}
3,A,P99 HTTP Latency Panel (Java vs Go),java_order,java,order,order-java:8083,order-java:8083,2026-06-23 17:17:09,2026-06-23T11:47:09Z,1782215229,ramp_3,1035.0,9.910049414308956,{}
3,A,P99 HTTP Latency Panel (Java vs Go),java_order,java,order,warehouse-java-twin:9084,warehouse-java-twin:9084,2026-06-23 17:17:09,2026-06-23T11:47:09Z,1782215229,ramp_3,1035.0,0.00345680325,{}
3,A,P99 HTTP Latency Panel (Java vs Go),java_order,java,order,inventory-java:8082,inventory-java:8082,2026-06-23 17:17:24,2026-06-23T11:47:24Z,1782215244,ramp_3,1050.0,0.001391609821428568,{}
3,A,P99 HTTP Latency Panel (Java vs Go),java_order,java,order,order-java:8083,order-java:8083,2026-06-23 17:17:24,2026-06-23T11:47:24Z,1782215244,ramp_3,1050.0,9.926520927422223,{}
3,A,P99 HTTP Latency Panel (Java vs Go),java_order,java,order,warehouse-java-twin:9084,warehouse-java-twin:9084,2026-06-23 17:17:24,2026-06-23T11:47:24Z,1782215244,ramp_3,1050.0,0.00345680325,{}
3,A,P99 HTTP Latency Panel (Java vs Go),java_order,java,order,inventory-java:8082,inventory-java:8082,2026-06-23 17:17:39,2026-06-23T11:47:39Z,1782215259,ramp_3,1065.0,0.0015192696666666654,{}
3,A,P99 HTTP Latency Panel (Java vs Go),java_order,java,order,order-java:8083,order-java:8083,2026-06-23 17:17:39,2026-06-23T11:47:39Z,1782215259,ramp_3,1065.0,9.857824843770278,{}
3,A,P99 HTTP Latency Panel (Java vs Go),java_order,java,order,warehouse-java-twin:9084,warehouse-java-twin:9084,2026-06-23 17:17:39,2026-06-23T11:47:39Z,1782215259,ramp_3,1065.0,0.0038063282499999998,{}
3,A,P99 HTTP Latency Panel (Java vs Go),java_order,java,order,inventory-java:8082,inventory-java:8082,2026-06-23 17:17:54,2026-06-23T11:47:54Z,1782215274,ramp_3,1080.0,0.0016088146428571632,{}
3,A,P99 HTTP Latency Panel (Java vs Go),java_order,java,order,order-java:8083,order-java:8083,2026-06-23 17:17:54,2026-06-23T11:47:54Z,1782215274,ramp_3,1080.0,9.844654546455,{}
3,A,P99 HTTP Latency Panel (Java vs Go),java_order,java,order,warehouse-java-twin:9084,warehouse-java-twin:9084,2026-06-23 17:17:54,2026-06-23T11:47:54Z,1782215274,ramp_3,1080.0,0.0038063282499999993,{}
3,A,P99 HTTP Latency Panel (Java vs Go),java_order,java,order,inventory-java:8082,inventory-java:8082,2026-06-23 17:18:09,2026-06-23T11:48:09Z,1782215289,ramp_3,1095.0,0.0015880095833333558,{}
3,A,P99 HTTP Latency Panel (Java vs Go),java_order,java,order,order-java:8083,order-java:8083,2026-06-23 17:18:09,2026-06-23T11:48:09Z,1782215289,ramp_3,1095.0,9.225369495926927,{}
3,A,P99 HTTP Latency Panel (Java vs Go),java_order,java,order,warehouse-java-twin:9084,warehouse-java-twin:9084,2026-06-23 17:18:09,2026-06-23T11:48:09Z,1782215289,ramp_3,1095.0,0.0038063282499999998,{}
3,A,P99 HTTP Latency Panel (Java vs Go),java_order,java,order,inventory-java:8082,inventory-java:8082,2026-06-23 17:18:24,2026-06-23T11:48:24Z,1782215304,ramp_3,1110.0,0.0013400798500000052,{}
3,A,P99 HTTP Latency Panel (Java vs Go),java_order,java,order,order-java:8083,order-java:8083,2026-06-23 17:18:24,2026-06-23T11:48:24Z,1782215304,ramp_3,1110.0,11.243464725230611,{}
3,A,P99 HTTP Latency Panel (Java vs Go),java_order,java,order,warehouse-java-twin:9084,warehouse-java-twin:9084,2026-06-23 17:18:24,2026-06-23T11:48:24Z,1782215304,ramp_3,1110.0,0.00310727825,{}
3,A,P99 HTTP Latency Panel (Java vs Go),java_order,java,order,inventory-java:8082,inventory-java:8082,2026-06-23 17:18:39,2026-06-23T11:48:39Z,1782215319,ramp_3,1125.0,0.0010922666249999573,{}
3,A,P99 HTTP Latency Panel (Java vs Go),java_order,java,order,order-java:8083,order-java:8083,2026-06-23 17:18:39,2026-06-23T11:48:39Z,1782215319,ramp_3,1125.0,11.269431746886607,{}
3,A,P99 HTTP Latency Panel (Java vs Go),java_order,java,order,warehouse-java-twin:9084,warehouse-java-twin:9084,2026-06-23 17:18:39,2026-06-23T11:48:39Z,1782215319,ramp_3,1125.0,0.003126502125,{}
3,A,P99 HTTP Latency Panel (Java vs Go),java_order,java,order,inventory-java:8082,inventory-java:8082,2026-06-23 17:18:54,2026-06-23T11:48:54Z,1782215334,ramp_3,1140.0,0.0017406355000000333,{}
3,A,P99 HTTP Latency Panel (Java vs Go),java_order,java,order,order-java:8083,order-java:8083,2026-06-23 17:18:54,2026-06-23T11:48:54Z,1782215334,ramp_3,1140.0,11.29746833895119,{}
3,A,P99 HTTP Latency Panel (Java vs Go),java_order,java,order,warehouse-java-twin:9084,warehouse-java-twin:9084,2026-06-23 17:18:54,2026-06-23T11:48:54Z,1782215334,ramp_3,1140.0,0.003126502125,{}
3,A,P99 HTTP Latency Panel (Java vs Go),java_order,java,order,inventory-java:8082,inventory-java:8082,2026-06-23 17:19:09,2026-06-23T11:49:09Z,1782215349,ramp_3,1155.0,0.0015833492499999539,{}
3,A,P99 HTTP Latency Panel (Java vs Go),java_order,java,order,order-java:8083,order-java:8083,2026-06-23 17:19:09,2026-06-23T11:49:09Z,1782215349,ramp_3,1155.0,10.057722620545254,{}
3,A,P99 HTTP Latency Panel (Java vs Go),java_order,java,order,warehouse-java-twin:9084,warehouse-java-twin:9084,2026-06-23 17:19:09,2026-06-23T11:49:09Z,1782215349,ramp_3,1155.0,0.00310727825,{}
3,A,P99 HTTP Latency Panel (Java vs Go),java_order,java,order,inventory-java:8082,inventory-java:8082,2026-06-23 17:19:24,2026-06-23T11:49:24Z,1782215364,ramp_3,1170.0,0.001772092749999997,{}
3,A,P99 HTTP Latency Panel (Java vs Go),java_order,java,order,order-java:8083,order-java:8083,2026-06-23 17:19:24,2026-06-23T11:49:24Z,1782215364,ramp_3,1170.0,13.376744914943552,{}
3,A,P99 HTTP Latency Panel (Java vs Go),java_order,java,order,warehouse-java-twin:9084,warehouse-java-twin:9084,2026-06-23 17:19:24,2026-06-23T11:49:24Z,1782215364,ramp_3,1170.0,0.00278851145,{}
3,A,P99 HTTP Latency Panel (Java vs Go),java_order,java,order,inventory-java:8082,inventory-java:8082,2026-06-23 17:19:39,2026-06-23T11:49:39Z,1782215379,ramp_3,1185.0,0.0018192786249999848,{}
3,A,P99 HTTP Latency Panel (Java vs Go),java_order,java,order,order-java:8083,order-java:8083,2026-06-23 17:19:39,2026-06-23T11:49:39Z,1782215379,ramp_3,1185.0,13.282532729117749,{}
3,A,P99 HTTP Latency Panel (Java vs Go),java_order,java,order,warehouse-java-twin:9084,warehouse-java-twin:9084,2026-06-23 17:19:39,2026-06-23T11:49:39Z,1782215379,ramp_3,1185.0,0.00345680325,{}
3,A,P99 HTTP Latency Panel (Java vs Go),java_order,java,order,inventory-java:8082,inventory-java:8082,2026-06-23 17:19:54,2026-06-23T11:49:54Z,1782215394,sustain,1200.0,0.0010247737600000042,{}
3,A,P99 HTTP Latency Panel (Java vs Go),java_order,java,order,order-java:8083,order-java:8083,2026-06-23 17:19:54,2026-06-23T11:49:54Z,1782215394,sustain,1200.0,13.3328715931129,{}
3,A,P99 HTTP Latency Panel (Java vs Go),java_order,java,order,warehouse-java-twin:9084,warehouse-java-twin:9084,2026-06-23 17:19:54,2026-06-23T11:49:54Z,1782215394,sustain,1200.0,0.00345680325,{}
3,A,P99 HTTP Latency Panel (Java vs Go),java_order,java,order,inventory-java:8082,inventory-java:8082,2026-06-23 17:20:09,2026-06-23T11:50:09Z,1782215409,sustain,1215.0,0.0011173159166666569,{}
3,A,P99 HTTP Latency Panel (Java vs Go),java_order,java,order,order-java:8083,order-java:8083,2026-06-23 17:20:09,2026-06-23T11:50:09Z,1782215409,sustain,1215.0,13.167076619037099,{}
3,A,P99 HTTP Latency Panel (Java vs Go),java_order,java,order,warehouse-java-twin:9084,warehouse-java-twin:9084,2026-06-23 17:20:09,2026-06-23T11:50:09Z,1782215409,sustain,1215.0,0.00345680325,{}
3,A,P99 HTTP Latency Panel (Java vs Go),java_order,java,order,inventory-java:8082,inventory-java:8082,2026-06-23 17:20:24,2026-06-23T11:50:24Z,1782215424,sustain,1230.0,0.0009993276231263382,{}
3,A,P99 HTTP Latency Panel (Java vs Go),java_order,java,order,order-java:8083,order-java:8083,2026-06-23 17:20:24,2026-06-23T11:50:24Z,1782215424,sustain,1230.0,11.357647095508728,{}
3,A,P99 HTTP Latency Panel (Java vs Go),java_order,java,order,warehouse-java-twin:9084,warehouse-java-twin:9084,2026-06-23 17:20:24,2026-06-23T11:50:24Z,1782215424,sustain,1230.0,0.00345680325,{}
3,A,P99 HTTP Latency Panel (Java vs Go),java_order,java,order,inventory-java:8082,inventory-java:8082,2026-06-23 17:20:39,2026-06-23T11:50:39Z,1782215439,sustain,1245.0,0.0010922666249999957,{}
3,A,P99 HTTP Latency Panel (Java vs Go),java_order,java,order,order-java:8083,order-java:8083,2026-06-23 17:20:39,2026-06-23T11:50:39Z,1782215439,sustain,1245.0,12.257134339233957,{}
3,A,P99 HTTP Latency Panel (Java vs Go),java_order,java,order,warehouse-java-twin:9084,warehouse-java-twin:9084,2026-06-23 17:20:39,2026-06-23T11:50:39Z,1782215439,sustain,1245.0,0.0031329100833333333,{}
3,A,P99 HTTP Latency Panel (Java vs Go),java_order,java,order,inventory-java:8082,inventory-java:8082,2026-06-23 17:20:54,2026-06-23T11:50:54Z,1782215454,sustain,1260.0,0.0015824754375000291,{}
3,A,P99 HTTP Latency Panel (Java vs Go),java_order,java,order,order-java:8083,order-java:8083,2026-06-23 17:20:54,2026-06-23T11:50:54Z,1782215454,sustain,1260.0,12.245519018876411,{}
3,A,P99 HTTP Latency Panel (Java vs Go),java_order,java,order,warehouse-java-twin:9084,warehouse-java-twin:9084,2026-06-23 17:20:54,2026-06-23T11:50:54Z,1782215454,sustain,1260.0,0.00683671489,{}
3,A,P99 HTTP Latency Panel (Java vs Go),java_order,java,order,inventory-java:8082,inventory-java:8082,2026-06-23 17:21:09,2026-06-23T11:51:09Z,1782215469,sustain,1275.0,0.0016794686250000326,{}
3,A,P99 HTTP Latency Panel (Java vs Go),java_order,java,order,order-java:8083,order-java:8083,2026-06-23 17:21:09,2026-06-23T11:51:09Z,1782215469,sustain,1275.0,12.63310533007939,{}
3,A,P99 HTTP Latency Panel (Java vs Go),java_order,java,order,warehouse-java-twin:9084,warehouse-java-twin:9084,2026-06-23 17:21:09,2026-06-23T11:51:09Z,1782215469,sustain,1275.0,0.00683671489,{}
3,A,P99 HTTP Latency Panel (Java vs Go),java_order,java,order,inventory-java:8082,inventory-java:8082,2026-06-23 17:21:24,2026-06-23T11:51:24Z,1782215484,sustain,1290.0,0.0020656937500000004,{}
3,A,P99 HTTP Latency Panel (Java vs Go),java_order,java,order,order-java:8083,order-java:8083,2026-06-23 17:21:24,2026-06-23T11:51:24Z,1782215484,sustain,1290.0,12.631684602984352,{}
3,A,P99 HTTP Latency Panel (Java vs Go),java_order,java,order,warehouse-java-twin:9084,warehouse-java-twin:9084,2026-06-23 17:21:24,2026-06-23T11:51:24Z,1782215484,sustain,1290.0,0.00683671489,{}
3,A,P99 HTTP Latency Panel (Java vs Go),java_order,java,order,inventory-java:8082,inventory-java:8082,2026-06-23 17:21:39,2026-06-23T11:51:39Z,1782215499,sustain,1305.0,0.0018614712857142842,{}
3,A,P99 HTTP Latency Panel (Java vs Go),java_order,java,order,order-java:8083,order-java:8083,2026-06-23 17:21:39,2026-06-23T11:51:39Z,1782215499,sustain,1305.0,12.55275774852,{}
3,A,P99 HTTP Latency Panel (Java vs Go),java_order,java,order,warehouse-java-twin:9084,warehouse-java-twin:9084,2026-06-23 17:21:39,2026-06-23T11:51:39Z,1782215499,sustain,1305.0,0.00683671489,{}
3,A,P99 HTTP Latency Panel (Java vs Go),java_order,java,order,inventory-java:8082,inventory-java:8082,2026-06-23 17:21:54,2026-06-23T11:51:54Z,1782215514,sustain,1320.0,0.0019660791250000055,{}
3,A,P99 HTTP Latency Panel (Java vs Go),java_order,java,order,order-java:8083,order-java:8083,2026-06-23 17:21:54,2026-06-23T11:51:54Z,1782215514,sustain,1320.0,12.883001457993359,{}
3,A,P99 HTTP Latency Panel (Java vs Go),java_order,java,order,warehouse-java-twin:9084,warehouse-java-twin:9084,2026-06-23 17:21:54,2026-06-23T11:51:54Z,1782215514,sustain,1320.0,0.0031361140625,{}
3,A,P99 HTTP Latency Panel (Java vs Go),java_order,java,order,inventory-java:8082,inventory-java:8082,2026-06-23 17:22:09,2026-06-23T11:52:09Z,1782215529,sustain,1335.0,0.0018489882500000304,{}
3,A,P99 HTTP Latency Panel (Java vs Go),java_order,java,order,order-java:8083,order-java:8083,2026-06-23 17:22:09,2026-06-23T11:52:09Z,1782215529,sustain,1335.0,12.843997435571433,{}
3,A,P99 HTTP Latency Panel (Java vs Go),java_order,java,order,warehouse-java-twin:9084,warehouse-java-twin:9084,2026-06-23 17:22:09,2026-06-23T11:52:09Z,1782215529,sustain,1335.0,0.0031361140625,{}
3,A,P99 HTTP Latency Panel (Java vs Go),java_order,java,order,inventory-java:8082,inventory-java:8082,2026-06-23 17:22:24,2026-06-23T11:52:24Z,1782215544,sustain,1350.0,0.0013254497321428605,{}
3,A,P99 HTTP Latency Panel (Java vs Go),java_order,java,order,order-java:8083,order-java:8083,2026-06-23 17:22:24,2026-06-23T11:52:24Z,1782215544,sustain,1350.0,12.814137186758582,{}
3,A,P99 HTTP Latency Panel (Java vs Go),java_order,java,order,warehouse-java-twin:9084,warehouse-java-twin:9084,2026-06-23 17:22:24,2026-06-23T11:52:24Z,1782215544,sustain,1350.0,0.003139318041666667,{}
3,A,P99 HTTP Latency Panel (Java vs Go),java_order,java,order,inventory-java:8082,inventory-java:8082,2026-06-23 17:22:39,2026-06-23T11:52:39Z,1782215559,sustain,1365.0,0.0014278106250000529,{}
3,A,P99 HTTP Latency Panel (Java vs Go),java_order,java,order,order-java:8083,order-java:8083,2026-06-23 17:22:39,2026-06-23T11:52:39Z,1782215559,sustain,1365.0,12.872374898056247,{}
3,A,P99 HTTP Latency Panel (Java vs Go),java_order,java,order,warehouse-java-twin:9084,warehouse-java-twin:9084,2026-06-23 17:22:39,2026-06-23T11:52:39Z,1782215559,sustain,1365.0,0.0031380364500000002,{}
3,A,P99 HTTP Latency Panel (Java vs Go),java_order,java,order,inventory-java:8082,inventory-java:8082,2026-06-23 17:22:54,2026-06-23T11:52:54Z,1782215574,sustain,1380.0,0.0019127765624999942,{}
3,A,P99 HTTP Latency Panel (Java vs Go),java_order,java,order,order-java:8083,order-java:8083,2026-06-23 17:22:54,2026-06-23T11:52:54Z,1782215574,sustain,1380.0,11.374686067872299,{}
3,A,P99 HTTP Latency Panel (Java vs Go),java_order,java,order,warehouse-java-twin:9084,warehouse-java-twin:9084,2026-06-23 17:22:54,2026-06-23T11:52:54Z,1782215574,sustain,1380.0,0.0031329100833333333,{}
3,A,P99 HTTP Latency Panel (Java vs Go),java_order,java,order,inventory-java:8082,inventory-java:8082,2026-06-23 17:23:09,2026-06-23T11:53:09Z,1782215589,sustain,1395.0,0.001852483499999959,{}
3,A,P99 HTTP Latency Panel (Java vs Go),java_order,java,order,order-java:8083,order-java:8083,2026-06-23 17:23:09,2026-06-23T11:53:09Z,1782215589,sustain,1395.0,11.392194134000931,{}
3,A,P99 HTTP Latency Panel (Java vs Go),java_order,java,order,warehouse-java-twin:9084,warehouse-java-twin:9084,2026-06-23 17:23:09,2026-06-23T11:53:09Z,1782215589,sustain,1395.0,0.003126502125,{}
3,A,P99 HTTP Latency Panel (Java vs Go),java_order,java,order,inventory-java:8082,inventory-java:8082,2026-06-23 17:23:24,2026-06-23T11:53:24Z,1782215604,sustain,1410.0,0.0017860737500000013,{}
3,A,P99 HTTP Latency Panel (Java vs Go),java_order,java,order,order-java:8083,order-java:8083,2026-06-23 17:23:24,2026-06-23T11:53:24Z,1782215604,sustain,1410.0,12.4267720412,{}
3,A,P99 HTTP Latency Panel (Java vs Go),java_order,java,order,warehouse-java-twin:9084,warehouse-java-twin:9084,2026-06-23 17:23:24,2026-06-23T11:53:24Z,1782215604,sustain,1410.0,0.00278851145,{}
3,A,P99 HTTP Latency Panel (Java vs Go),java_order,java,order,inventory-java:8082,inventory-java:8082,2026-06-23 17:23:39,2026-06-23T11:53:39Z,1782215619,sustain,1425.0,0.0016357780000000063,{}
3,A,P99 HTTP Latency Panel (Java vs Go),java_order,java,order,order-java:8083,order-java:8083,2026-06-23 17:23:39,2026-06-23T11:53:39Z,1782215619,sustain,1425.0,12.549258145538886,{}
3,A,P99 HTTP Latency Panel (Java vs Go),java_order,java,order,warehouse-java-twin:9084,warehouse-java-twin:9084,2026-06-23 17:23:39,2026-06-23T11:53:39Z,1782215619,sustain,1425.0,0.0027897930416666667,{}
3,A,P99 HTTP Latency Panel (Java vs Go),java_order,java,order,inventory-java:8082,inventory-java:8082,2026-06-23 17:23:54,2026-06-23T11:53:54Z,1782215634,sustain,1440.0,0.0014394614583333118,{}
3,A,P99 HTTP Latency Panel (Java vs Go),java_order,java,order,order-java:8083,order-java:8083,2026-06-23 17:23:54,2026-06-23T11:53:54Z,1782215634,sustain,1440.0,13.16487012448892,{}
3,A,P99 HTTP Latency Panel (Java vs Go),java_order,java,order,warehouse-java-twin:9084,warehouse-java-twin:9084,2026-06-23 17:23:54,2026-06-23T11:53:54Z,1782215634,sustain,1440.0,0.00278851145,{}
3,A,P99 HTTP Latency Panel (Java vs Go),java_order,java,order,inventory-java:8082,inventory-java:8082,2026-06-23 17:24:09,2026-06-23T11:54:09Z,1782215649,sustain,1455.0,0.0014984646071428767,{}
3,A,P99 HTTP Latency Panel (Java vs Go),java_order,java,order,order-java:8083,order-java:8083,2026-06-23 17:24:09,2026-06-23T11:54:09Z,1782215649,sustain,1455.0,12.883490394400704,{}
3,A,P99 HTTP Latency Panel (Java vs Go),java_order,java,order,warehouse-java-twin:9084,warehouse-java-twin:9084,2026-06-23 17:24:09,2026-06-23T11:54:09Z,1782215649,sustain,1455.0,0.00310727825,{}
3,A,P99 HTTP Latency Panel (Java vs Go),java_order,java,order,inventory-java:8082,inventory-java:8082,2026-06-23 17:24:24,2026-06-23T11:54:24Z,1782215664,sustain,1470.0,0.001629224406250012,{}
3,A,P99 HTTP Latency Panel (Java vs Go),java_order,java,order,order-java:8083,order-java:8083,2026-06-23 17:24:24,2026-06-23T11:54:24Z,1782215664,sustain,1470.0,13.064654220938898,{}
3,A,P99 HTTP Latency Panel (Java vs Go),java_order,java,order,warehouse-java-twin:9084,warehouse-java-twin:9084,2026-06-23 17:24:24,2026-06-23T11:54:24Z,1782215664,sustain,1470.0,0.003126502125,{}
3,A,P99 HTTP Latency Panel (Java vs Go),java_order,java,order,inventory-java:8082,inventory-java:8082,2026-06-23 17:24:39,2026-06-23T11:54:39Z,1782215679,sustain,1485.0,0.0014025948928571659,{}
3,A,P99 HTTP Latency Panel (Java vs Go),java_order,java,order,order-java:8083,order-java:8083,2026-06-23 17:24:39,2026-06-23T11:54:39Z,1782215679,sustain,1485.0,12.65647325505111,{}
3,A,P99 HTTP Latency Panel (Java vs Go),java_order,java,order,warehouse-java-twin:9084,warehouse-java-twin:9084,2026-06-23 17:24:39,2026-06-23T11:54:39Z,1782215679,sustain,1485.0,0.003126502125,{}
3,A,P99 HTTP Latency Panel (Java vs Go),java_order,java,order,inventory-java:8082,inventory-java:8082,2026-06-23 17:24:54,2026-06-23T11:54:54Z,1782215694,sustain,1500.0,0.0014959680000000049,{}
3,A,P99 HTTP Latency Panel (Java vs Go),java_order,java,order,order-java:8083,order-java:8083,2026-06-23 17:24:54,2026-06-23T11:54:54Z,1782215694,sustain,1500.0,12.7009076080537,{}
3,A,P99 HTTP Latency Panel (Java vs Go),java_order,java,order,warehouse-java-twin:9084,warehouse-java-twin:9084,2026-06-23 17:24:54,2026-06-23T11:54:54Z,1782215694,sustain,1500.0,0.003126502125,{}
3,A,P99 HTTP Latency Panel (Java vs Go),java_order,java,order,inventory-java:8082,inventory-java:8082,2026-06-23 17:25:09,2026-06-23T11:55:09Z,1782215709,sustain,1515.0,0.0013771294999999897,{}
3,A,P99 HTTP Latency Panel (Java vs Go),java_order,java,order,order-java:8083,order-java:8083,2026-06-23 17:25:09,2026-06-23T11:55:09Z,1782215709,sustain,1515.0,12.705467696786666,{}
3,A,P99 HTTP Latency Panel (Java vs Go),java_order,java,order,warehouse-java-twin:9084,warehouse-java-twin:9084,2026-06-23 17:25:09,2026-06-23T11:55:09Z,1782215709,sustain,1515.0,0.0031329100833333333,{}
3,A,P99 HTTP Latency Panel (Java vs Go),java_order,java,order,inventory-java:8082,inventory-java:8082,2026-06-23 17:25:24,2026-06-23T11:55:24Z,1782215724,sustain,1530.0,0.0013435751000000018,{}
3,A,P99 HTTP Latency Panel (Java vs Go),java_order,java,order,order-java:8083,order-java:8083,2026-06-23 17:25:24,2026-06-23T11:55:24Z,1782215724,sustain,1530.0,11.336117392868653,{}
3,A,P99 HTTP Latency Panel (Java vs Go),java_order,java,order,warehouse-java-twin:9084,warehouse-java-twin:9084,2026-06-23 17:25:24,2026-06-23T11:55:24Z,1782215724,sustain,1530.0,0.003126502125,{}
3,A,P99 HTTP Latency Panel (Java vs Go),java_order,java,order,inventory-java:8082,inventory-java:8082,2026-06-23 17:25:39,2026-06-23T11:55:39Z,1782215739,sustain,1545.0,0.001296738750000015,{}
3,A,P99 HTTP Latency Panel (Java vs Go),java_order,java,order,order-java:8083,order-java:8083,2026-06-23 17:25:39,2026-06-23T11:55:39Z,1782215739,sustain,1545.0,11.36705544979898,{}
3,A,P99 HTTP Latency Panel (Java vs Go),java_order,java,order,warehouse-java-twin:9084,warehouse-java-twin:9084,2026-06-23 17:25:39,2026-06-23T11:55:39Z,1782215739,sustain,1545.0,0.003126502125,{}
3,A,P99 HTTP Latency Panel (Java vs Go),java_order,java,order,inventory-java:8082,inventory-java:8082,2026-06-23 17:25:54,2026-06-23T11:55:54Z,1782215754,sustain,1560.0,0.0013674204722222288,{}
3,A,P99 HTTP Latency Panel (Java vs Go),java_order,java,order,order-java:8083,order-java:8083,2026-06-23 17:25:54,2026-06-23T11:55:54Z,1782215754,sustain,1560.0,12.508006441348874,{}
3,A,P99 HTTP Latency Panel (Java vs Go),java_order,java,order,warehouse-java-twin:9084,warehouse-java-twin:9084,2026-06-23 17:25:54,2026-06-23T11:55:54Z,1782215754,sustain,1560.0,0.00345680325,{}
3,A,P99 HTTP Latency Panel (Java vs Go),java_order,java,order,inventory-java:8082,inventory-java:8082,2026-06-23 17:26:09,2026-06-23T11:56:09Z,1782215769,sustain,1575.0,0.001320570000000008,{}
3,A,P99 HTTP Latency Panel (Java vs Go),java_order,java,order,order-java:8083,order-java:8083,2026-06-23 17:26:09,2026-06-23T11:56:09Z,1782215769,sustain,1575.0,12.492724722508989,{}
3,A,P99 HTTP Latency Panel (Java vs Go),java_order,java,order,warehouse-java-twin:9084,warehouse-java-twin:9084,2026-06-23 17:26:09,2026-06-23T11:56:09Z,1782215769,sustain,1575.0,0.0034568032499999995,{}
3,A,P99 HTTP Latency Panel (Java vs Go),java_order,java,order,inventory-java:8082,inventory-java:8082,2026-06-23 17:26:24,2026-06-23T11:56:24Z,1782215784,sustain,1590.0,0.0013443279230769287,{}
3,A,P99 HTTP Latency Panel (Java vs Go),java_order,java,order,order-java:8083,order-java:8083,2026-06-23 17:26:24,2026-06-23T11:56:24Z,1782215784,sustain,1590.0,12.49901306198563,{}
3,A,P99 HTTP Latency Panel (Java vs Go),java_order,java,order,warehouse-java-twin:9084,warehouse-java-twin:9084,2026-06-23 17:26:24,2026-06-23T11:56:24Z,1782215784,sustain,1590.0,0.00345680325,{}
3,A,P99 HTTP Latency Panel (Java vs Go),java_order,java,order,inventory-java:8082,inventory-java:8082,2026-06-23 17:26:39,2026-06-23T11:56:39Z,1782215799,sustain,1605.0,0.0013611512142857113,{}
3,A,P99 HTTP Latency Panel (Java vs Go),java_order,java,order,order-java:8083,order-java:8083,2026-06-23 17:26:39,2026-06-23T11:56:39Z,1782215799,sustain,1605.0,13.151803425046426,{}
3,A,P99 HTTP Latency Panel (Java vs Go),java_order,java,order,warehouse-java-twin:9084,warehouse-java-twin:9084,2026-06-23 17:26:39,2026-06-23T11:56:39Z,1782215799,sustain,1605.0,0.003126502125,{}
3,A,P99 HTTP Latency Panel (Java vs Go),java_order,java,order,inventory-java:8082,inventory-java:8082,2026-06-23 17:26:54,2026-06-23T11:56:54Z,1782215814,sustain,1620.0,0.0013379327678571516,{}
3,A,P99 HTTP Latency Panel (Java vs Go),java_order,java,order,order-java:8083,order-java:8083,2026-06-23 17:26:54,2026-06-23T11:56:54Z,1782215814,sustain,1620.0,13.068971912928582,{}
3,A,P99 HTTP Latency Panel (Java vs Go),java_order,java,order,warehouse-java-twin:9084,warehouse-java-twin:9084,2026-06-23 17:26:54,2026-06-23T11:56:54Z,1782215814,sustain,1620.0,0.0038063282499999993,{}
3,A,P99 HTTP Latency Panel (Java vs Go),java_order,java,order,inventory-java:8082,inventory-java:8082,2026-06-23 17:27:09,2026-06-23T11:57:09Z,1782215829,sustain,1635.0,0.0017010226666666637,{}
3,A,P99 HTTP Latency Panel (Java vs Go),java_order,java,order,order-java:8083,order-java:8083,2026-06-23 17:27:09,2026-06-23T11:57:09Z,1782215829,sustain,1635.0,13.225043548787916,{}
3,A,P99 HTTP Latency Panel (Java vs Go),java_order,java,order,warehouse-java-twin:9084,warehouse-java-twin:9084,2026-06-23 17:27:09,2026-06-23T11:57:09Z,1782215829,sustain,1635.0,0.0038063282499999998,{}
3,A,P99 HTTP Latency Panel (Java vs Go),java_order,java,order,inventory-java:8082,inventory-java:8082,2026-06-23 17:27:24,2026-06-23T11:57:24Z,1782215844,sustain,1650.0,0.0017785839285714437,{}
3,A,P99 HTTP Latency Panel (Java vs Go),java_order,java,order,order-java:8083,order-java:8083,2026-06-23 17:27:24,2026-06-23T11:57:24Z,1782215844,sustain,1650.0,13.107055366775844,{}
3,A,P99 HTTP Latency Panel (Java vs Go),java_order,java,order,warehouse-java-twin:9084,warehouse-java-twin:9084,2026-06-23 17:27:24,2026-06-23T11:57:24Z,1782215844,sustain,1650.0,0.0038063282499999998,{}
3,A,P99 HTTP Latency Panel (Java vs Go),java_order,java,order,inventory-java:8082,inventory-java:8082,2026-06-23 17:27:39,2026-06-23T11:57:39Z,1782215859,sustain,1665.0,0.0018091423999999961,{}
3,A,P99 HTTP Latency Panel (Java vs Go),java_order,java,order,order-java:8083,order-java:8083,2026-06-23 17:27:39,2026-06-23T11:57:39Z,1782215859,sustain,1665.0,12.525640504029992,{}
3,A,P99 HTTP Latency Panel (Java vs Go),java_order,java,order,warehouse-java-twin:9084,warehouse-java-twin:9084,2026-06-23 17:27:39,2026-06-23T11:57:39Z,1782215859,sustain,1665.0,0.003126502125,{}
3,A,P99 HTTP Latency Panel (Java vs Go),java_order,java,order,inventory-java:8082,inventory-java:8082,2026-06-23 17:27:54,2026-06-23T11:57:54Z,1782215874,sustain,1680.0,0.0018920963333333336,{}
3,A,P99 HTTP Latency Panel (Java vs Go),java_order,java,order,order-java:8083,order-java:8083,2026-06-23 17:27:54,2026-06-23T11:57:54Z,1782215874,sustain,1680.0,12.525135213759993,{}
3,A,P99 HTTP Latency Panel (Java vs Go),java_order,java,order,warehouse-java-twin:9084,warehouse-java-twin:9084,2026-06-23 17:27:54,2026-06-23T11:57:54Z,1782215874,sustain,1680.0,0.0034568032499999995,{}
3,A,P99 HTTP Latency Panel (Java vs Go),java_order,java,order,inventory-java:8082,inventory-java:8082,2026-06-23 17:28:09,2026-06-23T11:58:09Z,1782215889,sustain,1695.0,0.0015536396250000206,{}
3,A,P99 HTTP Latency Panel (Java vs Go),java_order,java,order,order-java:8083,order-java:8083,2026-06-23 17:28:09,2026-06-23T11:58:09Z,1782215889,sustain,1695.0,12.509841369890113,{}
3,A,P99 HTTP Latency Panel (Java vs Go),java_order,java,order,warehouse-java-twin:9084,warehouse-java-twin:9084,2026-06-23 17:28:09,2026-06-23T11:58:09Z,1782215889,sustain,1695.0,0.0038063282499999998,{}
3,A,P99 HTTP Latency Panel (Java vs Go),java_order,java,order,inventory-java:8082,inventory-java:8082,2026-06-23 17:28:24,2026-06-23T11:58:24Z,1782215904,sustain,1710.0,0.0015872328611111184,{}
3,A,P99 HTTP Latency Panel (Java vs Go),java_order,java,order,order-java:8083,order-java:8083,2026-06-23 17:28:24,2026-06-23T11:58:24Z,1782215904,sustain,1710.0,11.403573890544783,{}
3,A,P99 HTTP Latency Panel (Java vs Go),java_order,java,order,warehouse-java-twin:9084,warehouse-java-twin:9084,2026-06-23 17:28:24,2026-06-23T11:58:24Z,1782215904,sustain,1710.0,0.0038063282499999998,{}
3,A,P99 HTTP Latency Panel (Java vs Go),java_order,java,order,inventory-java:8082,inventory-java:8082,2026-06-23 17:28:39,2026-06-23T11:58:39Z,1782215919,sustain,1725.0,0.0019720210500000146,{}
3,A,P99 HTTP Latency Panel (Java vs Go),java_order,java,order,order-java:8083,order-java:8083,2026-06-23 17:28:39,2026-06-23T11:58:39Z,1782215919,sustain,1725.0,11.373603072410857,{}
3,A,P99 HTTP Latency Panel (Java vs Go),java_order,java,order,warehouse-java-twin:9084,warehouse-java-twin:9084,2026-06-23 17:28:39,2026-06-23T11:58:39Z,1782215919,sustain,1725.0,0.0038063282499999998,{}
3,A,P99 HTTP Latency Panel (Java vs Go),java_order,java,order,inventory-java:8082,inventory-java:8082,2026-06-23 17:28:54,2026-06-23T11:58:54Z,1782215934,sustain,1740.0,0.0019724870833333465,{}
3,A,P99 HTTP Latency Panel (Java vs Go),java_order,java,order,order-java:8083,order-java:8083,2026-06-23 17:28:54,2026-06-23T11:58:54Z,1782215934,sustain,1740.0,11.373878467184351,{}
3,A,P99 HTTP Latency Panel (Java vs Go),java_order,java,order,warehouse-java-twin:9084,warehouse-java-twin:9084,2026-06-23 17:28:54,2026-06-23T11:58:54Z,1782215934,sustain,1740.0,0.00310727825,{}
3,A,P99 HTTP Latency Panel (Java vs Go),java_order,java,order,inventory-java:8082,inventory-java:8082,2026-06-23 17:29:09,2026-06-23T11:59:09Z,1782215949,sustain,1755.0,0.001801802375000067,{}
3,A,P99 HTTP Latency Panel (Java vs Go),java_order,java,order,order-java:8083,order-java:8083,2026-06-23 17:29:09,2026-06-23T11:59:09Z,1782215949,sustain,1755.0,11.3694942587475,{}
3,A,P99 HTTP Latency Panel (Java vs Go),java_order,java,order,warehouse-java-twin:9084,warehouse-java-twin:9084,2026-06-23 17:29:09,2026-06-23T11:59:09Z,1782215949,sustain,1755.0,0.00310727825,{}
3,A,P99 HTTP Latency Panel (Java vs Go),java_order,java,order,inventory-java:8082,inventory-java:8082,2026-06-23 17:29:24,2026-06-23T11:59:24Z,1782215964,sustain,1770.0,0.0016217970000000086,{}
3,A,P99 HTTP Latency Panel (Java vs Go),java_order,java,order,order-java:8083,order-java:8083,2026-06-23 17:29:24,2026-06-23T11:59:24Z,1782215964,sustain,1770.0,11.379026950338927,{}
3,A,P99 HTTP Latency Panel (Java vs Go),java_order,java,order,warehouse-java-twin:9084,warehouse-java-twin:9084,2026-06-23 17:29:24,2026-06-23T11:59:24Z,1782215964,sustain,1770.0,0.00310727825,{}
3,A,P99 HTTP Latency Panel (Java vs Go),java_order,java,order,inventory-java:8082,inventory-java:8082,2026-06-23 17:29:39,2026-06-23T11:59:39Z,1782215979,sustain,1785.0,0.0012922448571428581,{}
3,A,P99 HTTP Latency Panel (Java vs Go),java_order,java,order,order-java:8083,order-java:8083,2026-06-23 17:29:39,2026-06-23T11:59:39Z,1782215979,sustain,1785.0,11.379670308483178,{}
3,A,P99 HTTP Latency Panel (Java vs Go),java_order,java,order,warehouse-java-twin:9084,warehouse-java-twin:9084,2026-06-23 17:29:39,2026-06-23T11:59:39Z,1782215979,sustain,1785.0,0.0027865890625,{}
3,A,P99 HTTP Latency Panel (Java vs Go),java_order,java,order,inventory-java:8082,inventory-java:8082,2026-06-23 17:29:54,2026-06-23T11:59:54Z,1782215994,cooldown,1800.0,0.001165666874999998,{}
3,A,P99 HTTP Latency Panel (Java vs Go),java_order,java,order,order-java:8083,order-java:8083,2026-06-23 17:29:54,2026-06-23T11:59:54Z,1782215994,cooldown,1800.0,11.406038909663888,{}
3,A,P99 HTTP Latency Panel (Java vs Go),java_order,java,order,warehouse-java-twin:9084,warehouse-java-twin:9084,2026-06-23 17:29:54,2026-06-23T11:59:54Z,1782215994,cooldown,1800.0,0.002783385083333333,{}
3,A,P99 HTTP Latency Panel (Java vs Go),java_order,java,order,inventory-java:8082,inventory-java:8082,2026-06-23 17:30:09,2026-06-23T12:00:09Z,1782216009,cooldown,1815.0,0.0010870237500000058,{}
3,A,P99 HTTP Latency Panel (Java vs Go),java_order,java,order,order-java:8083,order-java:8083,2026-06-23 17:30:09,2026-06-23T12:00:09Z,1782216009,cooldown,1815.0,11.389156110585514,{}
3,A,P99 HTTP Latency Panel (Java vs Go),java_order,java,order,warehouse-java-twin:9084,warehouse-java-twin:9084,2026-06-23 17:30:09,2026-06-23T12:00:09Z,1782216009,cooldown,1815.0,0.00415585592,{}
3,A,P99 HTTP Latency Panel (Java vs Go),java_order,java,order,inventory-java:8082,inventory-java:8082,2026-06-23 17:30:24,2026-06-23T12:00:24Z,1782216024,cooldown,1830.0,0.0016975274166666759,{}
3,A,P99 HTTP Latency Panel (Java vs Go),java_order,java,order,order-java:8083,order-java:8083,2026-06-23 17:30:24,2026-06-23T12:00:24Z,1782216024,cooldown,1830.0,11.334270590184483,{}
3,A,P99 HTTP Latency Panel (Java vs Go),java_order,java,order,warehouse-java-twin:9084,warehouse-java-twin:9084,2026-06-23 17:30:24,2026-06-23T12:00:24Z,1782216024,cooldown,1830.0,0.00415585592,{}
3,A,P99 HTTP Latency Panel (Java vs Go),java_order,java,order,inventory-java:8082,inventory-java:8082,2026-06-23 17:30:39,2026-06-23T12:00:39Z,1782216039,cooldown,1845.0,0.0016625749166667078,{}
3,A,P99 HTTP Latency Panel (Java vs Go),java_order,java,order,order-java:8083,order-java:8083,2026-06-23 17:30:39,2026-06-23T12:00:39Z,1782216039,cooldown,1845.0,11.323762377919211,{}
3,A,P99 HTTP Latency Panel (Java vs Go),java_order,java,order,warehouse-java-twin:9084,warehouse-java-twin:9084,2026-06-23 17:30:39,2026-06-23T12:00:39Z,1782216039,cooldown,1845.0,0.00415585592,{}
3,A,P99 HTTP Latency Panel (Java vs Go),java_order,java,order,inventory-java:8082,inventory-java:8082,2026-06-23 17:30:54,2026-06-23T12:00:54Z,1782216054,cooldown,1860.0,0.0022011346874999875,{}
3,A,P99 HTTP Latency Panel (Java vs Go),java_order,java,order,order-java:8083,order-java:8083,2026-06-23 17:30:54,2026-06-23T12:00:54Z,1782216054,cooldown,1860.0,10.648556846189646,{}
3,A,P99 HTTP Latency Panel (Java vs Go),java_order,java,order,warehouse-java-twin:9084,warehouse-java-twin:9084,2026-06-23 17:30:54,2026-06-23T12:00:54Z,1782216054,cooldown,1860.0,0.00310727825,{}
3,A,P99 HTTP Latency Panel (Java vs Go),java_order,java,order,inventory-java:8082,inventory-java:8082,2026-06-23 17:31:09,2026-06-23T12:01:09Z,1782216069,cooldown,1875.0,0.0019818077499999956,{}
3,A,P99 HTTP Latency Panel (Java vs Go),java_order,java,order,order-java:8083,order-java:8083,2026-06-23 17:31:09,2026-06-23T12:01:09Z,1782216069,cooldown,1875.0,11.097977630620111,{}
3,A,P99 HTTP Latency Panel (Java vs Go),java_order,java,order,warehouse-java-twin:9084,warehouse-java-twin:9084,2026-06-23 17:31:09,2026-06-23T12:01:09Z,1782216069,cooldown,1875.0,0.0034568032499999995,{}
3,A,P99 HTTP Latency Panel (Java vs Go),java_order,java,order,inventory-java:8082,inventory-java:8082,2026-06-23 17:31:24,2026-06-23T12:01:24Z,1782216084,cooldown,1890.0,0.0018606390833333303,{}
3,A,P99 HTTP Latency Panel (Java vs Go),java_order,java,order,order-java:8083,order-java:8083,2026-06-23 17:31:24,2026-06-23T12:01:24Z,1782216084,cooldown,1890.0,11.126225804152629,{}
3,A,P99 HTTP Latency Panel (Java vs Go),java_order,java,order,warehouse-java-twin:9084,warehouse-java-twin:9084,2026-06-23 17:31:24,2026-06-23T12:01:24Z,1782216084,cooldown,1890.0,0.00345680325,{}
3,A,P99 HTTP Latency Panel (Java vs Go),java_order,java,order,inventory-java:8082,inventory-java:8082,2026-06-23 17:31:39,2026-06-23T12:01:39Z,1782216099,cooldown,1905.0,0.00167387622499999,{}
3,A,P99 HTTP Latency Panel (Java vs Go),java_order,java,order,order-java:8083,order-java:8083,2026-06-23 17:31:39,2026-06-23T12:01:39Z,1782216099,cooldown,1905.0,11.12853440919362,{}
3,A,P99 HTTP Latency Panel (Java vs Go),java_order,java,order,warehouse-java-twin:9084,warehouse-java-twin:9084,2026-06-23 17:31:39,2026-06-23T12:01:39Z,1782216099,cooldown,1905.0,0.00345680325,{}
3,A,P99 HTTP Latency Panel (Java vs Go),java_order,java,order,inventory-java:8082,inventory-java:8082,2026-06-23 17:31:54,2026-06-23T12:01:54Z,1782216114,cooldown,1920.0,0.0015961651666666834,{}
3,A,P99 HTTP Latency Panel (Java vs Go),java_order,java,order,order-java:8083,order-java:8083,2026-06-23 17:31:54,2026-06-23T12:01:54Z,1782216114,cooldown,1920.0,9.653535519747912,{}
3,A,P99 HTTP Latency Panel (Java vs Go),java_order,java,order,warehouse-java-twin:9084,warehouse-java-twin:9084,2026-06-23 17:31:54,2026-06-23T12:01:54Z,1782216114,cooldown,1920.0,0.00345680325,{}
3,A,P99 HTTP Latency Panel (Java vs Go),java_order,java,order,inventory-java:8082,inventory-java:8082,2026-06-23 17:32:09,2026-06-23T12:02:09Z,1782216129,cooldown,1935.0,0.0016785948125000128,{}
3,A,P99 HTTP Latency Panel (Java vs Go),java_order,java,order,order-java:8083,order-java:8083,2026-06-23 17:32:09,2026-06-23T12:02:09Z,1782216129,cooldown,1935.0,9.672823104359722,{}
3,A,P99 HTTP Latency Panel (Java vs Go),java_order,java,order,warehouse-java-twin:9084,warehouse-java-twin:9084,2026-06-23 17:32:09,2026-06-23T12:02:09Z,1782216129,cooldown,1935.0,0.00278851145,{}
3,A,P99 HTTP Latency Panel (Java vs Go),java_order,java,order,inventory-java:8082,inventory-java:8082,2026-06-23 17:32:24,2026-06-23T12:02:24Z,1782216144,cooldown,1950.0,0.001635778000000013,{}
3,A,P99 HTTP Latency Panel (Java vs Go),java_order,java,order,order-java:8083,order-java:8083,2026-06-23 17:32:24,2026-06-23T12:02:24Z,1782216144,cooldown,1950.0,7.494717930774953,{}
3,A,P99 HTTP Latency Panel (Java vs Go),java_order,java,order,warehouse-java-twin:9084,warehouse-java-twin:9084,2026-06-23 17:32:24,2026-06-23T12:02:24Z,1782216144,cooldown,1950.0,0.00310727825,{}
3,A,P99 HTTP Latency Panel (Java vs Go),java_order,java,order,inventory-java:8082,inventory-java:8082,2026-06-23 17:32:39,2026-06-23T12:02:39Z,1782216159,cooldown,1965.0,0.0016474288333333973,{}
3,A,P99 HTTP Latency Panel (Java vs Go),java_order,java,order,order-java:8083,order-java:8083,2026-06-23 17:32:39,2026-06-23T12:02:39Z,1782216159,cooldown,1965.0,5.656260230043484,{}
3,A,P99 HTTP Latency Panel (Java vs Go),java_order,java,order,warehouse-java-twin:9084,warehouse-java-twin:9084,2026-06-23 17:32:39,2026-06-23T12:02:39Z,1782216159,cooldown,1965.0,0.003126502125,{}
3,A,P99 HTTP Latency Panel (Java vs Go),java_order,java,order,inventory-java:8082,inventory-java:8082,2026-06-23 17:32:54,2026-06-23T12:02:54Z,1782216174,cooldown,1980.0,0.0018350072500000255,{}
3,A,P99 HTTP Latency Panel (Java vs Go),java_order,java,order,order-java:8083,order-java:8083,2026-06-23 17:32:54,2026-06-23T12:02:54Z,1782216174,cooldown,1980.0,5.555344971296366,{}
3,A,P99 HTTP Latency Panel (Java vs Go),java_order,java,order,warehouse-java-twin:9084,warehouse-java-twin:9084,2026-06-23 17:32:54,2026-06-23T12:02:54Z,1782216174,cooldown,1980.0,0.0031361140625,{}
3,A,P99 HTTP Latency Panel (Java vs Go),java_order,java,order,inventory-java:8082,inventory-java:8082,2026-06-23 17:33:09,2026-06-23T12:03:09Z,1782216189,cooldown,1995.0,0.0016060683749999447,{}
3,A,P99 HTTP Latency Panel (Java vs Go),java_order,java,order,order-java:8083,order-java:8083,2026-06-23 17:33:09,2026-06-23T12:03:09Z,1782216189,cooldown,1995.0,5.513328721636327,{}
3,A,P99 HTTP Latency Panel (Java vs Go),java_order,java,order,warehouse-java-twin:9084,warehouse-java-twin:9084,2026-06-23 17:33:09,2026-06-23T12:03:09Z,1782216189,cooldown,1995.0,0.003139318041666667,{}
3,A,P99 HTTP Latency Panel (Java vs Go),java_order,java,order,inventory-java:8082,inventory-java:8082,2026-06-23 17:33:24,2026-06-23T12:03:24Z,1782216204,cooldown,2010.0,0.0015431538750000295,{}
3,A,P99 HTTP Latency Panel (Java vs Go),java_order,java,order,order-java:8083,order-java:8083,2026-06-23 17:33:24,2026-06-23T12:03:24Z,1782216204,cooldown,2010.0,3.804890315267778,{}
3,A,P99 HTTP Latency Panel (Java vs Go),java_order,java,order,warehouse-java-twin:9084,warehouse-java-twin:9084,2026-06-23 17:33:24,2026-06-23T12:03:24Z,1782216204,cooldown,2010.0,0.0031361140625,{}
3,A,P99 HTTP Latency Panel (Java vs Go),java_order,java,order,inventory-java:8082,inventory-java:8082,2026-06-23 17:33:39,2026-06-23T12:03:39Z,1782216219,cooldown,2025.0,0.000999392789373814,{}
3,A,P99 HTTP Latency Panel (Java vs Go),java_order,java,order,order-java:8083,order-java:8083,2026-06-23 17:33:39,2026-06-23T12:03:39Z,1782216219,cooldown,2025.0,3.155130695562,{}
3,A,P99 HTTP Latency Panel (Java vs Go),java_order,java,order,warehouse-java-twin:9084,warehouse-java-twin:9084,2026-06-23 17:33:39,2026-06-23T12:03:39Z,1782216219,cooldown,2025.0,0.0031329100833333333,{}
3,A,P99 HTTP Latency Panel (Java vs Go),java_order,java,order,inventory-java:8082,inventory-java:8082,2026-06-23 17:33:54,2026-06-23T12:03:54Z,1782216234,cooldown,2040.0,0.0009978727634194834,{}
3,A,P99 HTTP Latency Panel (Java vs Go),java_order,java,order,order-java:8083,order-java:8083,2026-06-23 17:33:54,2026-06-23T12:03:54Z,1782216234,cooldown,2040.0,2.7954824723763396,{}
3,A,P99 HTTP Latency Panel (Java vs Go),java_order,java,order,warehouse-java-twin:9084,warehouse-java-twin:9084,2026-06-23 17:33:54,2026-06-23T12:03:54Z,1782216234,cooldown,2040.0,0.00310727825,{}
3,A,P99 HTTP Latency Panel (Java vs Go),java_order,java,order,inventory-java:8082,inventory-java:8082,2026-06-23 17:34:09,2026-06-23T12:04:09Z,1782216249,cooldown,2055.0,0.000997079207920792,{}
3,A,P99 HTTP Latency Panel (Java vs Go),java_order,java,order,order-java:8083,order-java:8083,2026-06-23 17:34:09,2026-06-23T12:04:09Z,1782216249,cooldown,2055.0,2.082476487018374,{}
3,A,P99 HTTP Latency Panel (Java vs Go),java_order,java,order,warehouse-java-twin:9084,warehouse-java-twin:9084,2026-06-23 17:34:09,2026-06-23T12:04:09Z,1782216249,cooldown,2055.0,0.00310727825,{}
3,A,P99 HTTP Latency Panel (Java vs Go),java_order,java,order,inventory-java:8082,inventory-java:8082,2026-06-23 17:34:24,2026-06-23T12:04:24Z,1782216264,cooldown,2070.0,0.0009977495107632093,{}
3,A,P99 HTTP Latency Panel (Java vs Go),java_order,java,order,order-java:8083,order-java:8083,2026-06-23 17:34:24,2026-06-23T12:04:24Z,1782216264,cooldown,2070.0,1.1437587387081256,{}
3,A,P99 HTTP Latency Panel (Java vs Go),java_order,java,order,warehouse-java-twin:9084,warehouse-java-twin:9084,2026-06-23 17:34:24,2026-06-23T12:04:24Z,1782216264,cooldown,2070.0,0.00310727825,{}
3,A,P99 HTTP Latency Panel (Java vs Go),java_order,java,order,inventory-java:8082,inventory-java:8082,2026-06-23 17:34:39,2026-06-23T12:04:39Z,1782216279,cooldown,2085.0,0.0014225677500000057,{}
3,A,P99 HTTP Latency Panel (Java vs Go),java_order,java,order,order-java:8083,order-java:8083,2026-06-23 17:34:39,2026-06-23T12:04:39Z,1782216279,cooldown,2085.0,0.8693729612600005,{}
3,A,P99 HTTP Latency Panel (Java vs Go),java_order,java,order,warehouse-java-twin:9084,warehouse-java-twin:9084,2026-06-23 17:34:39,2026-06-23T12:04:39Z,1782216279,cooldown,2085.0,0.0038063282499999998,{}
3,A,P99 HTTP Latency Panel (Java vs Go),java_order,java,order,inventory-java:8082,inventory-java:8082,2026-06-23 17:34:54,2026-06-23T12:04:54Z,1782216294,post_test,2100.0,0.0017257806874999941,{}
3,A,P99 HTTP Latency Panel (Java vs Go),java_order,java,order,order-java:8083,order-java:8083,2026-06-23 17:34:54,2026-06-23T12:04:54Z,1782216294,post_test,2100.0,0.7033008931000001,{}
3,A,P99 HTTP Latency Panel (Java vs Go),java_order,java,order,warehouse-java-twin:9084,warehouse-java-twin:9084,2026-06-23 17:34:54,2026-06-23T12:04:54Z,1782216294,post_test,2100.0,0.003825552125,{}
