grafana_panel_id,grafana_ref_id,grafana_panel_title,segment_label,service_type,benchmark_type,instance,service_label,timestamp_local,timestamp_utc,timestamp_unix,load_phase,offset_seconds,value,prom_labels_json
1,A,RSS Memory Footprint,go_inventory,go,inventory,inventory-go-twin:9082,inventory-go-twin:9082,2026-06-23 17:40:03,2026-06-23T12:10:03Z,1782216603,warmup,0.0,31477760.0,"{""__name__"": ""process_resident_memory_bytes""}"
1,A,RSS Memory Footprint,go_inventory,go,inventory,order-go-twin:9083,order-go-twin:9083,2026-06-23 17:40:03,2026-06-23T12:10:03Z,1782216603,warmup,0.0,32714752.0,"{""__name__"": ""process_resident_memory_bytes""}"
1,A,RSS Memory Footprint,go_inventory,go,inventory,warehouse-go:8084,warehouse-go:8084,2026-06-23 17:40:03,2026-06-23T12:10:03Z,1782216603,warmup,0.0,38092800.0,"{""__name__"": ""process_resident_memory_bytes""}"
1,A,RSS Memory Footprint,go_inventory,go,inventory,inventory-go-twin:9082,inventory-go-twin:9082,2026-06-23 17:40:18,2026-06-23T12:10:18Z,1782216618,warmup,15.0,31477760.0,"{""__name__"": ""process_resident_memory_bytes""}"
1,A,RSS Memory Footprint,go_inventory,go,inventory,order-go-twin:9083,order-go-twin:9083,2026-06-23 17:40:18,2026-06-23T12:10:18Z,1782216618,warmup,15.0,32714752.0,"{""__name__"": ""process_resident_memory_bytes""}"
1,A,RSS Memory Footprint,go_inventory,go,inventory,warehouse-go:8084,warehouse-go:8084,2026-06-23 17:40:18,2026-06-23T12:10:18Z,1782216618,warmup,15.0,37244928.0,"{""__name__"": ""process_resident_memory_bytes""}"
1,A,RSS Memory Footprint,go_inventory,go,inventory,inventory-go-twin:9082,inventory-go-twin:9082,2026-06-23 17:40:33,2026-06-23T12:10:33Z,1782216633,warmup,30.0,31477760.0,"{""__name__"": ""process_resident_memory_bytes""}"
1,A,RSS Memory Footprint,go_inventory,go,inventory,order-go-twin:9083,order-go-twin:9083,2026-06-23 17:40:33,2026-06-23T12:10:33Z,1782216633,warmup,30.0,32714752.0,"{""__name__"": ""process_resident_memory_bytes""}"
1,A,RSS Memory Footprint,go_inventory,go,inventory,warehouse-go:8084,warehouse-go:8084,2026-06-23 17:40:33,2026-06-23T12:10:33Z,1782216633,warmup,30.0,37359616.0,"{""__name__"": ""process_resident_memory_bytes""}"
1,A,RSS Memory Footprint,go_inventory,go,inventory,inventory-go-twin:9082,inventory-go-twin:9082,2026-06-23 17:40:48,2026-06-23T12:10:48Z,1782216648,warmup,45.0,31477760.0,"{""__name__"": ""process_resident_memory_bytes""}"
1,A,RSS Memory Footprint,go_inventory,go,inventory,order-go-twin:9083,order-go-twin:9083,2026-06-23 17:40:48,2026-06-23T12:10:48Z,1782216648,warmup,45.0,32714752.0,"{""__name__"": ""process_resident_memory_bytes""}"
1,A,RSS Memory Footprint,go_inventory,go,inventory,warehouse-go:8084,warehouse-go:8084,2026-06-23 17:40:48,2026-06-23T12:10:48Z,1782216648,warmup,45.0,37228544.0,"{""__name__"": ""process_resident_memory_bytes""}"
1,A,RSS Memory Footprint,go_inventory,go,inventory,inventory-go-twin:9082,inventory-go-twin:9082,2026-06-23 17:41:03,2026-06-23T12:11:03Z,1782216663,warmup,60.0,31477760.0,"{""__name__"": ""process_resident_memory_bytes""}"
1,A,RSS Memory Footprint,go_inventory,go,inventory,order-go-twin:9083,order-go-twin:9083,2026-06-23 17:41:03,2026-06-23T12:11:03Z,1782216663,warmup,60.0,32714752.0,"{""__name__"": ""process_resident_memory_bytes""}"
1,A,RSS Memory Footprint,go_inventory,go,inventory,warehouse-go:8084,warehouse-go:8084,2026-06-23 17:41:03,2026-06-23T12:11:03Z,1782216663,warmup,60.0,35319808.0,"{""__name__"": ""process_resident_memory_bytes""}"
1,A,RSS Memory Footprint,go_inventory,go,inventory,inventory-go-twin:9082,inventory-go-twin:9082,2026-06-23 17:41:18,2026-06-23T12:11:18Z,1782216678,warmup,75.0,31608832.0,"{""__name__"": ""process_resident_memory_bytes""}"
1,A,RSS Memory Footprint,go_inventory,go,inventory,order-go-twin:9083,order-go-twin:9083,2026-06-23 17:41:18,2026-06-23T12:11:18Z,1782216678,warmup,75.0,32714752.0,"{""__name__"": ""process_resident_memory_bytes""}"
1,A,RSS Memory Footprint,go_inventory,go,inventory,warehouse-go:8084,warehouse-go:8084,2026-06-23 17:41:18,2026-06-23T12:11:18Z,1782216678,warmup,75.0,36106240.0,"{""__name__"": ""process_resident_memory_bytes""}"
1,A,RSS Memory Footprint,go_inventory,go,inventory,inventory-go-twin:9082,inventory-go-twin:9082,2026-06-23 17:41:33,2026-06-23T12:11:33Z,1782216693,warmup,90.0,31608832.0,"{""__name__"": ""process_resident_memory_bytes""}"
1,A,RSS Memory Footprint,go_inventory,go,inventory,order-go-twin:9083,order-go-twin:9083,2026-06-23 17:41:33,2026-06-23T12:11:33Z,1782216693,warmup,90.0,32714752.0,"{""__name__"": ""process_resident_memory_bytes""}"
1,A,RSS Memory Footprint,go_inventory,go,inventory,warehouse-go:8084,warehouse-go:8084,2026-06-23 17:41:33,2026-06-23T12:11:33Z,1782216693,warmup,90.0,36892672.0,"{""__name__"": ""process_resident_memory_bytes""}"
1,A,RSS Memory Footprint,go_inventory,go,inventory,inventory-go-twin:9082,inventory-go-twin:9082,2026-06-23 17:41:48,2026-06-23T12:11:48Z,1782216708,warmup,105.0,31465472.0,"{""__name__"": ""process_resident_memory_bytes""}"
1,A,RSS Memory Footprint,go_inventory,go,inventory,order-go-twin:9083,order-go-twin:9083,2026-06-23 17:41:48,2026-06-23T12:11:48Z,1782216708,warmup,105.0,32575488.0,"{""__name__"": ""process_resident_memory_bytes""}"
1,A,RSS Memory Footprint,go_inventory,go,inventory,warehouse-go:8084,warehouse-go:8084,2026-06-23 17:41:48,2026-06-23T12:11:48Z,1782216708,warmup,105.0,37023744.0,"{""__name__"": ""process_resident_memory_bytes""}"
1,A,RSS Memory Footprint,go_inventory,go,inventory,inventory-go-twin:9082,inventory-go-twin:9082,2026-06-23 17:42:03,2026-06-23T12:12:03Z,1782216723,warmup,120.0,31465472.0,"{""__name__"": ""process_resident_memory_bytes""}"
1,A,RSS Memory Footprint,go_inventory,go,inventory,order-go-twin:9083,order-go-twin:9083,2026-06-23 17:42:03,2026-06-23T12:12:03Z,1782216723,warmup,120.0,32575488.0,"{""__name__"": ""process_resident_memory_bytes""}"
1,A,RSS Memory Footprint,go_inventory,go,inventory,warehouse-go:8084,warehouse-go:8084,2026-06-23 17:42:03,2026-06-23T12:12:03Z,1782216723,warmup,120.0,37810176.0,"{""__name__"": ""process_resident_memory_bytes""}"
1,A,RSS Memory Footprint,go_inventory,go,inventory,inventory-go-twin:9082,inventory-go-twin:9082,2026-06-23 17:42:18,2026-06-23T12:12:18Z,1782216738,warmup,135.0,31465472.0,"{""__name__"": ""process_resident_memory_bytes""}"
1,A,RSS Memory Footprint,go_inventory,go,inventory,order-go-twin:9083,order-go-twin:9083,2026-06-23 17:42:18,2026-06-23T12:12:18Z,1782216738,warmup,135.0,32575488.0,"{""__name__"": ""process_resident_memory_bytes""}"
1,A,RSS Memory Footprint,go_inventory,go,inventory,warehouse-go:8084,warehouse-go:8084,2026-06-23 17:42:18,2026-06-23T12:12:18Z,1782216738,warmup,135.0,37810176.0,"{""__name__"": ""process_resident_memory_bytes""}"
1,A,RSS Memory Footprint,go_inventory,go,inventory,inventory-go-twin:9082,inventory-go-twin:9082,2026-06-23 17:42:33,2026-06-23T12:12:33Z,1782216753,warmup,150.0,31465472.0,"{""__name__"": ""process_resident_memory_bytes""}"
1,A,RSS Memory Footprint,go_inventory,go,inventory,order-go-twin:9083,order-go-twin:9083,2026-06-23 17:42:33,2026-06-23T12:12:33Z,1782216753,warmup,150.0,32575488.0,"{""__name__"": ""process_resident_memory_bytes""}"
1,A,RSS Memory Footprint,go_inventory,go,inventory,warehouse-go:8084,warehouse-go:8084,2026-06-23 17:42:33,2026-06-23T12:12:33Z,1782216753,warmup,150.0,38596608.0,"{""__name__"": ""process_resident_memory_bytes""}"
1,A,RSS Memory Footprint,go_inventory,go,inventory,inventory-go-twin:9082,inventory-go-twin:9082,2026-06-23 17:42:48,2026-06-23T12:12:48Z,1782216768,warmup,165.0,31465472.0,"{""__name__"": ""process_resident_memory_bytes""}"
1,A,RSS Memory Footprint,go_inventory,go,inventory,order-go-twin:9083,order-go-twin:9083,2026-06-23 17:42:48,2026-06-23T12:12:48Z,1782216768,warmup,165.0,32575488.0,"{""__name__"": ""process_resident_memory_bytes""}"
1,A,RSS Memory Footprint,go_inventory,go,inventory,warehouse-go:8084,warehouse-go:8084,2026-06-23 17:42:48,2026-06-23T12:12:48Z,1782216768,warmup,165.0,38596608.0,"{""__name__"": ""process_resident_memory_bytes""}"
1,A,RSS Memory Footprint,go_inventory,go,inventory,inventory-go-twin:9082,inventory-go-twin:9082,2026-06-23 17:43:03,2026-06-23T12:13:03Z,1782216783,warmup,180.0,31465472.0,"{""__name__"": ""process_resident_memory_bytes""}"
1,A,RSS Memory Footprint,go_inventory,go,inventory,order-go-twin:9083,order-go-twin:9083,2026-06-23 17:43:03,2026-06-23T12:13:03Z,1782216783,warmup,180.0,32575488.0,"{""__name__"": ""process_resident_memory_bytes""}"
1,A,RSS Memory Footprint,go_inventory,go,inventory,warehouse-go:8084,warehouse-go:8084,2026-06-23 17:43:03,2026-06-23T12:13:03Z,1782216783,warmup,180.0,39120896.0,"{""__name__"": ""process_resident_memory_bytes""}"
1,A,RSS Memory Footprint,go_inventory,go,inventory,inventory-go-twin:9082,inventory-go-twin:9082,2026-06-23 17:43:18,2026-06-23T12:13:18Z,1782216798,warmup,195.0,32120832.0,"{""__name__"": ""process_resident_memory_bytes""}"
1,A,RSS Memory Footprint,go_inventory,go,inventory,order-go-twin:9083,order-go-twin:9083,2026-06-23 17:43:18,2026-06-23T12:13:18Z,1782216798,warmup,195.0,32575488.0,"{""__name__"": ""process_resident_memory_bytes""}"
1,A,RSS Memory Footprint,go_inventory,go,inventory,warehouse-go:8084,warehouse-go:8084,2026-06-23 17:43:18,2026-06-23T12:13:18Z,1782216798,warmup,195.0,39120896.0,"{""__name__"": ""process_resident_memory_bytes""}"
1,A,RSS Memory Footprint,go_inventory,go,inventory,inventory-go-twin:9082,inventory-go-twin:9082,2026-06-23 17:43:33,2026-06-23T12:13:33Z,1782216813,warmup,210.0,31854592.0,"{""__name__"": ""process_resident_memory_bytes""}"
1,A,RSS Memory Footprint,go_inventory,go,inventory,order-go-twin:9083,order-go-twin:9083,2026-06-23 17:43:33,2026-06-23T12:13:33Z,1782216813,warmup,210.0,32575488.0,"{""__name__"": ""process_resident_memory_bytes""}"
1,A,RSS Memory Footprint,go_inventory,go,inventory,warehouse-go:8084,warehouse-go:8084,2026-06-23 17:43:33,2026-06-23T12:13:33Z,1782216813,warmup,210.0,39120896.0,"{""__name__"": ""process_resident_memory_bytes""}"
1,A,RSS Memory Footprint,go_inventory,go,inventory,inventory-go-twin:9082,inventory-go-twin:9082,2026-06-23 17:43:48,2026-06-23T12:13:48Z,1782216828,warmup,225.0,31854592.0,"{""__name__"": ""process_resident_memory_bytes""}"
1,A,RSS Memory Footprint,go_inventory,go,inventory,order-go-twin:9083,order-go-twin:9083,2026-06-23 17:43:48,2026-06-23T12:13:48Z,1782216828,warmup,225.0,32575488.0,"{""__name__"": ""process_resident_memory_bytes""}"
1,A,RSS Memory Footprint,go_inventory,go,inventory,warehouse-go:8084,warehouse-go:8084,2026-06-23 17:43:48,2026-06-23T12:13:48Z,1782216828,warmup,225.0,39251968.0,"{""__name__"": ""process_resident_memory_bytes""}"
1,A,RSS Memory Footprint,go_inventory,go,inventory,inventory-go-twin:9082,inventory-go-twin:9082,2026-06-23 17:44:03,2026-06-23T12:14:03Z,1782216843,warmup,240.0,31985664.0,"{""__name__"": ""process_resident_memory_bytes""}"
1,A,RSS Memory Footprint,go_inventory,go,inventory,order-go-twin:9083,order-go-twin:9083,2026-06-23 17:44:03,2026-06-23T12:14:03Z,1782216843,warmup,240.0,32575488.0,"{""__name__"": ""process_resident_memory_bytes""}"
1,A,RSS Memory Footprint,go_inventory,go,inventory,warehouse-go:8084,warehouse-go:8084,2026-06-23 17:44:03,2026-06-23T12:14:03Z,1782216843,warmup,240.0,39251968.0,"{""__name__"": ""process_resident_memory_bytes""}"
1,A,RSS Memory Footprint,go_inventory,go,inventory,inventory-go-twin:9082,inventory-go-twin:9082,2026-06-23 17:44:18,2026-06-23T12:14:18Z,1782216858,warmup,255.0,31985664.0,"{""__name__"": ""process_resident_memory_bytes""}"
1,A,RSS Memory Footprint,go_inventory,go,inventory,order-go-twin:9083,order-go-twin:9083,2026-06-23 17:44:18,2026-06-23T12:14:18Z,1782216858,warmup,255.0,32575488.0,"{""__name__"": ""process_resident_memory_bytes""}"
1,A,RSS Memory Footprint,go_inventory,go,inventory,warehouse-go:8084,warehouse-go:8084,2026-06-23 17:44:18,2026-06-23T12:14:18Z,1782216858,warmup,255.0,39383040.0,"{""__name__"": ""process_resident_memory_bytes""}"
1,A,RSS Memory Footprint,go_inventory,go,inventory,inventory-go-twin:9082,inventory-go-twin:9082,2026-06-23 17:44:33,2026-06-23T12:14:33Z,1782216873,warmup,270.0,31985664.0,"{""__name__"": ""process_resident_memory_bytes""}"
1,A,RSS Memory Footprint,go_inventory,go,inventory,order-go-twin:9083,order-go-twin:9083,2026-06-23 17:44:33,2026-06-23T12:14:33Z,1782216873,warmup,270.0,32575488.0,"{""__name__"": ""process_resident_memory_bytes""}"
1,A,RSS Memory Footprint,go_inventory,go,inventory,warehouse-go:8084,warehouse-go:8084,2026-06-23 17:44:33,2026-06-23T12:14:33Z,1782216873,warmup,270.0,39645184.0,"{""__name__"": ""process_resident_memory_bytes""}"
1,A,RSS Memory Footprint,go_inventory,go,inventory,inventory-go-twin:9082,inventory-go-twin:9082,2026-06-23 17:44:48,2026-06-23T12:14:48Z,1782216888,warmup,285.0,31449088.0,"{""__name__"": ""process_resident_memory_bytes""}"
1,A,RSS Memory Footprint,go_inventory,go,inventory,order-go-twin:9083,order-go-twin:9083,2026-06-23 17:44:48,2026-06-23T12:14:48Z,1782216888,warmup,285.0,32575488.0,"{""__name__"": ""process_resident_memory_bytes""}"
1,A,RSS Memory Footprint,go_inventory,go,inventory,warehouse-go:8084,warehouse-go:8084,2026-06-23 17:44:48,2026-06-23T12:14:48Z,1782216888,warmup,285.0,39776256.0,"{""__name__"": ""process_resident_memory_bytes""}"
1,A,RSS Memory Footprint,go_inventory,go,inventory,inventory-go-twin:9082,inventory-go-twin:9082,2026-06-23 17:45:03,2026-06-23T12:15:03Z,1782216903,ramp_1,300.0,31449088.0,"{""__name__"": ""process_resident_memory_bytes""}"
1,A,RSS Memory Footprint,go_inventory,go,inventory,order-go-twin:9083,order-go-twin:9083,2026-06-23 17:45:03,2026-06-23T12:15:03Z,1782216903,ramp_1,300.0,32575488.0,"{""__name__"": ""process_resident_memory_bytes""}"
1,A,RSS Memory Footprint,go_inventory,go,inventory,warehouse-go:8084,warehouse-go:8084,2026-06-23 17:45:03,2026-06-23T12:15:03Z,1782216903,ramp_1,300.0,39776256.0,"{""__name__"": ""process_resident_memory_bytes""}"
1,A,RSS Memory Footprint,go_inventory,go,inventory,inventory-go-twin:9082,inventory-go-twin:9082,2026-06-23 17:45:18,2026-06-23T12:15:18Z,1782216918,ramp_1,315.0,31449088.0,"{""__name__"": ""process_resident_memory_bytes""}"
1,A,RSS Memory Footprint,go_inventory,go,inventory,order-go-twin:9083,order-go-twin:9083,2026-06-23 17:45:18,2026-06-23T12:15:18Z,1782216918,ramp_1,315.0,32575488.0,"{""__name__"": ""process_resident_memory_bytes""}"
1,A,RSS Memory Footprint,go_inventory,go,inventory,warehouse-go:8084,warehouse-go:8084,2026-06-23 17:45:18,2026-06-23T12:15:18Z,1782216918,ramp_1,315.0,39776256.0,"{""__name__"": ""process_resident_memory_bytes""}"
1,A,RSS Memory Footprint,go_inventory,go,inventory,inventory-go-twin:9082,inventory-go-twin:9082,2026-06-23 17:45:33,2026-06-23T12:15:33Z,1782216933,ramp_1,330.0,31449088.0,"{""__name__"": ""process_resident_memory_bytes""}"
1,A,RSS Memory Footprint,go_inventory,go,inventory,order-go-twin:9083,order-go-twin:9083,2026-06-23 17:45:33,2026-06-23T12:15:33Z,1782216933,ramp_1,330.0,32575488.0,"{""__name__"": ""process_resident_memory_bytes""}"
1,A,RSS Memory Footprint,go_inventory,go,inventory,warehouse-go:8084,warehouse-go:8084,2026-06-23 17:45:33,2026-06-23T12:15:33Z,1782216933,ramp_1,330.0,39776256.0,"{""__name__"": ""process_resident_memory_bytes""}"
1,A,RSS Memory Footprint,go_inventory,go,inventory,inventory-go-twin:9082,inventory-go-twin:9082,2026-06-23 17:45:48,2026-06-23T12:15:48Z,1782216948,ramp_1,345.0,31449088.0,"{""__name__"": ""process_resident_memory_bytes""}"
1,A,RSS Memory Footprint,go_inventory,go,inventory,order-go-twin:9083,order-go-twin:9083,2026-06-23 17:45:48,2026-06-23T12:15:48Z,1782216948,ramp_1,345.0,32575488.0,"{""__name__"": ""process_resident_memory_bytes""}"
1,A,RSS Memory Footprint,go_inventory,go,inventory,warehouse-go:8084,warehouse-go:8084,2026-06-23 17:45:48,2026-06-23T12:15:48Z,1782216948,ramp_1,345.0,39907328.0,"{""__name__"": ""process_resident_memory_bytes""}"
1,A,RSS Memory Footprint,go_inventory,go,inventory,inventory-go-twin:9082,inventory-go-twin:9082,2026-06-23 17:46:03,2026-06-23T12:16:03Z,1782216963,ramp_1,360.0,31842304.0,"{""__name__"": ""process_resident_memory_bytes""}"
1,A,RSS Memory Footprint,go_inventory,go,inventory,order-go-twin:9083,order-go-twin:9083,2026-06-23 17:46:03,2026-06-23T12:16:03Z,1782216963,ramp_1,360.0,32575488.0,"{""__name__"": ""process_resident_memory_bytes""}"
1,A,RSS Memory Footprint,go_inventory,go,inventory,warehouse-go:8084,warehouse-go:8084,2026-06-23 17:46:03,2026-06-23T12:16:03Z,1782216963,ramp_1,360.0,40038400.0,"{""__name__"": ""process_resident_memory_bytes""}"
1,A,RSS Memory Footprint,go_inventory,go,inventory,inventory-go-twin:9082,inventory-go-twin:9082,2026-06-23 17:46:18,2026-06-23T12:16:18Z,1782216978,ramp_1,375.0,32497664.0,"{""__name__"": ""process_resident_memory_bytes""}"
1,A,RSS Memory Footprint,go_inventory,go,inventory,order-go-twin:9083,order-go-twin:9083,2026-06-23 17:46:18,2026-06-23T12:16:18Z,1782216978,ramp_1,375.0,32575488.0,"{""__name__"": ""process_resident_memory_bytes""}"
1,A,RSS Memory Footprint,go_inventory,go,inventory,warehouse-go:8084,warehouse-go:8084,2026-06-23 17:46:18,2026-06-23T12:16:18Z,1782216978,ramp_1,375.0,39075840.0,"{""__name__"": ""process_resident_memory_bytes""}"
1,A,RSS Memory Footprint,go_inventory,go,inventory,inventory-go-twin:9082,inventory-go-twin:9082,2026-06-23 17:46:33,2026-06-23T12:16:33Z,1782216993,ramp_1,390.0,32083968.0,"{""__name__"": ""process_resident_memory_bytes""}"
1,A,RSS Memory Footprint,go_inventory,go,inventory,order-go-twin:9083,order-go-twin:9083,2026-06-23 17:46:33,2026-06-23T12:16:33Z,1782216993,ramp_1,390.0,32575488.0,"{""__name__"": ""process_resident_memory_bytes""}"
1,A,RSS Memory Footprint,go_inventory,go,inventory,warehouse-go:8084,warehouse-go:8084,2026-06-23 17:46:33,2026-06-23T12:16:33Z,1782216993,ramp_1,390.0,39075840.0,"{""__name__"": ""process_resident_memory_bytes""}"
1,A,RSS Memory Footprint,go_inventory,go,inventory,inventory-go-twin:9082,inventory-go-twin:9082,2026-06-23 17:46:48,2026-06-23T12:16:48Z,1782217008,ramp_1,405.0,32215040.0,"{""__name__"": ""process_resident_memory_bytes""}"
1,A,RSS Memory Footprint,go_inventory,go,inventory,order-go-twin:9083,order-go-twin:9083,2026-06-23 17:46:48,2026-06-23T12:16:48Z,1782217008,ramp_1,405.0,32575488.0,"{""__name__"": ""process_resident_memory_bytes""}"
1,A,RSS Memory Footprint,go_inventory,go,inventory,warehouse-go:8084,warehouse-go:8084,2026-06-23 17:46:48,2026-06-23T12:16:48Z,1782217008,ramp_1,405.0,39075840.0,"{""__name__"": ""process_resident_memory_bytes""}"
1,A,RSS Memory Footprint,go_inventory,go,inventory,inventory-go-twin:9082,inventory-go-twin:9082,2026-06-23 17:47:03,2026-06-23T12:17:03Z,1782217023,ramp_1,420.0,32215040.0,"{""__name__"": ""process_resident_memory_bytes""}"
1,A,RSS Memory Footprint,go_inventory,go,inventory,order-go-twin:9083,order-go-twin:9083,2026-06-23 17:47:03,2026-06-23T12:17:03Z,1782217023,ramp_1,420.0,32575488.0,"{""__name__"": ""process_resident_memory_bytes""}"
1,A,RSS Memory Footprint,go_inventory,go,inventory,warehouse-go:8084,warehouse-go:8084,2026-06-23 17:47:03,2026-06-23T12:17:03Z,1782217023,ramp_1,420.0,39178240.0,"{""__name__"": ""process_resident_memory_bytes""}"
1,A,RSS Memory Footprint,go_inventory,go,inventory,inventory-go-twin:9082,inventory-go-twin:9082,2026-06-23 17:47:18,2026-06-23T12:17:18Z,1782217038,ramp_1,435.0,32215040.0,"{""__name__"": ""process_resident_memory_bytes""}"
1,A,RSS Memory Footprint,go_inventory,go,inventory,order-go-twin:9083,order-go-twin:9083,2026-06-23 17:47:18,2026-06-23T12:17:18Z,1782217038,ramp_1,435.0,32575488.0,"{""__name__"": ""process_resident_memory_bytes""}"
1,A,RSS Memory Footprint,go_inventory,go,inventory,warehouse-go:8084,warehouse-go:8084,2026-06-23 17:47:18,2026-06-23T12:17:18Z,1782217038,ramp_1,435.0,39309312.0,"{""__name__"": ""process_resident_memory_bytes""}"
1,A,RSS Memory Footprint,go_inventory,go,inventory,inventory-go-twin:9082,inventory-go-twin:9082,2026-06-23 17:47:33,2026-06-23T12:17:33Z,1782217053,ramp_1,450.0,30973952.0,"{""__name__"": ""process_resident_memory_bytes""}"
1,A,RSS Memory Footprint,go_inventory,go,inventory,order-go-twin:9083,order-go-twin:9083,2026-06-23 17:47:33,2026-06-23T12:17:33Z,1782217053,ramp_1,450.0,32575488.0,"{""__name__"": ""process_resident_memory_bytes""}"
1,A,RSS Memory Footprint,go_inventory,go,inventory,warehouse-go:8084,warehouse-go:8084,2026-06-23 17:47:33,2026-06-23T12:17:33Z,1782217053,ramp_1,450.0,36646912.0,"{""__name__"": ""process_resident_memory_bytes""}"
1,A,RSS Memory Footprint,go_inventory,go,inventory,inventory-go-twin:9082,inventory-go-twin:9082,2026-06-23 17:47:48,2026-06-23T12:17:48Z,1782217068,ramp_1,465.0,31367168.0,"{""__name__"": ""process_resident_memory_bytes""}"
1,A,RSS Memory Footprint,go_inventory,go,inventory,order-go-twin:9083,order-go-twin:9083,2026-06-23 17:47:48,2026-06-23T12:17:48Z,1782217068,ramp_1,465.0,32575488.0,"{""__name__"": ""process_resident_memory_bytes""}"
1,A,RSS Memory Footprint,go_inventory,go,inventory,warehouse-go:8084,warehouse-go:8084,2026-06-23 17:47:48,2026-06-23T12:17:48Z,1782217068,ramp_1,465.0,37433344.0,"{""__name__"": ""process_resident_memory_bytes""}"
1,A,RSS Memory Footprint,go_inventory,go,inventory,inventory-go-twin:9082,inventory-go-twin:9082,2026-06-23 17:48:03,2026-06-23T12:18:03Z,1782217083,ramp_1,480.0,31367168.0,"{""__name__"": ""process_resident_memory_bytes""}"
1,A,RSS Memory Footprint,go_inventory,go,inventory,order-go-twin:9083,order-go-twin:9083,2026-06-23 17:48:03,2026-06-23T12:18:03Z,1782217083,ramp_1,480.0,32575488.0,"{""__name__"": ""process_resident_memory_bytes""}"
1,A,RSS Memory Footprint,go_inventory,go,inventory,warehouse-go:8084,warehouse-go:8084,2026-06-23 17:48:03,2026-06-23T12:18:03Z,1782217083,ramp_1,480.0,36868096.0,"{""__name__"": ""process_resident_memory_bytes""}"
1,A,RSS Memory Footprint,go_inventory,go,inventory,inventory-go-twin:9082,inventory-go-twin:9082,2026-06-23 17:48:18,2026-06-23T12:18:18Z,1782217098,ramp_1,495.0,31629312.0,"{""__name__"": ""process_resident_memory_bytes""}"
1,A,RSS Memory Footprint,go_inventory,go,inventory,order-go-twin:9083,order-go-twin:9083,2026-06-23 17:48:18,2026-06-23T12:18:18Z,1782217098,ramp_1,495.0,33230848.0,"{""__name__"": ""process_resident_memory_bytes""}"
1,A,RSS Memory Footprint,go_inventory,go,inventory,warehouse-go:8084,warehouse-go:8084,2026-06-23 17:48:18,2026-06-23T12:18:18Z,1782217098,ramp_1,495.0,36868096.0,"{""__name__"": ""process_resident_memory_bytes""}"
1,A,RSS Memory Footprint,go_inventory,go,inventory,inventory-go-twin:9082,inventory-go-twin:9082,2026-06-23 17:48:33,2026-06-23T12:18:33Z,1782217113,ramp_1,510.0,32415744.0,"{""__name__"": ""process_resident_memory_bytes""}"
1,A,RSS Memory Footprint,go_inventory,go,inventory,order-go-twin:9083,order-go-twin:9083,2026-06-23 17:48:33,2026-06-23T12:18:33Z,1782217113,ramp_1,510.0,33230848.0,"{""__name__"": ""process_resident_memory_bytes""}"
1,A,RSS Memory Footprint,go_inventory,go,inventory,warehouse-go:8084,warehouse-go:8084,2026-06-23 17:48:33,2026-06-23T12:18:33Z,1782217113,ramp_1,510.0,36810752.0,"{""__name__"": ""process_resident_memory_bytes""}"
1,A,RSS Memory Footprint,go_inventory,go,inventory,inventory-go-twin:9082,inventory-go-twin:9082,2026-06-23 17:48:48,2026-06-23T12:18:48Z,1782217128,ramp_1,525.0,30605312.0,"{""__name__"": ""process_resident_memory_bytes""}"
1,A,RSS Memory Footprint,go_inventory,go,inventory,order-go-twin:9083,order-go-twin:9083,2026-06-23 17:48:48,2026-06-23T12:18:48Z,1782217128,ramp_1,525.0,33230848.0,"{""__name__"": ""process_resident_memory_bytes""}"
1,A,RSS Memory Footprint,go_inventory,go,inventory,warehouse-go:8084,warehouse-go:8084,2026-06-23 17:48:48,2026-06-23T12:18:48Z,1782217128,ramp_1,525.0,36872192.0,"{""__name__"": ""process_resident_memory_bytes""}"
1,A,RSS Memory Footprint,go_inventory,go,inventory,inventory-go-twin:9082,inventory-go-twin:9082,2026-06-23 17:49:03,2026-06-23T12:19:03Z,1782217143,ramp_1,540.0,32178176.0,"{""__name__"": ""process_resident_memory_bytes""}"
1,A,RSS Memory Footprint,go_inventory,go,inventory,order-go-twin:9083,order-go-twin:9083,2026-06-23 17:49:03,2026-06-23T12:19:03Z,1782217143,ramp_1,540.0,33230848.0,"{""__name__"": ""process_resident_memory_bytes""}"
1,A,RSS Memory Footprint,go_inventory,go,inventory,warehouse-go:8084,warehouse-go:8084,2026-06-23 17:49:03,2026-06-23T12:19:03Z,1782217143,ramp_1,540.0,37527552.0,"{""__name__"": ""process_resident_memory_bytes""}"
1,A,RSS Memory Footprint,go_inventory,go,inventory,inventory-go-twin:9082,inventory-go-twin:9082,2026-06-23 17:49:18,2026-06-23T12:19:18Z,1782217158,ramp_1,555.0,31731712.0,"{""__name__"": ""process_resident_memory_bytes""}"
1,A,RSS Memory Footprint,go_inventory,go,inventory,order-go-twin:9083,order-go-twin:9083,2026-06-23 17:49:18,2026-06-23T12:19:18Z,1782217158,ramp_1,555.0,33230848.0,"{""__name__"": ""process_resident_memory_bytes""}"
1,A,RSS Memory Footprint,go_inventory,go,inventory,warehouse-go:8084,warehouse-go:8084,2026-06-23 17:49:18,2026-06-23T12:19:18Z,1782217158,ramp_1,555.0,38445056.0,"{""__name__"": ""process_resident_memory_bytes""}"
1,A,RSS Memory Footprint,go_inventory,go,inventory,inventory-go-twin:9082,inventory-go-twin:9082,2026-06-23 17:49:33,2026-06-23T12:19:33Z,1782217173,ramp_1,570.0,32649216.0,"{""__name__"": ""process_resident_memory_bytes""}"
1,A,RSS Memory Footprint,go_inventory,go,inventory,order-go-twin:9083,order-go-twin:9083,2026-06-23 17:49:33,2026-06-23T12:19:33Z,1782217173,ramp_1,570.0,33230848.0,"{""__name__"": ""process_resident_memory_bytes""}"
1,A,RSS Memory Footprint,go_inventory,go,inventory,warehouse-go:8084,warehouse-go:8084,2026-06-23 17:49:33,2026-06-23T12:19:33Z,1782217173,ramp_1,570.0,38445056.0,"{""__name__"": ""process_resident_memory_bytes""}"
1,A,RSS Memory Footprint,go_inventory,go,inventory,inventory-go-twin:9082,inventory-go-twin:9082,2026-06-23 17:49:48,2026-06-23T12:19:48Z,1782217188,ramp_1,585.0,32780288.0,"{""__name__"": ""process_resident_memory_bytes""}"
1,A,RSS Memory Footprint,go_inventory,go,inventory,order-go-twin:9083,order-go-twin:9083,2026-06-23 17:49:48,2026-06-23T12:19:48Z,1782217188,ramp_1,585.0,32964608.0,"{""__name__"": ""process_resident_memory_bytes""}"
1,A,RSS Memory Footprint,go_inventory,go,inventory,warehouse-go:8084,warehouse-go:8084,2026-06-23 17:49:48,2026-06-23T12:19:48Z,1782217188,ramp_1,585.0,36974592.0,"{""__name__"": ""process_resident_memory_bytes""}"
1,A,RSS Memory Footprint,go_inventory,go,inventory,inventory-go-twin:9082,inventory-go-twin:9082,2026-06-23 17:50:03,2026-06-23T12:20:03Z,1782217203,ramp_2,600.0,31948800.0,"{""__name__"": ""process_resident_memory_bytes""}"
1,A,RSS Memory Footprint,go_inventory,go,inventory,order-go-twin:9083,order-go-twin:9083,2026-06-23 17:50:03,2026-06-23T12:20:03Z,1782217203,ramp_2,600.0,32964608.0,"{""__name__"": ""process_resident_memory_bytes""}"
1,A,RSS Memory Footprint,go_inventory,go,inventory,warehouse-go:8084,warehouse-go:8084,2026-06-23 17:50:03,2026-06-23T12:20:03Z,1782217203,ramp_2,600.0,37085184.0,"{""__name__"": ""process_resident_memory_bytes""}"
1,A,RSS Memory Footprint,go_inventory,go,inventory,inventory-go-twin:9082,inventory-go-twin:9082,2026-06-23 17:50:18,2026-06-23T12:20:18Z,1782217218,ramp_2,615.0,31936512.0,"{""__name__"": ""process_resident_memory_bytes""}"
1,A,RSS Memory Footprint,go_inventory,go,inventory,order-go-twin:9083,order-go-twin:9083,2026-06-23 17:50:18,2026-06-23T12:20:18Z,1782217218,ramp_2,615.0,32964608.0,"{""__name__"": ""process_resident_memory_bytes""}"
1,A,RSS Memory Footprint,go_inventory,go,inventory,warehouse-go:8084,warehouse-go:8084,2026-06-23 17:50:18,2026-06-23T12:20:18Z,1782217218,ramp_2,615.0,37302272.0,"{""__name__"": ""process_resident_memory_bytes""}"
1,A,RSS Memory Footprint,go_inventory,go,inventory,inventory-go-twin:9082,inventory-go-twin:9082,2026-06-23 17:50:33,2026-06-23T12:20:33Z,1782217233,ramp_2,630.0,32268288.0,"{""__name__"": ""process_resident_memory_bytes""}"
1,A,RSS Memory Footprint,go_inventory,go,inventory,order-go-twin:9083,order-go-twin:9083,2026-06-23 17:50:33,2026-06-23T12:20:33Z,1782217233,ramp_2,630.0,32964608.0,"{""__name__"": ""process_resident_memory_bytes""}"
1,A,RSS Memory Footprint,go_inventory,go,inventory,warehouse-go:8084,warehouse-go:8084,2026-06-23 17:50:33,2026-06-23T12:20:33Z,1782217233,ramp_2,630.0,37027840.0,"{""__name__"": ""process_resident_memory_bytes""}"
1,A,RSS Memory Footprint,go_inventory,go,inventory,inventory-go-twin:9082,inventory-go-twin:9082,2026-06-23 17:50:48,2026-06-23T12:20:48Z,1782217248,ramp_2,645.0,31838208.0,"{""__name__"": ""process_resident_memory_bytes""}"
1,A,RSS Memory Footprint,go_inventory,go,inventory,order-go-twin:9083,order-go-twin:9083,2026-06-23 17:50:48,2026-06-23T12:20:48Z,1782217248,ramp_2,645.0,32964608.0,"{""__name__"": ""process_resident_memory_bytes""}"
1,A,RSS Memory Footprint,go_inventory,go,inventory,warehouse-go:8084,warehouse-go:8084,2026-06-23 17:50:48,2026-06-23T12:20:48Z,1782217248,ramp_2,645.0,37158912.0,"{""__name__"": ""process_resident_memory_bytes""}"
1,A,RSS Memory Footprint,go_inventory,go,inventory,inventory-go-twin:9082,inventory-go-twin:9082,2026-06-23 17:51:03,2026-06-23T12:21:03Z,1782217263,ramp_2,660.0,32477184.0,"{""__name__"": ""process_resident_memory_bytes""}"
1,A,RSS Memory Footprint,go_inventory,go,inventory,order-go-twin:9083,order-go-twin:9083,2026-06-23 17:51:03,2026-06-23T12:21:03Z,1782217263,ramp_2,660.0,32964608.0,"{""__name__"": ""process_resident_memory_bytes""}"
1,A,RSS Memory Footprint,go_inventory,go,inventory,warehouse-go:8084,warehouse-go:8084,2026-06-23 17:51:03,2026-06-23T12:21:03Z,1782217263,ramp_2,660.0,37158912.0,"{""__name__"": ""process_resident_memory_bytes""}"
1,A,RSS Memory Footprint,go_inventory,go,inventory,inventory-go-twin:9082,inventory-go-twin:9082,2026-06-23 17:51:18,2026-06-23T12:21:18Z,1782217278,ramp_2,675.0,31531008.0,"{""__name__"": ""process_resident_memory_bytes""}"
1,A,RSS Memory Footprint,go_inventory,go,inventory,order-go-twin:9083,order-go-twin:9083,2026-06-23 17:51:18,2026-06-23T12:21:18Z,1782217278,ramp_2,675.0,32964608.0,"{""__name__"": ""process_resident_memory_bytes""}"
1,A,RSS Memory Footprint,go_inventory,go,inventory,warehouse-go:8084,warehouse-go:8084,2026-06-23 17:51:18,2026-06-23T12:21:18Z,1782217278,ramp_2,675.0,37535744.0,"{""__name__"": ""process_resident_memory_bytes""}"
1,A,RSS Memory Footprint,go_inventory,go,inventory,inventory-go-twin:9082,inventory-go-twin:9082,2026-06-23 17:51:33,2026-06-23T12:21:33Z,1782217293,ramp_2,690.0,31776768.0,"{""__name__"": ""process_resident_memory_bytes""}"
1,A,RSS Memory Footprint,go_inventory,go,inventory,order-go-twin:9083,order-go-twin:9083,2026-06-23 17:51:33,2026-06-23T12:21:33Z,1782217293,ramp_2,690.0,32964608.0,"{""__name__"": ""process_resident_memory_bytes""}"
1,A,RSS Memory Footprint,go_inventory,go,inventory,warehouse-go:8084,warehouse-go:8084,2026-06-23 17:51:33,2026-06-23T12:21:33Z,1782217293,ramp_2,690.0,37666816.0,"{""__name__"": ""process_resident_memory_bytes""}"
1,A,RSS Memory Footprint,go_inventory,go,inventory,inventory-go-twin:9082,inventory-go-twin:9082,2026-06-23 17:51:48,2026-06-23T12:21:48Z,1782217308,ramp_2,705.0,31858688.0,"{""__name__"": ""process_resident_memory_bytes""}"
1,A,RSS Memory Footprint,go_inventory,go,inventory,order-go-twin:9083,order-go-twin:9083,2026-06-23 17:51:48,2026-06-23T12:21:48Z,1782217308,ramp_2,705.0,32964608.0,"{""__name__"": ""process_resident_memory_bytes""}"
1,A,RSS Memory Footprint,go_inventory,go,inventory,warehouse-go:8084,warehouse-go:8084,2026-06-23 17:51:48,2026-06-23T12:21:48Z,1782217308,ramp_2,705.0,37605376.0,"{""__name__"": ""process_resident_memory_bytes""}"
1,A,RSS Memory Footprint,go_inventory,go,inventory,inventory-go-twin:9082,inventory-go-twin:9082,2026-06-23 17:52:03,2026-06-23T12:22:03Z,1782217323,ramp_2,720.0,32768000.0,"{""__name__"": ""process_resident_memory_bytes""}"
1,A,RSS Memory Footprint,go_inventory,go,inventory,order-go-twin:9083,order-go-twin:9083,2026-06-23 17:52:03,2026-06-23T12:22:03Z,1782217323,ramp_2,720.0,32964608.0,"{""__name__"": ""process_resident_memory_bytes""}"
1,A,RSS Memory Footprint,go_inventory,go,inventory,warehouse-go:8084,warehouse-go:8084,2026-06-23 17:52:03,2026-06-23T12:22:03Z,1782217323,ramp_2,720.0,37605376.0,"{""__name__"": ""process_resident_memory_bytes""}"
1,A,RSS Memory Footprint,go_inventory,go,inventory,inventory-go-twin:9082,inventory-go-twin:9082,2026-06-23 17:52:18,2026-06-23T12:22:18Z,1782217338,ramp_2,735.0,33161216.0,"{""__name__"": ""process_resident_memory_bytes""}"
1,A,RSS Memory Footprint,go_inventory,go,inventory,order-go-twin:9083,order-go-twin:9083,2026-06-23 17:52:18,2026-06-23T12:22:18Z,1782217338,ramp_2,735.0,32964608.0,"{""__name__"": ""process_resident_memory_bytes""}"
1,A,RSS Memory Footprint,go_inventory,go,inventory,warehouse-go:8084,warehouse-go:8084,2026-06-23 17:52:18,2026-06-23T12:22:18Z,1782217338,ramp_2,735.0,36782080.0,"{""__name__"": ""process_resident_memory_bytes""}"
1,A,RSS Memory Footprint,go_inventory,go,inventory,inventory-go-twin:9082,inventory-go-twin:9082,2026-06-23 17:52:33,2026-06-23T12:22:33Z,1782217353,ramp_2,750.0,32108544.0,"{""__name__"": ""process_resident_memory_bytes""}"
1,A,RSS Memory Footprint,go_inventory,go,inventory,order-go-twin:9083,order-go-twin:9083,2026-06-23 17:52:33,2026-06-23T12:22:33Z,1782217353,ramp_2,750.0,32964608.0,"{""__name__"": ""process_resident_memory_bytes""}"
1,A,RSS Memory Footprint,go_inventory,go,inventory,warehouse-go:8084,warehouse-go:8084,2026-06-23 17:52:33,2026-06-23T12:22:33Z,1782217353,ramp_2,750.0,37437440.0,"{""__name__"": ""process_resident_memory_bytes""}"
1,A,RSS Memory Footprint,go_inventory,go,inventory,inventory-go-twin:9082,inventory-go-twin:9082,2026-06-23 17:52:48,2026-06-23T12:22:48Z,1782217368,ramp_2,765.0,31563776.0,"{""__name__"": ""process_resident_memory_bytes""}"
1,A,RSS Memory Footprint,go_inventory,go,inventory,order-go-twin:9083,order-go-twin:9083,2026-06-23 17:52:48,2026-06-23T12:22:48Z,1782217368,ramp_2,765.0,32964608.0,"{""__name__"": ""process_resident_memory_bytes""}"
1,A,RSS Memory Footprint,go_inventory,go,inventory,warehouse-go:8084,warehouse-go:8084,2026-06-23 17:52:48,2026-06-23T12:22:48Z,1782217368,ramp_2,765.0,36888576.0,"{""__name__"": ""process_resident_memory_bytes""}"
1,A,RSS Memory Footprint,go_inventory,go,inventory,inventory-go-twin:9082,inventory-go-twin:9082,2026-06-23 17:53:03,2026-06-23T12:23:03Z,1782217383,ramp_2,780.0,32714752.0,"{""__name__"": ""process_resident_memory_bytes""}"
1,A,RSS Memory Footprint,go_inventory,go,inventory,order-go-twin:9083,order-go-twin:9083,2026-06-23 17:53:03,2026-06-23T12:23:03Z,1782217383,ramp_2,780.0,32964608.0,"{""__name__"": ""process_resident_memory_bytes""}"
1,A,RSS Memory Footprint,go_inventory,go,inventory,warehouse-go:8084,warehouse-go:8084,2026-06-23 17:53:03,2026-06-23T12:23:03Z,1782217383,ramp_2,780.0,37007360.0,"{""__name__"": ""process_resident_memory_bytes""}"
1,A,RSS Memory Footprint,go_inventory,go,inventory,inventory-go-twin:9082,inventory-go-twin:9082,2026-06-23 17:53:18,2026-06-23T12:23:18Z,1782217398,ramp_2,795.0,32800768.0,"{""__name__"": ""process_resident_memory_bytes""}"
1,A,RSS Memory Footprint,go_inventory,go,inventory,order-go-twin:9083,order-go-twin:9083,2026-06-23 17:53:18,2026-06-23T12:23:18Z,1782217398,ramp_2,795.0,32964608.0,"{""__name__"": ""process_resident_memory_bytes""}"
1,A,RSS Memory Footprint,go_inventory,go,inventory,warehouse-go:8084,warehouse-go:8084,2026-06-23 17:53:18,2026-06-23T12:23:18Z,1782217398,ramp_2,795.0,36884480.0,"{""__name__"": ""process_resident_memory_bytes""}"
1,A,RSS Memory Footprint,go_inventory,go,inventory,inventory-go-twin:9082,inventory-go-twin:9082,2026-06-23 17:53:33,2026-06-23T12:23:33Z,1782217413,ramp_2,810.0,32718848.0,"{""__name__"": ""process_resident_memory_bytes""}"
1,A,RSS Memory Footprint,go_inventory,go,inventory,order-go-twin:9083,order-go-twin:9083,2026-06-23 17:53:33,2026-06-23T12:23:33Z,1782217413,ramp_2,810.0,32964608.0,"{""__name__"": ""process_resident_memory_bytes""}"
1,A,RSS Memory Footprint,go_inventory,go,inventory,warehouse-go:8084,warehouse-go:8084,2026-06-23 17:53:33,2026-06-23T12:23:33Z,1782217413,ramp_2,810.0,37117952.0,"{""__name__"": ""process_resident_memory_bytes""}"
1,A,RSS Memory Footprint,go_inventory,go,inventory,inventory-go-twin:9082,inventory-go-twin:9082,2026-06-23 17:53:48,2026-06-23T12:23:48Z,1782217428,ramp_2,825.0,32890880.0,"{""__name__"": ""process_resident_memory_bytes""}"
1,A,RSS Memory Footprint,go_inventory,go,inventory,order-go-twin:9083,order-go-twin:9083,2026-06-23 17:53:48,2026-06-23T12:23:48Z,1782217428,ramp_2,825.0,32964608.0,"{""__name__"": ""process_resident_memory_bytes""}"
1,A,RSS Memory Footprint,go_inventory,go,inventory,warehouse-go:8084,warehouse-go:8084,2026-06-23 17:53:48,2026-06-23T12:23:48Z,1782217428,ramp_2,825.0,37773312.0,"{""__name__"": ""process_resident_memory_bytes""}"
1,A,RSS Memory Footprint,go_inventory,go,inventory,inventory-go-twin:9082,inventory-go-twin:9082,2026-06-23 17:54:03,2026-06-23T12:24:03Z,1782217443,ramp_2,840.0,33415168.0,"{""__name__"": ""process_resident_memory_bytes""}"
1,A,RSS Memory Footprint,go_inventory,go,inventory,order-go-twin:9083,order-go-twin:9083,2026-06-23 17:54:03,2026-06-23T12:24:03Z,1782217443,ramp_2,840.0,32964608.0,"{""__name__"": ""process_resident_memory_bytes""}"
1,A,RSS Memory Footprint,go_inventory,go,inventory,warehouse-go:8084,warehouse-go:8084,2026-06-23 17:54:03,2026-06-23T12:24:03Z,1782217443,ramp_2,840.0,38297600.0,"{""__name__"": ""process_resident_memory_bytes""}"
1,A,RSS Memory Footprint,go_inventory,go,inventory,inventory-go-twin:9082,inventory-go-twin:9082,2026-06-23 17:54:18,2026-06-23T12:24:18Z,1782217458,ramp_2,855.0,33415168.0,"{""__name__"": ""process_resident_memory_bytes""}"
1,A,RSS Memory Footprint,go_inventory,go,inventory,order-go-twin:9083,order-go-twin:9083,2026-06-23 17:54:18,2026-06-23T12:24:18Z,1782217458,ramp_2,855.0,33488896.0,"{""__name__"": ""process_resident_memory_bytes""}"
1,A,RSS Memory Footprint,go_inventory,go,inventory,warehouse-go:8084,warehouse-go:8084,2026-06-23 17:54:18,2026-06-23T12:24:18Z,1782217458,ramp_2,855.0,38559744.0,"{""__name__"": ""process_resident_memory_bytes""}"
1,A,RSS Memory Footprint,go_inventory,go,inventory,inventory-go-twin:9082,inventory-go-twin:9082,2026-06-23 17:54:33,2026-06-23T12:24:33Z,1782217473,ramp_2,870.0,33533952.0,"{""__name__"": ""process_resident_memory_bytes""}"
1,A,RSS Memory Footprint,go_inventory,go,inventory,order-go-twin:9083,order-go-twin:9083,2026-06-23 17:54:33,2026-06-23T12:24:33Z,1782217473,ramp_2,870.0,33488896.0,"{""__name__"": ""process_resident_memory_bytes""}"
1,A,RSS Memory Footprint,go_inventory,go,inventory,warehouse-go:8084,warehouse-go:8084,2026-06-23 17:54:33,2026-06-23T12:24:33Z,1782217473,ramp_2,870.0,38559744.0,"{""__name__"": ""process_resident_memory_bytes""}"
1,A,RSS Memory Footprint,go_inventory,go,inventory,inventory-go-twin:9082,inventory-go-twin:9082,2026-06-23 17:54:48,2026-06-23T12:24:48Z,1782217488,ramp_2,885.0,33452032.0,"{""__name__"": ""process_resident_memory_bytes""}"
1,A,RSS Memory Footprint,go_inventory,go,inventory,order-go-twin:9083,order-go-twin:9083,2026-06-23 17:54:48,2026-06-23T12:24:48Z,1782217488,ramp_2,885.0,33488896.0,"{""__name__"": ""process_resident_memory_bytes""}"
1,A,RSS Memory Footprint,go_inventory,go,inventory,warehouse-go:8084,warehouse-go:8084,2026-06-23 17:54:48,2026-06-23T12:24:48Z,1782217488,ramp_2,885.0,38821888.0,"{""__name__"": ""process_resident_memory_bytes""}"
1,A,RSS Memory Footprint,go_inventory,go,inventory,inventory-go-twin:9082,inventory-go-twin:9082,2026-06-23 17:55:03,2026-06-23T12:25:03Z,1782217503,ramp_3,900.0,33431552.0,"{""__name__"": ""process_resident_memory_bytes""}"
1,A,RSS Memory Footprint,go_inventory,go,inventory,order-go-twin:9083,order-go-twin:9083,2026-06-23 17:55:03,2026-06-23T12:25:03Z,1782217503,ramp_3,900.0,32944128.0,"{""__name__"": ""process_resident_memory_bytes""}"
1,A,RSS Memory Footprint,go_inventory,go,inventory,warehouse-go:8084,warehouse-go:8084,2026-06-23 17:55:03,2026-06-23T12:25:03Z,1782217503,ramp_3,900.0,39346176.0,"{""__name__"": ""process_resident_memory_bytes""}"
1,A,RSS Memory Footprint,go_inventory,go,inventory,inventory-go-twin:9082,inventory-go-twin:9082,2026-06-23 17:55:18,2026-06-23T12:25:18Z,1782217518,ramp_3,915.0,34086912.0,"{""__name__"": ""process_resident_memory_bytes""}"
1,A,RSS Memory Footprint,go_inventory,go,inventory,order-go-twin:9083,order-go-twin:9083,2026-06-23 17:55:18,2026-06-23T12:25:18Z,1782217518,ramp_3,915.0,32944128.0,"{""__name__"": ""process_resident_memory_bytes""}"
1,A,RSS Memory Footprint,go_inventory,go,inventory,warehouse-go:8084,warehouse-go:8084,2026-06-23 17:55:18,2026-06-23T12:25:18Z,1782217518,ramp_3,915.0,39739392.0,"{""__name__"": ""process_resident_memory_bytes""}"
1,A,RSS Memory Footprint,go_inventory,go,inventory,inventory-go-twin:9082,inventory-go-twin:9082,2026-06-23 17:55:33,2026-06-23T12:25:33Z,1782217533,ramp_3,930.0,33296384.0,"{""__name__"": ""process_resident_memory_bytes""}"
1,A,RSS Memory Footprint,go_inventory,go,inventory,order-go-twin:9083,order-go-twin:9083,2026-06-23 17:55:33,2026-06-23T12:25:33Z,1782217533,ramp_3,930.0,32944128.0,"{""__name__"": ""process_resident_memory_bytes""}"
1,A,RSS Memory Footprint,go_inventory,go,inventory,warehouse-go:8084,warehouse-go:8084,2026-06-23 17:55:33,2026-06-23T12:25:33Z,1782217533,ramp_3,930.0,39739392.0,"{""__name__"": ""process_resident_memory_bytes""}"
1,A,RSS Memory Footprint,go_inventory,go,inventory,inventory-go-twin:9082,inventory-go-twin:9082,2026-06-23 17:55:48,2026-06-23T12:25:48Z,1782217548,ramp_3,945.0,33783808.0,"{""__name__"": ""process_resident_memory_bytes""}"
1,A,RSS Memory Footprint,go_inventory,go,inventory,order-go-twin:9083,order-go-twin:9083,2026-06-23 17:55:48,2026-06-23T12:25:48Z,1782217548,ramp_3,945.0,32944128.0,"{""__name__"": ""process_resident_memory_bytes""}"
1,A,RSS Memory Footprint,go_inventory,go,inventory,warehouse-go:8084,warehouse-go:8084,2026-06-23 17:55:48,2026-06-23T12:25:48Z,1782217548,ramp_3,945.0,39350272.0,"{""__name__"": ""process_resident_memory_bytes""}"
1,A,RSS Memory Footprint,go_inventory,go,inventory,inventory-go-twin:9082,inventory-go-twin:9082,2026-06-23 17:56:03,2026-06-23T12:26:03Z,1782217563,ramp_3,960.0,34701312.0,"{""__name__"": ""process_resident_memory_bytes""}"
1,A,RSS Memory Footprint,go_inventory,go,inventory,order-go-twin:9083,order-go-twin:9083,2026-06-23 17:56:03,2026-06-23T12:26:03Z,1782217563,ramp_3,960.0,32796672.0,"{""__name__"": ""process_resident_memory_bytes""}"
1,A,RSS Memory Footprint,go_inventory,go,inventory,warehouse-go:8084,warehouse-go:8084,2026-06-23 17:56:03,2026-06-23T12:26:03Z,1782217563,ramp_3,960.0,39350272.0,"{""__name__"": ""process_resident_memory_bytes""}"
1,A,RSS Memory Footprint,go_inventory,go,inventory,inventory-go-twin:9082,inventory-go-twin:9082,2026-06-23 17:56:18,2026-06-23T12:26:18Z,1782217578,ramp_3,975.0,33218560.0,"{""__name__"": ""process_resident_memory_bytes""}"
1,A,RSS Memory Footprint,go_inventory,go,inventory,order-go-twin:9083,order-go-twin:9083,2026-06-23 17:56:18,2026-06-23T12:26:18Z,1782217578,ramp_3,975.0,32796672.0,"{""__name__"": ""process_resident_memory_bytes""}"
1,A,RSS Memory Footprint,go_inventory,go,inventory,warehouse-go:8084,warehouse-go:8084,2026-06-23 17:56:18,2026-06-23T12:26:18Z,1782217578,ramp_3,975.0,39350272.0,"{""__name__"": ""process_resident_memory_bytes""}"
1,A,RSS Memory Footprint,go_inventory,go,inventory,inventory-go-twin:9082,inventory-go-twin:9082,2026-06-23 17:56:33,2026-06-23T12:26:33Z,1782217593,ramp_3,990.0,33558528.0,"{""__name__"": ""process_resident_memory_bytes""}"
1,A,RSS Memory Footprint,go_inventory,go,inventory,order-go-twin:9083,order-go-twin:9083,2026-06-23 17:56:33,2026-06-23T12:26:33Z,1782217593,ramp_3,990.0,32796672.0,"{""__name__"": ""process_resident_memory_bytes""}"
1,A,RSS Memory Footprint,go_inventory,go,inventory,warehouse-go:8084,warehouse-go:8084,2026-06-23 17:56:33,2026-06-23T12:26:33Z,1782217593,ramp_3,990.0,39350272.0,"{""__name__"": ""process_resident_memory_bytes""}"
1,A,RSS Memory Footprint,go_inventory,go,inventory,inventory-go-twin:9082,inventory-go-twin:9082,2026-06-23 17:56:48,2026-06-23T12:26:48Z,1782217608,ramp_3,1005.0,34062336.0,"{""__name__"": ""process_resident_memory_bytes""}"
1,A,RSS Memory Footprint,go_inventory,go,inventory,order-go-twin:9083,order-go-twin:9083,2026-06-23 17:56:48,2026-06-23T12:26:48Z,1782217608,ramp_3,1005.0,32796672.0,"{""__name__"": ""process_resident_memory_bytes""}"
1,A,RSS Memory Footprint,go_inventory,go,inventory,warehouse-go:8084,warehouse-go:8084,2026-06-23 17:56:48,2026-06-23T12:26:48Z,1782217608,ramp_3,1005.0,39481344.0,"{""__name__"": ""process_resident_memory_bytes""}"
1,A,RSS Memory Footprint,go_inventory,go,inventory,inventory-go-twin:9082,inventory-go-twin:9082,2026-06-23 17:57:03,2026-06-23T12:27:03Z,1782217623,ramp_3,1020.0,34062336.0,"{""__name__"": ""process_resident_memory_bytes""}"
1,A,RSS Memory Footprint,go_inventory,go,inventory,order-go-twin:9083,order-go-twin:9083,2026-06-23 17:57:03,2026-06-23T12:27:03Z,1782217623,ramp_3,1020.0,32796672.0,"{""__name__"": ""process_resident_memory_bytes""}"
1,A,RSS Memory Footprint,go_inventory,go,inventory,warehouse-go:8084,warehouse-go:8084,2026-06-23 17:57:03,2026-06-23T12:27:03Z,1782217623,ramp_3,1020.0,39612416.0,"{""__name__"": ""process_resident_memory_bytes""}"
1,A,RSS Memory Footprint,go_inventory,go,inventory,inventory-go-twin:9082,inventory-go-twin:9082,2026-06-23 17:57:18,2026-06-23T12:27:18Z,1782217638,ramp_3,1035.0,34586624.0,"{""__name__"": ""process_resident_memory_bytes""}"
1,A,RSS Memory Footprint,go_inventory,go,inventory,order-go-twin:9083,order-go-twin:9083,2026-06-23 17:57:18,2026-06-23T12:27:18Z,1782217638,ramp_3,1035.0,32796672.0,"{""__name__"": ""process_resident_memory_bytes""}"
1,A,RSS Memory Footprint,go_inventory,go,inventory,warehouse-go:8084,warehouse-go:8084,2026-06-23 17:57:18,2026-06-23T12:27:18Z,1782217638,ramp_3,1035.0,39874560.0,"{""__name__"": ""process_resident_memory_bytes""}"
1,A,RSS Memory Footprint,go_inventory,go,inventory,inventory-go-twin:9082,inventory-go-twin:9082,2026-06-23 17:57:33,2026-06-23T12:27:33Z,1782217653,ramp_3,1050.0,34361344.0,"{""__name__"": ""process_resident_memory_bytes""}"
1,A,RSS Memory Footprint,go_inventory,go,inventory,order-go-twin:9083,order-go-twin:9083,2026-06-23 17:57:33,2026-06-23T12:27:33Z,1782217653,ramp_3,1050.0,32796672.0,"{""__name__"": ""process_resident_memory_bytes""}"
1,A,RSS Memory Footprint,go_inventory,go,inventory,warehouse-go:8084,warehouse-go:8084,2026-06-23 17:57:33,2026-06-23T12:27:33Z,1782217653,ramp_3,1050.0,40136704.0,"{""__name__"": ""process_resident_memory_bytes""}"
1,A,RSS Memory Footprint,go_inventory,go,inventory,inventory-go-twin:9082,inventory-go-twin:9082,2026-06-23 17:57:48,2026-06-23T12:27:48Z,1782217668,ramp_3,1065.0,35278848.0,"{""__name__"": ""process_resident_memory_bytes""}"
1,A,RSS Memory Footprint,go_inventory,go,inventory,order-go-twin:9083,order-go-twin:9083,2026-06-23 17:57:48,2026-06-23T12:27:48Z,1782217668,ramp_3,1065.0,32796672.0,"{""__name__"": ""process_resident_memory_bytes""}"
1,A,RSS Memory Footprint,go_inventory,go,inventory,warehouse-go:8084,warehouse-go:8084,2026-06-23 17:57:48,2026-06-23T12:27:48Z,1782217668,ramp_3,1065.0,40136704.0,"{""__name__"": ""process_resident_memory_bytes""}"
1,A,RSS Memory Footprint,go_inventory,go,inventory,inventory-go-twin:9082,inventory-go-twin:9082,2026-06-23 17:58:03,2026-06-23T12:28:03Z,1782217683,ramp_3,1080.0,35540992.0,"{""__name__"": ""process_resident_memory_bytes""}"
1,A,RSS Memory Footprint,go_inventory,go,inventory,order-go-twin:9083,order-go-twin:9083,2026-06-23 17:58:03,2026-06-23T12:28:03Z,1782217683,ramp_3,1080.0,32796672.0,"{""__name__"": ""process_resident_memory_bytes""}"
1,A,RSS Memory Footprint,go_inventory,go,inventory,warehouse-go:8084,warehouse-go:8084,2026-06-23 17:58:03,2026-06-23T12:28:03Z,1782217683,ramp_3,1080.0,40136704.0,"{""__name__"": ""process_resident_memory_bytes""}"
1,A,RSS Memory Footprint,go_inventory,go,inventory,inventory-go-twin:9082,inventory-go-twin:9082,2026-06-23 17:58:18,2026-06-23T12:28:18Z,1782217698,ramp_3,1095.0,35672064.0,"{""__name__"": ""process_resident_memory_bytes""}"
1,A,RSS Memory Footprint,go_inventory,go,inventory,order-go-twin:9083,order-go-twin:9083,2026-06-23 17:58:18,2026-06-23T12:28:18Z,1782217698,ramp_3,1095.0,32796672.0,"{""__name__"": ""process_resident_memory_bytes""}"
1,A,RSS Memory Footprint,go_inventory,go,inventory,warehouse-go:8084,warehouse-go:8084,2026-06-23 17:58:18,2026-06-23T12:28:18Z,1782217698,ramp_3,1095.0,40136704.0,"{""__name__"": ""process_resident_memory_bytes""}"
1,A,RSS Memory Footprint,go_inventory,go,inventory,inventory-go-twin:9082,inventory-go-twin:9082,2026-06-23 17:58:33,2026-06-23T12:28:33Z,1782217713,ramp_3,1110.0,35893248.0,"{""__name__"": ""process_resident_memory_bytes""}"
1,A,RSS Memory Footprint,go_inventory,go,inventory,order-go-twin:9083,order-go-twin:9083,2026-06-23 17:58:33,2026-06-23T12:28:33Z,1782217713,ramp_3,1110.0,32796672.0,"{""__name__"": ""process_resident_memory_bytes""}"
1,A,RSS Memory Footprint,go_inventory,go,inventory,warehouse-go:8084,warehouse-go:8084,2026-06-23 17:58:33,2026-06-23T12:28:33Z,1782217713,ramp_3,1110.0,40267776.0,"{""__name__"": ""process_resident_memory_bytes""}"
1,A,RSS Memory Footprint,go_inventory,go,inventory,inventory-go-twin:9082,inventory-go-twin:9082,2026-06-23 17:58:48,2026-06-23T12:28:48Z,1782217728,ramp_3,1125.0,32985088.0,"{""__name__"": ""process_resident_memory_bytes""}"
1,A,RSS Memory Footprint,go_inventory,go,inventory,order-go-twin:9083,order-go-twin:9083,2026-06-23 17:58:48,2026-06-23T12:28:48Z,1782217728,ramp_3,1125.0,32796672.0,"{""__name__"": ""process_resident_memory_bytes""}"
1,A,RSS Memory Footprint,go_inventory,go,inventory,warehouse-go:8084,warehouse-go:8084,2026-06-23 17:58:48,2026-06-23T12:28:48Z,1782217728,ramp_3,1125.0,40267776.0,"{""__name__"": ""process_resident_memory_bytes""}"
1,A,RSS Memory Footprint,go_inventory,go,inventory,inventory-go-twin:9082,inventory-go-twin:9082,2026-06-23 17:59:03,2026-06-23T12:29:03Z,1782217743,ramp_3,1140.0,35737600.0,"{""__name__"": ""process_resident_memory_bytes""}"
1,A,RSS Memory Footprint,go_inventory,go,inventory,order-go-twin:9083,order-go-twin:9083,2026-06-23 17:59:03,2026-06-23T12:29:03Z,1782217743,ramp_3,1140.0,32796672.0,"{""__name__"": ""process_resident_memory_bytes""}"
1,A,RSS Memory Footprint,go_inventory,go,inventory,warehouse-go:8084,warehouse-go:8084,2026-06-23 17:59:03,2026-06-23T12:29:03Z,1782217743,ramp_3,1140.0,40378368.0,"{""__name__"": ""process_resident_memory_bytes""}"
1,A,RSS Memory Footprint,go_inventory,go,inventory,inventory-go-twin:9082,inventory-go-twin:9082,2026-06-23 17:59:18,2026-06-23T12:29:18Z,1782217758,ramp_3,1155.0,35373056.0,"{""__name__"": ""process_resident_memory_bytes""}"
1,A,RSS Memory Footprint,go_inventory,go,inventory,order-go-twin:9083,order-go-twin:9083,2026-06-23 17:59:18,2026-06-23T12:29:18Z,1782217758,ramp_3,1155.0,32796672.0,"{""__name__"": ""process_resident_memory_bytes""}"
1,A,RSS Memory Footprint,go_inventory,go,inventory,warehouse-go:8084,warehouse-go:8084,2026-06-23 17:59:18,2026-06-23T12:29:18Z,1782217758,ramp_3,1155.0,39108608.0,"{""__name__"": ""process_resident_memory_bytes""}"
1,A,RSS Memory Footprint,go_inventory,go,inventory,inventory-go-twin:9082,inventory-go-twin:9082,2026-06-23 17:59:33,2026-06-23T12:29:33Z,1782217773,ramp_3,1170.0,35328000.0,"{""__name__"": ""process_resident_memory_bytes""}"
1,A,RSS Memory Footprint,go_inventory,go,inventory,order-go-twin:9083,order-go-twin:9083,2026-06-23 17:59:33,2026-06-23T12:29:33Z,1782217773,ramp_3,1170.0,32796672.0,"{""__name__"": ""process_resident_memory_bytes""}"
1,A,RSS Memory Footprint,go_inventory,go,inventory,warehouse-go:8084,warehouse-go:8084,2026-06-23 17:59:33,2026-06-23T12:29:33Z,1782217773,ramp_3,1170.0,39239680.0,"{""__name__"": ""process_resident_memory_bytes""}"
1,A,RSS Memory Footprint,go_inventory,go,inventory,inventory-go-twin:9082,inventory-go-twin:9082,2026-06-23 17:59:48,2026-06-23T12:29:48Z,1782217788,ramp_3,1185.0,34312192.0,"{""__name__"": ""process_resident_memory_bytes""}"
1,A,RSS Memory Footprint,go_inventory,go,inventory,order-go-twin:9083,order-go-twin:9083,2026-06-23 17:59:48,2026-06-23T12:29:48Z,1782217788,ramp_3,1185.0,32796672.0,"{""__name__"": ""process_resident_memory_bytes""}"
1,A,RSS Memory Footprint,go_inventory,go,inventory,warehouse-go:8084,warehouse-go:8084,2026-06-23 17:59:48,2026-06-23T12:29:48Z,1782217788,ramp_3,1185.0,39485440.0,"{""__name__"": ""process_resident_memory_bytes""}"
1,A,RSS Memory Footprint,go_inventory,go,inventory,inventory-go-twin:9082,inventory-go-twin:9082,2026-06-23 18:00:03,2026-06-23T12:30:03Z,1782217803,sustain,1200.0,36409344.0,"{""__name__"": ""process_resident_memory_bytes""}"
1,A,RSS Memory Footprint,go_inventory,go,inventory,order-go-twin:9083,order-go-twin:9083,2026-06-23 18:00:03,2026-06-23T12:30:03Z,1782217803,sustain,1200.0,32796672.0,"{""__name__"": ""process_resident_memory_bytes""}"
1,A,RSS Memory Footprint,go_inventory,go,inventory,warehouse-go:8084,warehouse-go:8084,2026-06-23 18:00:03,2026-06-23T12:30:03Z,1782217803,sustain,1200.0,39616512.0,"{""__name__"": ""process_resident_memory_bytes""}"
1,A,RSS Memory Footprint,go_inventory,go,inventory,inventory-go-twin:9082,inventory-go-twin:9082,2026-06-23 18:00:18,2026-06-23T12:30:18Z,1782217818,sustain,1215.0,36409344.0,"{""__name__"": ""process_resident_memory_bytes""}"
1,A,RSS Memory Footprint,go_inventory,go,inventory,order-go-twin:9083,order-go-twin:9083,2026-06-23 18:00:18,2026-06-23T12:30:18Z,1782217818,sustain,1215.0,32796672.0,"{""__name__"": ""process_resident_memory_bytes""}"
1,A,RSS Memory Footprint,go_inventory,go,inventory,warehouse-go:8084,warehouse-go:8084,2026-06-23 18:00:18,2026-06-23T12:30:18Z,1782217818,sustain,1215.0,37629952.0,"{""__name__"": ""process_resident_memory_bytes""}"
1,A,RSS Memory Footprint,go_inventory,go,inventory,inventory-go-twin:9082,inventory-go-twin:9082,2026-06-23 18:00:33,2026-06-23T12:30:33Z,1782217833,sustain,1230.0,36614144.0,"{""__name__"": ""process_resident_memory_bytes""}"
1,A,RSS Memory Footprint,go_inventory,go,inventory,order-go-twin:9083,order-go-twin:9083,2026-06-23 18:00:33,2026-06-23T12:30:33Z,1782217833,sustain,1230.0,32796672.0,"{""__name__"": ""process_resident_memory_bytes""}"
1,A,RSS Memory Footprint,go_inventory,go,inventory,warehouse-go:8084,warehouse-go:8084,2026-06-23 18:00:33,2026-06-23T12:30:33Z,1782217833,sustain,1230.0,37629952.0,"{""__name__"": ""process_resident_memory_bytes""}"
1,A,RSS Memory Footprint,go_inventory,go,inventory,inventory-go-twin:9082,inventory-go-twin:9082,2026-06-23 18:00:48,2026-06-23T12:30:48Z,1782217848,sustain,1245.0,36454400.0,"{""__name__"": ""process_resident_memory_bytes""}"
1,A,RSS Memory Footprint,go_inventory,go,inventory,order-go-twin:9083,order-go-twin:9083,2026-06-23 18:00:48,2026-06-23T12:30:48Z,1782217848,sustain,1245.0,32796672.0,"{""__name__"": ""process_resident_memory_bytes""}"
1,A,RSS Memory Footprint,go_inventory,go,inventory,warehouse-go:8084,warehouse-go:8084,2026-06-23 18:00:48,2026-06-23T12:30:48Z,1782217848,sustain,1245.0,37892096.0,"{""__name__"": ""process_resident_memory_bytes""}"
1,A,RSS Memory Footprint,go_inventory,go,inventory,inventory-go-twin:9082,inventory-go-twin:9082,2026-06-23 18:01:03,2026-06-23T12:31:03Z,1782217863,sustain,1260.0,36438016.0,"{""__name__"": ""process_resident_memory_bytes""}"
1,A,RSS Memory Footprint,go_inventory,go,inventory,order-go-twin:9083,order-go-twin:9083,2026-06-23 18:01:03,2026-06-23T12:31:03Z,1782217863,sustain,1260.0,32796672.0,"{""__name__"": ""process_resident_memory_bytes""}"
1,A,RSS Memory Footprint,go_inventory,go,inventory,warehouse-go:8084,warehouse-go:8084,2026-06-23 18:01:03,2026-06-23T12:31:03Z,1782217863,sustain,1260.0,38547456.0,"{""__name__"": ""process_resident_memory_bytes""}"
1,A,RSS Memory Footprint,go_inventory,go,inventory,inventory-go-twin:9082,inventory-go-twin:9082,2026-06-23 18:01:18,2026-06-23T12:31:18Z,1782217878,sustain,1275.0,36569088.0,"{""__name__"": ""process_resident_memory_bytes""}"
1,A,RSS Memory Footprint,go_inventory,go,inventory,order-go-twin:9083,order-go-twin:9083,2026-06-23 18:01:18,2026-06-23T12:31:18Z,1782217878,sustain,1275.0,32796672.0,"{""__name__"": ""process_resident_memory_bytes""}"
1,A,RSS Memory Footprint,go_inventory,go,inventory,warehouse-go:8084,warehouse-go:8084,2026-06-23 18:01:18,2026-06-23T12:31:18Z,1782217878,sustain,1275.0,39464960.0,"{""__name__"": ""process_resident_memory_bytes""}"
1,A,RSS Memory Footprint,go_inventory,go,inventory,inventory-go-twin:9082,inventory-go-twin:9082,2026-06-23 18:01:33,2026-06-23T12:31:33Z,1782217893,sustain,1290.0,36380672.0,"{""__name__"": ""process_resident_memory_bytes""}"
1,A,RSS Memory Footprint,go_inventory,go,inventory,order-go-twin:9083,order-go-twin:9083,2026-06-23 18:01:33,2026-06-23T12:31:33Z,1782217893,sustain,1290.0,32796672.0,"{""__name__"": ""process_resident_memory_bytes""}"
1,A,RSS Memory Footprint,go_inventory,go,inventory,warehouse-go:8084,warehouse-go:8084,2026-06-23 18:01:33,2026-06-23T12:31:33Z,1782217893,sustain,1290.0,37814272.0,"{""__name__"": ""process_resident_memory_bytes""}"
1,A,RSS Memory Footprint,go_inventory,go,inventory,inventory-go-twin:9082,inventory-go-twin:9082,2026-06-23 18:01:48,2026-06-23T12:31:48Z,1782217908,sustain,1305.0,35282944.0,"{""__name__"": ""process_resident_memory_bytes""}"
1,A,RSS Memory Footprint,go_inventory,go,inventory,order-go-twin:9083,order-go-twin:9083,2026-06-23 18:01:48,2026-06-23T12:31:48Z,1782217908,sustain,1305.0,32796672.0,"{""__name__"": ""process_resident_memory_bytes""}"
1,A,RSS Memory Footprint,go_inventory,go,inventory,warehouse-go:8084,warehouse-go:8084,2026-06-23 18:01:48,2026-06-23T12:31:48Z,1782217908,sustain,1305.0,37543936.0,"{""__name__"": ""process_resident_memory_bytes""}"
1,A,RSS Memory Footprint,go_inventory,go,inventory,inventory-go-twin:9082,inventory-go-twin:9082,2026-06-23 18:02:03,2026-06-23T12:32:03Z,1782217923,sustain,1320.0,35831808.0,"{""__name__"": ""process_resident_memory_bytes""}"
1,A,RSS Memory Footprint,go_inventory,go,inventory,order-go-twin:9083,order-go-twin:9083,2026-06-23 18:02:03,2026-06-23T12:32:03Z,1782217923,sustain,1320.0,32796672.0,"{""__name__"": ""process_resident_memory_bytes""}"
1,A,RSS Memory Footprint,go_inventory,go,inventory,warehouse-go:8084,warehouse-go:8084,2026-06-23 18:02:03,2026-06-23T12:32:03Z,1782217923,sustain,1320.0,37675008.0,"{""__name__"": ""process_resident_memory_bytes""}"
1,A,RSS Memory Footprint,go_inventory,go,inventory,inventory-go-twin:9082,inventory-go-twin:9082,2026-06-23 18:02:18,2026-06-23T12:32:18Z,1782217938,sustain,1335.0,35373056.0,"{""__name__"": ""process_resident_memory_bytes""}"
1,A,RSS Memory Footprint,go_inventory,go,inventory,order-go-twin:9083,order-go-twin:9083,2026-06-23 18:02:18,2026-06-23T12:32:18Z,1782217938,sustain,1335.0,32796672.0,"{""__name__"": ""process_resident_memory_bytes""}"
1,A,RSS Memory Footprint,go_inventory,go,inventory,warehouse-go:8084,warehouse-go:8084,2026-06-23 18:02:18,2026-06-23T12:32:18Z,1782217938,sustain,1335.0,37675008.0,"{""__name__"": ""process_resident_memory_bytes""}"
1,A,RSS Memory Footprint,go_inventory,go,inventory,inventory-go-twin:9082,inventory-go-twin:9082,2026-06-23 18:02:33,2026-06-23T12:32:33Z,1782217953,sustain,1350.0,35663872.0,"{""__name__"": ""process_resident_memory_bytes""}"
1,A,RSS Memory Footprint,go_inventory,go,inventory,order-go-twin:9083,order-go-twin:9083,2026-06-23 18:02:33,2026-06-23T12:32:33Z,1782217953,sustain,1350.0,32796672.0,"{""__name__"": ""process_resident_memory_bytes""}"
1,A,RSS Memory Footprint,go_inventory,go,inventory,warehouse-go:8084,warehouse-go:8084,2026-06-23 18:02:33,2026-06-23T12:32:33Z,1782217953,sustain,1350.0,37675008.0,"{""__name__"": ""process_resident_memory_bytes""}"
1,A,RSS Memory Footprint,go_inventory,go,inventory,inventory-go-twin:9082,inventory-go-twin:9082,2026-06-23 18:02:48,2026-06-23T12:32:48Z,1782217968,sustain,1365.0,36577280.0,"{""__name__"": ""process_resident_memory_bytes""}"
1,A,RSS Memory Footprint,go_inventory,go,inventory,order-go-twin:9083,order-go-twin:9083,2026-06-23 18:02:48,2026-06-23T12:32:48Z,1782217968,sustain,1365.0,32796672.0,"{""__name__"": ""process_resident_memory_bytes""}"
1,A,RSS Memory Footprint,go_inventory,go,inventory,warehouse-go:8084,warehouse-go:8084,2026-06-23 18:02:48,2026-06-23T12:32:48Z,1782217968,sustain,1365.0,37535744.0,"{""__name__"": ""process_resident_memory_bytes""}"
1,A,RSS Memory Footprint,go_inventory,go,inventory,inventory-go-twin:9082,inventory-go-twin:9082,2026-06-23 18:03:03,2026-06-23T12:33:03Z,1782217983,sustain,1380.0,34152448.0,"{""__name__"": ""process_resident_memory_bytes""}"
1,A,RSS Memory Footprint,go_inventory,go,inventory,order-go-twin:9083,order-go-twin:9083,2026-06-23 18:03:03,2026-06-23T12:33:03Z,1782217983,sustain,1380.0,32796672.0,"{""__name__"": ""process_resident_memory_bytes""}"
1,A,RSS Memory Footprint,go_inventory,go,inventory,warehouse-go:8084,warehouse-go:8084,2026-06-23 18:03:03,2026-06-23T12:33:03Z,1782217983,sustain,1380.0,37535744.0,"{""__name__"": ""process_resident_memory_bytes""}"
1,A,RSS Memory Footprint,go_inventory,go,inventory,inventory-go-twin:9082,inventory-go-twin:9082,2026-06-23 18:03:18,2026-06-23T12:33:18Z,1782217998,sustain,1395.0,35135488.0,"{""__name__"": ""process_resident_memory_bytes""}"
1,A,RSS Memory Footprint,go_inventory,go,inventory,order-go-twin:9083,order-go-twin:9083,2026-06-23 18:03:18,2026-06-23T12:33:18Z,1782217998,sustain,1395.0,32796672.0,"{""__name__"": ""process_resident_memory_bytes""}"
1,A,RSS Memory Footprint,go_inventory,go,inventory,warehouse-go:8084,warehouse-go:8084,2026-06-23 18:03:18,2026-06-23T12:33:18Z,1782217998,sustain,1395.0,37535744.0,"{""__name__"": ""process_resident_memory_bytes""}"
1,A,RSS Memory Footprint,go_inventory,go,inventory,inventory-go-twin:9082,inventory-go-twin:9082,2026-06-23 18:03:33,2026-06-23T12:33:33Z,1782218013,sustain,1410.0,33853440.0,"{""__name__"": ""process_resident_memory_bytes""}"
1,A,RSS Memory Footprint,go_inventory,go,inventory,order-go-twin:9083,order-go-twin:9083,2026-06-23 18:03:33,2026-06-23T12:33:33Z,1782218013,sustain,1410.0,32796672.0,"{""__name__"": ""process_resident_memory_bytes""}"
1,A,RSS Memory Footprint,go_inventory,go,inventory,warehouse-go:8084,warehouse-go:8084,2026-06-23 18:03:33,2026-06-23T12:33:33Z,1782218013,sustain,1410.0,36999168.0,"{""__name__"": ""process_resident_memory_bytes""}"
1,A,RSS Memory Footprint,go_inventory,go,inventory,inventory-go-twin:9082,inventory-go-twin:9082,2026-06-23 18:03:48,2026-06-23T12:33:48Z,1782218028,sustain,1425.0,35557376.0,"{""__name__"": ""process_resident_memory_bytes""}"
1,A,RSS Memory Footprint,go_inventory,go,inventory,order-go-twin:9083,order-go-twin:9083,2026-06-23 18:03:48,2026-06-23T12:33:48Z,1782218028,sustain,1425.0,32796672.0,"{""__name__"": ""process_resident_memory_bytes""}"
1,A,RSS Memory Footprint,go_inventory,go,inventory,warehouse-go:8084,warehouse-go:8084,2026-06-23 18:03:48,2026-06-23T12:33:48Z,1782218028,sustain,1425.0,37085184.0,"{""__name__"": ""process_resident_memory_bytes""}"
1,A,RSS Memory Footprint,go_inventory,go,inventory,inventory-go-twin:9082,inventory-go-twin:9082,2026-06-23 18:04:03,2026-06-23T12:34:03Z,1782218043,sustain,1440.0,35225600.0,"{""__name__"": ""process_resident_memory_bytes""}"
1,A,RSS Memory Footprint,go_inventory,go,inventory,order-go-twin:9083,order-go-twin:9083,2026-06-23 18:04:03,2026-06-23T12:34:03Z,1782218043,sustain,1440.0,32796672.0,"{""__name__"": ""process_resident_memory_bytes""}"
1,A,RSS Memory Footprint,go_inventory,go,inventory,warehouse-go:8084,warehouse-go:8084,2026-06-23 18:04:03,2026-06-23T12:34:03Z,1782218043,sustain,1440.0,36257792.0,"{""__name__"": ""process_resident_memory_bytes""}"
1,A,RSS Memory Footprint,go_inventory,go,inventory,inventory-go-twin:9082,inventory-go-twin:9082,2026-06-23 18:04:18,2026-06-23T12:34:18Z,1782218058,sustain,1455.0,34353152.0,"{""__name__"": ""process_resident_memory_bytes""}"
1,A,RSS Memory Footprint,go_inventory,go,inventory,order-go-twin:9083,order-go-twin:9083,2026-06-23 18:04:18,2026-06-23T12:34:18Z,1782218058,sustain,1455.0,32796672.0,"{""__name__"": ""process_resident_memory_bytes""}"
1,A,RSS Memory Footprint,go_inventory,go,inventory,warehouse-go:8084,warehouse-go:8084,2026-06-23 18:04:18,2026-06-23T12:34:18Z,1782218058,sustain,1455.0,34119680.0,"{""__name__"": ""process_resident_memory_bytes""}"
1,A,RSS Memory Footprint,go_inventory,go,inventory,inventory-go-twin:9082,inventory-go-twin:9082,2026-06-23 18:04:33,2026-06-23T12:34:33Z,1782218073,sustain,1470.0,35475456.0,"{""__name__"": ""process_resident_memory_bytes""}"
1,A,RSS Memory Footprint,go_inventory,go,inventory,order-go-twin:9083,order-go-twin:9083,2026-06-23 18:04:33,2026-06-23T12:34:33Z,1782218073,sustain,1470.0,32796672.0,"{""__name__"": ""process_resident_memory_bytes""}"
1,A,RSS Memory Footprint,go_inventory,go,inventory,warehouse-go:8084,warehouse-go:8084,2026-06-23 18:04:33,2026-06-23T12:34:33Z,1782218073,sustain,1470.0,35168256.0,"{""__name__"": ""process_resident_memory_bytes""}"
1,A,RSS Memory Footprint,go_inventory,go,inventory,inventory-go-twin:9082,inventory-go-twin:9082,2026-06-23 18:04:48,2026-06-23T12:34:48Z,1782218088,sustain,1485.0,34103296.0,"{""__name__"": ""process_resident_memory_bytes""}"
1,A,RSS Memory Footprint,go_inventory,go,inventory,order-go-twin:9083,order-go-twin:9083,2026-06-23 18:04:48,2026-06-23T12:34:48Z,1782218088,sustain,1485.0,32796672.0,"{""__name__"": ""process_resident_memory_bytes""}"
1,A,RSS Memory Footprint,go_inventory,go,inventory,warehouse-go:8084,warehouse-go:8084,2026-06-23 18:04:48,2026-06-23T12:34:48Z,1782218088,sustain,1485.0,35954688.0,"{""__name__"": ""process_resident_memory_bytes""}"
1,A,RSS Memory Footprint,go_inventory,go,inventory,inventory-go-twin:9082,inventory-go-twin:9082,2026-06-23 18:05:03,2026-06-23T12:35:03Z,1782218103,sustain,1500.0,35733504.0,"{""__name__"": ""process_resident_memory_bytes""}"
1,A,RSS Memory Footprint,go_inventory,go,inventory,order-go-twin:9083,order-go-twin:9083,2026-06-23 18:05:03,2026-06-23T12:35:03Z,1782218103,sustain,1500.0,33452032.0,"{""__name__"": ""process_resident_memory_bytes""}"
1,A,RSS Memory Footprint,go_inventory,go,inventory,warehouse-go:8084,warehouse-go:8084,2026-06-23 18:05:03,2026-06-23T12:35:03Z,1782218103,sustain,1500.0,35954688.0,"{""__name__"": ""process_resident_memory_bytes""}"
1,A,RSS Memory Footprint,go_inventory,go,inventory,inventory-go-twin:9082,inventory-go-twin:9082,2026-06-23 18:05:18,2026-06-23T12:35:18Z,1782218118,sustain,1515.0,36491264.0,"{""__name__"": ""process_resident_memory_bytes""}"
1,A,RSS Memory Footprint,go_inventory,go,inventory,order-go-twin:9083,order-go-twin:9083,2026-06-23 18:05:18,2026-06-23T12:35:18Z,1782218118,sustain,1515.0,33452032.0,"{""__name__"": ""process_resident_memory_bytes""}"
1,A,RSS Memory Footprint,go_inventory,go,inventory,warehouse-go:8084,warehouse-go:8084,2026-06-23 18:05:18,2026-06-23T12:35:18Z,1782218118,sustain,1515.0,34217984.0,"{""__name__"": ""process_resident_memory_bytes""}"
1,A,RSS Memory Footprint,go_inventory,go,inventory,inventory-go-twin:9082,inventory-go-twin:9082,2026-06-23 18:05:33,2026-06-23T12:35:33Z,1782218133,sustain,1530.0,33976320.0,"{""__name__"": ""process_resident_memory_bytes""}"
1,A,RSS Memory Footprint,go_inventory,go,inventory,order-go-twin:9083,order-go-twin:9083,2026-06-23 18:05:33,2026-06-23T12:35:33Z,1782218133,sustain,1530.0,33452032.0,"{""__name__"": ""process_resident_memory_bytes""}"
1,A,RSS Memory Footprint,go_inventory,go,inventory,warehouse-go:8084,warehouse-go:8084,2026-06-23 18:05:33,2026-06-23T12:35:33Z,1782218133,sustain,1530.0,34426880.0,"{""__name__"": ""process_resident_memory_bytes""}"
1,A,RSS Memory Footprint,go_inventory,go,inventory,inventory-go-twin:9082,inventory-go-twin:9082,2026-06-23 18:05:48,2026-06-23T12:35:48Z,1782218148,sustain,1545.0,35053568.0,"{""__name__"": ""process_resident_memory_bytes""}"
1,A,RSS Memory Footprint,go_inventory,go,inventory,order-go-twin:9083,order-go-twin:9083,2026-06-23 18:05:48,2026-06-23T12:35:48Z,1782218148,sustain,1545.0,33452032.0,"{""__name__"": ""process_resident_memory_bytes""}"
1,A,RSS Memory Footprint,go_inventory,go,inventory,warehouse-go:8084,warehouse-go:8084,2026-06-23 18:05:48,2026-06-23T12:35:48Z,1782218148,sustain,1545.0,35213312.0,"{""__name__"": ""process_resident_memory_bytes""}"
1,A,RSS Memory Footprint,go_inventory,go,inventory,inventory-go-twin:9082,inventory-go-twin:9082,2026-06-23 18:06:03,2026-06-23T12:36:03Z,1782218163,sustain,1560.0,33820672.0,"{""__name__"": ""process_resident_memory_bytes""}"
1,A,RSS Memory Footprint,go_inventory,go,inventory,order-go-twin:9083,order-go-twin:9083,2026-06-23 18:06:03,2026-06-23T12:36:03Z,1782218163,sustain,1560.0,33452032.0,"{""__name__"": ""process_resident_memory_bytes""}"
1,A,RSS Memory Footprint,go_inventory,go,inventory,warehouse-go:8084,warehouse-go:8084,2026-06-23 18:06:03,2026-06-23T12:36:03Z,1782218163,sustain,1560.0,35344384.0,"{""__name__"": ""process_resident_memory_bytes""}"
1,A,RSS Memory Footprint,go_inventory,go,inventory,inventory-go-twin:9082,inventory-go-twin:9082,2026-06-23 18:06:18,2026-06-23T12:36:18Z,1782218178,sustain,1575.0,35803136.0,"{""__name__"": ""process_resident_memory_bytes""}"
1,A,RSS Memory Footprint,go_inventory,go,inventory,order-go-twin:9083,order-go-twin:9083,2026-06-23 18:06:18,2026-06-23T12:36:18Z,1782218178,sustain,1575.0,33452032.0,"{""__name__"": ""process_resident_memory_bytes""}"
1,A,RSS Memory Footprint,go_inventory,go,inventory,warehouse-go:8084,warehouse-go:8084,2026-06-23 18:06:18,2026-06-23T12:36:18Z,1782218178,sustain,1575.0,35999744.0,"{""__name__"": ""process_resident_memory_bytes""}"
1,A,RSS Memory Footprint,go_inventory,go,inventory,inventory-go-twin:9082,inventory-go-twin:9082,2026-06-23 18:06:33,2026-06-23T12:36:33Z,1782218193,sustain,1590.0,36982784.0,"{""__name__"": ""process_resident_memory_bytes""}"
1,A,RSS Memory Footprint,go_inventory,go,inventory,order-go-twin:9083,order-go-twin:9083,2026-06-23 18:06:33,2026-06-23T12:36:33Z,1782218193,sustain,1590.0,33058816.0,"{""__name__"": ""process_resident_memory_bytes""}"
1,A,RSS Memory Footprint,go_inventory,go,inventory,warehouse-go:8084,warehouse-go:8084,2026-06-23 18:06:33,2026-06-23T12:36:33Z,1782218193,sustain,1590.0,35999744.0,"{""__name__"": ""process_resident_memory_bytes""}"
1,A,RSS Memory Footprint,go_inventory,go,inventory,inventory-go-twin:9082,inventory-go-twin:9082,2026-06-23 18:06:48,2026-06-23T12:36:48Z,1782218208,sustain,1605.0,36720640.0,"{""__name__"": ""process_resident_memory_bytes""}"
1,A,RSS Memory Footprint,go_inventory,go,inventory,order-go-twin:9083,order-go-twin:9083,2026-06-23 18:06:48,2026-06-23T12:36:48Z,1782218208,sustain,1605.0,32796672.0,"{""__name__"": ""process_resident_memory_bytes""}"
1,A,RSS Memory Footprint,go_inventory,go,inventory,warehouse-go:8084,warehouse-go:8084,2026-06-23 18:06:48,2026-06-23T12:36:48Z,1782218208,sustain,1605.0,35549184.0,"{""__name__"": ""process_resident_memory_bytes""}"
1,A,RSS Memory Footprint,go_inventory,go,inventory,inventory-go-twin:9082,inventory-go-twin:9082,2026-06-23 18:07:03,2026-06-23T12:37:03Z,1782218223,sustain,1620.0,36163584.0,"{""__name__"": ""process_resident_memory_bytes""}"
1,A,RSS Memory Footprint,go_inventory,go,inventory,order-go-twin:9083,order-go-twin:9083,2026-06-23 18:07:03,2026-06-23T12:37:03Z,1782218223,sustain,1620.0,32796672.0,"{""__name__"": ""process_resident_memory_bytes""}"
1,A,RSS Memory Footprint,go_inventory,go,inventory,warehouse-go:8084,warehouse-go:8084,2026-06-23 18:07:03,2026-06-23T12:37:03Z,1782218223,sustain,1620.0,34017280.0,"{""__name__"": ""process_resident_memory_bytes""}"
1,A,RSS Memory Footprint,go_inventory,go,inventory,inventory-go-twin:9082,inventory-go-twin:9082,2026-06-23 18:07:18,2026-06-23T12:37:18Z,1782218238,sustain,1635.0,36237312.0,"{""__name__"": ""process_resident_memory_bytes""}"
1,A,RSS Memory Footprint,go_inventory,go,inventory,order-go-twin:9083,order-go-twin:9083,2026-06-23 18:07:18,2026-06-23T12:37:18Z,1782218238,sustain,1635.0,32796672.0,"{""__name__"": ""process_resident_memory_bytes""}"
1,A,RSS Memory Footprint,go_inventory,go,inventory,warehouse-go:8084,warehouse-go:8084,2026-06-23 18:07:18,2026-06-23T12:37:18Z,1782218238,sustain,1635.0,34934784.0,"{""__name__"": ""process_resident_memory_bytes""}"
1,A,RSS Memory Footprint,go_inventory,go,inventory,inventory-go-twin:9082,inventory-go-twin:9082,2026-06-23 18:07:33,2026-06-23T12:37:33Z,1782218253,sustain,1650.0,35115008.0,"{""__name__"": ""process_resident_memory_bytes""}"
1,A,RSS Memory Footprint,go_inventory,go,inventory,order-go-twin:9083,order-go-twin:9083,2026-06-23 18:07:33,2026-06-23T12:37:33Z,1782218253,sustain,1650.0,32796672.0,"{""__name__"": ""process_resident_memory_bytes""}"
1,A,RSS Memory Footprint,go_inventory,go,inventory,warehouse-go:8084,warehouse-go:8084,2026-06-23 18:07:33,2026-06-23T12:37:33Z,1782218253,sustain,1650.0,35024896.0,"{""__name__"": ""process_resident_memory_bytes""}"
1,A,RSS Memory Footprint,go_inventory,go,inventory,inventory-go-twin:9082,inventory-go-twin:9082,2026-06-23 18:07:48,2026-06-23T12:37:48Z,1782218268,sustain,1665.0,35954688.0,"{""__name__"": ""process_resident_memory_bytes""}"
1,A,RSS Memory Footprint,go_inventory,go,inventory,order-go-twin:9083,order-go-twin:9083,2026-06-23 18:07:48,2026-06-23T12:37:48Z,1782218268,sustain,1665.0,32796672.0,"{""__name__"": ""process_resident_memory_bytes""}"
1,A,RSS Memory Footprint,go_inventory,go,inventory,warehouse-go:8084,warehouse-go:8084,2026-06-23 18:07:48,2026-06-23T12:37:48Z,1782218268,sustain,1665.0,35155968.0,"{""__name__"": ""process_resident_memory_bytes""}"
1,A,RSS Memory Footprint,go_inventory,go,inventory,inventory-go-twin:9082,inventory-go-twin:9082,2026-06-23 18:08:03,2026-06-23T12:38:03Z,1782218283,sustain,1680.0,35602432.0,"{""__name__"": ""process_resident_memory_bytes""}"
1,A,RSS Memory Footprint,go_inventory,go,inventory,order-go-twin:9083,order-go-twin:9083,2026-06-23 18:08:03,2026-06-23T12:38:03Z,1782218283,sustain,1680.0,32796672.0,"{""__name__"": ""process_resident_memory_bytes""}"
1,A,RSS Memory Footprint,go_inventory,go,inventory,warehouse-go:8084,warehouse-go:8084,2026-06-23 18:08:03,2026-06-23T12:38:03Z,1782218283,sustain,1680.0,35155968.0,"{""__name__"": ""process_resident_memory_bytes""}"
1,A,RSS Memory Footprint,go_inventory,go,inventory,inventory-go-twin:9082,inventory-go-twin:9082,2026-06-23 18:08:18,2026-06-23T12:38:18Z,1782218298,sustain,1695.0,35500032.0,"{""__name__"": ""process_resident_memory_bytes""}"
1,A,RSS Memory Footprint,go_inventory,go,inventory,order-go-twin:9083,order-go-twin:9083,2026-06-23 18:08:18,2026-06-23T12:38:18Z,1782218298,sustain,1695.0,32796672.0,"{""__name__"": ""process_resident_memory_bytes""}"
1,A,RSS Memory Footprint,go_inventory,go,inventory,warehouse-go:8084,warehouse-go:8084,2026-06-23 18:08:18,2026-06-23T12:38:18Z,1782218298,sustain,1695.0,35155968.0,"{""__name__"": ""process_resident_memory_bytes""}"
1,A,RSS Memory Footprint,go_inventory,go,inventory,inventory-go-twin:9082,inventory-go-twin:9082,2026-06-23 18:08:33,2026-06-23T12:38:33Z,1782218313,sustain,1710.0,35962880.0,"{""__name__"": ""process_resident_memory_bytes""}"
1,A,RSS Memory Footprint,go_inventory,go,inventory,order-go-twin:9083,order-go-twin:9083,2026-06-23 18:08:33,2026-06-23T12:38:33Z,1782218313,sustain,1710.0,32796672.0,"{""__name__"": ""process_resident_memory_bytes""}"
1,A,RSS Memory Footprint,go_inventory,go,inventory,warehouse-go:8084,warehouse-go:8084,2026-06-23 18:08:33,2026-06-23T12:38:33Z,1782218313,sustain,1710.0,35155968.0,"{""__name__"": ""process_resident_memory_bytes""}"
1,A,RSS Memory Footprint,go_inventory,go,inventory,inventory-go-twin:9082,inventory-go-twin:9082,2026-06-23 18:08:48,2026-06-23T12:38:48Z,1782218328,sustain,1725.0,36196352.0,"{""__name__"": ""process_resident_memory_bytes""}"
1,A,RSS Memory Footprint,go_inventory,go,inventory,order-go-twin:9083,order-go-twin:9083,2026-06-23 18:08:48,2026-06-23T12:38:48Z,1782218328,sustain,1725.0,32796672.0,"{""__name__"": ""process_resident_memory_bytes""}"
1,A,RSS Memory Footprint,go_inventory,go,inventory,warehouse-go:8084,warehouse-go:8084,2026-06-23 18:08:48,2026-06-23T12:38:48Z,1782218328,sustain,1725.0,35287040.0,"{""__name__"": ""process_resident_memory_bytes""}"
1,A,RSS Memory Footprint,go_inventory,go,inventory,inventory-go-twin:9082,inventory-go-twin:9082,2026-06-23 18:09:03,2026-06-23T12:39:03Z,1782218343,sustain,1740.0,35860480.0,"{""__name__"": ""process_resident_memory_bytes""}"
1,A,RSS Memory Footprint,go_inventory,go,inventory,order-go-twin:9083,order-go-twin:9083,2026-06-23 18:09:03,2026-06-23T12:39:03Z,1782218343,sustain,1740.0,32796672.0,"{""__name__"": ""process_resident_memory_bytes""}"
1,A,RSS Memory Footprint,go_inventory,go,inventory,warehouse-go:8084,warehouse-go:8084,2026-06-23 18:09:03,2026-06-23T12:39:03Z,1782218343,sustain,1740.0,35680256.0,"{""__name__"": ""process_resident_memory_bytes""}"
1,A,RSS Memory Footprint,go_inventory,go,inventory,inventory-go-twin:9082,inventory-go-twin:9082,2026-06-23 18:09:18,2026-06-23T12:39:18Z,1782218358,sustain,1755.0,36253696.0,"{""__name__"": ""process_resident_memory_bytes""}"
1,A,RSS Memory Footprint,go_inventory,go,inventory,order-go-twin:9083,order-go-twin:9083,2026-06-23 18:09:18,2026-06-23T12:39:18Z,1782218358,sustain,1755.0,33452032.0,"{""__name__"": ""process_resident_memory_bytes""}"
1,A,RSS Memory Footprint,go_inventory,go,inventory,warehouse-go:8084,warehouse-go:8084,2026-06-23 18:09:18,2026-06-23T12:39:18Z,1782218358,sustain,1755.0,35667968.0,"{""__name__"": ""process_resident_memory_bytes""}"
1,A,RSS Memory Footprint,go_inventory,go,inventory,inventory-go-twin:9082,inventory-go-twin:9082,2026-06-23 18:09:33,2026-06-23T12:39:33Z,1782218373,sustain,1770.0,34447360.0,"{""__name__"": ""process_resident_memory_bytes""}"
1,A,RSS Memory Footprint,go_inventory,go,inventory,order-go-twin:9083,order-go-twin:9083,2026-06-23 18:09:33,2026-06-23T12:39:33Z,1782218373,sustain,1770.0,33005568.0,"{""__name__"": ""process_resident_memory_bytes""}"
1,A,RSS Memory Footprint,go_inventory,go,inventory,warehouse-go:8084,warehouse-go:8084,2026-06-23 18:09:33,2026-06-23T12:39:33Z,1782218373,sustain,1770.0,35667968.0,"{""__name__"": ""process_resident_memory_bytes""}"
1,A,RSS Memory Footprint,go_inventory,go,inventory,inventory-go-twin:9082,inventory-go-twin:9082,2026-06-23 18:09:48,2026-06-23T12:39:48Z,1782218388,sustain,1785.0,36413440.0,"{""__name__"": ""process_resident_memory_bytes""}"
1,A,RSS Memory Footprint,go_inventory,go,inventory,order-go-twin:9083,order-go-twin:9083,2026-06-23 18:09:48,2026-06-23T12:39:48Z,1782218388,sustain,1785.0,33005568.0,"{""__name__"": ""process_resident_memory_bytes""}"
1,A,RSS Memory Footprint,go_inventory,go,inventory,warehouse-go:8084,warehouse-go:8084,2026-06-23 18:09:48,2026-06-23T12:39:48Z,1782218388,sustain,1785.0,35930112.0,"{""__name__"": ""process_resident_memory_bytes""}"
1,A,RSS Memory Footprint,go_inventory,go,inventory,inventory-go-twin:9082,inventory-go-twin:9082,2026-06-23 18:10:03,2026-06-23T12:40:03Z,1782218403,cooldown,1800.0,36413440.0,"{""__name__"": ""process_resident_memory_bytes""}"
1,A,RSS Memory Footprint,go_inventory,go,inventory,order-go-twin:9083,order-go-twin:9083,2026-06-23 18:10:03,2026-06-23T12:40:03Z,1782218403,cooldown,1800.0,33005568.0,"{""__name__"": ""process_resident_memory_bytes""}"
1,A,RSS Memory Footprint,go_inventory,go,inventory,warehouse-go:8084,warehouse-go:8084,2026-06-23 18:10:03,2026-06-23T12:40:03Z,1782218403,cooldown,1800.0,35930112.0,"{""__name__"": ""process_resident_memory_bytes""}"
1,A,RSS Memory Footprint,go_inventory,go,inventory,inventory-go-twin:9082,inventory-go-twin:9082,2026-06-23 18:10:18,2026-06-23T12:40:18Z,1782218418,cooldown,1815.0,34603008.0,"{""__name__"": ""process_resident_memory_bytes""}"
1,A,RSS Memory Footprint,go_inventory,go,inventory,order-go-twin:9083,order-go-twin:9083,2026-06-23 18:10:18,2026-06-23T12:40:18Z,1782218418,cooldown,1815.0,33005568.0,"{""__name__"": ""process_resident_memory_bytes""}"
1,A,RSS Memory Footprint,go_inventory,go,inventory,warehouse-go:8084,warehouse-go:8084,2026-06-23 18:10:18,2026-06-23T12:40:18Z,1782218418,cooldown,1815.0,36192256.0,"{""__name__"": ""process_resident_memory_bytes""}"
1,A,RSS Memory Footprint,go_inventory,go,inventory,inventory-go-twin:9082,inventory-go-twin:9082,2026-06-23 18:10:33,2026-06-23T12:40:33Z,1782218433,cooldown,1830.0,35082240.0,"{""__name__"": ""process_resident_memory_bytes""}"
1,A,RSS Memory Footprint,go_inventory,go,inventory,order-go-twin:9083,order-go-twin:9083,2026-06-23 18:10:33,2026-06-23T12:40:33Z,1782218433,cooldown,1830.0,33005568.0,"{""__name__"": ""process_resident_memory_bytes""}"
1,A,RSS Memory Footprint,go_inventory,go,inventory,warehouse-go:8084,warehouse-go:8084,2026-06-23 18:10:33,2026-06-23T12:40:33Z,1782218433,cooldown,1830.0,37109760.0,"{""__name__"": ""process_resident_memory_bytes""}"
1,A,RSS Memory Footprint,go_inventory,go,inventory,inventory-go-twin:9082,inventory-go-twin:9082,2026-06-23 18:10:48,2026-06-23T12:40:48Z,1782218448,cooldown,1845.0,35713024.0,"{""__name__"": ""process_resident_memory_bytes""}"
1,A,RSS Memory Footprint,go_inventory,go,inventory,order-go-twin:9083,order-go-twin:9083,2026-06-23 18:10:48,2026-06-23T12:40:48Z,1782218448,cooldown,1845.0,33005568.0,"{""__name__"": ""process_resident_memory_bytes""}"
1,A,RSS Memory Footprint,go_inventory,go,inventory,warehouse-go:8084,warehouse-go:8084,2026-06-23 18:10:48,2026-06-23T12:40:48Z,1782218448,cooldown,1845.0,37765120.0,"{""__name__"": ""process_resident_memory_bytes""}"
1,A,RSS Memory Footprint,go_inventory,go,inventory,inventory-go-twin:9082,inventory-go-twin:9082,2026-06-23 18:11:03,2026-06-23T12:41:03Z,1782218463,cooldown,1860.0,37154816.0,"{""__name__"": ""process_resident_memory_bytes""}"
1,A,RSS Memory Footprint,go_inventory,go,inventory,order-go-twin:9083,order-go-twin:9083,2026-06-23 18:11:03,2026-06-23T12:41:03Z,1782218463,cooldown,1860.0,33005568.0,"{""__name__"": ""process_resident_memory_bytes""}"
1,A,RSS Memory Footprint,go_inventory,go,inventory,warehouse-go:8084,warehouse-go:8084,2026-06-23 18:11:03,2026-06-23T12:41:03Z,1782218463,cooldown,1860.0,37765120.0,"{""__name__"": ""process_resident_memory_bytes""}"
1,A,RSS Memory Footprint,go_inventory,go,inventory,inventory-go-twin:9082,inventory-go-twin:9082,2026-06-23 18:11:18,2026-06-23T12:41:18Z,1782218478,cooldown,1875.0,36831232.0,"{""__name__"": ""process_resident_memory_bytes""}"
1,A,RSS Memory Footprint,go_inventory,go,inventory,order-go-twin:9083,order-go-twin:9083,2026-06-23 18:11:18,2026-06-23T12:41:18Z,1782218478,cooldown,1875.0,33005568.0,"{""__name__"": ""process_resident_memory_bytes""}"
1,A,RSS Memory Footprint,go_inventory,go,inventory,warehouse-go:8084,warehouse-go:8084,2026-06-23 18:11:18,2026-06-23T12:41:18Z,1782218478,cooldown,1875.0,37765120.0,"{""__name__"": ""process_resident_memory_bytes""}"
1,A,RSS Memory Footprint,go_inventory,go,inventory,inventory-go-twin:9082,inventory-go-twin:9082,2026-06-23 18:11:33,2026-06-23T12:41:33Z,1782218493,cooldown,1890.0,36249600.0,"{""__name__"": ""process_resident_memory_bytes""}"
1,A,RSS Memory Footprint,go_inventory,go,inventory,order-go-twin:9083,order-go-twin:9083,2026-06-23 18:11:33,2026-06-23T12:41:33Z,1782218493,cooldown,1890.0,33005568.0,"{""__name__"": ""process_resident_memory_bytes""}"
1,A,RSS Memory Footprint,go_inventory,go,inventory,warehouse-go:8084,warehouse-go:8084,2026-06-23 18:11:33,2026-06-23T12:41:33Z,1782218493,cooldown,1890.0,35491840.0,"{""__name__"": ""process_resident_memory_bytes""}"
1,A,RSS Memory Footprint,go_inventory,go,inventory,inventory-go-twin:9082,inventory-go-twin:9082,2026-06-23 18:11:48,2026-06-23T12:41:48Z,1782218508,cooldown,1905.0,35827712.0,"{""__name__"": ""process_resident_memory_bytes""}"
1,A,RSS Memory Footprint,go_inventory,go,inventory,order-go-twin:9083,order-go-twin:9083,2026-06-23 18:11:48,2026-06-23T12:41:48Z,1782218508,cooldown,1905.0,33005568.0,"{""__name__"": ""process_resident_memory_bytes""}"
1,A,RSS Memory Footprint,go_inventory,go,inventory,warehouse-go:8084,warehouse-go:8084,2026-06-23 18:11:48,2026-06-23T12:41:48Z,1782218508,cooldown,1905.0,35491840.0,"{""__name__"": ""process_resident_memory_bytes""}"
1,A,RSS Memory Footprint,go_inventory,go,inventory,inventory-go-twin:9082,inventory-go-twin:9082,2026-06-23 18:12:03,2026-06-23T12:42:03Z,1782218523,cooldown,1920.0,36483072.0,"{""__name__"": ""process_resident_memory_bytes""}"
1,A,RSS Memory Footprint,go_inventory,go,inventory,order-go-twin:9083,order-go-twin:9083,2026-06-23 18:12:03,2026-06-23T12:42:03Z,1782218523,cooldown,1920.0,33005568.0,"{""__name__"": ""process_resident_memory_bytes""}"
1,A,RSS Memory Footprint,go_inventory,go,inventory,warehouse-go:8084,warehouse-go:8084,2026-06-23 18:12:03,2026-06-23T12:42:03Z,1782218523,cooldown,1920.0,35729408.0,"{""__name__"": ""process_resident_memory_bytes""}"
1,A,RSS Memory Footprint,go_inventory,go,inventory,inventory-go-twin:9082,inventory-go-twin:9082,2026-06-23 18:12:18,2026-06-23T12:42:18Z,1782218538,cooldown,1935.0,35139584.0,"{""__name__"": ""process_resident_memory_bytes""}"
1,A,RSS Memory Footprint,go_inventory,go,inventory,order-go-twin:9083,order-go-twin:9083,2026-06-23 18:12:18,2026-06-23T12:42:18Z,1782218538,cooldown,1935.0,33005568.0,"{""__name__"": ""process_resident_memory_bytes""}"
1,A,RSS Memory Footprint,go_inventory,go,inventory,warehouse-go:8084,warehouse-go:8084,2026-06-23 18:12:18,2026-06-23T12:42:18Z,1782218538,cooldown,1935.0,35225600.0,"{""__name__"": ""process_resident_memory_bytes""}"
1,A,RSS Memory Footprint,go_inventory,go,inventory,inventory-go-twin:9082,inventory-go-twin:9082,2026-06-23 18:12:33,2026-06-23T12:42:33Z,1782218553,cooldown,1950.0,35000320.0,"{""__name__"": ""process_resident_memory_bytes""}"
1,A,RSS Memory Footprint,go_inventory,go,inventory,order-go-twin:9083,order-go-twin:9083,2026-06-23 18:12:33,2026-06-23T12:42:33Z,1782218553,cooldown,1950.0,33005568.0,"{""__name__"": ""process_resident_memory_bytes""}"
1,A,RSS Memory Footprint,go_inventory,go,inventory,warehouse-go:8084,warehouse-go:8084,2026-06-23 18:12:33,2026-06-23T12:42:33Z,1782218553,cooldown,1950.0,33472512.0,"{""__name__"": ""process_resident_memory_bytes""}"
1,A,RSS Memory Footprint,go_inventory,go,inventory,inventory-go-twin:9082,inventory-go-twin:9082,2026-06-23 18:12:48,2026-06-23T12:42:48Z,1782218568,cooldown,1965.0,36442112.0,"{""__name__"": ""process_resident_memory_bytes""}"
1,A,RSS Memory Footprint,go_inventory,go,inventory,order-go-twin:9083,order-go-twin:9083,2026-06-23 18:12:48,2026-06-23T12:42:48Z,1782218568,cooldown,1965.0,33136640.0,"{""__name__"": ""process_resident_memory_bytes""}"
1,A,RSS Memory Footprint,go_inventory,go,inventory,warehouse-go:8084,warehouse-go:8084,2026-06-23 18:12:48,2026-06-23T12:42:48Z,1782218568,cooldown,1965.0,33984512.0,"{""__name__"": ""process_resident_memory_bytes""}"
1,A,RSS Memory Footprint,go_inventory,go,inventory,inventory-go-twin:9082,inventory-go-twin:9082,2026-06-23 18:13:03,2026-06-23T12:43:03Z,1782218583,cooldown,1980.0,36835328.0,"{""__name__"": ""process_resident_memory_bytes""}"
1,A,RSS Memory Footprint,go_inventory,go,inventory,order-go-twin:9083,order-go-twin:9083,2026-06-23 18:13:03,2026-06-23T12:43:03Z,1782218583,cooldown,1980.0,33136640.0,"{""__name__"": ""process_resident_memory_bytes""}"
1,A,RSS Memory Footprint,go_inventory,go,inventory,warehouse-go:8084,warehouse-go:8084,2026-06-23 18:13:03,2026-06-23T12:43:03Z,1782218583,cooldown,1980.0,33984512.0,"{""__name__"": ""process_resident_memory_bytes""}"
1,A,RSS Memory Footprint,go_inventory,go,inventory,inventory-go-twin:9082,inventory-go-twin:9082,2026-06-23 18:13:18,2026-06-23T12:43:18Z,1782218598,cooldown,1995.0,36511744.0,"{""__name__"": ""process_resident_memory_bytes""}"
1,A,RSS Memory Footprint,go_inventory,go,inventory,order-go-twin:9083,order-go-twin:9083,2026-06-23 18:13:18,2026-06-23T12:43:18Z,1782218598,cooldown,1995.0,33267712.0,"{""__name__"": ""process_resident_memory_bytes""}"
1,A,RSS Memory Footprint,go_inventory,go,inventory,warehouse-go:8084,warehouse-go:8084,2026-06-23 18:13:18,2026-06-23T12:43:18Z,1782218598,cooldown,1995.0,34246656.0,"{""__name__"": ""process_resident_memory_bytes""}"
1,A,RSS Memory Footprint,go_inventory,go,inventory,inventory-go-twin:9082,inventory-go-twin:9082,2026-06-23 18:13:33,2026-06-23T12:43:33Z,1782218613,cooldown,2010.0,35946496.0,"{""__name__"": ""process_resident_memory_bytes""}"
1,A,RSS Memory Footprint,go_inventory,go,inventory,order-go-twin:9083,order-go-twin:9083,2026-06-23 18:13:33,2026-06-23T12:43:33Z,1782218613,cooldown,2010.0,33267712.0,"{""__name__"": ""process_resident_memory_bytes""}"
1,A,RSS Memory Footprint,go_inventory,go,inventory,warehouse-go:8084,warehouse-go:8084,2026-06-23 18:13:33,2026-06-23T12:43:33Z,1782218613,cooldown,2010.0,33579008.0,"{""__name__"": ""process_resident_memory_bytes""}"
1,A,RSS Memory Footprint,go_inventory,go,inventory,inventory-go-twin:9082,inventory-go-twin:9082,2026-06-23 18:13:48,2026-06-23T12:43:48Z,1782218628,cooldown,2025.0,36564992.0,"{""__name__"": ""process_resident_memory_bytes""}"
1,A,RSS Memory Footprint,go_inventory,go,inventory,order-go-twin:9083,order-go-twin:9083,2026-06-23 18:13:48,2026-06-23T12:43:48Z,1782218628,cooldown,2025.0,33005568.0,"{""__name__"": ""process_resident_memory_bytes""}"
1,A,RSS Memory Footprint,go_inventory,go,inventory,warehouse-go:8084,warehouse-go:8084,2026-06-23 18:13:48,2026-06-23T12:43:48Z,1782218628,cooldown,2025.0,34304000.0,"{""__name__"": ""process_resident_memory_bytes""}"
1,A,RSS Memory Footprint,go_inventory,go,inventory,inventory-go-twin:9082,inventory-go-twin:9082,2026-06-23 18:14:03,2026-06-23T12:44:03Z,1782218643,cooldown,2040.0,36417536.0,"{""__name__"": ""process_resident_memory_bytes""}"
1,A,RSS Memory Footprint,go_inventory,go,inventory,order-go-twin:9083,order-go-twin:9083,2026-06-23 18:14:03,2026-06-23T12:44:03Z,1782218643,cooldown,2040.0,33005568.0,"{""__name__"": ""process_resident_memory_bytes""}"
1,A,RSS Memory Footprint,go_inventory,go,inventory,warehouse-go:8084,warehouse-go:8084,2026-06-23 18:14:03,2026-06-23T12:44:03Z,1782218643,cooldown,2040.0,36663296.0,"{""__name__"": ""process_resident_memory_bytes""}"
1,A,RSS Memory Footprint,go_inventory,go,inventory,inventory-go-twin:9082,inventory-go-twin:9082,2026-06-23 18:14:18,2026-06-23T12:44:18Z,1782218658,cooldown,2055.0,36548608.0,"{""__name__"": ""process_resident_memory_bytes""}"
1,A,RSS Memory Footprint,go_inventory,go,inventory,order-go-twin:9083,order-go-twin:9083,2026-06-23 18:14:18,2026-06-23T12:44:18Z,1782218658,cooldown,2055.0,33005568.0,"{""__name__"": ""process_resident_memory_bytes""}"
1,A,RSS Memory Footprint,go_inventory,go,inventory,warehouse-go:8084,warehouse-go:8084,2026-06-23 18:14:18,2026-06-23T12:44:18Z,1782218658,cooldown,2055.0,36794368.0,"{""__name__"": ""process_resident_memory_bytes""}"
1,A,RSS Memory Footprint,go_inventory,go,inventory,inventory-go-twin:9082,inventory-go-twin:9082,2026-06-23 18:14:33,2026-06-23T12:44:33Z,1782218673,cooldown,2070.0,36941824.0,"{""__name__"": ""process_resident_memory_bytes""}"
1,A,RSS Memory Footprint,go_inventory,go,inventory,order-go-twin:9083,order-go-twin:9083,2026-06-23 18:14:33,2026-06-23T12:44:33Z,1782218673,cooldown,2070.0,33005568.0,"{""__name__"": ""process_resident_memory_bytes""}"
1,A,RSS Memory Footprint,go_inventory,go,inventory,warehouse-go:8084,warehouse-go:8084,2026-06-23 18:14:33,2026-06-23T12:44:33Z,1782218673,cooldown,2070.0,35168256.0,"{""__name__"": ""process_resident_memory_bytes""}"
1,A,RSS Memory Footprint,go_inventory,go,inventory,inventory-go-twin:9082,inventory-go-twin:9082,2026-06-23 18:14:48,2026-06-23T12:44:48Z,1782218688,cooldown,2085.0,36941824.0,"{""__name__"": ""process_resident_memory_bytes""}"
1,A,RSS Memory Footprint,go_inventory,go,inventory,order-go-twin:9083,order-go-twin:9083,2026-06-23 18:14:48,2026-06-23T12:44:48Z,1782218688,cooldown,2085.0,33005568.0,"{""__name__"": ""process_resident_memory_bytes""}"
1,A,RSS Memory Footprint,go_inventory,go,inventory,warehouse-go:8084,warehouse-go:8084,2026-06-23 18:14:48,2026-06-23T12:44:48Z,1782218688,cooldown,2085.0,36216832.0,"{""__name__"": ""process_resident_memory_bytes""}"
1,A,RSS Memory Footprint,go_inventory,go,inventory,inventory-go-twin:9082,inventory-go-twin:9082,2026-06-23 18:15:03,2026-06-23T12:45:03Z,1782218703,post_test,2100.0,37072896.0,"{""__name__"": ""process_resident_memory_bytes""}"
1,A,RSS Memory Footprint,go_inventory,go,inventory,order-go-twin:9083,order-go-twin:9083,2026-06-23 18:15:03,2026-06-23T12:45:03Z,1782218703,post_test,2100.0,33005568.0,"{""__name__"": ""process_resident_memory_bytes""}"
1,A,RSS Memory Footprint,go_inventory,go,inventory,warehouse-go:8084,warehouse-go:8084,2026-06-23 18:15:03,2026-06-23T12:45:03Z,1782218703,post_test,2100.0,35930112.0,"{""__name__"": ""process_resident_memory_bytes""}"
1,A,RSS Memory Footprint,go_order,go,order,inventory-go-twin:9082,inventory-go-twin:9082,2026-06-23 16:19:47,2026-06-23T10:49:47Z,1782211787,warmup,0.0,31072256.0,"{""__name__"": ""process_resident_memory_bytes""}"
1,A,RSS Memory Footprint,go_order,go,order,order-go-twin:9083,order-go-twin:9083,2026-06-23 16:19:47,2026-06-23T10:49:47Z,1782211787,warmup,0.0,31850496.0,"{""__name__"": ""process_resident_memory_bytes""}"
1,A,RSS Memory Footprint,go_order,go,order,warehouse-go:8084,warehouse-go:8084,2026-06-23 16:19:47,2026-06-23T10:49:47Z,1782211787,warmup,0.0,38866944.0,"{""__name__"": ""process_resident_memory_bytes""}"
1,A,RSS Memory Footprint,go_order,go,order,inventory-go-twin:9082,inventory-go-twin:9082,2026-06-23 16:20:02,2026-06-23T10:50:02Z,1782211802,warmup,15.0,31596544.0,"{""__name__"": ""process_resident_memory_bytes""}"
1,A,RSS Memory Footprint,go_order,go,order,order-go-twin:9083,order-go-twin:9083,2026-06-23 16:20:02,2026-06-23T10:50:02Z,1782211802,warmup,15.0,31850496.0,"{""__name__"": ""process_resident_memory_bytes""}"
1,A,RSS Memory Footprint,go_order,go,order,warehouse-go:8084,warehouse-go:8084,2026-06-23 16:20:02,2026-06-23T10:50:02Z,1782211802,warmup,15.0,39108608.0,"{""__name__"": ""process_resident_memory_bytes""}"
1,A,RSS Memory Footprint,go_order,go,order,inventory-go-twin:9082,inventory-go-twin:9082,2026-06-23 16:20:17,2026-06-23T10:50:17Z,1782211817,warmup,30.0,31064064.0,"{""__name__"": ""process_resident_memory_bytes""}"
1,A,RSS Memory Footprint,go_order,go,order,order-go-twin:9083,order-go-twin:9083,2026-06-23 16:20:17,2026-06-23T10:50:17Z,1782211817,warmup,30.0,31850496.0,"{""__name__"": ""process_resident_memory_bytes""}"
1,A,RSS Memory Footprint,go_order,go,order,warehouse-go:8084,warehouse-go:8084,2026-06-23 16:20:17,2026-06-23T10:50:17Z,1782211817,warmup,30.0,36990976.0,"{""__name__"": ""process_resident_memory_bytes""}"
1,A,RSS Memory Footprint,go_order,go,order,inventory-go-twin:9082,inventory-go-twin:9082,2026-06-23 16:20:32,2026-06-23T10:50:32Z,1782211832,warmup,45.0,31064064.0,"{""__name__"": ""process_resident_memory_bytes""}"
1,A,RSS Memory Footprint,go_order,go,order,order-go-twin:9083,order-go-twin:9083,2026-06-23 16:20:32,2026-06-23T10:50:32Z,1782211832,warmup,45.0,31850496.0,"{""__name__"": ""process_resident_memory_bytes""}"
1,A,RSS Memory Footprint,go_order,go,order,warehouse-go:8084,warehouse-go:8084,2026-06-23 16:20:32,2026-06-23T10:50:32Z,1782211832,warmup,45.0,36990976.0,"{""__name__"": ""process_resident_memory_bytes""}"
1,A,RSS Memory Footprint,go_order,go,order,inventory-go-twin:9082,inventory-go-twin:9082,2026-06-23 16:20:47,2026-06-23T10:50:47Z,1782211847,warmup,60.0,31064064.0,"{""__name__"": ""process_resident_memory_bytes""}"
1,A,RSS Memory Footprint,go_order,go,order,order-go-twin:9083,order-go-twin:9083,2026-06-23 16:20:47,2026-06-23T10:50:47Z,1782211847,warmup,60.0,31850496.0,"{""__name__"": ""process_resident_memory_bytes""}"
1,A,RSS Memory Footprint,go_order,go,order,warehouse-go:8084,warehouse-go:8084,2026-06-23 16:20:47,2026-06-23T10:50:47Z,1782211847,warmup,60.0,36990976.0,"{""__name__"": ""process_resident_memory_bytes""}"
1,A,RSS Memory Footprint,go_order,go,order,inventory-go-twin:9082,inventory-go-twin:9082,2026-06-23 16:21:02,2026-06-23T10:51:02Z,1782211862,warmup,75.0,30523392.0,"{""__name__"": ""process_resident_memory_bytes""}"
1,A,RSS Memory Footprint,go_order,go,order,order-go-twin:9083,order-go-twin:9083,2026-06-23 16:21:02,2026-06-23T10:51:02Z,1782211862,warmup,75.0,31850496.0,"{""__name__"": ""process_resident_memory_bytes""}"
1,A,RSS Memory Footprint,go_order,go,order,warehouse-go:8084,warehouse-go:8084,2026-06-23 16:21:02,2026-06-23T10:51:02Z,1782211862,warmup,75.0,36990976.0,"{""__name__"": ""process_resident_memory_bytes""}"
1,A,RSS Memory Footprint,go_order,go,order,inventory-go-twin:9082,inventory-go-twin:9082,2026-06-23 16:21:17,2026-06-23T10:51:17Z,1782211877,warmup,90.0,30654464.0,"{""__name__"": ""process_resident_memory_bytes""}"
1,A,RSS Memory Footprint,go_order,go,order,order-go-twin:9083,order-go-twin:9083,2026-06-23 16:21:17,2026-06-23T10:51:17Z,1782211877,warmup,90.0,31850496.0,"{""__name__"": ""process_resident_memory_bytes""}"
1,A,RSS Memory Footprint,go_order,go,order,warehouse-go:8084,warehouse-go:8084,2026-06-23 16:21:17,2026-06-23T10:51:17Z,1782211877,warmup,90.0,35713024.0,"{""__name__"": ""process_resident_memory_bytes""}"
1,A,RSS Memory Footprint,go_order,go,order,inventory-go-twin:9082,inventory-go-twin:9082,2026-06-23 16:21:32,2026-06-23T10:51:32Z,1782211892,warmup,105.0,30654464.0,"{""__name__"": ""process_resident_memory_bytes""}"
1,A,RSS Memory Footprint,go_order,go,order,order-go-twin:9083,order-go-twin:9083,2026-06-23 16:21:32,2026-06-23T10:51:32Z,1782211892,warmup,105.0,31981568.0,"{""__name__"": ""process_resident_memory_bytes""}"
1,A,RSS Memory Footprint,go_order,go,order,warehouse-go:8084,warehouse-go:8084,2026-06-23 16:21:32,2026-06-23T10:51:32Z,1782211892,warmup,105.0,34594816.0,"{""__name__"": ""process_resident_memory_bytes""}"
1,A,RSS Memory Footprint,go_order,go,order,inventory-go-twin:9082,inventory-go-twin:9082,2026-06-23 16:21:47,2026-06-23T10:51:47Z,1782211907,warmup,120.0,30654464.0,"{""__name__"": ""process_resident_memory_bytes""}"
1,A,RSS Memory Footprint,go_order,go,order,order-go-twin:9083,order-go-twin:9083,2026-06-23 16:21:47,2026-06-23T10:51:47Z,1782211907,warmup,120.0,31981568.0,"{""__name__"": ""process_resident_memory_bytes""}"
1,A,RSS Memory Footprint,go_order,go,order,warehouse-go:8084,warehouse-go:8084,2026-06-23 16:21:47,2026-06-23T10:51:47Z,1782211907,warmup,120.0,34328576.0,"{""__name__"": ""process_resident_memory_bytes""}"
1,A,RSS Memory Footprint,go_order,go,order,inventory-go-twin:9082,inventory-go-twin:9082,2026-06-23 16:22:02,2026-06-23T10:52:02Z,1782211922,warmup,135.0,30916608.0,"{""__name__"": ""process_resident_memory_bytes""}"
1,A,RSS Memory Footprint,go_order,go,order,order-go-twin:9083,order-go-twin:9083,2026-06-23 16:22:02,2026-06-23T10:52:02Z,1782211922,warmup,135.0,32112640.0,"{""__name__"": ""process_resident_memory_bytes""}"
1,A,RSS Memory Footprint,go_order,go,order,warehouse-go:8084,warehouse-go:8084,2026-06-23 16:22:02,2026-06-23T10:52:02Z,1782211922,warmup,135.0,34328576.0,"{""__name__"": ""process_resident_memory_bytes""}"
1,A,RSS Memory Footprint,go_order,go,order,inventory-go-twin:9082,inventory-go-twin:9082,2026-06-23 16:22:17,2026-06-23T10:52:17Z,1782211937,warmup,150.0,31047680.0,"{""__name__"": ""process_resident_memory_bytes""}"
1,A,RSS Memory Footprint,go_order,go,order,order-go-twin:9083,order-go-twin:9083,2026-06-23 16:22:17,2026-06-23T10:52:17Z,1782211937,warmup,150.0,31391744.0,"{""__name__"": ""process_resident_memory_bytes""}"
1,A,RSS Memory Footprint,go_order,go,order,warehouse-go:8084,warehouse-go:8084,2026-06-23 16:22:17,2026-06-23T10:52:17Z,1782211937,warmup,150.0,34328576.0,"{""__name__"": ""process_resident_memory_bytes""}"
1,A,RSS Memory Footprint,go_order,go,order,inventory-go-twin:9082,inventory-go-twin:9082,2026-06-23 16:22:32,2026-06-23T10:52:32Z,1782211952,warmup,165.0,31518720.0,"{""__name__"": ""process_resident_memory_bytes""}"
1,A,RSS Memory Footprint,go_order,go,order,order-go-twin:9083,order-go-twin:9083,2026-06-23 16:22:32,2026-06-23T10:52:32Z,1782211952,warmup,165.0,30146560.0,"{""__name__"": ""process_resident_memory_bytes""}"
1,A,RSS Memory Footprint,go_order,go,order,warehouse-go:8084,warehouse-go:8084,2026-06-23 16:22:32,2026-06-23T10:52:32Z,1782211952,warmup,165.0,35115008.0,"{""__name__"": ""process_resident_memory_bytes""}"
1,A,RSS Memory Footprint,go_order,go,order,inventory-go-twin:9082,inventory-go-twin:9082,2026-06-23 16:22:47,2026-06-23T10:52:47Z,1782211967,warmup,180.0,31518720.0,"{""__name__"": ""process_resident_memory_bytes""}"
1,A,RSS Memory Footprint,go_order,go,order,order-go-twin:9083,order-go-twin:9083,2026-06-23 16:22:47,2026-06-23T10:52:47Z,1782211967,warmup,180.0,30093312.0,"{""__name__"": ""process_resident_memory_bytes""}"
1,A,RSS Memory Footprint,go_order,go,order,warehouse-go:8084,warehouse-go:8084,2026-06-23 16:22:47,2026-06-23T10:52:47Z,1782211967,warmup,180.0,35115008.0,"{""__name__"": ""process_resident_memory_bytes""}"
1,A,RSS Memory Footprint,go_order,go,order,inventory-go-twin:9082,inventory-go-twin:9082,2026-06-23 16:23:02,2026-06-23T10:53:02Z,1782211982,warmup,195.0,31518720.0,"{""__name__"": ""process_resident_memory_bytes""}"
1,A,RSS Memory Footprint,go_order,go,order,order-go-twin:9083,order-go-twin:9083,2026-06-23 16:23:02,2026-06-23T10:53:02Z,1782211982,warmup,195.0,32059392.0,"{""__name__"": ""process_resident_memory_bytes""}"
1,A,RSS Memory Footprint,go_order,go,order,warehouse-go:8084,warehouse-go:8084,2026-06-23 16:23:02,2026-06-23T10:53:02Z,1782211982,warmup,195.0,35246080.0,"{""__name__"": ""process_resident_memory_bytes""}"
1,A,RSS Memory Footprint,go_order,go,order,inventory-go-twin:9082,inventory-go-twin:9082,2026-06-23 16:23:17,2026-06-23T10:53:17Z,1782211997,warmup,210.0,31649792.0,"{""__name__"": ""process_resident_memory_bytes""}"
1,A,RSS Memory Footprint,go_order,go,order,order-go-twin:9083,order-go-twin:9083,2026-06-23 16:23:17,2026-06-23T10:53:17Z,1782211997,warmup,210.0,31465472.0,"{""__name__"": ""process_resident_memory_bytes""}"
1,A,RSS Memory Footprint,go_order,go,order,warehouse-go:8084,warehouse-go:8084,2026-06-23 16:23:17,2026-06-23T10:53:17Z,1782211997,warmup,210.0,35721216.0,"{""__name__"": ""process_resident_memory_bytes""}"
1,A,RSS Memory Footprint,go_order,go,order,inventory-go-twin:9082,inventory-go-twin:9082,2026-06-23 16:23:32,2026-06-23T10:53:32Z,1782212012,warmup,225.0,31780864.0,"{""__name__"": ""process_resident_memory_bytes""}"
1,A,RSS Memory Footprint,go_order,go,order,order-go-twin:9083,order-go-twin:9083,2026-06-23 16:23:32,2026-06-23T10:53:32Z,1782212012,warmup,225.0,31555584.0,"{""__name__"": ""process_resident_memory_bytes""}"
1,A,RSS Memory Footprint,go_order,go,order,warehouse-go:8084,warehouse-go:8084,2026-06-23 16:23:32,2026-06-23T10:53:32Z,1782212012,warmup,225.0,36372480.0,"{""__name__"": ""process_resident_memory_bytes""}"
1,A,RSS Memory Footprint,go_order,go,order,inventory-go-twin:9082,inventory-go-twin:9082,2026-06-23 16:23:47,2026-06-23T10:53:47Z,1782212027,warmup,240.0,31780864.0,"{""__name__"": ""process_resident_memory_bytes""}"
1,A,RSS Memory Footprint,go_order,go,order,order-go-twin:9083,order-go-twin:9083,2026-06-23 16:23:47,2026-06-23T10:53:47Z,1782212027,warmup,240.0,30818304.0,"{""__name__"": ""process_resident_memory_bytes""}"
1,A,RSS Memory Footprint,go_order,go,order,warehouse-go:8084,warehouse-go:8084,2026-06-23 16:23:47,2026-06-23T10:53:47Z,1782212027,warmup,240.0,36098048.0,"{""__name__"": ""process_resident_memory_bytes""}"
1,A,RSS Memory Footprint,go_order,go,order,inventory-go-twin:9082,inventory-go-twin:9082,2026-06-23 16:24:02,2026-06-23T10:54:02Z,1782212042,warmup,255.0,31911936.0,"{""__name__"": ""process_resident_memory_bytes""}"
1,A,RSS Memory Footprint,go_order,go,order,order-go-twin:9083,order-go-twin:9083,2026-06-23 16:24:02,2026-06-23T10:54:02Z,1782212042,warmup,255.0,30486528.0,"{""__name__"": ""process_resident_memory_bytes""}"
1,A,RSS Memory Footprint,go_order,go,order,warehouse-go:8084,warehouse-go:8084,2026-06-23 16:24:02,2026-06-23T10:54:02Z,1782212042,warmup,255.0,36184064.0,"{""__name__"": ""process_resident_memory_bytes""}"
1,A,RSS Memory Footprint,go_order,go,order,inventory-go-twin:9082,inventory-go-twin:9082,2026-06-23 16:24:17,2026-06-23T10:54:17Z,1782212057,warmup,270.0,31911936.0,"{""__name__"": ""process_resident_memory_bytes""}"
1,A,RSS Memory Footprint,go_order,go,order,order-go-twin:9083,order-go-twin:9083,2026-06-23 16:24:17,2026-06-23T10:54:17Z,1782212057,warmup,270.0,31367168.0,"{""__name__"": ""process_resident_memory_bytes""}"
1,A,RSS Memory Footprint,go_order,go,order,warehouse-go:8084,warehouse-go:8084,2026-06-23 16:24:17,2026-06-23T10:54:17Z,1782212057,warmup,270.0,36184064.0,"{""__name__"": ""process_resident_memory_bytes""}"
1,A,RSS Memory Footprint,go_order,go,order,inventory-go-twin:9082,inventory-go-twin:9082,2026-06-23 16:24:32,2026-06-23T10:54:32Z,1782212072,warmup,285.0,31911936.0,"{""__name__"": ""process_resident_memory_bytes""}"
1,A,RSS Memory Footprint,go_order,go,order,order-go-twin:9083,order-go-twin:9083,2026-06-23 16:24:32,2026-06-23T10:54:32Z,1782212072,warmup,285.0,32153600.0,"{""__name__"": ""process_resident_memory_bytes""}"
1,A,RSS Memory Footprint,go_order,go,order,warehouse-go:8084,warehouse-go:8084,2026-06-23 16:24:32,2026-06-23T10:54:32Z,1782212072,warmup,285.0,36184064.0,"{""__name__"": ""process_resident_memory_bytes""}"
1,A,RSS Memory Footprint,go_order,go,order,inventory-go-twin:9082,inventory-go-twin:9082,2026-06-23 16:24:47,2026-06-23T10:54:47Z,1782212087,ramp_1,300.0,31490048.0,"{""__name__"": ""process_resident_memory_bytes""}"
1,A,RSS Memory Footprint,go_order,go,order,order-go-twin:9083,order-go-twin:9083,2026-06-23 16:24:47,2026-06-23T10:54:47Z,1782212087,ramp_1,300.0,31571968.0,"{""__name__"": ""process_resident_memory_bytes""}"
1,A,RSS Memory Footprint,go_order,go,order,warehouse-go:8084,warehouse-go:8084,2026-06-23 16:24:47,2026-06-23T10:54:47Z,1782212087,ramp_1,300.0,36708352.0,"{""__name__"": ""process_resident_memory_bytes""}"
1,A,RSS Memory Footprint,go_order,go,order,inventory-go-twin:9082,inventory-go-twin:9082,2026-06-23 16:25:02,2026-06-23T10:55:02Z,1782212102,ramp_1,315.0,32276480.0,"{""__name__"": ""process_resident_memory_bytes""}"
1,A,RSS Memory Footprint,go_order,go,order,order-go-twin:9083,order-go-twin:9083,2026-06-23 16:25:02,2026-06-23T10:55:02Z,1782212102,ramp_1,315.0,31870976.0,"{""__name__"": ""process_resident_memory_bytes""}"
1,A,RSS Memory Footprint,go_order,go,order,warehouse-go:8084,warehouse-go:8084,2026-06-23 16:25:02,2026-06-23T10:55:02Z,1782212102,ramp_1,315.0,36708352.0,"{""__name__"": ""process_resident_memory_bytes""}"
1,A,RSS Memory Footprint,go_order,go,order,inventory-go-twin:9082,inventory-go-twin:9082,2026-06-23 16:25:17,2026-06-23T10:55:17Z,1782212117,ramp_1,330.0,32342016.0,"{""__name__"": ""process_resident_memory_bytes""}"
1,A,RSS Memory Footprint,go_order,go,order,order-go-twin:9083,order-go-twin:9083,2026-06-23 16:25:17,2026-06-23T10:55:17Z,1782212117,ramp_1,330.0,32243712.0,"{""__name__"": ""process_resident_memory_bytes""}"
1,A,RSS Memory Footprint,go_order,go,order,warehouse-go:8084,warehouse-go:8084,2026-06-23 16:25:17,2026-06-23T10:55:17Z,1782212117,ramp_1,330.0,36708352.0,"{""__name__"": ""process_resident_memory_bytes""}"
1,A,RSS Memory Footprint,go_order,go,order,inventory-go-twin:9082,inventory-go-twin:9082,2026-06-23 16:25:32,2026-06-23T10:55:32Z,1782212132,ramp_1,345.0,31383552.0,"{""__name__"": ""process_resident_memory_bytes""}"
1,A,RSS Memory Footprint,go_order,go,order,order-go-twin:9083,order-go-twin:9083,2026-06-23 16:25:32,2026-06-23T10:55:32Z,1782212132,ramp_1,345.0,30236672.0,"{""__name__"": ""process_resident_memory_bytes""}"
1,A,RSS Memory Footprint,go_order,go,order,warehouse-go:8084,warehouse-go:8084,2026-06-23 16:25:32,2026-06-23T10:55:32Z,1782212132,ramp_1,345.0,36708352.0,"{""__name__"": ""process_resident_memory_bytes""}"
1,A,RSS Memory Footprint,go_order,go,order,inventory-go-twin:9082,inventory-go-twin:9082,2026-06-23 16:25:47,2026-06-23T10:55:47Z,1782212147,ramp_1,360.0,30679040.0,"{""__name__"": ""process_resident_memory_bytes""}"
1,A,RSS Memory Footprint,go_order,go,order,order-go-twin:9083,order-go-twin:9083,2026-06-23 16:25:47,2026-06-23T10:55:47Z,1782212147,ramp_1,360.0,32018432.0,"{""__name__"": ""process_resident_memory_bytes""}"
1,A,RSS Memory Footprint,go_order,go,order,warehouse-go:8084,warehouse-go:8084,2026-06-23 16:25:47,2026-06-23T10:55:47Z,1782212147,ramp_1,360.0,36708352.0,"{""__name__"": ""process_resident_memory_bytes""}"
1,A,RSS Memory Footprint,go_order,go,order,inventory-go-twin:9082,inventory-go-twin:9082,2026-06-23 16:26:02,2026-06-23T10:56:02Z,1782212162,ramp_1,375.0,30941184.0,"{""__name__"": ""process_resident_memory_bytes""}"
1,A,RSS Memory Footprint,go_order,go,order,order-go-twin:9083,order-go-twin:9083,2026-06-23 16:26:02,2026-06-23T10:56:02Z,1782212162,ramp_1,375.0,31866880.0,"{""__name__"": ""process_resident_memory_bytes""}"
1,A,RSS Memory Footprint,go_order,go,order,warehouse-go:8084,warehouse-go:8084,2026-06-23 16:26:02,2026-06-23T10:56:02Z,1782212162,ramp_1,375.0,36708352.0,"{""__name__"": ""process_resident_memory_bytes""}"
1,A,RSS Memory Footprint,go_order,go,order,inventory-go-twin:9082,inventory-go-twin:9082,2026-06-23 16:26:17,2026-06-23T10:56:17Z,1782212177,ramp_1,390.0,31727616.0,"{""__name__"": ""process_resident_memory_bytes""}"
1,A,RSS Memory Footprint,go_order,go,order,order-go-twin:9083,order-go-twin:9083,2026-06-23 16:26:17,2026-06-23T10:56:17Z,1782212177,ramp_1,390.0,32034816.0,"{""__name__"": ""process_resident_memory_bytes""}"
1,A,RSS Memory Footprint,go_order,go,order,warehouse-go:8084,warehouse-go:8084,2026-06-23 16:26:17,2026-06-23T10:56:17Z,1782212177,ramp_1,390.0,36970496.0,"{""__name__"": ""process_resident_memory_bytes""}"
1,A,RSS Memory Footprint,go_order,go,order,inventory-go-twin:9082,inventory-go-twin:9082,2026-06-23 16:26:32,2026-06-23T10:56:32Z,1782212192,ramp_1,405.0,31969280.0,"{""__name__"": ""process_resident_memory_bytes""}"
1,A,RSS Memory Footprint,go_order,go,order,order-go-twin:9083,order-go-twin:9083,2026-06-23 16:26:32,2026-06-23T10:56:32Z,1782212192,ramp_1,405.0,31858688.0,"{""__name__"": ""process_resident_memory_bytes""}"
1,A,RSS Memory Footprint,go_order,go,order,warehouse-go:8084,warehouse-go:8084,2026-06-23 16:26:32,2026-06-23T10:56:32Z,1782212192,ramp_1,405.0,36941824.0,"{""__name__"": ""process_resident_memory_bytes""}"
1,A,RSS Memory Footprint,go_order,go,order,inventory-go-twin:9082,inventory-go-twin:9082,2026-06-23 16:26:47,2026-06-23T10:56:47Z,1782212207,ramp_1,420.0,31158272.0,"{""__name__"": ""process_resident_memory_bytes""}"
1,A,RSS Memory Footprint,go_order,go,order,order-go-twin:9083,order-go-twin:9083,2026-06-23 16:26:47,2026-06-23T10:56:47Z,1782212207,ramp_1,420.0,32579584.0,"{""__name__"": ""process_resident_memory_bytes""}"
1,A,RSS Memory Footprint,go_order,go,order,warehouse-go:8084,warehouse-go:8084,2026-06-23 16:26:47,2026-06-23T10:56:47Z,1782212207,ramp_1,420.0,37203968.0,"{""__name__"": ""process_resident_memory_bytes""}"
1,A,RSS Memory Footprint,go_order,go,order,inventory-go-twin:9082,inventory-go-twin:9082,2026-06-23 16:27:02,2026-06-23T10:57:02Z,1782212222,ramp_1,435.0,30621696.0,"{""__name__"": ""process_resident_memory_bytes""}"
1,A,RSS Memory Footprint,go_order,go,order,order-go-twin:9083,order-go-twin:9083,2026-06-23 16:27:02,2026-06-23T10:57:02Z,1782212222,ramp_1,435.0,31678464.0,"{""__name__"": ""process_resident_memory_bytes""}"
1,A,RSS Memory Footprint,go_order,go,order,warehouse-go:8084,warehouse-go:8084,2026-06-23 16:27:02,2026-06-23T10:57:02Z,1782212222,ramp_1,435.0,37203968.0,"{""__name__"": ""process_resident_memory_bytes""}"
1,A,RSS Memory Footprint,go_order,go,order,inventory-go-twin:9082,inventory-go-twin:9082,2026-06-23 16:27:17,2026-06-23T10:57:17Z,1782212237,ramp_1,450.0,30621696.0,"{""__name__"": ""process_resident_memory_bytes""}"
1,A,RSS Memory Footprint,go_order,go,order,order-go-twin:9083,order-go-twin:9083,2026-06-23 16:27:17,2026-06-23T10:57:17Z,1782212237,ramp_1,450.0,30412800.0,"{""__name__"": ""process_resident_memory_bytes""}"
1,A,RSS Memory Footprint,go_order,go,order,warehouse-go:8084,warehouse-go:8084,2026-06-23 16:27:17,2026-06-23T10:57:17Z,1782212237,ramp_1,450.0,37146624.0,"{""__name__"": ""process_resident_memory_bytes""}"
1,A,RSS Memory Footprint,go_order,go,order,inventory-go-twin:9082,inventory-go-twin:9082,2026-06-23 16:27:32,2026-06-23T10:57:32Z,1782212252,ramp_1,465.0,30867456.0,"{""__name__"": ""process_resident_memory_bytes""}"
1,A,RSS Memory Footprint,go_order,go,order,order-go-twin:9083,order-go-twin:9083,2026-06-23 16:27:32,2026-06-23T10:57:32Z,1782212252,ramp_1,465.0,31379456.0,"{""__name__"": ""process_resident_memory_bytes""}"
1,A,RSS Memory Footprint,go_order,go,order,warehouse-go:8084,warehouse-go:8084,2026-06-23 16:27:32,2026-06-23T10:57:32Z,1782212252,ramp_1,465.0,38457344.0,"{""__name__"": ""process_resident_memory_bytes""}"
1,A,RSS Memory Footprint,go_order,go,order,inventory-go-twin:9082,inventory-go-twin:9082,2026-06-23 16:27:47,2026-06-23T10:57:47Z,1782212267,ramp_1,480.0,29876224.0,"{""__name__"": ""process_resident_memory_bytes""}"
1,A,RSS Memory Footprint,go_order,go,order,order-go-twin:9083,order-go-twin:9083,2026-06-23 16:27:47,2026-06-23T10:57:47Z,1782212267,ramp_1,480.0,32268288.0,"{""__name__"": ""process_resident_memory_bytes""}"
1,A,RSS Memory Footprint,go_order,go,order,warehouse-go:8084,warehouse-go:8084,2026-06-23 16:27:47,2026-06-23T10:57:47Z,1782212267,ramp_1,480.0,35639296.0,"{""__name__"": ""process_resident_memory_bytes""}"
1,A,RSS Memory Footprint,go_order,go,order,inventory-go-twin:9082,inventory-go-twin:9082,2026-06-23 16:28:02,2026-06-23T10:58:02Z,1782212282,ramp_1,495.0,30531584.0,"{""__name__"": ""process_resident_memory_bytes""}"
1,A,RSS Memory Footprint,go_order,go,order,order-go-twin:9083,order-go-twin:9083,2026-06-23 16:28:02,2026-06-23T10:58:02Z,1782212282,ramp_1,495.0,31903744.0,"{""__name__"": ""process_resident_memory_bytes""}"
1,A,RSS Memory Footprint,go_order,go,order,warehouse-go:8084,warehouse-go:8084,2026-06-23 16:28:02,2026-06-23T10:58:02Z,1782212282,ramp_1,495.0,36163584.0,"{""__name__"": ""process_resident_memory_bytes""}"
1,A,RSS Memory Footprint,go_order,go,order,inventory-go-twin:9082,inventory-go-twin:9082,2026-06-23 16:28:17,2026-06-23T10:58:17Z,1782212297,ramp_1,510.0,31318016.0,"{""__name__"": ""process_resident_memory_bytes""}"
1,A,RSS Memory Footprint,go_order,go,order,order-go-twin:9083,order-go-twin:9083,2026-06-23 16:28:17,2026-06-23T10:58:17Z,1782212297,ramp_1,510.0,32292864.0,"{""__name__"": ""process_resident_memory_bytes""}"
1,A,RSS Memory Footprint,go_order,go,order,warehouse-go:8084,warehouse-go:8084,2026-06-23 16:28:17,2026-06-23T10:58:17Z,1782212297,ramp_1,510.0,35610624.0,"{""__name__"": ""process_resident_memory_bytes""}"
1,A,RSS Memory Footprint,go_order,go,order,inventory-go-twin:9082,inventory-go-twin:9082,2026-06-23 16:28:32,2026-06-23T10:58:32Z,1782212312,ramp_1,525.0,30453760.0,"{""__name__"": ""process_resident_memory_bytes""}"
1,A,RSS Memory Footprint,go_order,go,order,order-go-twin:9083,order-go-twin:9083,2026-06-23 16:28:32,2026-06-23T10:58:32Z,1782212312,ramp_1,525.0,32538624.0,"{""__name__"": ""process_resident_memory_bytes""}"
1,A,RSS Memory Footprint,go_order,go,order,warehouse-go:8084,warehouse-go:8084,2026-06-23 16:28:32,2026-06-23T10:58:32Z,1782212312,ramp_1,525.0,36397056.0,"{""__name__"": ""process_resident_memory_bytes""}"
1,A,RSS Memory Footprint,go_order,go,order,inventory-go-twin:9082,inventory-go-twin:9082,2026-06-23 16:28:47,2026-06-23T10:58:47Z,1782212327,ramp_1,540.0,30224384.0,"{""__name__"": ""process_resident_memory_bytes""}"
1,A,RSS Memory Footprint,go_order,go,order,order-go-twin:9083,order-go-twin:9083,2026-06-23 16:28:47,2026-06-23T10:58:47Z,1782212327,ramp_1,540.0,32178176.0,"{""__name__"": ""process_resident_memory_bytes""}"
1,A,RSS Memory Footprint,go_order,go,order,warehouse-go:8084,warehouse-go:8084,2026-06-23 16:28:47,2026-06-23T10:58:47Z,1782212327,ramp_1,540.0,36335616.0,"{""__name__"": ""process_resident_memory_bytes""}"
1,A,RSS Memory Footprint,go_order,go,order,inventory-go-twin:9082,inventory-go-twin:9082,2026-06-23 16:29:02,2026-06-23T10:59:02Z,1782212342,ramp_1,555.0,30498816.0,"{""__name__"": ""process_resident_memory_bytes""}"
1,A,RSS Memory Footprint,go_order,go,order,order-go-twin:9083,order-go-twin:9083,2026-06-23 16:29:02,2026-06-23T10:59:02Z,1782212342,ramp_1,555.0,32686080.0,"{""__name__"": ""process_resident_memory_bytes""}"
1,A,RSS Memory Footprint,go_order,go,order,warehouse-go:8084,warehouse-go:8084,2026-06-23 16:29:02,2026-06-23T10:59:02Z,1782212342,ramp_1,555.0,37646336.0,"{""__name__"": ""process_resident_memory_bytes""}"
1,A,RSS Memory Footprint,go_order,go,order,inventory-go-twin:9082,inventory-go-twin:9082,2026-06-23 16:29:17,2026-06-23T10:59:17Z,1782212357,ramp_1,570.0,30965760.0,"{""__name__"": ""process_resident_memory_bytes""}"
1,A,RSS Memory Footprint,go_order,go,order,order-go-twin:9083,order-go-twin:9083,2026-06-23 16:29:17,2026-06-23T10:59:17Z,1782212357,ramp_1,570.0,32858112.0,"{""__name__"": ""process_resident_memory_bytes""}"
1,A,RSS Memory Footprint,go_order,go,order,warehouse-go:8084,warehouse-go:8084,2026-06-23 16:29:17,2026-06-23T10:59:17Z,1782212357,ramp_1,570.0,37646336.0,"{""__name__"": ""process_resident_memory_bytes""}"
1,A,RSS Memory Footprint,go_order,go,order,inventory-go-twin:9082,inventory-go-twin:9082,2026-06-23 16:29:32,2026-06-23T10:59:32Z,1782212372,ramp_1,585.0,30392320.0,"{""__name__"": ""process_resident_memory_bytes""}"
1,A,RSS Memory Footprint,go_order,go,order,order-go-twin:9083,order-go-twin:9083,2026-06-23 16:29:32,2026-06-23T10:59:32Z,1782212372,ramp_1,585.0,33447936.0,"{""__name__"": ""process_resident_memory_bytes""}"
1,A,RSS Memory Footprint,go_order,go,order,warehouse-go:8084,warehouse-go:8084,2026-06-23 16:29:32,2026-06-23T10:59:32Z,1782212372,ramp_1,585.0,37990400.0,"{""__name__"": ""process_resident_memory_bytes""}"
1,A,RSS Memory Footprint,go_order,go,order,inventory-go-twin:9082,inventory-go-twin:9082,2026-06-23 16:29:47,2026-06-23T10:59:47Z,1782212387,ramp_2,600.0,30212096.0,"{""__name__"": ""process_resident_memory_bytes""}"
1,A,RSS Memory Footprint,go_order,go,order,order-go-twin:9083,order-go-twin:9083,2026-06-23 16:29:47,2026-06-23T10:59:47Z,1782212387,ramp_2,600.0,32980992.0,"{""__name__"": ""process_resident_memory_bytes""}"
1,A,RSS Memory Footprint,go_order,go,order,warehouse-go:8084,warehouse-go:8084,2026-06-23 16:29:47,2026-06-23T10:59:47Z,1782212387,ramp_2,600.0,35049472.0,"{""__name__"": ""process_resident_memory_bytes""}"
1,A,RSS Memory Footprint,go_order,go,order,inventory-go-twin:9082,inventory-go-twin:9082,2026-06-23 16:30:02,2026-06-23T11:00:02Z,1782212402,ramp_2,615.0,29278208.0,"{""__name__"": ""process_resident_memory_bytes""}"
1,A,RSS Memory Footprint,go_order,go,order,order-go-twin:9083,order-go-twin:9083,2026-06-23 16:30:02,2026-06-23T11:00:02Z,1782212402,ramp_2,615.0,32866304.0,"{""__name__"": ""process_resident_memory_bytes""}"
1,A,RSS Memory Footprint,go_order,go,order,warehouse-go:8084,warehouse-go:8084,2026-06-23 16:30:02,2026-06-23T11:00:02Z,1782212402,ramp_2,615.0,34705408.0,"{""__name__"": ""process_resident_memory_bytes""}"
1,A,RSS Memory Footprint,go_order,go,order,inventory-go-twin:9082,inventory-go-twin:9082,2026-06-23 16:30:17,2026-06-23T11:00:17Z,1782212417,ramp_2,630.0,30142464.0,"{""__name__"": ""process_resident_memory_bytes""}"
1,A,RSS Memory Footprint,go_order,go,order,order-go-twin:9083,order-go-twin:9083,2026-06-23 16:30:17,2026-06-23T11:00:17Z,1782212417,ramp_2,630.0,32591872.0,"{""__name__"": ""process_resident_memory_bytes""}"
1,A,RSS Memory Footprint,go_order,go,order,warehouse-go:8084,warehouse-go:8084,2026-06-23 16:30:17,2026-06-23T11:00:17Z,1782212417,ramp_2,630.0,34795520.0,"{""__name__"": ""process_resident_memory_bytes""}"
1,A,RSS Memory Footprint,go_order,go,order,inventory-go-twin:9082,inventory-go-twin:9082,2026-06-23 16:30:32,2026-06-23T11:00:32Z,1782212432,ramp_2,645.0,30437376.0,"{""__name__"": ""process_resident_memory_bytes""}"
1,A,RSS Memory Footprint,go_order,go,order,order-go-twin:9083,order-go-twin:9083,2026-06-23 16:30:32,2026-06-23T11:00:32Z,1782212432,ramp_2,645.0,32833536.0,"{""__name__"": ""process_resident_memory_bytes""}"
1,A,RSS Memory Footprint,go_order,go,order,warehouse-go:8084,warehouse-go:8084,2026-06-23 16:30:32,2026-06-23T11:00:32Z,1782212432,ramp_2,645.0,34897920.0,"{""__name__"": ""process_resident_memory_bytes""}"
1,A,RSS Memory Footprint,go_order,go,order,inventory-go-twin:9082,inventory-go-twin:9082,2026-06-23 16:30:47,2026-06-23T11:00:47Z,1782212447,ramp_2,660.0,29274112.0,"{""__name__"": ""process_resident_memory_bytes""}"
1,A,RSS Memory Footprint,go_order,go,order,order-go-twin:9083,order-go-twin:9083,2026-06-23 16:30:47,2026-06-23T11:00:47Z,1782212447,ramp_2,660.0,33533952.0,"{""__name__"": ""process_resident_memory_bytes""}"
1,A,RSS Memory Footprint,go_order,go,order,warehouse-go:8084,warehouse-go:8084,2026-06-23 16:30:47,2026-06-23T11:00:47Z,1782212447,ramp_2,660.0,35684352.0,"{""__name__"": ""process_resident_memory_bytes""}"
1,A,RSS Memory Footprint,go_order,go,order,inventory-go-twin:9082,inventory-go-twin:9082,2026-06-23 16:31:02,2026-06-23T11:01:02Z,1782212462,ramp_2,675.0,28729344.0,"{""__name__"": ""process_resident_memory_bytes""}"
1,A,RSS Memory Footprint,go_order,go,order,order-go-twin:9083,order-go-twin:9083,2026-06-23 16:31:02,2026-06-23T11:01:02Z,1782212462,ramp_2,675.0,33247232.0,"{""__name__"": ""process_resident_memory_bytes""}"
1,A,RSS Memory Footprint,go_order,go,order,warehouse-go:8084,warehouse-go:8084,2026-06-23 16:31:02,2026-06-23T11:01:02Z,1782212462,ramp_2,675.0,36470784.0,"{""__name__"": ""process_resident_memory_bytes""}"
1,A,RSS Memory Footprint,go_order,go,order,inventory-go-twin:9082,inventory-go-twin:9082,2026-06-23 16:31:17,2026-06-23T11:01:17Z,1782212477,ramp_2,690.0,30564352.0,"{""__name__"": ""process_resident_memory_bytes""}"
1,A,RSS Memory Footprint,go_order,go,order,order-go-twin:9083,order-go-twin:9083,2026-06-23 16:31:17,2026-06-23T11:01:17Z,1782212477,ramp_2,690.0,33337344.0,"{""__name__"": ""process_resident_memory_bytes""}"
1,A,RSS Memory Footprint,go_order,go,order,warehouse-go:8084,warehouse-go:8084,2026-06-23 16:31:17,2026-06-23T11:01:17Z,1782212477,ramp_2,690.0,36470784.0,"{""__name__"": ""process_resident_memory_bytes""}"
1,A,RSS Memory Footprint,go_order,go,order,inventory-go-twin:9082,inventory-go-twin:9082,2026-06-23 16:31:32,2026-06-23T11:01:32Z,1782212492,ramp_2,705.0,29552640.0,"{""__name__"": ""process_resident_memory_bytes""}"
1,A,RSS Memory Footprint,go_order,go,order,order-go-twin:9083,order-go-twin:9083,2026-06-23 16:31:32,2026-06-23T11:01:32Z,1782212492,ramp_2,705.0,34185216.0,"{""__name__"": ""process_resident_memory_bytes""}"
1,A,RSS Memory Footprint,go_order,go,order,warehouse-go:8084,warehouse-go:8084,2026-06-23 16:31:32,2026-06-23T11:01:32Z,1782212492,ramp_2,705.0,36601856.0,"{""__name__"": ""process_resident_memory_bytes""}"
1,A,RSS Memory Footprint,go_order,go,order,inventory-go-twin:9082,inventory-go-twin:9082,2026-06-23 16:31:47,2026-06-23T11:01:47Z,1782212507,ramp_2,720.0,30744576.0,"{""__name__"": ""process_resident_memory_bytes""}"
1,A,RSS Memory Footprint,go_order,go,order,order-go-twin:9083,order-go-twin:9083,2026-06-23 16:31:47,2026-06-23T11:01:47Z,1782212507,ramp_2,720.0,34455552.0,"{""__name__"": ""process_resident_memory_bytes""}"
1,A,RSS Memory Footprint,go_order,go,order,warehouse-go:8084,warehouse-go:8084,2026-06-23 16:31:47,2026-06-23T11:01:47Z,1782212507,ramp_2,720.0,37126144.0,"{""__name__"": ""process_resident_memory_bytes""}"
1,A,RSS Memory Footprint,go_order,go,order,inventory-go-twin:9082,inventory-go-twin:9082,2026-06-23 16:32:02,2026-06-23T11:02:02Z,1782212522,ramp_2,735.0,29474816.0,"{""__name__"": ""process_resident_memory_bytes""}"
1,A,RSS Memory Footprint,go_order,go,order,order-go-twin:9083,order-go-twin:9083,2026-06-23 16:32:02,2026-06-23T11:02:02Z,1782212522,ramp_2,735.0,34189312.0,"{""__name__"": ""process_resident_memory_bytes""}"
1,A,RSS Memory Footprint,go_order,go,order,warehouse-go:8084,warehouse-go:8084,2026-06-23 16:32:02,2026-06-23T11:02:02Z,1782212522,ramp_2,735.0,37126144.0,"{""__name__"": ""process_resident_memory_bytes""}"
1,A,RSS Memory Footprint,go_order,go,order,inventory-go-twin:9082,inventory-go-twin:9082,2026-06-23 16:32:17,2026-06-23T11:02:17Z,1782212537,ramp_2,750.0,28979200.0,"{""__name__"": ""process_resident_memory_bytes""}"
1,A,RSS Memory Footprint,go_order,go,order,order-go-twin:9083,order-go-twin:9083,2026-06-23 16:32:17,2026-06-23T11:02:17Z,1782212537,ramp_2,750.0,34631680.0,"{""__name__"": ""process_resident_memory_bytes""}"
1,A,RSS Memory Footprint,go_order,go,order,warehouse-go:8084,warehouse-go:8084,2026-06-23 16:32:17,2026-06-23T11:02:17Z,1782212537,ramp_2,750.0,37126144.0,"{""__name__"": ""process_resident_memory_bytes""}"
1,A,RSS Memory Footprint,go_order,go,order,inventory-go-twin:9082,inventory-go-twin:9082,2026-06-23 16:32:32,2026-06-23T11:02:32Z,1782212552,ramp_2,765.0,30474240.0,"{""__name__"": ""process_resident_memory_bytes""}"
1,A,RSS Memory Footprint,go_order,go,order,order-go-twin:9083,order-go-twin:9083,2026-06-23 16:32:32,2026-06-23T11:02:32Z,1782212552,ramp_2,765.0,35295232.0,"{""__name__"": ""process_resident_memory_bytes""}"
1,A,RSS Memory Footprint,go_order,go,order,warehouse-go:8084,warehouse-go:8084,2026-06-23 16:32:32,2026-06-23T11:02:32Z,1782212552,ramp_2,765.0,37388288.0,"{""__name__"": ""process_resident_memory_bytes""}"
1,A,RSS Memory Footprint,go_order,go,order,inventory-go-twin:9082,inventory-go-twin:9082,2026-06-23 16:32:47,2026-06-23T11:02:47Z,1782212567,ramp_2,780.0,30830592.0,"{""__name__"": ""process_resident_memory_bytes""}"
1,A,RSS Memory Footprint,go_order,go,order,order-go-twin:9083,order-go-twin:9083,2026-06-23 16:32:47,2026-06-23T11:02:47Z,1782212567,ramp_2,780.0,35377152.0,"{""__name__"": ""process_resident_memory_bytes""}"
1,A,RSS Memory Footprint,go_order,go,order,warehouse-go:8084,warehouse-go:8084,2026-06-23 16:32:47,2026-06-23T11:02:47Z,1782212567,ramp_2,780.0,36831232.0,"{""__name__"": ""process_resident_memory_bytes""}"
1,A,RSS Memory Footprint,go_order,go,order,inventory-go-twin:9082,inventory-go-twin:9082,2026-06-23 16:33:02,2026-06-23T11:03:02Z,1782212582,ramp_2,795.0,30195712.0,"{""__name__"": ""process_resident_memory_bytes""}"
1,A,RSS Memory Footprint,go_order,go,order,order-go-twin:9083,order-go-twin:9083,2026-06-23 16:33:02,2026-06-23T11:03:02Z,1782212582,ramp_2,795.0,35979264.0,"{""__name__"": ""process_resident_memory_bytes""}"
1,A,RSS Memory Footprint,go_order,go,order,warehouse-go:8084,warehouse-go:8084,2026-06-23 16:33:02,2026-06-23T11:03:02Z,1782212582,ramp_2,795.0,36831232.0,"{""__name__"": ""process_resident_memory_bytes""}"
1,A,RSS Memory Footprint,go_order,go,order,inventory-go-twin:9082,inventory-go-twin:9082,2026-06-23 16:33:17,2026-06-23T11:03:17Z,1782212597,ramp_2,810.0,31064064.0,"{""__name__"": ""process_resident_memory_bytes""}"
1,A,RSS Memory Footprint,go_order,go,order,order-go-twin:9083,order-go-twin:9083,2026-06-23 16:33:17,2026-06-23T11:03:17Z,1782212597,ramp_2,810.0,36139008.0,"{""__name__"": ""process_resident_memory_bytes""}"
1,A,RSS Memory Footprint,go_order,go,order,warehouse-go:8084,warehouse-go:8084,2026-06-23 16:33:17,2026-06-23T11:03:17Z,1782212597,ramp_2,810.0,36257792.0,"{""__name__"": ""process_resident_memory_bytes""}"
1,A,RSS Memory Footprint,go_order,go,order,inventory-go-twin:9082,inventory-go-twin:9082,2026-06-23 16:33:32,2026-06-23T11:03:32Z,1782212612,ramp_2,825.0,30900224.0,"{""__name__"": ""process_resident_memory_bytes""}"
1,A,RSS Memory Footprint,go_order,go,order,order-go-twin:9083,order-go-twin:9083,2026-06-23 16:33:32,2026-06-23T11:03:32Z,1782212612,ramp_2,825.0,36368384.0,"{""__name__"": ""process_resident_memory_bytes""}"
1,A,RSS Memory Footprint,go_order,go,order,warehouse-go:8084,warehouse-go:8084,2026-06-23 16:33:32,2026-06-23T11:03:32Z,1782212612,ramp_2,825.0,36073472.0,"{""__name__"": ""process_resident_memory_bytes""}"
1,A,RSS Memory Footprint,go_order,go,order,inventory-go-twin:9082,inventory-go-twin:9082,2026-06-23 16:33:47,2026-06-23T11:03:47Z,1782212627,ramp_2,840.0,30109696.0,"{""__name__"": ""process_resident_memory_bytes""}"
1,A,RSS Memory Footprint,go_order,go,order,order-go-twin:9083,order-go-twin:9083,2026-06-23 16:33:47,2026-06-23T11:03:47Z,1782212627,ramp_2,840.0,36364288.0,"{""__name__"": ""process_resident_memory_bytes""}"
1,A,RSS Memory Footprint,go_order,go,order,warehouse-go:8084,warehouse-go:8084,2026-06-23 16:33:47,2026-06-23T11:03:47Z,1782212627,ramp_2,840.0,36560896.0,"{""__name__"": ""process_resident_memory_bytes""}"
1,A,RSS Memory Footprint,go_order,go,order,inventory-go-twin:9082,inventory-go-twin:9082,2026-06-23 16:34:02,2026-06-23T11:04:02Z,1782212642,ramp_2,855.0,31141888.0,"{""__name__"": ""process_resident_memory_bytes""}"
1,A,RSS Memory Footprint,go_order,go,order,order-go-twin:9083,order-go-twin:9083,2026-06-23 16:34:02,2026-06-23T11:04:02Z,1782212642,ramp_2,855.0,35655680.0,"{""__name__"": ""process_resident_memory_bytes""}"
1,A,RSS Memory Footprint,go_order,go,order,warehouse-go:8084,warehouse-go:8084,2026-06-23 16:34:02,2026-06-23T11:04:02Z,1782212642,ramp_2,855.0,37347328.0,"{""__name__"": ""process_resident_memory_bytes""}"
1,A,RSS Memory Footprint,go_order,go,order,inventory-go-twin:9082,inventory-go-twin:9082,2026-06-23 16:34:17,2026-06-23T11:04:17Z,1782212657,ramp_2,870.0,30126080.0,"{""__name__"": ""process_resident_memory_bytes""}"
1,A,RSS Memory Footprint,go_order,go,order,order-go-twin:9083,order-go-twin:9083,2026-06-23 16:34:17,2026-06-23T11:04:17Z,1782212657,ramp_2,870.0,36782080.0,"{""__name__"": ""process_resident_memory_bytes""}"
1,A,RSS Memory Footprint,go_order,go,order,warehouse-go:8084,warehouse-go:8084,2026-06-23 16:34:17,2026-06-23T11:04:17Z,1782212657,ramp_2,870.0,37347328.0,"{""__name__"": ""process_resident_memory_bytes""}"
1,A,RSS Memory Footprint,go_order,go,order,inventory-go-twin:9082,inventory-go-twin:9082,2026-06-23 16:34:32,2026-06-23T11:04:32Z,1782212672,ramp_2,885.0,30507008.0,"{""__name__"": ""process_resident_memory_bytes""}"
1,A,RSS Memory Footprint,go_order,go,order,order-go-twin:9083,order-go-twin:9083,2026-06-23 16:34:32,2026-06-23T11:04:32Z,1782212672,ramp_2,885.0,36966400.0,"{""__name__"": ""process_resident_memory_bytes""}"
1,A,RSS Memory Footprint,go_order,go,order,warehouse-go:8084,warehouse-go:8084,2026-06-23 16:34:32,2026-06-23T11:04:32Z,1782212672,ramp_2,885.0,35463168.0,"{""__name__"": ""process_resident_memory_bytes""}"
1,A,RSS Memory Footprint,go_order,go,order,inventory-go-twin:9082,inventory-go-twin:9082,2026-06-23 16:34:47,2026-06-23T11:04:47Z,1782212687,ramp_3,900.0,29212672.0,"{""__name__"": ""process_resident_memory_bytes""}"
1,A,RSS Memory Footprint,go_order,go,order,order-go-twin:9083,order-go-twin:9083,2026-06-23 16:34:47,2026-06-23T11:04:47Z,1782212687,ramp_3,900.0,37601280.0,"{""__name__"": ""process_resident_memory_bytes""}"
1,A,RSS Memory Footprint,go_order,go,order,warehouse-go:8084,warehouse-go:8084,2026-06-23 16:34:47,2026-06-23T11:04:47Z,1782212687,ramp_3,900.0,35237888.0,"{""__name__"": ""process_resident_memory_bytes""}"
1,A,RSS Memory Footprint,go_order,go,order,inventory-go-twin:9082,inventory-go-twin:9082,2026-06-23 16:35:02,2026-06-23T11:05:02Z,1782212702,ramp_3,915.0,29679616.0,"{""__name__"": ""process_resident_memory_bytes""}"
1,A,RSS Memory Footprint,go_order,go,order,order-go-twin:9083,order-go-twin:9083,2026-06-23 16:35:02,2026-06-23T11:05:02Z,1782212702,ramp_3,915.0,37740544.0,"{""__name__"": ""process_resident_memory_bytes""}"
1,A,RSS Memory Footprint,go_order,go,order,warehouse-go:8084,warehouse-go:8084,2026-06-23 16:35:02,2026-06-23T11:05:02Z,1782212702,ramp_3,915.0,35098624.0,"{""__name__"": ""process_resident_memory_bytes""}"
1,A,RSS Memory Footprint,go_order,go,order,inventory-go-twin:9082,inventory-go-twin:9082,2026-06-23 16:35:17,2026-06-23T11:05:17Z,1782212717,ramp_3,930.0,31461376.0,"{""__name__"": ""process_resident_memory_bytes""}"
1,A,RSS Memory Footprint,go_order,go,order,order-go-twin:9083,order-go-twin:9083,2026-06-23 16:35:17,2026-06-23T11:05:17Z,1782212717,ramp_3,930.0,38440960.0,"{""__name__"": ""process_resident_memory_bytes""}"
1,A,RSS Memory Footprint,go_order,go,order,warehouse-go:8084,warehouse-go:8084,2026-06-23 16:35:17,2026-06-23T11:05:17Z,1782212717,ramp_3,930.0,35360768.0,"{""__name__"": ""process_resident_memory_bytes""}"
1,A,RSS Memory Footprint,go_order,go,order,inventory-go-twin:9082,inventory-go-twin:9082,2026-06-23 16:35:32,2026-06-23T11:05:32Z,1782212732,ramp_3,945.0,29790208.0,"{""__name__"": ""process_resident_memory_bytes""}"
1,A,RSS Memory Footprint,go_order,go,order,order-go-twin:9083,order-go-twin:9083,2026-06-23 16:35:32,2026-06-23T11:05:32Z,1782212732,ramp_3,945.0,38739968.0,"{""__name__"": ""process_resident_memory_bytes""}"
1,A,RSS Memory Footprint,go_order,go,order,warehouse-go:8084,warehouse-go:8084,2026-06-23 16:35:32,2026-06-23T11:05:32Z,1782212732,ramp_3,945.0,35360768.0,"{""__name__"": ""process_resident_memory_bytes""}"
1,A,RSS Memory Footprint,go_order,go,order,inventory-go-twin:9082,inventory-go-twin:9082,2026-06-23 16:35:47,2026-06-23T11:05:47Z,1782212747,ramp_3,960.0,31088640.0,"{""__name__"": ""process_resident_memory_bytes""}"
1,A,RSS Memory Footprint,go_order,go,order,order-go-twin:9083,order-go-twin:9083,2026-06-23 16:35:47,2026-06-23T11:05:47Z,1782212747,ramp_3,960.0,39755776.0,"{""__name__"": ""process_resident_memory_bytes""}"
1,A,RSS Memory Footprint,go_order,go,order,warehouse-go:8084,warehouse-go:8084,2026-06-23 16:35:47,2026-06-23T11:05:47Z,1782212747,ramp_3,960.0,35885056.0,"{""__name__"": ""process_resident_memory_bytes""}"
1,A,RSS Memory Footprint,go_order,go,order,inventory-go-twin:9082,inventory-go-twin:9082,2026-06-23 16:36:02,2026-06-23T11:06:02Z,1782212762,ramp_3,975.0,29347840.0,"{""__name__"": ""process_resident_memory_bytes""}"
1,A,RSS Memory Footprint,go_order,go,order,order-go-twin:9083,order-go-twin:9083,2026-06-23 16:36:02,2026-06-23T11:06:02Z,1782212762,ramp_3,975.0,40177664.0,"{""__name__"": ""process_resident_memory_bytes""}"
1,A,RSS Memory Footprint,go_order,go,order,warehouse-go:8084,warehouse-go:8084,2026-06-23 16:36:02,2026-06-23T11:06:02Z,1782212762,ramp_3,975.0,36540416.0,"{""__name__"": ""process_resident_memory_bytes""}"
1,A,RSS Memory Footprint,go_order,go,order,inventory-go-twin:9082,inventory-go-twin:9082,2026-06-23 16:36:17,2026-06-23T11:06:17Z,1782212777,ramp_3,990.0,30740480.0,"{""__name__"": ""process_resident_memory_bytes""}"
1,A,RSS Memory Footprint,go_order,go,order,order-go-twin:9083,order-go-twin:9083,2026-06-23 16:36:17,2026-06-23T11:06:17Z,1782212777,ramp_3,990.0,40439808.0,"{""__name__"": ""process_resident_memory_bytes""}"
1,A,RSS Memory Footprint,go_order,go,order,warehouse-go:8084,warehouse-go:8084,2026-06-23 16:36:17,2026-06-23T11:06:17Z,1782212777,ramp_3,990.0,36671488.0,"{""__name__"": ""process_resident_memory_bytes""}"
1,A,RSS Memory Footprint,go_order,go,order,inventory-go-twin:9082,inventory-go-twin:9082,2026-06-23 16:36:32,2026-06-23T11:06:32Z,1782212792,ramp_3,1005.0,31240192.0,"{""__name__"": ""process_resident_memory_bytes""}"
1,A,RSS Memory Footprint,go_order,go,order,order-go-twin:9083,order-go-twin:9083,2026-06-23 16:36:32,2026-06-23T11:06:32Z,1782212792,ramp_3,1005.0,40628224.0,"{""__name__"": ""process_resident_memory_bytes""}"
1,A,RSS Memory Footprint,go_order,go,order,warehouse-go:8084,warehouse-go:8084,2026-06-23 16:36:32,2026-06-23T11:06:32Z,1782212792,ramp_3,1005.0,36671488.0,"{""__name__"": ""process_resident_memory_bytes""}"
1,A,RSS Memory Footprint,go_order,go,order,inventory-go-twin:9082,inventory-go-twin:9082,2026-06-23 16:36:47,2026-06-23T11:06:47Z,1782212807,ramp_3,1020.0,29171712.0,"{""__name__"": ""process_resident_memory_bytes""}"
1,A,RSS Memory Footprint,go_order,go,order,order-go-twin:9083,order-go-twin:9083,2026-06-23 16:36:47,2026-06-23T11:06:47Z,1782212807,ramp_3,1020.0,41320448.0,"{""__name__"": ""process_resident_memory_bytes""}"
1,A,RSS Memory Footprint,go_order,go,order,warehouse-go:8084,warehouse-go:8084,2026-06-23 16:36:47,2026-06-23T11:06:47Z,1782212807,ramp_3,1020.0,36671488.0,"{""__name__"": ""process_resident_memory_bytes""}"
1,A,RSS Memory Footprint,go_order,go,order,inventory-go-twin:9082,inventory-go-twin:9082,2026-06-23 16:37:02,2026-06-23T11:07:02Z,1782212822,ramp_3,1035.0,29138944.0,"{""__name__"": ""process_resident_memory_bytes""}"
1,A,RSS Memory Footprint,go_order,go,order,order-go-twin:9083,order-go-twin:9083,2026-06-23 16:37:02,2026-06-23T11:07:02Z,1782212822,ramp_3,1035.0,40529920.0,"{""__name__"": ""process_resident_memory_bytes""}"
1,A,RSS Memory Footprint,go_order,go,order,warehouse-go:8084,warehouse-go:8084,2026-06-23 16:37:02,2026-06-23T11:07:02Z,1782212822,ramp_3,1035.0,37568512.0,"{""__name__"": ""process_resident_memory_bytes""}"
1,A,RSS Memory Footprint,go_order,go,order,inventory-go-twin:9082,inventory-go-twin:9082,2026-06-23 16:37:17,2026-06-23T11:07:17Z,1782212837,ramp_3,1050.0,31289344.0,"{""__name__"": ""process_resident_memory_bytes""}"
1,A,RSS Memory Footprint,go_order,go,order,order-go-twin:9083,order-go-twin:9083,2026-06-23 16:37:17,2026-06-23T11:07:17Z,1782212837,ramp_3,1050.0,41291776.0,"{""__name__"": ""process_resident_memory_bytes""}"
1,A,RSS Memory Footprint,go_order,go,order,warehouse-go:8084,warehouse-go:8084,2026-06-23 16:37:17,2026-06-23T11:07:17Z,1782212837,ramp_3,1050.0,37568512.0,"{""__name__"": ""process_resident_memory_bytes""}"
1,A,RSS Memory Footprint,go_order,go,order,inventory-go-twin:9082,inventory-go-twin:9082,2026-06-23 16:37:32,2026-06-23T11:07:32Z,1782212852,ramp_3,1065.0,31023104.0,"{""__name__"": ""process_resident_memory_bytes""}"
1,A,RSS Memory Footprint,go_order,go,order,order-go-twin:9083,order-go-twin:9083,2026-06-23 16:37:32,2026-06-23T11:07:32Z,1782212852,ramp_3,1065.0,42852352.0,"{""__name__"": ""process_resident_memory_bytes""}"
1,A,RSS Memory Footprint,go_order,go,order,warehouse-go:8084,warehouse-go:8084,2026-06-23 16:37:32,2026-06-23T11:07:32Z,1782212852,ramp_3,1065.0,35672064.0,"{""__name__"": ""process_resident_memory_bytes""}"
1,A,RSS Memory Footprint,go_order,go,order,inventory-go-twin:9082,inventory-go-twin:9082,2026-06-23 16:37:47,2026-06-23T11:07:47Z,1782212867,ramp_3,1080.0,30461952.0,"{""__name__"": ""process_resident_memory_bytes""}"
1,A,RSS Memory Footprint,go_order,go,order,order-go-twin:9083,order-go-twin:9083,2026-06-23 16:37:47,2026-06-23T11:07:47Z,1782212867,ramp_3,1080.0,44085248.0,"{""__name__"": ""process_resident_memory_bytes""}"
1,A,RSS Memory Footprint,go_order,go,order,warehouse-go:8084,warehouse-go:8084,2026-06-23 16:37:47,2026-06-23T11:07:47Z,1782212867,ramp_3,1080.0,35672064.0,"{""__name__"": ""process_resident_memory_bytes""}"
1,A,RSS Memory Footprint,go_order,go,order,inventory-go-twin:9082,inventory-go-twin:9082,2026-06-23 16:38:02,2026-06-23T11:08:02Z,1782212882,ramp_3,1095.0,30851072.0,"{""__name__"": ""process_resident_memory_bytes""}"
1,A,RSS Memory Footprint,go_order,go,order,order-go-twin:9083,order-go-twin:9083,2026-06-23 16:38:02,2026-06-23T11:08:02Z,1782212882,ramp_3,1095.0,42815488.0,"{""__name__"": ""process_resident_memory_bytes""}"
1,A,RSS Memory Footprint,go_order,go,order,warehouse-go:8084,warehouse-go:8084,2026-06-23 16:38:02,2026-06-23T11:08:02Z,1782212882,ramp_3,1095.0,36327424.0,"{""__name__"": ""process_resident_memory_bytes""}"
1,A,RSS Memory Footprint,go_order,go,order,inventory-go-twin:9082,inventory-go-twin:9082,2026-06-23 16:38:17,2026-06-23T11:08:17Z,1782212897,ramp_3,1110.0,30683136.0,"{""__name__"": ""process_resident_memory_bytes""}"
1,A,RSS Memory Footprint,go_order,go,order,order-go-twin:9083,order-go-twin:9083,2026-06-23 16:38:17,2026-06-23T11:08:17Z,1782212897,ramp_3,1110.0,43675648.0,"{""__name__"": ""process_resident_memory_bytes""}"
1,A,RSS Memory Footprint,go_order,go,order,warehouse-go:8084,warehouse-go:8084,2026-06-23 16:38:17,2026-06-23T11:08:17Z,1782212897,ramp_3,1110.0,36327424.0,"{""__name__"": ""process_resident_memory_bytes""}"
1,A,RSS Memory Footprint,go_order,go,order,inventory-go-twin:9082,inventory-go-twin:9082,2026-06-23 16:38:32,2026-06-23T11:08:32Z,1782212912,ramp_3,1125.0,29659136.0,"{""__name__"": ""process_resident_memory_bytes""}"
1,A,RSS Memory Footprint,go_order,go,order,order-go-twin:9083,order-go-twin:9083,2026-06-23 16:38:32,2026-06-23T11:08:32Z,1782212912,ramp_3,1125.0,45051904.0,"{""__name__"": ""process_resident_memory_bytes""}"
1,A,RSS Memory Footprint,go_order,go,order,warehouse-go:8084,warehouse-go:8084,2026-06-23 16:38:32,2026-06-23T11:08:32Z,1782212912,ramp_3,1125.0,34197504.0,"{""__name__"": ""process_resident_memory_bytes""}"
1,A,RSS Memory Footprint,go_order,go,order,inventory-go-twin:9082,inventory-go-twin:9082,2026-06-23 16:38:47,2026-06-23T11:08:47Z,1782212927,ramp_3,1140.0,30027776.0,"{""__name__"": ""process_resident_memory_bytes""}"
1,A,RSS Memory Footprint,go_order,go,order,order-go-twin:9083,order-go-twin:9083,2026-06-23 16:38:47,2026-06-23T11:08:47Z,1782212927,ramp_3,1140.0,45617152.0,"{""__name__"": ""process_resident_memory_bytes""}"
1,A,RSS Memory Footprint,go_order,go,order,warehouse-go:8084,warehouse-go:8084,2026-06-23 16:38:47,2026-06-23T11:08:47Z,1782212927,ramp_3,1140.0,33333248.0,"{""__name__"": ""process_resident_memory_bytes""}"
1,A,RSS Memory Footprint,go_order,go,order,inventory-go-twin:9082,inventory-go-twin:9082,2026-06-23 16:39:02,2026-06-23T11:09:02Z,1782212942,ramp_3,1155.0,31420416.0,"{""__name__"": ""process_resident_memory_bytes""}"
1,A,RSS Memory Footprint,go_order,go,order,order-go-twin:9083,order-go-twin:9083,2026-06-23 16:39:02,2026-06-23T11:09:02Z,1782212942,ramp_3,1155.0,45228032.0,"{""__name__"": ""process_resident_memory_bytes""}"
1,A,RSS Memory Footprint,go_order,go,order,warehouse-go:8084,warehouse-go:8084,2026-06-23 16:39:02,2026-06-23T11:09:02Z,1782212942,ramp_3,1155.0,33431552.0,"{""__name__"": ""process_resident_memory_bytes""}"
1,A,RSS Memory Footprint,go_order,go,order,inventory-go-twin:9082,inventory-go-twin:9082,2026-06-23 16:39:17,2026-06-23T11:09:17Z,1782212957,ramp_3,1170.0,31272960.0,"{""__name__"": ""process_resident_memory_bytes""}"
1,A,RSS Memory Footprint,go_order,go,order,order-go-twin:9083,order-go-twin:9083,2026-06-23 16:39:17,2026-06-23T11:09:17Z,1782212957,ramp_3,1170.0,46678016.0,"{""__name__"": ""process_resident_memory_bytes""}"
1,A,RSS Memory Footprint,go_order,go,order,warehouse-go:8084,warehouse-go:8084,2026-06-23 16:39:17,2026-06-23T11:09:17Z,1782212957,ramp_3,1170.0,34349056.0,"{""__name__"": ""process_resident_memory_bytes""}"
1,A,RSS Memory Footprint,go_order,go,order,inventory-go-twin:9082,inventory-go-twin:9082,2026-06-23 16:39:32,2026-06-23T11:09:32Z,1782212972,ramp_3,1185.0,30445568.0,"{""__name__"": ""process_resident_memory_bytes""}"
1,A,RSS Memory Footprint,go_order,go,order,order-go-twin:9083,order-go-twin:9083,2026-06-23 16:39:32,2026-06-23T11:09:32Z,1782212972,ramp_3,1185.0,47333376.0,"{""__name__"": ""process_resident_memory_bytes""}"
1,A,RSS Memory Footprint,go_order,go,order,warehouse-go:8084,warehouse-go:8084,2026-06-23 16:39:32,2026-06-23T11:09:32Z,1782212972,ramp_3,1185.0,36052992.0,"{""__name__"": ""process_resident_memory_bytes""}"
1,A,RSS Memory Footprint,go_order,go,order,inventory-go-twin:9082,inventory-go-twin:9082,2026-06-23 16:39:47,2026-06-23T11:09:47Z,1782212987,sustain,1200.0,31555584.0,"{""__name__"": ""process_resident_memory_bytes""}"
1,A,RSS Memory Footprint,go_order,go,order,order-go-twin:9083,order-go-twin:9083,2026-06-23 16:39:47,2026-06-23T11:09:47Z,1782212987,sustain,1200.0,47673344.0,"{""__name__"": ""process_resident_memory_bytes""}"
1,A,RSS Memory Footprint,go_order,go,order,warehouse-go:8084,warehouse-go:8084,2026-06-23 16:39:47,2026-06-23T11:09:47Z,1782212987,sustain,1200.0,34992128.0,"{""__name__"": ""process_resident_memory_bytes""}"
1,A,RSS Memory Footprint,go_order,go,order,inventory-go-twin:9082,inventory-go-twin:9082,2026-06-23 16:40:02,2026-06-23T11:10:02Z,1782213002,sustain,1215.0,30212096.0,"{""__name__"": ""process_resident_memory_bytes""}"
1,A,RSS Memory Footprint,go_order,go,order,order-go-twin:9083,order-go-twin:9083,2026-06-23 16:40:02,2026-06-23T11:10:02Z,1782213002,sustain,1215.0,47935488.0,"{""__name__"": ""process_resident_memory_bytes""}"
1,A,RSS Memory Footprint,go_order,go,order,warehouse-go:8084,warehouse-go:8084,2026-06-23 16:40:02,2026-06-23T11:10:02Z,1782213002,sustain,1215.0,35647488.0,"{""__name__"": ""process_resident_memory_bytes""}"
1,A,RSS Memory Footprint,go_order,go,order,inventory-go-twin:9082,inventory-go-twin:9082,2026-06-23 16:40:17,2026-06-23T11:10:17Z,1782213017,sustain,1230.0,29089792.0,"{""__name__"": ""process_resident_memory_bytes""}"
1,A,RSS Memory Footprint,go_order,go,order,order-go-twin:9083,order-go-twin:9083,2026-06-23 16:40:17,2026-06-23T11:10:17Z,1782213017,sustain,1230.0,47816704.0,"{""__name__"": ""process_resident_memory_bytes""}"
1,A,RSS Memory Footprint,go_order,go,order,warehouse-go:8084,warehouse-go:8084,2026-06-23 16:40:17,2026-06-23T11:10:17Z,1782213017,sustain,1230.0,35778560.0,"{""__name__"": ""process_resident_memory_bytes""}"
1,A,RSS Memory Footprint,go_order,go,order,inventory-go-twin:9082,inventory-go-twin:9082,2026-06-23 16:40:32,2026-06-23T11:10:32Z,1782213032,sustain,1245.0,30539776.0,"{""__name__"": ""process_resident_memory_bytes""}"
1,A,RSS Memory Footprint,go_order,go,order,order-go-twin:9083,order-go-twin:9083,2026-06-23 16:40:32,2026-06-23T11:10:32Z,1782213032,sustain,1245.0,47902720.0,"{""__name__"": ""process_resident_memory_bytes""}"
1,A,RSS Memory Footprint,go_order,go,order,warehouse-go:8084,warehouse-go:8084,2026-06-23 16:40:32,2026-06-23T11:10:32Z,1782213032,sustain,1245.0,36171776.0,"{""__name__"": ""process_resident_memory_bytes""}"
1,A,RSS Memory Footprint,go_order,go,order,inventory-go-twin:9082,inventory-go-twin:9082,2026-06-23 16:40:47,2026-06-23T11:10:47Z,1782213047,sustain,1260.0,31232000.0,"{""__name__"": ""process_resident_memory_bytes""}"
1,A,RSS Memory Footprint,go_order,go,order,order-go-twin:9083,order-go-twin:9083,2026-06-23 16:40:47,2026-06-23T11:10:47Z,1782213047,sustain,1260.0,47251456.0,"{""__name__"": ""process_resident_memory_bytes""}"
1,A,RSS Memory Footprint,go_order,go,order,warehouse-go:8084,warehouse-go:8084,2026-06-23 16:40:47,2026-06-23T11:10:47Z,1782213047,sustain,1260.0,36827136.0,"{""__name__"": ""process_resident_memory_bytes""}"
1,A,RSS Memory Footprint,go_order,go,order,inventory-go-twin:9082,inventory-go-twin:9082,2026-06-23 16:41:02,2026-06-23T11:11:02Z,1782213062,sustain,1275.0,30003200.0,"{""__name__"": ""process_resident_memory_bytes""}"
1,A,RSS Memory Footprint,go_order,go,order,order-go-twin:9083,order-go-twin:9083,2026-06-23 16:41:02,2026-06-23T11:11:02Z,1782213062,sustain,1275.0,47128576.0,"{""__name__"": ""process_resident_memory_bytes""}"
1,A,RSS Memory Footprint,go_order,go,order,warehouse-go:8084,warehouse-go:8084,2026-06-23 16:41:02,2026-06-23T11:11:02Z,1782213062,sustain,1275.0,36827136.0,"{""__name__"": ""process_resident_memory_bytes""}"
1,A,RSS Memory Footprint,go_order,go,order,inventory-go-twin:9082,inventory-go-twin:9082,2026-06-23 16:41:17,2026-06-23T11:11:17Z,1782213077,sustain,1290.0,30236672.0,"{""__name__"": ""process_resident_memory_bytes""}"
1,A,RSS Memory Footprint,go_order,go,order,order-go-twin:9083,order-go-twin:9083,2026-06-23 16:41:17,2026-06-23T11:11:17Z,1782213077,sustain,1290.0,47403008.0,"{""__name__"": ""process_resident_memory_bytes""}"
1,A,RSS Memory Footprint,go_order,go,order,warehouse-go:8084,warehouse-go:8084,2026-06-23 16:41:17,2026-06-23T11:11:17Z,1782213077,sustain,1290.0,36827136.0,"{""__name__"": ""process_resident_memory_bytes""}"
1,A,RSS Memory Footprint,go_order,go,order,inventory-go-twin:9082,inventory-go-twin:9082,2026-06-23 16:41:32,2026-06-23T11:11:32Z,1782213092,sustain,1305.0,30978048.0,"{""__name__"": ""process_resident_memory_bytes""}"
1,A,RSS Memory Footprint,go_order,go,order,order-go-twin:9083,order-go-twin:9083,2026-06-23 16:41:32,2026-06-23T11:11:32Z,1782213092,sustain,1305.0,47865856.0,"{""__name__"": ""process_resident_memory_bytes""}"
1,A,RSS Memory Footprint,go_order,go,order,warehouse-go:8084,warehouse-go:8084,2026-06-23 16:41:32,2026-06-23T11:11:32Z,1782213092,sustain,1305.0,37613568.0,"{""__name__"": ""process_resident_memory_bytes""}"
1,A,RSS Memory Footprint,go_order,go,order,inventory-go-twin:9082,inventory-go-twin:9082,2026-06-23 16:41:47,2026-06-23T11:11:47Z,1782213107,sustain,1320.0,31031296.0,"{""__name__"": ""process_resident_memory_bytes""}"
1,A,RSS Memory Footprint,go_order,go,order,order-go-twin:9083,order-go-twin:9083,2026-06-23 16:41:47,2026-06-23T11:11:47Z,1782213107,sustain,1320.0,47538176.0,"{""__name__"": ""process_resident_memory_bytes""}"
1,A,RSS Memory Footprint,go_order,go,order,warehouse-go:8084,warehouse-go:8084,2026-06-23 16:41:47,2026-06-23T11:11:47Z,1782213107,sustain,1320.0,38400000.0,"{""__name__"": ""process_resident_memory_bytes""}"
1,A,RSS Memory Footprint,go_order,go,order,inventory-go-twin:9082,inventory-go-twin:9082,2026-06-23 16:42:02,2026-06-23T11:12:02Z,1782213122,sustain,1335.0,31428608.0,"{""__name__"": ""process_resident_memory_bytes""}"
1,A,RSS Memory Footprint,go_order,go,order,order-go-twin:9083,order-go-twin:9083,2026-06-23 16:42:02,2026-06-23T11:12:02Z,1782213122,sustain,1335.0,47271936.0,"{""__name__"": ""process_resident_memory_bytes""}"
1,A,RSS Memory Footprint,go_order,go,order,warehouse-go:8084,warehouse-go:8084,2026-06-23 16:42:02,2026-06-23T11:12:02Z,1782213122,sustain,1335.0,35581952.0,"{""__name__"": ""process_resident_memory_bytes""}"
1,A,RSS Memory Footprint,go_order,go,order,inventory-go-twin:9082,inventory-go-twin:9082,2026-06-23 16:42:17,2026-06-23T11:12:17Z,1782213137,sustain,1350.0,30502912.0,"{""__name__"": ""process_resident_memory_bytes""}"
1,A,RSS Memory Footprint,go_order,go,order,order-go-twin:9083,order-go-twin:9083,2026-06-23 16:42:17,2026-06-23T11:12:17Z,1782213137,sustain,1350.0,47333376.0,"{""__name__"": ""process_resident_memory_bytes""}"
1,A,RSS Memory Footprint,go_order,go,order,warehouse-go:8084,warehouse-go:8084,2026-06-23 16:42:17,2026-06-23T11:12:17Z,1782213137,sustain,1350.0,35581952.0,"{""__name__"": ""process_resident_memory_bytes""}"
1,A,RSS Memory Footprint,go_order,go,order,inventory-go-twin:9082,inventory-go-twin:9082,2026-06-23 16:42:32,2026-06-23T11:12:32Z,1782213152,sustain,1365.0,31174656.0,"{""__name__"": ""process_resident_memory_bytes""}"
1,A,RSS Memory Footprint,go_order,go,order,order-go-twin:9083,order-go-twin:9083,2026-06-23 16:42:32,2026-06-23T11:12:32Z,1782213152,sustain,1365.0,47984640.0,"{""__name__"": ""process_resident_memory_bytes""}"
1,A,RSS Memory Footprint,go_order,go,order,warehouse-go:8084,warehouse-go:8084,2026-06-23 16:42:32,2026-06-23T11:12:32Z,1782213152,sustain,1365.0,35844096.0,"{""__name__"": ""process_resident_memory_bytes""}"
1,A,RSS Memory Footprint,go_order,go,order,inventory-go-twin:9082,inventory-go-twin:9082,2026-06-23 16:42:47,2026-06-23T11:12:47Z,1782213167,sustain,1380.0,30732288.0,"{""__name__"": ""process_resident_memory_bytes""}"
1,A,RSS Memory Footprint,go_order,go,order,order-go-twin:9083,order-go-twin:9083,2026-06-23 16:42:47,2026-06-23T11:12:47Z,1782213167,sustain,1380.0,48758784.0,"{""__name__"": ""process_resident_memory_bytes""}"
1,A,RSS Memory Footprint,go_order,go,order,warehouse-go:8084,warehouse-go:8084,2026-06-23 16:42:47,2026-06-23T11:12:47Z,1782213167,sustain,1380.0,34779136.0,"{""__name__"": ""process_resident_memory_bytes""}"
1,A,RSS Memory Footprint,go_order,go,order,inventory-go-twin:9082,inventory-go-twin:9082,2026-06-23 16:43:02,2026-06-23T11:13:02Z,1782213182,sustain,1395.0,30978048.0,"{""__name__"": ""process_resident_memory_bytes""}"
1,A,RSS Memory Footprint,go_order,go,order,order-go-twin:9083,order-go-twin:9083,2026-06-23 16:43:02,2026-06-23T11:13:02Z,1782213182,sustain,1395.0,47185920.0,"{""__name__"": ""process_resident_memory_bytes""}"
1,A,RSS Memory Footprint,go_order,go,order,warehouse-go:8084,warehouse-go:8084,2026-06-23 16:43:02,2026-06-23T11:13:02Z,1782213182,sustain,1395.0,34799616.0,"{""__name__"": ""process_resident_memory_bytes""}"
1,A,RSS Memory Footprint,go_order,go,order,inventory-go-twin:9082,inventory-go-twin:9082,2026-06-23 16:43:17,2026-06-23T11:13:17Z,1782213197,sustain,1410.0,30867456.0,"{""__name__"": ""process_resident_memory_bytes""}"
1,A,RSS Memory Footprint,go_order,go,order,order-go-twin:9083,order-go-twin:9083,2026-06-23 16:43:17,2026-06-23T11:13:17Z,1782213197,sustain,1410.0,47857664.0,"{""__name__"": ""process_resident_memory_bytes""}"
1,A,RSS Memory Footprint,go_order,go,order,warehouse-go:8084,warehouse-go:8084,2026-06-23 16:43:17,2026-06-23T11:13:17Z,1782213197,sustain,1410.0,35586048.0,"{""__name__"": ""process_resident_memory_bytes""}"
1,A,RSS Memory Footprint,go_order,go,order,inventory-go-twin:9082,inventory-go-twin:9082,2026-06-23 16:43:32,2026-06-23T11:13:32Z,1782213212,sustain,1425.0,29667328.0,"{""__name__"": ""process_resident_memory_bytes""}"
1,A,RSS Memory Footprint,go_order,go,order,order-go-twin:9083,order-go-twin:9083,2026-06-23 16:43:32,2026-06-23T11:13:32Z,1782213212,sustain,1425.0,47595520.0,"{""__name__"": ""process_resident_memory_bytes""}"
1,A,RSS Memory Footprint,go_order,go,order,warehouse-go:8084,warehouse-go:8084,2026-06-23 16:43:32,2026-06-23T11:13:32Z,1782213212,sustain,1425.0,35717120.0,"{""__name__"": ""process_resident_memory_bytes""}"
1,A,RSS Memory Footprint,go_order,go,order,inventory-go-twin:9082,inventory-go-twin:9082,2026-06-23 16:43:47,2026-06-23T11:13:47Z,1782213227,sustain,1440.0,31039488.0,"{""__name__"": ""process_resident_memory_bytes""}"
1,A,RSS Memory Footprint,go_order,go,order,order-go-twin:9083,order-go-twin:9083,2026-06-23 16:43:47,2026-06-23T11:13:47Z,1782213227,sustain,1440.0,47632384.0,"{""__name__"": ""process_resident_memory_bytes""}"
1,A,RSS Memory Footprint,go_order,go,order,warehouse-go:8084,warehouse-go:8084,2026-06-23 16:43:47,2026-06-23T11:13:47Z,1782213227,sustain,1440.0,35717120.0,"{""__name__"": ""process_resident_memory_bytes""}"
1,A,RSS Memory Footprint,go_order,go,order,inventory-go-twin:9082,inventory-go-twin:9082,2026-06-23 16:44:02,2026-06-23T11:14:02Z,1782213242,sustain,1455.0,31084544.0,"{""__name__"": ""process_resident_memory_bytes""}"
1,A,RSS Memory Footprint,go_order,go,order,order-go-twin:9083,order-go-twin:9083,2026-06-23 16:44:02,2026-06-23T11:14:02Z,1782213242,sustain,1455.0,47607808.0,"{""__name__"": ""process_resident_memory_bytes""}"
1,A,RSS Memory Footprint,go_order,go,order,warehouse-go:8084,warehouse-go:8084,2026-06-23 16:44:02,2026-06-23T11:14:02Z,1782213242,sustain,1455.0,35979264.0,"{""__name__"": ""process_resident_memory_bytes""}"
1,A,RSS Memory Footprint,go_order,go,order,inventory-go-twin:9082,inventory-go-twin:9082,2026-06-23 16:44:17,2026-06-23T11:14:17Z,1782213257,sustain,1470.0,30470144.0,"{""__name__"": ""process_resident_memory_bytes""}"
1,A,RSS Memory Footprint,go_order,go,order,order-go-twin:9083,order-go-twin:9083,2026-06-23 16:44:17,2026-06-23T11:14:17Z,1782213257,sustain,1470.0,47964160.0,"{""__name__"": ""process_resident_memory_bytes""}"
1,A,RSS Memory Footprint,go_order,go,order,warehouse-go:8084,warehouse-go:8084,2026-06-23 16:44:17,2026-06-23T11:14:17Z,1782213257,sustain,1470.0,35979264.0,"{""__name__"": ""process_resident_memory_bytes""}"
1,A,RSS Memory Footprint,go_order,go,order,inventory-go-twin:9082,inventory-go-twin:9082,2026-06-23 16:44:32,2026-06-23T11:14:32Z,1782213272,sustain,1485.0,30949376.0,"{""__name__"": ""process_resident_memory_bytes""}"
1,A,RSS Memory Footprint,go_order,go,order,order-go-twin:9083,order-go-twin:9083,2026-06-23 16:44:32,2026-06-23T11:14:32Z,1782213272,sustain,1485.0,47456256.0,"{""__name__"": ""process_resident_memory_bytes""}"
1,A,RSS Memory Footprint,go_order,go,order,warehouse-go:8084,warehouse-go:8084,2026-06-23 16:44:32,2026-06-23T11:14:32Z,1782213272,sustain,1485.0,35557376.0,"{""__name__"": ""process_resident_memory_bytes""}"
1,A,RSS Memory Footprint,go_order,go,order,inventory-go-twin:9082,inventory-go-twin:9082,2026-06-23 16:44:47,2026-06-23T11:14:47Z,1782213287,sustain,1500.0,29233152.0,"{""__name__"": ""process_resident_memory_bytes""}"
1,A,RSS Memory Footprint,go_order,go,order,order-go-twin:9083,order-go-twin:9083,2026-06-23 16:44:47,2026-06-23T11:14:47Z,1782213287,sustain,1500.0,47902720.0,"{""__name__"": ""process_resident_memory_bytes""}"
1,A,RSS Memory Footprint,go_order,go,order,warehouse-go:8084,warehouse-go:8084,2026-06-23 16:44:47,2026-06-23T11:14:47Z,1782213287,sustain,1500.0,35627008.0,"{""__name__"": ""process_resident_memory_bytes""}"
1,A,RSS Memory Footprint,go_order,go,order,inventory-go-twin:9082,inventory-go-twin:9082,2026-06-23 16:45:02,2026-06-23T11:15:02Z,1782213302,sustain,1515.0,30937088.0,"{""__name__"": ""process_resident_memory_bytes""}"
1,A,RSS Memory Footprint,go_order,go,order,order-go-twin:9083,order-go-twin:9083,2026-06-23 16:45:02,2026-06-23T11:15:02Z,1782213302,sustain,1515.0,47882240.0,"{""__name__"": ""process_resident_memory_bytes""}"
1,A,RSS Memory Footprint,go_order,go,order,warehouse-go:8084,warehouse-go:8084,2026-06-23 16:45:02,2026-06-23T11:15:02Z,1782213302,sustain,1515.0,35627008.0,"{""__name__"": ""process_resident_memory_bytes""}"
1,A,RSS Memory Footprint,go_order,go,order,inventory-go-twin:9082,inventory-go-twin:9082,2026-06-23 16:45:17,2026-06-23T11:15:17Z,1782213317,sustain,1530.0,29310976.0,"{""__name__"": ""process_resident_memory_bytes""}"
1,A,RSS Memory Footprint,go_order,go,order,order-go-twin:9083,order-go-twin:9083,2026-06-23 16:45:17,2026-06-23T11:15:17Z,1782213317,sustain,1530.0,47882240.0,"{""__name__"": ""process_resident_memory_bytes""}"
1,A,RSS Memory Footprint,go_order,go,order,warehouse-go:8084,warehouse-go:8084,2026-06-23 16:45:17,2026-06-23T11:15:17Z,1782213317,sustain,1530.0,35303424.0,"{""__name__"": ""process_resident_memory_bytes""}"
1,A,RSS Memory Footprint,go_order,go,order,inventory-go-twin:9082,inventory-go-twin:9082,2026-06-23 16:45:32,2026-06-23T11:15:32Z,1782213332,sustain,1545.0,29290496.0,"{""__name__"": ""process_resident_memory_bytes""}"
1,A,RSS Memory Footprint,go_order,go,order,order-go-twin:9083,order-go-twin:9083,2026-06-23 16:45:32,2026-06-23T11:15:32Z,1782213332,sustain,1545.0,47755264.0,"{""__name__"": ""process_resident_memory_bytes""}"
1,A,RSS Memory Footprint,go_order,go,order,warehouse-go:8084,warehouse-go:8084,2026-06-23 16:45:32,2026-06-23T11:15:32Z,1782213332,sustain,1545.0,35303424.0,"{""__name__"": ""process_resident_memory_bytes""}"
1,A,RSS Memory Footprint,go_order,go,order,inventory-go-twin:9082,inventory-go-twin:9082,2026-06-23 16:45:47,2026-06-23T11:15:47Z,1782213347,sustain,1560.0,30769152.0,"{""__name__"": ""process_resident_memory_bytes""}"
1,A,RSS Memory Footprint,go_order,go,order,order-go-twin:9083,order-go-twin:9083,2026-06-23 16:45:47,2026-06-23T11:15:47Z,1782213347,sustain,1560.0,47476736.0,"{""__name__"": ""process_resident_memory_bytes""}"
1,A,RSS Memory Footprint,go_order,go,order,warehouse-go:8084,warehouse-go:8084,2026-06-23 16:45:47,2026-06-23T11:15:47Z,1782213347,sustain,1560.0,35958784.0,"{""__name__"": ""process_resident_memory_bytes""}"
1,A,RSS Memory Footprint,go_order,go,order,inventory-go-twin:9082,inventory-go-twin:9082,2026-06-23 16:46:02,2026-06-23T11:16:02Z,1782213362,sustain,1575.0,28950528.0,"{""__name__"": ""process_resident_memory_bytes""}"
1,A,RSS Memory Footprint,go_order,go,order,order-go-twin:9083,order-go-twin:9083,2026-06-23 16:46:02,2026-06-23T11:16:02Z,1782213362,sustain,1575.0,47493120.0,"{""__name__"": ""process_resident_memory_bytes""}"
1,A,RSS Memory Footprint,go_order,go,order,warehouse-go:8084,warehouse-go:8084,2026-06-23 16:46:02,2026-06-23T11:16:02Z,1782213362,sustain,1575.0,36614144.0,"{""__name__"": ""process_resident_memory_bytes""}"
1,A,RSS Memory Footprint,go_order,go,order,inventory-go-twin:9082,inventory-go-twin:9082,2026-06-23 16:46:17,2026-06-23T11:16:17Z,1782213377,sustain,1590.0,29265920.0,"{""__name__"": ""process_resident_memory_bytes""}"
1,A,RSS Memory Footprint,go_order,go,order,order-go-twin:9083,order-go-twin:9083,2026-06-23 16:46:17,2026-06-23T11:16:17Z,1782213377,sustain,1590.0,47792128.0,"{""__name__"": ""process_resident_memory_bytes""}"
1,A,RSS Memory Footprint,go_order,go,order,warehouse-go:8084,warehouse-go:8084,2026-06-23 16:46:17,2026-06-23T11:16:17Z,1782213377,sustain,1590.0,35409920.0,"{""__name__"": ""process_resident_memory_bytes""}"
1,A,RSS Memory Footprint,go_order,go,order,inventory-go-twin:9082,inventory-go-twin:9082,2026-06-23 16:46:32,2026-06-23T11:16:32Z,1782213392,sustain,1605.0,30756864.0,"{""__name__"": ""process_resident_memory_bytes""}"
1,A,RSS Memory Footprint,go_order,go,order,order-go-twin:9083,order-go-twin:9083,2026-06-23 16:46:32,2026-06-23T11:16:32Z,1782213392,sustain,1605.0,47640576.0,"{""__name__"": ""process_resident_memory_bytes""}"
1,A,RSS Memory Footprint,go_order,go,order,warehouse-go:8084,warehouse-go:8084,2026-06-23 16:46:32,2026-06-23T11:16:32Z,1782213392,sustain,1605.0,35856384.0,"{""__name__"": ""process_resident_memory_bytes""}"
1,A,RSS Memory Footprint,go_order,go,order,inventory-go-twin:9082,inventory-go-twin:9082,2026-06-23 16:46:47,2026-06-23T11:16:47Z,1782213407,sustain,1620.0,30883840.0,"{""__name__"": ""process_resident_memory_bytes""}"
1,A,RSS Memory Footprint,go_order,go,order,order-go-twin:9083,order-go-twin:9083,2026-06-23 16:46:47,2026-06-23T11:16:47Z,1782213407,sustain,1620.0,48504832.0,"{""__name__"": ""process_resident_memory_bytes""}"
1,A,RSS Memory Footprint,go_order,go,order,warehouse-go:8084,warehouse-go:8084,2026-06-23 16:46:47,2026-06-23T11:16:47Z,1782213407,sustain,1620.0,35856384.0,"{""__name__"": ""process_resident_memory_bytes""}"
1,A,RSS Memory Footprint,go_order,go,order,inventory-go-twin:9082,inventory-go-twin:9082,2026-06-23 16:47:02,2026-06-23T11:17:02Z,1782213422,sustain,1635.0,29454336.0,"{""__name__"": ""process_resident_memory_bytes""}"
1,A,RSS Memory Footprint,go_order,go,order,order-go-twin:9083,order-go-twin:9083,2026-06-23 16:47:02,2026-06-23T11:17:02Z,1782213422,sustain,1635.0,47464448.0,"{""__name__"": ""process_resident_memory_bytes""}"
1,A,RSS Memory Footprint,go_order,go,order,warehouse-go:8084,warehouse-go:8084,2026-06-23 16:47:02,2026-06-23T11:17:02Z,1782213422,sustain,1635.0,37167104.0,"{""__name__"": ""process_resident_memory_bytes""}"
1,A,RSS Memory Footprint,go_order,go,order,inventory-go-twin:9082,inventory-go-twin:9082,2026-06-23 16:47:17,2026-06-23T11:17:17Z,1782213437,sustain,1650.0,29032448.0,"{""__name__"": ""process_resident_memory_bytes""}"
1,A,RSS Memory Footprint,go_order,go,order,order-go-twin:9083,order-go-twin:9083,2026-06-23 16:47:17,2026-06-23T11:17:17Z,1782213437,sustain,1650.0,46632960.0,"{""__name__"": ""process_resident_memory_bytes""}"
1,A,RSS Memory Footprint,go_order,go,order,warehouse-go:8084,warehouse-go:8084,2026-06-23 16:47:17,2026-06-23T11:17:17Z,1782213437,sustain,1650.0,37167104.0,"{""__name__"": ""process_resident_memory_bytes""}"
1,A,RSS Memory Footprint,go_order,go,order,inventory-go-twin:9082,inventory-go-twin:9082,2026-06-23 16:47:32,2026-06-23T11:17:32Z,1782213452,sustain,1665.0,29184000.0,"{""__name__"": ""process_resident_memory_bytes""}"
1,A,RSS Memory Footprint,go_order,go,order,order-go-twin:9083,order-go-twin:9083,2026-06-23 16:47:32,2026-06-23T11:17:32Z,1782213452,sustain,1665.0,47308800.0,"{""__name__"": ""process_resident_memory_bytes""}"
1,A,RSS Memory Footprint,go_order,go,order,warehouse-go:8084,warehouse-go:8084,2026-06-23 16:47:32,2026-06-23T11:17:32Z,1782213452,sustain,1665.0,37167104.0,"{""__name__"": ""process_resident_memory_bytes""}"
1,A,RSS Memory Footprint,go_order,go,order,inventory-go-twin:9082,inventory-go-twin:9082,2026-06-23 16:47:47,2026-06-23T11:17:47Z,1782213467,sustain,1680.0,29065216.0,"{""__name__"": ""process_resident_memory_bytes""}"
1,A,RSS Memory Footprint,go_order,go,order,order-go-twin:9083,order-go-twin:9083,2026-06-23 16:47:47,2026-06-23T11:17:47Z,1782213467,sustain,1680.0,47443968.0,"{""__name__"": ""process_resident_memory_bytes""}"
1,A,RSS Memory Footprint,go_order,go,order,warehouse-go:8084,warehouse-go:8084,2026-06-23 16:47:47,2026-06-23T11:17:47Z,1782213467,sustain,1680.0,37560320.0,"{""__name__"": ""process_resident_memory_bytes""}"
1,A,RSS Memory Footprint,go_order,go,order,inventory-go-twin:9082,inventory-go-twin:9082,2026-06-23 16:48:02,2026-06-23T11:18:02Z,1782213482,sustain,1695.0,29265920.0,"{""__name__"": ""process_resident_memory_bytes""}"
1,A,RSS Memory Footprint,go_order,go,order,order-go-twin:9083,order-go-twin:9083,2026-06-23 16:48:02,2026-06-23T11:18:02Z,1782213482,sustain,1695.0,48005120.0,"{""__name__"": ""process_resident_memory_bytes""}"
1,A,RSS Memory Footprint,go_order,go,order,warehouse-go:8084,warehouse-go:8084,2026-06-23 16:48:02,2026-06-23T11:18:02Z,1782213482,sustain,1695.0,36990976.0,"{""__name__"": ""process_resident_memory_bytes""}"
1,A,RSS Memory Footprint,go_order,go,order,inventory-go-twin:9082,inventory-go-twin:9082,2026-06-23 16:48:17,2026-06-23T11:18:17Z,1782213497,sustain,1710.0,31342592.0,"{""__name__"": ""process_resident_memory_bytes""}"
1,A,RSS Memory Footprint,go_order,go,order,order-go-twin:9083,order-go-twin:9083,2026-06-23 16:48:17,2026-06-23T11:18:17Z,1782213497,sustain,1710.0,47538176.0,"{""__name__"": ""process_resident_memory_bytes""}"
1,A,RSS Memory Footprint,go_order,go,order,warehouse-go:8084,warehouse-go:8084,2026-06-23 16:48:17,2026-06-23T11:18:17Z,1782213497,sustain,1710.0,37384192.0,"{""__name__"": ""process_resident_memory_bytes""}"
1,A,RSS Memory Footprint,go_order,go,order,inventory-go-twin:9082,inventory-go-twin:9082,2026-06-23 16:48:32,2026-06-23T11:18:32Z,1782213512,sustain,1725.0,29437952.0,"{""__name__"": ""process_resident_memory_bytes""}"
1,A,RSS Memory Footprint,go_order,go,order,order-go-twin:9083,order-go-twin:9083,2026-06-23 16:48:32,2026-06-23T11:18:32Z,1782213512,sustain,1725.0,47603712.0,"{""__name__"": ""process_resident_memory_bytes""}"
1,A,RSS Memory Footprint,go_order,go,order,warehouse-go:8084,warehouse-go:8084,2026-06-23 16:48:32,2026-06-23T11:18:32Z,1782213512,sustain,1725.0,37384192.0,"{""__name__"": ""process_resident_memory_bytes""}"
1,A,RSS Memory Footprint,go_order,go,order,inventory-go-twin:9082,inventory-go-twin:9082,2026-06-23 16:48:47,2026-06-23T11:18:47Z,1782213527,sustain,1740.0,31080448.0,"{""__name__"": ""process_resident_memory_bytes""}"
1,A,RSS Memory Footprint,go_order,go,order,order-go-twin:9083,order-go-twin:9083,2026-06-23 16:48:47,2026-06-23T11:18:47Z,1782213527,sustain,1740.0,47583232.0,"{""__name__"": ""process_resident_memory_bytes""}"
1,A,RSS Memory Footprint,go_order,go,order,warehouse-go:8084,warehouse-go:8084,2026-06-23 16:48:47,2026-06-23T11:18:47Z,1782213527,sustain,1740.0,36818944.0,"{""__name__"": ""process_resident_memory_bytes""}"
1,A,RSS Memory Footprint,go_order,go,order,inventory-go-twin:9082,inventory-go-twin:9082,2026-06-23 16:49:02,2026-06-23T11:19:02Z,1782213542,sustain,1755.0,29351936.0,"{""__name__"": ""process_resident_memory_bytes""}"
1,A,RSS Memory Footprint,go_order,go,order,order-go-twin:9083,order-go-twin:9083,2026-06-23 16:49:02,2026-06-23T11:19:02Z,1782213542,sustain,1755.0,47595520.0,"{""__name__"": ""process_resident_memory_bytes""}"
1,A,RSS Memory Footprint,go_order,go,order,warehouse-go:8084,warehouse-go:8084,2026-06-23 16:49:02,2026-06-23T11:19:02Z,1782213542,sustain,1755.0,36818944.0,"{""__name__"": ""process_resident_memory_bytes""}"
1,A,RSS Memory Footprint,go_order,go,order,inventory-go-twin:9082,inventory-go-twin:9082,2026-06-23 16:49:17,2026-06-23T11:19:17Z,1782213557,sustain,1770.0,30900224.0,"{""__name__"": ""process_resident_memory_bytes""}"
1,A,RSS Memory Footprint,go_order,go,order,order-go-twin:9083,order-go-twin:9083,2026-06-23 16:49:17,2026-06-23T11:19:17Z,1782213557,sustain,1770.0,47853568.0,"{""__name__"": ""process_resident_memory_bytes""}"
1,A,RSS Memory Footprint,go_order,go,order,warehouse-go:8084,warehouse-go:8084,2026-06-23 16:49:17,2026-06-23T11:19:17Z,1782213557,sustain,1770.0,37474304.0,"{""__name__"": ""process_resident_memory_bytes""}"
1,A,RSS Memory Footprint,go_order,go,order,inventory-go-twin:9082,inventory-go-twin:9082,2026-06-23 16:49:32,2026-06-23T11:19:32Z,1782213572,sustain,1785.0,30355456.0,"{""__name__"": ""process_resident_memory_bytes""}"
1,A,RSS Memory Footprint,go_order,go,order,order-go-twin:9083,order-go-twin:9083,2026-06-23 16:49:32,2026-06-23T11:19:32Z,1782213572,sustain,1785.0,47759360.0,"{""__name__"": ""process_resident_memory_bytes""}"
1,A,RSS Memory Footprint,go_order,go,order,warehouse-go:8084,warehouse-go:8084,2026-06-23 16:49:32,2026-06-23T11:19:32Z,1782213572,sustain,1785.0,37474304.0,"{""__name__"": ""process_resident_memory_bytes""}"
1,A,RSS Memory Footprint,go_order,go,order,inventory-go-twin:9082,inventory-go-twin:9082,2026-06-23 16:49:47,2026-06-23T11:19:47Z,1782213587,cooldown,1800.0,30806016.0,"{""__name__"": ""process_resident_memory_bytes""}"
1,A,RSS Memory Footprint,go_order,go,order,order-go-twin:9083,order-go-twin:9083,2026-06-23 16:49:47,2026-06-23T11:19:47Z,1782213587,cooldown,1800.0,47677440.0,"{""__name__"": ""process_resident_memory_bytes""}"
1,A,RSS Memory Footprint,go_order,go,order,warehouse-go:8084,warehouse-go:8084,2026-06-23 16:49:47,2026-06-23T11:19:47Z,1782213587,cooldown,1800.0,37736448.0,"{""__name__"": ""process_resident_memory_bytes""}"
1,A,RSS Memory Footprint,go_order,go,order,inventory-go-twin:9082,inventory-go-twin:9082,2026-06-23 16:50:02,2026-06-23T11:20:02Z,1782213602,cooldown,1815.0,30896128.0,"{""__name__"": ""process_resident_memory_bytes""}"
1,A,RSS Memory Footprint,go_order,go,order,order-go-twin:9083,order-go-twin:9083,2026-06-23 16:50:02,2026-06-23T11:20:02Z,1782213602,cooldown,1815.0,48644096.0,"{""__name__"": ""process_resident_memory_bytes""}"
1,A,RSS Memory Footprint,go_order,go,order,warehouse-go:8084,warehouse-go:8084,2026-06-23 16:50:02,2026-06-23T11:20:02Z,1782213602,cooldown,1815.0,37736448.0,"{""__name__"": ""process_resident_memory_bytes""}"
1,A,RSS Memory Footprint,go_order,go,order,inventory-go-twin:9082,inventory-go-twin:9082,2026-06-23 16:50:17,2026-06-23T11:20:17Z,1782213617,cooldown,1830.0,30031872.0,"{""__name__"": ""process_resident_memory_bytes""}"
1,A,RSS Memory Footprint,go_order,go,order,order-go-twin:9083,order-go-twin:9083,2026-06-23 16:50:17,2026-06-23T11:20:17Z,1782213617,cooldown,1830.0,47398912.0,"{""__name__"": ""process_resident_memory_bytes""}"
1,A,RSS Memory Footprint,go_order,go,order,warehouse-go:8084,warehouse-go:8084,2026-06-23 16:50:17,2026-06-23T11:20:17Z,1782213617,cooldown,1830.0,37466112.0,"{""__name__"": ""process_resident_memory_bytes""}"
1,A,RSS Memory Footprint,go_order,go,order,inventory-go-twin:9082,inventory-go-twin:9082,2026-06-23 16:50:32,2026-06-23T11:20:32Z,1782213632,cooldown,1845.0,29425664.0,"{""__name__"": ""process_resident_memory_bytes""}"
1,A,RSS Memory Footprint,go_order,go,order,order-go-twin:9083,order-go-twin:9083,2026-06-23 16:50:32,2026-06-23T11:20:32Z,1782213632,cooldown,1845.0,46723072.0,"{""__name__"": ""process_resident_memory_bytes""}"
1,A,RSS Memory Footprint,go_order,go,order,warehouse-go:8084,warehouse-go:8084,2026-06-23 16:50:32,2026-06-23T11:20:32Z,1782213632,cooldown,1845.0,37466112.0,"{""__name__"": ""process_resident_memory_bytes""}"
1,A,RSS Memory Footprint,go_order,go,order,inventory-go-twin:9082,inventory-go-twin:9082,2026-06-23 16:50:47,2026-06-23T11:20:47Z,1782213647,cooldown,1860.0,29954048.0,"{""__name__"": ""process_resident_memory_bytes""}"
1,A,RSS Memory Footprint,go_order,go,order,order-go-twin:9083,order-go-twin:9083,2026-06-23 16:50:47,2026-06-23T11:20:47Z,1782213647,cooldown,1860.0,45989888.0,"{""__name__"": ""process_resident_memory_bytes""}"
1,A,RSS Memory Footprint,go_order,go,order,warehouse-go:8084,warehouse-go:8084,2026-06-23 16:50:47,2026-06-23T11:20:47Z,1782213647,cooldown,1860.0,37597184.0,"{""__name__"": ""process_resident_memory_bytes""}"
1,A,RSS Memory Footprint,go_order,go,order,inventory-go-twin:9082,inventory-go-twin:9082,2026-06-23 16:51:02,2026-06-23T11:21:02Z,1782213662,cooldown,1875.0,30531584.0,"{""__name__"": ""process_resident_memory_bytes""}"
1,A,RSS Memory Footprint,go_order,go,order,order-go-twin:9083,order-go-twin:9083,2026-06-23 16:51:02,2026-06-23T11:21:02Z,1782213662,cooldown,1875.0,45334528.0,"{""__name__"": ""process_resident_memory_bytes""}"
1,A,RSS Memory Footprint,go_order,go,order,warehouse-go:8084,warehouse-go:8084,2026-06-23 16:51:02,2026-06-23T11:21:02Z,1782213662,cooldown,1875.0,37597184.0,"{""__name__"": ""process_resident_memory_bytes""}"
1,A,RSS Memory Footprint,go_order,go,order,inventory-go-twin:9082,inventory-go-twin:9082,2026-06-23 16:51:17,2026-06-23T11:21:17Z,1782213677,cooldown,1890.0,29732864.0,"{""__name__"": ""process_resident_memory_bytes""}"
1,A,RSS Memory Footprint,go_order,go,order,order-go-twin:9083,order-go-twin:9083,2026-06-23 16:51:17,2026-06-23T11:21:17Z,1782213677,cooldown,1890.0,44589056.0,"{""__name__"": ""process_resident_memory_bytes""}"
1,A,RSS Memory Footprint,go_order,go,order,warehouse-go:8084,warehouse-go:8084,2026-06-23 16:51:17,2026-06-23T11:21:17Z,1782213677,cooldown,1890.0,38121472.0,"{""__name__"": ""process_resident_memory_bytes""}"
1,A,RSS Memory Footprint,go_order,go,order,inventory-go-twin:9082,inventory-go-twin:9082,2026-06-23 16:51:32,2026-06-23T11:21:32Z,1782213692,cooldown,1905.0,29216768.0,"{""__name__"": ""process_resident_memory_bytes""}"
1,A,RSS Memory Footprint,go_order,go,order,order-go-twin:9083,order-go-twin:9083,2026-06-23 16:51:32,2026-06-23T11:21:32Z,1782213692,cooldown,1905.0,42446848.0,"{""__name__"": ""process_resident_memory_bytes""}"
1,A,RSS Memory Footprint,go_order,go,order,warehouse-go:8084,warehouse-go:8084,2026-06-23 16:51:32,2026-06-23T11:21:32Z,1782213692,cooldown,1905.0,38121472.0,"{""__name__"": ""process_resident_memory_bytes""}"
1,A,RSS Memory Footprint,go_order,go,order,inventory-go-twin:9082,inventory-go-twin:9082,2026-06-23 16:51:47,2026-06-23T11:21:47Z,1782213707,cooldown,1920.0,29331456.0,"{""__name__"": ""process_resident_memory_bytes""}"
1,A,RSS Memory Footprint,go_order,go,order,order-go-twin:9083,order-go-twin:9083,2026-06-23 16:51:47,2026-06-23T11:21:47Z,1782213707,cooldown,1920.0,43225088.0,"{""__name__"": ""process_resident_memory_bytes""}"
1,A,RSS Memory Footprint,go_order,go,order,warehouse-go:8084,warehouse-go:8084,2026-06-23 16:51:47,2026-06-23T11:21:47Z,1782213707,cooldown,1920.0,38121472.0,"{""__name__"": ""process_resident_memory_bytes""}"
1,A,RSS Memory Footprint,go_order,go,order,inventory-go-twin:9082,inventory-go-twin:9082,2026-06-23 16:52:02,2026-06-23T11:22:02Z,1782213722,cooldown,1935.0,30699520.0,"{""__name__"": ""process_resident_memory_bytes""}"
1,A,RSS Memory Footprint,go_order,go,order,order-go-twin:9083,order-go-twin:9083,2026-06-23 16:52:02,2026-06-23T11:22:02Z,1782213722,cooldown,1935.0,42405888.0,"{""__name__"": ""process_resident_memory_bytes""}"
1,A,RSS Memory Footprint,go_order,go,order,warehouse-go:8084,warehouse-go:8084,2026-06-23 16:52:02,2026-06-23T11:22:02Z,1782213722,cooldown,1935.0,38383616.0,"{""__name__"": ""process_resident_memory_bytes""}"
1,A,RSS Memory Footprint,go_order,go,order,inventory-go-twin:9082,inventory-go-twin:9082,2026-06-23 16:52:17,2026-06-23T11:22:17Z,1782213737,cooldown,1950.0,31014912.0,"{""__name__"": ""process_resident_memory_bytes""}"
1,A,RSS Memory Footprint,go_order,go,order,order-go-twin:9083,order-go-twin:9083,2026-06-23 16:52:17,2026-06-23T11:22:17Z,1782213737,cooldown,1950.0,41988096.0,"{""__name__"": ""process_resident_memory_bytes""}"
1,A,RSS Memory Footprint,go_order,go,order,warehouse-go:8084,warehouse-go:8084,2026-06-23 16:52:17,2026-06-23T11:22:17Z,1782213737,cooldown,1950.0,38383616.0,"{""__name__"": ""process_resident_memory_bytes""}"
1,A,RSS Memory Footprint,go_order,go,order,inventory-go-twin:9082,inventory-go-twin:9082,2026-06-23 16:52:32,2026-06-23T11:22:32Z,1782213752,cooldown,1965.0,30392320.0,"{""__name__"": ""process_resident_memory_bytes""}"
1,A,RSS Memory Footprint,go_order,go,order,order-go-twin:9083,order-go-twin:9083,2026-06-23 16:52:32,2026-06-23T11:22:32Z,1782213752,cooldown,1965.0,41484288.0,"{""__name__"": ""process_resident_memory_bytes""}"
1,A,RSS Memory Footprint,go_order,go,order,warehouse-go:8084,warehouse-go:8084,2026-06-23 16:52:32,2026-06-23T11:22:32Z,1782213752,cooldown,1965.0,38383616.0,"{""__name__"": ""process_resident_memory_bytes""}"
1,A,RSS Memory Footprint,go_order,go,order,inventory-go-twin:9082,inventory-go-twin:9082,2026-06-23 16:52:47,2026-06-23T11:22:47Z,1782213767,cooldown,1980.0,31182848.0,"{""__name__"": ""process_resident_memory_bytes""}"
1,A,RSS Memory Footprint,go_order,go,order,order-go-twin:9083,order-go-twin:9083,2026-06-23 16:52:47,2026-06-23T11:22:47Z,1782213767,cooldown,1980.0,41021440.0,"{""__name__"": ""process_resident_memory_bytes""}"
1,A,RSS Memory Footprint,go_order,go,order,warehouse-go:8084,warehouse-go:8084,2026-06-23 16:52:47,2026-06-23T11:22:47Z,1782213767,cooldown,1980.0,38776832.0,"{""__name__"": ""process_resident_memory_bytes""}"
1,A,RSS Memory Footprint,go_order,go,order,inventory-go-twin:9082,inventory-go-twin:9082,2026-06-23 16:53:02,2026-06-23T11:23:02Z,1782213782,cooldown,1995.0,31440896.0,"{""__name__"": ""process_resident_memory_bytes""}"
1,A,RSS Memory Footprint,go_order,go,order,order-go-twin:9083,order-go-twin:9083,2026-06-23 16:53:02,2026-06-23T11:23:02Z,1782213782,cooldown,1995.0,40677376.0,"{""__name__"": ""process_resident_memory_bytes""}"
1,A,RSS Memory Footprint,go_order,go,order,warehouse-go:8084,warehouse-go:8084,2026-06-23 16:53:02,2026-06-23T11:23:02Z,1782213782,cooldown,1995.0,38776832.0,"{""__name__"": ""process_resident_memory_bytes""}"
1,A,RSS Memory Footprint,go_order,go,order,inventory-go-twin:9082,inventory-go-twin:9082,2026-06-23 16:53:17,2026-06-23T11:23:17Z,1782213797,cooldown,2010.0,29773824.0,"{""__name__"": ""process_resident_memory_bytes""}"
1,A,RSS Memory Footprint,go_order,go,order,order-go-twin:9083,order-go-twin:9083,2026-06-23 16:53:17,2026-06-23T11:23:17Z,1782213797,cooldown,2010.0,39923712.0,"{""__name__"": ""process_resident_memory_bytes""}"
1,A,RSS Memory Footprint,go_order,go,order,warehouse-go:8084,warehouse-go:8084,2026-06-23 16:53:17,2026-06-23T11:23:17Z,1782213797,cooldown,2010.0,38776832.0,"{""__name__"": ""process_resident_memory_bytes""}"
1,A,RSS Memory Footprint,go_order,go,order,inventory-go-twin:9082,inventory-go-twin:9082,2026-06-23 16:53:32,2026-06-23T11:23:32Z,1782213812,cooldown,2025.0,29564928.0,"{""__name__"": ""process_resident_memory_bytes""}"
1,A,RSS Memory Footprint,go_order,go,order,order-go-twin:9083,order-go-twin:9083,2026-06-23 16:53:32,2026-06-23T11:23:32Z,1782213812,cooldown,2025.0,39452672.0,"{""__name__"": ""process_resident_memory_bytes""}"
1,A,RSS Memory Footprint,go_order,go,order,warehouse-go:8084,warehouse-go:8084,2026-06-23 16:53:32,2026-06-23T11:23:32Z,1782213812,cooldown,2025.0,38776832.0,"{""__name__"": ""process_resident_memory_bytes""}"
1,A,RSS Memory Footprint,go_order,go,order,inventory-go-twin:9082,inventory-go-twin:9082,2026-06-23 16:53:47,2026-06-23T11:23:47Z,1782213827,cooldown,2040.0,29794304.0,"{""__name__"": ""process_resident_memory_bytes""}"
1,A,RSS Memory Footprint,go_order,go,order,order-go-twin:9083,order-go-twin:9083,2026-06-23 16:53:47,2026-06-23T11:23:47Z,1782213827,cooldown,2040.0,37920768.0,"{""__name__"": ""process_resident_memory_bytes""}"
1,A,RSS Memory Footprint,go_order,go,order,warehouse-go:8084,warehouse-go:8084,2026-06-23 16:53:47,2026-06-23T11:23:47Z,1782213827,cooldown,2040.0,38776832.0,"{""__name__"": ""process_resident_memory_bytes""}"
1,A,RSS Memory Footprint,go_order,go,order,inventory-go-twin:9082,inventory-go-twin:9082,2026-06-23 16:54:02,2026-06-23T11:24:02Z,1782213842,cooldown,2055.0,29110272.0,"{""__name__"": ""process_resident_memory_bytes""}"
1,A,RSS Memory Footprint,go_order,go,order,order-go-twin:9083,order-go-twin:9083,2026-06-23 16:54:02,2026-06-23T11:24:02Z,1782213842,cooldown,2055.0,37339136.0,"{""__name__"": ""process_resident_memory_bytes""}"
1,A,RSS Memory Footprint,go_order,go,order,warehouse-go:8084,warehouse-go:8084,2026-06-23 16:54:02,2026-06-23T11:24:02Z,1782213842,cooldown,2055.0,38776832.0,"{""__name__"": ""process_resident_memory_bytes""}"
1,A,RSS Memory Footprint,go_order,go,order,inventory-go-twin:9082,inventory-go-twin:9082,2026-06-23 16:54:17,2026-06-23T11:24:17Z,1782213857,cooldown,2070.0,30420992.0,"{""__name__"": ""process_resident_memory_bytes""}"
1,A,RSS Memory Footprint,go_order,go,order,order-go-twin:9083,order-go-twin:9083,2026-06-23 16:54:17,2026-06-23T11:24:17Z,1782213857,cooldown,2070.0,38756352.0,"{""__name__"": ""process_resident_memory_bytes""}"
1,A,RSS Memory Footprint,go_order,go,order,warehouse-go:8084,warehouse-go:8084,2026-06-23 16:54:17,2026-06-23T11:24:17Z,1782213857,cooldown,2070.0,38907904.0,"{""__name__"": ""process_resident_memory_bytes""}"
1,A,RSS Memory Footprint,go_order,go,order,inventory-go-twin:9082,inventory-go-twin:9082,2026-06-23 16:54:32,2026-06-23T11:24:32Z,1782213872,cooldown,2085.0,32124928.0,"{""__name__"": ""process_resident_memory_bytes""}"
1,A,RSS Memory Footprint,go_order,go,order,order-go-twin:9083,order-go-twin:9083,2026-06-23 16:54:32,2026-06-23T11:24:32Z,1782213872,cooldown,2085.0,39477248.0,"{""__name__"": ""process_resident_memory_bytes""}"
1,A,RSS Memory Footprint,go_order,go,order,warehouse-go:8084,warehouse-go:8084,2026-06-23 16:54:32,2026-06-23T11:24:32Z,1782213872,cooldown,2085.0,38907904.0,"{""__name__"": ""process_resident_memory_bytes""}"
1,A,RSS Memory Footprint,go_order,go,order,inventory-go-twin:9082,inventory-go-twin:9082,2026-06-23 16:54:47,2026-06-23T11:24:47Z,1782213887,post_test,2100.0,32256000.0,"{""__name__"": ""process_resident_memory_bytes""}"
1,A,RSS Memory Footprint,go_order,go,order,order-go-twin:9083,order-go-twin:9083,2026-06-23 16:54:47,2026-06-23T11:24:47Z,1782213887,post_test,2100.0,39608320.0,"{""__name__"": ""process_resident_memory_bytes""}"
1,A,RSS Memory Footprint,go_order,go,order,warehouse-go:8084,warehouse-go:8084,2026-06-23 16:54:47,2026-06-23T11:24:47Z,1782213887,post_test,2100.0,38907904.0,"{""__name__"": ""process_resident_memory_bytes""}"
1,A,RSS Memory Footprint,java_inventory,java,inventory,inventory-go-twin:9082,inventory-go-twin:9082,2026-06-23 18:20:13,2026-06-23T12:50:13Z,1782219013,warmup,0.0,31780864.0,"{""__name__"": ""process_resident_memory_bytes""}"
1,A,RSS Memory Footprint,java_inventory,java,inventory,order-go-twin:9083,order-go-twin:9083,2026-06-23 18:20:13,2026-06-23T12:50:13Z,1782219013,warmup,0.0,32350208.0,"{""__name__"": ""process_resident_memory_bytes""}"
1,A,RSS Memory Footprint,java_inventory,java,inventory,warehouse-go:8084,warehouse-go:8084,2026-06-23 18:20:13,2026-06-23T12:50:13Z,1782219013,warmup,0.0,35483648.0,"{""__name__"": ""process_resident_memory_bytes""}"
1,A,RSS Memory Footprint,java_inventory,java,inventory,inventory-go-twin:9082,inventory-go-twin:9082,2026-06-23 18:20:28,2026-06-23T12:50:28Z,1782219028,warmup,15.0,31780864.0,"{""__name__"": ""process_resident_memory_bytes""}"
1,A,RSS Memory Footprint,java_inventory,java,inventory,order-go-twin:9083,order-go-twin:9083,2026-06-23 18:20:28,2026-06-23T12:50:28Z,1782219028,warmup,15.0,32350208.0,"{""__name__"": ""process_resident_memory_bytes""}"
1,A,RSS Memory Footprint,java_inventory,java,inventory,warehouse-go:8084,warehouse-go:8084,2026-06-23 18:20:28,2026-06-23T12:50:28Z,1782219028,warmup,15.0,35483648.0,"{""__name__"": ""process_resident_memory_bytes""}"
1,A,RSS Memory Footprint,java_inventory,java,inventory,inventory-go-twin:9082,inventory-go-twin:9082,2026-06-23 18:20:43,2026-06-23T12:50:43Z,1782219043,warmup,30.0,31903744.0,"{""__name__"": ""process_resident_memory_bytes""}"
1,A,RSS Memory Footprint,java_inventory,java,inventory,order-go-twin:9083,order-go-twin:9083,2026-06-23 18:20:43,2026-06-23T12:50:43Z,1782219043,warmup,30.0,32350208.0,"{""__name__"": ""process_resident_memory_bytes""}"
1,A,RSS Memory Footprint,java_inventory,java,inventory,warehouse-go:8084,warehouse-go:8084,2026-06-23 18:20:43,2026-06-23T12:50:43Z,1782219043,warmup,30.0,36007936.0,"{""__name__"": ""process_resident_memory_bytes""}"
1,A,RSS Memory Footprint,java_inventory,java,inventory,inventory-go-twin:9082,inventory-go-twin:9082,2026-06-23 18:20:58,2026-06-23T12:50:58Z,1782219058,warmup,45.0,31502336.0,"{""__name__"": ""process_resident_memory_bytes""}"
1,A,RSS Memory Footprint,java_inventory,java,inventory,order-go-twin:9083,order-go-twin:9083,2026-06-23 18:20:58,2026-06-23T12:50:58Z,1782219058,warmup,45.0,32350208.0,"{""__name__"": ""process_resident_memory_bytes""}"
1,A,RSS Memory Footprint,java_inventory,java,inventory,warehouse-go:8084,warehouse-go:8084,2026-06-23 18:20:58,2026-06-23T12:50:58Z,1782219058,warmup,45.0,36794368.0,"{""__name__"": ""process_resident_memory_bytes""}"
1,A,RSS Memory Footprint,java_inventory,java,inventory,inventory-go-twin:9082,inventory-go-twin:9082,2026-06-23 18:21:13,2026-06-23T12:51:13Z,1782219073,warmup,60.0,31764480.0,"{""__name__"": ""process_resident_memory_bytes""}"
1,A,RSS Memory Footprint,java_inventory,java,inventory,order-go-twin:9083,order-go-twin:9083,2026-06-23 18:21:13,2026-06-23T12:51:13Z,1782219073,warmup,60.0,32350208.0,"{""__name__"": ""process_resident_memory_bytes""}"
1,A,RSS Memory Footprint,java_inventory,java,inventory,warehouse-go:8084,warehouse-go:8084,2026-06-23 18:21:13,2026-06-23T12:51:13Z,1782219073,warmup,60.0,36794368.0,"{""__name__"": ""process_resident_memory_bytes""}"
1,A,RSS Memory Footprint,java_inventory,java,inventory,inventory-go-twin:9082,inventory-go-twin:9082,2026-06-23 18:21:28,2026-06-23T12:51:28Z,1782219088,warmup,75.0,31584256.0,"{""__name__"": ""process_resident_memory_bytes""}"
1,A,RSS Memory Footprint,java_inventory,java,inventory,order-go-twin:9083,order-go-twin:9083,2026-06-23 18:21:28,2026-06-23T12:51:28Z,1782219088,warmup,75.0,32481280.0,"{""__name__"": ""process_resident_memory_bytes""}"
1,A,RSS Memory Footprint,java_inventory,java,inventory,warehouse-go:8084,warehouse-go:8084,2026-06-23 18:21:28,2026-06-23T12:51:28Z,1782219088,warmup,75.0,36925440.0,"{""__name__"": ""process_resident_memory_bytes""}"
1,A,RSS Memory Footprint,java_inventory,java,inventory,inventory-go-twin:9082,inventory-go-twin:9082,2026-06-23 18:21:43,2026-06-23T12:51:43Z,1782219103,warmup,90.0,31846400.0,"{""__name__"": ""process_resident_memory_bytes""}"
1,A,RSS Memory Footprint,java_inventory,java,inventory,order-go-twin:9083,order-go-twin:9083,2026-06-23 18:21:43,2026-06-23T12:51:43Z,1782219103,warmup,90.0,32481280.0,"{""__name__"": ""process_resident_memory_bytes""}"
1,A,RSS Memory Footprint,java_inventory,java,inventory,warehouse-go:8084,warehouse-go:8084,2026-06-23 18:21:43,2026-06-23T12:51:43Z,1782219103,warmup,90.0,36925440.0,"{""__name__"": ""process_resident_memory_bytes""}"
1,A,RSS Memory Footprint,java_inventory,java,inventory,inventory-go-twin:9082,inventory-go-twin:9082,2026-06-23 18:21:58,2026-06-23T12:51:58Z,1782219118,warmup,105.0,31703040.0,"{""__name__"": ""process_resident_memory_bytes""}"
1,A,RSS Memory Footprint,java_inventory,java,inventory,order-go-twin:9083,order-go-twin:9083,2026-06-23 18:21:58,2026-06-23T12:51:58Z,1782219118,warmup,105.0,32481280.0,"{""__name__"": ""process_resident_memory_bytes""}"
1,A,RSS Memory Footprint,java_inventory,java,inventory,warehouse-go:8084,warehouse-go:8084,2026-06-23 18:21:58,2026-06-23T12:51:58Z,1782219118,warmup,105.0,37318656.0,"{""__name__"": ""process_resident_memory_bytes""}"
1,A,RSS Memory Footprint,java_inventory,java,inventory,inventory-go-twin:9082,inventory-go-twin:9082,2026-06-23 18:22:13,2026-06-23T12:52:13Z,1782219133,warmup,120.0,31834112.0,"{""__name__"": ""process_resident_memory_bytes""}"
1,A,RSS Memory Footprint,java_inventory,java,inventory,order-go-twin:9083,order-go-twin:9083,2026-06-23 18:22:13,2026-06-23T12:52:13Z,1782219133,warmup,120.0,32481280.0,"{""__name__"": ""process_resident_memory_bytes""}"
1,A,RSS Memory Footprint,java_inventory,java,inventory,warehouse-go:8084,warehouse-go:8084,2026-06-23 18:22:13,2026-06-23T12:52:13Z,1782219133,warmup,120.0,35393536.0,"{""__name__"": ""process_resident_memory_bytes""}"
1,A,RSS Memory Footprint,java_inventory,java,inventory,inventory-go-twin:9082,inventory-go-twin:9082,2026-06-23 18:22:28,2026-06-23T12:52:28Z,1782219148,warmup,135.0,31965184.0,"{""__name__"": ""process_resident_memory_bytes""}"
1,A,RSS Memory Footprint,java_inventory,java,inventory,order-go-twin:9083,order-go-twin:9083,2026-06-23 18:22:28,2026-06-23T12:52:28Z,1782219148,warmup,135.0,32481280.0,"{""__name__"": ""process_resident_memory_bytes""}"
1,A,RSS Memory Footprint,java_inventory,java,inventory,warehouse-go:8084,warehouse-go:8084,2026-06-23 18:22:28,2026-06-23T12:52:28Z,1782219148,warmup,135.0,35450880.0,"{""__name__"": ""process_resident_memory_bytes""}"
1,A,RSS Memory Footprint,java_inventory,java,inventory,inventory-go-twin:9082,inventory-go-twin:9082,2026-06-23 18:22:43,2026-06-23T12:52:43Z,1782219163,warmup,150.0,31965184.0,"{""__name__"": ""process_resident_memory_bytes""}"
1,A,RSS Memory Footprint,java_inventory,java,inventory,order-go-twin:9083,order-go-twin:9083,2026-06-23 18:22:43,2026-06-23T12:52:43Z,1782219163,warmup,150.0,32481280.0,"{""__name__"": ""process_resident_memory_bytes""}"
1,A,RSS Memory Footprint,java_inventory,java,inventory,warehouse-go:8084,warehouse-go:8084,2026-06-23 18:22:43,2026-06-23T12:52:43Z,1782219163,warmup,150.0,35479552.0,"{""__name__"": ""process_resident_memory_bytes""}"
1,A,RSS Memory Footprint,java_inventory,java,inventory,inventory-go-twin:9082,inventory-go-twin:9082,2026-06-23 18:22:58,2026-06-23T12:52:58Z,1782219178,warmup,165.0,32321536.0,"{""__name__"": ""process_resident_memory_bytes""}"
1,A,RSS Memory Footprint,java_inventory,java,inventory,order-go-twin:9083,order-go-twin:9083,2026-06-23 18:22:58,2026-06-23T12:52:58Z,1782219178,warmup,165.0,32481280.0,"{""__name__"": ""process_resident_memory_bytes""}"
1,A,RSS Memory Footprint,java_inventory,java,inventory,warehouse-go:8084,warehouse-go:8084,2026-06-23 18:22:58,2026-06-23T12:52:58Z,1782219178,warmup,165.0,35610624.0,"{""__name__"": ""process_resident_memory_bytes""}"
1,A,RSS Memory Footprint,java_inventory,java,inventory,inventory-go-twin:9082,inventory-go-twin:9082,2026-06-23 18:23:13,2026-06-23T12:53:13Z,1782219193,warmup,180.0,32452608.0,"{""__name__"": ""process_resident_memory_bytes""}"
1,A,RSS Memory Footprint,java_inventory,java,inventory,order-go-twin:9083,order-go-twin:9083,2026-06-23 18:23:13,2026-06-23T12:53:13Z,1782219193,warmup,180.0,32481280.0,"{""__name__"": ""process_resident_memory_bytes""}"
1,A,RSS Memory Footprint,java_inventory,java,inventory,warehouse-go:8084,warehouse-go:8084,2026-06-23 18:23:13,2026-06-23T12:53:13Z,1782219193,warmup,180.0,35610624.0,"{""__name__"": ""process_resident_memory_bytes""}"
1,A,RSS Memory Footprint,java_inventory,java,inventory,inventory-go-twin:9082,inventory-go-twin:9082,2026-06-23 18:23:28,2026-06-23T12:53:28Z,1782219208,warmup,195.0,32161792.0,"{""__name__"": ""process_resident_memory_bytes""}"
1,A,RSS Memory Footprint,java_inventory,java,inventory,order-go-twin:9083,order-go-twin:9083,2026-06-23 18:23:28,2026-06-23T12:53:28Z,1782219208,warmup,195.0,32481280.0,"{""__name__"": ""process_resident_memory_bytes""}"
1,A,RSS Memory Footprint,java_inventory,java,inventory,warehouse-go:8084,warehouse-go:8084,2026-06-23 18:23:28,2026-06-23T12:53:28Z,1782219208,warmup,195.0,33804288.0,"{""__name__"": ""process_resident_memory_bytes""}"
1,A,RSS Memory Footprint,java_inventory,java,inventory,inventory-go-twin:9082,inventory-go-twin:9082,2026-06-23 18:23:43,2026-06-23T12:53:43Z,1782219223,warmup,210.0,32161792.0,"{""__name__"": ""process_resident_memory_bytes""}"
1,A,RSS Memory Footprint,java_inventory,java,inventory,order-go-twin:9083,order-go-twin:9083,2026-06-23 18:23:43,2026-06-23T12:53:43Z,1782219223,warmup,210.0,32481280.0,"{""__name__"": ""process_resident_memory_bytes""}"
1,A,RSS Memory Footprint,java_inventory,java,inventory,warehouse-go:8084,warehouse-go:8084,2026-06-23 18:23:43,2026-06-23T12:53:43Z,1782219223,warmup,210.0,33660928.0,"{""__name__"": ""process_resident_memory_bytes""}"
1,A,RSS Memory Footprint,java_inventory,java,inventory,inventory-go-twin:9082,inventory-go-twin:9082,2026-06-23 18:23:58,2026-06-23T12:53:58Z,1782219238,warmup,225.0,32161792.0,"{""__name__"": ""process_resident_memory_bytes""}"
1,A,RSS Memory Footprint,java_inventory,java,inventory,order-go-twin:9083,order-go-twin:9083,2026-06-23 18:23:58,2026-06-23T12:53:58Z,1782219238,warmup,225.0,32481280.0,"{""__name__"": ""process_resident_memory_bytes""}"
1,A,RSS Memory Footprint,java_inventory,java,inventory,warehouse-go:8084,warehouse-go:8084,2026-06-23 18:23:58,2026-06-23T12:53:58Z,1782219238,warmup,225.0,33792000.0,"{""__name__"": ""process_resident_memory_bytes""}"
1,A,RSS Memory Footprint,java_inventory,java,inventory,inventory-go-twin:9082,inventory-go-twin:9082,2026-06-23 18:24:13,2026-06-23T12:54:13Z,1782219253,warmup,240.0,31891456.0,"{""__name__"": ""process_resident_memory_bytes""}"
1,A,RSS Memory Footprint,java_inventory,java,inventory,order-go-twin:9083,order-go-twin:9083,2026-06-23 18:24:13,2026-06-23T12:54:13Z,1782219253,warmup,240.0,32481280.0,"{""__name__"": ""process_resident_memory_bytes""}"
1,A,RSS Memory Footprint,java_inventory,java,inventory,warehouse-go:8084,warehouse-go:8084,2026-06-23 18:24:13,2026-06-23T12:54:13Z,1782219253,warmup,240.0,33792000.0,"{""__name__"": ""process_resident_memory_bytes""}"
1,A,RSS Memory Footprint,java_inventory,java,inventory,inventory-go-twin:9082,inventory-go-twin:9082,2026-06-23 18:24:28,2026-06-23T12:54:28Z,1782219268,warmup,255.0,32284672.0,"{""__name__"": ""process_resident_memory_bytes""}"
1,A,RSS Memory Footprint,java_inventory,java,inventory,order-go-twin:9083,order-go-twin:9083,2026-06-23 18:24:28,2026-06-23T12:54:28Z,1782219268,warmup,255.0,32481280.0,"{""__name__"": ""process_resident_memory_bytes""}"
1,A,RSS Memory Footprint,java_inventory,java,inventory,warehouse-go:8084,warehouse-go:8084,2026-06-23 18:24:28,2026-06-23T12:54:28Z,1782219268,warmup,255.0,34709504.0,"{""__name__"": ""process_resident_memory_bytes""}"
1,A,RSS Memory Footprint,java_inventory,java,inventory,inventory-go-twin:9082,inventory-go-twin:9082,2026-06-23 18:24:43,2026-06-23T12:54:43Z,1782219283,warmup,270.0,32546816.0,"{""__name__"": ""process_resident_memory_bytes""}"
1,A,RSS Memory Footprint,java_inventory,java,inventory,order-go-twin:9083,order-go-twin:9083,2026-06-23 18:24:43,2026-06-23T12:54:43Z,1782219283,warmup,270.0,32481280.0,"{""__name__"": ""process_resident_memory_bytes""}"
1,A,RSS Memory Footprint,java_inventory,java,inventory,warehouse-go:8084,warehouse-go:8084,2026-06-23 18:24:43,2026-06-23T12:54:43Z,1782219283,warmup,270.0,34840576.0,"{""__name__"": ""process_resident_memory_bytes""}"
1,A,RSS Memory Footprint,java_inventory,java,inventory,inventory-go-twin:9082,inventory-go-twin:9082,2026-06-23 18:24:58,2026-06-23T12:54:58Z,1782219298,warmup,285.0,32145408.0,"{""__name__"": ""process_resident_memory_bytes""}"
1,A,RSS Memory Footprint,java_inventory,java,inventory,order-go-twin:9083,order-go-twin:9083,2026-06-23 18:24:58,2026-06-23T12:54:58Z,1782219298,warmup,285.0,32481280.0,"{""__name__"": ""process_resident_memory_bytes""}"
1,A,RSS Memory Footprint,java_inventory,java,inventory,warehouse-go:8084,warehouse-go:8084,2026-06-23 18:24:58,2026-06-23T12:54:58Z,1782219298,warmup,285.0,34971648.0,"{""__name__"": ""process_resident_memory_bytes""}"
1,A,RSS Memory Footprint,java_inventory,java,inventory,inventory-go-twin:9082,inventory-go-twin:9082,2026-06-23 18:25:13,2026-06-23T12:55:13Z,1782219313,ramp_1,300.0,32145408.0,"{""__name__"": ""process_resident_memory_bytes""}"
1,A,RSS Memory Footprint,java_inventory,java,inventory,order-go-twin:9083,order-go-twin:9083,2026-06-23 18:25:13,2026-06-23T12:55:13Z,1782219313,ramp_1,300.0,32481280.0,"{""__name__"": ""process_resident_memory_bytes""}"
1,A,RSS Memory Footprint,java_inventory,java,inventory,warehouse-go:8084,warehouse-go:8084,2026-06-23 18:25:13,2026-06-23T12:55:13Z,1782219313,ramp_1,300.0,35102720.0,"{""__name__"": ""process_resident_memory_bytes""}"
1,A,RSS Memory Footprint,java_inventory,java,inventory,inventory-go-twin:9082,inventory-go-twin:9082,2026-06-23 18:25:28,2026-06-23T12:55:28Z,1782219328,ramp_1,315.0,32145408.0,"{""__name__"": ""process_resident_memory_bytes""}"
1,A,RSS Memory Footprint,java_inventory,java,inventory,order-go-twin:9083,order-go-twin:9083,2026-06-23 18:25:28,2026-06-23T12:55:28Z,1782219328,ramp_1,315.0,32481280.0,"{""__name__"": ""process_resident_memory_bytes""}"
1,A,RSS Memory Footprint,java_inventory,java,inventory,warehouse-go:8084,warehouse-go:8084,2026-06-23 18:25:28,2026-06-23T12:55:28Z,1782219328,ramp_1,315.0,35889152.0,"{""__name__"": ""process_resident_memory_bytes""}"
1,A,RSS Memory Footprint,java_inventory,java,inventory,inventory-go-twin:9082,inventory-go-twin:9082,2026-06-23 18:25:43,2026-06-23T12:55:43Z,1782219343,ramp_1,330.0,32276480.0,"{""__name__"": ""process_resident_memory_bytes""}"
1,A,RSS Memory Footprint,java_inventory,java,inventory,order-go-twin:9083,order-go-twin:9083,2026-06-23 18:25:43,2026-06-23T12:55:43Z,1782219343,ramp_1,330.0,32481280.0,"{""__name__"": ""process_resident_memory_bytes""}"
1,A,RSS Memory Footprint,java_inventory,java,inventory,warehouse-go:8084,warehouse-go:8084,2026-06-23 18:25:43,2026-06-23T12:55:43Z,1782219343,ramp_1,330.0,35889152.0,"{""__name__"": ""process_resident_memory_bytes""}"
1,A,RSS Memory Footprint,java_inventory,java,inventory,inventory-go-twin:9082,inventory-go-twin:9082,2026-06-23 18:25:58,2026-06-23T12:55:58Z,1782219358,ramp_1,345.0,32276480.0,"{""__name__"": ""process_resident_memory_bytes""}"
1,A,RSS Memory Footprint,java_inventory,java,inventory,order-go-twin:9083,order-go-twin:9083,2026-06-23 18:25:58,2026-06-23T12:55:58Z,1782219358,ramp_1,345.0,32481280.0,"{""__name__"": ""process_resident_memory_bytes""}"
1,A,RSS Memory Footprint,java_inventory,java,inventory,warehouse-go:8084,warehouse-go:8084,2026-06-23 18:25:58,2026-06-23T12:55:58Z,1782219358,ramp_1,345.0,36675584.0,"{""__name__"": ""process_resident_memory_bytes""}"
1,A,RSS Memory Footprint,java_inventory,java,inventory,inventory-go-twin:9082,inventory-go-twin:9082,2026-06-23 18:26:13,2026-06-23T12:56:13Z,1782219373,ramp_1,360.0,32276480.0,"{""__name__"": ""process_resident_memory_bytes""}"
1,A,RSS Memory Footprint,java_inventory,java,inventory,order-go-twin:9083,order-go-twin:9083,2026-06-23 18:26:13,2026-06-23T12:56:13Z,1782219373,ramp_1,360.0,32481280.0,"{""__name__"": ""process_resident_memory_bytes""}"
1,A,RSS Memory Footprint,java_inventory,java,inventory,warehouse-go:8084,warehouse-go:8084,2026-06-23 18:26:13,2026-06-23T12:56:13Z,1782219373,ramp_1,360.0,36675584.0,"{""__name__"": ""process_resident_memory_bytes""}"
1,A,RSS Memory Footprint,java_inventory,java,inventory,inventory-go-twin:9082,inventory-go-twin:9082,2026-06-23 18:26:28,2026-06-23T12:56:28Z,1782219388,ramp_1,375.0,32137216.0,"{""__name__"": ""process_resident_memory_bytes""}"
1,A,RSS Memory Footprint,java_inventory,java,inventory,order-go-twin:9083,order-go-twin:9083,2026-06-23 18:26:28,2026-06-23T12:56:28Z,1782219388,ramp_1,375.0,32481280.0,"{""__name__"": ""process_resident_memory_bytes""}"
1,A,RSS Memory Footprint,java_inventory,java,inventory,warehouse-go:8084,warehouse-go:8084,2026-06-23 18:26:28,2026-06-23T12:56:28Z,1782219388,ramp_1,375.0,36806656.0,"{""__name__"": ""process_resident_memory_bytes""}"
1,A,RSS Memory Footprint,java_inventory,java,inventory,inventory-go-twin:9082,inventory-go-twin:9082,2026-06-23 18:26:43,2026-06-23T12:56:43Z,1782219403,ramp_1,390.0,32530432.0,"{""__name__"": ""process_resident_memory_bytes""}"
1,A,RSS Memory Footprint,java_inventory,java,inventory,order-go-twin:9083,order-go-twin:9083,2026-06-23 18:26:43,2026-06-23T12:56:43Z,1782219403,ramp_1,390.0,33136640.0,"{""__name__"": ""process_resident_memory_bytes""}"
1,A,RSS Memory Footprint,java_inventory,java,inventory,warehouse-go:8084,warehouse-go:8084,2026-06-23 18:26:43,2026-06-23T12:56:43Z,1782219403,ramp_1,390.0,37453824.0,"{""__name__"": ""process_resident_memory_bytes""}"
1,A,RSS Memory Footprint,java_inventory,java,inventory,inventory-go-twin:9082,inventory-go-twin:9082,2026-06-23 18:26:58,2026-06-23T12:56:58Z,1782219418,ramp_1,405.0,32530432.0,"{""__name__"": ""process_resident_memory_bytes""}"
1,A,RSS Memory Footprint,java_inventory,java,inventory,order-go-twin:9083,order-go-twin:9083,2026-06-23 18:26:58,2026-06-23T12:56:58Z,1782219418,ramp_1,405.0,33136640.0,"{""__name__"": ""process_resident_memory_bytes""}"
1,A,RSS Memory Footprint,java_inventory,java,inventory,warehouse-go:8084,warehouse-go:8084,2026-06-23 18:26:58,2026-06-23T12:56:58Z,1782219418,ramp_1,405.0,37584896.0,"{""__name__"": ""process_resident_memory_bytes""}"
1,A,RSS Memory Footprint,java_inventory,java,inventory,inventory-go-twin:9082,inventory-go-twin:9082,2026-06-23 18:27:13,2026-06-23T12:57:13Z,1782219433,ramp_1,420.0,32235520.0,"{""__name__"": ""process_resident_memory_bytes""}"
1,A,RSS Memory Footprint,java_inventory,java,inventory,order-go-twin:9083,order-go-twin:9083,2026-06-23 18:27:13,2026-06-23T12:57:13Z,1782219433,ramp_1,420.0,33136640.0,"{""__name__"": ""process_resident_memory_bytes""}"
1,A,RSS Memory Footprint,java_inventory,java,inventory,warehouse-go:8084,warehouse-go:8084,2026-06-23 18:27:13,2026-06-23T12:57:13Z,1782219433,ramp_1,420.0,35684352.0,"{""__name__"": ""process_resident_memory_bytes""}"
1,A,RSS Memory Footprint,java_inventory,java,inventory,inventory-go-twin:9082,inventory-go-twin:9082,2026-06-23 18:27:28,2026-06-23T12:57:28Z,1782219448,ramp_1,435.0,32235520.0,"{""__name__"": ""process_resident_memory_bytes""}"
1,A,RSS Memory Footprint,java_inventory,java,inventory,order-go-twin:9083,order-go-twin:9083,2026-06-23 18:27:28,2026-06-23T12:57:28Z,1782219448,ramp_1,435.0,33136640.0,"{""__name__"": ""process_resident_memory_bytes""}"
1,A,RSS Memory Footprint,java_inventory,java,inventory,warehouse-go:8084,warehouse-go:8084,2026-06-23 18:27:28,2026-06-23T12:57:28Z,1782219448,ramp_1,435.0,36012032.0,"{""__name__"": ""process_resident_memory_bytes""}"
1,A,RSS Memory Footprint,java_inventory,java,inventory,inventory-go-twin:9082,inventory-go-twin:9082,2026-06-23 18:27:43,2026-06-23T12:57:43Z,1782219463,ramp_1,450.0,32235520.0,"{""__name__"": ""process_resident_memory_bytes""}"
1,A,RSS Memory Footprint,java_inventory,java,inventory,order-go-twin:9083,order-go-twin:9083,2026-06-23 18:27:43,2026-06-23T12:57:43Z,1782219463,ramp_1,450.0,33136640.0,"{""__name__"": ""process_resident_memory_bytes""}"
1,A,RSS Memory Footprint,java_inventory,java,inventory,warehouse-go:8084,warehouse-go:8084,2026-06-23 18:27:43,2026-06-23T12:57:43Z,1782219463,ramp_1,450.0,36143104.0,"{""__name__"": ""process_resident_memory_bytes""}"
1,A,RSS Memory Footprint,java_inventory,java,inventory,inventory-go-twin:9082,inventory-go-twin:9082,2026-06-23 18:27:58,2026-06-23T12:57:58Z,1782219478,ramp_1,465.0,32075776.0,"{""__name__"": ""process_resident_memory_bytes""}"
1,A,RSS Memory Footprint,java_inventory,java,inventory,order-go-twin:9083,order-go-twin:9083,2026-06-23 18:27:58,2026-06-23T12:57:58Z,1782219478,ramp_1,465.0,33136640.0,"{""__name__"": ""process_resident_memory_bytes""}"
1,A,RSS Memory Footprint,java_inventory,java,inventory,warehouse-go:8084,warehouse-go:8084,2026-06-23 18:27:58,2026-06-23T12:57:58Z,1782219478,ramp_1,465.0,36405248.0,"{""__name__"": ""process_resident_memory_bytes""}"
1,A,RSS Memory Footprint,java_inventory,java,inventory,inventory-go-twin:9082,inventory-go-twin:9082,2026-06-23 18:28:13,2026-06-23T12:58:13Z,1782219493,ramp_1,480.0,32075776.0,"{""__name__"": ""process_resident_memory_bytes""}"
1,A,RSS Memory Footprint,java_inventory,java,inventory,order-go-twin:9083,order-go-twin:9083,2026-06-23 18:28:13,2026-06-23T12:58:13Z,1782219493,ramp_1,480.0,33136640.0,"{""__name__"": ""process_resident_memory_bytes""}"
1,A,RSS Memory Footprint,java_inventory,java,inventory,warehouse-go:8084,warehouse-go:8084,2026-06-23 18:28:13,2026-06-23T12:58:13Z,1782219493,ramp_1,480.0,34340864.0,"{""__name__"": ""process_resident_memory_bytes""}"
1,A,RSS Memory Footprint,java_inventory,java,inventory,inventory-go-twin:9082,inventory-go-twin:9082,2026-06-23 18:28:28,2026-06-23T12:58:28Z,1782219508,ramp_1,495.0,32075776.0,"{""__name__"": ""process_resident_memory_bytes""}"
1,A,RSS Memory Footprint,java_inventory,java,inventory,order-go-twin:9083,order-go-twin:9083,2026-06-23 18:28:28,2026-06-23T12:58:28Z,1782219508,ramp_1,495.0,32571392.0,"{""__name__"": ""process_resident_memory_bytes""}"
1,A,RSS Memory Footprint,java_inventory,java,inventory,warehouse-go:8084,warehouse-go:8084,2026-06-23 18:28:28,2026-06-23T12:58:28Z,1782219508,ramp_1,495.0,34553856.0,"{""__name__"": ""process_resident_memory_bytes""}"
1,A,RSS Memory Footprint,java_inventory,java,inventory,inventory-go-twin:9082,inventory-go-twin:9082,2026-06-23 18:28:43,2026-06-23T12:58:43Z,1782219523,ramp_1,510.0,32075776.0,"{""__name__"": ""process_resident_memory_bytes""}"
1,A,RSS Memory Footprint,java_inventory,java,inventory,order-go-twin:9083,order-go-twin:9083,2026-06-23 18:28:43,2026-06-23T12:58:43Z,1782219523,ramp_1,510.0,32571392.0,"{""__name__"": ""process_resident_memory_bytes""}"
1,A,RSS Memory Footprint,java_inventory,java,inventory,warehouse-go:8084,warehouse-go:8084,2026-06-23 18:28:43,2026-06-23T12:58:43Z,1782219523,ramp_1,510.0,34816000.0,"{""__name__"": ""process_resident_memory_bytes""}"
1,A,RSS Memory Footprint,java_inventory,java,inventory,inventory-go-twin:9082,inventory-go-twin:9082,2026-06-23 18:28:58,2026-06-23T12:58:58Z,1782219538,ramp_1,525.0,32337920.0,"{""__name__"": ""process_resident_memory_bytes""}"
1,A,RSS Memory Footprint,java_inventory,java,inventory,order-go-twin:9083,order-go-twin:9083,2026-06-23 18:28:58,2026-06-23T12:58:58Z,1782219538,ramp_1,525.0,32571392.0,"{""__name__"": ""process_resident_memory_bytes""}"
1,A,RSS Memory Footprint,java_inventory,java,inventory,warehouse-go:8084,warehouse-go:8084,2026-06-23 18:28:58,2026-06-23T12:58:58Z,1782219538,ramp_1,525.0,34947072.0,"{""__name__"": ""process_resident_memory_bytes""}"
1,A,RSS Memory Footprint,java_inventory,java,inventory,inventory-go-twin:9082,inventory-go-twin:9082,2026-06-23 18:29:13,2026-06-23T12:59:13Z,1782219553,ramp_1,540.0,32337920.0,"{""__name__"": ""process_resident_memory_bytes""}"
1,A,RSS Memory Footprint,java_inventory,java,inventory,order-go-twin:9083,order-go-twin:9083,2026-06-23 18:29:13,2026-06-23T12:59:13Z,1782219553,ramp_1,540.0,32571392.0,"{""__name__"": ""process_resident_memory_bytes""}"
1,A,RSS Memory Footprint,java_inventory,java,inventory,warehouse-go:8084,warehouse-go:8084,2026-06-23 18:29:13,2026-06-23T12:59:13Z,1782219553,ramp_1,540.0,34947072.0,"{""__name__"": ""process_resident_memory_bytes""}"
1,A,RSS Memory Footprint,java_inventory,java,inventory,inventory-go-twin:9082,inventory-go-twin:9082,2026-06-23 18:29:28,2026-06-23T12:59:28Z,1782219568,ramp_1,555.0,32337920.0,"{""__name__"": ""process_resident_memory_bytes""}"
1,A,RSS Memory Footprint,java_inventory,java,inventory,order-go-twin:9083,order-go-twin:9083,2026-06-23 18:29:28,2026-06-23T12:59:28Z,1782219568,ramp_1,555.0,32120832.0,"{""__name__"": ""process_resident_memory_bytes""}"
1,A,RSS Memory Footprint,java_inventory,java,inventory,warehouse-go:8084,warehouse-go:8084,2026-06-23 18:29:28,2026-06-23T12:59:28Z,1782219568,ramp_1,555.0,32935936.0,"{""__name__"": ""process_resident_memory_bytes""}"
1,A,RSS Memory Footprint,java_inventory,java,inventory,inventory-go-twin:9082,inventory-go-twin:9082,2026-06-23 18:29:43,2026-06-23T12:59:43Z,1782219583,ramp_1,570.0,32337920.0,"{""__name__"": ""process_resident_memory_bytes""}"
1,A,RSS Memory Footprint,java_inventory,java,inventory,order-go-twin:9083,order-go-twin:9083,2026-06-23 18:29:43,2026-06-23T12:59:43Z,1782219583,ramp_1,570.0,32120832.0,"{""__name__"": ""process_resident_memory_bytes""}"
1,A,RSS Memory Footprint,java_inventory,java,inventory,warehouse-go:8084,warehouse-go:8084,2026-06-23 18:29:43,2026-06-23T12:59:43Z,1782219583,ramp_1,570.0,33140736.0,"{""__name__"": ""process_resident_memory_bytes""}"
1,A,RSS Memory Footprint,java_inventory,java,inventory,inventory-go-twin:9082,inventory-go-twin:9082,2026-06-23 18:29:58,2026-06-23T12:59:58Z,1782219598,ramp_1,585.0,32337920.0,"{""__name__"": ""process_resident_memory_bytes""}"
1,A,RSS Memory Footprint,java_inventory,java,inventory,order-go-twin:9083,order-go-twin:9083,2026-06-23 18:29:58,2026-06-23T12:59:58Z,1782219598,ramp_1,585.0,32120832.0,"{""__name__"": ""process_resident_memory_bytes""}"
1,A,RSS Memory Footprint,java_inventory,java,inventory,warehouse-go:8084,warehouse-go:8084,2026-06-23 18:29:58,2026-06-23T12:59:58Z,1782219598,ramp_1,585.0,33435648.0,"{""__name__"": ""process_resident_memory_bytes""}"
1,A,RSS Memory Footprint,java_inventory,java,inventory,inventory-go-twin:9082,inventory-go-twin:9082,2026-06-23 18:30:13,2026-06-23T13:00:13Z,1782219613,ramp_2,600.0,32337920.0,"{""__name__"": ""process_resident_memory_bytes""}"
1,A,RSS Memory Footprint,java_inventory,java,inventory,order-go-twin:9083,order-go-twin:9083,2026-06-23 18:30:13,2026-06-23T13:00:13Z,1782219613,ramp_2,600.0,32120832.0,"{""__name__"": ""process_resident_memory_bytes""}"
1,A,RSS Memory Footprint,java_inventory,java,inventory,warehouse-go:8084,warehouse-go:8084,2026-06-23 18:30:13,2026-06-23T13:00:13Z,1782219613,ramp_2,600.0,33959936.0,"{""__name__"": ""process_resident_memory_bytes""}"
1,A,RSS Memory Footprint,java_inventory,java,inventory,inventory-go-twin:9082,inventory-go-twin:9082,2026-06-23 18:30:28,2026-06-23T13:00:28Z,1782219628,ramp_2,615.0,32600064.0,"{""__name__"": ""process_resident_memory_bytes""}"
1,A,RSS Memory Footprint,java_inventory,java,inventory,order-go-twin:9083,order-go-twin:9083,2026-06-23 18:30:28,2026-06-23T13:00:28Z,1782219628,ramp_2,615.0,32120832.0,"{""__name__"": ""process_resident_memory_bytes""}"
1,A,RSS Memory Footprint,java_inventory,java,inventory,warehouse-go:8084,warehouse-go:8084,2026-06-23 18:30:28,2026-06-23T13:00:28Z,1782219628,ramp_2,615.0,34615296.0,"{""__name__"": ""process_resident_memory_bytes""}"
1,A,RSS Memory Footprint,java_inventory,java,inventory,inventory-go-twin:9082,inventory-go-twin:9082,2026-06-23 18:30:43,2026-06-23T13:00:43Z,1782219643,ramp_2,630.0,32600064.0,"{""__name__"": ""process_resident_memory_bytes""}"
1,A,RSS Memory Footprint,java_inventory,java,inventory,order-go-twin:9083,order-go-twin:9083,2026-06-23 18:30:43,2026-06-23T13:00:43Z,1782219643,ramp_2,630.0,32120832.0,"{""__name__"": ""process_resident_memory_bytes""}"
1,A,RSS Memory Footprint,java_inventory,java,inventory,warehouse-go:8084,warehouse-go:8084,2026-06-23 18:30:43,2026-06-23T13:00:43Z,1782219643,ramp_2,630.0,35393536.0,"{""__name__"": ""process_resident_memory_bytes""}"
1,A,RSS Memory Footprint,java_inventory,java,inventory,inventory-go-twin:9082,inventory-go-twin:9082,2026-06-23 18:30:58,2026-06-23T13:00:58Z,1782219658,ramp_2,645.0,31903744.0,"{""__name__"": ""process_resident_memory_bytes""}"
1,A,RSS Memory Footprint,java_inventory,java,inventory,order-go-twin:9083,order-go-twin:9083,2026-06-23 18:30:58,2026-06-23T13:00:58Z,1782219658,ramp_2,645.0,32088064.0,"{""__name__"": ""process_resident_memory_bytes""}"
1,A,RSS Memory Footprint,java_inventory,java,inventory,warehouse-go:8084,warehouse-go:8084,2026-06-23 18:30:58,2026-06-23T13:00:58Z,1782219658,ramp_2,645.0,35524608.0,"{""__name__"": ""process_resident_memory_bytes""}"
1,A,RSS Memory Footprint,java_inventory,java,inventory,inventory-go-twin:9082,inventory-go-twin:9082,2026-06-23 18:31:13,2026-06-23T13:01:13Z,1782219673,ramp_2,660.0,31903744.0,"{""__name__"": ""process_resident_memory_bytes""}"
1,A,RSS Memory Footprint,java_inventory,java,inventory,order-go-twin:9083,order-go-twin:9083,2026-06-23 18:31:13,2026-06-23T13:01:13Z,1782219673,ramp_2,660.0,32088064.0,"{""__name__"": ""process_resident_memory_bytes""}"
1,A,RSS Memory Footprint,java_inventory,java,inventory,warehouse-go:8084,warehouse-go:8084,2026-06-23 18:31:13,2026-06-23T13:01:13Z,1782219673,ramp_2,660.0,35524608.0,"{""__name__"": ""process_resident_memory_bytes""}"
1,A,RSS Memory Footprint,java_inventory,java,inventory,inventory-go-twin:9082,inventory-go-twin:9082,2026-06-23 18:31:28,2026-06-23T13:01:28Z,1782219688,ramp_2,675.0,31903744.0,"{""__name__"": ""process_resident_memory_bytes""}"
1,A,RSS Memory Footprint,java_inventory,java,inventory,order-go-twin:9083,order-go-twin:9083,2026-06-23 18:31:28,2026-06-23T13:01:28Z,1782219688,ramp_2,675.0,32088064.0,"{""__name__"": ""process_resident_memory_bytes""}"
1,A,RSS Memory Footprint,java_inventory,java,inventory,warehouse-go:8084,warehouse-go:8084,2026-06-23 18:31:28,2026-06-23T13:01:28Z,1782219688,ramp_2,675.0,35524608.0,"{""__name__"": ""process_resident_memory_bytes""}"
1,A,RSS Memory Footprint,java_inventory,java,inventory,inventory-go-twin:9082,inventory-go-twin:9082,2026-06-23 18:31:43,2026-06-23T13:01:43Z,1782219703,ramp_2,690.0,31756288.0,"{""__name__"": ""process_resident_memory_bytes""}"
1,A,RSS Memory Footprint,java_inventory,java,inventory,order-go-twin:9083,order-go-twin:9083,2026-06-23 18:31:43,2026-06-23T13:01:43Z,1782219703,ramp_2,690.0,32088064.0,"{""__name__"": ""process_resident_memory_bytes""}"
1,A,RSS Memory Footprint,java_inventory,java,inventory,warehouse-go:8084,warehouse-go:8084,2026-06-23 18:31:43,2026-06-23T13:01:43Z,1782219703,ramp_2,690.0,36573184.0,"{""__name__"": ""process_resident_memory_bytes""}"
1,A,RSS Memory Footprint,java_inventory,java,inventory,inventory-go-twin:9082,inventory-go-twin:9082,2026-06-23 18:31:58,2026-06-23T13:01:58Z,1782219718,ramp_2,705.0,31756288.0,"{""__name__"": ""process_resident_memory_bytes""}"
1,A,RSS Memory Footprint,java_inventory,java,inventory,order-go-twin:9083,order-go-twin:9083,2026-06-23 18:31:58,2026-06-23T13:01:58Z,1782219718,ramp_2,705.0,32088064.0,"{""__name__"": ""process_resident_memory_bytes""}"
1,A,RSS Memory Footprint,java_inventory,java,inventory,warehouse-go:8084,warehouse-go:8084,2026-06-23 18:31:58,2026-06-23T13:01:58Z,1782219718,ramp_2,705.0,37359616.0,"{""__name__"": ""process_resident_memory_bytes""}"
1,A,RSS Memory Footprint,java_inventory,java,inventory,inventory-go-twin:9082,inventory-go-twin:9082,2026-06-23 18:32:13,2026-06-23T13:02:13Z,1782219733,ramp_2,720.0,31707136.0,"{""__name__"": ""process_resident_memory_bytes""}"
1,A,RSS Memory Footprint,java_inventory,java,inventory,order-go-twin:9083,order-go-twin:9083,2026-06-23 18:32:13,2026-06-23T13:02:13Z,1782219733,ramp_2,720.0,32088064.0,"{""__name__"": ""process_resident_memory_bytes""}"
1,A,RSS Memory Footprint,java_inventory,java,inventory,warehouse-go:8084,warehouse-go:8084,2026-06-23 18:32:13,2026-06-23T13:02:13Z,1782219733,ramp_2,720.0,37359616.0,"{""__name__"": ""process_resident_memory_bytes""}"
1,A,RSS Memory Footprint,java_inventory,java,inventory,inventory-go-twin:9082,inventory-go-twin:9082,2026-06-23 18:32:28,2026-06-23T13:02:28Z,1782219748,ramp_2,735.0,31838208.0,"{""__name__"": ""process_resident_memory_bytes""}"
1,A,RSS Memory Footprint,java_inventory,java,inventory,order-go-twin:9083,order-go-twin:9083,2026-06-23 18:32:28,2026-06-23T13:02:28Z,1782219748,ramp_2,735.0,32088064.0,"{""__name__"": ""process_resident_memory_bytes""}"
1,A,RSS Memory Footprint,java_inventory,java,inventory,warehouse-go:8084,warehouse-go:8084,2026-06-23 18:32:28,2026-06-23T13:02:28Z,1782219748,ramp_2,735.0,37490688.0,"{""__name__"": ""process_resident_memory_bytes""}"
1,A,RSS Memory Footprint,java_inventory,java,inventory,inventory-go-twin:9082,inventory-go-twin:9082,2026-06-23 18:32:43,2026-06-23T13:02:43Z,1782219763,ramp_2,750.0,31838208.0,"{""__name__"": ""process_resident_memory_bytes""}"
1,A,RSS Memory Footprint,java_inventory,java,inventory,order-go-twin:9083,order-go-twin:9083,2026-06-23 18:32:43,2026-06-23T13:02:43Z,1782219763,ramp_2,750.0,32088064.0,"{""__name__"": ""process_resident_memory_bytes""}"
1,A,RSS Memory Footprint,java_inventory,java,inventory,warehouse-go:8084,warehouse-go:8084,2026-06-23 18:32:43,2026-06-23T13:02:43Z,1782219763,ramp_2,750.0,37490688.0,"{""__name__"": ""process_resident_memory_bytes""}"
1,A,RSS Memory Footprint,java_inventory,java,inventory,inventory-go-twin:9082,inventory-go-twin:9082,2026-06-23 18:32:58,2026-06-23T13:02:58Z,1782219778,ramp_2,765.0,31838208.0,"{""__name__"": ""process_resident_memory_bytes""}"
1,A,RSS Memory Footprint,java_inventory,java,inventory,order-go-twin:9083,order-go-twin:9083,2026-06-23 18:32:58,2026-06-23T13:02:58Z,1782219778,ramp_2,765.0,32219136.0,"{""__name__"": ""process_resident_memory_bytes""}"
1,A,RSS Memory Footprint,java_inventory,java,inventory,warehouse-go:8084,warehouse-go:8084,2026-06-23 18:32:58,2026-06-23T13:02:58Z,1782219778,ramp_2,765.0,37490688.0,"{""__name__"": ""process_resident_memory_bytes""}"
1,A,RSS Memory Footprint,java_inventory,java,inventory,inventory-go-twin:9082,inventory-go-twin:9082,2026-06-23 18:33:13,2026-06-23T13:03:13Z,1782219793,ramp_2,780.0,31838208.0,"{""__name__"": ""process_resident_memory_bytes""}"
1,A,RSS Memory Footprint,java_inventory,java,inventory,order-go-twin:9083,order-go-twin:9083,2026-06-23 18:33:13,2026-06-23T13:03:13Z,1782219793,ramp_2,780.0,32219136.0,"{""__name__"": ""process_resident_memory_bytes""}"
1,A,RSS Memory Footprint,java_inventory,java,inventory,warehouse-go:8084,warehouse-go:8084,2026-06-23 18:33:13,2026-06-23T13:03:13Z,1782219793,ramp_2,780.0,35602432.0,"{""__name__"": ""process_resident_memory_bytes""}"
1,A,RSS Memory Footprint,java_inventory,java,inventory,inventory-go-twin:9082,inventory-go-twin:9082,2026-06-23 18:33:28,2026-06-23T13:03:28Z,1782219808,ramp_2,795.0,31969280.0,"{""__name__"": ""process_resident_memory_bytes""}"
1,A,RSS Memory Footprint,java_inventory,java,inventory,order-go-twin:9083,order-go-twin:9083,2026-06-23 18:33:28,2026-06-23T13:03:28Z,1782219808,ramp_2,795.0,32219136.0,"{""__name__"": ""process_resident_memory_bytes""}"
1,A,RSS Memory Footprint,java_inventory,java,inventory,warehouse-go:8084,warehouse-go:8084,2026-06-23 18:33:28,2026-06-23T13:03:28Z,1782219808,ramp_2,795.0,36913152.0,"{""__name__"": ""process_resident_memory_bytes""}"
1,A,RSS Memory Footprint,java_inventory,java,inventory,inventory-go-twin:9082,inventory-go-twin:9082,2026-06-23 18:33:43,2026-06-23T13:03:43Z,1782219823,ramp_2,810.0,31969280.0,"{""__name__"": ""process_resident_memory_bytes""}"
1,A,RSS Memory Footprint,java_inventory,java,inventory,order-go-twin:9083,order-go-twin:9083,2026-06-23 18:33:43,2026-06-23T13:03:43Z,1782219823,ramp_2,810.0,32219136.0,"{""__name__"": ""process_resident_memory_bytes""}"
1,A,RSS Memory Footprint,java_inventory,java,inventory,warehouse-go:8084,warehouse-go:8084,2026-06-23 18:33:43,2026-06-23T13:03:43Z,1782219823,ramp_2,810.0,37142528.0,"{""__name__"": ""process_resident_memory_bytes""}"
1,A,RSS Memory Footprint,java_inventory,java,inventory,inventory-go-twin:9082,inventory-go-twin:9082,2026-06-23 18:33:58,2026-06-23T13:03:58Z,1782219838,ramp_2,825.0,31969280.0,"{""__name__"": ""process_resident_memory_bytes""}"
1,A,RSS Memory Footprint,java_inventory,java,inventory,order-go-twin:9083,order-go-twin:9083,2026-06-23 18:33:58,2026-06-23T13:03:58Z,1782219838,ramp_2,825.0,32219136.0,"{""__name__"": ""process_resident_memory_bytes""}"
1,A,RSS Memory Footprint,java_inventory,java,inventory,warehouse-go:8084,warehouse-go:8084,2026-06-23 18:33:58,2026-06-23T13:03:58Z,1782219838,ramp_2,825.0,35614720.0,"{""__name__"": ""process_resident_memory_bytes""}"
1,A,RSS Memory Footprint,java_inventory,java,inventory,inventory-go-twin:9082,inventory-go-twin:9082,2026-06-23 18:34:13,2026-06-23T13:04:13Z,1782219853,ramp_2,840.0,31969280.0,"{""__name__"": ""process_resident_memory_bytes""}"
1,A,RSS Memory Footprint,java_inventory,java,inventory,order-go-twin:9083,order-go-twin:9083,2026-06-23 18:34:13,2026-06-23T13:04:13Z,1782219853,ramp_2,840.0,32219136.0,"{""__name__"": ""process_resident_memory_bytes""}"
1,A,RSS Memory Footprint,java_inventory,java,inventory,warehouse-go:8084,warehouse-go:8084,2026-06-23 18:34:13,2026-06-23T13:04:13Z,1782219853,ramp_2,840.0,35876864.0,"{""__name__"": ""process_resident_memory_bytes""}"
1,A,RSS Memory Footprint,java_inventory,java,inventory,inventory-go-twin:9082,inventory-go-twin:9082,2026-06-23 18:34:28,2026-06-23T13:04:28Z,1782219868,ramp_2,855.0,31969280.0,"{""__name__"": ""process_resident_memory_bytes""}"
1,A,RSS Memory Footprint,java_inventory,java,inventory,order-go-twin:9083,order-go-twin:9083,2026-06-23 18:34:28,2026-06-23T13:04:28Z,1782219868,ramp_2,855.0,32219136.0,"{""__name__"": ""process_resident_memory_bytes""}"
1,A,RSS Memory Footprint,java_inventory,java,inventory,warehouse-go:8084,warehouse-go:8084,2026-06-23 18:34:28,2026-06-23T13:04:28Z,1782219868,ramp_2,855.0,35446784.0,"{""__name__"": ""process_resident_memory_bytes""}"
1,A,RSS Memory Footprint,java_inventory,java,inventory,inventory-go-twin:9082,inventory-go-twin:9082,2026-06-23 18:34:43,2026-06-23T13:04:43Z,1782219883,ramp_2,870.0,31969280.0,"{""__name__"": ""process_resident_memory_bytes""}"
1,A,RSS Memory Footprint,java_inventory,java,inventory,order-go-twin:9083,order-go-twin:9083,2026-06-23 18:34:43,2026-06-23T13:04:43Z,1782219883,ramp_2,870.0,32219136.0,"{""__name__"": ""process_resident_memory_bytes""}"
1,A,RSS Memory Footprint,java_inventory,java,inventory,warehouse-go:8084,warehouse-go:8084,2026-06-23 18:34:43,2026-06-23T13:04:43Z,1782219883,ramp_2,870.0,35840000.0,"{""__name__"": ""process_resident_memory_bytes""}"
1,A,RSS Memory Footprint,java_inventory,java,inventory,inventory-go-twin:9082,inventory-go-twin:9082,2026-06-23 18:34:58,2026-06-23T13:04:58Z,1782219898,ramp_2,885.0,31924224.0,"{""__name__"": ""process_resident_memory_bytes""}"
1,A,RSS Memory Footprint,java_inventory,java,inventory,order-go-twin:9083,order-go-twin:9083,2026-06-23 18:34:58,2026-06-23T13:04:58Z,1782219898,ramp_2,885.0,32219136.0,"{""__name__"": ""process_resident_memory_bytes""}"
1,A,RSS Memory Footprint,java_inventory,java,inventory,warehouse-go:8084,warehouse-go:8084,2026-06-23 18:34:58,2026-06-23T13:04:58Z,1782219898,ramp_2,885.0,35840000.0,"{""__name__"": ""process_resident_memory_bytes""}"
1,A,RSS Memory Footprint,java_inventory,java,inventory,inventory-go-twin:9082,inventory-go-twin:9082,2026-06-23 18:35:13,2026-06-23T13:05:13Z,1782219913,ramp_3,900.0,31924224.0,"{""__name__"": ""process_resident_memory_bytes""}"
1,A,RSS Memory Footprint,java_inventory,java,inventory,order-go-twin:9083,order-go-twin:9083,2026-06-23 18:35:13,2026-06-23T13:05:13Z,1782219913,ramp_3,900.0,32219136.0,"{""__name__"": ""process_resident_memory_bytes""}"
1,A,RSS Memory Footprint,java_inventory,java,inventory,warehouse-go:8084,warehouse-go:8084,2026-06-23 18:35:13,2026-06-23T13:05:13Z,1782219913,ramp_3,900.0,33435648.0,"{""__name__"": ""process_resident_memory_bytes""}"
1,A,RSS Memory Footprint,java_inventory,java,inventory,inventory-go-twin:9082,inventory-go-twin:9082,2026-06-23 18:35:28,2026-06-23T13:05:28Z,1782219928,ramp_3,915.0,31924224.0,"{""__name__"": ""process_resident_memory_bytes""}"
1,A,RSS Memory Footprint,java_inventory,java,inventory,order-go-twin:9083,order-go-twin:9083,2026-06-23 18:35:28,2026-06-23T13:05:28Z,1782219928,ramp_3,915.0,32219136.0,"{""__name__"": ""process_resident_memory_bytes""}"
1,A,RSS Memory Footprint,java_inventory,java,inventory,warehouse-go:8084,warehouse-go:8084,2026-06-23 18:35:28,2026-06-23T13:05:28Z,1782219928,ramp_3,915.0,34222080.0,"{""__name__"": ""process_resident_memory_bytes""}"
1,A,RSS Memory Footprint,java_inventory,java,inventory,inventory-go-twin:9082,inventory-go-twin:9082,2026-06-23 18:35:43,2026-06-23T13:05:43Z,1782219943,ramp_3,930.0,31924224.0,"{""__name__"": ""process_resident_memory_bytes""}"
1,A,RSS Memory Footprint,java_inventory,java,inventory,order-go-twin:9083,order-go-twin:9083,2026-06-23 18:35:43,2026-06-23T13:05:43Z,1782219943,ramp_3,930.0,32219136.0,"{""__name__"": ""process_resident_memory_bytes""}"
1,A,RSS Memory Footprint,java_inventory,java,inventory,warehouse-go:8084,warehouse-go:8084,2026-06-23 18:35:43,2026-06-23T13:05:43Z,1782219943,ramp_3,930.0,34353152.0,"{""__name__"": ""process_resident_memory_bytes""}"
1,A,RSS Memory Footprint,java_inventory,java,inventory,inventory-go-twin:9082,inventory-go-twin:9082,2026-06-23 18:35:58,2026-06-23T13:05:58Z,1782219958,ramp_3,945.0,31924224.0,"{""__name__"": ""process_resident_memory_bytes""}"
1,A,RSS Memory Footprint,java_inventory,java,inventory,order-go-twin:9083,order-go-twin:9083,2026-06-23 18:35:58,2026-06-23T13:05:58Z,1782219958,ramp_3,945.0,32219136.0,"{""__name__"": ""process_resident_memory_bytes""}"
1,A,RSS Memory Footprint,java_inventory,java,inventory,warehouse-go:8084,warehouse-go:8084,2026-06-23 18:35:58,2026-06-23T13:05:58Z,1782219958,ramp_3,945.0,33554432.0,"{""__name__"": ""process_resident_memory_bytes""}"
1,A,RSS Memory Footprint,java_inventory,java,inventory,inventory-go-twin:9082,inventory-go-twin:9082,2026-06-23 18:36:13,2026-06-23T13:06:13Z,1782219973,ramp_3,960.0,31924224.0,"{""__name__"": ""process_resident_memory_bytes""}"
1,A,RSS Memory Footprint,java_inventory,java,inventory,order-go-twin:9083,order-go-twin:9083,2026-06-23 18:36:13,2026-06-23T13:06:13Z,1782219973,ramp_3,960.0,32219136.0,"{""__name__"": ""process_resident_memory_bytes""}"
1,A,RSS Memory Footprint,java_inventory,java,inventory,warehouse-go:8084,warehouse-go:8084,2026-06-23 18:36:13,2026-06-23T13:06:13Z,1782219973,ramp_3,960.0,33918976.0,"{""__name__"": ""process_resident_memory_bytes""}"
1,A,RSS Memory Footprint,java_inventory,java,inventory,inventory-go-twin:9082,inventory-go-twin:9082,2026-06-23 18:36:28,2026-06-23T13:06:28Z,1782219988,ramp_3,975.0,31924224.0,"{""__name__"": ""process_resident_memory_bytes""}"
1,A,RSS Memory Footprint,java_inventory,java,inventory,order-go-twin:9083,order-go-twin:9083,2026-06-23 18:36:28,2026-06-23T13:06:28Z,1782219988,ramp_3,975.0,32219136.0,"{""__name__"": ""process_resident_memory_bytes""}"
1,A,RSS Memory Footprint,java_inventory,java,inventory,warehouse-go:8084,warehouse-go:8084,2026-06-23 18:36:28,2026-06-23T13:06:28Z,1782219988,ramp_3,975.0,35622912.0,"{""__name__"": ""process_resident_memory_bytes""}"
1,A,RSS Memory Footprint,java_inventory,java,inventory,inventory-go-twin:9082,inventory-go-twin:9082,2026-06-23 18:36:43,2026-06-23T13:06:43Z,1782220003,ramp_3,990.0,31924224.0,"{""__name__"": ""process_resident_memory_bytes""}"
1,A,RSS Memory Footprint,java_inventory,java,inventory,order-go-twin:9083,order-go-twin:9083,2026-06-23 18:36:43,2026-06-23T13:06:43Z,1782220003,ramp_3,990.0,32219136.0,"{""__name__"": ""process_resident_memory_bytes""}"
1,A,RSS Memory Footprint,java_inventory,java,inventory,warehouse-go:8084,warehouse-go:8084,2026-06-23 18:36:43,2026-06-23T13:06:43Z,1782220003,ramp_3,990.0,36016128.0,"{""__name__"": ""process_resident_memory_bytes""}"
1,A,RSS Memory Footprint,java_inventory,java,inventory,inventory-go-twin:9082,inventory-go-twin:9082,2026-06-23 18:36:58,2026-06-23T13:06:58Z,1782220018,ramp_3,1005.0,31924224.0,"{""__name__"": ""process_resident_memory_bytes""}"
1,A,RSS Memory Footprint,java_inventory,java,inventory,order-go-twin:9083,order-go-twin:9083,2026-06-23 18:36:58,2026-06-23T13:06:58Z,1782220018,ramp_3,1005.0,32219136.0,"{""__name__"": ""process_resident_memory_bytes""}"
1,A,RSS Memory Footprint,java_inventory,java,inventory,warehouse-go:8084,warehouse-go:8084,2026-06-23 18:36:58,2026-06-23T13:06:58Z,1782220018,ramp_3,1005.0,34127872.0,"{""__name__"": ""process_resident_memory_bytes""}"
1,A,RSS Memory Footprint,java_inventory,java,inventory,inventory-go-twin:9082,inventory-go-twin:9082,2026-06-23 18:37:13,2026-06-23T13:07:13Z,1782220033,ramp_3,1020.0,31924224.0,"{""__name__"": ""process_resident_memory_bytes""}"
1,A,RSS Memory Footprint,java_inventory,java,inventory,order-go-twin:9083,order-go-twin:9083,2026-06-23 18:37:13,2026-06-23T13:07:13Z,1782220033,ramp_3,1020.0,32219136.0,"{""__name__"": ""process_resident_memory_bytes""}"
1,A,RSS Memory Footprint,java_inventory,java,inventory,warehouse-go:8084,warehouse-go:8084,2026-06-23 18:37:13,2026-06-23T13:07:13Z,1782220033,ramp_3,1020.0,33701888.0,"{""__name__"": ""process_resident_memory_bytes""}"
1,A,RSS Memory Footprint,java_inventory,java,inventory,inventory-go-twin:9082,inventory-go-twin:9082,2026-06-23 18:37:28,2026-06-23T13:07:28Z,1782220048,ramp_3,1035.0,31924224.0,"{""__name__"": ""process_resident_memory_bytes""}"
1,A,RSS Memory Footprint,java_inventory,java,inventory,order-go-twin:9083,order-go-twin:9083,2026-06-23 18:37:28,2026-06-23T13:07:28Z,1782220048,ramp_3,1035.0,32219136.0,"{""__name__"": ""process_resident_memory_bytes""}"
1,A,RSS Memory Footprint,java_inventory,java,inventory,warehouse-go:8084,warehouse-go:8084,2026-06-23 18:37:28,2026-06-23T13:07:28Z,1782220048,ramp_3,1035.0,33939456.0,"{""__name__"": ""process_resident_memory_bytes""}"
1,A,RSS Memory Footprint,java_inventory,java,inventory,inventory-go-twin:9082,inventory-go-twin:9082,2026-06-23 18:37:43,2026-06-23T13:07:43Z,1782220063,ramp_3,1050.0,31924224.0,"{""__name__"": ""process_resident_memory_bytes""}"
1,A,RSS Memory Footprint,java_inventory,java,inventory,order-go-twin:9083,order-go-twin:9083,2026-06-23 18:37:43,2026-06-23T13:07:43Z,1782220063,ramp_3,1050.0,32219136.0,"{""__name__"": ""process_resident_memory_bytes""}"
1,A,RSS Memory Footprint,java_inventory,java,inventory,warehouse-go:8084,warehouse-go:8084,2026-06-23 18:37:43,2026-06-23T13:07:43Z,1782220063,ramp_3,1050.0,34070528.0,"{""__name__"": ""process_resident_memory_bytes""}"
1,A,RSS Memory Footprint,java_inventory,java,inventory,inventory-go-twin:9082,inventory-go-twin:9082,2026-06-23 18:37:58,2026-06-23T13:07:58Z,1782220078,ramp_3,1065.0,31924224.0,"{""__name__"": ""process_resident_memory_bytes""}"
1,A,RSS Memory Footprint,java_inventory,java,inventory,order-go-twin:9083,order-go-twin:9083,2026-06-23 18:37:58,2026-06-23T13:07:58Z,1782220078,ramp_3,1065.0,32219136.0,"{""__name__"": ""process_resident_memory_bytes""}"
1,A,RSS Memory Footprint,java_inventory,java,inventory,warehouse-go:8084,warehouse-go:8084,2026-06-23 18:37:58,2026-06-23T13:07:58Z,1782220078,ramp_3,1065.0,34856960.0,"{""__name__"": ""process_resident_memory_bytes""}"
1,A,RSS Memory Footprint,java_inventory,java,inventory,inventory-go-twin:9082,inventory-go-twin:9082,2026-06-23 18:38:13,2026-06-23T13:08:13Z,1782220093,ramp_3,1080.0,31924224.0,"{""__name__"": ""process_resident_memory_bytes""}"
1,A,RSS Memory Footprint,java_inventory,java,inventory,order-go-twin:9083,order-go-twin:9083,2026-06-23 18:38:13,2026-06-23T13:08:13Z,1782220093,ramp_3,1080.0,32219136.0,"{""__name__"": ""process_resident_memory_bytes""}"
1,A,RSS Memory Footprint,java_inventory,java,inventory,warehouse-go:8084,warehouse-go:8084,2026-06-23 18:38:13,2026-06-23T13:08:13Z,1782220093,ramp_3,1080.0,34856960.0,"{""__name__"": ""process_resident_memory_bytes""}"
1,A,RSS Memory Footprint,java_inventory,java,inventory,inventory-go-twin:9082,inventory-go-twin:9082,2026-06-23 18:38:28,2026-06-23T13:08:28Z,1782220108,ramp_3,1095.0,31924224.0,"{""__name__"": ""process_resident_memory_bytes""}"
1,A,RSS Memory Footprint,java_inventory,java,inventory,order-go-twin:9083,order-go-twin:9083,2026-06-23 18:38:28,2026-06-23T13:08:28Z,1782220108,ramp_3,1095.0,32219136.0,"{""__name__"": ""process_resident_memory_bytes""}"
1,A,RSS Memory Footprint,java_inventory,java,inventory,warehouse-go:8084,warehouse-go:8084,2026-06-23 18:38:28,2026-06-23T13:08:28Z,1782220108,ramp_3,1095.0,35250176.0,"{""__name__"": ""process_resident_memory_bytes""}"
1,A,RSS Memory Footprint,java_inventory,java,inventory,inventory-go-twin:9082,inventory-go-twin:9082,2026-06-23 18:38:43,2026-06-23T13:08:43Z,1782220123,ramp_3,1110.0,31924224.0,"{""__name__"": ""process_resident_memory_bytes""}"
1,A,RSS Memory Footprint,java_inventory,java,inventory,order-go-twin:9083,order-go-twin:9083,2026-06-23 18:38:43,2026-06-23T13:08:43Z,1782220123,ramp_3,1110.0,32219136.0,"{""__name__"": ""process_resident_memory_bytes""}"
1,A,RSS Memory Footprint,java_inventory,java,inventory,warehouse-go:8084,warehouse-go:8084,2026-06-23 18:38:43,2026-06-23T13:08:43Z,1782220123,ramp_3,1110.0,35250176.0,"{""__name__"": ""process_resident_memory_bytes""}"
1,A,RSS Memory Footprint,java_inventory,java,inventory,inventory-go-twin:9082,inventory-go-twin:9082,2026-06-23 18:38:58,2026-06-23T13:08:58Z,1782220138,ramp_3,1125.0,31924224.0,"{""__name__"": ""process_resident_memory_bytes""}"
1,A,RSS Memory Footprint,java_inventory,java,inventory,order-go-twin:9083,order-go-twin:9083,2026-06-23 18:38:58,2026-06-23T13:08:58Z,1782220138,ramp_3,1125.0,32219136.0,"{""__name__"": ""process_resident_memory_bytes""}"
1,A,RSS Memory Footprint,java_inventory,java,inventory,warehouse-go:8084,warehouse-go:8084,2026-06-23 18:38:58,2026-06-23T13:08:58Z,1782220138,ramp_3,1125.0,36823040.0,"{""__name__"": ""process_resident_memory_bytes""}"
1,A,RSS Memory Footprint,java_inventory,java,inventory,inventory-go-twin:9082,inventory-go-twin:9082,2026-06-23 18:39:13,2026-06-23T13:09:13Z,1782220153,ramp_3,1140.0,31924224.0,"{""__name__"": ""process_resident_memory_bytes""}"
1,A,RSS Memory Footprint,java_inventory,java,inventory,order-go-twin:9083,order-go-twin:9083,2026-06-23 18:39:13,2026-06-23T13:09:13Z,1782220153,ramp_3,1140.0,32219136.0,"{""__name__"": ""process_resident_memory_bytes""}"
1,A,RSS Memory Footprint,java_inventory,java,inventory,warehouse-go:8084,warehouse-go:8084,2026-06-23 18:39:13,2026-06-23T13:09:13Z,1782220153,ramp_3,1140.0,36823040.0,"{""__name__"": ""process_resident_memory_bytes""}"
1,A,RSS Memory Footprint,java_inventory,java,inventory,inventory-go-twin:9082,inventory-go-twin:9082,2026-06-23 18:39:28,2026-06-23T13:09:28Z,1782220168,ramp_3,1155.0,31924224.0,"{""__name__"": ""process_resident_memory_bytes""}"
1,A,RSS Memory Footprint,java_inventory,java,inventory,order-go-twin:9083,order-go-twin:9083,2026-06-23 18:39:28,2026-06-23T13:09:28Z,1782220168,ramp_3,1155.0,32219136.0,"{""__name__"": ""process_resident_memory_bytes""}"
1,A,RSS Memory Footprint,java_inventory,java,inventory,warehouse-go:8084,warehouse-go:8084,2026-06-23 18:39:28,2026-06-23T13:09:28Z,1782220168,ramp_3,1155.0,37085184.0,"{""__name__"": ""process_resident_memory_bytes""}"
1,A,RSS Memory Footprint,java_inventory,java,inventory,inventory-go-twin:9082,inventory-go-twin:9082,2026-06-23 18:39:43,2026-06-23T13:09:43Z,1782220183,ramp_3,1170.0,31924224.0,"{""__name__"": ""process_resident_memory_bytes""}"
1,A,RSS Memory Footprint,java_inventory,java,inventory,order-go-twin:9083,order-go-twin:9083,2026-06-23 18:39:43,2026-06-23T13:09:43Z,1782220183,ramp_3,1170.0,32219136.0,"{""__name__"": ""process_resident_memory_bytes""}"
1,A,RSS Memory Footprint,java_inventory,java,inventory,warehouse-go:8084,warehouse-go:8084,2026-06-23 18:39:43,2026-06-23T13:09:43Z,1782220183,ramp_3,1170.0,36585472.0,"{""__name__"": ""process_resident_memory_bytes""}"
1,A,RSS Memory Footprint,java_inventory,java,inventory,inventory-go-twin:9082,inventory-go-twin:9082,2026-06-23 18:39:58,2026-06-23T13:09:58Z,1782220198,ramp_3,1185.0,31924224.0,"{""__name__"": ""process_resident_memory_bytes""}"
1,A,RSS Memory Footprint,java_inventory,java,inventory,order-go-twin:9083,order-go-twin:9083,2026-06-23 18:39:58,2026-06-23T13:09:58Z,1782220198,ramp_3,1185.0,32219136.0,"{""__name__"": ""process_resident_memory_bytes""}"
1,A,RSS Memory Footprint,java_inventory,java,inventory,warehouse-go:8084,warehouse-go:8084,2026-06-23 18:39:58,2026-06-23T13:09:58Z,1782220198,ramp_3,1185.0,36184064.0,"{""__name__"": ""process_resident_memory_bytes""}"
1,A,RSS Memory Footprint,java_inventory,java,inventory,inventory-go-twin:9082,inventory-go-twin:9082,2026-06-23 18:40:13,2026-06-23T13:10:13Z,1782220213,sustain,1200.0,31924224.0,"{""__name__"": ""process_resident_memory_bytes""}"
1,A,RSS Memory Footprint,java_inventory,java,inventory,order-go-twin:9083,order-go-twin:9083,2026-06-23 18:40:13,2026-06-23T13:10:13Z,1782220213,sustain,1200.0,32219136.0,"{""__name__"": ""process_resident_memory_bytes""}"
1,A,RSS Memory Footprint,java_inventory,java,inventory,warehouse-go:8084,warehouse-go:8084,2026-06-23 18:40:13,2026-06-23T13:10:13Z,1782220213,sustain,1200.0,36184064.0,"{""__name__"": ""process_resident_memory_bytes""}"
1,A,RSS Memory Footprint,java_inventory,java,inventory,inventory-go-twin:9082,inventory-go-twin:9082,2026-06-23 18:40:28,2026-06-23T13:10:28Z,1782220228,sustain,1215.0,31924224.0,"{""__name__"": ""process_resident_memory_bytes""}"
1,A,RSS Memory Footprint,java_inventory,java,inventory,order-go-twin:9083,order-go-twin:9083,2026-06-23 18:40:28,2026-06-23T13:10:28Z,1782220228,sustain,1215.0,32219136.0,"{""__name__"": ""process_resident_memory_bytes""}"
1,A,RSS Memory Footprint,java_inventory,java,inventory,warehouse-go:8084,warehouse-go:8084,2026-06-23 18:40:28,2026-06-23T13:10:28Z,1782220228,sustain,1215.0,36708352.0,"{""__name__"": ""process_resident_memory_bytes""}"
1,A,RSS Memory Footprint,java_inventory,java,inventory,inventory-go-twin:9082,inventory-go-twin:9082,2026-06-23 18:40:43,2026-06-23T13:10:43Z,1782220243,sustain,1230.0,31924224.0,"{""__name__"": ""process_resident_memory_bytes""}"
1,A,RSS Memory Footprint,java_inventory,java,inventory,order-go-twin:9083,order-go-twin:9083,2026-06-23 18:40:43,2026-06-23T13:10:43Z,1782220243,sustain,1230.0,32219136.0,"{""__name__"": ""process_resident_memory_bytes""}"
1,A,RSS Memory Footprint,java_inventory,java,inventory,warehouse-go:8084,warehouse-go:8084,2026-06-23 18:40:43,2026-06-23T13:10:43Z,1782220243,sustain,1230.0,36708352.0,"{""__name__"": ""process_resident_memory_bytes""}"
1,A,RSS Memory Footprint,java_inventory,java,inventory,inventory-go-twin:9082,inventory-go-twin:9082,2026-06-23 18:40:58,2026-06-23T13:10:58Z,1782220258,sustain,1245.0,31924224.0,"{""__name__"": ""process_resident_memory_bytes""}"
1,A,RSS Memory Footprint,java_inventory,java,inventory,order-go-twin:9083,order-go-twin:9083,2026-06-23 18:40:58,2026-06-23T13:10:58Z,1782220258,sustain,1245.0,32874496.0,"{""__name__"": ""process_resident_memory_bytes""}"
1,A,RSS Memory Footprint,java_inventory,java,inventory,warehouse-go:8084,warehouse-go:8084,2026-06-23 18:40:58,2026-06-23T13:10:58Z,1782220258,sustain,1245.0,35606528.0,"{""__name__"": ""process_resident_memory_bytes""}"
1,A,RSS Memory Footprint,java_inventory,java,inventory,inventory-go-twin:9082,inventory-go-twin:9082,2026-06-23 18:41:13,2026-06-23T13:11:13Z,1782220273,sustain,1260.0,32047104.0,"{""__name__"": ""process_resident_memory_bytes""}"
1,A,RSS Memory Footprint,java_inventory,java,inventory,order-go-twin:9083,order-go-twin:9083,2026-06-23 18:41:13,2026-06-23T13:11:13Z,1782220273,sustain,1260.0,32874496.0,"{""__name__"": ""process_resident_memory_bytes""}"
1,A,RSS Memory Footprint,java_inventory,java,inventory,warehouse-go:8084,warehouse-go:8084,2026-06-23 18:41:13,2026-06-23T13:11:13Z,1782220273,sustain,1260.0,36130816.0,"{""__name__"": ""process_resident_memory_bytes""}"
1,A,RSS Memory Footprint,java_inventory,java,inventory,inventory-go-twin:9082,inventory-go-twin:9082,2026-06-23 18:41:28,2026-06-23T13:11:28Z,1782220288,sustain,1275.0,32047104.0,"{""__name__"": ""process_resident_memory_bytes""}"
1,A,RSS Memory Footprint,java_inventory,java,inventory,order-go-twin:9083,order-go-twin:9083,2026-06-23 18:41:28,2026-06-23T13:11:28Z,1782220288,sustain,1275.0,32591872.0,"{""__name__"": ""process_resident_memory_bytes""}"
1,A,RSS Memory Footprint,java_inventory,java,inventory,warehouse-go:8084,warehouse-go:8084,2026-06-23 18:41:28,2026-06-23T13:11:28Z,1782220288,sustain,1275.0,36343808.0,"{""__name__"": ""process_resident_memory_bytes""}"
1,A,RSS Memory Footprint,java_inventory,java,inventory,inventory-go-twin:9082,inventory-go-twin:9082,2026-06-23 18:41:43,2026-06-23T13:11:43Z,1782220303,sustain,1290.0,32047104.0,"{""__name__"": ""process_resident_memory_bytes""}"
1,A,RSS Memory Footprint,java_inventory,java,inventory,order-go-twin:9083,order-go-twin:9083,2026-06-23 18:41:43,2026-06-23T13:11:43Z,1782220303,sustain,1290.0,32591872.0,"{""__name__"": ""process_resident_memory_bytes""}"
1,A,RSS Memory Footprint,java_inventory,java,inventory,warehouse-go:8084,warehouse-go:8084,2026-06-23 18:41:43,2026-06-23T13:11:43Z,1782220303,sustain,1290.0,35901440.0,"{""__name__"": ""process_resident_memory_bytes""}"
1,A,RSS Memory Footprint,java_inventory,java,inventory,inventory-go-twin:9082,inventory-go-twin:9082,2026-06-23 18:41:58,2026-06-23T13:11:58Z,1782220318,sustain,1305.0,32047104.0,"{""__name__"": ""process_resident_memory_bytes""}"
1,A,RSS Memory Footprint,java_inventory,java,inventory,order-go-twin:9083,order-go-twin:9083,2026-06-23 18:41:58,2026-06-23T13:11:58Z,1782220318,sustain,1305.0,32591872.0,"{""__name__"": ""process_resident_memory_bytes""}"
1,A,RSS Memory Footprint,java_inventory,java,inventory,warehouse-go:8084,warehouse-go:8084,2026-06-23 18:41:58,2026-06-23T13:11:58Z,1782220318,sustain,1305.0,35901440.0,"{""__name__"": ""process_resident_memory_bytes""}"
1,A,RSS Memory Footprint,java_inventory,java,inventory,inventory-go-twin:9082,inventory-go-twin:9082,2026-06-23 18:42:13,2026-06-23T13:12:13Z,1782220333,sustain,1320.0,32047104.0,"{""__name__"": ""process_resident_memory_bytes""}"
1,A,RSS Memory Footprint,java_inventory,java,inventory,order-go-twin:9083,order-go-twin:9083,2026-06-23 18:42:13,2026-06-23T13:12:13Z,1782220333,sustain,1320.0,32591872.0,"{""__name__"": ""process_resident_memory_bytes""}"
1,A,RSS Memory Footprint,java_inventory,java,inventory,warehouse-go:8084,warehouse-go:8084,2026-06-23 18:42:13,2026-06-23T13:12:13Z,1782220333,sustain,1320.0,36032512.0,"{""__name__"": ""process_resident_memory_bytes""}"
1,A,RSS Memory Footprint,java_inventory,java,inventory,inventory-go-twin:9082,inventory-go-twin:9082,2026-06-23 18:42:28,2026-06-23T13:12:28Z,1782220348,sustain,1335.0,32047104.0,"{""__name__"": ""process_resident_memory_bytes""}"
1,A,RSS Memory Footprint,java_inventory,java,inventory,order-go-twin:9083,order-go-twin:9083,2026-06-23 18:42:28,2026-06-23T13:12:28Z,1782220348,sustain,1335.0,32591872.0,"{""__name__"": ""process_resident_memory_bytes""}"
1,A,RSS Memory Footprint,java_inventory,java,inventory,warehouse-go:8084,warehouse-go:8084,2026-06-23 18:42:28,2026-06-23T13:12:28Z,1782220348,sustain,1335.0,35844096.0,"{""__name__"": ""process_resident_memory_bytes""}"
1,A,RSS Memory Footprint,java_inventory,java,inventory,inventory-go-twin:9082,inventory-go-twin:9082,2026-06-23 18:42:43,2026-06-23T13:12:43Z,1782220363,sustain,1350.0,32178176.0,"{""__name__"": ""process_resident_memory_bytes""}"
1,A,RSS Memory Footprint,java_inventory,java,inventory,order-go-twin:9083,order-go-twin:9083,2026-06-23 18:42:43,2026-06-23T13:12:43Z,1782220363,sustain,1350.0,32722944.0,"{""__name__"": ""process_resident_memory_bytes""}"
1,A,RSS Memory Footprint,java_inventory,java,inventory,warehouse-go:8084,warehouse-go:8084,2026-06-23 18:42:43,2026-06-23T13:12:43Z,1782220363,sustain,1350.0,36425728.0,"{""__name__"": ""process_resident_memory_bytes""}"
1,A,RSS Memory Footprint,java_inventory,java,inventory,inventory-go-twin:9082,inventory-go-twin:9082,2026-06-23 18:42:58,2026-06-23T13:12:58Z,1782220378,sustain,1365.0,32309248.0,"{""__name__"": ""process_resident_memory_bytes""}"
1,A,RSS Memory Footprint,java_inventory,java,inventory,order-go-twin:9083,order-go-twin:9083,2026-06-23 18:42:58,2026-06-23T13:12:58Z,1782220378,sustain,1365.0,32722944.0,"{""__name__"": ""process_resident_memory_bytes""}"
1,A,RSS Memory Footprint,java_inventory,java,inventory,warehouse-go:8084,warehouse-go:8084,2026-06-23 18:42:58,2026-06-23T13:12:58Z,1782220378,sustain,1365.0,36425728.0,"{""__name__"": ""process_resident_memory_bytes""}"
1,A,RSS Memory Footprint,java_inventory,java,inventory,inventory-go-twin:9082,inventory-go-twin:9082,2026-06-23 18:43:13,2026-06-23T13:13:13Z,1782220393,sustain,1380.0,32440320.0,"{""__name__"": ""process_resident_memory_bytes""}"
1,A,RSS Memory Footprint,java_inventory,java,inventory,order-go-twin:9083,order-go-twin:9083,2026-06-23 18:43:13,2026-06-23T13:13:13Z,1782220393,sustain,1380.0,32854016.0,"{""__name__"": ""process_resident_memory_bytes""}"
1,A,RSS Memory Footprint,java_inventory,java,inventory,warehouse-go:8084,warehouse-go:8084,2026-06-23 18:43:13,2026-06-23T13:13:13Z,1782220393,sustain,1380.0,35979264.0,"{""__name__"": ""process_resident_memory_bytes""}"
1,A,RSS Memory Footprint,java_inventory,java,inventory,inventory-go-twin:9082,inventory-go-twin:9082,2026-06-23 18:43:28,2026-06-23T13:13:28Z,1782220408,sustain,1395.0,32137216.0,"{""__name__"": ""process_resident_memory_bytes""}"
1,A,RSS Memory Footprint,java_inventory,java,inventory,order-go-twin:9083,order-go-twin:9083,2026-06-23 18:43:28,2026-06-23T13:13:28Z,1782220408,sustain,1395.0,32329728.0,"{""__name__"": ""process_resident_memory_bytes""}"
1,A,RSS Memory Footprint,java_inventory,java,inventory,warehouse-go:8084,warehouse-go:8084,2026-06-23 18:43:28,2026-06-23T13:13:28Z,1782220408,sustain,1395.0,35979264.0,"{""__name__"": ""process_resident_memory_bytes""}"
1,A,RSS Memory Footprint,java_inventory,java,inventory,inventory-go-twin:9082,inventory-go-twin:9082,2026-06-23 18:43:43,2026-06-23T13:13:43Z,1782220423,sustain,1410.0,32137216.0,"{""__name__"": ""process_resident_memory_bytes""}"
1,A,RSS Memory Footprint,java_inventory,java,inventory,order-go-twin:9083,order-go-twin:9083,2026-06-23 18:43:43,2026-06-23T13:13:43Z,1782220423,sustain,1410.0,32329728.0,"{""__name__"": ""process_resident_memory_bytes""}"
1,A,RSS Memory Footprint,java_inventory,java,inventory,warehouse-go:8084,warehouse-go:8084,2026-06-23 18:43:43,2026-06-23T13:13:43Z,1782220423,sustain,1410.0,35434496.0,"{""__name__"": ""process_resident_memory_bytes""}"
1,A,RSS Memory Footprint,java_inventory,java,inventory,inventory-go-twin:9082,inventory-go-twin:9082,2026-06-23 18:43:58,2026-06-23T13:13:58Z,1782220438,sustain,1425.0,32137216.0,"{""__name__"": ""process_resident_memory_bytes""}"
1,A,RSS Memory Footprint,java_inventory,java,inventory,order-go-twin:9083,order-go-twin:9083,2026-06-23 18:43:58,2026-06-23T13:13:58Z,1782220438,sustain,1425.0,32329728.0,"{""__name__"": ""process_resident_memory_bytes""}"
1,A,RSS Memory Footprint,java_inventory,java,inventory,warehouse-go:8084,warehouse-go:8084,2026-06-23 18:43:58,2026-06-23T13:13:58Z,1782220438,sustain,1425.0,35434496.0,"{""__name__"": ""process_resident_memory_bytes""}"
1,A,RSS Memory Footprint,java_inventory,java,inventory,inventory-go-twin:9082,inventory-go-twin:9082,2026-06-23 18:44:13,2026-06-23T13:14:13Z,1782220453,sustain,1440.0,32137216.0,"{""__name__"": ""process_resident_memory_bytes""}"
1,A,RSS Memory Footprint,java_inventory,java,inventory,order-go-twin:9083,order-go-twin:9083,2026-06-23 18:44:13,2026-06-23T13:14:13Z,1782220453,sustain,1440.0,32329728.0,"{""__name__"": ""process_resident_memory_bytes""}"
1,A,RSS Memory Footprint,java_inventory,java,inventory,warehouse-go:8084,warehouse-go:8084,2026-06-23 18:44:13,2026-06-23T13:14:13Z,1782220453,sustain,1440.0,35205120.0,"{""__name__"": ""process_resident_memory_bytes""}"
1,A,RSS Memory Footprint,java_inventory,java,inventory,inventory-go-twin:9082,inventory-go-twin:9082,2026-06-23 18:44:28,2026-06-23T13:14:28Z,1782220468,sustain,1455.0,32137216.0,"{""__name__"": ""process_resident_memory_bytes""}"
1,A,RSS Memory Footprint,java_inventory,java,inventory,order-go-twin:9083,order-go-twin:9083,2026-06-23 18:44:28,2026-06-23T13:14:28Z,1782220468,sustain,1455.0,32329728.0,"{""__name__"": ""process_resident_memory_bytes""}"
1,A,RSS Memory Footprint,java_inventory,java,inventory,warehouse-go:8084,warehouse-go:8084,2026-06-23 18:44:28,2026-06-23T13:14:28Z,1782220468,sustain,1455.0,36253696.0,"{""__name__"": ""process_resident_memory_bytes""}"
1,A,RSS Memory Footprint,java_inventory,java,inventory,inventory-go-twin:9082,inventory-go-twin:9082,2026-06-23 18:44:43,2026-06-23T13:14:43Z,1782220483,sustain,1470.0,32137216.0,"{""__name__"": ""process_resident_memory_bytes""}"
1,A,RSS Memory Footprint,java_inventory,java,inventory,order-go-twin:9083,order-go-twin:9083,2026-06-23 18:44:43,2026-06-23T13:14:43Z,1782220483,sustain,1470.0,32284672.0,"{""__name__"": ""process_resident_memory_bytes""}"
1,A,RSS Memory Footprint,java_inventory,java,inventory,warehouse-go:8084,warehouse-go:8084,2026-06-23 18:44:43,2026-06-23T13:14:43Z,1782220483,sustain,1470.0,36491264.0,"{""__name__"": ""process_resident_memory_bytes""}"
1,A,RSS Memory Footprint,java_inventory,java,inventory,inventory-go-twin:9082,inventory-go-twin:9082,2026-06-23 18:44:58,2026-06-23T13:14:58Z,1782220498,sustain,1485.0,32137216.0,"{""__name__"": ""process_resident_memory_bytes""}"
1,A,RSS Memory Footprint,java_inventory,java,inventory,order-go-twin:9083,order-go-twin:9083,2026-06-23 18:44:58,2026-06-23T13:14:58Z,1782220498,sustain,1485.0,32284672.0,"{""__name__"": ""process_resident_memory_bytes""}"
1,A,RSS Memory Footprint,java_inventory,java,inventory,warehouse-go:8084,warehouse-go:8084,2026-06-23 18:44:58,2026-06-23T13:14:58Z,1782220498,sustain,1485.0,33398784.0,"{""__name__"": ""process_resident_memory_bytes""}"
1,A,RSS Memory Footprint,java_inventory,java,inventory,inventory-go-twin:9082,inventory-go-twin:9082,2026-06-23 18:45:13,2026-06-23T13:15:13Z,1782220513,sustain,1500.0,32137216.0,"{""__name__"": ""process_resident_memory_bytes""}"
1,A,RSS Memory Footprint,java_inventory,java,inventory,order-go-twin:9083,order-go-twin:9083,2026-06-23 18:45:13,2026-06-23T13:15:13Z,1782220513,sustain,1500.0,32284672.0,"{""__name__"": ""process_resident_memory_bytes""}"
1,A,RSS Memory Footprint,java_inventory,java,inventory,warehouse-go:8084,warehouse-go:8084,2026-06-23 18:45:13,2026-06-23T13:15:13Z,1782220513,sustain,1500.0,33611776.0,"{""__name__"": ""process_resident_memory_bytes""}"
1,A,RSS Memory Footprint,java_inventory,java,inventory,inventory-go-twin:9082,inventory-go-twin:9082,2026-06-23 18:45:28,2026-06-23T13:15:28Z,1782220528,sustain,1515.0,32137216.0,"{""__name__"": ""process_resident_memory_bytes""}"
1,A,RSS Memory Footprint,java_inventory,java,inventory,order-go-twin:9083,order-go-twin:9083,2026-06-23 18:45:28,2026-06-23T13:15:28Z,1782220528,sustain,1515.0,32284672.0,"{""__name__"": ""process_resident_memory_bytes""}"
1,A,RSS Memory Footprint,java_inventory,java,inventory,warehouse-go:8084,warehouse-go:8084,2026-06-23 18:45:28,2026-06-23T13:15:28Z,1782220528,sustain,1515.0,34398208.0,"{""__name__"": ""process_resident_memory_bytes""}"
1,A,RSS Memory Footprint,java_inventory,java,inventory,inventory-go-twin:9082,inventory-go-twin:9082,2026-06-23 18:45:43,2026-06-23T13:15:43Z,1782220543,sustain,1530.0,32137216.0,"{""__name__"": ""process_resident_memory_bytes""}"
1,A,RSS Memory Footprint,java_inventory,java,inventory,order-go-twin:9083,order-go-twin:9083,2026-06-23 18:45:43,2026-06-23T13:15:43Z,1782220543,sustain,1530.0,32284672.0,"{""__name__"": ""process_resident_memory_bytes""}"
1,A,RSS Memory Footprint,java_inventory,java,inventory,warehouse-go:8084,warehouse-go:8084,2026-06-23 18:45:43,2026-06-23T13:15:43Z,1782220543,sustain,1530.0,34922496.0,"{""__name__"": ""process_resident_memory_bytes""}"
1,A,RSS Memory Footprint,java_inventory,java,inventory,inventory-go-twin:9082,inventory-go-twin:9082,2026-06-23 18:45:58,2026-06-23T13:15:58Z,1782220558,sustain,1545.0,32006144.0,"{""__name__"": ""process_resident_memory_bytes""}"
1,A,RSS Memory Footprint,java_inventory,java,inventory,order-go-twin:9083,order-go-twin:9083,2026-06-23 18:45:58,2026-06-23T13:15:58Z,1782220558,sustain,1545.0,32284672.0,"{""__name__"": ""process_resident_memory_bytes""}"
1,A,RSS Memory Footprint,java_inventory,java,inventory,warehouse-go:8084,warehouse-go:8084,2026-06-23 18:45:58,2026-06-23T13:15:58Z,1782220558,sustain,1545.0,35708928.0,"{""__name__"": ""process_resident_memory_bytes""}"
1,A,RSS Memory Footprint,java_inventory,java,inventory,inventory-go-twin:9082,inventory-go-twin:9082,2026-06-23 18:46:13,2026-06-23T13:16:13Z,1782220573,sustain,1560.0,32530432.0,"{""__name__"": ""process_resident_memory_bytes""}"
1,A,RSS Memory Footprint,java_inventory,java,inventory,order-go-twin:9083,order-go-twin:9083,2026-06-23 18:46:13,2026-06-23T13:16:13Z,1782220573,sustain,1560.0,32284672.0,"{""__name__"": ""process_resident_memory_bytes""}"
1,A,RSS Memory Footprint,java_inventory,java,inventory,warehouse-go:8084,warehouse-go:8084,2026-06-23 18:46:13,2026-06-23T13:16:13Z,1782220573,sustain,1560.0,35708928.0,"{""__name__"": ""process_resident_memory_bytes""}"
1,A,RSS Memory Footprint,java_inventory,java,inventory,inventory-go-twin:9082,inventory-go-twin:9082,2026-06-23 18:46:28,2026-06-23T13:16:28Z,1782220588,sustain,1575.0,32530432.0,"{""__name__"": ""process_resident_memory_bytes""}"
1,A,RSS Memory Footprint,java_inventory,java,inventory,order-go-twin:9083,order-go-twin:9083,2026-06-23 18:46:28,2026-06-23T13:16:28Z,1782220588,sustain,1575.0,32243712.0,"{""__name__"": ""process_resident_memory_bytes""}"
1,A,RSS Memory Footprint,java_inventory,java,inventory,warehouse-go:8084,warehouse-go:8084,2026-06-23 18:46:28,2026-06-23T13:16:28Z,1782220588,sustain,1575.0,35258368.0,"{""__name__"": ""process_resident_memory_bytes""}"
1,A,RSS Memory Footprint,java_inventory,java,inventory,inventory-go-twin:9082,inventory-go-twin:9082,2026-06-23 18:46:43,2026-06-23T13:16:43Z,1782220603,sustain,1590.0,31997952.0,"{""__name__"": ""process_resident_memory_bytes""}"
1,A,RSS Memory Footprint,java_inventory,java,inventory,order-go-twin:9083,order-go-twin:9083,2026-06-23 18:46:43,2026-06-23T13:16:43Z,1782220603,sustain,1590.0,32899072.0,"{""__name__"": ""process_resident_memory_bytes""}"
1,A,RSS Memory Footprint,java_inventory,java,inventory,warehouse-go:8084,warehouse-go:8084,2026-06-23 18:46:43,2026-06-23T13:16:43Z,1782220603,sustain,1590.0,35258368.0,"{""__name__"": ""process_resident_memory_bytes""}"
1,A,RSS Memory Footprint,java_inventory,java,inventory,inventory-go-twin:9082,inventory-go-twin:9082,2026-06-23 18:46:58,2026-06-23T13:16:58Z,1782220618,sustain,1605.0,31997952.0,"{""__name__"": ""process_resident_memory_bytes""}"
1,A,RSS Memory Footprint,java_inventory,java,inventory,order-go-twin:9083,order-go-twin:9083,2026-06-23 18:46:58,2026-06-23T13:16:58Z,1782220618,sustain,1605.0,32899072.0,"{""__name__"": ""process_resident_memory_bytes""}"
1,A,RSS Memory Footprint,java_inventory,java,inventory,warehouse-go:8084,warehouse-go:8084,2026-06-23 18:46:58,2026-06-23T13:16:58Z,1782220618,sustain,1605.0,35389440.0,"{""__name__"": ""process_resident_memory_bytes""}"
1,A,RSS Memory Footprint,java_inventory,java,inventory,inventory-go-twin:9082,inventory-go-twin:9082,2026-06-23 18:47:13,2026-06-23T13:17:13Z,1782220633,sustain,1620.0,31997952.0,"{""__name__"": ""process_resident_memory_bytes""}"
1,A,RSS Memory Footprint,java_inventory,java,inventory,order-go-twin:9083,order-go-twin:9083,2026-06-23 18:47:13,2026-06-23T13:17:13Z,1782220633,sustain,1620.0,32620544.0,"{""__name__"": ""process_resident_memory_bytes""}"
1,A,RSS Memory Footprint,java_inventory,java,inventory,warehouse-go:8084,warehouse-go:8084,2026-06-23 18:47:13,2026-06-23T13:17:13Z,1782220633,sustain,1620.0,35500032.0,"{""__name__"": ""process_resident_memory_bytes""}"
1,A,RSS Memory Footprint,java_inventory,java,inventory,inventory-go-twin:9082,inventory-go-twin:9082,2026-06-23 18:47:28,2026-06-23T13:17:28Z,1782220648,sustain,1635.0,31997952.0,"{""__name__"": ""process_resident_memory_bytes""}"
1,A,RSS Memory Footprint,java_inventory,java,inventory,order-go-twin:9083,order-go-twin:9083,2026-06-23 18:47:28,2026-06-23T13:17:28Z,1782220648,sustain,1635.0,32620544.0,"{""__name__"": ""process_resident_memory_bytes""}"
1,A,RSS Memory Footprint,java_inventory,java,inventory,warehouse-go:8084,warehouse-go:8084,2026-06-23 18:47:28,2026-06-23T13:17:28Z,1782220648,sustain,1635.0,36286464.0,"{""__name__"": ""process_resident_memory_bytes""}"
1,A,RSS Memory Footprint,java_inventory,java,inventory,inventory-go-twin:9082,inventory-go-twin:9082,2026-06-23 18:47:43,2026-06-23T13:17:43Z,1782220663,sustain,1650.0,31997952.0,"{""__name__"": ""process_resident_memory_bytes""}"
1,A,RSS Memory Footprint,java_inventory,java,inventory,order-go-twin:9083,order-go-twin:9083,2026-06-23 18:47:43,2026-06-23T13:17:43Z,1782220663,sustain,1650.0,32620544.0,"{""__name__"": ""process_resident_memory_bytes""}"
1,A,RSS Memory Footprint,java_inventory,java,inventory,warehouse-go:8084,warehouse-go:8084,2026-06-23 18:47:43,2026-06-23T13:17:43Z,1782220663,sustain,1650.0,36941824.0,"{""__name__"": ""process_resident_memory_bytes""}"
1,A,RSS Memory Footprint,java_inventory,java,inventory,inventory-go-twin:9082,inventory-go-twin:9082,2026-06-23 18:47:58,2026-06-23T13:17:58Z,1782220678,sustain,1665.0,31809536.0,"{""__name__"": ""process_resident_memory_bytes""}"
1,A,RSS Memory Footprint,java_inventory,java,inventory,order-go-twin:9083,order-go-twin:9083,2026-06-23 18:47:58,2026-06-23T13:17:58Z,1782220678,sustain,1665.0,32620544.0,"{""__name__"": ""process_resident_memory_bytes""}"
1,A,RSS Memory Footprint,java_inventory,java,inventory,warehouse-go:8084,warehouse-go:8084,2026-06-23 18:47:58,2026-06-23T13:17:58Z,1782220678,sustain,1665.0,36941824.0,"{""__name__"": ""process_resident_memory_bytes""}"
1,A,RSS Memory Footprint,java_inventory,java,inventory,inventory-go-twin:9082,inventory-go-twin:9082,2026-06-23 18:48:13,2026-06-23T13:18:13Z,1782220693,sustain,1680.0,31940608.0,"{""__name__"": ""process_resident_memory_bytes""}"
1,A,RSS Memory Footprint,java_inventory,java,inventory,order-go-twin:9083,order-go-twin:9083,2026-06-23 18:48:13,2026-06-23T13:18:13Z,1782220693,sustain,1680.0,32620544.0,"{""__name__"": ""process_resident_memory_bytes""}"
1,A,RSS Memory Footprint,java_inventory,java,inventory,warehouse-go:8084,warehouse-go:8084,2026-06-23 18:48:13,2026-06-23T13:18:13Z,1782220693,sustain,1680.0,35590144.0,"{""__name__"": ""process_resident_memory_bytes""}"
1,A,RSS Memory Footprint,java_inventory,java,inventory,inventory-go-twin:9082,inventory-go-twin:9082,2026-06-23 18:48:28,2026-06-23T13:18:28Z,1782220708,sustain,1695.0,31940608.0,"{""__name__"": ""process_resident_memory_bytes""}"
1,A,RSS Memory Footprint,java_inventory,java,inventory,order-go-twin:9083,order-go-twin:9083,2026-06-23 18:48:28,2026-06-23T13:18:28Z,1782220708,sustain,1695.0,32620544.0,"{""__name__"": ""process_resident_memory_bytes""}"
1,A,RSS Memory Footprint,java_inventory,java,inventory,warehouse-go:8084,warehouse-go:8084,2026-06-23 18:48:28,2026-06-23T13:18:28Z,1782220708,sustain,1695.0,36052992.0,"{""__name__"": ""process_resident_memory_bytes""}"
1,A,RSS Memory Footprint,java_inventory,java,inventory,inventory-go-twin:9082,inventory-go-twin:9082,2026-06-23 18:48:43,2026-06-23T13:18:43Z,1782220723,sustain,1710.0,31940608.0,"{""__name__"": ""process_resident_memory_bytes""}"
1,A,RSS Memory Footprint,java_inventory,java,inventory,order-go-twin:9083,order-go-twin:9083,2026-06-23 18:48:43,2026-06-23T13:18:43Z,1782220723,sustain,1710.0,32620544.0,"{""__name__"": ""process_resident_memory_bytes""}"
1,A,RSS Memory Footprint,java_inventory,java,inventory,warehouse-go:8084,warehouse-go:8084,2026-06-23 18:48:43,2026-06-23T13:18:43Z,1782220723,sustain,1710.0,36052992.0,"{""__name__"": ""process_resident_memory_bytes""}"
1,A,RSS Memory Footprint,java_inventory,java,inventory,inventory-go-twin:9082,inventory-go-twin:9082,2026-06-23 18:48:58,2026-06-23T13:18:58Z,1782220738,sustain,1725.0,31678464.0,"{""__name__"": ""process_resident_memory_bytes""}"
1,A,RSS Memory Footprint,java_inventory,java,inventory,order-go-twin:9083,order-go-twin:9083,2026-06-23 18:48:58,2026-06-23T13:18:58Z,1782220738,sustain,1725.0,32620544.0,"{""__name__"": ""process_resident_memory_bytes""}"
1,A,RSS Memory Footprint,java_inventory,java,inventory,warehouse-go:8084,warehouse-go:8084,2026-06-23 18:48:58,2026-06-23T13:18:58Z,1782220738,sustain,1725.0,36315136.0,"{""__name__"": ""process_resident_memory_bytes""}"
1,A,RSS Memory Footprint,java_inventory,java,inventory,inventory-go-twin:9082,inventory-go-twin:9082,2026-06-23 18:49:13,2026-06-23T13:19:13Z,1782220753,sustain,1740.0,32333824.0,"{""__name__"": ""process_resident_memory_bytes""}"
1,A,RSS Memory Footprint,java_inventory,java,inventory,order-go-twin:9083,order-go-twin:9083,2026-06-23 18:49:13,2026-06-23T13:19:13Z,1782220753,sustain,1740.0,32620544.0,"{""__name__"": ""process_resident_memory_bytes""}"
1,A,RSS Memory Footprint,java_inventory,java,inventory,warehouse-go:8084,warehouse-go:8084,2026-06-23 18:49:13,2026-06-23T13:19:13Z,1782220753,sustain,1740.0,36167680.0,"{""__name__"": ""process_resident_memory_bytes""}"
1,A,RSS Memory Footprint,java_inventory,java,inventory,inventory-go-twin:9082,inventory-go-twin:9082,2026-06-23 18:49:28,2026-06-23T13:19:28Z,1782220768,sustain,1755.0,31797248.0,"{""__name__"": ""process_resident_memory_bytes""}"
1,A,RSS Memory Footprint,java_inventory,java,inventory,order-go-twin:9083,order-go-twin:9083,2026-06-23 18:49:28,2026-06-23T13:19:28Z,1782220768,sustain,1755.0,32571392.0,"{""__name__"": ""process_resident_memory_bytes""}"
1,A,RSS Memory Footprint,java_inventory,java,inventory,warehouse-go:8084,warehouse-go:8084,2026-06-23 18:49:28,2026-06-23T13:19:28Z,1782220768,sustain,1755.0,36691968.0,"{""__name__"": ""process_resident_memory_bytes""}"
1,A,RSS Memory Footprint,java_inventory,java,inventory,inventory-go-twin:9082,inventory-go-twin:9082,2026-06-23 18:49:43,2026-06-23T13:19:43Z,1782220783,sustain,1770.0,31797248.0,"{""__name__"": ""process_resident_memory_bytes""}"
1,A,RSS Memory Footprint,java_inventory,java,inventory,order-go-twin:9083,order-go-twin:9083,2026-06-23 18:49:43,2026-06-23T13:19:43Z,1782220783,sustain,1770.0,32571392.0,"{""__name__"": ""process_resident_memory_bytes""}"
1,A,RSS Memory Footprint,java_inventory,java,inventory,warehouse-go:8084,warehouse-go:8084,2026-06-23 18:49:43,2026-06-23T13:19:43Z,1782220783,sustain,1770.0,37085184.0,"{""__name__"": ""process_resident_memory_bytes""}"
1,A,RSS Memory Footprint,java_inventory,java,inventory,inventory-go-twin:9082,inventory-go-twin:9082,2026-06-23 18:49:58,2026-06-23T13:19:58Z,1782220798,sustain,1785.0,31797248.0,"{""__name__"": ""process_resident_memory_bytes""}"
1,A,RSS Memory Footprint,java_inventory,java,inventory,order-go-twin:9083,order-go-twin:9083,2026-06-23 18:49:58,2026-06-23T13:19:58Z,1782220798,sustain,1785.0,32571392.0,"{""__name__"": ""process_resident_memory_bytes""}"
1,A,RSS Memory Footprint,java_inventory,java,inventory,warehouse-go:8084,warehouse-go:8084,2026-06-23 18:49:58,2026-06-23T13:19:58Z,1782220798,sustain,1785.0,37216256.0,"{""__name__"": ""process_resident_memory_bytes""}"
1,A,RSS Memory Footprint,java_inventory,java,inventory,inventory-go-twin:9082,inventory-go-twin:9082,2026-06-23 18:50:13,2026-06-23T13:20:13Z,1782220813,cooldown,1800.0,31928320.0,"{""__name__"": ""process_resident_memory_bytes""}"
1,A,RSS Memory Footprint,java_inventory,java,inventory,order-go-twin:9083,order-go-twin:9083,2026-06-23 18:50:13,2026-06-23T13:20:13Z,1782220813,cooldown,1800.0,32702464.0,"{""__name__"": ""process_resident_memory_bytes""}"
1,A,RSS Memory Footprint,java_inventory,java,inventory,warehouse-go:8084,warehouse-go:8084,2026-06-23 18:50:13,2026-06-23T13:20:13Z,1782220813,cooldown,1800.0,37347328.0,"{""__name__"": ""process_resident_memory_bytes""}"
1,A,RSS Memory Footprint,java_inventory,java,inventory,inventory-go-twin:9082,inventory-go-twin:9082,2026-06-23 18:50:28,2026-06-23T13:20:28Z,1782220828,cooldown,1815.0,32059392.0,"{""__name__"": ""process_resident_memory_bytes""}"
1,A,RSS Memory Footprint,java_inventory,java,inventory,order-go-twin:9083,order-go-twin:9083,2026-06-23 18:50:28,2026-06-23T13:20:28Z,1782220828,cooldown,1815.0,32702464.0,"{""__name__"": ""process_resident_memory_bytes""}"
1,A,RSS Memory Footprint,java_inventory,java,inventory,warehouse-go:8084,warehouse-go:8084,2026-06-23 18:50:28,2026-06-23T13:20:28Z,1782220828,cooldown,1815.0,37347328.0,"{""__name__"": ""process_resident_memory_bytes""}"
1,A,RSS Memory Footprint,java_inventory,java,inventory,inventory-go-twin:9082,inventory-go-twin:9082,2026-06-23 18:50:43,2026-06-23T13:20:43Z,1782220843,cooldown,1830.0,32059392.0,"{""__name__"": ""process_resident_memory_bytes""}"
1,A,RSS Memory Footprint,java_inventory,java,inventory,order-go-twin:9083,order-go-twin:9083,2026-06-23 18:50:43,2026-06-23T13:20:43Z,1782220843,cooldown,1830.0,32702464.0,"{""__name__"": ""process_resident_memory_bytes""}"
1,A,RSS Memory Footprint,java_inventory,java,inventory,warehouse-go:8084,warehouse-go:8084,2026-06-23 18:50:43,2026-06-23T13:20:43Z,1782220843,cooldown,1830.0,37347328.0,"{""__name__"": ""process_resident_memory_bytes""}"
1,A,RSS Memory Footprint,java_inventory,java,inventory,inventory-go-twin:9082,inventory-go-twin:9082,2026-06-23 18:50:58,2026-06-23T13:20:58Z,1782220858,cooldown,1845.0,32059392.0,"{""__name__"": ""process_resident_memory_bytes""}"
1,A,RSS Memory Footprint,java_inventory,java,inventory,order-go-twin:9083,order-go-twin:9083,2026-06-23 18:50:58,2026-06-23T13:20:58Z,1782220858,cooldown,1845.0,32702464.0,"{""__name__"": ""process_resident_memory_bytes""}"
1,A,RSS Memory Footprint,java_inventory,java,inventory,warehouse-go:8084,warehouse-go:8084,2026-06-23 18:50:58,2026-06-23T13:20:58Z,1782220858,cooldown,1845.0,37609472.0,"{""__name__"": ""process_resident_memory_bytes""}"
1,A,RSS Memory Footprint,java_inventory,java,inventory,inventory-go-twin:9082,inventory-go-twin:9082,2026-06-23 18:51:13,2026-06-23T13:21:13Z,1782220873,cooldown,1860.0,31666176.0,"{""__name__"": ""process_resident_memory_bytes""}"
1,A,RSS Memory Footprint,java_inventory,java,inventory,order-go-twin:9083,order-go-twin:9083,2026-06-23 18:51:13,2026-06-23T13:21:13Z,1782220873,cooldown,1860.0,32702464.0,"{""__name__"": ""process_resident_memory_bytes""}"
1,A,RSS Memory Footprint,java_inventory,java,inventory,warehouse-go:8084,warehouse-go:8084,2026-06-23 18:51:13,2026-06-23T13:21:13Z,1782220873,cooldown,1860.0,37609472.0,"{""__name__"": ""process_resident_memory_bytes""}"
1,A,RSS Memory Footprint,java_inventory,java,inventory,inventory-go-twin:9082,inventory-go-twin:9082,2026-06-23 18:51:28,2026-06-23T13:21:28Z,1782220888,cooldown,1875.0,31666176.0,"{""__name__"": ""process_resident_memory_bytes""}"
1,A,RSS Memory Footprint,java_inventory,java,inventory,order-go-twin:9083,order-go-twin:9083,2026-06-23 18:51:28,2026-06-23T13:21:28Z,1782220888,cooldown,1875.0,32702464.0,"{""__name__"": ""process_resident_memory_bytes""}"
1,A,RSS Memory Footprint,java_inventory,java,inventory,warehouse-go:8084,warehouse-go:8084,2026-06-23 18:51:28,2026-06-23T13:21:28Z,1782220888,cooldown,1875.0,36548608.0,"{""__name__"": ""process_resident_memory_bytes""}"
1,A,RSS Memory Footprint,java_inventory,java,inventory,inventory-go-twin:9082,inventory-go-twin:9082,2026-06-23 18:51:43,2026-06-23T13:21:43Z,1782220903,cooldown,1890.0,31666176.0,"{""__name__"": ""process_resident_memory_bytes""}"
1,A,RSS Memory Footprint,java_inventory,java,inventory,order-go-twin:9083,order-go-twin:9083,2026-06-23 18:51:43,2026-06-23T13:21:43Z,1782220903,cooldown,1890.0,32571392.0,"{""__name__"": ""process_resident_memory_bytes""}"
1,A,RSS Memory Footprint,java_inventory,java,inventory,warehouse-go:8084,warehouse-go:8084,2026-06-23 18:51:43,2026-06-23T13:21:43Z,1782220903,cooldown,1890.0,37203968.0,"{""__name__"": ""process_resident_memory_bytes""}"
1,A,RSS Memory Footprint,java_inventory,java,inventory,inventory-go-twin:9082,inventory-go-twin:9082,2026-06-23 18:51:58,2026-06-23T13:21:58Z,1782220918,cooldown,1905.0,31666176.0,"{""__name__"": ""process_resident_memory_bytes""}"
1,A,RSS Memory Footprint,java_inventory,java,inventory,order-go-twin:9083,order-go-twin:9083,2026-06-23 18:51:58,2026-06-23T13:21:58Z,1782220918,cooldown,1905.0,32571392.0,"{""__name__"": ""process_resident_memory_bytes""}"
1,A,RSS Memory Footprint,java_inventory,java,inventory,warehouse-go:8084,warehouse-go:8084,2026-06-23 18:51:58,2026-06-23T13:21:58Z,1782220918,cooldown,1905.0,35991552.0,"{""__name__"": ""process_resident_memory_bytes""}"
1,A,RSS Memory Footprint,java_inventory,java,inventory,inventory-go-twin:9082,inventory-go-twin:9082,2026-06-23 18:52:13,2026-06-23T13:22:13Z,1782220933,cooldown,1920.0,31666176.0,"{""__name__"": ""process_resident_memory_bytes""}"
1,A,RSS Memory Footprint,java_inventory,java,inventory,order-go-twin:9083,order-go-twin:9083,2026-06-23 18:52:13,2026-06-23T13:22:13Z,1782220933,cooldown,1920.0,32571392.0,"{""__name__"": ""process_resident_memory_bytes""}"
1,A,RSS Memory Footprint,java_inventory,java,inventory,warehouse-go:8084,warehouse-go:8084,2026-06-23 18:52:13,2026-06-23T13:22:13Z,1782220933,cooldown,1920.0,35819520.0,"{""__name__"": ""process_resident_memory_bytes""}"
1,A,RSS Memory Footprint,java_inventory,java,inventory,inventory-go-twin:9082,inventory-go-twin:9082,2026-06-23 18:52:28,2026-06-23T13:22:28Z,1782220948,cooldown,1935.0,31666176.0,"{""__name__"": ""process_resident_memory_bytes""}"
1,A,RSS Memory Footprint,java_inventory,java,inventory,order-go-twin:9083,order-go-twin:9083,2026-06-23 18:52:28,2026-06-23T13:22:28Z,1782220948,cooldown,1935.0,32571392.0,"{""__name__"": ""process_resident_memory_bytes""}"
1,A,RSS Memory Footprint,java_inventory,java,inventory,warehouse-go:8084,warehouse-go:8084,2026-06-23 18:52:28,2026-06-23T13:22:28Z,1782220948,cooldown,1935.0,35946496.0,"{""__name__"": ""process_resident_memory_bytes""}"
1,A,RSS Memory Footprint,java_inventory,java,inventory,inventory-go-twin:9082,inventory-go-twin:9082,2026-06-23 18:52:43,2026-06-23T13:22:43Z,1782220963,cooldown,1950.0,31666176.0,"{""__name__"": ""process_resident_memory_bytes""}"
1,A,RSS Memory Footprint,java_inventory,java,inventory,order-go-twin:9083,order-go-twin:9083,2026-06-23 18:52:43,2026-06-23T13:22:43Z,1782220963,cooldown,1950.0,32571392.0,"{""__name__"": ""process_resident_memory_bytes""}"
1,A,RSS Memory Footprint,java_inventory,java,inventory,warehouse-go:8084,warehouse-go:8084,2026-06-23 18:52:43,2026-06-23T13:22:43Z,1782220963,cooldown,1950.0,35946496.0,"{""__name__"": ""process_resident_memory_bytes""}"
1,A,RSS Memory Footprint,java_inventory,java,inventory,inventory-go-twin:9082,inventory-go-twin:9082,2026-06-23 18:52:58,2026-06-23T13:22:58Z,1782220978,cooldown,1965.0,32321536.0,"{""__name__"": ""process_resident_memory_bytes""}"
1,A,RSS Memory Footprint,java_inventory,java,inventory,order-go-twin:9083,order-go-twin:9083,2026-06-23 18:52:58,2026-06-23T13:22:58Z,1782220978,cooldown,1965.0,32571392.0,"{""__name__"": ""process_resident_memory_bytes""}"
1,A,RSS Memory Footprint,java_inventory,java,inventory,warehouse-go:8084,warehouse-go:8084,2026-06-23 18:52:58,2026-06-23T13:22:58Z,1782220978,cooldown,1965.0,36208640.0,"{""__name__"": ""process_resident_memory_bytes""}"
1,A,RSS Memory Footprint,java_inventory,java,inventory,inventory-go-twin:9082,inventory-go-twin:9082,2026-06-23 18:53:13,2026-06-23T13:23:13Z,1782220993,cooldown,1980.0,32321536.0,"{""__name__"": ""process_resident_memory_bytes""}"
1,A,RSS Memory Footprint,java_inventory,java,inventory,order-go-twin:9083,order-go-twin:9083,2026-06-23 18:53:13,2026-06-23T13:23:13Z,1782220993,cooldown,1980.0,32571392.0,"{""__name__"": ""process_resident_memory_bytes""}"
1,A,RSS Memory Footprint,java_inventory,java,inventory,warehouse-go:8084,warehouse-go:8084,2026-06-23 18:53:13,2026-06-23T13:23:13Z,1782220993,cooldown,1980.0,36208640.0,"{""__name__"": ""process_resident_memory_bytes""}"
1,A,RSS Memory Footprint,java_inventory,java,inventory,inventory-go-twin:9082,inventory-go-twin:9082,2026-06-23 18:53:28,2026-06-23T13:23:28Z,1782221008,cooldown,1995.0,31895552.0,"{""__name__"": ""process_resident_memory_bytes""}"
1,A,RSS Memory Footprint,java_inventory,java,inventory,order-go-twin:9083,order-go-twin:9083,2026-06-23 18:53:28,2026-06-23T13:23:28Z,1782221008,cooldown,1995.0,32571392.0,"{""__name__"": ""process_resident_memory_bytes""}"
1,A,RSS Memory Footprint,java_inventory,java,inventory,warehouse-go:8084,warehouse-go:8084,2026-06-23 18:53:28,2026-06-23T13:23:28Z,1782221008,cooldown,1995.0,35774464.0,"{""__name__"": ""process_resident_memory_bytes""}"
1,A,RSS Memory Footprint,java_inventory,java,inventory,inventory-go-twin:9082,inventory-go-twin:9082,2026-06-23 18:53:43,2026-06-23T13:23:43Z,1782221023,cooldown,2010.0,31895552.0,"{""__name__"": ""process_resident_memory_bytes""}"
1,A,RSS Memory Footprint,java_inventory,java,inventory,order-go-twin:9083,order-go-twin:9083,2026-06-23 18:53:43,2026-06-23T13:23:43Z,1782221023,cooldown,2010.0,32571392.0,"{""__name__"": ""process_resident_memory_bytes""}"
1,A,RSS Memory Footprint,java_inventory,java,inventory,warehouse-go:8084,warehouse-go:8084,2026-06-23 18:53:43,2026-06-23T13:23:43Z,1782221023,cooldown,2010.0,35774464.0,"{""__name__"": ""process_resident_memory_bytes""}"
1,A,RSS Memory Footprint,java_inventory,java,inventory,inventory-go-twin:9082,inventory-go-twin:9082,2026-06-23 18:53:58,2026-06-23T13:23:58Z,1782221038,cooldown,2025.0,31895552.0,"{""__name__"": ""process_resident_memory_bytes""}"
1,A,RSS Memory Footprint,java_inventory,java,inventory,order-go-twin:9083,order-go-twin:9083,2026-06-23 18:53:58,2026-06-23T13:23:58Z,1782221038,cooldown,2025.0,32571392.0,"{""__name__"": ""process_resident_memory_bytes""}"
1,A,RSS Memory Footprint,java_inventory,java,inventory,warehouse-go:8084,warehouse-go:8084,2026-06-23 18:53:58,2026-06-23T13:23:58Z,1782221038,cooldown,2025.0,35905536.0,"{""__name__"": ""process_resident_memory_bytes""}"
1,A,RSS Memory Footprint,java_inventory,java,inventory,inventory-go-twin:9082,inventory-go-twin:9082,2026-06-23 18:54:13,2026-06-23T13:24:13Z,1782221053,cooldown,2040.0,31846400.0,"{""__name__"": ""process_resident_memory_bytes""}"
1,A,RSS Memory Footprint,java_inventory,java,inventory,order-go-twin:9083,order-go-twin:9083,2026-06-23 18:54:13,2026-06-23T13:24:13Z,1782221053,cooldown,2040.0,32571392.0,"{""__name__"": ""process_resident_memory_bytes""}"
1,A,RSS Memory Footprint,java_inventory,java,inventory,warehouse-go:8084,warehouse-go:8084,2026-06-23 18:54:13,2026-06-23T13:24:13Z,1782221053,cooldown,2040.0,36429824.0,"{""__name__"": ""process_resident_memory_bytes""}"
1,A,RSS Memory Footprint,java_inventory,java,inventory,inventory-go-twin:9082,inventory-go-twin:9082,2026-06-23 18:54:28,2026-06-23T13:24:28Z,1782221068,cooldown,2055.0,31846400.0,"{""__name__"": ""process_resident_memory_bytes""}"
1,A,RSS Memory Footprint,java_inventory,java,inventory,order-go-twin:9083,order-go-twin:9083,2026-06-23 18:54:28,2026-06-23T13:24:28Z,1782221068,cooldown,2055.0,32571392.0,"{""__name__"": ""process_resident_memory_bytes""}"
1,A,RSS Memory Footprint,java_inventory,java,inventory,warehouse-go:8084,warehouse-go:8084,2026-06-23 18:54:28,2026-06-23T13:24:28Z,1782221068,cooldown,2055.0,34582528.0,"{""__name__"": ""process_resident_memory_bytes""}"
1,A,RSS Memory Footprint,java_inventory,java,inventory,inventory-go-twin:9082,inventory-go-twin:9082,2026-06-23 18:54:43,2026-06-23T13:24:43Z,1782221083,cooldown,2070.0,31846400.0,"{""__name__"": ""process_resident_memory_bytes""}"
1,A,RSS Memory Footprint,java_inventory,java,inventory,order-go-twin:9083,order-go-twin:9083,2026-06-23 18:54:43,2026-06-23T13:24:43Z,1782221083,cooldown,2070.0,32571392.0,"{""__name__"": ""process_resident_memory_bytes""}"
1,A,RSS Memory Footprint,java_inventory,java,inventory,warehouse-go:8084,warehouse-go:8084,2026-06-23 18:54:43,2026-06-23T13:24:43Z,1782221083,cooldown,2070.0,35237888.0,"{""__name__"": ""process_resident_memory_bytes""}"
1,A,RSS Memory Footprint,java_inventory,java,inventory,inventory-go-twin:9082,inventory-go-twin:9082,2026-06-23 18:54:58,2026-06-23T13:24:58Z,1782221098,cooldown,2085.0,31711232.0,"{""__name__"": ""process_resident_memory_bytes""}"
1,A,RSS Memory Footprint,java_inventory,java,inventory,order-go-twin:9083,order-go-twin:9083,2026-06-23 18:54:58,2026-06-23T13:24:58Z,1782221098,cooldown,2085.0,32571392.0,"{""__name__"": ""process_resident_memory_bytes""}"
1,A,RSS Memory Footprint,java_inventory,java,inventory,warehouse-go:8084,warehouse-go:8084,2026-06-23 18:54:58,2026-06-23T13:24:58Z,1782221098,cooldown,2085.0,35078144.0,"{""__name__"": ""process_resident_memory_bytes""}"
1,A,RSS Memory Footprint,java_inventory,java,inventory,inventory-go-twin:9082,inventory-go-twin:9082,2026-06-23 18:55:13,2026-06-23T13:25:13Z,1782221113,post_test,2100.0,31711232.0,"{""__name__"": ""process_resident_memory_bytes""}"
1,A,RSS Memory Footprint,java_inventory,java,inventory,order-go-twin:9083,order-go-twin:9083,2026-06-23 18:55:13,2026-06-23T13:25:13Z,1782221113,post_test,2100.0,32571392.0,"{""__name__"": ""process_resident_memory_bytes""}"
1,A,RSS Memory Footprint,java_inventory,java,inventory,warehouse-go:8084,warehouse-go:8084,2026-06-23 18:55:13,2026-06-23T13:25:13Z,1782221113,post_test,2100.0,35078144.0,"{""__name__"": ""process_resident_memory_bytes""}"
1,A,RSS Memory Footprint,java_order,java,order,inventory-go-twin:9082,inventory-go-twin:9082,2026-06-23 16:59:54,2026-06-23T11:29:54Z,1782214194,warmup,0.0,33173504.0,"{""__name__"": ""process_resident_memory_bytes""}"
1,A,RSS Memory Footprint,java_order,java,order,order-go-twin:9083,order-go-twin:9083,2026-06-23 16:59:54,2026-06-23T11:29:54Z,1782214194,warmup,0.0,35569664.0,"{""__name__"": ""process_resident_memory_bytes""}"
1,A,RSS Memory Footprint,java_order,java,order,warehouse-go:8084,warehouse-go:8084,2026-06-23 16:59:54,2026-06-23T11:29:54Z,1782214194,warmup,0.0,33845248.0,"{""__name__"": ""process_resident_memory_bytes""}"
1,A,RSS Memory Footprint,java_order,java,order,inventory-go-twin:9082,inventory-go-twin:9082,2026-06-23 17:00:09,2026-06-23T11:30:09Z,1782214209,warmup,15.0,33173504.0,"{""__name__"": ""process_resident_memory_bytes""}"
1,A,RSS Memory Footprint,java_order,java,order,order-go-twin:9083,order-go-twin:9083,2026-06-23 17:00:09,2026-06-23T11:30:09Z,1782214209,warmup,15.0,35569664.0,"{""__name__"": ""process_resident_memory_bytes""}"
1,A,RSS Memory Footprint,java_order,java,order,warehouse-go:8084,warehouse-go:8084,2026-06-23 17:00:09,2026-06-23T11:30:09Z,1782214209,warmup,15.0,34107392.0,"{""__name__"": ""process_resident_memory_bytes""}"
1,A,RSS Memory Footprint,java_order,java,order,inventory-go-twin:9082,inventory-go-twin:9082,2026-06-23 17:00:24,2026-06-23T11:30:24Z,1782214224,warmup,30.0,33173504.0,"{""__name__"": ""process_resident_memory_bytes""}"
1,A,RSS Memory Footprint,java_order,java,order,order-go-twin:9083,order-go-twin:9083,2026-06-23 17:00:24,2026-06-23T11:30:24Z,1782214224,warmup,30.0,35569664.0,"{""__name__"": ""process_resident_memory_bytes""}"
1,A,RSS Memory Footprint,java_order,java,order,warehouse-go:8084,warehouse-go:8084,2026-06-23 17:00:24,2026-06-23T11:30:24Z,1782214224,warmup,30.0,34762752.0,"{""__name__"": ""process_resident_memory_bytes""}"
1,A,RSS Memory Footprint,java_order,java,order,inventory-go-twin:9082,inventory-go-twin:9082,2026-06-23 17:00:39,2026-06-23T11:30:39Z,1782214239,warmup,45.0,33173504.0,"{""__name__"": ""process_resident_memory_bytes""}"
1,A,RSS Memory Footprint,java_order,java,order,order-go-twin:9083,order-go-twin:9083,2026-06-23 17:00:39,2026-06-23T11:30:39Z,1782214239,warmup,45.0,35569664.0,"{""__name__"": ""process_resident_memory_bytes""}"
1,A,RSS Memory Footprint,java_order,java,order,warehouse-go:8084,warehouse-go:8084,2026-06-23 17:00:39,2026-06-23T11:30:39Z,1782214239,warmup,45.0,34222080.0,"{""__name__"": ""process_resident_memory_bytes""}"
1,A,RSS Memory Footprint,java_order,java,order,inventory-go-twin:9082,inventory-go-twin:9082,2026-06-23 17:00:54,2026-06-23T11:30:54Z,1782214254,warmup,60.0,33173504.0,"{""__name__"": ""process_resident_memory_bytes""}"
1,A,RSS Memory Footprint,java_order,java,order,order-go-twin:9083,order-go-twin:9083,2026-06-23 17:00:54,2026-06-23T11:30:54Z,1782214254,warmup,60.0,35569664.0,"{""__name__"": ""process_resident_memory_bytes""}"
1,A,RSS Memory Footprint,java_order,java,order,warehouse-go:8084,warehouse-go:8084,2026-06-23 17:00:54,2026-06-23T11:30:54Z,1782214254,warmup,60.0,34230272.0,"{""__name__"": ""process_resident_memory_bytes""}"
1,A,RSS Memory Footprint,java_order,java,order,inventory-go-twin:9082,inventory-go-twin:9082,2026-06-23 17:01:09,2026-06-23T11:31:09Z,1782214269,warmup,75.0,33173504.0,"{""__name__"": ""process_resident_memory_bytes""}"
1,A,RSS Memory Footprint,java_order,java,order,order-go-twin:9083,order-go-twin:9083,2026-06-23 17:01:09,2026-06-23T11:31:09Z,1782214269,warmup,75.0,35569664.0,"{""__name__"": ""process_resident_memory_bytes""}"
1,A,RSS Memory Footprint,java_order,java,order,warehouse-go:8084,warehouse-go:8084,2026-06-23 17:01:09,2026-06-23T11:31:09Z,1782214269,warmup,75.0,32219136.0,"{""__name__"": ""process_resident_memory_bytes""}"
1,A,RSS Memory Footprint,java_order,java,order,inventory-go-twin:9082,inventory-go-twin:9082,2026-06-23 17:01:24,2026-06-23T11:31:24Z,1782214284,warmup,90.0,33304576.0,"{""__name__"": ""process_resident_memory_bytes""}"
1,A,RSS Memory Footprint,java_order,java,order,order-go-twin:9083,order-go-twin:9083,2026-06-23 17:01:24,2026-06-23T11:31:24Z,1782214284,warmup,90.0,35569664.0,"{""__name__"": ""process_resident_memory_bytes""}"
1,A,RSS Memory Footprint,java_order,java,order,warehouse-go:8084,warehouse-go:8084,2026-06-23 17:01:24,2026-06-23T11:31:24Z,1782214284,warmup,90.0,33492992.0,"{""__name__"": ""process_resident_memory_bytes""}"
1,A,RSS Memory Footprint,java_order,java,order,inventory-go-twin:9082,inventory-go-twin:9082,2026-06-23 17:01:39,2026-06-23T11:31:39Z,1782214299,warmup,105.0,33304576.0,"{""__name__"": ""process_resident_memory_bytes""}"
1,A,RSS Memory Footprint,java_order,java,order,order-go-twin:9083,order-go-twin:9083,2026-06-23 17:01:39,2026-06-23T11:31:39Z,1782214299,warmup,105.0,35569664.0,"{""__name__"": ""process_resident_memory_bytes""}"
1,A,RSS Memory Footprint,java_order,java,order,warehouse-go:8084,warehouse-go:8084,2026-06-23 17:01:39,2026-06-23T11:31:39Z,1782214299,warmup,105.0,34410496.0,"{""__name__"": ""process_resident_memory_bytes""}"
1,A,RSS Memory Footprint,java_order,java,order,inventory-go-twin:9082,inventory-go-twin:9082,2026-06-23 17:01:54,2026-06-23T11:31:54Z,1782214314,warmup,120.0,33304576.0,"{""__name__"": ""process_resident_memory_bytes""}"
1,A,RSS Memory Footprint,java_order,java,order,order-go-twin:9083,order-go-twin:9083,2026-06-23 17:01:54,2026-06-23T11:31:54Z,1782214314,warmup,120.0,35569664.0,"{""__name__"": ""process_resident_memory_bytes""}"
1,A,RSS Memory Footprint,java_order,java,order,warehouse-go:8084,warehouse-go:8084,2026-06-23 17:01:54,2026-06-23T11:31:54Z,1782214314,warmup,120.0,34459648.0,"{""__name__"": ""process_resident_memory_bytes""}"
1,A,RSS Memory Footprint,java_order,java,order,inventory-go-twin:9082,inventory-go-twin:9082,2026-06-23 17:02:09,2026-06-23T11:32:09Z,1782214329,warmup,135.0,33304576.0,"{""__name__"": ""process_resident_memory_bytes""}"
1,A,RSS Memory Footprint,java_order,java,order,order-go-twin:9083,order-go-twin:9083,2026-06-23 17:02:09,2026-06-23T11:32:09Z,1782214329,warmup,135.0,35569664.0,"{""__name__"": ""process_resident_memory_bytes""}"
1,A,RSS Memory Footprint,java_order,java,order,warehouse-go:8084,warehouse-go:8084,2026-06-23 17:02:09,2026-06-23T11:32:09Z,1782214329,warmup,135.0,33484800.0,"{""__name__"": ""process_resident_memory_bytes""}"
1,A,RSS Memory Footprint,java_order,java,order,inventory-go-twin:9082,inventory-go-twin:9082,2026-06-23 17:02:24,2026-06-23T11:32:24Z,1782214344,warmup,150.0,33427456.0,"{""__name__"": ""process_resident_memory_bytes""}"
1,A,RSS Memory Footprint,java_order,java,order,order-go-twin:9083,order-go-twin:9083,2026-06-23 17:02:24,2026-06-23T11:32:24Z,1782214344,warmup,150.0,35569664.0,"{""__name__"": ""process_resident_memory_bytes""}"
1,A,RSS Memory Footprint,java_order,java,order,warehouse-go:8084,warehouse-go:8084,2026-06-23 17:02:24,2026-06-23T11:32:24Z,1782214344,warmup,150.0,32583680.0,"{""__name__"": ""process_resident_memory_bytes""}"
1,A,RSS Memory Footprint,java_order,java,order,inventory-go-twin:9082,inventory-go-twin:9082,2026-06-23 17:02:39,2026-06-23T11:32:39Z,1782214359,warmup,165.0,33427456.0,"{""__name__"": ""process_resident_memory_bytes""}"
1,A,RSS Memory Footprint,java_order,java,order,order-go-twin:9083,order-go-twin:9083,2026-06-23 17:02:39,2026-06-23T11:32:39Z,1782214359,warmup,165.0,35569664.0,"{""__name__"": ""process_resident_memory_bytes""}"
1,A,RSS Memory Footprint,java_order,java,order,warehouse-go:8084,warehouse-go:8084,2026-06-23 17:02:39,2026-06-23T11:32:39Z,1782214359,warmup,165.0,31825920.0,"{""__name__"": ""process_resident_memory_bytes""}"
1,A,RSS Memory Footprint,java_order,java,order,inventory-go-twin:9082,inventory-go-twin:9082,2026-06-23 17:02:54,2026-06-23T11:32:54Z,1782214374,warmup,180.0,32976896.0,"{""__name__"": ""process_resident_memory_bytes""}"
1,A,RSS Memory Footprint,java_order,java,order,order-go-twin:9083,order-go-twin:9083,2026-06-23 17:02:54,2026-06-23T11:32:54Z,1782214374,warmup,180.0,35569664.0,"{""__name__"": ""process_resident_memory_bytes""}"
1,A,RSS Memory Footprint,java_order,java,order,warehouse-go:8084,warehouse-go:8084,2026-06-23 17:02:54,2026-06-23T11:32:54Z,1782214374,warmup,180.0,32862208.0,"{""__name__"": ""process_resident_memory_bytes""}"
1,A,RSS Memory Footprint,java_order,java,order,inventory-go-twin:9082,inventory-go-twin:9082,2026-06-23 17:03:09,2026-06-23T11:33:09Z,1782214389,warmup,195.0,32976896.0,"{""__name__"": ""process_resident_memory_bytes""}"
1,A,RSS Memory Footprint,java_order,java,order,order-go-twin:9083,order-go-twin:9083,2026-06-23 17:03:09,2026-06-23T11:33:09Z,1782214389,warmup,195.0,35033088.0,"{""__name__"": ""process_resident_memory_bytes""}"
1,A,RSS Memory Footprint,java_order,java,order,warehouse-go:8084,warehouse-go:8084,2026-06-23 17:03:09,2026-06-23T11:33:09Z,1782214389,warmup,195.0,32260096.0,"{""__name__"": ""process_resident_memory_bytes""}"
1,A,RSS Memory Footprint,java_order,java,order,inventory-go-twin:9082,inventory-go-twin:9082,2026-06-23 17:03:24,2026-06-23T11:33:24Z,1782214404,warmup,210.0,32976896.0,"{""__name__"": ""process_resident_memory_bytes""}"
1,A,RSS Memory Footprint,java_order,java,order,order-go-twin:9083,order-go-twin:9083,2026-06-23 17:03:24,2026-06-23T11:33:24Z,1782214404,warmup,210.0,35033088.0,"{""__name__"": ""process_resident_memory_bytes""}"
1,A,RSS Memory Footprint,java_order,java,order,warehouse-go:8084,warehouse-go:8084,2026-06-23 17:03:24,2026-06-23T11:33:24Z,1782214404,warmup,210.0,32358400.0,"{""__name__"": ""process_resident_memory_bytes""}"
1,A,RSS Memory Footprint,java_order,java,order,inventory-go-twin:9082,inventory-go-twin:9082,2026-06-23 17:03:39,2026-06-23T11:33:39Z,1782214419,warmup,225.0,32976896.0,"{""__name__"": ""process_resident_memory_bytes""}"
1,A,RSS Memory Footprint,java_order,java,order,order-go-twin:9083,order-go-twin:9083,2026-06-23 17:03:39,2026-06-23T11:33:39Z,1782214419,warmup,225.0,35033088.0,"{""__name__"": ""process_resident_memory_bytes""}"
1,A,RSS Memory Footprint,java_order,java,order,warehouse-go:8084,warehouse-go:8084,2026-06-23 17:03:39,2026-06-23T11:33:39Z,1782214419,warmup,225.0,32288768.0,"{""__name__"": ""process_resident_memory_bytes""}"
1,A,RSS Memory Footprint,java_order,java,order,inventory-go-twin:9082,inventory-go-twin:9082,2026-06-23 17:03:54,2026-06-23T11:33:54Z,1782214434,warmup,240.0,33370112.0,"{""__name__"": ""process_resident_memory_bytes""}"
1,A,RSS Memory Footprint,java_order,java,order,order-go-twin:9083,order-go-twin:9083,2026-06-23 17:03:54,2026-06-23T11:33:54Z,1782214434,warmup,240.0,35033088.0,"{""__name__"": ""process_resident_memory_bytes""}"
1,A,RSS Memory Footprint,java_order,java,order,warehouse-go:8084,warehouse-go:8084,2026-06-23 17:03:54,2026-06-23T11:33:54Z,1782214434,warmup,240.0,33054720.0,"{""__name__"": ""process_resident_memory_bytes""}"
1,A,RSS Memory Footprint,java_order,java,order,inventory-go-twin:9082,inventory-go-twin:9082,2026-06-23 17:04:09,2026-06-23T11:34:09Z,1782214449,warmup,255.0,33370112.0,"{""__name__"": ""process_resident_memory_bytes""}"
1,A,RSS Memory Footprint,java_order,java,order,order-go-twin:9083,order-go-twin:9083,2026-06-23 17:04:09,2026-06-23T11:34:09Z,1782214449,warmup,255.0,35033088.0,"{""__name__"": ""process_resident_memory_bytes""}"
1,A,RSS Memory Footprint,java_order,java,order,warehouse-go:8084,warehouse-go:8084,2026-06-23 17:04:09,2026-06-23T11:34:09Z,1782214449,warmup,255.0,32837632.0,"{""__name__"": ""process_resident_memory_bytes""}"
1,A,RSS Memory Footprint,java_order,java,order,inventory-go-twin:9082,inventory-go-twin:9082,2026-06-23 17:04:24,2026-06-23T11:34:24Z,1782214464,warmup,270.0,33370112.0,"{""__name__"": ""process_resident_memory_bytes""}"
1,A,RSS Memory Footprint,java_order,java,order,order-go-twin:9083,order-go-twin:9083,2026-06-23 17:04:24,2026-06-23T11:34:24Z,1782214464,warmup,270.0,35033088.0,"{""__name__"": ""process_resident_memory_bytes""}"
1,A,RSS Memory Footprint,java_order,java,order,warehouse-go:8084,warehouse-go:8084,2026-06-23 17:04:24,2026-06-23T11:34:24Z,1782214464,warmup,270.0,31883264.0,"{""__name__"": ""process_resident_memory_bytes""}"
1,A,RSS Memory Footprint,java_order,java,order,inventory-go-twin:9082,inventory-go-twin:9082,2026-06-23 17:04:39,2026-06-23T11:34:39Z,1782214479,warmup,285.0,33370112.0,"{""__name__"": ""process_resident_memory_bytes""}"
1,A,RSS Memory Footprint,java_order,java,order,order-go-twin:9083,order-go-twin:9083,2026-06-23 17:04:39,2026-06-23T11:34:39Z,1782214479,warmup,285.0,35033088.0,"{""__name__"": ""process_resident_memory_bytes""}"
1,A,RSS Memory Footprint,java_order,java,order,warehouse-go:8084,warehouse-go:8084,2026-06-23 17:04:39,2026-06-23T11:34:39Z,1782214479,warmup,285.0,31064064.0,"{""__name__"": ""process_resident_memory_bytes""}"
1,A,RSS Memory Footprint,java_order,java,order,inventory-go-twin:9082,inventory-go-twin:9082,2026-06-23 17:04:54,2026-06-23T11:34:54Z,1782214494,ramp_1,300.0,33370112.0,"{""__name__"": ""process_resident_memory_bytes""}"
1,A,RSS Memory Footprint,java_order,java,order,order-go-twin:9083,order-go-twin:9083,2026-06-23 17:04:54,2026-06-23T11:34:54Z,1782214494,ramp_1,300.0,35033088.0,"{""__name__"": ""process_resident_memory_bytes""}"
1,A,RSS Memory Footprint,java_order,java,order,warehouse-go:8084,warehouse-go:8084,2026-06-23 17:04:54,2026-06-23T11:34:54Z,1782214494,ramp_1,300.0,31887360.0,"{""__name__"": ""process_resident_memory_bytes""}"
1,A,RSS Memory Footprint,java_order,java,order,inventory-go-twin:9082,inventory-go-twin:9082,2026-06-23 17:05:09,2026-06-23T11:35:09Z,1782214509,ramp_1,315.0,32845824.0,"{""__name__"": ""process_resident_memory_bytes""}"
1,A,RSS Memory Footprint,java_order,java,order,order-go-twin:9083,order-go-twin:9083,2026-06-23 17:05:09,2026-06-23T11:35:09Z,1782214509,ramp_1,315.0,35033088.0,"{""__name__"": ""process_resident_memory_bytes""}"
1,A,RSS Memory Footprint,java_order,java,order,warehouse-go:8084,warehouse-go:8084,2026-06-23 17:05:09,2026-06-23T11:35:09Z,1782214509,ramp_1,315.0,32092160.0,"{""__name__"": ""process_resident_memory_bytes""}"
1,A,RSS Memory Footprint,java_order,java,order,inventory-go-twin:9082,inventory-go-twin:9082,2026-06-23 17:05:24,2026-06-23T11:35:24Z,1782214524,ramp_1,330.0,33370112.0,"{""__name__"": ""process_resident_memory_bytes""}"
1,A,RSS Memory Footprint,java_order,java,order,order-go-twin:9083,order-go-twin:9083,2026-06-23 17:05:24,2026-06-23T11:35:24Z,1782214524,ramp_1,330.0,35033088.0,"{""__name__"": ""process_resident_memory_bytes""}"
1,A,RSS Memory Footprint,java_order,java,order,warehouse-go:8084,warehouse-go:8084,2026-06-23 17:05:24,2026-06-23T11:35:24Z,1782214524,ramp_1,330.0,33374208.0,"{""__name__"": ""process_resident_memory_bytes""}"
1,A,RSS Memory Footprint,java_order,java,order,inventory-go-twin:9082,inventory-go-twin:9082,2026-06-23 17:05:39,2026-06-23T11:35:39Z,1782214539,ramp_1,345.0,33370112.0,"{""__name__"": ""process_resident_memory_bytes""}"
1,A,RSS Memory Footprint,java_order,java,order,order-go-twin:9083,order-go-twin:9083,2026-06-23 17:05:39,2026-06-23T11:35:39Z,1782214539,ramp_1,345.0,35033088.0,"{""__name__"": ""process_resident_memory_bytes""}"
1,A,RSS Memory Footprint,java_order,java,order,warehouse-go:8084,warehouse-go:8084,2026-06-23 17:05:39,2026-06-23T11:35:39Z,1782214539,ramp_1,345.0,31051776.0,"{""__name__"": ""process_resident_memory_bytes""}"
1,A,RSS Memory Footprint,java_order,java,order,inventory-go-twin:9082,inventory-go-twin:9082,2026-06-23 17:05:54,2026-06-23T11:35:54Z,1782214554,ramp_1,360.0,33370112.0,"{""__name__"": ""process_resident_memory_bytes""}"
1,A,RSS Memory Footprint,java_order,java,order,order-go-twin:9083,order-go-twin:9083,2026-06-23 17:05:54,2026-06-23T11:35:54Z,1782214554,ramp_1,360.0,35033088.0,"{""__name__"": ""process_resident_memory_bytes""}"
1,A,RSS Memory Footprint,java_order,java,order,warehouse-go:8084,warehouse-go:8084,2026-06-23 17:05:54,2026-06-23T11:35:54Z,1782214554,ramp_1,360.0,31191040.0,"{""__name__"": ""process_resident_memory_bytes""}"
1,A,RSS Memory Footprint,java_order,java,order,inventory-go-twin:9082,inventory-go-twin:9082,2026-06-23 17:06:09,2026-06-23T11:36:09Z,1782214569,ramp_1,375.0,33370112.0,"{""__name__"": ""process_resident_memory_bytes""}"
1,A,RSS Memory Footprint,java_order,java,order,order-go-twin:9083,order-go-twin:9083,2026-06-23 17:06:09,2026-06-23T11:36:09Z,1782214569,ramp_1,375.0,35033088.0,"{""__name__"": ""process_resident_memory_bytes""}"
1,A,RSS Memory Footprint,java_order,java,order,warehouse-go:8084,warehouse-go:8084,2026-06-23 17:06:09,2026-06-23T11:36:09Z,1782214569,ramp_1,375.0,31973376.0,"{""__name__"": ""process_resident_memory_bytes""}"
1,A,RSS Memory Footprint,java_order,java,order,inventory-go-twin:9082,inventory-go-twin:9082,2026-06-23 17:06:24,2026-06-23T11:36:24Z,1782214584,ramp_1,390.0,33370112.0,"{""__name__"": ""process_resident_memory_bytes""}"
1,A,RSS Memory Footprint,java_order,java,order,order-go-twin:9083,order-go-twin:9083,2026-06-23 17:06:24,2026-06-23T11:36:24Z,1782214584,ramp_1,390.0,35033088.0,"{""__name__"": ""process_resident_memory_bytes""}"
1,A,RSS Memory Footprint,java_order,java,order,warehouse-go:8084,warehouse-go:8084,2026-06-23 17:06:24,2026-06-23T11:36:24Z,1782214584,ramp_1,390.0,32051200.0,"{""__name__"": ""process_resident_memory_bytes""}"
1,A,RSS Memory Footprint,java_order,java,order,inventory-go-twin:9082,inventory-go-twin:9082,2026-06-23 17:06:39,2026-06-23T11:36:39Z,1782214599,ramp_1,405.0,33370112.0,"{""__name__"": ""process_resident_memory_bytes""}"
1,A,RSS Memory Footprint,java_order,java,order,order-go-twin:9083,order-go-twin:9083,2026-06-23 17:06:39,2026-06-23T11:36:39Z,1782214599,ramp_1,405.0,35033088.0,"{""__name__"": ""process_resident_memory_bytes""}"
1,A,RSS Memory Footprint,java_order,java,order,warehouse-go:8084,warehouse-go:8084,2026-06-23 17:06:39,2026-06-23T11:36:39Z,1782214599,ramp_1,405.0,32272384.0,"{""__name__"": ""process_resident_memory_bytes""}"
1,A,RSS Memory Footprint,java_order,java,order,inventory-go-twin:9082,inventory-go-twin:9082,2026-06-23 17:06:54,2026-06-23T11:36:54Z,1782214614,ramp_1,420.0,33239040.0,"{""__name__"": ""process_resident_memory_bytes""}"
1,A,RSS Memory Footprint,java_order,java,order,order-go-twin:9083,order-go-twin:9083,2026-06-23 17:06:54,2026-06-23T11:36:54Z,1782214614,ramp_1,420.0,35033088.0,"{""__name__"": ""process_resident_memory_bytes""}"
1,A,RSS Memory Footprint,java_order,java,order,warehouse-go:8084,warehouse-go:8084,2026-06-23 17:06:54,2026-06-23T11:36:54Z,1782214614,ramp_1,420.0,31592448.0,"{""__name__"": ""process_resident_memory_bytes""}"
1,A,RSS Memory Footprint,java_order,java,order,inventory-go-twin:9082,inventory-go-twin:9082,2026-06-23 17:07:09,2026-06-23T11:37:09Z,1782214629,ramp_1,435.0,33763328.0,"{""__name__"": ""process_resident_memory_bytes""}"
1,A,RSS Memory Footprint,java_order,java,order,order-go-twin:9083,order-go-twin:9083,2026-06-23 17:07:09,2026-06-23T11:37:09Z,1782214629,ramp_1,435.0,35033088.0,"{""__name__"": ""process_resident_memory_bytes""}"
1,A,RSS Memory Footprint,java_order,java,order,warehouse-go:8084,warehouse-go:8084,2026-06-23 17:07:09,2026-06-23T11:37:09Z,1782214629,ramp_1,435.0,31997952.0,"{""__name__"": ""process_resident_memory_bytes""}"
1,A,RSS Memory Footprint,java_order,java,order,inventory-go-twin:9082,inventory-go-twin:9082,2026-06-23 17:07:24,2026-06-23T11:37:24Z,1782214644,ramp_1,450.0,33599488.0,"{""__name__"": ""process_resident_memory_bytes""}"
1,A,RSS Memory Footprint,java_order,java,order,order-go-twin:9083,order-go-twin:9083,2026-06-23 17:07:24,2026-06-23T11:37:24Z,1782214644,ramp_1,450.0,35033088.0,"{""__name__"": ""process_resident_memory_bytes""}"
1,A,RSS Memory Footprint,java_order,java,order,warehouse-go:8084,warehouse-go:8084,2026-06-23 17:07:24,2026-06-23T11:37:24Z,1782214644,ramp_1,450.0,31989760.0,"{""__name__"": ""process_resident_memory_bytes""}"
1,A,RSS Memory Footprint,java_order,java,order,inventory-go-twin:9082,inventory-go-twin:9082,2026-06-23 17:07:39,2026-06-23T11:37:39Z,1782214659,ramp_1,465.0,33599488.0,"{""__name__"": ""process_resident_memory_bytes""}"
1,A,RSS Memory Footprint,java_order,java,order,order-go-twin:9083,order-go-twin:9083,2026-06-23 17:07:39,2026-06-23T11:37:39Z,1782214659,ramp_1,465.0,35033088.0,"{""__name__"": ""process_resident_memory_bytes""}"
1,A,RSS Memory Footprint,java_order,java,order,warehouse-go:8084,warehouse-go:8084,2026-06-23 17:07:39,2026-06-23T11:37:39Z,1782214659,ramp_1,465.0,32464896.0,"{""__name__"": ""process_resident_memory_bytes""}"
1,A,RSS Memory Footprint,java_order,java,order,inventory-go-twin:9082,inventory-go-twin:9082,2026-06-23 17:07:54,2026-06-23T11:37:54Z,1782214674,ramp_1,480.0,33599488.0,"{""__name__"": ""process_resident_memory_bytes""}"
1,A,RSS Memory Footprint,java_order,java,order,order-go-twin:9083,order-go-twin:9083,2026-06-23 17:07:54,2026-06-23T11:37:54Z,1782214674,ramp_1,480.0,35033088.0,"{""__name__"": ""process_resident_memory_bytes""}"
1,A,RSS Memory Footprint,java_order,java,order,warehouse-go:8084,warehouse-go:8084,2026-06-23 17:07:54,2026-06-23T11:37:54Z,1782214674,ramp_1,480.0,32825344.0,"{""__name__"": ""process_resident_memory_bytes""}"
1,A,RSS Memory Footprint,java_order,java,order,inventory-go-twin:9082,inventory-go-twin:9082,2026-06-23 17:08:09,2026-06-23T11:38:09Z,1782214689,ramp_1,495.0,33599488.0,"{""__name__"": ""process_resident_memory_bytes""}"
1,A,RSS Memory Footprint,java_order,java,order,order-go-twin:9083,order-go-twin:9083,2026-06-23 17:08:09,2026-06-23T11:38:09Z,1782214689,ramp_1,495.0,35033088.0,"{""__name__"": ""process_resident_memory_bytes""}"
1,A,RSS Memory Footprint,java_order,java,order,warehouse-go:8084,warehouse-go:8084,2026-06-23 17:08:09,2026-06-23T11:38:09Z,1782214689,ramp_1,495.0,32215040.0,"{""__name__"": ""process_resident_memory_bytes""}"
1,A,RSS Memory Footprint,java_order,java,order,inventory-go-twin:9082,inventory-go-twin:9082,2026-06-23 17:08:24,2026-06-23T11:38:24Z,1782214704,ramp_1,510.0,33275904.0,"{""__name__"": ""process_resident_memory_bytes""}"
1,A,RSS Memory Footprint,java_order,java,order,order-go-twin:9083,order-go-twin:9083,2026-06-23 17:08:24,2026-06-23T11:38:24Z,1782214704,ramp_1,510.0,35033088.0,"{""__name__"": ""process_resident_memory_bytes""}"
1,A,RSS Memory Footprint,java_order,java,order,warehouse-go:8084,warehouse-go:8084,2026-06-23 17:08:24,2026-06-23T11:38:24Z,1782214704,ramp_1,510.0,32485376.0,"{""__name__"": ""process_resident_memory_bytes""}"
1,A,RSS Memory Footprint,java_order,java,order,inventory-go-twin:9082,inventory-go-twin:9082,2026-06-23 17:08:39,2026-06-23T11:38:39Z,1782214719,ramp_1,525.0,33931264.0,"{""__name__"": ""process_resident_memory_bytes""}"
1,A,RSS Memory Footprint,java_order,java,order,order-go-twin:9083,order-go-twin:9083,2026-06-23 17:08:39,2026-06-23T11:38:39Z,1782214719,ramp_1,525.0,35033088.0,"{""__name__"": ""process_resident_memory_bytes""}"
1,A,RSS Memory Footprint,java_order,java,order,warehouse-go:8084,warehouse-go:8084,2026-06-23 17:08:39,2026-06-23T11:38:39Z,1782214719,ramp_1,525.0,32911360.0,"{""__name__"": ""process_resident_memory_bytes""}"
1,A,RSS Memory Footprint,java_order,java,order,inventory-go-twin:9082,inventory-go-twin:9082,2026-06-23 17:08:54,2026-06-23T11:38:54Z,1782214734,ramp_1,540.0,33931264.0,"{""__name__"": ""process_resident_memory_bytes""}"
1,A,RSS Memory Footprint,java_order,java,order,order-go-twin:9083,order-go-twin:9083,2026-06-23 17:08:54,2026-06-23T11:38:54Z,1782214734,ramp_1,540.0,35688448.0,"{""__name__"": ""process_resident_memory_bytes""}"
1,A,RSS Memory Footprint,java_order,java,order,warehouse-go:8084,warehouse-go:8084,2026-06-23 17:08:54,2026-06-23T11:38:54Z,1782214734,ramp_1,540.0,32387072.0,"{""__name__"": ""process_resident_memory_bytes""}"
1,A,RSS Memory Footprint,java_order,java,order,inventory-go-twin:9082,inventory-go-twin:9082,2026-06-23 17:09:09,2026-06-23T11:39:09Z,1782214749,ramp_1,555.0,33628160.0,"{""__name__"": ""process_resident_memory_bytes""}"
1,A,RSS Memory Footprint,java_order,java,order,order-go-twin:9083,order-go-twin:9083,2026-06-23 17:09:09,2026-06-23T11:39:09Z,1782214749,ramp_1,555.0,35688448.0,"{""__name__"": ""process_resident_memory_bytes""}"
1,A,RSS Memory Footprint,java_order,java,order,warehouse-go:8084,warehouse-go:8084,2026-06-23 17:09:09,2026-06-23T11:39:09Z,1782214749,ramp_1,555.0,32501760.0,"{""__name__"": ""process_resident_memory_bytes""}"
1,A,RSS Memory Footprint,java_order,java,order,inventory-go-twin:9082,inventory-go-twin:9082,2026-06-23 17:09:24,2026-06-23T11:39:24Z,1782214764,ramp_1,570.0,33628160.0,"{""__name__"": ""process_resident_memory_bytes""}"
1,A,RSS Memory Footprint,java_order,java,order,order-go-twin:9083,order-go-twin:9083,2026-06-23 17:09:24,2026-06-23T11:39:24Z,1782214764,ramp_1,570.0,35688448.0,"{""__name__"": ""process_resident_memory_bytes""}"
1,A,RSS Memory Footprint,java_order,java,order,warehouse-go:8084,warehouse-go:8084,2026-06-23 17:09:24,2026-06-23T11:39:24Z,1782214764,ramp_1,570.0,32509952.0,"{""__name__"": ""process_resident_memory_bytes""}"
1,A,RSS Memory Footprint,java_order,java,order,inventory-go-twin:9082,inventory-go-twin:9082,2026-06-23 17:09:39,2026-06-23T11:39:39Z,1782214779,ramp_1,585.0,33234944.0,"{""__name__"": ""process_resident_memory_bytes""}"
1,A,RSS Memory Footprint,java_order,java,order,order-go-twin:9083,order-go-twin:9083,2026-06-23 17:09:39,2026-06-23T11:39:39Z,1782214779,ramp_1,585.0,35688448.0,"{""__name__"": ""process_resident_memory_bytes""}"
1,A,RSS Memory Footprint,java_order,java,order,warehouse-go:8084,warehouse-go:8084,2026-06-23 17:09:39,2026-06-23T11:39:39Z,1782214779,ramp_1,585.0,32862208.0,"{""__name__"": ""process_resident_memory_bytes""}"
1,A,RSS Memory Footprint,java_order,java,order,inventory-go-twin:9082,inventory-go-twin:9082,2026-06-23 17:09:54,2026-06-23T11:39:54Z,1782214794,ramp_2,600.0,33234944.0,"{""__name__"": ""process_resident_memory_bytes""}"
1,A,RSS Memory Footprint,java_order,java,order,order-go-twin:9083,order-go-twin:9083,2026-06-23 17:09:54,2026-06-23T11:39:54Z,1782214794,ramp_2,600.0,35688448.0,"{""__name__"": ""process_resident_memory_bytes""}"
1,A,RSS Memory Footprint,java_order,java,order,warehouse-go:8084,warehouse-go:8084,2026-06-23 17:09:54,2026-06-23T11:39:54Z,1782214794,ramp_2,600.0,32964608.0,"{""__name__"": ""process_resident_memory_bytes""}"
1,A,RSS Memory Footprint,java_order,java,order,inventory-go-twin:9082,inventory-go-twin:9082,2026-06-23 17:10:09,2026-06-23T11:40:09Z,1782214809,ramp_2,615.0,33234944.0,"{""__name__"": ""process_resident_memory_bytes""}"
1,A,RSS Memory Footprint,java_order,java,order,order-go-twin:9083,order-go-twin:9083,2026-06-23 17:10:09,2026-06-23T11:40:09Z,1782214809,ramp_2,615.0,35688448.0,"{""__name__"": ""process_resident_memory_bytes""}"
1,A,RSS Memory Footprint,java_order,java,order,warehouse-go:8084,warehouse-go:8084,2026-06-23 17:10:09,2026-06-23T11:40:09Z,1782214809,ramp_2,615.0,33038336.0,"{""__name__"": ""process_resident_memory_bytes""}"
1,A,RSS Memory Footprint,java_order,java,order,inventory-go-twin:9082,inventory-go-twin:9082,2026-06-23 17:10:24,2026-06-23T11:40:24Z,1782214824,ramp_2,630.0,33234944.0,"{""__name__"": ""process_resident_memory_bytes""}"
1,A,RSS Memory Footprint,java_order,java,order,order-go-twin:9083,order-go-twin:9083,2026-06-23 17:10:24,2026-06-23T11:40:24Z,1782214824,ramp_2,630.0,35688448.0,"{""__name__"": ""process_resident_memory_bytes""}"
1,A,RSS Memory Footprint,java_order,java,order,warehouse-go:8084,warehouse-go:8084,2026-06-23 17:10:24,2026-06-23T11:40:24Z,1782214824,ramp_2,630.0,34435072.0,"{""__name__"": ""process_resident_memory_bytes""}"
1,A,RSS Memory Footprint,java_order,java,order,inventory-go-twin:9082,inventory-go-twin:9082,2026-06-23 17:10:39,2026-06-23T11:40:39Z,1782214839,ramp_2,645.0,33497088.0,"{""__name__"": ""process_resident_memory_bytes""}"
1,A,RSS Memory Footprint,java_order,java,order,order-go-twin:9083,order-go-twin:9083,2026-06-23 17:10:39,2026-06-23T11:40:39Z,1782214839,ramp_2,645.0,35270656.0,"{""__name__"": ""process_resident_memory_bytes""}"
1,A,RSS Memory Footprint,java_order,java,order,warehouse-go:8084,warehouse-go:8084,2026-06-23 17:10:39,2026-06-23T11:40:39Z,1782214839,ramp_2,645.0,33124352.0,"{""__name__"": ""process_resident_memory_bytes""}"
1,A,RSS Memory Footprint,java_order,java,order,inventory-go-twin:9082,inventory-go-twin:9082,2026-06-23 17:10:54,2026-06-23T11:40:54Z,1782214854,ramp_2,660.0,33497088.0,"{""__name__"": ""process_resident_memory_bytes""}"
1,A,RSS Memory Footprint,java_order,java,order,order-go-twin:9083,order-go-twin:9083,2026-06-23 17:10:54,2026-06-23T11:40:54Z,1782214854,ramp_2,660.0,35270656.0,"{""__name__"": ""process_resident_memory_bytes""}"
1,A,RSS Memory Footprint,java_order,java,order,warehouse-go:8084,warehouse-go:8084,2026-06-23 17:10:54,2026-06-23T11:40:54Z,1782214854,ramp_2,660.0,32997376.0,"{""__name__"": ""process_resident_memory_bytes""}"
1,A,RSS Memory Footprint,java_order,java,order,inventory-go-twin:9082,inventory-go-twin:9082,2026-06-23 17:11:09,2026-06-23T11:41:09Z,1782214869,ramp_2,675.0,33497088.0,"{""__name__"": ""process_resident_memory_bytes""}"
1,A,RSS Memory Footprint,java_order,java,order,order-go-twin:9083,order-go-twin:9083,2026-06-23 17:11:09,2026-06-23T11:41:09Z,1782214869,ramp_2,675.0,35270656.0,"{""__name__"": ""process_resident_memory_bytes""}"
1,A,RSS Memory Footprint,java_order,java,order,warehouse-go:8084,warehouse-go:8084,2026-06-23 17:11:09,2026-06-23T11:41:09Z,1782214869,ramp_2,675.0,32948224.0,"{""__name__"": ""process_resident_memory_bytes""}"
1,A,RSS Memory Footprint,java_order,java,order,inventory-go-twin:9082,inventory-go-twin:9082,2026-06-23 17:11:24,2026-06-23T11:41:24Z,1782214884,ramp_2,690.0,33071104.0,"{""__name__"": ""process_resident_memory_bytes""}"
1,A,RSS Memory Footprint,java_order,java,order,order-go-twin:9083,order-go-twin:9083,2026-06-23 17:11:24,2026-06-23T11:41:24Z,1782214884,ramp_2,690.0,35270656.0,"{""__name__"": ""process_resident_memory_bytes""}"
1,A,RSS Memory Footprint,java_order,java,order,warehouse-go:8084,warehouse-go:8084,2026-06-23 17:11:24,2026-06-23T11:41:24Z,1782214884,ramp_2,690.0,33562624.0,"{""__name__"": ""process_resident_memory_bytes""}"
1,A,RSS Memory Footprint,java_order,java,order,inventory-go-twin:9082,inventory-go-twin:9082,2026-06-23 17:11:39,2026-06-23T11:41:39Z,1782214899,ramp_2,705.0,33071104.0,"{""__name__"": ""process_resident_memory_bytes""}"
1,A,RSS Memory Footprint,java_order,java,order,order-go-twin:9083,order-go-twin:9083,2026-06-23 17:11:39,2026-06-23T11:41:39Z,1782214899,ramp_2,705.0,35270656.0,"{""__name__"": ""process_resident_memory_bytes""}"
1,A,RSS Memory Footprint,java_order,java,order,warehouse-go:8084,warehouse-go:8084,2026-06-23 17:11:39,2026-06-23T11:41:39Z,1782214899,ramp_2,705.0,33918976.0,"{""__name__"": ""process_resident_memory_bytes""}"
1,A,RSS Memory Footprint,java_order,java,order,inventory-go-twin:9082,inventory-go-twin:9082,2026-06-23 17:11:54,2026-06-23T11:41:54Z,1782214914,ramp_2,720.0,33071104.0,"{""__name__"": ""process_resident_memory_bytes""}"
1,A,RSS Memory Footprint,java_order,java,order,order-go-twin:9083,order-go-twin:9083,2026-06-23 17:11:54,2026-06-23T11:41:54Z,1782214914,ramp_2,720.0,35270656.0,"{""__name__"": ""process_resident_memory_bytes""}"
1,A,RSS Memory Footprint,java_order,java,order,warehouse-go:8084,warehouse-go:8084,2026-06-23 17:11:54,2026-06-23T11:41:54Z,1782214914,ramp_2,720.0,33845248.0,"{""__name__"": ""process_resident_memory_bytes""}"
1,A,RSS Memory Footprint,java_order,java,order,inventory-go-twin:9082,inventory-go-twin:9082,2026-06-23 17:12:09,2026-06-23T11:42:09Z,1782214929,ramp_2,735.0,33071104.0,"{""__name__"": ""process_resident_memory_bytes""}"
1,A,RSS Memory Footprint,java_order,java,order,order-go-twin:9083,order-go-twin:9083,2026-06-23 17:12:09,2026-06-23T11:42:09Z,1782214929,ramp_2,735.0,35270656.0,"{""__name__"": ""process_resident_memory_bytes""}"
1,A,RSS Memory Footprint,java_order,java,order,warehouse-go:8084,warehouse-go:8084,2026-06-23 17:12:09,2026-06-23T11:42:09Z,1782214929,ramp_2,735.0,34770944.0,"{""__name__"": ""process_resident_memory_bytes""}"
1,A,RSS Memory Footprint,java_order,java,order,inventory-go-twin:9082,inventory-go-twin:9082,2026-06-23 17:12:24,2026-06-23T11:42:24Z,1782214944,ramp_2,750.0,33464320.0,"{""__name__"": ""process_resident_memory_bytes""}"
1,A,RSS Memory Footprint,java_order,java,order,order-go-twin:9083,order-go-twin:9083,2026-06-23 17:12:24,2026-06-23T11:42:24Z,1782214944,ramp_2,750.0,35270656.0,"{""__name__"": ""process_resident_memory_bytes""}"
1,A,RSS Memory Footprint,java_order,java,order,warehouse-go:8084,warehouse-go:8084,2026-06-23 17:12:24,2026-06-23T11:42:24Z,1782214944,ramp_2,750.0,35221504.0,"{""__name__"": ""process_resident_memory_bytes""}"
1,A,RSS Memory Footprint,java_order,java,order,inventory-go-twin:9082,inventory-go-twin:9082,2026-06-23 17:12:39,2026-06-23T11:42:39Z,1782214959,ramp_2,765.0,33464320.0,"{""__name__"": ""process_resident_memory_bytes""}"
1,A,RSS Memory Footprint,java_order,java,order,order-go-twin:9083,order-go-twin:9083,2026-06-23 17:12:39,2026-06-23T11:42:39Z,1782214959,ramp_2,765.0,35270656.0,"{""__name__"": ""process_resident_memory_bytes""}"
1,A,RSS Memory Footprint,java_order,java,order,warehouse-go:8084,warehouse-go:8084,2026-06-23 17:12:39,2026-06-23T11:42:39Z,1782214959,ramp_2,765.0,34709504.0,"{""__name__"": ""process_resident_memory_bytes""}"
1,A,RSS Memory Footprint,java_order,java,order,inventory-go-twin:9082,inventory-go-twin:9082,2026-06-23 17:12:54,2026-06-23T11:42:54Z,1782214974,ramp_2,780.0,32940032.0,"{""__name__"": ""process_resident_memory_bytes""}"
1,A,RSS Memory Footprint,java_order,java,order,order-go-twin:9083,order-go-twin:9083,2026-06-23 17:12:54,2026-06-23T11:42:54Z,1782214974,ramp_2,780.0,35139584.0,"{""__name__"": ""process_resident_memory_bytes""}"
1,A,RSS Memory Footprint,java_order,java,order,warehouse-go:8084,warehouse-go:8084,2026-06-23 17:12:54,2026-06-23T11:42:54Z,1782214974,ramp_2,780.0,34516992.0,"{""__name__"": ""process_resident_memory_bytes""}"
1,A,RSS Memory Footprint,java_order,java,order,inventory-go-twin:9082,inventory-go-twin:9082,2026-06-23 17:13:09,2026-06-23T11:43:09Z,1782214989,ramp_2,795.0,32940032.0,"{""__name__"": ""process_resident_memory_bytes""}"
1,A,RSS Memory Footprint,java_order,java,order,order-go-twin:9083,order-go-twin:9083,2026-06-23 17:13:09,2026-06-23T11:43:09Z,1782214989,ramp_2,795.0,35794944.0,"{""__name__"": ""process_resident_memory_bytes""}"
1,A,RSS Memory Footprint,java_order,java,order,warehouse-go:8084,warehouse-go:8084,2026-06-23 17:13:09,2026-06-23T11:43:09Z,1782214989,ramp_2,795.0,34680832.0,"{""__name__"": ""process_resident_memory_bytes""}"
1,A,RSS Memory Footprint,java_order,java,order,inventory-go-twin:9082,inventory-go-twin:9082,2026-06-23 17:13:24,2026-06-23T11:43:24Z,1782215004,ramp_2,810.0,32940032.0,"{""__name__"": ""process_resident_memory_bytes""}"
1,A,RSS Memory Footprint,java_order,java,order,order-go-twin:9083,order-go-twin:9083,2026-06-23 17:13:24,2026-06-23T11:43:24Z,1782215004,ramp_2,810.0,35794944.0,"{""__name__"": ""process_resident_memory_bytes""}"
1,A,RSS Memory Footprint,java_order,java,order,warehouse-go:8084,warehouse-go:8084,2026-06-23 17:13:24,2026-06-23T11:43:24Z,1782215004,ramp_2,810.0,34938880.0,"{""__name__"": ""process_resident_memory_bytes""}"
1,A,RSS Memory Footprint,java_order,java,order,inventory-go-twin:9082,inventory-go-twin:9082,2026-06-23 17:13:39,2026-06-23T11:43:39Z,1782215019,ramp_2,825.0,32940032.0,"{""__name__"": ""process_resident_memory_bytes""}"
1,A,RSS Memory Footprint,java_order,java,order,order-go-twin:9083,order-go-twin:9083,2026-06-23 17:13:39,2026-06-23T11:43:39Z,1782215019,ramp_2,825.0,35139584.0,"{""__name__"": ""process_resident_memory_bytes""}"
1,A,RSS Memory Footprint,java_order,java,order,warehouse-go:8084,warehouse-go:8084,2026-06-23 17:13:39,2026-06-23T11:43:39Z,1782215019,ramp_2,825.0,35258368.0,"{""__name__"": ""process_resident_memory_bytes""}"
1,A,RSS Memory Footprint,java_order,java,order,inventory-go-twin:9082,inventory-go-twin:9082,2026-06-23 17:13:54,2026-06-23T11:43:54Z,1782215034,ramp_2,840.0,33202176.0,"{""__name__"": ""process_resident_memory_bytes""}"
1,A,RSS Memory Footprint,java_order,java,order,order-go-twin:9083,order-go-twin:9083,2026-06-23 17:13:54,2026-06-23T11:43:54Z,1782215034,ramp_2,840.0,35139584.0,"{""__name__"": ""process_resident_memory_bytes""}"
1,A,RSS Memory Footprint,java_order,java,order,warehouse-go:8084,warehouse-go:8084,2026-06-23 17:13:54,2026-06-23T11:43:54Z,1782215034,ramp_2,840.0,36806656.0,"{""__name__"": ""process_resident_memory_bytes""}"
1,A,RSS Memory Footprint,java_order,java,order,inventory-go-twin:9082,inventory-go-twin:9082,2026-06-23 17:14:09,2026-06-23T11:44:09Z,1782215049,ramp_2,855.0,33202176.0,"{""__name__"": ""process_resident_memory_bytes""}"
1,A,RSS Memory Footprint,java_order,java,order,order-go-twin:9083,order-go-twin:9083,2026-06-23 17:14:09,2026-06-23T11:44:09Z,1782215049,ramp_2,855.0,35139584.0,"{""__name__"": ""process_resident_memory_bytes""}"
1,A,RSS Memory Footprint,java_order,java,order,warehouse-go:8084,warehouse-go:8084,2026-06-23 17:14:09,2026-06-23T11:44:09Z,1782215049,ramp_2,855.0,37081088.0,"{""__name__"": ""process_resident_memory_bytes""}"
1,A,RSS Memory Footprint,java_order,java,order,inventory-go-twin:9082,inventory-go-twin:9082,2026-06-23 17:14:24,2026-06-23T11:44:24Z,1782215064,ramp_2,870.0,32927744.0,"{""__name__"": ""process_resident_memory_bytes""}"
1,A,RSS Memory Footprint,java_order,java,order,order-go-twin:9083,order-go-twin:9083,2026-06-23 17:14:24,2026-06-23T11:44:24Z,1782215064,ramp_2,870.0,35139584.0,"{""__name__"": ""process_resident_memory_bytes""}"
1,A,RSS Memory Footprint,java_order,java,order,warehouse-go:8084,warehouse-go:8084,2026-06-23 17:14:24,2026-06-23T11:44:24Z,1782215064,ramp_2,870.0,37310464.0,"{""__name__"": ""process_resident_memory_bytes""}"
1,A,RSS Memory Footprint,java_order,java,order,inventory-go-twin:9082,inventory-go-twin:9082,2026-06-23 17:14:39,2026-06-23T11:44:39Z,1782215079,ramp_2,885.0,32927744.0,"{""__name__"": ""process_resident_memory_bytes""}"
1,A,RSS Memory Footprint,java_order,java,order,order-go-twin:9083,order-go-twin:9083,2026-06-23 17:14:39,2026-06-23T11:44:39Z,1782215079,ramp_2,885.0,35139584.0,"{""__name__"": ""process_resident_memory_bytes""}"
1,A,RSS Memory Footprint,java_order,java,order,warehouse-go:8084,warehouse-go:8084,2026-06-23 17:14:39,2026-06-23T11:44:39Z,1782215079,ramp_2,885.0,37498880.0,"{""__name__"": ""process_resident_memory_bytes""}"
1,A,RSS Memory Footprint,java_order,java,order,inventory-go-twin:9082,inventory-go-twin:9082,2026-06-23 17:14:54,2026-06-23T11:44:54Z,1782215094,ramp_3,900.0,32927744.0,"{""__name__"": ""process_resident_memory_bytes""}"
1,A,RSS Memory Footprint,java_order,java,order,order-go-twin:9083,order-go-twin:9083,2026-06-23 17:14:54,2026-06-23T11:44:54Z,1782215094,ramp_3,900.0,35139584.0,"{""__name__"": ""process_resident_memory_bytes""}"
1,A,RSS Memory Footprint,java_order,java,order,warehouse-go:8084,warehouse-go:8084,2026-06-23 17:14:54,2026-06-23T11:44:54Z,1782215094,ramp_3,900.0,36823040.0,"{""__name__"": ""process_resident_memory_bytes""}"
1,A,RSS Memory Footprint,java_order,java,order,inventory-go-twin:9082,inventory-go-twin:9082,2026-06-23 17:15:09,2026-06-23T11:45:09Z,1782215109,ramp_3,915.0,32927744.0,"{""__name__"": ""process_resident_memory_bytes""}"
1,A,RSS Memory Footprint,java_order,java,order,order-go-twin:9083,order-go-twin:9083,2026-06-23 17:15:09,2026-06-23T11:45:09Z,1782215109,ramp_3,915.0,35139584.0,"{""__name__"": ""process_resident_memory_bytes""}"
1,A,RSS Memory Footprint,java_order,java,order,warehouse-go:8084,warehouse-go:8084,2026-06-23 17:15:09,2026-06-23T11:45:09Z,1782215109,ramp_3,915.0,38264832.0,"{""__name__"": ""process_resident_memory_bytes""}"
1,A,RSS Memory Footprint,java_order,java,order,inventory-go-twin:9082,inventory-go-twin:9082,2026-06-23 17:15:24,2026-06-23T11:45:24Z,1782215124,ramp_3,930.0,32927744.0,"{""__name__"": ""process_resident_memory_bytes""}"
1,A,RSS Memory Footprint,java_order,java,order,order-go-twin:9083,order-go-twin:9083,2026-06-23 17:15:24,2026-06-23T11:45:24Z,1782215124,ramp_3,930.0,35139584.0,"{""__name__"": ""process_resident_memory_bytes""}"
1,A,RSS Memory Footprint,java_order,java,order,warehouse-go:8084,warehouse-go:8084,2026-06-23 17:15:24,2026-06-23T11:45:24Z,1782215124,ramp_3,930.0,36737024.0,"{""__name__"": ""process_resident_memory_bytes""}"
1,A,RSS Memory Footprint,java_order,java,order,inventory-go-twin:9082,inventory-go-twin:9082,2026-06-23 17:15:39,2026-06-23T11:45:39Z,1782215139,ramp_3,945.0,32927744.0,"{""__name__"": ""process_resident_memory_bytes""}"
1,A,RSS Memory Footprint,java_order,java,order,order-go-twin:9083,order-go-twin:9083,2026-06-23 17:15:39,2026-06-23T11:45:39Z,1782215139,ramp_3,945.0,35139584.0,"{""__name__"": ""process_resident_memory_bytes""}"
1,A,RSS Memory Footprint,java_order,java,order,warehouse-go:8084,warehouse-go:8084,2026-06-23 17:15:39,2026-06-23T11:45:39Z,1782215139,ramp_3,945.0,36978688.0,"{""__name__"": ""process_resident_memory_bytes""}"
1,A,RSS Memory Footprint,java_order,java,order,inventory-go-twin:9082,inventory-go-twin:9082,2026-06-23 17:15:54,2026-06-23T11:45:54Z,1782215154,ramp_3,960.0,32927744.0,"{""__name__"": ""process_resident_memory_bytes""}"
1,A,RSS Memory Footprint,java_order,java,order,order-go-twin:9083,order-go-twin:9083,2026-06-23 17:15:54,2026-06-23T11:45:54Z,1782215154,ramp_3,960.0,35270656.0,"{""__name__"": ""process_resident_memory_bytes""}"
1,A,RSS Memory Footprint,java_order,java,order,warehouse-go:8084,warehouse-go:8084,2026-06-23 17:15:54,2026-06-23T11:45:54Z,1782215154,ramp_3,960.0,37068800.0,"{""__name__"": ""process_resident_memory_bytes""}"
1,A,RSS Memory Footprint,java_order,java,order,inventory-go-twin:9082,inventory-go-twin:9082,2026-06-23 17:16:09,2026-06-23T11:46:09Z,1782215169,ramp_3,975.0,32927744.0,"{""__name__"": ""process_resident_memory_bytes""}"
1,A,RSS Memory Footprint,java_order,java,order,order-go-twin:9083,order-go-twin:9083,2026-06-23 17:16:09,2026-06-23T11:46:09Z,1782215169,ramp_3,975.0,35270656.0,"{""__name__"": ""process_resident_memory_bytes""}"
1,A,RSS Memory Footprint,java_order,java,order,warehouse-go:8084,warehouse-go:8084,2026-06-23 17:16:09,2026-06-23T11:46:09Z,1782215169,ramp_3,975.0,37842944.0,"{""__name__"": ""process_resident_memory_bytes""}"
1,A,RSS Memory Footprint,java_order,java,order,inventory-go-twin:9082,inventory-go-twin:9082,2026-06-23 17:16:24,2026-06-23T11:46:24Z,1782215184,ramp_3,990.0,32927744.0,"{""__name__"": ""process_resident_memory_bytes""}"
1,A,RSS Memory Footprint,java_order,java,order,order-go-twin:9083,order-go-twin:9083,2026-06-23 17:16:24,2026-06-23T11:46:24Z,1782215184,ramp_3,990.0,35270656.0,"{""__name__"": ""process_resident_memory_bytes""}"
1,A,RSS Memory Footprint,java_order,java,order,warehouse-go:8084,warehouse-go:8084,2026-06-23 17:16:24,2026-06-23T11:46:24Z,1782215184,ramp_3,990.0,37859328.0,"{""__name__"": ""process_resident_memory_bytes""}"
1,A,RSS Memory Footprint,java_order,java,order,inventory-go-twin:9082,inventory-go-twin:9082,2026-06-23 17:16:39,2026-06-23T11:46:39Z,1782215199,ramp_3,1005.0,33058816.0,"{""__name__"": ""process_resident_memory_bytes""}"
1,A,RSS Memory Footprint,java_order,java,order,order-go-twin:9083,order-go-twin:9083,2026-06-23 17:16:39,2026-06-23T11:46:39Z,1782215199,ramp_3,1005.0,35270656.0,"{""__name__"": ""process_resident_memory_bytes""}"
1,A,RSS Memory Footprint,java_order,java,order,warehouse-go:8084,warehouse-go:8084,2026-06-23 17:16:39,2026-06-23T11:46:39Z,1782215199,ramp_3,1005.0,37924864.0,"{""__name__"": ""process_resident_memory_bytes""}"
1,A,RSS Memory Footprint,java_order,java,order,inventory-go-twin:9082,inventory-go-twin:9082,2026-06-23 17:16:54,2026-06-23T11:46:54Z,1782215214,ramp_3,1020.0,33058816.0,"{""__name__"": ""process_resident_memory_bytes""}"
1,A,RSS Memory Footprint,java_order,java,order,order-go-twin:9083,order-go-twin:9083,2026-06-23 17:16:54,2026-06-23T11:46:54Z,1782215214,ramp_3,1020.0,35270656.0,"{""__name__"": ""process_resident_memory_bytes""}"
1,A,RSS Memory Footprint,java_order,java,order,warehouse-go:8084,warehouse-go:8084,2026-06-23 17:16:54,2026-06-23T11:46:54Z,1782215214,ramp_3,1020.0,37036032.0,"{""__name__"": ""process_resident_memory_bytes""}"
1,A,RSS Memory Footprint,java_order,java,order,inventory-go-twin:9082,inventory-go-twin:9082,2026-06-23 17:17:09,2026-06-23T11:47:09Z,1782215229,ramp_3,1035.0,33058816.0,"{""__name__"": ""process_resident_memory_bytes""}"
1,A,RSS Memory Footprint,java_order,java,order,order-go-twin:9083,order-go-twin:9083,2026-06-23 17:17:09,2026-06-23T11:47:09Z,1782215229,ramp_3,1035.0,35270656.0,"{""__name__"": ""process_resident_memory_bytes""}"
1,A,RSS Memory Footprint,java_order,java,order,warehouse-go:8084,warehouse-go:8084,2026-06-23 17:17:09,2026-06-23T11:47:09Z,1782215229,ramp_3,1035.0,38039552.0,"{""__name__"": ""process_resident_memory_bytes""}"
1,A,RSS Memory Footprint,java_order,java,order,inventory-go-twin:9082,inventory-go-twin:9082,2026-06-23 17:17:24,2026-06-23T11:47:24Z,1782215244,ramp_3,1050.0,33058816.0,"{""__name__"": ""process_resident_memory_bytes""}"
1,A,RSS Memory Footprint,java_order,java,order,order-go-twin:9083,order-go-twin:9083,2026-06-23 17:17:24,2026-06-23T11:47:24Z,1782215244,ramp_3,1050.0,35270656.0,"{""__name__"": ""process_resident_memory_bytes""}"
1,A,RSS Memory Footprint,java_order,java,order,warehouse-go:8084,warehouse-go:8084,2026-06-23 17:17:24,2026-06-23T11:47:24Z,1782215244,ramp_3,1050.0,36663296.0,"{""__name__"": ""process_resident_memory_bytes""}"
1,A,RSS Memory Footprint,java_order,java,order,inventory-go-twin:9082,inventory-go-twin:9082,2026-06-23 17:17:39,2026-06-23T11:47:39Z,1782215259,ramp_3,1065.0,33058816.0,"{""__name__"": ""process_resident_memory_bytes""}"
1,A,RSS Memory Footprint,java_order,java,order,order-go-twin:9083,order-go-twin:9083,2026-06-23 17:17:39,2026-06-23T11:47:39Z,1782215259,ramp_3,1065.0,35270656.0,"{""__name__"": ""process_resident_memory_bytes""}"
1,A,RSS Memory Footprint,java_order,java,order,warehouse-go:8084,warehouse-go:8084,2026-06-23 17:17:39,2026-06-23T11:47:39Z,1782215259,ramp_3,1065.0,37777408.0,"{""__name__"": ""process_resident_memory_bytes""}"
1,A,RSS Memory Footprint,java_order,java,order,inventory-go-twin:9082,inventory-go-twin:9082,2026-06-23 17:17:54,2026-06-23T11:47:54Z,1782215274,ramp_3,1080.0,33058816.0,"{""__name__"": ""process_resident_memory_bytes""}"
1,A,RSS Memory Footprint,java_order,java,order,order-go-twin:9083,order-go-twin:9083,2026-06-23 17:17:54,2026-06-23T11:47:54Z,1782215274,ramp_3,1080.0,35270656.0,"{""__name__"": ""process_resident_memory_bytes""}"
1,A,RSS Memory Footprint,java_order,java,order,warehouse-go:8084,warehouse-go:8084,2026-06-23 17:17:54,2026-06-23T11:47:54Z,1782215274,ramp_3,1080.0,37912576.0,"{""__name__"": ""process_resident_memory_bytes""}"
1,A,RSS Memory Footprint,java_order,java,order,inventory-go-twin:9082,inventory-go-twin:9082,2026-06-23 17:18:09,2026-06-23T11:48:09Z,1782215289,ramp_3,1095.0,33058816.0,"{""__name__"": ""process_resident_memory_bytes""}"
1,A,RSS Memory Footprint,java_order,java,order,order-go-twin:9083,order-go-twin:9083,2026-06-23 17:18:09,2026-06-23T11:48:09Z,1782215289,ramp_3,1095.0,35270656.0,"{""__name__"": ""process_resident_memory_bytes""}"
1,A,RSS Memory Footprint,java_order,java,order,warehouse-go:8084,warehouse-go:8084,2026-06-23 17:18:09,2026-06-23T11:48:09Z,1782215289,ramp_3,1095.0,36806656.0,"{""__name__"": ""process_resident_memory_bytes""}"
1,A,RSS Memory Footprint,java_order,java,order,inventory-go-twin:9082,inventory-go-twin:9082,2026-06-23 17:18:24,2026-06-23T11:48:24Z,1782215304,ramp_3,1110.0,33058816.0,"{""__name__"": ""process_resident_memory_bytes""}"
1,A,RSS Memory Footprint,java_order,java,order,order-go-twin:9083,order-go-twin:9083,2026-06-23 17:18:24,2026-06-23T11:48:24Z,1782215304,ramp_3,1110.0,35270656.0,"{""__name__"": ""process_resident_memory_bytes""}"
1,A,RSS Memory Footprint,java_order,java,order,warehouse-go:8084,warehouse-go:8084,2026-06-23 17:18:24,2026-06-23T11:48:24Z,1782215304,ramp_3,1110.0,37376000.0,"{""__name__"": ""process_resident_memory_bytes""}"
1,A,RSS Memory Footprint,java_order,java,order,inventory-go-twin:9082,inventory-go-twin:9082,2026-06-23 17:18:39,2026-06-23T11:48:39Z,1782215319,ramp_3,1125.0,33058816.0,"{""__name__"": ""process_resident_memory_bytes""}"
1,A,RSS Memory Footprint,java_order,java,order,order-go-twin:9083,order-go-twin:9083,2026-06-23 17:18:39,2026-06-23T11:48:39Z,1782215319,ramp_3,1125.0,35401728.0,"{""__name__"": ""process_resident_memory_bytes""}"
1,A,RSS Memory Footprint,java_order,java,order,warehouse-go:8084,warehouse-go:8084,2026-06-23 17:18:39,2026-06-23T11:48:39Z,1782215319,ramp_3,1125.0,37183488.0,"{""__name__"": ""process_resident_memory_bytes""}"
1,A,RSS Memory Footprint,java_order,java,order,inventory-go-twin:9082,inventory-go-twin:9082,2026-06-23 17:18:54,2026-06-23T11:48:54Z,1782215334,ramp_3,1140.0,33058816.0,"{""__name__"": ""process_resident_memory_bytes""}"
1,A,RSS Memory Footprint,java_order,java,order,order-go-twin:9083,order-go-twin:9083,2026-06-23 17:18:54,2026-06-23T11:48:54Z,1782215334,ramp_3,1140.0,35401728.0,"{""__name__"": ""process_resident_memory_bytes""}"
1,A,RSS Memory Footprint,java_order,java,order,warehouse-go:8084,warehouse-go:8084,2026-06-23 17:18:54,2026-06-23T11:48:54Z,1782215334,ramp_3,1140.0,39292928.0,"{""__name__"": ""process_resident_memory_bytes""}"
1,A,RSS Memory Footprint,java_order,java,order,inventory-go-twin:9082,inventory-go-twin:9082,2026-06-23 17:19:09,2026-06-23T11:49:09Z,1782215349,ramp_3,1155.0,33058816.0,"{""__name__"": ""process_resident_memory_bytes""}"
1,A,RSS Memory Footprint,java_order,java,order,order-go-twin:9083,order-go-twin:9083,2026-06-23 17:19:09,2026-06-23T11:49:09Z,1782215349,ramp_3,1155.0,35401728.0,"{""__name__"": ""process_resident_memory_bytes""}"
1,A,RSS Memory Footprint,java_order,java,order,warehouse-go:8084,warehouse-go:8084,2026-06-23 17:19:09,2026-06-23T11:49:09Z,1782215349,ramp_3,1155.0,37371904.0,"{""__name__"": ""process_resident_memory_bytes""}"
1,A,RSS Memory Footprint,java_order,java,order,inventory-go-twin:9082,inventory-go-twin:9082,2026-06-23 17:19:24,2026-06-23T11:49:24Z,1782215364,ramp_3,1170.0,33452032.0,"{""__name__"": ""process_resident_memory_bytes""}"
1,A,RSS Memory Footprint,java_order,java,order,order-go-twin:9083,order-go-twin:9083,2026-06-23 17:19:24,2026-06-23T11:49:24Z,1782215364,ramp_3,1170.0,35401728.0,"{""__name__"": ""process_resident_memory_bytes""}"
1,A,RSS Memory Footprint,java_order,java,order,warehouse-go:8084,warehouse-go:8084,2026-06-23 17:19:24,2026-06-23T11:49:24Z,1782215364,ramp_3,1170.0,37969920.0,"{""__name__"": ""process_resident_memory_bytes""}"
1,A,RSS Memory Footprint,java_order,java,order,inventory-go-twin:9082,inventory-go-twin:9082,2026-06-23 17:19:39,2026-06-23T11:49:39Z,1782215379,ramp_3,1185.0,33189888.0,"{""__name__"": ""process_resident_memory_bytes""}"
1,A,RSS Memory Footprint,java_order,java,order,order-go-twin:9083,order-go-twin:9083,2026-06-23 17:19:39,2026-06-23T11:49:39Z,1782215379,ramp_3,1185.0,35401728.0,"{""__name__"": ""process_resident_memory_bytes""}"
1,A,RSS Memory Footprint,java_order,java,order,warehouse-go:8084,warehouse-go:8084,2026-06-23 17:19:39,2026-06-23T11:49:39Z,1782215379,ramp_3,1185.0,36265984.0,"{""__name__"": ""process_resident_memory_bytes""}"
1,A,RSS Memory Footprint,java_order,java,order,inventory-go-twin:9082,inventory-go-twin:9082,2026-06-23 17:19:54,2026-06-23T11:49:54Z,1782215394,sustain,1200.0,33452032.0,"{""__name__"": ""process_resident_memory_bytes""}"
1,A,RSS Memory Footprint,java_order,java,order,order-go-twin:9083,order-go-twin:9083,2026-06-23 17:19:54,2026-06-23T11:49:54Z,1782215394,sustain,1200.0,35401728.0,"{""__name__"": ""process_resident_memory_bytes""}"
1,A,RSS Memory Footprint,java_order,java,order,warehouse-go:8084,warehouse-go:8084,2026-06-23 17:19:54,2026-06-23T11:49:54Z,1782215394,sustain,1200.0,37650432.0,"{""__name__"": ""process_resident_memory_bytes""}"
1,A,RSS Memory Footprint,java_order,java,order,inventory-go-twin:9082,inventory-go-twin:9082,2026-06-23 17:20:09,2026-06-23T11:50:09Z,1782215409,sustain,1215.0,33452032.0,"{""__name__"": ""process_resident_memory_bytes""}"
1,A,RSS Memory Footprint,java_order,java,order,order-go-twin:9083,order-go-twin:9083,2026-06-23 17:20:09,2026-06-23T11:50:09Z,1782215409,sustain,1215.0,35401728.0,"{""__name__"": ""process_resident_memory_bytes""}"
1,A,RSS Memory Footprint,java_order,java,order,warehouse-go:8084,warehouse-go:8084,2026-06-23 17:20:09,2026-06-23T11:50:09Z,1782215409,sustain,1215.0,37584896.0,"{""__name__"": ""process_resident_memory_bytes""}"
1,A,RSS Memory Footprint,java_order,java,order,inventory-go-twin:9082,inventory-go-twin:9082,2026-06-23 17:20:24,2026-06-23T11:50:24Z,1782215424,sustain,1230.0,33185792.0,"{""__name__"": ""process_resident_memory_bytes""}"
1,A,RSS Memory Footprint,java_order,java,order,order-go-twin:9083,order-go-twin:9083,2026-06-23 17:20:24,2026-06-23T11:50:24Z,1782215424,sustain,1230.0,35401728.0,"{""__name__"": ""process_resident_memory_bytes""}"
1,A,RSS Memory Footprint,java_order,java,order,warehouse-go:8084,warehouse-go:8084,2026-06-23 17:20:24,2026-06-23T11:50:24Z,1782215424,sustain,1230.0,37863424.0,"{""__name__"": ""process_resident_memory_bytes""}"
1,A,RSS Memory Footprint,java_order,java,order,inventory-go-twin:9082,inventory-go-twin:9082,2026-06-23 17:20:39,2026-06-23T11:50:39Z,1782215439,sustain,1245.0,33185792.0,"{""__name__"": ""process_resident_memory_bytes""}"
1,A,RSS Memory Footprint,java_order,java,order,order-go-twin:9083,order-go-twin:9083,2026-06-23 17:20:39,2026-06-23T11:50:39Z,1782215439,sustain,1245.0,35401728.0,"{""__name__"": ""process_resident_memory_bytes""}"
1,A,RSS Memory Footprint,java_order,java,order,warehouse-go:8084,warehouse-go:8084,2026-06-23 17:20:39,2026-06-23T11:50:39Z,1782215439,sustain,1245.0,38039552.0,"{""__name__"": ""process_resident_memory_bytes""}"
1,A,RSS Memory Footprint,java_order,java,order,inventory-go-twin:9082,inventory-go-twin:9082,2026-06-23 17:20:54,2026-06-23T11:50:54Z,1782215454,sustain,1260.0,33185792.0,"{""__name__"": ""process_resident_memory_bytes""}"
1,A,RSS Memory Footprint,java_order,java,order,order-go-twin:9083,order-go-twin:9083,2026-06-23 17:20:54,2026-06-23T11:50:54Z,1782215454,sustain,1260.0,35401728.0,"{""__name__"": ""process_resident_memory_bytes""}"
1,A,RSS Memory Footprint,java_order,java,order,warehouse-go:8084,warehouse-go:8084,2026-06-23 17:20:54,2026-06-23T11:50:54Z,1782215454,sustain,1260.0,37707776.0,"{""__name__"": ""process_resident_memory_bytes""}"
1,A,RSS Memory Footprint,java_order,java,order,inventory-go-twin:9082,inventory-go-twin:9082,2026-06-23 17:21:09,2026-06-23T11:51:09Z,1782215469,sustain,1275.0,32993280.0,"{""__name__"": ""process_resident_memory_bytes""}"
1,A,RSS Memory Footprint,java_order,java,order,order-go-twin:9083,order-go-twin:9083,2026-06-23 17:21:09,2026-06-23T11:51:09Z,1782215469,sustain,1275.0,35401728.0,"{""__name__"": ""process_resident_memory_bytes""}"
1,A,RSS Memory Footprint,java_order,java,order,warehouse-go:8084,warehouse-go:8084,2026-06-23 17:21:09,2026-06-23T11:51:09Z,1782215469,sustain,1275.0,37449728.0,"{""__name__"": ""process_resident_memory_bytes""}"
1,A,RSS Memory Footprint,java_order,java,order,inventory-go-twin:9082,inventory-go-twin:9082,2026-06-23 17:21:24,2026-06-23T11:51:24Z,1782215484,sustain,1290.0,32993280.0,"{""__name__"": ""process_resident_memory_bytes""}"
1,A,RSS Memory Footprint,java_order,java,order,order-go-twin:9083,order-go-twin:9083,2026-06-23 17:21:24,2026-06-23T11:51:24Z,1782215484,sustain,1290.0,35401728.0,"{""__name__"": ""process_resident_memory_bytes""}"
1,A,RSS Memory Footprint,java_order,java,order,warehouse-go:8084,warehouse-go:8084,2026-06-23 17:21:24,2026-06-23T11:51:24Z,1782215484,sustain,1290.0,39505920.0,"{""__name__"": ""process_resident_memory_bytes""}"
1,A,RSS Memory Footprint,java_order,java,order,inventory-go-twin:9082,inventory-go-twin:9082,2026-06-23 17:21:39,2026-06-23T11:51:39Z,1782215499,sustain,1305.0,32993280.0,"{""__name__"": ""process_resident_memory_bytes""}"
1,A,RSS Memory Footprint,java_order,java,order,order-go-twin:9083,order-go-twin:9083,2026-06-23 17:21:39,2026-06-23T11:51:39Z,1782215499,sustain,1305.0,35401728.0,"{""__name__"": ""process_resident_memory_bytes""}"
1,A,RSS Memory Footprint,java_order,java,order,warehouse-go:8084,warehouse-go:8084,2026-06-23 17:21:39,2026-06-23T11:51:39Z,1782215499,sustain,1305.0,36069376.0,"{""__name__"": ""process_resident_memory_bytes""}"
1,A,RSS Memory Footprint,java_order,java,order,inventory-go-twin:9082,inventory-go-twin:9082,2026-06-23 17:21:54,2026-06-23T11:51:54Z,1782215514,sustain,1320.0,32677888.0,"{""__name__"": ""process_resident_memory_bytes""}"
1,A,RSS Memory Footprint,java_order,java,order,order-go-twin:9083,order-go-twin:9083,2026-06-23 17:21:54,2026-06-23T11:51:54Z,1782215514,sustain,1320.0,35401728.0,"{""__name__"": ""process_resident_memory_bytes""}"
1,A,RSS Memory Footprint,java_order,java,order,warehouse-go:8084,warehouse-go:8084,2026-06-23 17:21:54,2026-06-23T11:51:54Z,1782215514,sustain,1320.0,37871616.0,"{""__name__"": ""process_resident_memory_bytes""}"
1,A,RSS Memory Footprint,java_order,java,order,inventory-go-twin:9082,inventory-go-twin:9082,2026-06-23 17:22:09,2026-06-23T11:52:09Z,1782215529,sustain,1335.0,32677888.0,"{""__name__"": ""process_resident_memory_bytes""}"
1,A,RSS Memory Footprint,java_order,java,order,order-go-twin:9083,order-go-twin:9083,2026-06-23 17:22:09,2026-06-23T11:52:09Z,1782215529,sustain,1335.0,35106816.0,"{""__name__"": ""process_resident_memory_bytes""}"
1,A,RSS Memory Footprint,java_order,java,order,warehouse-go:8084,warehouse-go:8084,2026-06-23 17:22:09,2026-06-23T11:52:09Z,1782215529,sustain,1335.0,37871616.0,"{""__name__"": ""process_resident_memory_bytes""}"
1,A,RSS Memory Footprint,java_order,java,order,inventory-go-twin:9082,inventory-go-twin:9082,2026-06-23 17:22:24,2026-06-23T11:52:24Z,1782215544,sustain,1350.0,32677888.0,"{""__name__"": ""process_resident_memory_bytes""}"
1,A,RSS Memory Footprint,java_order,java,order,order-go-twin:9083,order-go-twin:9083,2026-06-23 17:22:24,2026-06-23T11:52:24Z,1782215544,sustain,1350.0,35106816.0,"{""__name__"": ""process_resident_memory_bytes""}"
1,A,RSS Memory Footprint,java_order,java,order,warehouse-go:8084,warehouse-go:8084,2026-06-23 17:22:24,2026-06-23T11:52:24Z,1782215544,sustain,1350.0,37421056.0,"{""__name__"": ""process_resident_memory_bytes""}"
1,A,RSS Memory Footprint,java_order,java,order,inventory-go-twin:9082,inventory-go-twin:9082,2026-06-23 17:22:39,2026-06-23T11:52:39Z,1782215559,sustain,1365.0,32677888.0,"{""__name__"": ""process_resident_memory_bytes""}"
1,A,RSS Memory Footprint,java_order,java,order,order-go-twin:9083,order-go-twin:9083,2026-06-23 17:22:39,2026-06-23T11:52:39Z,1782215559,sustain,1365.0,35106816.0,"{""__name__"": ""process_resident_memory_bytes""}"
1,A,RSS Memory Footprint,java_order,java,order,warehouse-go:8084,warehouse-go:8084,2026-06-23 17:22:39,2026-06-23T11:52:39Z,1782215559,sustain,1365.0,37281792.0,"{""__name__"": ""process_resident_memory_bytes""}"
1,A,RSS Memory Footprint,java_order,java,order,inventory-go-twin:9082,inventory-go-twin:9082,2026-06-23 17:22:54,2026-06-23T11:52:54Z,1782215574,sustain,1380.0,32677888.0,"{""__name__"": ""process_resident_memory_bytes""}"
1,A,RSS Memory Footprint,java_order,java,order,order-go-twin:9083,order-go-twin:9083,2026-06-23 17:22:54,2026-06-23T11:52:54Z,1782215574,sustain,1380.0,35106816.0,"{""__name__"": ""process_resident_memory_bytes""}"
1,A,RSS Memory Footprint,java_order,java,order,warehouse-go:8084,warehouse-go:8084,2026-06-23 17:22:54,2026-06-23T11:52:54Z,1782215574,sustain,1380.0,37908480.0,"{""__name__"": ""process_resident_memory_bytes""}"
1,A,RSS Memory Footprint,java_order,java,order,inventory-go-twin:9082,inventory-go-twin:9082,2026-06-23 17:23:09,2026-06-23T11:53:09Z,1782215589,sustain,1395.0,32677888.0,"{""__name__"": ""process_resident_memory_bytes""}"
1,A,RSS Memory Footprint,java_order,java,order,order-go-twin:9083,order-go-twin:9083,2026-06-23 17:23:09,2026-06-23T11:53:09Z,1782215589,sustain,1395.0,35106816.0,"{""__name__"": ""process_resident_memory_bytes""}"
1,A,RSS Memory Footprint,java_order,java,order,warehouse-go:8084,warehouse-go:8084,2026-06-23 17:23:09,2026-06-23T11:53:09Z,1782215589,sustain,1395.0,37343232.0,"{""__name__"": ""process_resident_memory_bytes""}"
1,A,RSS Memory Footprint,java_order,java,order,inventory-go-twin:9082,inventory-go-twin:9082,2026-06-23 17:23:24,2026-06-23T11:53:24Z,1782215604,sustain,1410.0,32677888.0,"{""__name__"": ""process_resident_memory_bytes""}"
1,A,RSS Memory Footprint,java_order,java,order,order-go-twin:9083,order-go-twin:9083,2026-06-23 17:23:24,2026-06-23T11:53:24Z,1782215604,sustain,1410.0,33792000.0,"{""__name__"": ""process_resident_memory_bytes""}"
1,A,RSS Memory Footprint,java_order,java,order,warehouse-go:8084,warehouse-go:8084,2026-06-23 17:23:24,2026-06-23T11:53:24Z,1782215604,sustain,1410.0,37216256.0,"{""__name__"": ""process_resident_memory_bytes""}"
1,A,RSS Memory Footprint,java_order,java,order,inventory-go-twin:9082,inventory-go-twin:9082,2026-06-23 17:23:39,2026-06-23T11:53:39Z,1782215619,sustain,1425.0,32153600.0,"{""__name__"": ""process_resident_memory_bytes""}"
1,A,RSS Memory Footprint,java_order,java,order,order-go-twin:9083,order-go-twin:9083,2026-06-23 17:23:39,2026-06-23T11:53:39Z,1782215619,sustain,1425.0,33792000.0,"{""__name__"": ""process_resident_memory_bytes""}"
1,A,RSS Memory Footprint,java_order,java,order,warehouse-go:8084,warehouse-go:8084,2026-06-23 17:23:39,2026-06-23T11:53:39Z,1782215619,sustain,1425.0,38400000.0,"{""__name__"": ""process_resident_memory_bytes""}"
1,A,RSS Memory Footprint,java_order,java,order,inventory-go-twin:9082,inventory-go-twin:9082,2026-06-23 17:23:54,2026-06-23T11:53:54Z,1782215634,sustain,1440.0,32153600.0,"{""__name__"": ""process_resident_memory_bytes""}"
1,A,RSS Memory Footprint,java_order,java,order,order-go-twin:9083,order-go-twin:9083,2026-06-23 17:23:54,2026-06-23T11:53:54Z,1782215634,sustain,1440.0,33792000.0,"{""__name__"": ""process_resident_memory_bytes""}"
1,A,RSS Memory Footprint,java_order,java,order,warehouse-go:8084,warehouse-go:8084,2026-06-23 17:23:54,2026-06-23T11:53:54Z,1782215634,sustain,1440.0,39694336.0,"{""__name__"": ""process_resident_memory_bytes""}"
1,A,RSS Memory Footprint,java_order,java,order,inventory-go-twin:9082,inventory-go-twin:9082,2026-06-23 17:24:09,2026-06-23T11:54:09Z,1782215649,sustain,1455.0,32153600.0,"{""__name__"": ""process_resident_memory_bytes""}"
1,A,RSS Memory Footprint,java_order,java,order,order-go-twin:9083,order-go-twin:9083,2026-06-23 17:24:09,2026-06-23T11:54:09Z,1782215649,sustain,1455.0,33792000.0,"{""__name__"": ""process_resident_memory_bytes""}"
1,A,RSS Memory Footprint,java_order,java,order,warehouse-go:8084,warehouse-go:8084,2026-06-23 17:24:09,2026-06-23T11:54:09Z,1782215649,sustain,1455.0,36651008.0,"{""__name__"": ""process_resident_memory_bytes""}"
1,A,RSS Memory Footprint,java_order,java,order,inventory-go-twin:9082,inventory-go-twin:9082,2026-06-23 17:24:24,2026-06-23T11:54:24Z,1782215664,sustain,1470.0,32153600.0,"{""__name__"": ""process_resident_memory_bytes""}"
1,A,RSS Memory Footprint,java_order,java,order,order-go-twin:9083,order-go-twin:9083,2026-06-23 17:24:24,2026-06-23T11:54:24Z,1782215664,sustain,1470.0,33792000.0,"{""__name__"": ""process_resident_memory_bytes""}"
1,A,RSS Memory Footprint,java_order,java,order,warehouse-go:8084,warehouse-go:8084,2026-06-23 17:24:24,2026-06-23T11:54:24Z,1782215664,sustain,1470.0,37322752.0,"{""__name__"": ""process_resident_memory_bytes""}"
1,A,RSS Memory Footprint,java_order,java,order,inventory-go-twin:9082,inventory-go-twin:9082,2026-06-23 17:24:39,2026-06-23T11:54:39Z,1782215679,sustain,1485.0,31891456.0,"{""__name__"": ""process_resident_memory_bytes""}"
1,A,RSS Memory Footprint,java_order,java,order,order-go-twin:9083,order-go-twin:9083,2026-06-23 17:24:39,2026-06-23T11:54:39Z,1782215679,sustain,1485.0,33792000.0,"{""__name__"": ""process_resident_memory_bytes""}"
1,A,RSS Memory Footprint,java_order,java,order,warehouse-go:8084,warehouse-go:8084,2026-06-23 17:24:39,2026-06-23T11:54:39Z,1782215679,sustain,1485.0,37642240.0,"{""__name__"": ""process_resident_memory_bytes""}"
1,A,RSS Memory Footprint,java_order,java,order,inventory-go-twin:9082,inventory-go-twin:9082,2026-06-23 17:24:54,2026-06-23T11:54:54Z,1782215694,sustain,1500.0,31891456.0,"{""__name__"": ""process_resident_memory_bytes""}"
1,A,RSS Memory Footprint,java_order,java,order,order-go-twin:9083,order-go-twin:9083,2026-06-23 17:24:54,2026-06-23T11:54:54Z,1782215694,sustain,1500.0,33792000.0,"{""__name__"": ""process_resident_memory_bytes""}"
1,A,RSS Memory Footprint,java_order,java,order,warehouse-go:8084,warehouse-go:8084,2026-06-23 17:24:54,2026-06-23T11:54:54Z,1782215694,sustain,1500.0,37203968.0,"{""__name__"": ""process_resident_memory_bytes""}"
1,A,RSS Memory Footprint,java_order,java,order,inventory-go-twin:9082,inventory-go-twin:9082,2026-06-23 17:25:09,2026-06-23T11:55:09Z,1782215709,sustain,1515.0,31891456.0,"{""__name__"": ""process_resident_memory_bytes""}"
1,A,RSS Memory Footprint,java_order,java,order,order-go-twin:9083,order-go-twin:9083,2026-06-23 17:25:09,2026-06-23T11:55:09Z,1782215709,sustain,1515.0,33792000.0,"{""__name__"": ""process_resident_memory_bytes""}"
1,A,RSS Memory Footprint,java_order,java,order,warehouse-go:8084,warehouse-go:8084,2026-06-23 17:25:09,2026-06-23T11:55:09Z,1782215709,sustain,1515.0,37662720.0,"{""__name__"": ""process_resident_memory_bytes""}"
1,A,RSS Memory Footprint,java_order,java,order,inventory-go-twin:9082,inventory-go-twin:9082,2026-06-23 17:25:24,2026-06-23T11:55:24Z,1782215724,sustain,1530.0,31105024.0,"{""__name__"": ""process_resident_memory_bytes""}"
1,A,RSS Memory Footprint,java_order,java,order,order-go-twin:9083,order-go-twin:9083,2026-06-23 17:25:24,2026-06-23T11:55:24Z,1782215724,sustain,1530.0,33398784.0,"{""__name__"": ""process_resident_memory_bytes""}"
1,A,RSS Memory Footprint,java_order,java,order,warehouse-go:8084,warehouse-go:8084,2026-06-23 17:25:24,2026-06-23T11:55:24Z,1782215724,sustain,1530.0,36478976.0,"{""__name__"": ""process_resident_memory_bytes""}"
1,A,RSS Memory Footprint,java_order,java,order,inventory-go-twin:9082,inventory-go-twin:9082,2026-06-23 17:25:39,2026-06-23T11:55:39Z,1782215739,sustain,1545.0,31105024.0,"{""__name__"": ""process_resident_memory_bytes""}"
1,A,RSS Memory Footprint,java_order,java,order,order-go-twin:9083,order-go-twin:9083,2026-06-23 17:25:39,2026-06-23T11:55:39Z,1782215739,sustain,1545.0,33398784.0,"{""__name__"": ""process_resident_memory_bytes""}"
1,A,RSS Memory Footprint,java_order,java,order,warehouse-go:8084,warehouse-go:8084,2026-06-23 17:25:39,2026-06-23T11:55:39Z,1782215739,sustain,1545.0,37494784.0,"{""__name__"": ""process_resident_memory_bytes""}"
1,A,RSS Memory Footprint,java_order,java,order,inventory-go-twin:9082,inventory-go-twin:9082,2026-06-23 17:25:54,2026-06-23T11:55:54Z,1782215754,sustain,1560.0,31105024.0,"{""__name__"": ""process_resident_memory_bytes""}"
1,A,RSS Memory Footprint,java_order,java,order,order-go-twin:9083,order-go-twin:9083,2026-06-23 17:25:54,2026-06-23T11:55:54Z,1782215754,sustain,1560.0,33398784.0,"{""__name__"": ""process_resident_memory_bytes""}"
1,A,RSS Memory Footprint,java_order,java,order,warehouse-go:8084,warehouse-go:8084,2026-06-23 17:25:54,2026-06-23T11:55:54Z,1782215754,sustain,1560.0,37502976.0,"{""__name__"": ""process_resident_memory_bytes""}"
1,A,RSS Memory Footprint,java_order,java,order,inventory-go-twin:9082,inventory-go-twin:9082,2026-06-23 17:26:09,2026-06-23T11:56:09Z,1782215769,sustain,1575.0,31105024.0,"{""__name__"": ""process_resident_memory_bytes""}"
1,A,RSS Memory Footprint,java_order,java,order,order-go-twin:9083,order-go-twin:9083,2026-06-23 17:26:09,2026-06-23T11:56:09Z,1782215769,sustain,1575.0,33398784.0,"{""__name__"": ""process_resident_memory_bytes""}"
1,A,RSS Memory Footprint,java_order,java,order,warehouse-go:8084,warehouse-go:8084,2026-06-23 17:26:09,2026-06-23T11:56:09Z,1782215769,sustain,1575.0,37826560.0,"{""__name__"": ""process_resident_memory_bytes""}"
1,A,RSS Memory Footprint,java_order,java,order,inventory-go-twin:9082,inventory-go-twin:9082,2026-06-23 17:26:24,2026-06-23T11:56:24Z,1782215784,sustain,1590.0,31105024.0,"{""__name__"": ""process_resident_memory_bytes""}"
1,A,RSS Memory Footprint,java_order,java,order,order-go-twin:9083,order-go-twin:9083,2026-06-23 17:26:24,2026-06-23T11:56:24Z,1782215784,sustain,1590.0,33398784.0,"{""__name__"": ""process_resident_memory_bytes""}"
1,A,RSS Memory Footprint,java_order,java,order,warehouse-go:8084,warehouse-go:8084,2026-06-23 17:26:24,2026-06-23T11:56:24Z,1782215784,sustain,1590.0,37330944.0,"{""__name__"": ""process_resident_memory_bytes""}"
1,A,RSS Memory Footprint,java_order,java,order,inventory-go-twin:9082,inventory-go-twin:9082,2026-06-23 17:26:39,2026-06-23T11:56:39Z,1782215799,sustain,1605.0,31105024.0,"{""__name__"": ""process_resident_memory_bytes""}"
1,A,RSS Memory Footprint,java_order,java,order,order-go-twin:9083,order-go-twin:9083,2026-06-23 17:26:39,2026-06-23T11:56:39Z,1782215799,sustain,1605.0,33923072.0,"{""__name__"": ""process_resident_memory_bytes""}"
1,A,RSS Memory Footprint,java_order,java,order,warehouse-go:8084,warehouse-go:8084,2026-06-23 17:26:39,2026-06-23T11:56:39Z,1782215799,sustain,1605.0,37691392.0,"{""__name__"": ""process_resident_memory_bytes""}"
1,A,RSS Memory Footprint,java_order,java,order,inventory-go-twin:9082,inventory-go-twin:9082,2026-06-23 17:26:54,2026-06-23T11:56:54Z,1782215814,sustain,1620.0,31105024.0,"{""__name__"": ""process_resident_memory_bytes""}"
1,A,RSS Memory Footprint,java_order,java,order,order-go-twin:9083,order-go-twin:9083,2026-06-23 17:26:54,2026-06-23T11:56:54Z,1782215814,sustain,1620.0,33923072.0,"{""__name__"": ""process_resident_memory_bytes""}"
1,A,RSS Memory Footprint,java_order,java,order,warehouse-go:8084,warehouse-go:8084,2026-06-23 17:26:54,2026-06-23T11:56:54Z,1782215814,sustain,1620.0,37634048.0,"{""__name__"": ""process_resident_memory_bytes""}"
1,A,RSS Memory Footprint,java_order,java,order,inventory-go-twin:9082,inventory-go-twin:9082,2026-06-23 17:27:09,2026-06-23T11:57:09Z,1782215829,sustain,1635.0,31760384.0,"{""__name__"": ""process_resident_memory_bytes""}"
1,A,RSS Memory Footprint,java_order,java,order,order-go-twin:9083,order-go-twin:9083,2026-06-23 17:27:09,2026-06-23T11:57:09Z,1782215829,sustain,1635.0,33923072.0,"{""__name__"": ""process_resident_memory_bytes""}"
1,A,RSS Memory Footprint,java_order,java,order,warehouse-go:8084,warehouse-go:8084,2026-06-23 17:27:09,2026-06-23T11:57:09Z,1782215829,sustain,1635.0,37367808.0,"{""__name__"": ""process_resident_memory_bytes""}"
1,A,RSS Memory Footprint,java_order,java,order,inventory-go-twin:9082,inventory-go-twin:9082,2026-06-23 17:27:24,2026-06-23T11:57:24Z,1782215844,sustain,1650.0,31760384.0,"{""__name__"": ""process_resident_memory_bytes""}"
1,A,RSS Memory Footprint,java_order,java,order,order-go-twin:9083,order-go-twin:9083,2026-06-23 17:27:24,2026-06-23T11:57:24Z,1782215844,sustain,1650.0,33136640.0,"{""__name__"": ""process_resident_memory_bytes""}"
1,A,RSS Memory Footprint,java_order,java,order,warehouse-go:8084,warehouse-go:8084,2026-06-23 17:27:24,2026-06-23T11:57:24Z,1782215844,sustain,1650.0,35983360.0,"{""__name__"": ""process_resident_memory_bytes""}"
1,A,RSS Memory Footprint,java_order,java,order,inventory-go-twin:9082,inventory-go-twin:9082,2026-06-23 17:27:39,2026-06-23T11:57:39Z,1782215859,sustain,1665.0,31760384.0,"{""__name__"": ""process_resident_memory_bytes""}"
1,A,RSS Memory Footprint,java_order,java,order,order-go-twin:9083,order-go-twin:9083,2026-06-23 17:27:39,2026-06-23T11:57:39Z,1782215859,sustain,1665.0,33136640.0,"{""__name__"": ""process_resident_memory_bytes""}"
1,A,RSS Memory Footprint,java_order,java,order,warehouse-go:8084,warehouse-go:8084,2026-06-23 17:27:39,2026-06-23T11:57:39Z,1782215859,sustain,1665.0,38723584.0,"{""__name__"": ""process_resident_memory_bytes""}"
1,A,RSS Memory Footprint,java_order,java,order,inventory-go-twin:9082,inventory-go-twin:9082,2026-06-23 17:27:54,2026-06-23T11:57:54Z,1782215874,sustain,1680.0,31760384.0,"{""__name__"": ""process_resident_memory_bytes""}"
1,A,RSS Memory Footprint,java_order,java,order,order-go-twin:9083,order-go-twin:9083,2026-06-23 17:27:54,2026-06-23T11:57:54Z,1782215874,sustain,1680.0,33136640.0,"{""__name__"": ""process_resident_memory_bytes""}"
1,A,RSS Memory Footprint,java_order,java,order,warehouse-go:8084,warehouse-go:8084,2026-06-23 17:27:54,2026-06-23T11:57:54Z,1782215874,sustain,1680.0,37761024.0,"{""__name__"": ""process_resident_memory_bytes""}"
1,A,RSS Memory Footprint,java_order,java,order,inventory-go-twin:9082,inventory-go-twin:9082,2026-06-23 17:28:09,2026-06-23T11:58:09Z,1782215889,sustain,1695.0,31891456.0,"{""__name__"": ""process_resident_memory_bytes""}"
1,A,RSS Memory Footprint,java_order,java,order,order-go-twin:9083,order-go-twin:9083,2026-06-23 17:28:09,2026-06-23T11:58:09Z,1782215889,sustain,1695.0,33136640.0,"{""__name__"": ""process_resident_memory_bytes""}"
1,A,RSS Memory Footprint,java_order,java,order,warehouse-go:8084,warehouse-go:8084,2026-06-23 17:28:09,2026-06-23T11:58:09Z,1782215889,sustain,1695.0,38596608.0,"{""__name__"": ""process_resident_memory_bytes""}"
1,A,RSS Memory Footprint,java_order,java,order,inventory-go-twin:9082,inventory-go-twin:9082,2026-06-23 17:28:24,2026-06-23T11:58:24Z,1782215904,sustain,1710.0,32022528.0,"{""__name__"": ""process_resident_memory_bytes""}"
1,A,RSS Memory Footprint,java_order,java,order,order-go-twin:9083,order-go-twin:9083,2026-06-23 17:28:24,2026-06-23T11:58:24Z,1782215904,sustain,1710.0,32698368.0,"{""__name__"": ""process_resident_memory_bytes""}"
1,A,RSS Memory Footprint,java_order,java,order,warehouse-go:8084,warehouse-go:8084,2026-06-23 17:28:24,2026-06-23T11:58:24Z,1782215904,sustain,1710.0,38637568.0,"{""__name__"": ""process_resident_memory_bytes""}"
1,A,RSS Memory Footprint,java_order,java,order,inventory-go-twin:9082,inventory-go-twin:9082,2026-06-23 17:28:39,2026-06-23T11:58:39Z,1782215919,sustain,1725.0,32022528.0,"{""__name__"": ""process_resident_memory_bytes""}"
1,A,RSS Memory Footprint,java_order,java,order,order-go-twin:9083,order-go-twin:9083,2026-06-23 17:28:39,2026-06-23T11:58:39Z,1782215919,sustain,1725.0,32698368.0,"{""__name__"": ""process_resident_memory_bytes""}"
1,A,RSS Memory Footprint,java_order,java,order,warehouse-go:8084,warehouse-go:8084,2026-06-23 17:28:39,2026-06-23T11:58:39Z,1782215919,sustain,1725.0,37683200.0,"{""__name__"": ""process_resident_memory_bytes""}"
1,A,RSS Memory Footprint,java_order,java,order,inventory-go-twin:9082,inventory-go-twin:9082,2026-06-23 17:28:54,2026-06-23T11:58:54Z,1782215934,sustain,1740.0,31625216.0,"{""__name__"": ""process_resident_memory_bytes""}"
1,A,RSS Memory Footprint,java_order,java,order,order-go-twin:9083,order-go-twin:9083,2026-06-23 17:28:54,2026-06-23T11:58:54Z,1782215934,sustain,1740.0,33353728.0,"{""__name__"": ""process_resident_memory_bytes""}"
1,A,RSS Memory Footprint,java_order,java,order,warehouse-go:8084,warehouse-go:8084,2026-06-23 17:28:54,2026-06-23T11:58:54Z,1782215934,sustain,1740.0,37847040.0,"{""__name__"": ""process_resident_memory_bytes""}"
1,A,RSS Memory Footprint,java_order,java,order,inventory-go-twin:9082,inventory-go-twin:9082,2026-06-23 17:29:09,2026-06-23T11:59:09Z,1782215949,sustain,1755.0,31625216.0,"{""__name__"": ""process_resident_memory_bytes""}"
1,A,RSS Memory Footprint,java_order,java,order,order-go-twin:9083,order-go-twin:9083,2026-06-23 17:29:09,2026-06-23T11:59:09Z,1782215949,sustain,1755.0,32772096.0,"{""__name__"": ""process_resident_memory_bytes""}"
1,A,RSS Memory Footprint,java_order,java,order,warehouse-go:8084,warehouse-go:8084,2026-06-23 17:29:09,2026-06-23T11:59:09Z,1782215949,sustain,1755.0,37826560.0,"{""__name__"": ""process_resident_memory_bytes""}"
1,A,RSS Memory Footprint,java_order,java,order,inventory-go-twin:9082,inventory-go-twin:9082,2026-06-23 17:29:24,2026-06-23T11:59:24Z,1782215964,sustain,1770.0,31625216.0,"{""__name__"": ""process_resident_memory_bytes""}"
1,A,RSS Memory Footprint,java_order,java,order,order-go-twin:9083,order-go-twin:9083,2026-06-23 17:29:24,2026-06-23T11:59:24Z,1782215964,sustain,1770.0,32772096.0,"{""__name__"": ""process_resident_memory_bytes""}"
1,A,RSS Memory Footprint,java_order,java,order,warehouse-go:8084,warehouse-go:8084,2026-06-23 17:29:24,2026-06-23T11:59:24Z,1782215964,sustain,1770.0,38432768.0,"{""__name__"": ""process_resident_memory_bytes""}"
1,A,RSS Memory Footprint,java_order,java,order,inventory-go-twin:9082,inventory-go-twin:9082,2026-06-23 17:29:39,2026-06-23T11:59:39Z,1782215979,sustain,1785.0,31625216.0,"{""__name__"": ""process_resident_memory_bytes""}"
1,A,RSS Memory Footprint,java_order,java,order,order-go-twin:9083,order-go-twin:9083,2026-06-23 17:29:39,2026-06-23T11:59:39Z,1782215979,sustain,1785.0,32772096.0,"{""__name__"": ""process_resident_memory_bytes""}"
1,A,RSS Memory Footprint,java_order,java,order,warehouse-go:8084,warehouse-go:8084,2026-06-23 17:29:39,2026-06-23T11:59:39Z,1782215979,sustain,1785.0,38031360.0,"{""__name__"": ""process_resident_memory_bytes""}"
1,A,RSS Memory Footprint,java_order,java,order,inventory-go-twin:9082,inventory-go-twin:9082,2026-06-23 17:29:54,2026-06-23T11:59:54Z,1782215994,cooldown,1800.0,31477760.0,"{""__name__"": ""process_resident_memory_bytes""}"
1,A,RSS Memory Footprint,java_order,java,order,order-go-twin:9083,order-go-twin:9083,2026-06-23 17:29:54,2026-06-23T11:59:54Z,1782215994,cooldown,1800.0,32772096.0,"{""__name__"": ""process_resident_memory_bytes""}"
1,A,RSS Memory Footprint,java_order,java,order,warehouse-go:8084,warehouse-go:8084,2026-06-23 17:29:54,2026-06-23T11:59:54Z,1782215994,cooldown,1800.0,38387712.0,"{""__name__"": ""process_resident_memory_bytes""}"
1,A,RSS Memory Footprint,java_order,java,order,inventory-go-twin:9082,inventory-go-twin:9082,2026-06-23 17:30:09,2026-06-23T12:00:09Z,1782216009,cooldown,1815.0,31477760.0,"{""__name__"": ""process_resident_memory_bytes""}"
1,A,RSS Memory Footprint,java_order,java,order,order-go-twin:9083,order-go-twin:9083,2026-06-23 17:30:09,2026-06-23T12:00:09Z,1782216009,cooldown,1815.0,33165312.0,"{""__name__"": ""process_resident_memory_bytes""}"
1,A,RSS Memory Footprint,java_order,java,order,warehouse-go:8084,warehouse-go:8084,2026-06-23 17:30:09,2026-06-23T12:00:09Z,1782216009,cooldown,1815.0,37076992.0,"{""__name__"": ""process_resident_memory_bytes""}"
1,A,RSS Memory Footprint,java_order,java,order,inventory-go-twin:9082,inventory-go-twin:9082,2026-06-23 17:30:24,2026-06-23T12:00:24Z,1782216024,cooldown,1830.0,31477760.0,"{""__name__"": ""process_resident_memory_bytes""}"
1,A,RSS Memory Footprint,java_order,java,order,order-go-twin:9083,order-go-twin:9083,2026-06-23 17:30:24,2026-06-23T12:00:24Z,1782216024,cooldown,1830.0,33296384.0,"{""__name__"": ""process_resident_memory_bytes""}"
1,A,RSS Memory Footprint,java_order,java,order,warehouse-go:8084,warehouse-go:8084,2026-06-23 17:30:24,2026-06-23T12:00:24Z,1782216024,cooldown,1830.0,38060032.0,"{""__name__"": ""process_resident_memory_bytes""}"
1,A,RSS Memory Footprint,java_order,java,order,inventory-go-twin:9082,inventory-go-twin:9082,2026-06-23 17:30:39,2026-06-23T12:00:39Z,1782216039,cooldown,1845.0,31477760.0,"{""__name__"": ""process_resident_memory_bytes""}"
1,A,RSS Memory Footprint,java_order,java,order,order-go-twin:9083,order-go-twin:9083,2026-06-23 17:30:39,2026-06-23T12:00:39Z,1782216039,cooldown,1845.0,33296384.0,"{""__name__"": ""process_resident_memory_bytes""}"
1,A,RSS Memory Footprint,java_order,java,order,warehouse-go:8084,warehouse-go:8084,2026-06-23 17:30:39,2026-06-23T12:00:39Z,1782216039,cooldown,1845.0,37601280.0,"{""__name__"": ""process_resident_memory_bytes""}"
1,A,RSS Memory Footprint,java_order,java,order,inventory-go-twin:9082,inventory-go-twin:9082,2026-06-23 17:30:54,2026-06-23T12:00:54Z,1782216054,cooldown,1860.0,31477760.0,"{""__name__"": ""process_resident_memory_bytes""}"
1,A,RSS Memory Footprint,java_order,java,order,order-go-twin:9083,order-go-twin:9083,2026-06-23 17:30:54,2026-06-23T12:00:54Z,1782216054,cooldown,1860.0,33296384.0,"{""__name__"": ""process_resident_memory_bytes""}"
1,A,RSS Memory Footprint,java_order,java,order,warehouse-go:8084,warehouse-go:8084,2026-06-23 17:30:54,2026-06-23T12:00:54Z,1782216054,cooldown,1860.0,39444480.0,"{""__name__"": ""process_resident_memory_bytes""}"
1,A,RSS Memory Footprint,java_order,java,order,inventory-go-twin:9082,inventory-go-twin:9082,2026-06-23 17:31:09,2026-06-23T12:01:09Z,1782216069,cooldown,1875.0,31477760.0,"{""__name__"": ""process_resident_memory_bytes""}"
1,A,RSS Memory Footprint,java_order,java,order,order-go-twin:9083,order-go-twin:9083,2026-06-23 17:31:09,2026-06-23T12:01:09Z,1782216069,cooldown,1875.0,33296384.0,"{""__name__"": ""process_resident_memory_bytes""}"
1,A,RSS Memory Footprint,java_order,java,order,warehouse-go:8084,warehouse-go:8084,2026-06-23 17:31:09,2026-06-23T12:01:09Z,1782216069,cooldown,1875.0,37318656.0,"{""__name__"": ""process_resident_memory_bytes""}"
1,A,RSS Memory Footprint,java_order,java,order,inventory-go-twin:9082,inventory-go-twin:9082,2026-06-23 17:31:24,2026-06-23T12:01:24Z,1782216084,cooldown,1890.0,31477760.0,"{""__name__"": ""process_resident_memory_bytes""}"
1,A,RSS Memory Footprint,java_order,java,order,order-go-twin:9083,order-go-twin:9083,2026-06-23 17:31:24,2026-06-23T12:01:24Z,1782216084,cooldown,1890.0,32247808.0,"{""__name__"": ""process_resident_memory_bytes""}"
1,A,RSS Memory Footprint,java_order,java,order,warehouse-go:8084,warehouse-go:8084,2026-06-23 17:31:24,2026-06-23T12:01:24Z,1782216084,cooldown,1890.0,37449728.0,"{""__name__"": ""process_resident_memory_bytes""}"
1,A,RSS Memory Footprint,java_order,java,order,inventory-go-twin:9082,inventory-go-twin:9082,2026-06-23 17:31:39,2026-06-23T12:01:39Z,1782216099,cooldown,1905.0,31477760.0,"{""__name__"": ""process_resident_memory_bytes""}"
1,A,RSS Memory Footprint,java_order,java,order,order-go-twin:9083,order-go-twin:9083,2026-06-23 17:31:39,2026-06-23T12:01:39Z,1782216099,cooldown,1905.0,32247808.0,"{""__name__"": ""process_resident_memory_bytes""}"
1,A,RSS Memory Footprint,java_order,java,order,warehouse-go:8084,warehouse-go:8084,2026-06-23 17:31:39,2026-06-23T12:01:39Z,1782216099,cooldown,1905.0,36884480.0,"{""__name__"": ""process_resident_memory_bytes""}"
1,A,RSS Memory Footprint,java_order,java,order,inventory-go-twin:9082,inventory-go-twin:9082,2026-06-23 17:31:54,2026-06-23T12:01:54Z,1782216114,cooldown,1920.0,31477760.0,"{""__name__"": ""process_resident_memory_bytes""}"
1,A,RSS Memory Footprint,java_order,java,order,order-go-twin:9083,order-go-twin:9083,2026-06-23 17:31:54,2026-06-23T12:01:54Z,1782216114,cooldown,1920.0,32247808.0,"{""__name__"": ""process_resident_memory_bytes""}"
1,A,RSS Memory Footprint,java_order,java,order,warehouse-go:8084,warehouse-go:8084,2026-06-23 17:31:54,2026-06-23T12:01:54Z,1782216114,cooldown,1920.0,37335040.0,"{""__name__"": ""process_resident_memory_bytes""}"
1,A,RSS Memory Footprint,java_order,java,order,inventory-go-twin:9082,inventory-go-twin:9082,2026-06-23 17:32:09,2026-06-23T12:02:09Z,1782216129,cooldown,1935.0,31477760.0,"{""__name__"": ""process_resident_memory_bytes""}"
1,A,RSS Memory Footprint,java_order,java,order,order-go-twin:9083,order-go-twin:9083,2026-06-23 17:32:09,2026-06-23T12:02:09Z,1782216129,cooldown,1935.0,32247808.0,"{""__name__"": ""process_resident_memory_bytes""}"
1,A,RSS Memory Footprint,java_order,java,order,warehouse-go:8084,warehouse-go:8084,2026-06-23 17:32:09,2026-06-23T12:02:09Z,1782216129,cooldown,1935.0,37748736.0,"{""__name__"": ""process_resident_memory_bytes""}"
1,A,RSS Memory Footprint,java_order,java,order,inventory-go-twin:9082,inventory-go-twin:9082,2026-06-23 17:32:24,2026-06-23T12:02:24Z,1782216144,cooldown,1950.0,31477760.0,"{""__name__"": ""process_resident_memory_bytes""}"
1,A,RSS Memory Footprint,java_order,java,order,order-go-twin:9083,order-go-twin:9083,2026-06-23 17:32:24,2026-06-23T12:02:24Z,1782216144,cooldown,1950.0,32247808.0,"{""__name__"": ""process_resident_memory_bytes""}"
1,A,RSS Memory Footprint,java_order,java,order,warehouse-go:8084,warehouse-go:8084,2026-06-23 17:32:24,2026-06-23T12:02:24Z,1782216144,cooldown,1950.0,36896768.0,"{""__name__"": ""process_resident_memory_bytes""}"
1,A,RSS Memory Footprint,java_order,java,order,inventory-go-twin:9082,inventory-go-twin:9082,2026-06-23 17:32:39,2026-06-23T12:02:39Z,1782216159,cooldown,1965.0,31477760.0,"{""__name__"": ""process_resident_memory_bytes""}"
1,A,RSS Memory Footprint,java_order,java,order,order-go-twin:9083,order-go-twin:9083,2026-06-23 17:32:39,2026-06-23T12:02:39Z,1782216159,cooldown,1965.0,32247808.0,"{""__name__"": ""process_resident_memory_bytes""}"
1,A,RSS Memory Footprint,java_order,java,order,warehouse-go:8084,warehouse-go:8084,2026-06-23 17:32:39,2026-06-23T12:02:39Z,1782216159,cooldown,1965.0,36380672.0,"{""__name__"": ""process_resident_memory_bytes""}"
1,A,RSS Memory Footprint,java_order,java,order,inventory-go-twin:9082,inventory-go-twin:9082,2026-06-23 17:32:54,2026-06-23T12:02:54Z,1782216174,cooldown,1980.0,31477760.0,"{""__name__"": ""process_resident_memory_bytes""}"
1,A,RSS Memory Footprint,java_order,java,order,order-go-twin:9083,order-go-twin:9083,2026-06-23 17:32:54,2026-06-23T12:02:54Z,1782216174,cooldown,1980.0,32321536.0,"{""__name__"": ""process_resident_memory_bytes""}"
1,A,RSS Memory Footprint,java_order,java,order,warehouse-go:8084,warehouse-go:8084,2026-06-23 17:32:54,2026-06-23T12:02:54Z,1782216174,cooldown,1980.0,36339712.0,"{""__name__"": ""process_resident_memory_bytes""}"
1,A,RSS Memory Footprint,java_order,java,order,inventory-go-twin:9082,inventory-go-twin:9082,2026-06-23 17:33:09,2026-06-23T12:03:09Z,1782216189,cooldown,1995.0,31477760.0,"{""__name__"": ""process_resident_memory_bytes""}"
1,A,RSS Memory Footprint,java_order,java,order,order-go-twin:9083,order-go-twin:9083,2026-06-23 17:33:09,2026-06-23T12:03:09Z,1782216189,cooldown,1995.0,32452608.0,"{""__name__"": ""process_resident_memory_bytes""}"
1,A,RSS Memory Footprint,java_order,java,order,warehouse-go:8084,warehouse-go:8084,2026-06-23 17:33:09,2026-06-23T12:03:09Z,1782216189,cooldown,1995.0,35610624.0,"{""__name__"": ""process_resident_memory_bytes""}"
1,A,RSS Memory Footprint,java_order,java,order,inventory-go-twin:9082,inventory-go-twin:9082,2026-06-23 17:33:24,2026-06-23T12:03:24Z,1782216204,cooldown,2010.0,31477760.0,"{""__name__"": ""process_resident_memory_bytes""}"
1,A,RSS Memory Footprint,java_order,java,order,order-go-twin:9083,order-go-twin:9083,2026-06-23 17:33:24,2026-06-23T12:03:24Z,1782216204,cooldown,2010.0,32452608.0,"{""__name__"": ""process_resident_memory_bytes""}"
1,A,RSS Memory Footprint,java_order,java,order,warehouse-go:8084,warehouse-go:8084,2026-06-23 17:33:24,2026-06-23T12:03:24Z,1782216204,cooldown,2010.0,34418688.0,"{""__name__"": ""process_resident_memory_bytes""}"
1,A,RSS Memory Footprint,java_order,java,order,inventory-go-twin:9082,inventory-go-twin:9082,2026-06-23 17:33:39,2026-06-23T12:03:39Z,1782216219,cooldown,2025.0,31477760.0,"{""__name__"": ""process_resident_memory_bytes""}"
1,A,RSS Memory Footprint,java_order,java,order,order-go-twin:9083,order-go-twin:9083,2026-06-23 17:33:39,2026-06-23T12:03:39Z,1782216219,cooldown,2025.0,32452608.0,"{""__name__"": ""process_resident_memory_bytes""}"
1,A,RSS Memory Footprint,java_order,java,order,warehouse-go:8084,warehouse-go:8084,2026-06-23 17:33:39,2026-06-23T12:03:39Z,1782216219,cooldown,2025.0,33751040.0,"{""__name__"": ""process_resident_memory_bytes""}"
1,A,RSS Memory Footprint,java_order,java,order,inventory-go-twin:9082,inventory-go-twin:9082,2026-06-23 17:33:54,2026-06-23T12:03:54Z,1782216234,cooldown,2040.0,31477760.0,"{""__name__"": ""process_resident_memory_bytes""}"
1,A,RSS Memory Footprint,java_order,java,order,order-go-twin:9083,order-go-twin:9083,2026-06-23 17:33:54,2026-06-23T12:03:54Z,1782216234,cooldown,2040.0,32452608.0,"{""__name__"": ""process_resident_memory_bytes""}"
1,A,RSS Memory Footprint,java_order,java,order,warehouse-go:8084,warehouse-go:8084,2026-06-23 17:33:54,2026-06-23T12:03:54Z,1782216234,cooldown,2040.0,33353728.0,"{""__name__"": ""process_resident_memory_bytes""}"
1,A,RSS Memory Footprint,java_order,java,order,inventory-go-twin:9082,inventory-go-twin:9082,2026-06-23 17:34:09,2026-06-23T12:04:09Z,1782216249,cooldown,2055.0,31477760.0,"{""__name__"": ""process_resident_memory_bytes""}"
1,A,RSS Memory Footprint,java_order,java,order,order-go-twin:9083,order-go-twin:9083,2026-06-23 17:34:09,2026-06-23T12:04:09Z,1782216249,cooldown,2055.0,32452608.0,"{""__name__"": ""process_resident_memory_bytes""}"
1,A,RSS Memory Footprint,java_order,java,order,warehouse-go:8084,warehouse-go:8084,2026-06-23 17:34:09,2026-06-23T12:04:09Z,1782216249,cooldown,2055.0,33026048.0,"{""__name__"": ""process_resident_memory_bytes""}"
1,A,RSS Memory Footprint,java_order,java,order,inventory-go-twin:9082,inventory-go-twin:9082,2026-06-23 17:34:24,2026-06-23T12:04:24Z,1782216264,cooldown,2070.0,31477760.0,"{""__name__"": ""process_resident_memory_bytes""}"
1,A,RSS Memory Footprint,java_order,java,order,order-go-twin:9083,order-go-twin:9083,2026-06-23 17:34:24,2026-06-23T12:04:24Z,1782216264,cooldown,2070.0,32452608.0,"{""__name__"": ""process_resident_memory_bytes""}"
1,A,RSS Memory Footprint,java_order,java,order,warehouse-go:8084,warehouse-go:8084,2026-06-23 17:34:24,2026-06-23T12:04:24Z,1782216264,cooldown,2070.0,32731136.0,"{""__name__"": ""process_resident_memory_bytes""}"
1,A,RSS Memory Footprint,java_order,java,order,inventory-go-twin:9082,inventory-go-twin:9082,2026-06-23 17:34:39,2026-06-23T12:04:39Z,1782216279,cooldown,2085.0,31477760.0,"{""__name__"": ""process_resident_memory_bytes""}"
1,A,RSS Memory Footprint,java_order,java,order,order-go-twin:9083,order-go-twin:9083,2026-06-23 17:34:39,2026-06-23T12:04:39Z,1782216279,cooldown,2085.0,32452608.0,"{""__name__"": ""process_resident_memory_bytes""}"
1,A,RSS Memory Footprint,java_order,java,order,warehouse-go:8084,warehouse-go:8084,2026-06-23 17:34:39,2026-06-23T12:04:39Z,1782216279,cooldown,2085.0,33214464.0,"{""__name__"": ""process_resident_memory_bytes""}"
1,A,RSS Memory Footprint,java_order,java,order,inventory-go-twin:9082,inventory-go-twin:9082,2026-06-23 17:34:54,2026-06-23T12:04:54Z,1782216294,post_test,2100.0,31477760.0,"{""__name__"": ""process_resident_memory_bytes""}"
1,A,RSS Memory Footprint,java_order,java,order,order-go-twin:9083,order-go-twin:9083,2026-06-23 17:34:54,2026-06-23T12:04:54Z,1782216294,post_test,2100.0,32452608.0,"{""__name__"": ""process_resident_memory_bytes""}"
1,A,RSS Memory Footprint,java_order,java,order,warehouse-go:8084,warehouse-go:8084,2026-06-23 17:34:54,2026-06-23T12:04:54Z,1782216294,post_test,2100.0,33755136.0,"{""__name__"": ""process_resident_memory_bytes""}"
