grafana_panel_id,grafana_ref_id,grafana_panel_title,segment_label,service_type,benchmark_type,instance,service_label,timestamp_local,timestamp_utc,timestamp_unix,load_phase,offset_seconds,value,prom_labels_json
4,A,HTTP Throughput,go_inventory,go,inventory,inventory-java:8082,inventory-java:8082,2026-06-23 17:40:03,2026-06-23T12:10:03Z,1782216603,warmup,0.0,0.19999999999999998,{}
4,A,HTTP Throughput,go_inventory,go,inventory,order-java:8083,order-java:8083,2026-06-23 17:40:03,2026-06-23T12:10:03Z,1782216603,warmup,0.0,0.19999999999999998,{}
4,A,HTTP Throughput,go_inventory,go,inventory,warehouse-java-twin:9084,warehouse-java-twin:9084,2026-06-23 17:40:03,2026-06-23T12:10:03Z,1782216603,warmup,0.0,0.19999636370247814,{}
4,A,HTTP Throughput,go_inventory,go,inventory,inventory-java:8082,inventory-java:8082,2026-06-23 17:40:18,2026-06-23T12:10:18Z,1782216618,warmup,15.0,0.20000363642975327,{}
4,A,HTTP Throughput,go_inventory,go,inventory,order-java:8083,order-java:8083,2026-06-23 17:40:18,2026-06-23T12:10:18Z,1782216618,warmup,15.0,0.19999999999999998,{}
4,A,HTTP Throughput,go_inventory,go,inventory,warehouse-java-twin:9084,warehouse-java-twin:9084,2026-06-23 17:40:18,2026-06-23T12:10:18Z,1782216618,warmup,15.0,0.20000363642975327,{}
4,A,HTTP Throughput,go_inventory,go,inventory,inventory-java:8082,inventory-java:8082,2026-06-23 17:40:33,2026-06-23T12:10:33Z,1782216633,warmup,30.0,0.19999999999999998,{}
4,A,HTTP Throughput,go_inventory,go,inventory,order-java:8083,order-java:8083,2026-06-23 17:40:33,2026-06-23T12:10:33Z,1782216633,warmup,30.0,0.19999999999999998,{}
4,A,HTTP Throughput,go_inventory,go,inventory,warehouse-java-twin:9084,warehouse-java-twin:9084,2026-06-23 17:40:33,2026-06-23T12:10:33Z,1782216633,warmup,30.0,0.19999999999999998,{}
4,A,HTTP Throughput,go_inventory,go,inventory,inventory-java:8082,inventory-java:8082,2026-06-23 17:40:48,2026-06-23T12:10:48Z,1782216648,warmup,45.0,0.19999636370247814,{}
4,A,HTTP Throughput,go_inventory,go,inventory,order-java:8083,order-java:8083,2026-06-23 17:40:48,2026-06-23T12:10:48Z,1782216648,warmup,45.0,0.19999999999999998,{}
4,A,HTTP Throughput,go_inventory,go,inventory,warehouse-java-twin:9084,warehouse-java-twin:9084,2026-06-23 17:40:48,2026-06-23T12:10:48Z,1782216648,warmup,45.0,0.19999999999999998,{}
4,A,HTTP Throughput,go_inventory,go,inventory,inventory-java:8082,inventory-java:8082,2026-06-23 17:41:03,2026-06-23T12:11:03Z,1782216663,warmup,60.0,0.20000363642975327,{}
4,A,HTTP Throughput,go_inventory,go,inventory,order-java:8083,order-java:8083,2026-06-23 17:41:03,2026-06-23T12:11:03Z,1782216663,warmup,60.0,0.19999999999999998,{}
4,A,HTTP Throughput,go_inventory,go,inventory,warehouse-java-twin:9084,warehouse-java-twin:9084,2026-06-23 17:41:03,2026-06-23T12:11:03Z,1782216663,warmup,60.0,0.19999636370247814,{}
4,A,HTTP Throughput,go_inventory,go,inventory,inventory-java:8082,inventory-java:8082,2026-06-23 17:41:18,2026-06-23T12:11:18Z,1782216678,warmup,75.0,0.19999999999999998,{}
4,A,HTTP Throughput,go_inventory,go,inventory,order-java:8083,order-java:8083,2026-06-23 17:41:18,2026-06-23T12:11:18Z,1782216678,warmup,75.0,0.19999999999999998,{}
4,A,HTTP Throughput,go_inventory,go,inventory,warehouse-java-twin:9084,warehouse-java-twin:9084,2026-06-23 17:41:18,2026-06-23T12:11:18Z,1782216678,warmup,75.0,0.19999999999999998,{}
4,A,HTTP Throughput,go_inventory,go,inventory,inventory-java:8082,inventory-java:8082,2026-06-23 17:41:33,2026-06-23T12:11:33Z,1782216693,warmup,90.0,0.19999999999999998,{}
4,A,HTTP Throughput,go_inventory,go,inventory,order-java:8083,order-java:8083,2026-06-23 17:41:33,2026-06-23T12:11:33Z,1782216693,warmup,90.0,0.19999636370247814,{}
4,A,HTTP Throughput,go_inventory,go,inventory,warehouse-java-twin:9084,warehouse-java-twin:9084,2026-06-23 17:41:33,2026-06-23T12:11:33Z,1782216693,warmup,90.0,0.19999999999999998,{}
4,A,HTTP Throughput,go_inventory,go,inventory,inventory-java:8082,inventory-java:8082,2026-06-23 17:41:48,2026-06-23T12:11:48Z,1782216708,warmup,105.0,0.19999636370247814,{}
4,A,HTTP Throughput,go_inventory,go,inventory,order-java:8083,order-java:8083,2026-06-23 17:41:48,2026-06-23T12:11:48Z,1782216708,warmup,105.0,0.19999999999999998,{}
4,A,HTTP Throughput,go_inventory,go,inventory,warehouse-java-twin:9084,warehouse-java-twin:9084,2026-06-23 17:41:48,2026-06-23T12:11:48Z,1782216708,warmup,105.0,0.19999999999999998,{}
4,A,HTTP Throughput,go_inventory,go,inventory,inventory-java:8082,inventory-java:8082,2026-06-23 17:42:03,2026-06-23T12:12:03Z,1782216723,warmup,120.0,0.20000363642975327,{}
4,A,HTTP Throughput,go_inventory,go,inventory,order-java:8083,order-java:8083,2026-06-23 17:42:03,2026-06-23T12:12:03Z,1782216723,warmup,120.0,0.19999999999999998,{}
4,A,HTTP Throughput,go_inventory,go,inventory,warehouse-java-twin:9084,warehouse-java-twin:9084,2026-06-23 17:42:03,2026-06-23T12:12:03Z,1782216723,warmup,120.0,0.19999636370247814,{}
4,A,HTTP Throughput,go_inventory,go,inventory,inventory-java:8082,inventory-java:8082,2026-06-23 17:42:18,2026-06-23T12:12:18Z,1782216738,warmup,135.0,0.19999999999999998,{}
4,A,HTTP Throughput,go_inventory,go,inventory,order-java:8083,order-java:8083,2026-06-23 17:42:18,2026-06-23T12:12:18Z,1782216738,warmup,135.0,0.19999999999999998,{}
4,A,HTTP Throughput,go_inventory,go,inventory,warehouse-java-twin:9084,warehouse-java-twin:9084,2026-06-23 17:42:18,2026-06-23T12:12:18Z,1782216738,warmup,135.0,0.19999999999999998,{}
4,A,HTTP Throughput,go_inventory,go,inventory,inventory-java:8082,inventory-java:8082,2026-06-23 17:42:33,2026-06-23T12:12:33Z,1782216753,warmup,150.0,0.19999636370247814,{}
4,A,HTTP Throughput,go_inventory,go,inventory,order-java:8083,order-java:8083,2026-06-23 17:42:33,2026-06-23T12:12:33Z,1782216753,warmup,150.0,0.19999999999999998,{}
4,A,HTTP Throughput,go_inventory,go,inventory,warehouse-java-twin:9084,warehouse-java-twin:9084,2026-06-23 17:42:33,2026-06-23T12:12:33Z,1782216753,warmup,150.0,0.19999999999999998,{}
4,A,HTTP Throughput,go_inventory,go,inventory,inventory-java:8082,inventory-java:8082,2026-06-23 17:42:48,2026-06-23T12:12:48Z,1782216768,warmup,165.0,0.20000363642975327,{}
4,A,HTTP Throughput,go_inventory,go,inventory,order-java:8083,order-java:8083,2026-06-23 17:42:48,2026-06-23T12:12:48Z,1782216768,warmup,165.0,0.19999999999999998,{}
4,A,HTTP Throughput,go_inventory,go,inventory,warehouse-java-twin:9084,warehouse-java-twin:9084,2026-06-23 17:42:48,2026-06-23T12:12:48Z,1782216768,warmup,165.0,0.20000363642975327,{}
4,A,HTTP Throughput,go_inventory,go,inventory,inventory-java:8082,inventory-java:8082,2026-06-23 17:43:03,2026-06-23T12:13:03Z,1782216783,warmup,180.0,0.20000363642975327,{}
4,A,HTTP Throughput,go_inventory,go,inventory,order-java:8083,order-java:8083,2026-06-23 17:43:03,2026-06-23T12:13:03Z,1782216783,warmup,180.0,0.19999999999999998,{}
4,A,HTTP Throughput,go_inventory,go,inventory,warehouse-java-twin:9084,warehouse-java-twin:9084,2026-06-23 17:43:03,2026-06-23T12:13:03Z,1782216783,warmup,180.0,0.20000363642975327,{}
4,A,HTTP Throughput,go_inventory,go,inventory,inventory-java:8082,inventory-java:8082,2026-06-23 17:43:18,2026-06-23T12:13:18Z,1782216798,warmup,195.0,0.19999999999999998,{}
4,A,HTTP Throughput,go_inventory,go,inventory,order-java:8083,order-java:8083,2026-06-23 17:43:18,2026-06-23T12:13:18Z,1782216798,warmup,195.0,0.19999636370247814,{}
4,A,HTTP Throughput,go_inventory,go,inventory,warehouse-java-twin:9084,warehouse-java-twin:9084,2026-06-23 17:43:18,2026-06-23T12:13:18Z,1782216798,warmup,195.0,0.19999999999999998,{}
4,A,HTTP Throughput,go_inventory,go,inventory,inventory-java:8082,inventory-java:8082,2026-06-23 17:43:33,2026-06-23T12:13:33Z,1782216813,warmup,210.0,0.20000363642975327,{}
4,A,HTTP Throughput,go_inventory,go,inventory,order-java:8083,order-java:8083,2026-06-23 17:43:33,2026-06-23T12:13:33Z,1782216813,warmup,210.0,0.19999999999999998,{}
4,A,HTTP Throughput,go_inventory,go,inventory,warehouse-java-twin:9084,warehouse-java-twin:9084,2026-06-23 17:43:33,2026-06-23T12:13:33Z,1782216813,warmup,210.0,0.20000363642975327,{}
4,A,HTTP Throughput,go_inventory,go,inventory,inventory-java:8082,inventory-java:8082,2026-06-23 17:43:48,2026-06-23T12:13:48Z,1782216828,warmup,225.0,0.19999999999999998,{}
4,A,HTTP Throughput,go_inventory,go,inventory,order-java:8083,order-java:8083,2026-06-23 17:43:48,2026-06-23T12:13:48Z,1782216828,warmup,225.0,0.20000363642975327,{}
4,A,HTTP Throughput,go_inventory,go,inventory,warehouse-java-twin:9084,warehouse-java-twin:9084,2026-06-23 17:43:48,2026-06-23T12:13:48Z,1782216828,warmup,225.0,0.19999636370247814,{}
4,A,HTTP Throughput,go_inventory,go,inventory,inventory-java:8082,inventory-java:8082,2026-06-23 17:44:03,2026-06-23T12:14:03Z,1782216843,warmup,240.0,0.19999636370247814,{}
4,A,HTTP Throughput,go_inventory,go,inventory,order-java:8083,order-java:8083,2026-06-23 17:44:03,2026-06-23T12:14:03Z,1782216843,warmup,240.0,0.19999999999999998,{}
4,A,HTTP Throughput,go_inventory,go,inventory,warehouse-java-twin:9084,warehouse-java-twin:9084,2026-06-23 17:44:03,2026-06-23T12:14:03Z,1782216843,warmup,240.0,0.20000363642975327,{}
4,A,HTTP Throughput,go_inventory,go,inventory,inventory-java:8082,inventory-java:8082,2026-06-23 17:44:18,2026-06-23T12:14:18Z,1782216858,warmup,255.0,0.19999999999999998,{}
4,A,HTTP Throughput,go_inventory,go,inventory,order-java:8083,order-java:8083,2026-06-23 17:44:18,2026-06-23T12:14:18Z,1782216858,warmup,255.0,0.19999999999999998,{}
4,A,HTTP Throughput,go_inventory,go,inventory,warehouse-java-twin:9084,warehouse-java-twin:9084,2026-06-23 17:44:18,2026-06-23T12:14:18Z,1782216858,warmup,255.0,0.19999636370247814,{}
4,A,HTTP Throughput,go_inventory,go,inventory,inventory-java:8082,inventory-java:8082,2026-06-23 17:44:33,2026-06-23T12:14:33Z,1782216873,warmup,270.0,0.19999999999999998,{}
4,A,HTTP Throughput,go_inventory,go,inventory,order-java:8083,order-java:8083,2026-06-23 17:44:33,2026-06-23T12:14:33Z,1782216873,warmup,270.0,0.19999999999999998,{}
4,A,HTTP Throughput,go_inventory,go,inventory,warehouse-java-twin:9084,warehouse-java-twin:9084,2026-06-23 17:44:33,2026-06-23T12:14:33Z,1782216873,warmup,270.0,0.19999636370247814,{}
4,A,HTTP Throughput,go_inventory,go,inventory,inventory-java:8082,inventory-java:8082,2026-06-23 17:44:48,2026-06-23T12:14:48Z,1782216888,warmup,285.0,0.19999636370247814,{}
4,A,HTTP Throughput,go_inventory,go,inventory,order-java:8083,order-java:8083,2026-06-23 17:44:48,2026-06-23T12:14:48Z,1782216888,warmup,285.0,0.19999999999999998,{}
4,A,HTTP Throughput,go_inventory,go,inventory,warehouse-java-twin:9084,warehouse-java-twin:9084,2026-06-23 17:44:48,2026-06-23T12:14:48Z,1782216888,warmup,285.0,0.20000727299174512,{}
4,A,HTTP Throughput,go_inventory,go,inventory,inventory-java:8082,inventory-java:8082,2026-06-23 17:45:03,2026-06-23T12:15:03Z,1782216903,ramp_1,300.0,0.19999999999999998,{}
4,A,HTTP Throughput,go_inventory,go,inventory,order-java:8083,order-java:8083,2026-06-23 17:45:03,2026-06-23T12:15:03Z,1782216903,ramp_1,300.0,0.19999999999999998,{}
4,A,HTTP Throughput,go_inventory,go,inventory,warehouse-java-twin:9084,warehouse-java-twin:9084,2026-06-23 17:45:03,2026-06-23T12:15:03Z,1782216903,ramp_1,300.0,0.20000363642975327,{}
4,A,HTTP Throughput,go_inventory,go,inventory,inventory-java:8082,inventory-java:8082,2026-06-23 17:45:18,2026-06-23T12:15:18Z,1782216918,ramp_1,315.0,0.19999999999999998,{}
4,A,HTTP Throughput,go_inventory,go,inventory,order-java:8083,order-java:8083,2026-06-23 17:45:18,2026-06-23T12:15:18Z,1782216918,ramp_1,315.0,0.19999999999999998,{}
4,A,HTTP Throughput,go_inventory,go,inventory,warehouse-java-twin:9084,warehouse-java-twin:9084,2026-06-23 17:45:18,2026-06-23T12:15:18Z,1782216918,ramp_1,315.0,0.19999999999999998,{}
4,A,HTTP Throughput,go_inventory,go,inventory,inventory-java:8082,inventory-java:8082,2026-06-23 17:45:33,2026-06-23T12:15:33Z,1782216933,ramp_1,330.0,0.19999999999999998,{}
4,A,HTTP Throughput,go_inventory,go,inventory,order-java:8083,order-java:8083,2026-06-23 17:45:33,2026-06-23T12:15:33Z,1782216933,ramp_1,330.0,0.19999999999999998,{}
4,A,HTTP Throughput,go_inventory,go,inventory,warehouse-java-twin:9084,warehouse-java-twin:9084,2026-06-23 17:45:33,2026-06-23T12:15:33Z,1782216933,ramp_1,330.0,0.19999999999999998,{}
4,A,HTTP Throughput,go_inventory,go,inventory,inventory-java:8082,inventory-java:8082,2026-06-23 17:45:48,2026-06-23T12:15:48Z,1782216948,ramp_1,345.0,0.19999999999999998,{}
4,A,HTTP Throughput,go_inventory,go,inventory,order-java:8083,order-java:8083,2026-06-23 17:45:48,2026-06-23T12:15:48Z,1782216948,ramp_1,345.0,0.20000363642975327,{}
4,A,HTTP Throughput,go_inventory,go,inventory,warehouse-java-twin:9084,warehouse-java-twin:9084,2026-06-23 17:45:48,2026-06-23T12:15:48Z,1782216948,ramp_1,345.0,0.19999999999999998,{}
4,A,HTTP Throughput,go_inventory,go,inventory,inventory-java:8082,inventory-java:8082,2026-06-23 17:46:03,2026-06-23T12:16:03Z,1782216963,ramp_1,360.0,0.20000363642975327,{}
4,A,HTTP Throughput,go_inventory,go,inventory,order-java:8083,order-java:8083,2026-06-23 17:46:03,2026-06-23T12:16:03Z,1782216963,ramp_1,360.0,0.19999999999999998,{}
4,A,HTTP Throughput,go_inventory,go,inventory,warehouse-java-twin:9084,warehouse-java-twin:9084,2026-06-23 17:46:03,2026-06-23T12:16:03Z,1782216963,ramp_1,360.0,0.20000363642975327,{}
4,A,HTTP Throughput,go_inventory,go,inventory,inventory-java:8082,inventory-java:8082,2026-06-23 17:46:18,2026-06-23T12:16:18Z,1782216978,ramp_1,375.0,0.20000363642975327,{}
4,A,HTTP Throughput,go_inventory,go,inventory,order-java:8083,order-java:8083,2026-06-23 17:46:18,2026-06-23T12:16:18Z,1782216978,ramp_1,375.0,0.19999999999999998,{}
4,A,HTTP Throughput,go_inventory,go,inventory,warehouse-java-twin:9084,warehouse-java-twin:9084,2026-06-23 17:46:18,2026-06-23T12:16:18Z,1782216978,ramp_1,375.0,0.19999999999999998,{}
4,A,HTTP Throughput,go_inventory,go,inventory,inventory-java:8082,inventory-java:8082,2026-06-23 17:46:33,2026-06-23T12:16:33Z,1782216993,ramp_1,390.0,0.19999999999999998,{}
4,A,HTTP Throughput,go_inventory,go,inventory,order-java:8083,order-java:8083,2026-06-23 17:46:33,2026-06-23T12:16:33Z,1782216993,ramp_1,390.0,0.19999999999999998,{}
4,A,HTTP Throughput,go_inventory,go,inventory,warehouse-java-twin:9084,warehouse-java-twin:9084,2026-06-23 17:46:33,2026-06-23T12:16:33Z,1782216993,ramp_1,390.0,0.19999636370247814,{}
4,A,HTTP Throughput,go_inventory,go,inventory,inventory-java:8082,inventory-java:8082,2026-06-23 17:46:48,2026-06-23T12:16:48Z,1782217008,ramp_1,405.0,0.19999999999999998,{}
4,A,HTTP Throughput,go_inventory,go,inventory,order-java:8083,order-java:8083,2026-06-23 17:46:48,2026-06-23T12:16:48Z,1782217008,ramp_1,405.0,0.19999999999999998,{}
4,A,HTTP Throughput,go_inventory,go,inventory,warehouse-java-twin:9084,warehouse-java-twin:9084,2026-06-23 17:46:48,2026-06-23T12:16:48Z,1782217008,ramp_1,405.0,0.19999999999999998,{}
4,A,HTTP Throughput,go_inventory,go,inventory,inventory-java:8082,inventory-java:8082,2026-06-23 17:47:03,2026-06-23T12:17:03Z,1782217023,ramp_1,420.0,0.19999999999999998,{}
4,A,HTTP Throughput,go_inventory,go,inventory,order-java:8083,order-java:8083,2026-06-23 17:47:03,2026-06-23T12:17:03Z,1782217023,ramp_1,420.0,0.19999999999999998,{}
4,A,HTTP Throughput,go_inventory,go,inventory,warehouse-java-twin:9084,warehouse-java-twin:9084,2026-06-23 17:47:03,2026-06-23T12:17:03Z,1782217023,ramp_1,420.0,0.19999636370247814,{}
4,A,HTTP Throughput,go_inventory,go,inventory,inventory-java:8082,inventory-java:8082,2026-06-23 17:47:18,2026-06-23T12:17:18Z,1782217038,ramp_1,435.0,0.20000363642975327,{}
4,A,HTTP Throughput,go_inventory,go,inventory,order-java:8083,order-java:8083,2026-06-23 17:47:18,2026-06-23T12:17:18Z,1782217038,ramp_1,435.0,0.19999999999999998,{}
4,A,HTTP Throughput,go_inventory,go,inventory,warehouse-java-twin:9084,warehouse-java-twin:9084,2026-06-23 17:47:18,2026-06-23T12:17:18Z,1782217038,ramp_1,435.0,0.19999999999999998,{}
4,A,HTTP Throughput,go_inventory,go,inventory,inventory-java:8082,inventory-java:8082,2026-06-23 17:47:33,2026-06-23T12:17:33Z,1782217053,ramp_1,450.0,0.19999999999999998,{}
4,A,HTTP Throughput,go_inventory,go,inventory,order-java:8083,order-java:8083,2026-06-23 17:47:33,2026-06-23T12:17:33Z,1782217053,ramp_1,450.0,0.20000363642975327,{}
4,A,HTTP Throughput,go_inventory,go,inventory,warehouse-java-twin:9084,warehouse-java-twin:9084,2026-06-23 17:47:33,2026-06-23T12:17:33Z,1782217053,ramp_1,450.0,0.19999999999999998,{}
4,A,HTTP Throughput,go_inventory,go,inventory,inventory-java:8082,inventory-java:8082,2026-06-23 17:47:48,2026-06-23T12:17:48Z,1782217068,ramp_1,465.0,0.20000363642975327,{}
4,A,HTTP Throughput,go_inventory,go,inventory,order-java:8083,order-java:8083,2026-06-23 17:47:48,2026-06-23T12:17:48Z,1782217068,ramp_1,465.0,0.19999999999999998,{}
4,A,HTTP Throughput,go_inventory,go,inventory,warehouse-java-twin:9084,warehouse-java-twin:9084,2026-06-23 17:47:48,2026-06-23T12:17:48Z,1782217068,ramp_1,465.0,0.19999999999999998,{}
4,A,HTTP Throughput,go_inventory,go,inventory,inventory-java:8082,inventory-java:8082,2026-06-23 17:48:03,2026-06-23T12:18:03Z,1782217083,ramp_1,480.0,0.19999636370247814,{}
4,A,HTTP Throughput,go_inventory,go,inventory,order-java:8083,order-java:8083,2026-06-23 17:48:03,2026-06-23T12:18:03Z,1782217083,ramp_1,480.0,0.19999999999999998,{}
4,A,HTTP Throughput,go_inventory,go,inventory,warehouse-java-twin:9084,warehouse-java-twin:9084,2026-06-23 17:48:03,2026-06-23T12:18:03Z,1782217083,ramp_1,480.0,0.19999999999999998,{}
4,A,HTTP Throughput,go_inventory,go,inventory,inventory-java:8082,inventory-java:8082,2026-06-23 17:48:18,2026-06-23T12:18:18Z,1782217098,ramp_1,495.0,0.19999636370247814,{}
4,A,HTTP Throughput,go_inventory,go,inventory,order-java:8083,order-java:8083,2026-06-23 17:48:18,2026-06-23T12:18:18Z,1782217098,ramp_1,495.0,0.19999999999999998,{}
4,A,HTTP Throughput,go_inventory,go,inventory,warehouse-java-twin:9084,warehouse-java-twin:9084,2026-06-23 17:48:18,2026-06-23T12:18:18Z,1782217098,ramp_1,495.0,0.19999999999999998,{}
4,A,HTTP Throughput,go_inventory,go,inventory,inventory-java:8082,inventory-java:8082,2026-06-23 17:48:33,2026-06-23T12:18:33Z,1782217113,ramp_1,510.0,0.20000363642975327,{}
4,A,HTTP Throughput,go_inventory,go,inventory,order-java:8083,order-java:8083,2026-06-23 17:48:33,2026-06-23T12:18:33Z,1782217113,ramp_1,510.0,0.19999999999999998,{}
4,A,HTTP Throughput,go_inventory,go,inventory,warehouse-java-twin:9084,warehouse-java-twin:9084,2026-06-23 17:48:33,2026-06-23T12:18:33Z,1782217113,ramp_1,510.0,0.20000363642975327,{}
4,A,HTTP Throughput,go_inventory,go,inventory,inventory-java:8082,inventory-java:8082,2026-06-23 17:48:48,2026-06-23T12:18:48Z,1782217128,ramp_1,525.0,0.20000363642975327,{}
4,A,HTTP Throughput,go_inventory,go,inventory,order-java:8083,order-java:8083,2026-06-23 17:48:48,2026-06-23T12:18:48Z,1782217128,ramp_1,525.0,0.19999999999999998,{}
4,A,HTTP Throughput,go_inventory,go,inventory,warehouse-java-twin:9084,warehouse-java-twin:9084,2026-06-23 17:48:48,2026-06-23T12:18:48Z,1782217128,ramp_1,525.0,0.19999999999999998,{}
4,A,HTTP Throughput,go_inventory,go,inventory,inventory-java:8082,inventory-java:8082,2026-06-23 17:49:03,2026-06-23T12:19:03Z,1782217143,ramp_1,540.0,0.19999999999999998,{}
4,A,HTTP Throughput,go_inventory,go,inventory,order-java:8083,order-java:8083,2026-06-23 17:49:03,2026-06-23T12:19:03Z,1782217143,ramp_1,540.0,0.19999999999999998,{}
4,A,HTTP Throughput,go_inventory,go,inventory,warehouse-java-twin:9084,warehouse-java-twin:9084,2026-06-23 17:49:03,2026-06-23T12:19:03Z,1782217143,ramp_1,540.0,0.19999999999999998,{}
4,A,HTTP Throughput,go_inventory,go,inventory,inventory-java:8082,inventory-java:8082,2026-06-23 17:49:18,2026-06-23T12:19:18Z,1782217158,ramp_1,555.0,0.19999999999999998,{}
4,A,HTTP Throughput,go_inventory,go,inventory,order-java:8083,order-java:8083,2026-06-23 17:49:18,2026-06-23T12:19:18Z,1782217158,ramp_1,555.0,0.19999999999999998,{}
4,A,HTTP Throughput,go_inventory,go,inventory,warehouse-java-twin:9084,warehouse-java-twin:9084,2026-06-23 17:49:18,2026-06-23T12:19:18Z,1782217158,ramp_1,555.0,0.19999999999999998,{}
4,A,HTTP Throughput,go_inventory,go,inventory,inventory-java:8082,inventory-java:8082,2026-06-23 17:49:33,2026-06-23T12:19:33Z,1782217173,ramp_1,570.0,0.20000363642975327,{}
4,A,HTTP Throughput,go_inventory,go,inventory,order-java:8083,order-java:8083,2026-06-23 17:49:33,2026-06-23T12:19:33Z,1782217173,ramp_1,570.0,0.19999999999999998,{}
4,A,HTTP Throughput,go_inventory,go,inventory,warehouse-java-twin:9084,warehouse-java-twin:9084,2026-06-23 17:49:33,2026-06-23T12:19:33Z,1782217173,ramp_1,570.0,0.19999999999999998,{}
4,A,HTTP Throughput,go_inventory,go,inventory,inventory-java:8082,inventory-java:8082,2026-06-23 17:49:48,2026-06-23T12:19:48Z,1782217188,ramp_1,585.0,0.19999999999999998,{}
4,A,HTTP Throughput,go_inventory,go,inventory,order-java:8083,order-java:8083,2026-06-23 17:49:48,2026-06-23T12:19:48Z,1782217188,ramp_1,585.0,0.19999636370247814,{}
4,A,HTTP Throughput,go_inventory,go,inventory,warehouse-java-twin:9084,warehouse-java-twin:9084,2026-06-23 17:49:48,2026-06-23T12:19:48Z,1782217188,ramp_1,585.0,0.20000363642975327,{}
4,A,HTTP Throughput,go_inventory,go,inventory,inventory-java:8082,inventory-java:8082,2026-06-23 17:50:03,2026-06-23T12:20:03Z,1782217203,ramp_2,600.0,0.19999999999999998,{}
4,A,HTTP Throughput,go_inventory,go,inventory,order-java:8083,order-java:8083,2026-06-23 17:50:03,2026-06-23T12:20:03Z,1782217203,ramp_2,600.0,0.19999999999999998,{}
4,A,HTTP Throughput,go_inventory,go,inventory,warehouse-java-twin:9084,warehouse-java-twin:9084,2026-06-23 17:50:03,2026-06-23T12:20:03Z,1782217203,ramp_2,600.0,0.20000363642975327,{}
4,A,HTTP Throughput,go_inventory,go,inventory,inventory-java:8082,inventory-java:8082,2026-06-23 17:50:18,2026-06-23T12:20:18Z,1782217218,ramp_2,615.0,0.19999999999999998,{}
4,A,HTTP Throughput,go_inventory,go,inventory,order-java:8083,order-java:8083,2026-06-23 17:50:18,2026-06-23T12:20:18Z,1782217218,ramp_2,615.0,0.19999999999999998,{}
4,A,HTTP Throughput,go_inventory,go,inventory,warehouse-java-twin:9084,warehouse-java-twin:9084,2026-06-23 17:50:18,2026-06-23T12:20:18Z,1782217218,ramp_2,615.0,0.19999999999999998,{}
4,A,HTTP Throughput,go_inventory,go,inventory,inventory-java:8082,inventory-java:8082,2026-06-23 17:50:33,2026-06-23T12:20:33Z,1782217233,ramp_2,630.0,0.19999999999999998,{}
4,A,HTTP Throughput,go_inventory,go,inventory,order-java:8083,order-java:8083,2026-06-23 17:50:33,2026-06-23T12:20:33Z,1782217233,ramp_2,630.0,0.20000363642975327,{}
4,A,HTTP Throughput,go_inventory,go,inventory,warehouse-java-twin:9084,warehouse-java-twin:9084,2026-06-23 17:50:33,2026-06-23T12:20:33Z,1782217233,ramp_2,630.0,0.19999999999999998,{}
4,A,HTTP Throughput,go_inventory,go,inventory,inventory-java:8082,inventory-java:8082,2026-06-23 17:50:48,2026-06-23T12:20:48Z,1782217248,ramp_2,645.0,0.19999999999999998,{}
4,A,HTTP Throughput,go_inventory,go,inventory,order-java:8083,order-java:8083,2026-06-23 17:50:48,2026-06-23T12:20:48Z,1782217248,ramp_2,645.0,0.19999636370247814,{}
4,A,HTTP Throughput,go_inventory,go,inventory,warehouse-java-twin:9084,warehouse-java-twin:9084,2026-06-23 17:50:48,2026-06-23T12:20:48Z,1782217248,ramp_2,645.0,0.20000363642975327,{}
4,A,HTTP Throughput,go_inventory,go,inventory,inventory-java:8082,inventory-java:8082,2026-06-23 17:51:03,2026-06-23T12:21:03Z,1782217263,ramp_2,660.0,0.19999999999999998,{}
4,A,HTTP Throughput,go_inventory,go,inventory,order-java:8083,order-java:8083,2026-06-23 17:51:03,2026-06-23T12:21:03Z,1782217263,ramp_2,660.0,0.19999999999999998,{}
4,A,HTTP Throughput,go_inventory,go,inventory,warehouse-java-twin:9084,warehouse-java-twin:9084,2026-06-23 17:51:03,2026-06-23T12:21:03Z,1782217263,ramp_2,660.0,0.19999999999999998,{}
4,A,HTTP Throughput,go_inventory,go,inventory,inventory-java:8082,inventory-java:8082,2026-06-23 17:51:18,2026-06-23T12:21:18Z,1782217278,ramp_2,675.0,0.19999999999999998,{}
4,A,HTTP Throughput,go_inventory,go,inventory,order-java:8083,order-java:8083,2026-06-23 17:51:18,2026-06-23T12:21:18Z,1782217278,ramp_2,675.0,0.19999999999999998,{}
4,A,HTTP Throughput,go_inventory,go,inventory,warehouse-java-twin:9084,warehouse-java-twin:9084,2026-06-23 17:51:18,2026-06-23T12:21:18Z,1782217278,ramp_2,675.0,0.19999636370247814,{}
4,A,HTTP Throughput,go_inventory,go,inventory,inventory-java:8082,inventory-java:8082,2026-06-23 17:51:33,2026-06-23T12:21:33Z,1782217293,ramp_2,690.0,0.19999999999999998,{}
4,A,HTTP Throughput,go_inventory,go,inventory,order-java:8083,order-java:8083,2026-06-23 17:51:33,2026-06-23T12:21:33Z,1782217293,ramp_2,690.0,0.19999999999999998,{}
4,A,HTTP Throughput,go_inventory,go,inventory,warehouse-java-twin:9084,warehouse-java-twin:9084,2026-06-23 17:51:33,2026-06-23T12:21:33Z,1782217293,ramp_2,690.0,0.19999999999999998,{}
4,A,HTTP Throughput,go_inventory,go,inventory,inventory-java:8082,inventory-java:8082,2026-06-23 17:51:48,2026-06-23T12:21:48Z,1782217308,ramp_2,705.0,0.20000363642975327,{}
4,A,HTTP Throughput,go_inventory,go,inventory,order-java:8083,order-java:8083,2026-06-23 17:51:48,2026-06-23T12:21:48Z,1782217308,ramp_2,705.0,0.20000363642975327,{}
4,A,HTTP Throughput,go_inventory,go,inventory,warehouse-java-twin:9084,warehouse-java-twin:9084,2026-06-23 17:51:48,2026-06-23T12:21:48Z,1782217308,ramp_2,705.0,0.19999999999999998,{}
4,A,HTTP Throughput,go_inventory,go,inventory,inventory-java:8082,inventory-java:8082,2026-06-23 17:52:03,2026-06-23T12:22:03Z,1782217323,ramp_2,720.0,0.19999999999999998,{}
4,A,HTTP Throughput,go_inventory,go,inventory,order-java:8083,order-java:8083,2026-06-23 17:52:03,2026-06-23T12:22:03Z,1782217323,ramp_2,720.0,0.19999999999999998,{}
4,A,HTTP Throughput,go_inventory,go,inventory,warehouse-java-twin:9084,warehouse-java-twin:9084,2026-06-23 17:52:03,2026-06-23T12:22:03Z,1782217323,ramp_2,720.0,0.20000363642975327,{}
4,A,HTTP Throughput,go_inventory,go,inventory,inventory-java:8082,inventory-java:8082,2026-06-23 17:52:18,2026-06-23T12:22:18Z,1782217338,ramp_2,735.0,0.20000363642975327,{}
4,A,HTTP Throughput,go_inventory,go,inventory,order-java:8083,order-java:8083,2026-06-23 17:52:18,2026-06-23T12:22:18Z,1782217338,ramp_2,735.0,0.19999999999999998,{}
4,A,HTTP Throughput,go_inventory,go,inventory,warehouse-java-twin:9084,warehouse-java-twin:9084,2026-06-23 17:52:18,2026-06-23T12:22:18Z,1782217338,ramp_2,735.0,0.19999636370247814,{}
4,A,HTTP Throughput,go_inventory,go,inventory,inventory-java:8082,inventory-java:8082,2026-06-23 17:52:33,2026-06-23T12:22:33Z,1782217353,ramp_2,750.0,0.19999999999999998,{}
4,A,HTTP Throughput,go_inventory,go,inventory,order-java:8083,order-java:8083,2026-06-23 17:52:33,2026-06-23T12:22:33Z,1782217353,ramp_2,750.0,0.19999999999999998,{}
4,A,HTTP Throughput,go_inventory,go,inventory,warehouse-java-twin:9084,warehouse-java-twin:9084,2026-06-23 17:52:33,2026-06-23T12:22:33Z,1782217353,ramp_2,750.0,0.19999636370247814,{}
4,A,HTTP Throughput,go_inventory,go,inventory,inventory-java:8082,inventory-java:8082,2026-06-23 17:52:48,2026-06-23T12:22:48Z,1782217368,ramp_2,765.0,0.19999999999999998,{}
4,A,HTTP Throughput,go_inventory,go,inventory,order-java:8083,order-java:8083,2026-06-23 17:52:48,2026-06-23T12:22:48Z,1782217368,ramp_2,765.0,0.19999999999999998,{}
4,A,HTTP Throughput,go_inventory,go,inventory,warehouse-java-twin:9084,warehouse-java-twin:9084,2026-06-23 17:52:48,2026-06-23T12:22:48Z,1782217368,ramp_2,765.0,0.19999636370247814,{}
4,A,HTTP Throughput,go_inventory,go,inventory,inventory-java:8082,inventory-java:8082,2026-06-23 17:53:03,2026-06-23T12:23:03Z,1782217383,ramp_2,780.0,0.19999999999999998,{}
4,A,HTTP Throughput,go_inventory,go,inventory,order-java:8083,order-java:8083,2026-06-23 17:53:03,2026-06-23T12:23:03Z,1782217383,ramp_2,780.0,0.19999999999999998,{}
4,A,HTTP Throughput,go_inventory,go,inventory,warehouse-java-twin:9084,warehouse-java-twin:9084,2026-06-23 17:53:03,2026-06-23T12:23:03Z,1782217383,ramp_2,780.0,0.20000363642975327,{}
4,A,HTTP Throughput,go_inventory,go,inventory,inventory-java:8082,inventory-java:8082,2026-06-23 17:53:18,2026-06-23T12:23:18Z,1782217398,ramp_2,795.0,0.19999999999999998,{}
4,A,HTTP Throughput,go_inventory,go,inventory,order-java:8083,order-java:8083,2026-06-23 17:53:18,2026-06-23T12:23:18Z,1782217398,ramp_2,795.0,0.19999999999999998,{}
4,A,HTTP Throughput,go_inventory,go,inventory,warehouse-java-twin:9084,warehouse-java-twin:9084,2026-06-23 17:53:18,2026-06-23T12:23:18Z,1782217398,ramp_2,795.0,0.19999999999999998,{}
4,A,HTTP Throughput,go_inventory,go,inventory,inventory-java:8082,inventory-java:8082,2026-06-23 17:53:33,2026-06-23T12:23:33Z,1782217413,ramp_2,810.0,0.20000363642975327,{}
4,A,HTTP Throughput,go_inventory,go,inventory,order-java:8083,order-java:8083,2026-06-23 17:53:33,2026-06-23T12:23:33Z,1782217413,ramp_2,810.0,0.19999999999999998,{}
4,A,HTTP Throughput,go_inventory,go,inventory,warehouse-java-twin:9084,warehouse-java-twin:9084,2026-06-23 17:53:33,2026-06-23T12:23:33Z,1782217413,ramp_2,810.0,0.19999636370247814,{}
4,A,HTTP Throughput,go_inventory,go,inventory,inventory-java:8082,inventory-java:8082,2026-06-23 17:53:48,2026-06-23T12:23:48Z,1782217428,ramp_2,825.0,0.19999636370247814,{}
4,A,HTTP Throughput,go_inventory,go,inventory,order-java:8083,order-java:8083,2026-06-23 17:53:48,2026-06-23T12:23:48Z,1782217428,ramp_2,825.0,0.19999999999999998,{}
4,A,HTTP Throughput,go_inventory,go,inventory,warehouse-java-twin:9084,warehouse-java-twin:9084,2026-06-23 17:53:48,2026-06-23T12:23:48Z,1782217428,ramp_2,825.0,0.20000363642975327,{}
4,A,HTTP Throughput,go_inventory,go,inventory,inventory-java:8082,inventory-java:8082,2026-06-23 17:54:03,2026-06-23T12:24:03Z,1782217443,ramp_2,840.0,0.20000363642975327,{}
4,A,HTTP Throughput,go_inventory,go,inventory,order-java:8083,order-java:8083,2026-06-23 17:54:03,2026-06-23T12:24:03Z,1782217443,ramp_2,840.0,0.19999999999999998,{}
4,A,HTTP Throughput,go_inventory,go,inventory,warehouse-java-twin:9084,warehouse-java-twin:9084,2026-06-23 17:54:03,2026-06-23T12:24:03Z,1782217443,ramp_2,840.0,0.19999999999999998,{}
4,A,HTTP Throughput,go_inventory,go,inventory,inventory-java:8082,inventory-java:8082,2026-06-23 17:54:18,2026-06-23T12:24:18Z,1782217458,ramp_2,855.0,0.19999999999999998,{}
4,A,HTTP Throughput,go_inventory,go,inventory,order-java:8083,order-java:8083,2026-06-23 17:54:18,2026-06-23T12:24:18Z,1782217458,ramp_2,855.0,0.19999999999999998,{}
4,A,HTTP Throughput,go_inventory,go,inventory,warehouse-java-twin:9084,warehouse-java-twin:9084,2026-06-23 17:54:18,2026-06-23T12:24:18Z,1782217458,ramp_2,855.0,0.19999636370247814,{}
4,A,HTTP Throughput,go_inventory,go,inventory,inventory-java:8082,inventory-java:8082,2026-06-23 17:54:33,2026-06-23T12:24:33Z,1782217473,ramp_2,870.0,0.19999999999999998,{}
4,A,HTTP Throughput,go_inventory,go,inventory,order-java:8083,order-java:8083,2026-06-23 17:54:33,2026-06-23T12:24:33Z,1782217473,ramp_2,870.0,0.19999999999999998,{}
4,A,HTTP Throughput,go_inventory,go,inventory,warehouse-java-twin:9084,warehouse-java-twin:9084,2026-06-23 17:54:33,2026-06-23T12:24:33Z,1782217473,ramp_2,870.0,0.19999636370247814,{}
4,A,HTTP Throughput,go_inventory,go,inventory,inventory-java:8082,inventory-java:8082,2026-06-23 17:54:48,2026-06-23T12:24:48Z,1782217488,ramp_2,885.0,0.19999999999999998,{}
4,A,HTTP Throughput,go_inventory,go,inventory,order-java:8083,order-java:8083,2026-06-23 17:54:48,2026-06-23T12:24:48Z,1782217488,ramp_2,885.0,0.19999999999999998,{}
4,A,HTTP Throughput,go_inventory,go,inventory,warehouse-java-twin:9084,warehouse-java-twin:9084,2026-06-23 17:54:48,2026-06-23T12:24:48Z,1782217488,ramp_2,885.0,0.19999999999999998,{}
4,A,HTTP Throughput,go_inventory,go,inventory,inventory-java:8082,inventory-java:8082,2026-06-23 17:55:03,2026-06-23T12:25:03Z,1782217503,ramp_3,900.0,0.19999999999999998,{}
4,A,HTTP Throughput,go_inventory,go,inventory,order-java:8083,order-java:8083,2026-06-23 17:55:03,2026-06-23T12:25:03Z,1782217503,ramp_3,900.0,0.19999999999999998,{}
4,A,HTTP Throughput,go_inventory,go,inventory,warehouse-java-twin:9084,warehouse-java-twin:9084,2026-06-23 17:55:03,2026-06-23T12:25:03Z,1782217503,ramp_3,900.0,0.19999999999999998,{}
4,A,HTTP Throughput,go_inventory,go,inventory,inventory-java:8082,inventory-java:8082,2026-06-23 17:55:18,2026-06-23T12:25:18Z,1782217518,ramp_3,915.0,0.19999999999999998,{}
4,A,HTTP Throughput,go_inventory,go,inventory,order-java:8083,order-java:8083,2026-06-23 17:55:18,2026-06-23T12:25:18Z,1782217518,ramp_3,915.0,0.19999999999999998,{}
4,A,HTTP Throughput,go_inventory,go,inventory,warehouse-java-twin:9084,warehouse-java-twin:9084,2026-06-23 17:55:18,2026-06-23T12:25:18Z,1782217518,ramp_3,915.0,0.19999999999999998,{}
4,A,HTTP Throughput,go_inventory,go,inventory,inventory-java:8082,inventory-java:8082,2026-06-23 17:55:33,2026-06-23T12:25:33Z,1782217533,ramp_3,930.0,0.19999999999999998,{}
4,A,HTTP Throughput,go_inventory,go,inventory,order-java:8083,order-java:8083,2026-06-23 17:55:33,2026-06-23T12:25:33Z,1782217533,ramp_3,930.0,0.19999999999999998,{}
4,A,HTTP Throughput,go_inventory,go,inventory,warehouse-java-twin:9084,warehouse-java-twin:9084,2026-06-23 17:55:33,2026-06-23T12:25:33Z,1782217533,ramp_3,930.0,0.19999999999999998,{}
4,A,HTTP Throughput,go_inventory,go,inventory,inventory-java:8082,inventory-java:8082,2026-06-23 17:55:48,2026-06-23T12:25:48Z,1782217548,ramp_3,945.0,0.20000363642975327,{}
4,A,HTTP Throughput,go_inventory,go,inventory,order-java:8083,order-java:8083,2026-06-23 17:55:48,2026-06-23T12:25:48Z,1782217548,ramp_3,945.0,0.19999999999999998,{}
4,A,HTTP Throughput,go_inventory,go,inventory,warehouse-java-twin:9084,warehouse-java-twin:9084,2026-06-23 17:55:48,2026-06-23T12:25:48Z,1782217548,ramp_3,945.0,0.19999999999999998,{}
4,A,HTTP Throughput,go_inventory,go,inventory,inventory-java:8082,inventory-java:8082,2026-06-23 17:56:03,2026-06-23T12:26:03Z,1782217563,ramp_3,960.0,0.19999999999999998,{}
4,A,HTTP Throughput,go_inventory,go,inventory,order-java:8083,order-java:8083,2026-06-23 17:56:03,2026-06-23T12:26:03Z,1782217563,ramp_3,960.0,0.19999636370247814,{}
4,A,HTTP Throughput,go_inventory,go,inventory,warehouse-java-twin:9084,warehouse-java-twin:9084,2026-06-23 17:56:03,2026-06-23T12:26:03Z,1782217563,ramp_3,960.0,0.19999999999999998,{}
4,A,HTTP Throughput,go_inventory,go,inventory,inventory-java:8082,inventory-java:8082,2026-06-23 17:56:18,2026-06-23T12:26:18Z,1782217578,ramp_3,975.0,0.19999999999999998,{}
4,A,HTTP Throughput,go_inventory,go,inventory,order-java:8083,order-java:8083,2026-06-23 17:56:18,2026-06-23T12:26:18Z,1782217578,ramp_3,975.0,0.19999999999999998,{}
4,A,HTTP Throughput,go_inventory,go,inventory,warehouse-java-twin:9084,warehouse-java-twin:9084,2026-06-23 17:56:18,2026-06-23T12:26:18Z,1782217578,ramp_3,975.0,0.19999999999999998,{}
4,A,HTTP Throughput,go_inventory,go,inventory,inventory-java:8082,inventory-java:8082,2026-06-23 17:56:33,2026-06-23T12:26:33Z,1782217593,ramp_3,990.0,0.19999999999999998,{}
4,A,HTTP Throughput,go_inventory,go,inventory,order-java:8083,order-java:8083,2026-06-23 17:56:33,2026-06-23T12:26:33Z,1782217593,ramp_3,990.0,0.19999999999999998,{}
4,A,HTTP Throughput,go_inventory,go,inventory,warehouse-java-twin:9084,warehouse-java-twin:9084,2026-06-23 17:56:33,2026-06-23T12:26:33Z,1782217593,ramp_3,990.0,0.19999999999999998,{}
4,A,HTTP Throughput,go_inventory,go,inventory,inventory-java:8082,inventory-java:8082,2026-06-23 17:56:48,2026-06-23T12:26:48Z,1782217608,ramp_3,1005.0,0.20000363642975327,{}
4,A,HTTP Throughput,go_inventory,go,inventory,order-java:8083,order-java:8083,2026-06-23 17:56:48,2026-06-23T12:26:48Z,1782217608,ramp_3,1005.0,0.19999999999999998,{}
4,A,HTTP Throughput,go_inventory,go,inventory,warehouse-java-twin:9084,warehouse-java-twin:9084,2026-06-23 17:56:48,2026-06-23T12:26:48Z,1782217608,ramp_3,1005.0,0.19999999999999998,{}
4,A,HTTP Throughput,go_inventory,go,inventory,inventory-java:8082,inventory-java:8082,2026-06-23 17:57:03,2026-06-23T12:27:03Z,1782217623,ramp_3,1020.0,0.19999636370247814,{}
4,A,HTTP Throughput,go_inventory,go,inventory,order-java:8083,order-java:8083,2026-06-23 17:57:03,2026-06-23T12:27:03Z,1782217623,ramp_3,1020.0,0.19999636370247814,{}
4,A,HTTP Throughput,go_inventory,go,inventory,warehouse-java-twin:9084,warehouse-java-twin:9084,2026-06-23 17:57:03,2026-06-23T12:27:03Z,1782217623,ramp_3,1020.0,0.19999999999999998,{}
4,A,HTTP Throughput,go_inventory,go,inventory,inventory-java:8082,inventory-java:8082,2026-06-23 17:57:18,2026-06-23T12:27:18Z,1782217638,ramp_3,1035.0,0.19999999999999998,{}
4,A,HTTP Throughput,go_inventory,go,inventory,order-java:8083,order-java:8083,2026-06-23 17:57:18,2026-06-23T12:27:18Z,1782217638,ramp_3,1035.0,0.19999999999999998,{}
4,A,HTTP Throughput,go_inventory,go,inventory,warehouse-java-twin:9084,warehouse-java-twin:9084,2026-06-23 17:57:18,2026-06-23T12:27:18Z,1782217638,ramp_3,1035.0,0.19999999999999998,{}
4,A,HTTP Throughput,go_inventory,go,inventory,inventory-java:8082,inventory-java:8082,2026-06-23 17:57:33,2026-06-23T12:27:33Z,1782217653,ramp_3,1050.0,0.19999636370247814,{}
4,A,HTTP Throughput,go_inventory,go,inventory,order-java:8083,order-java:8083,2026-06-23 17:57:33,2026-06-23T12:27:33Z,1782217653,ramp_3,1050.0,0.19999636370247814,{}
4,A,HTTP Throughput,go_inventory,go,inventory,warehouse-java-twin:9084,warehouse-java-twin:9084,2026-06-23 17:57:33,2026-06-23T12:27:33Z,1782217653,ramp_3,1050.0,0.19999999999999998,{}
4,A,HTTP Throughput,go_inventory,go,inventory,inventory-java:8082,inventory-java:8082,2026-06-23 17:57:48,2026-06-23T12:27:48Z,1782217668,ramp_3,1065.0,0.19999999999999998,{}
4,A,HTTP Throughput,go_inventory,go,inventory,order-java:8083,order-java:8083,2026-06-23 17:57:48,2026-06-23T12:27:48Z,1782217668,ramp_3,1065.0,0.19999999999999998,{}
4,A,HTTP Throughput,go_inventory,go,inventory,warehouse-java-twin:9084,warehouse-java-twin:9084,2026-06-23 17:57:48,2026-06-23T12:27:48Z,1782217668,ramp_3,1065.0,0.19999636370247814,{}
4,A,HTTP Throughput,go_inventory,go,inventory,inventory-java:8082,inventory-java:8082,2026-06-23 17:58:03,2026-06-23T12:28:03Z,1782217683,ramp_3,1080.0,0.19999636370247814,{}
4,A,HTTP Throughput,go_inventory,go,inventory,order-java:8083,order-java:8083,2026-06-23 17:58:03,2026-06-23T12:28:03Z,1782217683,ramp_3,1080.0,0.19999999999999998,{}
4,A,HTTP Throughput,go_inventory,go,inventory,warehouse-java-twin:9084,warehouse-java-twin:9084,2026-06-23 17:58:03,2026-06-23T12:28:03Z,1782217683,ramp_3,1080.0,0.19999999999999998,{}
4,A,HTTP Throughput,go_inventory,go,inventory,inventory-java:8082,inventory-java:8082,2026-06-23 17:58:18,2026-06-23T12:28:18Z,1782217698,ramp_3,1095.0,0.20000363642975327,{}
4,A,HTTP Throughput,go_inventory,go,inventory,order-java:8083,order-java:8083,2026-06-23 17:58:18,2026-06-23T12:28:18Z,1782217698,ramp_3,1095.0,0.19999999999999998,{}
4,A,HTTP Throughput,go_inventory,go,inventory,warehouse-java-twin:9084,warehouse-java-twin:9084,2026-06-23 17:58:18,2026-06-23T12:28:18Z,1782217698,ramp_3,1095.0,0.19999999999999998,{}
4,A,HTTP Throughput,go_inventory,go,inventory,inventory-java:8082,inventory-java:8082,2026-06-23 17:58:33,2026-06-23T12:28:33Z,1782217713,ramp_3,1110.0,0.19999999999999998,{}
4,A,HTTP Throughput,go_inventory,go,inventory,order-java:8083,order-java:8083,2026-06-23 17:58:33,2026-06-23T12:28:33Z,1782217713,ramp_3,1110.0,0.19999999999999998,{}
4,A,HTTP Throughput,go_inventory,go,inventory,warehouse-java-twin:9084,warehouse-java-twin:9084,2026-06-23 17:58:33,2026-06-23T12:28:33Z,1782217713,ramp_3,1110.0,0.19999636370247814,{}
4,A,HTTP Throughput,go_inventory,go,inventory,inventory-java:8082,inventory-java:8082,2026-06-23 17:58:48,2026-06-23T12:28:48Z,1782217728,ramp_3,1125.0,0.19999636370247814,{}
4,A,HTTP Throughput,go_inventory,go,inventory,order-java:8083,order-java:8083,2026-06-23 17:58:48,2026-06-23T12:28:48Z,1782217728,ramp_3,1125.0,0.19999999999999998,{}
4,A,HTTP Throughput,go_inventory,go,inventory,warehouse-java-twin:9084,warehouse-java-twin:9084,2026-06-23 17:58:48,2026-06-23T12:28:48Z,1782217728,ramp_3,1125.0,0.19999636370247814,{}
4,A,HTTP Throughput,go_inventory,go,inventory,inventory-java:8082,inventory-java:8082,2026-06-23 17:59:03,2026-06-23T12:29:03Z,1782217743,ramp_3,1140.0,0.19999999999999998,{}
4,A,HTTP Throughput,go_inventory,go,inventory,order-java:8083,order-java:8083,2026-06-23 17:59:03,2026-06-23T12:29:03Z,1782217743,ramp_3,1140.0,0.19999999999999998,{}
4,A,HTTP Throughput,go_inventory,go,inventory,warehouse-java-twin:9084,warehouse-java-twin:9084,2026-06-23 17:59:03,2026-06-23T12:29:03Z,1782217743,ramp_3,1140.0,0.19999636370247814,{}
4,A,HTTP Throughput,go_inventory,go,inventory,inventory-java:8082,inventory-java:8082,2026-06-23 17:59:18,2026-06-23T12:29:18Z,1782217758,ramp_3,1155.0,0.19999999999999998,{}
4,A,HTTP Throughput,go_inventory,go,inventory,order-java:8083,order-java:8083,2026-06-23 17:59:18,2026-06-23T12:29:18Z,1782217758,ramp_3,1155.0,0.19999999999999998,{}
4,A,HTTP Throughput,go_inventory,go,inventory,warehouse-java-twin:9084,warehouse-java-twin:9084,2026-06-23 17:59:18,2026-06-23T12:29:18Z,1782217758,ramp_3,1155.0,0.19999636370247814,{}
4,A,HTTP Throughput,go_inventory,go,inventory,inventory-java:8082,inventory-java:8082,2026-06-23 17:59:33,2026-06-23T12:29:33Z,1782217773,ramp_3,1170.0,0.19999636370247814,{}
4,A,HTTP Throughput,go_inventory,go,inventory,order-java:8083,order-java:8083,2026-06-23 17:59:33,2026-06-23T12:29:33Z,1782217773,ramp_3,1170.0,0.19999636370247814,{}
4,A,HTTP Throughput,go_inventory,go,inventory,warehouse-java-twin:9084,warehouse-java-twin:9084,2026-06-23 17:59:33,2026-06-23T12:29:33Z,1782217773,ramp_3,1170.0,0.20000363642975327,{}
4,A,HTTP Throughput,go_inventory,go,inventory,inventory-java:8082,inventory-java:8082,2026-06-23 17:59:48,2026-06-23T12:29:48Z,1782217788,ramp_3,1185.0,0.19999636370247814,{}
4,A,HTTP Throughput,go_inventory,go,inventory,order-java:8083,order-java:8083,2026-06-23 17:59:48,2026-06-23T12:29:48Z,1782217788,ramp_3,1185.0,0.19999999999999998,{}
4,A,HTTP Throughput,go_inventory,go,inventory,warehouse-java-twin:9084,warehouse-java-twin:9084,2026-06-23 17:59:48,2026-06-23T12:29:48Z,1782217788,ramp_3,1185.0,0.20000363642975327,{}
4,A,HTTP Throughput,go_inventory,go,inventory,inventory-java:8082,inventory-java:8082,2026-06-23 18:00:03,2026-06-23T12:30:03Z,1782217803,sustain,1200.0,0.19999999999999998,{}
4,A,HTTP Throughput,go_inventory,go,inventory,order-java:8083,order-java:8083,2026-06-23 18:00:03,2026-06-23T12:30:03Z,1782217803,sustain,1200.0,0.20000363642975327,{}
4,A,HTTP Throughput,go_inventory,go,inventory,warehouse-java-twin:9084,warehouse-java-twin:9084,2026-06-23 18:00:03,2026-06-23T12:30:03Z,1782217803,sustain,1200.0,0.19999999999999998,{}
4,A,HTTP Throughput,go_inventory,go,inventory,inventory-java:8082,inventory-java:8082,2026-06-23 18:00:18,2026-06-23T12:30:18Z,1782217818,sustain,1215.0,0.19999999999999998,{}
4,A,HTTP Throughput,go_inventory,go,inventory,order-java:8083,order-java:8083,2026-06-23 18:00:18,2026-06-23T12:30:18Z,1782217818,sustain,1215.0,0.19999999999999998,{}
4,A,HTTP Throughput,go_inventory,go,inventory,warehouse-java-twin:9084,warehouse-java-twin:9084,2026-06-23 18:00:18,2026-06-23T12:30:18Z,1782217818,sustain,1215.0,0.19999999999999998,{}
4,A,HTTP Throughput,go_inventory,go,inventory,inventory-java:8082,inventory-java:8082,2026-06-23 18:00:33,2026-06-23T12:30:33Z,1782217833,sustain,1230.0,0.20000363642975327,{}
4,A,HTTP Throughput,go_inventory,go,inventory,order-java:8083,order-java:8083,2026-06-23 18:00:33,2026-06-23T12:30:33Z,1782217833,sustain,1230.0,0.19999999999999998,{}
4,A,HTTP Throughput,go_inventory,go,inventory,warehouse-java-twin:9084,warehouse-java-twin:9084,2026-06-23 18:00:33,2026-06-23T12:30:33Z,1782217833,sustain,1230.0,0.19999999999999998,{}
4,A,HTTP Throughput,go_inventory,go,inventory,inventory-java:8082,inventory-java:8082,2026-06-23 18:00:48,2026-06-23T12:30:48Z,1782217848,sustain,1245.0,0.19999999999999998,{}
4,A,HTTP Throughput,go_inventory,go,inventory,order-java:8083,order-java:8083,2026-06-23 18:00:48,2026-06-23T12:30:48Z,1782217848,sustain,1245.0,0.19999999999999998,{}
4,A,HTTP Throughput,go_inventory,go,inventory,warehouse-java-twin:9084,warehouse-java-twin:9084,2026-06-23 18:00:48,2026-06-23T12:30:48Z,1782217848,sustain,1245.0,0.20000363642975327,{}
4,A,HTTP Throughput,go_inventory,go,inventory,inventory-java:8082,inventory-java:8082,2026-06-23 18:01:03,2026-06-23T12:31:03Z,1782217863,sustain,1260.0,0.19999636370247814,{}
4,A,HTTP Throughput,go_inventory,go,inventory,order-java:8083,order-java:8083,2026-06-23 18:01:03,2026-06-23T12:31:03Z,1782217863,sustain,1260.0,0.19999999999999998,{}
4,A,HTTP Throughput,go_inventory,go,inventory,warehouse-java-twin:9084,warehouse-java-twin:9084,2026-06-23 18:01:03,2026-06-23T12:31:03Z,1782217863,sustain,1260.0,0.19999999999999998,{}
4,A,HTTP Throughput,go_inventory,go,inventory,inventory-java:8082,inventory-java:8082,2026-06-23 18:01:18,2026-06-23T12:31:18Z,1782217878,sustain,1275.0,0.19999999999999998,{}
4,A,HTTP Throughput,go_inventory,go,inventory,order-java:8083,order-java:8083,2026-06-23 18:01:18,2026-06-23T12:31:18Z,1782217878,sustain,1275.0,0.19999999999999998,{}
4,A,HTTP Throughput,go_inventory,go,inventory,warehouse-java-twin:9084,warehouse-java-twin:9084,2026-06-23 18:01:18,2026-06-23T12:31:18Z,1782217878,sustain,1275.0,0.20000363642975327,{}
4,A,HTTP Throughput,go_inventory,go,inventory,inventory-java:8082,inventory-java:8082,2026-06-23 18:01:33,2026-06-23T12:31:33Z,1782217893,sustain,1290.0,0.19999636370247814,{}
4,A,HTTP Throughput,go_inventory,go,inventory,order-java:8083,order-java:8083,2026-06-23 18:01:33,2026-06-23T12:31:33Z,1782217893,sustain,1290.0,0.19999999999999998,{}
4,A,HTTP Throughput,go_inventory,go,inventory,warehouse-java-twin:9084,warehouse-java-twin:9084,2026-06-23 18:01:33,2026-06-23T12:31:33Z,1782217893,sustain,1290.0,0.19999999999999998,{}
4,A,HTTP Throughput,go_inventory,go,inventory,inventory-java:8082,inventory-java:8082,2026-06-23 18:01:48,2026-06-23T12:31:48Z,1782217908,sustain,1305.0,0.20000363642975327,{}
4,A,HTTP Throughput,go_inventory,go,inventory,order-java:8083,order-java:8083,2026-06-23 18:01:48,2026-06-23T12:31:48Z,1782217908,sustain,1305.0,0.19999999999999998,{}
4,A,HTTP Throughput,go_inventory,go,inventory,warehouse-java-twin:9084,warehouse-java-twin:9084,2026-06-23 18:01:48,2026-06-23T12:31:48Z,1782217908,sustain,1305.0,0.19999999999999998,{}
4,A,HTTP Throughput,go_inventory,go,inventory,inventory-java:8082,inventory-java:8082,2026-06-23 18:02:03,2026-06-23T12:32:03Z,1782217923,sustain,1320.0,0.19999999999999998,{}
4,A,HTTP Throughput,go_inventory,go,inventory,order-java:8083,order-java:8083,2026-06-23 18:02:03,2026-06-23T12:32:03Z,1782217923,sustain,1320.0,0.19999999999999998,{}
4,A,HTTP Throughput,go_inventory,go,inventory,warehouse-java-twin:9084,warehouse-java-twin:9084,2026-06-23 18:02:03,2026-06-23T12:32:03Z,1782217923,sustain,1320.0,0.19999636370247814,{}
4,A,HTTP Throughput,go_inventory,go,inventory,inventory-java:8082,inventory-java:8082,2026-06-23 18:02:18,2026-06-23T12:32:18Z,1782217938,sustain,1335.0,0.19999999999999998,{}
4,A,HTTP Throughput,go_inventory,go,inventory,order-java:8083,order-java:8083,2026-06-23 18:02:18,2026-06-23T12:32:18Z,1782217938,sustain,1335.0,0.19999999999999998,{}
4,A,HTTP Throughput,go_inventory,go,inventory,warehouse-java-twin:9084,warehouse-java-twin:9084,2026-06-23 18:02:18,2026-06-23T12:32:18Z,1782217938,sustain,1335.0,0.19999999999999998,{}
4,A,HTTP Throughput,go_inventory,go,inventory,inventory-java:8082,inventory-java:8082,2026-06-23 18:02:33,2026-06-23T12:32:33Z,1782217953,sustain,1350.0,0.20000363642975327,{}
4,A,HTTP Throughput,go_inventory,go,inventory,order-java:8083,order-java:8083,2026-06-23 18:02:33,2026-06-23T12:32:33Z,1782217953,sustain,1350.0,0.19999999999999998,{}
4,A,HTTP Throughput,go_inventory,go,inventory,warehouse-java-twin:9084,warehouse-java-twin:9084,2026-06-23 18:02:33,2026-06-23T12:32:33Z,1782217953,sustain,1350.0,0.19999999999999998,{}
4,A,HTTP Throughput,go_inventory,go,inventory,inventory-java:8082,inventory-java:8082,2026-06-23 18:02:48,2026-06-23T12:32:48Z,1782217968,sustain,1365.0,0.19999999999999998,{}
4,A,HTTP Throughput,go_inventory,go,inventory,order-java:8083,order-java:8083,2026-06-23 18:02:48,2026-06-23T12:32:48Z,1782217968,sustain,1365.0,0.19999999999999998,{}
4,A,HTTP Throughput,go_inventory,go,inventory,warehouse-java-twin:9084,warehouse-java-twin:9084,2026-06-23 18:02:48,2026-06-23T12:32:48Z,1782217968,sustain,1365.0,0.19999999999999998,{}
4,A,HTTP Throughput,go_inventory,go,inventory,inventory-java:8082,inventory-java:8082,2026-06-23 18:03:03,2026-06-23T12:33:03Z,1782217983,sustain,1380.0,0.20000363642975327,{}
4,A,HTTP Throughput,go_inventory,go,inventory,order-java:8083,order-java:8083,2026-06-23 18:03:03,2026-06-23T12:33:03Z,1782217983,sustain,1380.0,0.19999636370247814,{}
4,A,HTTP Throughput,go_inventory,go,inventory,warehouse-java-twin:9084,warehouse-java-twin:9084,2026-06-23 18:03:03,2026-06-23T12:33:03Z,1782217983,sustain,1380.0,0.19999636370247814,{}
4,A,HTTP Throughput,go_inventory,go,inventory,inventory-java:8082,inventory-java:8082,2026-06-23 18:03:18,2026-06-23T12:33:18Z,1782217998,sustain,1395.0,0.19999636370247814,{}
4,A,HTTP Throughput,go_inventory,go,inventory,order-java:8083,order-java:8083,2026-06-23 18:03:18,2026-06-23T12:33:18Z,1782217998,sustain,1395.0,0.20000363642975327,{}
4,A,HTTP Throughput,go_inventory,go,inventory,warehouse-java-twin:9084,warehouse-java-twin:9084,2026-06-23 18:03:18,2026-06-23T12:33:18Z,1782217998,sustain,1395.0,0.20000363642975327,{}
4,A,HTTP Throughput,go_inventory,go,inventory,inventory-java:8082,inventory-java:8082,2026-06-23 18:03:33,2026-06-23T12:33:33Z,1782218013,sustain,1410.0,0.19999999999999998,{}
4,A,HTTP Throughput,go_inventory,go,inventory,order-java:8083,order-java:8083,2026-06-23 18:03:33,2026-06-23T12:33:33Z,1782218013,sustain,1410.0,0.19999999999999998,{}
4,A,HTTP Throughput,go_inventory,go,inventory,warehouse-java-twin:9084,warehouse-java-twin:9084,2026-06-23 18:03:33,2026-06-23T12:33:33Z,1782218013,sustain,1410.0,0.19999636370247814,{}
4,A,HTTP Throughput,go_inventory,go,inventory,inventory-java:8082,inventory-java:8082,2026-06-23 18:03:48,2026-06-23T12:33:48Z,1782218028,sustain,1425.0,0.19999999999999998,{}
4,A,HTTP Throughput,go_inventory,go,inventory,order-java:8083,order-java:8083,2026-06-23 18:03:48,2026-06-23T12:33:48Z,1782218028,sustain,1425.0,0.19999999999999998,{}
4,A,HTTP Throughput,go_inventory,go,inventory,warehouse-java-twin:9084,warehouse-java-twin:9084,2026-06-23 18:03:48,2026-06-23T12:33:48Z,1782218028,sustain,1425.0,0.19999636370247814,{}
4,A,HTTP Throughput,go_inventory,go,inventory,inventory-java:8082,inventory-java:8082,2026-06-23 18:04:03,2026-06-23T12:34:03Z,1782218043,sustain,1440.0,0.19999999999999998,{}
4,A,HTTP Throughput,go_inventory,go,inventory,order-java:8083,order-java:8083,2026-06-23 18:04:03,2026-06-23T12:34:03Z,1782218043,sustain,1440.0,0.19999999999999998,{}
4,A,HTTP Throughput,go_inventory,go,inventory,warehouse-java-twin:9084,warehouse-java-twin:9084,2026-06-23 18:04:03,2026-06-23T12:34:03Z,1782218043,sustain,1440.0,0.19999636370247814,{}
4,A,HTTP Throughput,go_inventory,go,inventory,inventory-java:8082,inventory-java:8082,2026-06-23 18:04:18,2026-06-23T12:34:18Z,1782218058,sustain,1455.0,0.20000363642975327,{}
4,A,HTTP Throughput,go_inventory,go,inventory,order-java:8083,order-java:8083,2026-06-23 18:04:18,2026-06-23T12:34:18Z,1782218058,sustain,1455.0,0.20000363642975327,{}
4,A,HTTP Throughput,go_inventory,go,inventory,warehouse-java-twin:9084,warehouse-java-twin:9084,2026-06-23 18:04:18,2026-06-23T12:34:18Z,1782218058,sustain,1455.0,0.19999999999999998,{}
4,A,HTTP Throughput,go_inventory,go,inventory,inventory-java:8082,inventory-java:8082,2026-06-23 18:04:33,2026-06-23T12:34:33Z,1782218073,sustain,1470.0,0.19999999999999998,{}
4,A,HTTP Throughput,go_inventory,go,inventory,order-java:8083,order-java:8083,2026-06-23 18:04:33,2026-06-23T12:34:33Z,1782218073,sustain,1470.0,0.19999999999999998,{}
4,A,HTTP Throughput,go_inventory,go,inventory,warehouse-java-twin:9084,warehouse-java-twin:9084,2026-06-23 18:04:33,2026-06-23T12:34:33Z,1782218073,sustain,1470.0,0.19999999999999998,{}
4,A,HTTP Throughput,go_inventory,go,inventory,inventory-java:8082,inventory-java:8082,2026-06-23 18:04:48,2026-06-23T12:34:48Z,1782218088,sustain,1485.0,0.20000363642975327,{}
4,A,HTTP Throughput,go_inventory,go,inventory,order-java:8083,order-java:8083,2026-06-23 18:04:48,2026-06-23T12:34:48Z,1782218088,sustain,1485.0,0.19999999999999998,{}
4,A,HTTP Throughput,go_inventory,go,inventory,warehouse-java-twin:9084,warehouse-java-twin:9084,2026-06-23 18:04:48,2026-06-23T12:34:48Z,1782218088,sustain,1485.0,0.19999999999999998,{}
4,A,HTTP Throughput,go_inventory,go,inventory,inventory-java:8082,inventory-java:8082,2026-06-23 18:05:03,2026-06-23T12:35:03Z,1782218103,sustain,1500.0,0.19999999999999998,{}
4,A,HTTP Throughput,go_inventory,go,inventory,order-java:8083,order-java:8083,2026-06-23 18:05:03,2026-06-23T12:35:03Z,1782218103,sustain,1500.0,0.19999999999999998,{}
4,A,HTTP Throughput,go_inventory,go,inventory,warehouse-java-twin:9084,warehouse-java-twin:9084,2026-06-23 18:05:03,2026-06-23T12:35:03Z,1782218103,sustain,1500.0,0.19999636370247814,{}
4,A,HTTP Throughput,go_inventory,go,inventory,inventory-java:8082,inventory-java:8082,2026-06-23 18:05:18,2026-06-23T12:35:18Z,1782218118,sustain,1515.0,0.19999999999999998,{}
4,A,HTTP Throughput,go_inventory,go,inventory,order-java:8083,order-java:8083,2026-06-23 18:05:18,2026-06-23T12:35:18Z,1782218118,sustain,1515.0,0.19999999999999998,{}
4,A,HTTP Throughput,go_inventory,go,inventory,warehouse-java-twin:9084,warehouse-java-twin:9084,2026-06-23 18:05:18,2026-06-23T12:35:18Z,1782218118,sustain,1515.0,0.20000363642975327,{}
4,A,HTTP Throughput,go_inventory,go,inventory,inventory-java:8082,inventory-java:8082,2026-06-23 18:05:33,2026-06-23T12:35:33Z,1782218133,sustain,1530.0,0.19999999999999998,{}
4,A,HTTP Throughput,go_inventory,go,inventory,order-java:8083,order-java:8083,2026-06-23 18:05:33,2026-06-23T12:35:33Z,1782218133,sustain,1530.0,0.19999636370247814,{}
4,A,HTTP Throughput,go_inventory,go,inventory,warehouse-java-twin:9084,warehouse-java-twin:9084,2026-06-23 18:05:33,2026-06-23T12:35:33Z,1782218133,sustain,1530.0,0.19999999999999998,{}
4,A,HTTP Throughput,go_inventory,go,inventory,inventory-java:8082,inventory-java:8082,2026-06-23 18:05:48,2026-06-23T12:35:48Z,1782218148,sustain,1545.0,0.19999636370247814,{}
4,A,HTTP Throughput,go_inventory,go,inventory,order-java:8083,order-java:8083,2026-06-23 18:05:48,2026-06-23T12:35:48Z,1782218148,sustain,1545.0,0.19999999999999998,{}
4,A,HTTP Throughput,go_inventory,go,inventory,warehouse-java-twin:9084,warehouse-java-twin:9084,2026-06-23 18:05:48,2026-06-23T12:35:48Z,1782218148,sustain,1545.0,0.20000363642975327,{}
4,A,HTTP Throughput,go_inventory,go,inventory,inventory-java:8082,inventory-java:8082,2026-06-23 18:06:03,2026-06-23T12:36:03Z,1782218163,sustain,1560.0,0.19999999999999998,{}
4,A,HTTP Throughput,go_inventory,go,inventory,order-java:8083,order-java:8083,2026-06-23 18:06:03,2026-06-23T12:36:03Z,1782218163,sustain,1560.0,0.19999636370247814,{}
4,A,HTTP Throughput,go_inventory,go,inventory,warehouse-java-twin:9084,warehouse-java-twin:9084,2026-06-23 18:06:03,2026-06-23T12:36:03Z,1782218163,sustain,1560.0,0.19999999999999998,{}
4,A,HTTP Throughput,go_inventory,go,inventory,inventory-java:8082,inventory-java:8082,2026-06-23 18:06:18,2026-06-23T12:36:18Z,1782218178,sustain,1575.0,0.19999999999999998,{}
4,A,HTTP Throughput,go_inventory,go,inventory,order-java:8083,order-java:8083,2026-06-23 18:06:18,2026-06-23T12:36:18Z,1782218178,sustain,1575.0,0.19999999999999998,{}
4,A,HTTP Throughput,go_inventory,go,inventory,warehouse-java-twin:9084,warehouse-java-twin:9084,2026-06-23 18:06:18,2026-06-23T12:36:18Z,1782218178,sustain,1575.0,0.19999999999999998,{}
4,A,HTTP Throughput,go_inventory,go,inventory,inventory-java:8082,inventory-java:8082,2026-06-23 18:06:33,2026-06-23T12:36:33Z,1782218193,sustain,1590.0,0.19999999999999998,{}
4,A,HTTP Throughput,go_inventory,go,inventory,order-java:8083,order-java:8083,2026-06-23 18:06:33,2026-06-23T12:36:33Z,1782218193,sustain,1590.0,0.19999999999999998,{}
4,A,HTTP Throughput,go_inventory,go,inventory,warehouse-java-twin:9084,warehouse-java-twin:9084,2026-06-23 18:06:33,2026-06-23T12:36:33Z,1782218193,sustain,1590.0,0.19999999999999998,{}
4,A,HTTP Throughput,go_inventory,go,inventory,inventory-java:8082,inventory-java:8082,2026-06-23 18:06:48,2026-06-23T12:36:48Z,1782218208,sustain,1605.0,0.20000363642975327,{}
4,A,HTTP Throughput,go_inventory,go,inventory,order-java:8083,order-java:8083,2026-06-23 18:06:48,2026-06-23T12:36:48Z,1782218208,sustain,1605.0,0.19999999999999998,{}
4,A,HTTP Throughput,go_inventory,go,inventory,warehouse-java-twin:9084,warehouse-java-twin:9084,2026-06-23 18:06:48,2026-06-23T12:36:48Z,1782218208,sustain,1605.0,0.19999999999999998,{}
4,A,HTTP Throughput,go_inventory,go,inventory,inventory-java:8082,inventory-java:8082,2026-06-23 18:07:03,2026-06-23T12:37:03Z,1782218223,sustain,1620.0,0.20000363642975327,{}
4,A,HTTP Throughput,go_inventory,go,inventory,order-java:8083,order-java:8083,2026-06-23 18:07:03,2026-06-23T12:37:03Z,1782218223,sustain,1620.0,0.19999636370247814,{}
4,A,HTTP Throughput,go_inventory,go,inventory,warehouse-java-twin:9084,warehouse-java-twin:9084,2026-06-23 18:07:03,2026-06-23T12:37:03Z,1782218223,sustain,1620.0,0.19999999999999998,{}
4,A,HTTP Throughput,go_inventory,go,inventory,inventory-java:8082,inventory-java:8082,2026-06-23 18:07:18,2026-06-23T12:37:18Z,1782218238,sustain,1635.0,0.19999999999999998,{}
4,A,HTTP Throughput,go_inventory,go,inventory,order-java:8083,order-java:8083,2026-06-23 18:07:18,2026-06-23T12:37:18Z,1782218238,sustain,1635.0,0.19999999999999998,{}
4,A,HTTP Throughput,go_inventory,go,inventory,warehouse-java-twin:9084,warehouse-java-twin:9084,2026-06-23 18:07:18,2026-06-23T12:37:18Z,1782218238,sustain,1635.0,0.19999999999999998,{}
4,A,HTTP Throughput,go_inventory,go,inventory,inventory-java:8082,inventory-java:8082,2026-06-23 18:07:33,2026-06-23T12:37:33Z,1782218253,sustain,1650.0,0.19999636370247814,{}
4,A,HTTP Throughput,go_inventory,go,inventory,order-java:8083,order-java:8083,2026-06-23 18:07:33,2026-06-23T12:37:33Z,1782218253,sustain,1650.0,0.19999999999999998,{}
4,A,HTTP Throughput,go_inventory,go,inventory,warehouse-java-twin:9084,warehouse-java-twin:9084,2026-06-23 18:07:33,2026-06-23T12:37:33Z,1782218253,sustain,1650.0,0.19999636370247814,{}
4,A,HTTP Throughput,go_inventory,go,inventory,inventory-java:8082,inventory-java:8082,2026-06-23 18:07:48,2026-06-23T12:37:48Z,1782218268,sustain,1665.0,0.19999636370247814,{}
4,A,HTTP Throughput,go_inventory,go,inventory,order-java:8083,order-java:8083,2026-06-23 18:07:48,2026-06-23T12:37:48Z,1782218268,sustain,1665.0,0.19999999999999998,{}
4,A,HTTP Throughput,go_inventory,go,inventory,warehouse-java-twin:9084,warehouse-java-twin:9084,2026-06-23 18:07:48,2026-06-23T12:37:48Z,1782218268,sustain,1665.0,0.20000363642975327,{}
4,A,HTTP Throughput,go_inventory,go,inventory,inventory-java:8082,inventory-java:8082,2026-06-23 18:08:03,2026-06-23T12:38:03Z,1782218283,sustain,1680.0,0.19999999999999998,{}
4,A,HTTP Throughput,go_inventory,go,inventory,order-java:8083,order-java:8083,2026-06-23 18:08:03,2026-06-23T12:38:03Z,1782218283,sustain,1680.0,0.19999999999999998,{}
4,A,HTTP Throughput,go_inventory,go,inventory,warehouse-java-twin:9084,warehouse-java-twin:9084,2026-06-23 18:08:03,2026-06-23T12:38:03Z,1782218283,sustain,1680.0,0.19999636370247814,{}
4,A,HTTP Throughput,go_inventory,go,inventory,inventory-java:8082,inventory-java:8082,2026-06-23 18:08:18,2026-06-23T12:38:18Z,1782218298,sustain,1695.0,0.19999999999999998,{}
4,A,HTTP Throughput,go_inventory,go,inventory,order-java:8083,order-java:8083,2026-06-23 18:08:18,2026-06-23T12:38:18Z,1782218298,sustain,1695.0,0.19999999999999998,{}
4,A,HTTP Throughput,go_inventory,go,inventory,warehouse-java-twin:9084,warehouse-java-twin:9084,2026-06-23 18:08:18,2026-06-23T12:38:18Z,1782218298,sustain,1695.0,0.19999999999999998,{}
4,A,HTTP Throughput,go_inventory,go,inventory,inventory-java:8082,inventory-java:8082,2026-06-23 18:08:33,2026-06-23T12:38:33Z,1782218313,sustain,1710.0,0.19999636370247814,{}
4,A,HTTP Throughput,go_inventory,go,inventory,order-java:8083,order-java:8083,2026-06-23 18:08:33,2026-06-23T12:38:33Z,1782218313,sustain,1710.0,0.19999999999999998,{}
4,A,HTTP Throughput,go_inventory,go,inventory,warehouse-java-twin:9084,warehouse-java-twin:9084,2026-06-23 18:08:33,2026-06-23T12:38:33Z,1782218313,sustain,1710.0,0.19999636370247814,{}
4,A,HTTP Throughput,go_inventory,go,inventory,inventory-java:8082,inventory-java:8082,2026-06-23 18:08:48,2026-06-23T12:38:48Z,1782218328,sustain,1725.0,0.20000363642975327,{}
4,A,HTTP Throughput,go_inventory,go,inventory,order-java:8083,order-java:8083,2026-06-23 18:08:48,2026-06-23T12:38:48Z,1782218328,sustain,1725.0,0.20000363642975327,{}
4,A,HTTP Throughput,go_inventory,go,inventory,warehouse-java-twin:9084,warehouse-java-twin:9084,2026-06-23 18:08:48,2026-06-23T12:38:48Z,1782218328,sustain,1725.0,0.19999999999999998,{}
4,A,HTTP Throughput,go_inventory,go,inventory,inventory-java:8082,inventory-java:8082,2026-06-23 18:09:03,2026-06-23T12:39:03Z,1782218343,sustain,1740.0,0.19999999999999998,{}
4,A,HTTP Throughput,go_inventory,go,inventory,order-java:8083,order-java:8083,2026-06-23 18:09:03,2026-06-23T12:39:03Z,1782218343,sustain,1740.0,0.19999999999999998,{}
4,A,HTTP Throughput,go_inventory,go,inventory,warehouse-java-twin:9084,warehouse-java-twin:9084,2026-06-23 18:09:03,2026-06-23T12:39:03Z,1782218343,sustain,1740.0,0.19999999999999998,{}
4,A,HTTP Throughput,go_inventory,go,inventory,inventory-java:8082,inventory-java:8082,2026-06-23 18:09:18,2026-06-23T12:39:18Z,1782218358,sustain,1755.0,0.19999999999999998,{}
4,A,HTTP Throughput,go_inventory,go,inventory,order-java:8083,order-java:8083,2026-06-23 18:09:18,2026-06-23T12:39:18Z,1782218358,sustain,1755.0,0.19999999999999998,{}
4,A,HTTP Throughput,go_inventory,go,inventory,warehouse-java-twin:9084,warehouse-java-twin:9084,2026-06-23 18:09:18,2026-06-23T12:39:18Z,1782218358,sustain,1755.0,0.20000363642975327,{}
4,A,HTTP Throughput,go_inventory,go,inventory,inventory-java:8082,inventory-java:8082,2026-06-23 18:09:33,2026-06-23T12:39:33Z,1782218373,sustain,1770.0,0.19999999999999998,{}
4,A,HTTP Throughput,go_inventory,go,inventory,order-java:8083,order-java:8083,2026-06-23 18:09:33,2026-06-23T12:39:33Z,1782218373,sustain,1770.0,0.19999999999999998,{}
4,A,HTTP Throughput,go_inventory,go,inventory,warehouse-java-twin:9084,warehouse-java-twin:9084,2026-06-23 18:09:33,2026-06-23T12:39:33Z,1782218373,sustain,1770.0,0.19999636370247814,{}
4,A,HTTP Throughput,go_inventory,go,inventory,inventory-java:8082,inventory-java:8082,2026-06-23 18:09:48,2026-06-23T12:39:48Z,1782218388,sustain,1785.0,0.19999999999999998,{}
4,A,HTTP Throughput,go_inventory,go,inventory,order-java:8083,order-java:8083,2026-06-23 18:09:48,2026-06-23T12:39:48Z,1782218388,sustain,1785.0,0.19999999999999998,{}
4,A,HTTP Throughput,go_inventory,go,inventory,warehouse-java-twin:9084,warehouse-java-twin:9084,2026-06-23 18:09:48,2026-06-23T12:39:48Z,1782218388,sustain,1785.0,0.19999999999999998,{}
4,A,HTTP Throughput,go_inventory,go,inventory,inventory-java:8082,inventory-java:8082,2026-06-23 18:10:03,2026-06-23T12:40:03Z,1782218403,cooldown,1800.0,0.20000363642975327,{}
4,A,HTTP Throughput,go_inventory,go,inventory,order-java:8083,order-java:8083,2026-06-23 18:10:03,2026-06-23T12:40:03Z,1782218403,cooldown,1800.0,0.20000363642975327,{}
4,A,HTTP Throughput,go_inventory,go,inventory,warehouse-java-twin:9084,warehouse-java-twin:9084,2026-06-23 18:10:03,2026-06-23T12:40:03Z,1782218403,cooldown,1800.0,0.19999999999999998,{}
4,A,HTTP Throughput,go_inventory,go,inventory,inventory-java:8082,inventory-java:8082,2026-06-23 18:10:18,2026-06-23T12:40:18Z,1782218418,cooldown,1815.0,0.19999636370247814,{}
4,A,HTTP Throughput,go_inventory,go,inventory,order-java:8083,order-java:8083,2026-06-23 18:10:18,2026-06-23T12:40:18Z,1782218418,cooldown,1815.0,0.19999999999999998,{}
4,A,HTTP Throughput,go_inventory,go,inventory,warehouse-java-twin:9084,warehouse-java-twin:9084,2026-06-23 18:10:18,2026-06-23T12:40:18Z,1782218418,cooldown,1815.0,0.19999999999999998,{}
4,A,HTTP Throughput,go_inventory,go,inventory,inventory-java:8082,inventory-java:8082,2026-06-23 18:10:33,2026-06-23T12:40:33Z,1782218433,cooldown,1830.0,0.20000363642975327,{}
4,A,HTTP Throughput,go_inventory,go,inventory,order-java:8083,order-java:8083,2026-06-23 18:10:33,2026-06-23T12:40:33Z,1782218433,cooldown,1830.0,0.19999636370247814,{}
4,A,HTTP Throughput,go_inventory,go,inventory,warehouse-java-twin:9084,warehouse-java-twin:9084,2026-06-23 18:10:33,2026-06-23T12:40:33Z,1782218433,cooldown,1830.0,0.20000363642975327,{}
4,A,HTTP Throughput,go_inventory,go,inventory,inventory-java:8082,inventory-java:8082,2026-06-23 18:10:48,2026-06-23T12:40:48Z,1782218448,cooldown,1845.0,0.19999999999999998,{}
4,A,HTTP Throughput,go_inventory,go,inventory,order-java:8083,order-java:8083,2026-06-23 18:10:48,2026-06-23T12:40:48Z,1782218448,cooldown,1845.0,0.19999999999999998,{}
4,A,HTTP Throughput,go_inventory,go,inventory,warehouse-java-twin:9084,warehouse-java-twin:9084,2026-06-23 18:10:48,2026-06-23T12:40:48Z,1782218448,cooldown,1845.0,0.19999636370247814,{}
4,A,HTTP Throughput,go_inventory,go,inventory,inventory-java:8082,inventory-java:8082,2026-06-23 18:11:03,2026-06-23T12:41:03Z,1782218463,cooldown,1860.0,0.19999999999999998,{}
4,A,HTTP Throughput,go_inventory,go,inventory,order-java:8083,order-java:8083,2026-06-23 18:11:03,2026-06-23T12:41:03Z,1782218463,cooldown,1860.0,0.19999999999999998,{}
4,A,HTTP Throughput,go_inventory,go,inventory,warehouse-java-twin:9084,warehouse-java-twin:9084,2026-06-23 18:11:03,2026-06-23T12:41:03Z,1782218463,cooldown,1860.0,0.19999636370247814,{}
4,A,HTTP Throughput,go_inventory,go,inventory,inventory-java:8082,inventory-java:8082,2026-06-23 18:11:18,2026-06-23T12:41:18Z,1782218478,cooldown,1875.0,0.19999999999999998,{}
4,A,HTTP Throughput,go_inventory,go,inventory,order-java:8083,order-java:8083,2026-06-23 18:11:18,2026-06-23T12:41:18Z,1782218478,cooldown,1875.0,0.19999999999999998,{}
4,A,HTTP Throughput,go_inventory,go,inventory,warehouse-java-twin:9084,warehouse-java-twin:9084,2026-06-23 18:11:18,2026-06-23T12:41:18Z,1782218478,cooldown,1875.0,0.19999999999999998,{}
4,A,HTTP Throughput,go_inventory,go,inventory,inventory-java:8082,inventory-java:8082,2026-06-23 18:11:33,2026-06-23T12:41:33Z,1782218493,cooldown,1890.0,0.19999999999999998,{}
4,A,HTTP Throughput,go_inventory,go,inventory,order-java:8083,order-java:8083,2026-06-23 18:11:33,2026-06-23T12:41:33Z,1782218493,cooldown,1890.0,0.19999636370247814,{}
4,A,HTTP Throughput,go_inventory,go,inventory,warehouse-java-twin:9084,warehouse-java-twin:9084,2026-06-23 18:11:33,2026-06-23T12:41:33Z,1782218493,cooldown,1890.0,0.19999999999999998,{}
4,A,HTTP Throughput,go_inventory,go,inventory,inventory-java:8082,inventory-java:8082,2026-06-23 18:11:48,2026-06-23T12:41:48Z,1782218508,cooldown,1905.0,0.19999999999999998,{}
4,A,HTTP Throughput,go_inventory,go,inventory,order-java:8083,order-java:8083,2026-06-23 18:11:48,2026-06-23T12:41:48Z,1782218508,cooldown,1905.0,0.19999999999999998,{}
4,A,HTTP Throughput,go_inventory,go,inventory,warehouse-java-twin:9084,warehouse-java-twin:9084,2026-06-23 18:11:48,2026-06-23T12:41:48Z,1782218508,cooldown,1905.0,0.19999636370247814,{}
4,A,HTTP Throughput,go_inventory,go,inventory,inventory-java:8082,inventory-java:8082,2026-06-23 18:12:03,2026-06-23T12:42:03Z,1782218523,cooldown,1920.0,0.20000363642975327,{}
4,A,HTTP Throughput,go_inventory,go,inventory,order-java:8083,order-java:8083,2026-06-23 18:12:03,2026-06-23T12:42:03Z,1782218523,cooldown,1920.0,0.19999999999999998,{}
4,A,HTTP Throughput,go_inventory,go,inventory,warehouse-java-twin:9084,warehouse-java-twin:9084,2026-06-23 18:12:03,2026-06-23T12:42:03Z,1782218523,cooldown,1920.0,0.19999999999999998,{}
4,A,HTTP Throughput,go_inventory,go,inventory,inventory-java:8082,inventory-java:8082,2026-06-23 18:12:18,2026-06-23T12:42:18Z,1782218538,cooldown,1935.0,0.19999999999999998,{}
4,A,HTTP Throughput,go_inventory,go,inventory,order-java:8083,order-java:8083,2026-06-23 18:12:18,2026-06-23T12:42:18Z,1782218538,cooldown,1935.0,0.19999999999999998,{}
4,A,HTTP Throughput,go_inventory,go,inventory,warehouse-java-twin:9084,warehouse-java-twin:9084,2026-06-23 18:12:18,2026-06-23T12:42:18Z,1782218538,cooldown,1935.0,0.19999999999999998,{}
4,A,HTTP Throughput,go_inventory,go,inventory,inventory-java:8082,inventory-java:8082,2026-06-23 18:12:33,2026-06-23T12:42:33Z,1782218553,cooldown,1950.0,0.19999999999999998,{}
4,A,HTTP Throughput,go_inventory,go,inventory,order-java:8083,order-java:8083,2026-06-23 18:12:33,2026-06-23T12:42:33Z,1782218553,cooldown,1950.0,0.19999999999999998,{}
4,A,HTTP Throughput,go_inventory,go,inventory,warehouse-java-twin:9084,warehouse-java-twin:9084,2026-06-23 18:12:33,2026-06-23T12:42:33Z,1782218553,cooldown,1950.0,0.20000363642975327,{}
4,A,HTTP Throughput,go_inventory,go,inventory,inventory-java:8082,inventory-java:8082,2026-06-23 18:12:48,2026-06-23T12:42:48Z,1782218568,cooldown,1965.0,0.20000363642975327,{}
4,A,HTTP Throughput,go_inventory,go,inventory,order-java:8083,order-java:8083,2026-06-23 18:12:48,2026-06-23T12:42:48Z,1782218568,cooldown,1965.0,0.19999999999999998,{}
4,A,HTTP Throughput,go_inventory,go,inventory,warehouse-java-twin:9084,warehouse-java-twin:9084,2026-06-23 18:12:48,2026-06-23T12:42:48Z,1782218568,cooldown,1965.0,0.19999999999999998,{}
4,A,HTTP Throughput,go_inventory,go,inventory,inventory-java:8082,inventory-java:8082,2026-06-23 18:13:03,2026-06-23T12:43:03Z,1782218583,cooldown,1980.0,0.20000363642975327,{}
4,A,HTTP Throughput,go_inventory,go,inventory,order-java:8083,order-java:8083,2026-06-23 18:13:03,2026-06-23T12:43:03Z,1782218583,cooldown,1980.0,0.19999999999999998,{}
4,A,HTTP Throughput,go_inventory,go,inventory,warehouse-java-twin:9084,warehouse-java-twin:9084,2026-06-23 18:13:03,2026-06-23T12:43:03Z,1782218583,cooldown,1980.0,0.19999999999999998,{}
4,A,HTTP Throughput,go_inventory,go,inventory,inventory-java:8082,inventory-java:8082,2026-06-23 18:13:18,2026-06-23T12:43:18Z,1782218598,cooldown,1995.0,0.19999999999999998,{}
4,A,HTTP Throughput,go_inventory,go,inventory,order-java:8083,order-java:8083,2026-06-23 18:13:18,2026-06-23T12:43:18Z,1782218598,cooldown,1995.0,0.19999999999999998,{}
4,A,HTTP Throughput,go_inventory,go,inventory,warehouse-java-twin:9084,warehouse-java-twin:9084,2026-06-23 18:13:18,2026-06-23T12:43:18Z,1782218598,cooldown,1995.0,0.19999999999999998,{}
4,A,HTTP Throughput,go_inventory,go,inventory,inventory-java:8082,inventory-java:8082,2026-06-23 18:13:33,2026-06-23T12:43:33Z,1782218613,cooldown,2010.0,0.19999999999999998,{}
4,A,HTTP Throughput,go_inventory,go,inventory,order-java:8083,order-java:8083,2026-06-23 18:13:33,2026-06-23T12:43:33Z,1782218613,cooldown,2010.0,0.19999999999999998,{}
4,A,HTTP Throughput,go_inventory,go,inventory,warehouse-java-twin:9084,warehouse-java-twin:9084,2026-06-23 18:13:33,2026-06-23T12:43:33Z,1782218613,cooldown,2010.0,0.20000363642975327,{}
4,A,HTTP Throughput,go_inventory,go,inventory,inventory-java:8082,inventory-java:8082,2026-06-23 18:13:48,2026-06-23T12:43:48Z,1782218628,cooldown,2025.0,0.19999999999999998,{}
4,A,HTTP Throughput,go_inventory,go,inventory,order-java:8083,order-java:8083,2026-06-23 18:13:48,2026-06-23T12:43:48Z,1782218628,cooldown,2025.0,0.19999999999999998,{}
4,A,HTTP Throughput,go_inventory,go,inventory,warehouse-java-twin:9084,warehouse-java-twin:9084,2026-06-23 18:13:48,2026-06-23T12:43:48Z,1782218628,cooldown,2025.0,0.20000363642975327,{}
4,A,HTTP Throughput,go_inventory,go,inventory,inventory-java:8082,inventory-java:8082,2026-06-23 18:14:03,2026-06-23T12:44:03Z,1782218643,cooldown,2040.0,0.19999999999999998,{}
4,A,HTTP Throughput,go_inventory,go,inventory,order-java:8083,order-java:8083,2026-06-23 18:14:03,2026-06-23T12:44:03Z,1782218643,cooldown,2040.0,0.19999999999999998,{}
4,A,HTTP Throughput,go_inventory,go,inventory,warehouse-java-twin:9084,warehouse-java-twin:9084,2026-06-23 18:14:03,2026-06-23T12:44:03Z,1782218643,cooldown,2040.0,0.19999636370247814,{}
4,A,HTTP Throughput,go_inventory,go,inventory,inventory-java:8082,inventory-java:8082,2026-06-23 18:14:18,2026-06-23T12:44:18Z,1782218658,cooldown,2055.0,0.19999999999999998,{}
4,A,HTTP Throughput,go_inventory,go,inventory,order-java:8083,order-java:8083,2026-06-23 18:14:18,2026-06-23T12:44:18Z,1782218658,cooldown,2055.0,0.19999999999999998,{}
4,A,HTTP Throughput,go_inventory,go,inventory,warehouse-java-twin:9084,warehouse-java-twin:9084,2026-06-23 18:14:18,2026-06-23T12:44:18Z,1782218658,cooldown,2055.0,0.20000363642975327,{}
4,A,HTTP Throughput,go_inventory,go,inventory,inventory-java:8082,inventory-java:8082,2026-06-23 18:14:33,2026-06-23T12:44:33Z,1782218673,cooldown,2070.0,0.19999636370247814,{}
4,A,HTTP Throughput,go_inventory,go,inventory,order-java:8083,order-java:8083,2026-06-23 18:14:33,2026-06-23T12:44:33Z,1782218673,cooldown,2070.0,0.20000363642975327,{}
4,A,HTTP Throughput,go_inventory,go,inventory,warehouse-java-twin:9084,warehouse-java-twin:9084,2026-06-23 18:14:33,2026-06-23T12:44:33Z,1782218673,cooldown,2070.0,0.19999999999999998,{}
4,A,HTTP Throughput,go_inventory,go,inventory,inventory-java:8082,inventory-java:8082,2026-06-23 18:14:48,2026-06-23T12:44:48Z,1782218688,cooldown,2085.0,0.19999999999999998,{}
4,A,HTTP Throughput,go_inventory,go,inventory,order-java:8083,order-java:8083,2026-06-23 18:14:48,2026-06-23T12:44:48Z,1782218688,cooldown,2085.0,0.19999999999999998,{}
4,A,HTTP Throughput,go_inventory,go,inventory,warehouse-java-twin:9084,warehouse-java-twin:9084,2026-06-23 18:14:48,2026-06-23T12:44:48Z,1782218688,cooldown,2085.0,0.19999999999999998,{}
4,A,HTTP Throughput,go_inventory,go,inventory,inventory-java:8082,inventory-java:8082,2026-06-23 18:15:03,2026-06-23T12:45:03Z,1782218703,post_test,2100.0,0.19999999999999998,{}
4,A,HTTP Throughput,go_inventory,go,inventory,order-java:8083,order-java:8083,2026-06-23 18:15:03,2026-06-23T12:45:03Z,1782218703,post_test,2100.0,0.19999999999999998,{}
4,A,HTTP Throughput,go_inventory,go,inventory,warehouse-java-twin:9084,warehouse-java-twin:9084,2026-06-23 18:15:03,2026-06-23T12:45:03Z,1782218703,post_test,2100.0,0.19999999999999998,{}
4,A,HTTP Throughput,go_order,go,order,inventory-java:8082,inventory-java:8082,2026-06-23 16:19:47,2026-06-23T10:49:47Z,1782211787,warmup,0.0,0.19999636370247814,{}
4,A,HTTP Throughput,go_order,go,order,order-java:8083,order-java:8083,2026-06-23 16:19:47,2026-06-23T10:49:47Z,1782211787,warmup,0.0,0.19999999999999998,{}
4,A,HTTP Throughput,go_order,go,order,warehouse-java-twin:9084,warehouse-java-twin:9084,2026-06-23 16:19:47,2026-06-23T10:49:47Z,1782211787,warmup,0.0,0.20000363642975327,{}
4,A,HTTP Throughput,go_order,go,order,inventory-java:8082,inventory-java:8082,2026-06-23 16:20:02,2026-06-23T10:50:02Z,1782211802,warmup,15.0,0.19999636370247814,{}
4,A,HTTP Throughput,go_order,go,order,order-java:8083,order-java:8083,2026-06-23 16:20:02,2026-06-23T10:50:02Z,1782211802,warmup,15.0,0.19999999999999998,{}
4,A,HTTP Throughput,go_order,go,order,warehouse-java-twin:9084,warehouse-java-twin:9084,2026-06-23 16:20:02,2026-06-23T10:50:02Z,1782211802,warmup,15.0,0.19999999999999998,{}
4,A,HTTP Throughput,go_order,go,order,inventory-java:8082,inventory-java:8082,2026-06-23 16:20:17,2026-06-23T10:50:17Z,1782211817,warmup,30.0,0.20000363642975327,{}
4,A,HTTP Throughput,go_order,go,order,order-java:8083,order-java:8083,2026-06-23 16:20:17,2026-06-23T10:50:17Z,1782211817,warmup,30.0,0.19999999999999998,{}
4,A,HTTP Throughput,go_order,go,order,warehouse-java-twin:9084,warehouse-java-twin:9084,2026-06-23 16:20:17,2026-06-23T10:50:17Z,1782211817,warmup,30.0,0.19999999999999998,{}
4,A,HTTP Throughput,go_order,go,order,inventory-java:8082,inventory-java:8082,2026-06-23 16:20:32,2026-06-23T10:50:32Z,1782211832,warmup,45.0,0.20000363642975327,{}
4,A,HTTP Throughput,go_order,go,order,order-java:8083,order-java:8083,2026-06-23 16:20:32,2026-06-23T10:50:32Z,1782211832,warmup,45.0,0.19999999999999998,{}
4,A,HTTP Throughput,go_order,go,order,warehouse-java-twin:9084,warehouse-java-twin:9084,2026-06-23 16:20:32,2026-06-23T10:50:32Z,1782211832,warmup,45.0,0.45453719023290484,{}
4,A,HTTP Throughput,go_order,go,order,inventory-java:8082,inventory-java:8082,2026-06-23 16:20:47,2026-06-23T10:50:47Z,1782211847,warmup,60.0,0.20000363642975327,{}
4,A,HTTP Throughput,go_order,go,order,order-java:8083,order-java:8083,2026-06-23 16:20:47,2026-06-23T10:50:47Z,1782211847,warmup,60.0,0.19999999999999998,{}
4,A,HTTP Throughput,go_order,go,order,warehouse-java-twin:9084,warehouse-java-twin:9084,2026-06-23 16:20:47,2026-06-23T10:50:47Z,1782211847,warmup,60.0,0.7454545454545454,{}
4,A,HTTP Throughput,go_order,go,order,inventory-java:8082,inventory-java:8082,2026-06-23 16:21:02,2026-06-23T10:51:02Z,1782211862,warmup,75.0,0.19999999999999998,{}
4,A,HTTP Throughput,go_order,go,order,order-java:8083,order-java:8083,2026-06-23 16:21:02,2026-06-23T10:51:02Z,1782211862,warmup,75.0,0.19999636370247814,{}
4,A,HTTP Throughput,go_order,go,order,warehouse-java-twin:9084,warehouse-java-twin:9084,2026-06-23 16:21:02,2026-06-23T10:51:02Z,1782211862,warmup,75.0,1.3272485954800821,{}
4,A,HTTP Throughput,go_order,go,order,inventory-java:8082,inventory-java:8082,2026-06-23 16:21:17,2026-06-23T10:51:17Z,1782211877,warmup,90.0,0.19999999999999998,{}
4,A,HTTP Throughput,go_order,go,order,order-java:8083,order-java:8083,2026-06-23 16:21:17,2026-06-23T10:51:17Z,1782211877,warmup,90.0,0.19999999999999998,{}
4,A,HTTP Throughput,go_order,go,order,warehouse-java-twin:9084,warehouse-java-twin:9084,2026-06-23 16:21:17,2026-06-23T10:51:17Z,1782211877,warmup,90.0,1.909125620465827,{}
4,A,HTTP Throughput,go_order,go,order,inventory-java:8082,inventory-java:8082,2026-06-23 16:21:32,2026-06-23T10:51:32Z,1782211892,warmup,105.0,0.20000363642975327,{}
4,A,HTTP Throughput,go_order,go,order,order-java:8083,order-java:8083,2026-06-23 16:21:32,2026-06-23T10:51:32Z,1782211892,warmup,105.0,0.19999999999999998,{}
4,A,HTTP Throughput,go_order,go,order,warehouse-java-twin:9084,warehouse-java-twin:9084,2026-06-23 16:21:32,2026-06-23T10:51:32Z,1782211892,warmup,105.0,2.436407934689722,{}
4,A,HTTP Throughput,go_order,go,order,inventory-java:8082,inventory-java:8082,2026-06-23 16:21:47,2026-06-23T10:51:47Z,1782211907,warmup,120.0,0.19999999999999998,{}
4,A,HTTP Throughput,go_order,go,order,order-java:8083,order-java:8083,2026-06-23 16:21:47,2026-06-23T10:51:47Z,1782211907,warmup,120.0,0.19999999999999998,{}
4,A,HTTP Throughput,go_order,go,order,warehouse-java-twin:9084,warehouse-java-twin:9084,2026-06-23 16:21:47,2026-06-23T10:51:47Z,1782211907,warmup,120.0,3.036418843978982,{}
4,A,HTTP Throughput,go_order,go,order,inventory-java:8082,inventory-java:8082,2026-06-23 16:22:02,2026-06-23T10:52:02Z,1782211922,warmup,135.0,0.19999999999999998,{}
4,A,HTTP Throughput,go_order,go,order,order-java:8083,order-java:8083,2026-06-23 16:22:02,2026-06-23T10:52:02Z,1782211922,warmup,135.0,0.19999999999999998,{}
4,A,HTTP Throughput,go_order,go,order,warehouse-java-twin:9084,warehouse-java-twin:9084,2026-06-23 16:22:02,2026-06-23T10:52:02Z,1782211922,warmup,135.0,3.5636363636363635,{}
4,A,HTTP Throughput,go_order,go,order,inventory-java:8082,inventory-java:8082,2026-06-23 16:22:17,2026-06-23T10:52:17Z,1782211937,warmup,150.0,0.19999999999999998,{}
4,A,HTTP Throughput,go_order,go,order,order-java:8083,order-java:8083,2026-06-23 16:22:17,2026-06-23T10:52:17Z,1782211937,warmup,150.0,0.19999999999999998,{}
4,A,HTTP Throughput,go_order,go,order,warehouse-java-twin:9084,warehouse-java-twin:9084,2026-06-23 16:22:17,2026-06-23T10:52:17Z,1782211937,warmup,150.0,4.127272727272727,{}
4,A,HTTP Throughput,go_order,go,order,inventory-java:8082,inventory-java:8082,2026-06-23 16:22:32,2026-06-23T10:52:32Z,1782211952,warmup,165.0,0.20000363642975327,{}
4,A,HTTP Throughput,go_order,go,order,order-java:8083,order-java:8083,2026-06-23 16:22:32,2026-06-23T10:52:32Z,1782211952,warmup,165.0,0.19999999999999998,{}
4,A,HTTP Throughput,go_order,go,order,warehouse-java-twin:9084,warehouse-java-twin:9084,2026-06-23 16:22:32,2026-06-23T10:52:32Z,1782211952,warmup,165.0,4.709090909090909,{}
4,A,HTTP Throughput,go_order,go,order,inventory-java:8082,inventory-java:8082,2026-06-23 16:22:47,2026-06-23T10:52:47Z,1782211967,warmup,180.0,0.20000363642975327,{}
4,A,HTTP Throughput,go_order,go,order,order-java:8083,order-java:8083,2026-06-23 16:22:47,2026-06-23T10:52:47Z,1782211967,warmup,180.0,0.20000363642975327,{}
4,A,HTTP Throughput,go_order,go,order,warehouse-java-twin:9084,warehouse-java-twin:9084,2026-06-23 16:22:47,2026-06-23T10:52:47Z,1782211967,warmup,180.0,5.254545454545454,{}
4,A,HTTP Throughput,go_order,go,order,inventory-java:8082,inventory-java:8082,2026-06-23 16:23:02,2026-06-23T10:53:02Z,1782211982,warmup,195.0,0.20000363642975327,{}
4,A,HTTP Throughput,go_order,go,order,order-java:8083,order-java:8083,2026-06-23 16:23:02,2026-06-23T10:53:02Z,1782211982,warmup,195.0,0.19999636370247814,{}
4,A,HTTP Throughput,go_order,go,order,warehouse-java-twin:9084,warehouse-java-twin:9084,2026-06-23 16:23:02,2026-06-23T10:53:02Z,1782211982,warmup,195.0,5.836363636363636,{}
4,A,HTTP Throughput,go_order,go,order,inventory-java:8082,inventory-java:8082,2026-06-23 16:23:17,2026-06-23T10:53:17Z,1782211997,warmup,210.0,0.19999999999999998,{}
4,A,HTTP Throughput,go_order,go,order,order-java:8083,order-java:8083,2026-06-23 16:23:17,2026-06-23T10:53:17Z,1782211997,warmup,210.0,0.19999999999999998,{}
4,A,HTTP Throughput,go_order,go,order,warehouse-java-twin:9084,warehouse-java-twin:9084,2026-06-23 16:23:17,2026-06-23T10:53:17Z,1782211997,warmup,210.0,6.381934216985764,{}
4,A,HTTP Throughput,go_order,go,order,inventory-java:8082,inventory-java:8082,2026-06-23 16:23:32,2026-06-23T10:53:32Z,1782212012,warmup,225.0,0.19999999999999998,{}
4,A,HTTP Throughput,go_order,go,order,order-java:8083,order-java:8083,2026-06-23 16:23:32,2026-06-23T10:53:32Z,1782212012,warmup,225.0,0.19999999999999998,{}
4,A,HTTP Throughput,go_order,go,order,warehouse-java-twin:9084,warehouse-java-twin:9084,2026-06-23 16:23:32,2026-06-23T10:53:32Z,1782212012,warmup,225.0,6.963509754368102,{}
4,A,HTTP Throughput,go_order,go,order,inventory-java:8082,inventory-java:8082,2026-06-23 16:23:47,2026-06-23T10:53:47Z,1782212027,warmup,240.0,0.20000363642975327,{}
4,A,HTTP Throughput,go_order,go,order,order-java:8083,order-java:8083,2026-06-23 16:23:47,2026-06-23T10:53:47Z,1782212027,warmup,240.0,0.19999999999999998,{}
4,A,HTTP Throughput,go_order,go,order,warehouse-java-twin:9084,warehouse-java-twin:9084,2026-06-23 16:23:47,2026-06-23T10:53:47Z,1782212027,warmup,240.0,7.545317357866221,{}
4,A,HTTP Throughput,go_order,go,order,inventory-java:8082,inventory-java:8082,2026-06-23 16:24:02,2026-06-23T10:54:02Z,1782212042,warmup,255.0,0.19999636370247814,{}
4,A,HTTP Throughput,go_order,go,order,order-java:8083,order-java:8083,2026-06-23 16:24:02,2026-06-23T10:54:02Z,1782212042,warmup,255.0,0.19999999999999998,{}
4,A,HTTP Throughput,go_order,go,order,warehouse-java-twin:9084,warehouse-java-twin:9084,2026-06-23 16:24:02,2026-06-23T10:54:02Z,1782212042,warmup,255.0,8.091056201021837,{}
4,A,HTTP Throughput,go_order,go,order,inventory-java:8082,inventory-java:8082,2026-06-23 16:24:17,2026-06-23T10:54:17Z,1782212057,warmup,270.0,0.20000363642975327,{}
4,A,HTTP Throughput,go_order,go,order,order-java:8083,order-java:8083,2026-06-23 16:24:17,2026-06-23T10:54:17Z,1782212057,warmup,270.0,0.19999999999999998,{}
4,A,HTTP Throughput,go_order,go,order,warehouse-java-twin:9084,warehouse-java-twin:9084,2026-06-23 16:24:17,2026-06-23T10:54:17Z,1782212057,warmup,270.0,8.654545454545454,{}
4,A,HTTP Throughput,go_order,go,order,inventory-java:8082,inventory-java:8082,2026-06-23 16:24:32,2026-06-23T10:54:32Z,1782212072,warmup,285.0,0.20000363642975327,{}
4,A,HTTP Throughput,go_order,go,order,order-java:8083,order-java:8083,2026-06-23 16:24:32,2026-06-23T10:54:32Z,1782212072,warmup,285.0,0.19999999999999998,{}
4,A,HTTP Throughput,go_order,go,order,warehouse-java-twin:9084,warehouse-java-twin:9084,2026-06-23 16:24:32,2026-06-23T10:54:32Z,1782212072,warmup,285.0,8.745454545454546,{}
4,A,HTTP Throughput,go_order,go,order,inventory-java:8082,inventory-java:8082,2026-06-23 16:24:47,2026-06-23T10:54:47Z,1782212087,ramp_1,300.0,0.20000363642975327,{}
4,A,HTTP Throughput,go_order,go,order,order-java:8083,order-java:8083,2026-06-23 16:24:47,2026-06-23T10:54:47Z,1782212087,ramp_1,300.0,0.19999999999999998,{}
4,A,HTTP Throughput,go_order,go,order,warehouse-java-twin:9084,warehouse-java-twin:9084,2026-06-23 16:24:47,2026-06-23T10:54:47Z,1782212087,ramp_1,300.0,9.418181818181818,{}
4,A,HTTP Throughput,go_order,go,order,inventory-java:8082,inventory-java:8082,2026-06-23 16:25:02,2026-06-23T10:55:02Z,1782212102,ramp_1,315.0,0.19999999999999998,{}
4,A,HTTP Throughput,go_order,go,order,order-java:8083,order-java:8083,2026-06-23 16:25:02,2026-06-23T10:55:02Z,1782212102,ramp_1,315.0,0.19999999999999998,{}
4,A,HTTP Throughput,go_order,go,order,warehouse-java-twin:9084,warehouse-java-twin:9084,2026-06-23 16:25:02,2026-06-23T10:55:02Z,1782212102,ramp_1,315.0,10.163636363636362,{}
4,A,HTTP Throughput,go_order,go,order,inventory-java:8082,inventory-java:8082,2026-06-23 16:25:17,2026-06-23T10:55:17Z,1782212117,ramp_1,330.0,0.20000363642975327,{}
4,A,HTTP Throughput,go_order,go,order,order-java:8083,order-java:8083,2026-06-23 16:25:17,2026-06-23T10:55:17Z,1782212117,ramp_1,330.0,0.19999999999999998,{}
4,A,HTTP Throughput,go_order,go,order,warehouse-java-twin:9084,warehouse-java-twin:9084,2026-06-23 16:25:17,2026-06-23T10:55:17Z,1782212117,ramp_1,330.0,11.72748595429008,{}
4,A,HTTP Throughput,go_order,go,order,inventory-java:8082,inventory-java:8082,2026-06-23 16:25:32,2026-06-23T10:55:32Z,1782212132,ramp_1,345.0,0.19999636370247814,{}
4,A,HTTP Throughput,go_order,go,order,order-java:8083,order-java:8083,2026-06-23 16:25:32,2026-06-23T10:55:32Z,1782212132,ramp_1,345.0,0.19999999999999998,{}
4,A,HTTP Throughput,go_order,go,order,warehouse-java-twin:9084,warehouse-java-twin:9084,2026-06-23 16:25:32,2026-06-23T10:55:32Z,1782212132,ramp_1,345.0,13.69090909090909,{}
4,A,HTTP Throughput,go_order,go,order,inventory-java:8082,inventory-java:8082,2026-06-23 16:25:47,2026-06-23T10:55:47Z,1782212147,ramp_1,360.0,0.20000363642975327,{}
4,A,HTTP Throughput,go_order,go,order,order-java:8083,order-java:8083,2026-06-23 16:25:47,2026-06-23T10:55:47Z,1782212147,ramp_1,360.0,0.19999999999999998,{}
4,A,HTTP Throughput,go_order,go,order,warehouse-java-twin:9084,warehouse-java-twin:9084,2026-06-23 16:25:47,2026-06-23T10:55:47Z,1782212147,ramp_1,360.0,15.3815385174815,{}
4,A,HTTP Throughput,go_order,go,order,inventory-java:8082,inventory-java:8082,2026-06-23 16:26:02,2026-06-23T10:56:02Z,1782212162,ramp_1,375.0,0.19999636370247814,{}
4,A,HTTP Throughput,go_order,go,order,order-java:8083,order-java:8083,2026-06-23 16:26:02,2026-06-23T10:56:02Z,1782212162,ramp_1,375.0,0.19999636370247814,{}
4,A,HTTP Throughput,go_order,go,order,warehouse-java-twin:9084,warehouse-java-twin:9084,2026-06-23 16:26:02,2026-06-23T10:56:02Z,1782212162,ramp_1,375.0,17.909090909090907,{}
4,A,HTTP Throughput,go_order,go,order,inventory-java:8082,inventory-java:8082,2026-06-23 16:26:17,2026-06-23T10:56:17Z,1782212177,ramp_1,390.0,0.19999636370247814,{}
4,A,HTTP Throughput,go_order,go,order,order-java:8083,order-java:8083,2026-06-23 16:26:17,2026-06-23T10:56:17Z,1782212177,ramp_1,390.0,0.19999999999999998,{}
4,A,HTTP Throughput,go_order,go,order,warehouse-java-twin:9084,warehouse-java-twin:9084,2026-06-23 16:26:17,2026-06-23T10:56:17Z,1782212177,ramp_1,390.0,20.327272727272724,{}
4,A,HTTP Throughput,go_order,go,order,inventory-java:8082,inventory-java:8082,2026-06-23 16:26:32,2026-06-23T10:56:32Z,1782212192,ramp_1,405.0,0.19999636370247814,{}
4,A,HTTP Throughput,go_order,go,order,order-java:8083,order-java:8083,2026-06-23 16:26:32,2026-06-23T10:56:32Z,1782212192,ramp_1,405.0,0.19999999999999998,{}
4,A,HTTP Throughput,go_order,go,order,warehouse-java-twin:9084,warehouse-java-twin:9084,2026-06-23 16:26:32,2026-06-23T10:56:32Z,1782212192,ramp_1,405.0,22.545454545454543,{}
4,A,HTTP Throughput,go_order,go,order,inventory-java:8082,inventory-java:8082,2026-06-23 16:26:47,2026-06-23T10:56:47Z,1782212207,ramp_1,420.0,0.19999636370247814,{}
4,A,HTTP Throughput,go_order,go,order,order-java:8083,order-java:8083,2026-06-23 16:26:47,2026-06-23T10:56:47Z,1782212207,ramp_1,420.0,0.19999999999999998,{}
4,A,HTTP Throughput,go_order,go,order,warehouse-java-twin:9084,warehouse-java-twin:9084,2026-06-23 16:26:47,2026-06-23T10:56:47Z,1782212207,ramp_1,420.0,24.835912074325922,{}
4,A,HTTP Throughput,go_order,go,order,inventory-java:8082,inventory-java:8082,2026-06-23 16:27:02,2026-06-23T10:57:02Z,1782212222,ramp_1,435.0,0.19999999999999998,{}
4,A,HTTP Throughput,go_order,go,order,order-java:8083,order-java:8083,2026-06-23 16:27:02,2026-06-23T10:57:02Z,1782212222,ramp_1,435.0,0.20000363642975327,{}
4,A,HTTP Throughput,go_order,go,order,warehouse-java-twin:9084,warehouse-java-twin:9084,2026-06-23 16:27:02,2026-06-23T10:57:02Z,1782212222,ramp_1,435.0,27.0914016618484,{}
4,A,HTTP Throughput,go_order,go,order,inventory-java:8082,inventory-java:8082,2026-06-23 16:27:17,2026-06-23T10:57:17Z,1782212237,ramp_1,450.0,0.19999999999999998,{}
4,A,HTTP Throughput,go_order,go,order,order-java:8083,order-java:8083,2026-06-23 16:27:17,2026-06-23T10:57:17Z,1782212237,ramp_1,450.0,0.19999636370247814,{}
4,A,HTTP Throughput,go_order,go,order,warehouse-java-twin:9084,warehouse-java-twin:9084,2026-06-23 16:27:17,2026-06-23T10:57:17Z,1782212237,ramp_1,450.0,29.272195050999073,{}
4,A,HTTP Throughput,go_order,go,order,inventory-java:8082,inventory-java:8082,2026-06-23 16:27:32,2026-06-23T10:57:32Z,1782212252,ramp_1,465.0,0.20000363642975327,{}
4,A,HTTP Throughput,go_order,go,order,order-java:8083,order-java:8083,2026-06-23 16:27:32,2026-06-23T10:57:32Z,1782212252,ramp_1,465.0,0.19999999999999998,{}
4,A,HTTP Throughput,go_order,go,order,warehouse-java-twin:9084,warehouse-java-twin:9084,2026-06-23 16:27:32,2026-06-23T10:57:32Z,1782212252,ramp_1,465.0,31.47329951453663,{}
4,A,HTTP Throughput,go_order,go,order,inventory-java:8082,inventory-java:8082,2026-06-23 16:27:47,2026-06-23T10:57:47Z,1782212267,ramp_1,480.0,0.19999636370247814,{}
4,A,HTTP Throughput,go_order,go,order,order-java:8083,order-java:8083,2026-06-23 16:27:47,2026-06-23T10:57:47Z,1782212267,ramp_1,480.0,0.20000363642975327,{}
4,A,HTTP Throughput,go_order,go,order,warehouse-java-twin:9084,warehouse-java-twin:9084,2026-06-23 16:27:47,2026-06-23T10:57:47Z,1782212267,ramp_1,480.0,34.036982490590745,{}
4,A,HTTP Throughput,go_order,go,order,inventory-java:8082,inventory-java:8082,2026-06-23 16:28:02,2026-06-23T10:58:02Z,1782212282,ramp_1,495.0,0.19999999999999998,{}
4,A,HTTP Throughput,go_order,go,order,order-java:8083,order-java:8083,2026-06-23 16:28:02,2026-06-23T10:58:02Z,1782212282,ramp_1,495.0,0.20000363642975327,{}
4,A,HTTP Throughput,go_order,go,order,warehouse-java-twin:9084,warehouse-java-twin:9084,2026-06-23 16:28:02,2026-06-23T10:58:02Z,1782212282,ramp_1,495.0,36.21818181818182,{}
4,A,HTTP Throughput,go_order,go,order,inventory-java:8082,inventory-java:8082,2026-06-23 16:28:17,2026-06-23T10:58:17Z,1782212297,ramp_1,510.0,0.19999999999999998,{}
4,A,HTTP Throughput,go_order,go,order,order-java:8083,order-java:8083,2026-06-23 16:28:17,2026-06-23T10:58:17Z,1782212297,ramp_1,510.0,0.19999999999999998,{}
4,A,HTTP Throughput,go_order,go,order,warehouse-java-twin:9084,warehouse-java-twin:9084,2026-06-23 16:28:17,2026-06-23T10:58:17Z,1782212297,ramp_1,510.0,38.78111307067144,{}
4,A,HTTP Throughput,go_order,go,order,inventory-java:8082,inventory-java:8082,2026-06-23 16:28:32,2026-06-23T10:58:32Z,1782212312,ramp_1,525.0,0.19999999999999998,{}
4,A,HTTP Throughput,go_order,go,order,order-java:8083,order-java:8083,2026-06-23 16:28:32,2026-06-23T10:58:32Z,1782212312,ramp_1,525.0,0.19999999999999998,{}
4,A,HTTP Throughput,go_order,go,order,warehouse-java-twin:9084,warehouse-java-twin:9084,2026-06-23 16:28:32,2026-06-23T10:58:32Z,1782212312,ramp_1,525.0,41.74545454545454,{}
4,A,HTTP Throughput,go_order,go,order,inventory-java:8082,inventory-java:8082,2026-06-23 16:28:47,2026-06-23T10:58:47Z,1782212327,ramp_1,540.0,0.19999636370247814,{}
4,A,HTTP Throughput,go_order,go,order,order-java:8083,order-java:8083,2026-06-23 16:28:47,2026-06-23T10:58:47Z,1782212327,ramp_1,540.0,0.20000363642975327,{}
4,A,HTTP Throughput,go_order,go,order,warehouse-java-twin:9084,warehouse-java-twin:9084,2026-06-23 16:28:47,2026-06-23T10:58:47Z,1782212327,ramp_1,540.0,44.14625720467645,{}
4,A,HTTP Throughput,go_order,go,order,inventory-java:8082,inventory-java:8082,2026-06-23 16:29:02,2026-06-23T10:59:02Z,1782212342,ramp_1,555.0,0.19999999999999998,{}
4,A,HTTP Throughput,go_order,go,order,order-java:8083,order-java:8083,2026-06-23 16:29:02,2026-06-23T10:59:02Z,1782212342,ramp_1,555.0,0.20000363642975327,{}
4,A,HTTP Throughput,go_order,go,order,warehouse-java-twin:9084,warehouse-java-twin:9084,2026-06-23 16:29:02,2026-06-23T10:59:02Z,1782212342,ramp_1,555.0,47.2554046437208,{}
4,A,HTTP Throughput,go_order,go,order,inventory-java:8082,inventory-java:8082,2026-06-23 16:29:17,2026-06-23T10:59:17Z,1782212357,ramp_1,570.0,0.20000363642975327,{}
4,A,HTTP Throughput,go_order,go,order,order-java:8083,order-java:8083,2026-06-23 16:29:17,2026-06-23T10:59:17Z,1782212357,ramp_1,570.0,0.19999999999999998,{}
4,A,HTTP Throughput,go_order,go,order,warehouse-java-twin:9084,warehouse-java-twin:9084,2026-06-23 16:29:17,2026-06-23T10:59:17Z,1782212357,ramp_1,570.0,49.76454117347589,{}
4,A,HTTP Throughput,go_order,go,order,inventory-java:8082,inventory-java:8082,2026-06-23 16:29:32,2026-06-23T10:59:32Z,1782212372,ramp_1,585.0,0.19999999999999998,{}
4,A,HTTP Throughput,go_order,go,order,order-java:8083,order-java:8083,2026-06-23 16:29:32,2026-06-23T10:59:32Z,1782212372,ramp_1,585.0,0.19999999999999998,{}
4,A,HTTP Throughput,go_order,go,order,warehouse-java-twin:9084,warehouse-java-twin:9084,2026-06-23 16:29:32,2026-06-23T10:59:32Z,1782212372,ramp_1,585.0,49.10909090909091,{}
4,A,HTTP Throughput,go_order,go,order,inventory-java:8082,inventory-java:8082,2026-06-23 16:29:47,2026-06-23T10:59:47Z,1782212387,ramp_2,600.0,0.20000363642975327,{}
4,A,HTTP Throughput,go_order,go,order,order-java:8083,order-java:8083,2026-06-23 16:29:47,2026-06-23T10:59:47Z,1782212387,ramp_2,600.0,0.19999999999999998,{}
4,A,HTTP Throughput,go_order,go,order,warehouse-java-twin:9084,warehouse-java-twin:9084,2026-06-23 16:29:47,2026-06-23T10:59:47Z,1782212387,ramp_2,600.0,51.69090909090909,{}
4,A,HTTP Throughput,go_order,go,order,inventory-java:8082,inventory-java:8082,2026-06-23 16:30:02,2026-06-23T11:00:02Z,1782212402,ramp_2,615.0,0.20000363642975327,{}
4,A,HTTP Throughput,go_order,go,order,order-java:8083,order-java:8083,2026-06-23 16:30:02,2026-06-23T11:00:02Z,1782212402,ramp_2,615.0,0.20000363642975327,{}
4,A,HTTP Throughput,go_order,go,order,warehouse-java-twin:9084,warehouse-java-twin:9084,2026-06-23 16:30:02,2026-06-23T11:00:02Z,1782212402,ramp_2,615.0,54.21916762122948,{}
4,A,HTTP Throughput,go_order,go,order,inventory-java:8082,inventory-java:8082,2026-06-23 16:30:17,2026-06-23T11:00:17Z,1782212417,ramp_2,630.0,0.19999636370247814,{}
4,A,HTTP Throughput,go_order,go,order,order-java:8083,order-java:8083,2026-06-23 16:30:17,2026-06-23T11:00:17Z,1782212417,ramp_2,630.0,0.19999999999999998,{}
4,A,HTTP Throughput,go_order,go,order,warehouse-java-twin:9084,warehouse-java-twin:9084,2026-06-23 16:30:17,2026-06-23T11:00:17Z,1782212417,ramp_2,630.0,56.98285423371335,{}
4,A,HTTP Throughput,go_order,go,order,inventory-java:8082,inventory-java:8082,2026-06-23 16:30:32,2026-06-23T11:00:32Z,1782212432,ramp_2,645.0,0.19999999999999998,{}
4,A,HTTP Throughput,go_order,go,order,order-java:8083,order-java:8083,2026-06-23 16:30:32,2026-06-23T11:00:32Z,1782212432,ramp_2,645.0,0.19999999999999998,{}
4,A,HTTP Throughput,go_order,go,order,warehouse-java-twin:9084,warehouse-java-twin:9084,2026-06-23 16:30:32,2026-06-23T11:00:32Z,1782212432,ramp_2,645.0,63.07272727272727,{}
4,A,HTTP Throughput,go_order,go,order,inventory-java:8082,inventory-java:8082,2026-06-23 16:30:47,2026-06-23T11:00:47Z,1782212447,ramp_2,660.0,0.19999999999999998,{}
4,A,HTTP Throughput,go_order,go,order,order-java:8083,order-java:8083,2026-06-23 16:30:47,2026-06-23T11:00:47Z,1782212447,ramp_2,660.0,0.19999999999999998,{}
4,A,HTTP Throughput,go_order,go,order,warehouse-java-twin:9084,warehouse-java-twin:9084,2026-06-23 16:30:47,2026-06-23T11:00:47Z,1782212447,ramp_2,660.0,66.16483936071566,{}
4,A,HTTP Throughput,go_order,go,order,inventory-java:8082,inventory-java:8082,2026-06-23 16:31:02,2026-06-23T11:01:02Z,1782212462,ramp_2,675.0,0.19999636370247814,{}
4,A,HTTP Throughput,go_order,go,order,order-java:8083,order-java:8083,2026-06-23 16:31:02,2026-06-23T11:01:02Z,1782212462,ramp_2,675.0,0.20000363642975327,{}
4,A,HTTP Throughput,go_order,go,order,warehouse-java-twin:9084,warehouse-java-twin:9084,2026-06-23 16:31:02,2026-06-23T11:01:02Z,1782212462,ramp_2,675.0,69.29090909090908,{}
4,A,HTTP Throughput,go_order,go,order,inventory-java:8082,inventory-java:8082,2026-06-23 16:31:17,2026-06-23T11:01:17Z,1782212477,ramp_2,690.0,0.19999999999999998,{}
4,A,HTTP Throughput,go_order,go,order,order-java:8083,order-java:8083,2026-06-23 16:31:17,2026-06-23T11:01:17Z,1782212477,ramp_2,690.0,0.19999999999999998,{}
4,A,HTTP Throughput,go_order,go,order,warehouse-java-twin:9084,warehouse-java-twin:9084,2026-06-23 16:31:17,2026-06-23T11:01:17Z,1782212477,ramp_2,690.0,72.0,{}
4,A,HTTP Throughput,go_order,go,order,inventory-java:8082,inventory-java:8082,2026-06-23 16:31:32,2026-06-23T11:01:32Z,1782212492,ramp_2,705.0,0.19999636370247814,{}
4,A,HTTP Throughput,go_order,go,order,order-java:8083,order-java:8083,2026-06-23 16:31:32,2026-06-23T11:01:32Z,1782212492,ramp_2,705.0,0.20000363642975327,{}
4,A,HTTP Throughput,go_order,go,order,warehouse-java-twin:9084,warehouse-java-twin:9084,2026-06-23 16:31:32,2026-06-23T11:01:32Z,1782212492,ramp_2,705.0,73.94679903270969,{}
4,A,HTTP Throughput,go_order,go,order,inventory-java:8082,inventory-java:8082,2026-06-23 16:31:47,2026-06-23T11:01:47Z,1782212507,ramp_2,720.0,0.19999999999999998,{}
4,A,HTTP Throughput,go_order,go,order,order-java:8083,order-java:8083,2026-06-23 16:31:47,2026-06-23T11:01:47Z,1782212507,ramp_2,720.0,0.19999999999999998,{}
4,A,HTTP Throughput,go_order,go,order,warehouse-java-twin:9084,warehouse-java-twin:9084,2026-06-23 16:31:47,2026-06-23T11:01:47Z,1782212507,ramp_2,720.0,75.01954580992383,{}
4,A,HTTP Throughput,go_order,go,order,inventory-java:8082,inventory-java:8082,2026-06-23 16:32:02,2026-06-23T11:02:02Z,1782212522,ramp_2,735.0,0.19999636370247814,{}
4,A,HTTP Throughput,go_order,go,order,order-java:8083,order-java:8083,2026-06-23 16:32:02,2026-06-23T11:02:02Z,1782212522,ramp_2,735.0,0.20000363642975327,{}
4,A,HTTP Throughput,go_order,go,order,warehouse-java-twin:9084,warehouse-java-twin:9084,2026-06-23 16:32:02,2026-06-23T11:02:02Z,1782212522,ramp_2,735.0,75.60137457044674,{}
4,A,HTTP Throughput,go_order,go,order,inventory-java:8082,inventory-java:8082,2026-06-23 16:32:17,2026-06-23T11:02:17Z,1782212537,ramp_2,750.0,0.19999999999999998,{}
4,A,HTTP Throughput,go_order,go,order,order-java:8083,order-java:8083,2026-06-23 16:32:17,2026-06-23T11:02:17Z,1782212537,ramp_2,750.0,0.19999999999999998,{}
4,A,HTTP Throughput,go_order,go,order,warehouse-java-twin:9084,warehouse-java-twin:9084,2026-06-23 16:32:17,2026-06-23T11:02:17Z,1782212537,ramp_2,750.0,75.5831924216804,{}
4,A,HTTP Throughput,go_order,go,order,inventory-java:8082,inventory-java:8082,2026-06-23 16:32:32,2026-06-23T11:02:32Z,1782212552,ramp_2,765.0,0.19999636370247814,{}
4,A,HTTP Throughput,go_order,go,order,order-java:8083,order-java:8083,2026-06-23 16:32:32,2026-06-23T11:02:32Z,1782212552,ramp_2,765.0,0.19999999999999998,{}
4,A,HTTP Throughput,go_order,go,order,warehouse-java-twin:9084,warehouse-java-twin:9084,2026-06-23 16:32:32,2026-06-23T11:02:32Z,1782212552,ramp_2,765.0,75.78319605811015,{}
4,A,HTTP Throughput,go_order,go,order,inventory-java:8082,inventory-java:8082,2026-06-23 16:32:47,2026-06-23T11:02:47Z,1782212567,ramp_2,780.0,0.19999999999999998,{}
4,A,HTTP Throughput,go_order,go,order,order-java:8083,order-java:8083,2026-06-23 16:32:47,2026-06-23T11:02:47Z,1782212567,ramp_2,780.0,0.19999999999999998,{}
4,A,HTTP Throughput,go_order,go,order,warehouse-java-twin:9084,warehouse-java-twin:9084,2026-06-23 16:32:47,2026-06-23T11:02:47Z,1782212567,ramp_2,780.0,75.81818181818181,{}
4,A,HTTP Throughput,go_order,go,order,inventory-java:8082,inventory-java:8082,2026-06-23 16:33:02,2026-06-23T11:03:02Z,1782212582,ramp_2,795.0,0.20000363642975327,{}
4,A,HTTP Throughput,go_order,go,order,order-java:8083,order-java:8083,2026-06-23 16:33:02,2026-06-23T11:03:02Z,1782212582,ramp_2,795.0,0.20000363642975327,{}
4,A,HTTP Throughput,go_order,go,order,warehouse-java-twin:9084,warehouse-java-twin:9084,2026-06-23 16:33:02,2026-06-23T11:03:02Z,1782212582,ramp_2,795.0,75.67410316551211,{}
4,A,HTTP Throughput,go_order,go,order,inventory-java:8082,inventory-java:8082,2026-06-23 16:33:17,2026-06-23T11:03:17Z,1782212597,ramp_2,810.0,0.20000363642975327,{}
4,A,HTTP Throughput,go_order,go,order,order-java:8083,order-java:8083,2026-06-23 16:33:17,2026-06-23T11:03:17Z,1782212597,ramp_2,810.0,0.19999636370247814,{}
4,A,HTTP Throughput,go_order,go,order,warehouse-java-twin:9084,warehouse-java-twin:9084,2026-06-23 16:33:17,2026-06-23T11:03:17Z,1782212597,ramp_2,810.0,75.49090909090908,{}
4,A,HTTP Throughput,go_order,go,order,inventory-java:8082,inventory-java:8082,2026-06-23 16:33:32,2026-06-23T11:03:32Z,1782212612,ramp_2,825.0,0.19999999999999998,{}
4,A,HTTP Throughput,go_order,go,order,order-java:8083,order-java:8083,2026-06-23 16:33:32,2026-06-23T11:03:32Z,1782212612,ramp_2,825.0,0.19999636370247814,{}
4,A,HTTP Throughput,go_order,go,order,warehouse-java-twin:9084,warehouse-java-twin:9084,2026-06-23 16:33:32,2026-06-23T11:03:32Z,1782212612,ramp_2,825.0,75.63773886797942,{}
4,A,HTTP Throughput,go_order,go,order,inventory-java:8082,inventory-java:8082,2026-06-23 16:33:47,2026-06-23T11:03:47Z,1782212627,ramp_2,840.0,0.19999999999999998,{}
4,A,HTTP Throughput,go_order,go,order,order-java:8083,order-java:8083,2026-06-23 16:33:47,2026-06-23T11:03:47Z,1782212627,ramp_2,840.0,0.19999999999999998,{}
4,A,HTTP Throughput,go_order,go,order,warehouse-java-twin:9084,warehouse-java-twin:9084,2026-06-23 16:33:47,2026-06-23T11:03:47Z,1782212627,ramp_2,840.0,75.85316630606717,{}
4,A,HTTP Throughput,go_order,go,order,inventory-java:8082,inventory-java:8082,2026-06-23 16:34:02,2026-06-23T11:04:02Z,1782212642,ramp_2,855.0,0.20000363642975327,{}
4,A,HTTP Throughput,go_order,go,order,order-java:8083,order-java:8083,2026-06-23 16:34:02,2026-06-23T11:04:02Z,1782212642,ramp_2,855.0,0.19999999999999998,{}
4,A,HTTP Throughput,go_order,go,order,warehouse-java-twin:9084,warehouse-java-twin:9084,2026-06-23 16:34:02,2026-06-23T11:04:02Z,1782212642,ramp_2,855.0,75.96225523172306,{}
4,A,HTTP Throughput,go_order,go,order,inventory-java:8082,inventory-java:8082,2026-06-23 16:34:17,2026-06-23T11:04:17Z,1782212657,ramp_2,870.0,0.19999999999999998,{}
4,A,HTTP Throughput,go_order,go,order,order-java:8083,order-java:8083,2026-06-23 16:34:17,2026-06-23T11:04:17Z,1782212657,ramp_2,870.0,0.19999999999999998,{}
4,A,HTTP Throughput,go_order,go,order,warehouse-java-twin:9084,warehouse-java-twin:9084,2026-06-23 16:34:17,2026-06-23T11:04:17Z,1782212657,ramp_2,870.0,75.69090909090909,{}
4,A,HTTP Throughput,go_order,go,order,inventory-java:8082,inventory-java:8082,2026-06-23 16:34:32,2026-06-23T11:04:32Z,1782212672,ramp_2,885.0,0.19999999999999998,{}
4,A,HTTP Throughput,go_order,go,order,order-java:8083,order-java:8083,2026-06-23 16:34:32,2026-06-23T11:04:32Z,1782212672,ramp_2,885.0,0.19999636370247814,{}
4,A,HTTP Throughput,go_order,go,order,warehouse-java-twin:9084,warehouse-java-twin:9084,2026-06-23 16:34:32,2026-06-23T11:04:32Z,1782212672,ramp_2,885.0,75.49090909090908,{}
4,A,HTTP Throughput,go_order,go,order,inventory-java:8082,inventory-java:8082,2026-06-23 16:34:47,2026-06-23T11:04:47Z,1782212687,ramp_3,900.0,0.20000727299174517,{}
4,A,HTTP Throughput,go_order,go,order,order-java:8083,order-java:8083,2026-06-23 16:34:47,2026-06-23T11:04:47Z,1782212687,ramp_3,900.0,0.19999999999999998,{}
4,A,HTTP Throughput,go_order,go,order,warehouse-java-twin:9084,warehouse-java-twin:9084,2026-06-23 16:34:47,2026-06-23T11:04:47Z,1782212687,ramp_3,900.0,69.8921798578156,{}
4,A,HTTP Throughput,go_order,go,order,inventory-java:8082,inventory-java:8082,2026-06-23 16:35:02,2026-06-23T11:05:02Z,1782212702,ramp_3,915.0,0.20000363642975327,{}
4,A,HTTP Throughput,go_order,go,order,order-java:8083,order-java:8083,2026-06-23 16:35:02,2026-06-23T11:05:02Z,1782212702,ramp_3,915.0,0.19999999999999998,{}
4,A,HTTP Throughput,go_order,go,order,warehouse-java-twin:9084,warehouse-java-twin:9084,2026-06-23 16:35:02,2026-06-23T11:05:02Z,1782212702,ramp_3,915.0,70.01945489917999,{}
4,A,HTTP Throughput,go_order,go,order,inventory-java:8082,inventory-java:8082,2026-06-23 16:35:17,2026-06-23T11:05:17Z,1782212717,ramp_3,930.0,0.20000363642975327,{}
4,A,HTTP Throughput,go_order,go,order,order-java:8083,order-java:8083,2026-06-23 16:35:17,2026-06-23T11:05:17Z,1782212717,ramp_3,930.0,0.19999999999999998,{}
4,A,HTTP Throughput,go_order,go,order,warehouse-java-twin:9084,warehouse-java-twin:9084,2026-06-23 16:35:17,2026-06-23T11:05:17Z,1782212717,ramp_3,930.0,70.36363636363636,{}
4,A,HTTP Throughput,go_order,go,order,inventory-java:8082,inventory-java:8082,2026-06-23 16:35:32,2026-06-23T11:05:32Z,1782212732,ramp_3,945.0,0.19999999999999998,{}
4,A,HTTP Throughput,go_order,go,order,order-java:8083,order-java:8083,2026-06-23 16:35:32,2026-06-23T11:05:32Z,1782212732,ramp_3,945.0,0.19999636370247814,{}
4,A,HTTP Throughput,go_order,go,order,warehouse-java-twin:9084,warehouse-java-twin:9084,2026-06-23 16:35:32,2026-06-23T11:05:32Z,1782212732,ramp_3,945.0,74.16498481790579,{}
4,A,HTTP Throughput,go_order,go,order,inventory-java:8082,inventory-java:8082,2026-06-23 16:35:47,2026-06-23T11:05:47Z,1782212747,ramp_3,960.0,0.19999999999999998,{}
4,A,HTTP Throughput,go_order,go,order,order-java:8083,order-java:8083,2026-06-23 16:35:47,2026-06-23T11:05:47Z,1782212747,ramp_3,960.0,0.19999636370247814,{}
4,A,HTTP Throughput,go_order,go,order,warehouse-java-twin:9084,warehouse-java-twin:9084,2026-06-23 16:35:47,2026-06-23T11:05:47Z,1782212747,ramp_3,960.0,75.63636363636363,{}
4,A,HTTP Throughput,go_order,go,order,inventory-java:8082,inventory-java:8082,2026-06-23 16:36:02,2026-06-23T11:06:02Z,1782212762,ramp_3,975.0,0.19999999999999998,{}
4,A,HTTP Throughput,go_order,go,order,order-java:8083,order-java:8083,2026-06-23 16:36:02,2026-06-23T11:06:02Z,1782212762,ramp_3,975.0,0.19999999999999998,{}
4,A,HTTP Throughput,go_order,go,order,warehouse-java-twin:9084,warehouse-java-twin:9084,2026-06-23 16:36:02,2026-06-23T11:06:02Z,1782212762,ramp_3,975.0,75.81818181818181,{}
4,A,HTTP Throughput,go_order,go,order,inventory-java:8082,inventory-java:8082,2026-06-23 16:36:17,2026-06-23T11:06:17Z,1782212777,ramp_3,990.0,0.19999999999999998,{}
4,A,HTTP Throughput,go_order,go,order,order-java:8083,order-java:8083,2026-06-23 16:36:17,2026-06-23T11:06:17Z,1782212777,ramp_3,990.0,0.19999999999999998,{}
4,A,HTTP Throughput,go_order,go,order,warehouse-java-twin:9084,warehouse-java-twin:9084,2026-06-23 16:36:17,2026-06-23T11:06:17Z,1782212777,ramp_3,990.0,75.8895292812858,{}
4,A,HTTP Throughput,go_order,go,order,inventory-java:8082,inventory-java:8082,2026-06-23 16:36:32,2026-06-23T11:06:32Z,1782212792,ramp_3,1005.0,0.20000363642975327,{}
4,A,HTTP Throughput,go_order,go,order,order-java:8083,order-java:8083,2026-06-23 16:36:32,2026-06-23T11:06:32Z,1782212792,ramp_3,1005.0,0.19999636370247814,{}
4,A,HTTP Throughput,go_order,go,order,warehouse-java-twin:9084,warehouse-java-twin:9084,2026-06-23 16:36:32,2026-06-23T11:06:32Z,1782212792,ramp_3,1005.0,75.96501754577356,{}
4,A,HTTP Throughput,go_order,go,order,inventory-java:8082,inventory-java:8082,2026-06-23 16:36:47,2026-06-23T11:06:47Z,1782212807,ramp_3,1020.0,0.20000363642975327,{}
4,A,HTTP Throughput,go_order,go,order,order-java:8083,order-java:8083,2026-06-23 16:36:47,2026-06-23T11:06:47Z,1782212807,ramp_3,1020.0,0.19999636370247814,{}
4,A,HTTP Throughput,go_order,go,order,warehouse-java-twin:9084,warehouse-java-twin:9084,2026-06-23 16:36:47,2026-06-23T11:06:47Z,1782212807,ramp_3,1020.0,75.81956035564284,{}
4,A,HTTP Throughput,go_order,go,order,inventory-java:8082,inventory-java:8082,2026-06-23 16:37:02,2026-06-23T11:07:02Z,1782212822,ramp_3,1035.0,0.19999999999999998,{}
4,A,HTTP Throughput,go_order,go,order,order-java:8083,order-java:8083,2026-06-23 16:37:02,2026-06-23T11:07:02Z,1782212822,ramp_3,1035.0,0.19999636370247814,{}
4,A,HTTP Throughput,go_order,go,order,warehouse-java-twin:9084,warehouse-java-twin:9084,2026-06-23 16:37:02,2026-06-23T11:07:02Z,1782212822,ramp_3,1035.0,75.81818181818181,{}
4,A,HTTP Throughput,go_order,go,order,inventory-java:8082,inventory-java:8082,2026-06-23 16:37:17,2026-06-23T11:07:17Z,1782212837,ramp_3,1050.0,0.19999636370247814,{}
4,A,HTTP Throughput,go_order,go,order,order-java:8083,order-java:8083,2026-06-23 16:37:17,2026-06-23T11:07:17Z,1782212837,ramp_3,1050.0,0.19999999999999998,{}
4,A,HTTP Throughput,go_order,go,order,warehouse-java-twin:9084,warehouse-java-twin:9084,2026-06-23 16:37:17,2026-06-23T11:07:17Z,1782212837,ramp_3,1050.0,75.65316994236468,{}
4,A,HTTP Throughput,go_order,go,order,inventory-java:8082,inventory-java:8082,2026-06-23 16:37:32,2026-06-23T11:07:32Z,1782212852,ramp_3,1065.0,0.19999636370247814,{}
4,A,HTTP Throughput,go_order,go,order,order-java:8083,order-java:8083,2026-06-23 16:37:32,2026-06-23T11:07:32Z,1782212852,ramp_3,1065.0,0.19999999999999998,{}
4,A,HTTP Throughput,go_order,go,order,warehouse-java-twin:9084,warehouse-java-twin:9084,2026-06-23 16:37:32,2026-06-23T11:07:32Z,1782212852,ramp_3,1065.0,75.65454545454546,{}
4,A,HTTP Throughput,go_order,go,order,inventory-java:8082,inventory-java:8082,2026-06-23 16:37:47,2026-06-23T11:07:47Z,1782212867,ramp_3,1080.0,0.20000363642975327,{}
4,A,HTTP Throughput,go_order,go,order,order-java:8083,order-java:8083,2026-06-23 16:37:47,2026-06-23T11:07:47Z,1782212867,ramp_3,1080.0,0.19999636370247814,{}
4,A,HTTP Throughput,go_order,go,order,warehouse-java-twin:9084,warehouse-java-twin:9084,2026-06-23 16:37:47,2026-06-23T11:07:47Z,1782212867,ramp_3,1080.0,75.8,{}
4,A,HTTP Throughput,go_order,go,order,inventory-java:8082,inventory-java:8082,2026-06-23 16:38:02,2026-06-23T11:08:02Z,1782212882,ramp_3,1095.0,0.19999999999999998,{}
4,A,HTTP Throughput,go_order,go,order,order-java:8083,order-java:8083,2026-06-23 16:38:02,2026-06-23T11:08:02Z,1782212882,ramp_3,1095.0,0.19999636370247814,{}
4,A,HTTP Throughput,go_order,go,order,warehouse-java-twin:9084,warehouse-java-twin:9084,2026-06-23 16:38:02,2026-06-23T11:08:02Z,1782212882,ramp_3,1095.0,75.76363636363635,{}
4,A,HTTP Throughput,go_order,go,order,inventory-java:8082,inventory-java:8082,2026-06-23 16:38:17,2026-06-23T11:08:17Z,1782212897,ramp_3,1110.0,0.19999636370247814,{}
4,A,HTTP Throughput,go_order,go,order,order-java:8083,order-java:8083,2026-06-23 16:38:17,2026-06-23T11:08:17Z,1782212897,ramp_3,1110.0,0.19999636370247814,{}
4,A,HTTP Throughput,go_order,go,order,warehouse-java-twin:9084,warehouse-java-twin:9084,2026-06-23 16:38:17,2026-06-23T11:08:17Z,1782212897,ramp_3,1110.0,76.07134415737896,{}
4,A,HTTP Throughput,go_order,go,order,inventory-java:8082,inventory-java:8082,2026-06-23 16:38:32,2026-06-23T11:08:32Z,1782212912,ramp_3,1125.0,0.19999999999999998,{}
4,A,HTTP Throughput,go_order,go,order,order-java:8083,order-java:8083,2026-06-23 16:38:32,2026-06-23T11:08:32Z,1782212912,ramp_3,1125.0,0.19999999999999998,{}
4,A,HTTP Throughput,go_order,go,order,warehouse-java-twin:9084,warehouse-java-twin:9084,2026-06-23 16:38:32,2026-06-23T11:08:32Z,1782212912,ramp_3,1125.0,75.58044399192742,{}
4,A,HTTP Throughput,go_order,go,order,inventory-java:8082,inventory-java:8082,2026-06-23 16:38:47,2026-06-23T11:08:47Z,1782212927,ramp_3,1140.0,0.19999636370247814,{}
4,A,HTTP Throughput,go_order,go,order,order-java:8083,order-java:8083,2026-06-23 16:38:47,2026-06-23T11:08:47Z,1782212927,ramp_3,1140.0,0.19999999999999998,{}
4,A,HTTP Throughput,go_order,go,order,warehouse-java-twin:9084,warehouse-java-twin:9084,2026-06-23 16:38:47,2026-06-23T11:08:47Z,1782212927,ramp_3,1140.0,75.7090909090909,{}
4,A,HTTP Throughput,go_order,go,order,inventory-java:8082,inventory-java:8082,2026-06-23 16:39:02,2026-06-23T11:09:02Z,1782212942,ramp_3,1155.0,0.19999636370247814,{}
4,A,HTTP Throughput,go_order,go,order,order-java:8083,order-java:8083,2026-06-23 16:39:02,2026-06-23T11:09:02Z,1782212942,ramp_3,1155.0,0.19999999999999998,{}
4,A,HTTP Throughput,go_order,go,order,warehouse-java-twin:9084,warehouse-java-twin:9084,2026-06-23 16:39:02,2026-06-23T11:09:02Z,1782212942,ramp_3,1155.0,75.8,{}
4,A,HTTP Throughput,go_order,go,order,inventory-java:8082,inventory-java:8082,2026-06-23 16:39:17,2026-06-23T11:09:17Z,1782212957,ramp_3,1170.0,0.19999999999999998,{}
4,A,HTTP Throughput,go_order,go,order,order-java:8083,order-java:8083,2026-06-23 16:39:17,2026-06-23T11:09:17Z,1782212957,ramp_3,1170.0,0.19999999999999998,{}
4,A,HTTP Throughput,go_order,go,order,warehouse-java-twin:9084,warehouse-java-twin:9084,2026-06-23 16:39:17,2026-06-23T11:09:17Z,1782212957,ramp_3,1170.0,75.92727272727272,{}
4,A,HTTP Throughput,go_order,go,order,inventory-java:8082,inventory-java:8082,2026-06-23 16:39:32,2026-06-23T11:09:32Z,1782212972,ramp_3,1185.0,0.20000363642975327,{}
4,A,HTTP Throughput,go_order,go,order,order-java:8083,order-java:8083,2026-06-23 16:39:32,2026-06-23T11:09:32Z,1782212972,ramp_3,1185.0,0.19999636370247814,{}
4,A,HTTP Throughput,go_order,go,order,warehouse-java-twin:9084,warehouse-java-twin:9084,2026-06-23 16:39:32,2026-06-23T11:09:32Z,1782212972,ramp_3,1185.0,75.91047109947455,{}
4,A,HTTP Throughput,go_order,go,order,inventory-java:8082,inventory-java:8082,2026-06-23 16:39:47,2026-06-23T11:09:47Z,1782212987,sustain,1200.0,0.19999999999999998,{}
4,A,HTTP Throughput,go_order,go,order,order-java:8083,order-java:8083,2026-06-23 16:39:47,2026-06-23T11:09:47Z,1782212987,sustain,1200.0,0.20000363642975327,{}
4,A,HTTP Throughput,go_order,go,order,warehouse-java-twin:9084,warehouse-java-twin:9084,2026-06-23 16:39:47,2026-06-23T11:09:47Z,1782212987,sustain,1200.0,70.56363636363636,{}
4,A,HTTP Throughput,go_order,go,order,inventory-java:8082,inventory-java:8082,2026-06-23 16:40:02,2026-06-23T11:10:02Z,1782213002,sustain,1215.0,0.19999999999999998,{}
4,A,HTTP Throughput,go_order,go,order,order-java:8083,order-java:8083,2026-06-23 16:40:02,2026-06-23T11:10:02Z,1782213002,sustain,1215.0,0.20000363642975327,{}
4,A,HTTP Throughput,go_order,go,order,warehouse-java-twin:9084,warehouse-java-twin:9084,2026-06-23 16:40:02,2026-06-23T11:10:02Z,1782213002,sustain,1215.0,70.43764432080583,{}
4,A,HTTP Throughput,go_order,go,order,inventory-java:8082,inventory-java:8082,2026-06-23 16:40:17,2026-06-23T11:10:17Z,1782213017,sustain,1230.0,0.19999999999999998,{}
4,A,HTTP Throughput,go_order,go,order,order-java:8083,order-java:8083,2026-06-23 16:40:17,2026-06-23T11:10:17Z,1782213017,sustain,1230.0,0.19999999999999998,{}
4,A,HTTP Throughput,go_order,go,order,warehouse-java-twin:9084,warehouse-java-twin:9084,2026-06-23 16:40:17,2026-06-23T11:10:17Z,1782213017,sustain,1230.0,70.67272727272727,{}
4,A,HTTP Throughput,go_order,go,order,inventory-java:8082,inventory-java:8082,2026-06-23 16:40:32,2026-06-23T11:10:32Z,1782213032,sustain,1245.0,0.19999636370247814,{}
4,A,HTTP Throughput,go_order,go,order,order-java:8083,order-java:8083,2026-06-23 16:40:32,2026-06-23T11:10:32Z,1782213032,sustain,1245.0,0.19999999999999998,{}
4,A,HTTP Throughput,go_order,go,order,warehouse-java-twin:9084,warehouse-java-twin:9084,2026-06-23 16:40:32,2026-06-23T11:10:32Z,1782213032,sustain,1245.0,70.34673357697413,{}
4,A,HTTP Throughput,go_order,go,order,inventory-java:8082,inventory-java:8082,2026-06-23 16:40:47,2026-06-23T11:10:47Z,1782213047,sustain,1260.0,0.20000363642975327,{}
4,A,HTTP Throughput,go_order,go,order,order-java:8083,order-java:8083,2026-06-23 16:40:47,2026-06-23T11:10:47Z,1782213047,sustain,1260.0,0.19999999999999998,{}
4,A,HTTP Throughput,go_order,go,order,warehouse-java-twin:9084,warehouse-java-twin:9084,2026-06-23 16:40:47,2026-06-23T11:10:47Z,1782213047,sustain,1260.0,75.43636363636364,{}
4,A,HTTP Throughput,go_order,go,order,inventory-java:8082,inventory-java:8082,2026-06-23 16:41:02,2026-06-23T11:11:02Z,1782213062,sustain,1275.0,0.20000363642975327,{}
4,A,HTTP Throughput,go_order,go,order,order-java:8083,order-java:8083,2026-06-23 16:41:02,2026-06-23T11:11:02Z,1782213062,sustain,1275.0,0.19999999999999998,{}
4,A,HTTP Throughput,go_order,go,order,warehouse-java-twin:9084,warehouse-java-twin:9084,2026-06-23 16:41:02,2026-06-23T11:11:02Z,1782213062,sustain,1275.0,75.43773523154967,{}
4,A,HTTP Throughput,go_order,go,order,inventory-java:8082,inventory-java:8082,2026-06-23 16:41:17,2026-06-23T11:11:17Z,1782213077,sustain,1290.0,0.20000363642975327,{}
4,A,HTTP Throughput,go_order,go,order,order-java:8083,order-java:8083,2026-06-23 16:41:17,2026-06-23T11:11:17Z,1782213077,sustain,1290.0,0.19999999999999998,{}
4,A,HTTP Throughput,go_order,go,order,warehouse-java-twin:9084,warehouse-java-twin:9084,2026-06-23 16:41:17,2026-06-23T11:11:17Z,1782213077,sustain,1290.0,75.14545454545454,{}
4,A,HTTP Throughput,go_order,go,order,inventory-java:8082,inventory-java:8082,2026-06-23 16:41:32,2026-06-23T11:11:32Z,1782213092,sustain,1305.0,0.19999636370247814,{}
4,A,HTTP Throughput,go_order,go,order,order-java:8083,order-java:8083,2026-06-23 16:41:32,2026-06-23T11:11:32Z,1782213092,sustain,1305.0,0.19999636370247814,{}
4,A,HTTP Throughput,go_order,go,order,warehouse-java-twin:9084,warehouse-java-twin:9084,2026-06-23 16:41:32,2026-06-23T11:11:32Z,1782213092,sustain,1305.0,75.23636363636363,{}
4,A,HTTP Throughput,go_order,go,order,inventory-java:8082,inventory-java:8082,2026-06-23 16:41:47,2026-06-23T11:11:47Z,1782213107,sustain,1320.0,0.19999999999999998,{}
4,A,HTTP Throughput,go_order,go,order,order-java:8083,order-java:8083,2026-06-23 16:41:47,2026-06-23T11:11:47Z,1782213107,sustain,1320.0,0.19999999999999998,{}
4,A,HTTP Throughput,go_order,go,order,warehouse-java-twin:9084,warehouse-java-twin:9084,2026-06-23 16:41:47,2026-06-23T11:11:47Z,1782213107,sustain,1320.0,75.14545454545454,{}
4,A,HTTP Throughput,go_order,go,order,inventory-java:8082,inventory-java:8082,2026-06-23 16:42:02,2026-06-23T11:12:02Z,1782213122,sustain,1335.0,0.19999999999999998,{}
4,A,HTTP Throughput,go_order,go,order,order-java:8083,order-java:8083,2026-06-23 16:42:02,2026-06-23T11:12:02Z,1782213122,sustain,1335.0,0.19999999999999998,{}
4,A,HTTP Throughput,go_order,go,order,warehouse-java-twin:9084,warehouse-java-twin:9084,2026-06-23 16:42:02,2026-06-23T11:12:02Z,1782213122,sustain,1335.0,75.18045126452246,{}
4,A,HTTP Throughput,go_order,go,order,inventory-java:8082,inventory-java:8082,2026-06-23 16:42:17,2026-06-23T11:12:17Z,1782213137,sustain,1350.0,0.19999999999999998,{}
4,A,HTTP Throughput,go_order,go,order,order-java:8083,order-java:8083,2026-06-23 16:42:17,2026-06-23T11:12:17Z,1782213137,sustain,1350.0,0.19999999999999998,{}
4,A,HTTP Throughput,go_order,go,order,warehouse-java-twin:9084,warehouse-java-twin:9084,2026-06-23 16:42:17,2026-06-23T11:12:17Z,1782213137,sustain,1350.0,75.09227440498918,{}
4,A,HTTP Throughput,go_order,go,order,inventory-java:8082,inventory-java:8082,2026-06-23 16:42:32,2026-06-23T11:12:32Z,1782213152,sustain,1365.0,0.20000363642975327,{}
4,A,HTTP Throughput,go_order,go,order,order-java:8083,order-java:8083,2026-06-23 16:42:32,2026-06-23T11:12:32Z,1782213152,sustain,1365.0,0.19999999999999998,{}
4,A,HTTP Throughput,go_order,go,order,warehouse-java-twin:9084,warehouse-java-twin:9084,2026-06-23 16:42:32,2026-06-23T11:12:32Z,1782213152,sustain,1365.0,75.47272727272727,{}
4,A,HTTP Throughput,go_order,go,order,inventory-java:8082,inventory-java:8082,2026-06-23 16:42:47,2026-06-23T11:12:47Z,1782213167,sustain,1380.0,0.19999999999999998,{}
4,A,HTTP Throughput,go_order,go,order,order-java:8083,order-java:8083,2026-06-23 16:42:47,2026-06-23T11:12:47Z,1782213167,sustain,1380.0,0.19999999999999998,{}
4,A,HTTP Throughput,go_order,go,order,warehouse-java-twin:9084,warehouse-java-twin:9084,2026-06-23 16:42:47,2026-06-23T11:12:47Z,1782213167,sustain,1380.0,75.45454545454545,{}
4,A,HTTP Throughput,go_order,go,order,inventory-java:8082,inventory-java:8082,2026-06-23 16:43:02,2026-06-23T11:13:02Z,1782213182,sustain,1395.0,0.20000363642975327,{}
4,A,HTTP Throughput,go_order,go,order,order-java:8083,order-java:8083,2026-06-23 16:43:02,2026-06-23T11:13:02Z,1782213182,sustain,1395.0,0.20000363642975327,{}
4,A,HTTP Throughput,go_order,go,order,warehouse-java-twin:9084,warehouse-java-twin:9084,2026-06-23 16:43:02,2026-06-23T11:13:02Z,1782213182,sustain,1395.0,75.23636363636363,{}
4,A,HTTP Throughput,go_order,go,order,inventory-java:8082,inventory-java:8082,2026-06-23 16:43:17,2026-06-23T11:13:17Z,1782213197,sustain,1410.0,0.19999636370247814,{}
4,A,HTTP Throughput,go_order,go,order,order-java:8083,order-java:8083,2026-06-23 16:43:17,2026-06-23T11:13:17Z,1782213197,sustain,1410.0,0.19999999999999998,{}
4,A,HTTP Throughput,go_order,go,order,warehouse-java-twin:9084,warehouse-java-twin:9084,2026-06-23 16:43:17,2026-06-23T11:13:17Z,1782213197,sustain,1410.0,75.50771804149015,{}
4,A,HTTP Throughput,go_order,go,order,inventory-java:8082,inventory-java:8082,2026-06-23 16:43:32,2026-06-23T11:13:32Z,1782213212,sustain,1425.0,0.20000363642975327,{}
4,A,HTTP Throughput,go_order,go,order,order-java:8083,order-java:8083,2026-06-23 16:43:32,2026-06-23T11:13:32Z,1782213212,sustain,1425.0,0.19999999999999998,{}
4,A,HTTP Throughput,go_order,go,order,warehouse-java-twin:9084,warehouse-java-twin:9084,2026-06-23 16:43:32,2026-06-23T11:13:32Z,1782213212,sustain,1425.0,75.52727272727273,{}
4,A,HTTP Throughput,go_order,go,order,inventory-java:8082,inventory-java:8082,2026-06-23 16:43:47,2026-06-23T11:13:47Z,1782213227,sustain,1440.0,0.19999636370247814,{}
4,A,HTTP Throughput,go_order,go,order,order-java:8083,order-java:8083,2026-06-23 16:43:47,2026-06-23T11:13:47Z,1782213227,sustain,1440.0,0.19999999999999998,{}
4,A,HTTP Throughput,go_order,go,order,warehouse-java-twin:9084,warehouse-java-twin:9084,2026-06-23 16:43:47,2026-06-23T11:13:47Z,1782213227,sustain,1440.0,75.58181818181818,{}
4,A,HTTP Throughput,go_order,go,order,inventory-java:8082,inventory-java:8082,2026-06-23 16:44:02,2026-06-23T11:14:02Z,1782213242,sustain,1455.0,0.19999999999999998,{}
4,A,HTTP Throughput,go_order,go,order,order-java:8083,order-java:8083,2026-06-23 16:44:02,2026-06-23T11:14:02Z,1782213242,sustain,1455.0,0.19999999999999998,{}
4,A,HTTP Throughput,go_order,go,order,warehouse-java-twin:9084,warehouse-java-twin:9084,2026-06-23 16:44:02,2026-06-23T11:14:02Z,1782213242,sustain,1455.0,75.61818181818181,{}
4,A,HTTP Throughput,go_order,go,order,inventory-java:8082,inventory-java:8082,2026-06-23 16:44:17,2026-06-23T11:14:17Z,1782213257,sustain,1470.0,0.19999999999999998,{}
4,A,HTTP Throughput,go_order,go,order,order-java:8083,order-java:8083,2026-06-23 16:44:17,2026-06-23T11:14:17Z,1782213257,sustain,1470.0,0.19999999999999998,{}
4,A,HTTP Throughput,go_order,go,order,warehouse-java-twin:9084,warehouse-java-twin:9084,2026-06-23 16:44:17,2026-06-23T11:14:17Z,1782213257,sustain,1470.0,75.39862911583425,{}
4,A,HTTP Throughput,go_order,go,order,inventory-java:8082,inventory-java:8082,2026-06-23 16:44:32,2026-06-23T11:14:32Z,1782213272,sustain,1485.0,0.19999999999999998,{}
4,A,HTTP Throughput,go_order,go,order,order-java:8083,order-java:8083,2026-06-23 16:44:32,2026-06-23T11:14:32Z,1782213272,sustain,1485.0,0.19999999999999998,{}
4,A,HTTP Throughput,go_order,go,order,warehouse-java-twin:9084,warehouse-java-twin:9084,2026-06-23 16:44:32,2026-06-23T11:14:32Z,1782213272,sustain,1485.0,75.43773523154967,{}
4,A,HTTP Throughput,go_order,go,order,inventory-java:8082,inventory-java:8082,2026-06-23 16:44:47,2026-06-23T11:14:47Z,1782213287,sustain,1500.0,0.20000363642975327,{}
4,A,HTTP Throughput,go_order,go,order,order-java:8083,order-java:8083,2026-06-23 16:44:47,2026-06-23T11:14:47Z,1782213287,sustain,1500.0,0.19999999999999998,{}
4,A,HTTP Throughput,go_order,go,order,warehouse-java-twin:9084,warehouse-java-twin:9084,2026-06-23 16:44:47,2026-06-23T11:14:47Z,1782213287,sustain,1500.0,74.98318151239114,{}
4,A,HTTP Throughput,go_order,go,order,inventory-java:8082,inventory-java:8082,2026-06-23 16:45:02,2026-06-23T11:15:02Z,1782213302,sustain,1515.0,0.19999636370247814,{}
4,A,HTTP Throughput,go_order,go,order,order-java:8083,order-java:8083,2026-06-23 16:45:02,2026-06-23T11:15:02Z,1782213302,sustain,1515.0,0.19999999999999998,{}
4,A,HTTP Throughput,go_order,go,order,warehouse-java-twin:9084,warehouse-java-twin:9084,2026-06-23 16:45:02,2026-06-23T11:15:02Z,1782213302,sustain,1515.0,70.36235704805367,{}
4,A,HTTP Throughput,go_order,go,order,inventory-java:8082,inventory-java:8082,2026-06-23 16:45:17,2026-06-23T11:15:17Z,1782213317,sustain,1530.0,0.20000363642975327,{}
4,A,HTTP Throughput,go_order,go,order,order-java:8083,order-java:8083,2026-06-23 16:45:17,2026-06-23T11:15:17Z,1782213317,sustain,1530.0,0.20000363642975327,{}
4,A,HTTP Throughput,go_order,go,order,warehouse-java-twin:9084,warehouse-java-twin:9084,2026-06-23 16:45:17,2026-06-23T11:15:17Z,1782213317,sustain,1530.0,70.1090909090909,{}
4,A,HTTP Throughput,go_order,go,order,inventory-java:8082,inventory-java:8082,2026-06-23 16:45:32,2026-06-23T11:15:32Z,1782213332,sustain,1545.0,0.20000363642975327,{}
4,A,HTTP Throughput,go_order,go,order,order-java:8083,order-java:8083,2026-06-23 16:45:32,2026-06-23T11:15:32Z,1782213332,sustain,1545.0,0.19999999999999998,{}
4,A,HTTP Throughput,go_order,go,order,warehouse-java-twin:9084,warehouse-java-twin:9084,2026-06-23 16:45:32,2026-06-23T11:15:32Z,1782213332,sustain,1545.0,69.63636363636363,{}
4,A,HTTP Throughput,go_order,go,order,inventory-java:8082,inventory-java:8082,2026-06-23 16:45:47,2026-06-23T11:15:47Z,1782213347,sustain,1560.0,0.20000363642975327,{}
4,A,HTTP Throughput,go_order,go,order,order-java:8083,order-java:8083,2026-06-23 16:45:47,2026-06-23T11:15:47Z,1782213347,sustain,1560.0,0.19999999999999998,{}
4,A,HTTP Throughput,go_order,go,order,warehouse-java-twin:9084,warehouse-java-twin:9084,2026-06-23 16:45:47,2026-06-23T11:15:47Z,1782213347,sustain,1560.0,74.3090909090909,{}
4,A,HTTP Throughput,go_order,go,order,inventory-java:8082,inventory-java:8082,2026-06-23 16:46:02,2026-06-23T11:16:02Z,1782213362,sustain,1575.0,0.19999999999999998,{}
4,A,HTTP Throughput,go_order,go,order,order-java:8083,order-java:8083,2026-06-23 16:46:02,2026-06-23T11:16:02Z,1782213362,sustain,1575.0,0.19999999999999998,{}
4,A,HTTP Throughput,go_order,go,order,warehouse-java-twin:9084,warehouse-java-twin:9084,2026-06-23 16:46:02,2026-06-23T11:16:02Z,1782213362,sustain,1575.0,75.25317721495973,{}
4,A,HTTP Throughput,go_order,go,order,inventory-java:8082,inventory-java:8082,2026-06-23 16:46:17,2026-06-23T11:16:17Z,1782213377,sustain,1590.0,0.19999999999999998,{}
4,A,HTTP Throughput,go_order,go,order,order-java:8083,order-java:8083,2026-06-23 16:46:17,2026-06-23T11:16:17Z,1782213377,sustain,1590.0,0.19999999999999998,{}
4,A,HTTP Throughput,go_order,go,order,warehouse-java-twin:9084,warehouse-java-twin:9084,2026-06-23 16:46:17,2026-06-23T11:16:17Z,1782213377,sustain,1590.0,75.05591010745651,{}
4,A,HTTP Throughput,go_order,go,order,inventory-java:8082,inventory-java:8082,2026-06-23 16:46:32,2026-06-23T11:16:32Z,1782213392,sustain,1605.0,0.19999999999999998,{}
4,A,HTTP Throughput,go_order,go,order,order-java:8083,order-java:8083,2026-06-23 16:46:32,2026-06-23T11:16:32Z,1782213392,sustain,1605.0,0.19999999999999998,{}
4,A,HTTP Throughput,go_order,go,order,warehouse-java-twin:9084,warehouse-java-twin:9084,2026-06-23 16:46:32,2026-06-23T11:16:32Z,1782213392,sustain,1605.0,75.05454545454545,{}
4,A,HTTP Throughput,go_order,go,order,inventory-java:8082,inventory-java:8082,2026-06-23 16:46:47,2026-06-23T11:16:47Z,1782213407,sustain,1620.0,0.20000363642975327,{}
4,A,HTTP Throughput,go_order,go,order,order-java:8083,order-java:8083,2026-06-23 16:46:47,2026-06-23T11:16:47Z,1782213407,sustain,1620.0,0.19999999999999998,{}
4,A,HTTP Throughput,go_order,go,order,warehouse-java-twin:9084,warehouse-java-twin:9084,2026-06-23 16:46:47,2026-06-23T11:16:47Z,1782213407,sustain,1620.0,74.1286205203731,{}
4,A,HTTP Throughput,go_order,go,order,inventory-java:8082,inventory-java:8082,2026-06-23 16:47:02,2026-06-23T11:17:02Z,1782213422,sustain,1635.0,0.20000363642975327,{}
4,A,HTTP Throughput,go_order,go,order,order-java:8083,order-java:8083,2026-06-23 16:47:02,2026-06-23T11:17:02Z,1782213422,sustain,1635.0,0.19999999999999998,{}
4,A,HTTP Throughput,go_order,go,order,warehouse-java-twin:9084,warehouse-java-twin:9084,2026-06-23 16:47:02,2026-06-23T11:17:02Z,1782213422,sustain,1635.0,74.43636363636362,{}
4,A,HTTP Throughput,go_order,go,order,inventory-java:8082,inventory-java:8082,2026-06-23 16:47:17,2026-06-23T11:17:17Z,1782213437,sustain,1650.0,0.19999999999999998,{}
4,A,HTTP Throughput,go_order,go,order,order-java:8083,order-java:8083,2026-06-23 16:47:17,2026-06-23T11:17:17Z,1782213437,sustain,1650.0,0.19999636370247814,{}
4,A,HTTP Throughput,go_order,go,order,warehouse-java-twin:9084,warehouse-java-twin:9084,2026-06-23 16:47:17,2026-06-23T11:17:17Z,1782213437,sustain,1650.0,74.23636363636363,{}
4,A,HTTP Throughput,go_order,go,order,inventory-java:8082,inventory-java:8082,2026-06-23 16:47:32,2026-06-23T11:17:32Z,1782213452,sustain,1665.0,0.19999999999999998,{}
4,A,HTTP Throughput,go_order,go,order,order-java:8083,order-java:8083,2026-06-23 16:47:32,2026-06-23T11:17:32Z,1782213452,sustain,1665.0,0.20000363642975327,{}
4,A,HTTP Throughput,go_order,go,order,warehouse-java-twin:9084,warehouse-java-twin:9084,2026-06-23 16:47:32,2026-06-23T11:17:32Z,1782213452,sustain,1665.0,75.16363636363636,{}
4,A,HTTP Throughput,go_order,go,order,inventory-java:8082,inventory-java:8082,2026-06-23 16:47:47,2026-06-23T11:17:47Z,1782213467,sustain,1680.0,0.19999999999999998,{}
4,A,HTTP Throughput,go_order,go,order,order-java:8083,order-java:8083,2026-06-23 16:47:47,2026-06-23T11:17:47Z,1782213467,sustain,1680.0,0.19999999999999998,{}
4,A,HTTP Throughput,go_order,go,order,warehouse-java-twin:9084,warehouse-java-twin:9084,2026-06-23 16:47:47,2026-06-23T11:17:47Z,1782213467,sustain,1680.0,74.61818181818181,{}
4,A,HTTP Throughput,go_order,go,order,inventory-java:8082,inventory-java:8082,2026-06-23 16:48:02,2026-06-23T11:18:02Z,1782213482,sustain,1695.0,0.19999999999999998,{}
4,A,HTTP Throughput,go_order,go,order,order-java:8083,order-java:8083,2026-06-23 16:48:02,2026-06-23T11:18:02Z,1782213482,sustain,1695.0,0.19999636370247814,{}
4,A,HTTP Throughput,go_order,go,order,warehouse-java-twin:9084,warehouse-java-twin:9084,2026-06-23 16:48:02,2026-06-23T11:18:02Z,1782213482,sustain,1695.0,74.03770977654139,{}
4,A,HTTP Throughput,go_order,go,order,inventory-java:8082,inventory-java:8082,2026-06-23 16:48:17,2026-06-23T11:18:17Z,1782213497,sustain,1710.0,0.20000363642975327,{}
4,A,HTTP Throughput,go_order,go,order,order-java:8083,order-java:8083,2026-06-23 16:48:17,2026-06-23T11:18:17Z,1782213497,sustain,1710.0,0.19999999999999998,{}
4,A,HTTP Throughput,go_order,go,order,warehouse-java-twin:9084,warehouse-java-twin:9084,2026-06-23 16:48:17,2026-06-23T11:18:17Z,1782213497,sustain,1710.0,73.81818181818181,{}
4,A,HTTP Throughput,go_order,go,order,inventory-java:8082,inventory-java:8082,2026-06-23 16:48:32,2026-06-23T11:18:32Z,1782213512,sustain,1725.0,0.19999999999999998,{}
4,A,HTTP Throughput,go_order,go,order,order-java:8083,order-java:8083,2026-06-23 16:48:32,2026-06-23T11:18:32Z,1782213512,sustain,1725.0,0.19999999999999998,{}
4,A,HTTP Throughput,go_order,go,order,warehouse-java-twin:9084,warehouse-java-twin:9084,2026-06-23 16:48:32,2026-06-23T11:18:32Z,1782213512,sustain,1725.0,74.09090909090908,{}
4,A,HTTP Throughput,go_order,go,order,inventory-java:8082,inventory-java:8082,2026-06-23 16:48:47,2026-06-23T11:18:47Z,1782213527,sustain,1740.0,0.20000363642975327,{}
4,A,HTTP Throughput,go_order,go,order,order-java:8083,order-java:8083,2026-06-23 16:48:47,2026-06-23T11:18:47Z,1782213527,sustain,1740.0,0.19999999999999998,{}
4,A,HTTP Throughput,go_order,go,order,warehouse-java-twin:9084,warehouse-java-twin:9084,2026-06-23 16:48:47,2026-06-23T11:18:47Z,1782213527,sustain,1740.0,74.38317060310189,{}
4,A,HTTP Throughput,go_order,go,order,inventory-java:8082,inventory-java:8082,2026-06-23 16:49:02,2026-06-23T11:19:02Z,1782213542,sustain,1755.0,0.19999636370247814,{}
4,A,HTTP Throughput,go_order,go,order,order-java:8083,order-java:8083,2026-06-23 16:49:02,2026-06-23T11:19:02Z,1782213542,sustain,1755.0,0.19999999999999998,{}
4,A,HTTP Throughput,go_order,go,order,warehouse-java-twin:9084,warehouse-java-twin:9084,2026-06-23 16:49:02,2026-06-23T11:19:02Z,1782213542,sustain,1755.0,74.85454545454544,{}
4,A,HTTP Throughput,go_order,go,order,inventory-java:8082,inventory-java:8082,2026-06-23 16:49:17,2026-06-23T11:19:17Z,1782213557,sustain,1770.0,0.19999999999999998,{}
4,A,HTTP Throughput,go_order,go,order,order-java:8083,order-java:8083,2026-06-23 16:49:17,2026-06-23T11:19:17Z,1782213557,sustain,1770.0,0.19999999999999998,{}
4,A,HTTP Throughput,go_order,go,order,warehouse-java-twin:9084,warehouse-java-twin:9084,2026-06-23 16:49:17,2026-06-23T11:19:17Z,1782213557,sustain,1770.0,75.39999999999999,{}
4,A,HTTP Throughput,go_order,go,order,inventory-java:8082,inventory-java:8082,2026-06-23 16:49:32,2026-06-23T11:19:32Z,1782213572,sustain,1785.0,0.19999636370247814,{}
4,A,HTTP Throughput,go_order,go,order,order-java:8083,order-java:8083,2026-06-23 16:49:32,2026-06-23T11:19:32Z,1782213572,sustain,1785.0,0.19999999999999998,{}
4,A,HTTP Throughput,go_order,go,order,warehouse-java-twin:9084,warehouse-java-twin:9084,2026-06-23 16:49:32,2026-06-23T11:19:32Z,1782213572,sustain,1785.0,75.54682812414772,{}
4,A,HTTP Throughput,go_order,go,order,inventory-java:8082,inventory-java:8082,2026-06-23 16:49:47,2026-06-23T11:19:47Z,1782213587,cooldown,1800.0,0.20000363642975327,{}
4,A,HTTP Throughput,go_order,go,order,order-java:8083,order-java:8083,2026-06-23 16:49:47,2026-06-23T11:19:47Z,1782213587,cooldown,1800.0,0.20000363642975327,{}
4,A,HTTP Throughput,go_order,go,order,warehouse-java-twin:9084,warehouse-java-twin:9084,2026-06-23 16:49:47,2026-06-23T11:19:47Z,1782213587,cooldown,1800.0,75.41818181818182,{}
4,A,HTTP Throughput,go_order,go,order,inventory-java:8082,inventory-java:8082,2026-06-23 16:50:02,2026-06-23T11:20:02Z,1782213602,cooldown,1815.0,0.19999999999999998,{}
4,A,HTTP Throughput,go_order,go,order,order-java:8083,order-java:8083,2026-06-23 16:50:02,2026-06-23T11:20:02Z,1782213602,cooldown,1815.0,0.19999999999999998,{}
4,A,HTTP Throughput,go_order,go,order,warehouse-java-twin:9084,warehouse-java-twin:9084,2026-06-23 16:50:02,2026-06-23T11:20:02Z,1782213602,cooldown,1815.0,69.49090909090908,{}
4,A,HTTP Throughput,go_order,go,order,inventory-java:8082,inventory-java:8082,2026-06-23 16:50:17,2026-06-23T11:20:17Z,1782213617,cooldown,1830.0,0.19999999999999998,{}
4,A,HTTP Throughput,go_order,go,order,order-java:8083,order-java:8083,2026-06-23 16:50:17,2026-06-23T11:20:17Z,1782213617,cooldown,1830.0,0.19999999999999998,{}
4,A,HTTP Throughput,go_order,go,order,warehouse-java-twin:9084,warehouse-java-twin:9084,2026-06-23 16:50:17,2026-06-23T11:20:17Z,1782213617,cooldown,1830.0,69.71035837015219,{}
4,A,HTTP Throughput,go_order,go,order,inventory-java:8082,inventory-java:8082,2026-06-23 16:50:32,2026-06-23T11:20:32Z,1782213632,cooldown,1845.0,0.19999999999999998,{}
4,A,HTTP Throughput,go_order,go,order,order-java:8083,order-java:8083,2026-06-23 16:50:32,2026-06-23T11:20:32Z,1782213632,cooldown,1845.0,0.19999999999999998,{}
4,A,HTTP Throughput,go_order,go,order,warehouse-java-twin:9084,warehouse-java-twin:9084,2026-06-23 16:50:32,2026-06-23T11:20:32Z,1782213632,cooldown,1845.0,69.43636363636364,{}
4,A,HTTP Throughput,go_order,go,order,inventory-java:8082,inventory-java:8082,2026-06-23 16:50:47,2026-06-23T11:20:47Z,1782213647,cooldown,1860.0,0.20000363642975327,{}
4,A,HTTP Throughput,go_order,go,order,order-java:8083,order-java:8083,2026-06-23 16:50:47,2026-06-23T11:20:47Z,1782213647,cooldown,1860.0,0.19999999999999998,{}
4,A,HTTP Throughput,go_order,go,order,warehouse-java-twin:9084,warehouse-java-twin:9084,2026-06-23 16:50:47,2026-06-23T11:20:47Z,1782213647,cooldown,1860.0,69.34545454545454,{}
4,A,HTTP Throughput,go_order,go,order,inventory-java:8082,inventory-java:8082,2026-06-23 16:51:02,2026-06-23T11:21:02Z,1782213662,cooldown,1875.0,0.19999999999999998,{}
4,A,HTTP Throughput,go_order,go,order,order-java:8083,order-java:8083,2026-06-23 16:51:02,2026-06-23T11:21:02Z,1782213662,cooldown,1875.0,0.19999999999999998,{}
4,A,HTTP Throughput,go_order,go,order,warehouse-java-twin:9084,warehouse-java-twin:9084,2026-06-23 16:51:02,2026-06-23T11:21:02Z,1782213662,cooldown,1875.0,75.16226977691315,{}
4,A,HTTP Throughput,go_order,go,order,inventory-java:8082,inventory-java:8082,2026-06-23 16:51:17,2026-06-23T11:21:17Z,1782213677,cooldown,1890.0,0.19999999999999998,{}
4,A,HTTP Throughput,go_order,go,order,order-java:8083,order-java:8083,2026-06-23 16:51:17,2026-06-23T11:21:17Z,1782213677,cooldown,1890.0,0.19999999999999998,{}
4,A,HTTP Throughput,go_order,go,order,warehouse-java-twin:9084,warehouse-java-twin:9084,2026-06-23 16:51:17,2026-06-23T11:21:17Z,1782213677,cooldown,1890.0,74.47137324775913,{}
4,A,HTTP Throughput,go_order,go,order,inventory-java:8082,inventory-java:8082,2026-06-23 16:51:32,2026-06-23T11:21:32Z,1782213692,cooldown,1905.0,0.20000363642975327,{}
4,A,HTTP Throughput,go_order,go,order,order-java:8083,order-java:8083,2026-06-23 16:51:32,2026-06-23T11:21:32Z,1782213692,cooldown,1905.0,0.19999999999999998,{}
4,A,HTTP Throughput,go_order,go,order,warehouse-java-twin:9084,warehouse-java-twin:9084,2026-06-23 16:51:32,2026-06-23T11:21:32Z,1782213692,cooldown,1905.0,74.74409556189887,{}
4,A,HTTP Throughput,go_order,go,order,inventory-java:8082,inventory-java:8082,2026-06-23 16:51:47,2026-06-23T11:21:47Z,1782213707,cooldown,1920.0,0.20000363642975327,{}
4,A,HTTP Throughput,go_order,go,order,order-java:8083,order-java:8083,2026-06-23 16:51:47,2026-06-23T11:21:47Z,1782213707,cooldown,1920.0,0.19999999999999998,{}
4,A,HTTP Throughput,go_order,go,order,warehouse-java-twin:9084,warehouse-java-twin:9084,2026-06-23 16:51:47,2026-06-23T11:21:47Z,1782213707,cooldown,1920.0,74.23636363636363,{}
4,A,HTTP Throughput,go_order,go,order,inventory-java:8082,inventory-java:8082,2026-06-23 16:52:02,2026-06-23T11:22:02Z,1782213722,cooldown,1935.0,0.19999636370247814,{}
4,A,HTTP Throughput,go_order,go,order,order-java:8083,order-java:8083,2026-06-23 16:52:02,2026-06-23T11:22:02Z,1782213722,cooldown,1935.0,0.19999999999999998,{}
4,A,HTTP Throughput,go_order,go,order,warehouse-java-twin:9084,warehouse-java-twin:9084,2026-06-23 16:52:02,2026-06-23T11:22:02Z,1782213722,cooldown,1935.0,73.72727272727272,{}
4,A,HTTP Throughput,go_order,go,order,inventory-java:8082,inventory-java:8082,2026-06-23 16:52:17,2026-06-23T11:22:17Z,1782213737,cooldown,1950.0,0.19999999999999998,{}
4,A,HTTP Throughput,go_order,go,order,order-java:8083,order-java:8083,2026-06-23 16:52:17,2026-06-23T11:22:17Z,1782213737,cooldown,1950.0,0.19999636370247814,{}
4,A,HTTP Throughput,go_order,go,order,warehouse-java-twin:9084,warehouse-java-twin:9084,2026-06-23 16:52:17,2026-06-23T11:22:17Z,1782213737,cooldown,1950.0,74.4350102725405,{}
4,A,HTTP Throughput,go_order,go,order,inventory-java:8082,inventory-java:8082,2026-06-23 16:52:32,2026-06-23T11:22:32Z,1782213752,cooldown,1965.0,0.19999636370247814,{}
4,A,HTTP Throughput,go_order,go,order,order-java:8083,order-java:8083,2026-06-23 16:52:32,2026-06-23T11:22:32Z,1782213752,cooldown,1965.0,0.19999999999999998,{}
4,A,HTTP Throughput,go_order,go,order,warehouse-java-twin:9084,warehouse-java-twin:9084,2026-06-23 16:52:32,2026-06-23T11:22:32Z,1782213752,cooldown,1965.0,74.28955837166598,{}
4,A,HTTP Throughput,go_order,go,order,inventory-java:8082,inventory-java:8082,2026-06-23 16:52:47,2026-06-23T11:22:47Z,1782213767,cooldown,1980.0,0.19999636370247814,{}
4,A,HTTP Throughput,go_order,go,order,order-java:8083,order-java:8083,2026-06-23 16:52:47,2026-06-23T11:22:47Z,1782213767,cooldown,1980.0,0.19999999999999998,{}
4,A,HTTP Throughput,go_order,go,order,warehouse-java-twin:9084,warehouse-java-twin:9084,2026-06-23 16:52:47,2026-06-23T11:22:47Z,1782213767,cooldown,1980.0,74.49090909090908,{}
4,A,HTTP Throughput,go_order,go,order,inventory-java:8082,inventory-java:8082,2026-06-23 16:53:02,2026-06-23T11:23:02Z,1782213782,cooldown,1995.0,0.19999636370247814,{}
4,A,HTTP Throughput,go_order,go,order,order-java:8083,order-java:8083,2026-06-23 16:53:02,2026-06-23T11:23:02Z,1782213782,cooldown,1995.0,0.19999999999999998,{}
4,A,HTTP Throughput,go_order,go,order,warehouse-java-twin:9084,warehouse-java-twin:9084,2026-06-23 16:53:02,2026-06-23T11:23:02Z,1782213782,cooldown,1995.0,74.2168324212287,{}
4,A,HTTP Throughput,go_order,go,order,inventory-java:8082,inventory-java:8082,2026-06-23 16:53:17,2026-06-23T11:23:17Z,1782213797,cooldown,2010.0,0.19999999999999998,{}
4,A,HTTP Throughput,go_order,go,order,order-java:8083,order-java:8083,2026-06-23 16:53:17,2026-06-23T11:23:17Z,1782213797,cooldown,2010.0,0.19999999999999998,{}
4,A,HTTP Throughput,go_order,go,order,warehouse-java-twin:9084,warehouse-java-twin:9084,2026-06-23 16:53:17,2026-06-23T11:23:17Z,1782213797,cooldown,2010.0,73.5090909090909,{}
4,A,HTTP Throughput,go_order,go,order,inventory-java:8082,inventory-java:8082,2026-06-23 16:53:32,2026-06-23T11:23:32Z,1782213812,cooldown,2025.0,0.19999999999999998,{}
4,A,HTTP Throughput,go_order,go,order,order-java:8083,order-java:8083,2026-06-23 16:53:32,2026-06-23T11:23:32Z,1782213812,cooldown,2025.0,0.20000363642975327,{}
4,A,HTTP Throughput,go_order,go,order,warehouse-java-twin:9084,warehouse-java-twin:9084,2026-06-23 16:53:32,2026-06-23T11:23:32Z,1782213812,cooldown,2025.0,72.0,{}
4,A,HTTP Throughput,go_order,go,order,inventory-java:8082,inventory-java:8082,2026-06-23 16:53:47,2026-06-23T11:23:47Z,1782213827,cooldown,2040.0,0.19999999999999998,{}
4,A,HTTP Throughput,go_order,go,order,order-java:8083,order-java:8083,2026-06-23 16:53:47,2026-06-23T11:23:47Z,1782213827,cooldown,2040.0,0.19999999999999998,{}
4,A,HTTP Throughput,go_order,go,order,warehouse-java-twin:9084,warehouse-java-twin:9084,2026-06-23 16:53:47,2026-06-23T11:23:47Z,1782213827,cooldown,2040.0,67.49090909090908,{}
4,A,HTTP Throughput,go_order,go,order,inventory-java:8082,inventory-java:8082,2026-06-23 16:54:02,2026-06-23T11:24:02Z,1782213842,cooldown,2055.0,0.20000363642975327,{}
4,A,HTTP Throughput,go_order,go,order,order-java:8083,order-java:8083,2026-06-23 16:54:02,2026-06-23T11:24:02Z,1782213842,cooldown,2055.0,0.19999999999999998,{}
4,A,HTTP Throughput,go_order,go,order,warehouse-java-twin:9084,warehouse-java-twin:9084,2026-06-23 16:54:02,2026-06-23T11:24:02Z,1782213842,cooldown,2055.0,59.54653720976746,{}
4,A,HTTP Throughput,go_order,go,order,inventory-java:8082,inventory-java:8082,2026-06-23 16:54:17,2026-06-23T11:24:17Z,1782213857,cooldown,2070.0,0.20000363642975327,{}
4,A,HTTP Throughput,go_order,go,order,order-java:8083,order-java:8083,2026-06-23 16:54:17,2026-06-23T11:24:17Z,1782213857,cooldown,2070.0,0.20000363642975327,{}
4,A,HTTP Throughput,go_order,go,order,warehouse-java-twin:9084,warehouse-java-twin:9084,2026-06-23 16:54:17,2026-06-23T11:24:17Z,1782213857,cooldown,2070.0,49.019073074055896,{}
4,A,HTTP Throughput,go_order,go,order,inventory-java:8082,inventory-java:8082,2026-06-23 16:54:32,2026-06-23T11:24:32Z,1782213872,cooldown,2085.0,0.19999999999999998,{}
4,A,HTTP Throughput,go_order,go,order,order-java:8083,order-java:8083,2026-06-23 16:54:32,2026-06-23T11:24:32Z,1782213872,cooldown,2085.0,0.19999999999999998,{}
4,A,HTTP Throughput,go_order,go,order,warehouse-java-twin:9084,warehouse-java-twin:9084,2026-06-23 16:54:32,2026-06-23T11:24:32Z,1782213872,cooldown,2085.0,36.81818181818182,{}
4,A,HTTP Throughput,go_order,go,order,inventory-java:8082,inventory-java:8082,2026-06-23 16:54:47,2026-06-23T11:24:47Z,1782213887,post_test,2100.0,0.20000363642975327,{}
4,A,HTTP Throughput,go_order,go,order,order-java:8083,order-java:8083,2026-06-23 16:54:47,2026-06-23T11:24:47Z,1782213887,post_test,2100.0,0.19999999999999998,{}
4,A,HTTP Throughput,go_order,go,order,warehouse-java-twin:9084,warehouse-java-twin:9084,2026-06-23 16:54:47,2026-06-23T11:24:47Z,1782213887,post_test,2100.0,24.49090909090909,{}
4,A,HTTP Throughput,java_inventory,java,inventory,inventory-java:8082,inventory-java:8082,2026-06-23 18:20:13,2026-06-23T12:50:13Z,1782219013,warmup,0.0,0.25454082653042676,{}
4,A,HTTP Throughput,java_inventory,java,inventory,order-java:8083,order-java:8083,2026-06-23 18:20:13,2026-06-23T12:50:13Z,1782219013,warmup,0.0,0.19999999999999998,{}
4,A,HTTP Throughput,java_inventory,java,inventory,warehouse-java-twin:9084,warehouse-java-twin:9084,2026-06-23 18:20:13,2026-06-23T12:50:13Z,1782219013,warmup,0.0,0.20000363642975327,{}
4,A,HTTP Throughput,java_inventory,java,inventory,inventory-java:8082,inventory-java:8082,2026-06-23 18:20:28,2026-06-23T12:50:28Z,1782219028,warmup,15.0,0.2545454545454545,{}
4,A,HTTP Throughput,java_inventory,java,inventory,order-java:8083,order-java:8083,2026-06-23 18:20:28,2026-06-23T12:50:28Z,1782219028,warmup,15.0,0.19999999999999998,{}
4,A,HTTP Throughput,java_inventory,java,inventory,warehouse-java-twin:9084,warehouse-java-twin:9084,2026-06-23 18:20:28,2026-06-23T12:50:28Z,1782219028,warmup,15.0,0.19999999999999998,{}
4,A,HTTP Throughput,java_inventory,java,inventory,inventory-java:8082,inventory-java:8082,2026-06-23 18:20:43,2026-06-23T12:50:43Z,1782219043,warmup,30.0,0.2545454545454545,{}
4,A,HTTP Throughput,java_inventory,java,inventory,order-java:8083,order-java:8083,2026-06-23 18:20:43,2026-06-23T12:50:43Z,1782219043,warmup,30.0,0.20000363642975327,{}
4,A,HTTP Throughput,java_inventory,java,inventory,warehouse-java-twin:9084,warehouse-java-twin:9084,2026-06-23 18:20:43,2026-06-23T12:50:43Z,1782219043,warmup,30.0,0.19999999999999998,{}
4,A,HTTP Throughput,java_inventory,java,inventory,inventory-java:8082,inventory-java:8082,2026-06-23 18:20:58,2026-06-23T12:50:58Z,1782219058,warmup,45.0,0.49090016545153725,{}
4,A,HTTP Throughput,java_inventory,java,inventory,order-java:8083,order-java:8083,2026-06-23 18:20:58,2026-06-23T12:50:58Z,1782219058,warmup,45.0,0.19999999999999998,{}
4,A,HTTP Throughput,java_inventory,java,inventory,warehouse-java-twin:9084,warehouse-java-twin:9084,2026-06-23 18:20:58,2026-06-23T12:50:58Z,1782219058,warmup,45.0,0.20000363642975327,{}
4,A,HTTP Throughput,java_inventory,java,inventory,inventory-java:8082,inventory-java:8082,2026-06-23 18:21:13,2026-06-23T12:51:13Z,1782219073,warmup,60.0,0.709103801887307,{}
4,A,HTTP Throughput,java_inventory,java,inventory,order-java:8083,order-java:8083,2026-06-23 18:21:13,2026-06-23T12:51:13Z,1782219073,warmup,60.0,0.19999999999999998,{}
4,A,HTTP Throughput,java_inventory,java,inventory,warehouse-java-twin:9084,warehouse-java-twin:9084,2026-06-23 18:21:13,2026-06-23T12:51:13Z,1782219073,warmup,60.0,0.19999999999999998,{}
4,A,HTTP Throughput,java_inventory,java,inventory,inventory-java:8082,inventory-java:8082,2026-06-23 18:21:28,2026-06-23T12:51:28Z,1782219088,warmup,75.0,1.218159669824185,{}
4,A,HTTP Throughput,java_inventory,java,inventory,order-java:8083,order-java:8083,2026-06-23 18:21:28,2026-06-23T12:51:28Z,1782219088,warmup,75.0,0.19999999999999998,{}
4,A,HTTP Throughput,java_inventory,java,inventory,warehouse-java-twin:9084,warehouse-java-twin:9084,2026-06-23 18:21:28,2026-06-23T12:51:28Z,1782219088,warmup,75.0,0.20000363642975327,{}
4,A,HTTP Throughput,java_inventory,java,inventory,inventory-java:8082,inventory-java:8082,2026-06-23 18:21:43,2026-06-23T12:51:43Z,1782219103,warmup,90.0,1.7091219840360736,{}
4,A,HTTP Throughput,java_inventory,java,inventory,order-java:8083,order-java:8083,2026-06-23 18:21:43,2026-06-23T12:51:43Z,1782219103,warmup,90.0,0.19999999999999998,{}
4,A,HTTP Throughput,java_inventory,java,inventory,warehouse-java-twin:9084,warehouse-java-twin:9084,2026-06-23 18:21:43,2026-06-23T12:51:43Z,1782219103,warmup,90.0,0.19999636370247814,{}
4,A,HTTP Throughput,java_inventory,java,inventory,inventory-java:8082,inventory-java:8082,2026-06-23 18:21:58,2026-06-23T12:51:58Z,1782219118,warmup,105.0,2.218222149493627,{}
4,A,HTTP Throughput,java_inventory,java,inventory,order-java:8083,order-java:8083,2026-06-23 18:21:58,2026-06-23T12:51:58Z,1782219118,warmup,105.0,0.19999999999999998,{}
4,A,HTTP Throughput,java_inventory,java,inventory,warehouse-java-twin:9084,warehouse-java-twin:9084,2026-06-23 18:21:58,2026-06-23T12:51:58Z,1782219118,warmup,105.0,0.19999999999999998,{}
4,A,HTTP Throughput,java_inventory,java,inventory,inventory-java:8082,inventory-java:8082,2026-06-23 18:22:13,2026-06-23T12:52:13Z,1782219133,warmup,120.0,2.709041653788113,{}
4,A,HTTP Throughput,java_inventory,java,inventory,order-java:8083,order-java:8083,2026-06-23 18:22:13,2026-06-23T12:52:13Z,1782219133,warmup,120.0,0.20000363642975327,{}
4,A,HTTP Throughput,java_inventory,java,inventory,warehouse-java-twin:9084,warehouse-java-twin:9084,2026-06-23 18:22:13,2026-06-23T12:52:13Z,1782219133,warmup,120.0,0.19999999999999998,{}
4,A,HTTP Throughput,java_inventory,java,inventory,inventory-java:8082,inventory-java:8082,2026-06-23 18:22:28,2026-06-23T12:52:28Z,1782219148,warmup,135.0,3.2181818181818183,{}
4,A,HTTP Throughput,java_inventory,java,inventory,order-java:8083,order-java:8083,2026-06-23 18:22:28,2026-06-23T12:52:28Z,1782219148,warmup,135.0,0.19999999999999998,{}
4,A,HTTP Throughput,java_inventory,java,inventory,warehouse-java-twin:9084,warehouse-java-twin:9084,2026-06-23 18:22:28,2026-06-23T12:52:28Z,1782219148,warmup,135.0,0.19999999999999998,{}
4,A,HTTP Throughput,java_inventory,java,inventory,inventory-java:8082,inventory-java:8082,2026-06-23 18:22:43,2026-06-23T12:52:43Z,1782219163,warmup,150.0,3.7090234723005033,{}
4,A,HTTP Throughput,java_inventory,java,inventory,order-java:8083,order-java:8083,2026-06-23 18:22:43,2026-06-23T12:52:43Z,1782219163,warmup,150.0,0.19999999999999998,{}
4,A,HTTP Throughput,java_inventory,java,inventory,warehouse-java-twin:9084,warehouse-java-twin:9084,2026-06-23 18:22:43,2026-06-23T12:52:43Z,1782219163,warmup,150.0,0.19999999999999998,{}
4,A,HTTP Throughput,java_inventory,java,inventory,inventory-java:8082,inventory-java:8082,2026-06-23 18:22:58,2026-06-23T12:52:58Z,1782219178,warmup,165.0,4.218181818181818,{}
4,A,HTTP Throughput,java_inventory,java,inventory,order-java:8083,order-java:8083,2026-06-23 18:22:58,2026-06-23T12:52:58Z,1782219178,warmup,165.0,0.19999999999999998,{}
4,A,HTTP Throughput,java_inventory,java,inventory,warehouse-java-twin:9084,warehouse-java-twin:9084,2026-06-23 18:22:58,2026-06-23T12:52:58Z,1782219178,warmup,165.0,0.19999999999999998,{}
4,A,HTTP Throughput,java_inventory,java,inventory,inventory-java:8082,inventory-java:8082,2026-06-23 18:23:13,2026-06-23T12:53:13Z,1782219193,warmup,180.0,4.709090909090909,{}
4,A,HTTP Throughput,java_inventory,java,inventory,order-java:8083,order-java:8083,2026-06-23 18:23:13,2026-06-23T12:53:13Z,1782219193,warmup,180.0,0.19999999999999998,{}
4,A,HTTP Throughput,java_inventory,java,inventory,warehouse-java-twin:9084,warehouse-java-twin:9084,2026-06-23 18:23:13,2026-06-23T12:53:13Z,1782219193,warmup,180.0,0.19999999999999998,{}
4,A,HTTP Throughput,java_inventory,java,inventory,inventory-java:8082,inventory-java:8082,2026-06-23 18:23:28,2026-06-23T12:53:28Z,1782219208,warmup,195.0,5.2182766959399265,{}
4,A,HTTP Throughput,java_inventory,java,inventory,order-java:8083,order-java:8083,2026-06-23 18:23:28,2026-06-23T12:53:28Z,1782219208,warmup,195.0,0.19999999999999998,{}
4,A,HTTP Throughput,java_inventory,java,inventory,warehouse-java-twin:9084,warehouse-java-twin:9084,2026-06-23 18:23:28,2026-06-23T12:53:28Z,1782219208,warmup,195.0,0.19999636370247814,{}
4,A,HTTP Throughput,java_inventory,java,inventory,inventory-java:8082,inventory-java:8082,2026-06-23 18:23:43,2026-06-23T12:53:43Z,1782219223,warmup,210.0,5.709090909090909,{}
4,A,HTTP Throughput,java_inventory,java,inventory,order-java:8083,order-java:8083,2026-06-23 18:23:43,2026-06-23T12:53:43Z,1782219223,warmup,210.0,0.19999999999999998,{}
4,A,HTTP Throughput,java_inventory,java,inventory,warehouse-java-twin:9084,warehouse-java-twin:9084,2026-06-23 18:23:43,2026-06-23T12:53:43Z,1782219223,warmup,210.0,0.19999636370247814,{}
4,A,HTTP Throughput,java_inventory,java,inventory,inventory-java:8082,inventory-java:8082,2026-06-23 18:23:58,2026-06-23T12:53:58Z,1782219238,warmup,225.0,6.218181818181818,{}
4,A,HTTP Throughput,java_inventory,java,inventory,order-java:8083,order-java:8083,2026-06-23 18:23:58,2026-06-23T12:53:58Z,1782219238,warmup,225.0,0.20000363642975327,{}
4,A,HTTP Throughput,java_inventory,java,inventory,warehouse-java-twin:9084,warehouse-java-twin:9084,2026-06-23 18:23:58,2026-06-23T12:53:58Z,1782219238,warmup,225.0,0.19999999999999998,{}
4,A,HTTP Throughput,java_inventory,java,inventory,inventory-java:8082,inventory-java:8082,2026-06-23 18:24:13,2026-06-23T12:54:13Z,1782219253,warmup,240.0,6.709090909090909,{}
4,A,HTTP Throughput,java_inventory,java,inventory,order-java:8083,order-java:8083,2026-06-23 18:24:13,2026-06-23T12:54:13Z,1782219253,warmup,240.0,0.19999999999999998,{}
4,A,HTTP Throughput,java_inventory,java,inventory,warehouse-java-twin:9084,warehouse-java-twin:9084,2026-06-23 18:24:13,2026-06-23T12:54:13Z,1782219253,warmup,240.0,0.19999636370247814,{}
4,A,HTTP Throughput,java_inventory,java,inventory,inventory-java:8082,inventory-java:8082,2026-06-23 18:24:28,2026-06-23T12:54:28Z,1782219268,warmup,255.0,7.2,{}
4,A,HTTP Throughput,java_inventory,java,inventory,order-java:8083,order-java:8083,2026-06-23 18:24:28,2026-06-23T12:54:28Z,1782219268,warmup,255.0,0.20000363642975327,{}
4,A,HTTP Throughput,java_inventory,java,inventory,warehouse-java-twin:9084,warehouse-java-twin:9084,2026-06-23 18:24:28,2026-06-23T12:54:28Z,1782219268,warmup,255.0,0.19999999999999998,{}
4,A,HTTP Throughput,java_inventory,java,inventory,inventory-java:8082,inventory-java:8082,2026-06-23 18:24:43,2026-06-23T12:54:43Z,1782219283,warmup,270.0,7.69076925874075,{}
4,A,HTTP Throughput,java_inventory,java,inventory,order-java:8083,order-java:8083,2026-06-23 18:24:43,2026-06-23T12:54:43Z,1782219283,warmup,270.0,0.19999999999999998,{}
4,A,HTTP Throughput,java_inventory,java,inventory,warehouse-java-twin:9084,warehouse-java-twin:9084,2026-06-23 18:24:43,2026-06-23T12:54:43Z,1782219283,warmup,270.0,0.20000363642975327,{}
4,A,HTTP Throughput,java_inventory,java,inventory,inventory-java:8082,inventory-java:8082,2026-06-23 18:24:58,2026-06-23T12:54:58Z,1782219298,warmup,285.0,8.181818181818182,{}
4,A,HTTP Throughput,java_inventory,java,inventory,order-java:8083,order-java:8083,2026-06-23 18:24:58,2026-06-23T12:54:58Z,1782219298,warmup,285.0,0.19999999999999998,{}
4,A,HTTP Throughput,java_inventory,java,inventory,warehouse-java-twin:9084,warehouse-java-twin:9084,2026-06-23 18:24:58,2026-06-23T12:54:58Z,1782219298,warmup,285.0,0.19999999999999998,{}
4,A,HTTP Throughput,java_inventory,java,inventory,inventory-java:8082,inventory-java:8082,2026-06-23 18:25:13,2026-06-23T12:55:13Z,1782219313,ramp_1,300.0,8.69090909090909,{}
4,A,HTTP Throughput,java_inventory,java,inventory,order-java:8083,order-java:8083,2026-06-23 18:25:13,2026-06-23T12:55:13Z,1782219313,ramp_1,300.0,0.19999636370247814,{}
4,A,HTTP Throughput,java_inventory,java,inventory,warehouse-java-twin:9084,warehouse-java-twin:9084,2026-06-23 18:25:13,2026-06-23T12:55:13Z,1782219313,ramp_1,300.0,0.19999636370247814,{}
4,A,HTTP Throughput,java_inventory,java,inventory,inventory-java:8082,inventory-java:8082,2026-06-23 18:25:28,2026-06-23T12:55:28Z,1782219328,ramp_1,315.0,9.327272727272726,{}
4,A,HTTP Throughput,java_inventory,java,inventory,order-java:8083,order-java:8083,2026-06-23 18:25:28,2026-06-23T12:55:28Z,1782219328,ramp_1,315.0,0.20000363642975327,{}
4,A,HTTP Throughput,java_inventory,java,inventory,warehouse-java-twin:9084,warehouse-java-twin:9084,2026-06-23 18:25:28,2026-06-23T12:55:28Z,1782219328,ramp_1,315.0,0.19999999999999998,{}
4,A,HTTP Throughput,java_inventory,java,inventory,inventory-java:8082,inventory-java:8082,2026-06-23 18:25:43,2026-06-23T12:55:43Z,1782219343,ramp_1,330.0,10.418181818181816,{}
4,A,HTTP Throughput,java_inventory,java,inventory,order-java:8083,order-java:8083,2026-06-23 18:25:43,2026-06-23T12:55:43Z,1782219343,ramp_1,330.0,0.19999999999999998,{}
4,A,HTTP Throughput,java_inventory,java,inventory,warehouse-java-twin:9084,warehouse-java-twin:9084,2026-06-23 18:25:43,2026-06-23T12:55:43Z,1782219343,ramp_1,330.0,0.19999999999999998,{}
4,A,HTTP Throughput,java_inventory,java,inventory,inventory-java:8082,inventory-java:8082,2026-06-23 18:25:58,2026-06-23T12:55:58Z,1782219358,ramp_1,345.0,11.854760995654468,{}
4,A,HTTP Throughput,java_inventory,java,inventory,order-java:8083,order-java:8083,2026-06-23 18:25:58,2026-06-23T12:55:58Z,1782219358,ramp_1,345.0,0.19999999999999998,{}
4,A,HTTP Throughput,java_inventory,java,inventory,warehouse-java-twin:9084,warehouse-java-twin:9084,2026-06-23 18:25:58,2026-06-23T12:55:58Z,1782219358,ramp_1,345.0,0.19999999999999998,{}
4,A,HTTP Throughput,java_inventory,java,inventory,inventory-java:8082,inventory-java:8082,2026-06-23 18:26:13,2026-06-23T12:56:13Z,1782219373,ramp_1,360.0,13.727272727272727,{}
4,A,HTTP Throughput,java_inventory,java,inventory,order-java:8083,order-java:8083,2026-06-23 18:26:13,2026-06-23T12:56:13Z,1782219373,ramp_1,360.0,0.19999999999999998,{}
4,A,HTTP Throughput,java_inventory,java,inventory,warehouse-java-twin:9084,warehouse-java-twin:9084,2026-06-23 18:26:13,2026-06-23T12:56:13Z,1782219373,ramp_1,360.0,0.19999999999999998,{}
4,A,HTTP Throughput,java_inventory,java,inventory,inventory-java:8082,inventory-java:8082,2026-06-23 18:26:28,2026-06-23T12:56:28Z,1782219388,ramp_1,375.0,15.727272727272727,{}
4,A,HTTP Throughput,java_inventory,java,inventory,order-java:8083,order-java:8083,2026-06-23 18:26:28,2026-06-23T12:56:28Z,1782219388,ramp_1,375.0,0.19999999999999998,{}
4,A,HTTP Throughput,java_inventory,java,inventory,warehouse-java-twin:9084,warehouse-java-twin:9084,2026-06-23 18:26:28,2026-06-23T12:56:28Z,1782219388,ramp_1,375.0,0.20000363642975327,{}
4,A,HTTP Throughput,java_inventory,java,inventory,inventory-java:8082,inventory-java:8082,2026-06-23 18:26:43,2026-06-23T12:56:43Z,1782219403,ramp_1,390.0,17.727272727272727,{}
4,A,HTTP Throughput,java_inventory,java,inventory,order-java:8083,order-java:8083,2026-06-23 18:26:43,2026-06-23T12:56:43Z,1782219403,ramp_1,390.0,0.19999999999999998,{}
4,A,HTTP Throughput,java_inventory,java,inventory,warehouse-java-twin:9084,warehouse-java-twin:9084,2026-06-23 18:26:43,2026-06-23T12:56:43Z,1782219403,ramp_1,390.0,0.19999999999999998,{}
4,A,HTTP Throughput,java_inventory,java,inventory,inventory-java:8082,inventory-java:8082,2026-06-23 18:26:58,2026-06-23T12:56:58Z,1782219418,ramp_1,405.0,19.72763141148021,{}
4,A,HTTP Throughput,java_inventory,java,inventory,order-java:8083,order-java:8083,2026-06-23 18:26:58,2026-06-23T12:56:58Z,1782219418,ramp_1,405.0,0.19999999999999998,{}
4,A,HTTP Throughput,java_inventory,java,inventory,warehouse-java-twin:9084,warehouse-java-twin:9084,2026-06-23 18:26:58,2026-06-23T12:56:58Z,1782219418,ramp_1,405.0,0.19999999999999998,{}
4,A,HTTP Throughput,java_inventory,java,inventory,inventory-java:8082,inventory-java:8082,2026-06-23 18:27:13,2026-06-23T12:57:13Z,1782219433,ramp_1,420.0,21.726877693132852,{}
4,A,HTTP Throughput,java_inventory,java,inventory,order-java:8083,order-java:8083,2026-06-23 18:27:13,2026-06-23T12:57:13Z,1782219433,ramp_1,420.0,0.19999999999999998,{}
4,A,HTTP Throughput,java_inventory,java,inventory,warehouse-java-twin:9084,warehouse-java-twin:9084,2026-06-23 18:27:13,2026-06-23T12:57:13Z,1782219433,ramp_1,420.0,0.19999999999999998,{}
4,A,HTTP Throughput,java_inventory,java,inventory,inventory-java:8082,inventory-java:8082,2026-06-23 18:27:28,2026-06-23T12:57:28Z,1782219448,ramp_1,435.0,23.727272727272727,{}
4,A,HTTP Throughput,java_inventory,java,inventory,order-java:8083,order-java:8083,2026-06-23 18:27:28,2026-06-23T12:57:28Z,1782219448,ramp_1,435.0,0.19999999999999998,{}
4,A,HTTP Throughput,java_inventory,java,inventory,warehouse-java-twin:9084,warehouse-java-twin:9084,2026-06-23 18:27:28,2026-06-23T12:57:28Z,1782219448,ramp_1,435.0,0.20000363642975327,{}
4,A,HTTP Throughput,java_inventory,java,inventory,inventory-java:8082,inventory-java:8082,2026-06-23 18:27:43,2026-06-23T12:57:43Z,1782219463,ramp_1,450.0,25.726804967182414,{}
4,A,HTTP Throughput,java_inventory,java,inventory,order-java:8083,order-java:8083,2026-06-23 18:27:43,2026-06-23T12:57:43Z,1782219463,ramp_1,450.0,0.19999999999999998,{}
4,A,HTTP Throughput,java_inventory,java,inventory,warehouse-java-twin:9084,warehouse-java-twin:9084,2026-06-23 18:27:43,2026-06-23T12:57:43Z,1782219463,ramp_1,450.0,0.20000363642975327,{}
4,A,HTTP Throughput,java_inventory,java,inventory,inventory-java:8082,inventory-java:8082,2026-06-23 18:27:58,2026-06-23T12:57:58Z,1782219478,ramp_1,465.0,27.726768604207198,{}
4,A,HTTP Throughput,java_inventory,java,inventory,order-java:8083,order-java:8083,2026-06-23 18:27:58,2026-06-23T12:57:58Z,1782219478,ramp_1,465.0,0.19999999999999998,{}
4,A,HTTP Throughput,java_inventory,java,inventory,warehouse-java-twin:9084,warehouse-java-twin:9084,2026-06-23 18:27:58,2026-06-23T12:57:58Z,1782219478,ramp_1,465.0,0.19999636370247814,{}
4,A,HTTP Throughput,java_inventory,java,inventory,inventory-java:8082,inventory-java:8082,2026-06-23 18:28:13,2026-06-23T12:58:13Z,1782219493,ramp_1,480.0,29.727272727272727,{}
4,A,HTTP Throughput,java_inventory,java,inventory,order-java:8083,order-java:8083,2026-06-23 18:28:13,2026-06-23T12:58:13Z,1782219493,ramp_1,480.0,0.19999636370247814,{}
4,A,HTTP Throughput,java_inventory,java,inventory,warehouse-java-twin:9084,warehouse-java-twin:9084,2026-06-23 18:28:13,2026-06-23T12:58:13Z,1782219493,ramp_1,480.0,0.20000363642975327,{}
4,A,HTTP Throughput,java_inventory,java,inventory,inventory-java:8082,inventory-java:8082,2026-06-23 18:28:28,2026-06-23T12:58:28Z,1782219508,ramp_1,495.0,31.727272727272727,{}
4,A,HTTP Throughput,java_inventory,java,inventory,order-java:8083,order-java:8083,2026-06-23 18:28:28,2026-06-23T12:58:28Z,1782219508,ramp_1,495.0,0.19999999999999998,{}
4,A,HTTP Throughput,java_inventory,java,inventory,warehouse-java-twin:9084,warehouse-java-twin:9084,2026-06-23 18:28:28,2026-06-23T12:58:28Z,1782219508,ramp_1,495.0,0.19999999999999998,{}
4,A,HTTP Throughput,java_inventory,java,inventory,inventory-java:8082,inventory-java:8082,2026-06-23 18:28:43,2026-06-23T12:58:43Z,1782219523,ramp_1,510.0,33.56363636363636,{}
4,A,HTTP Throughput,java_inventory,java,inventory,order-java:8083,order-java:8083,2026-06-23 18:28:43,2026-06-23T12:58:43Z,1782219523,ramp_1,510.0,0.19999999999999998,{}
4,A,HTTP Throughput,java_inventory,java,inventory,warehouse-java-twin:9084,warehouse-java-twin:9084,2026-06-23 18:28:43,2026-06-23T12:58:43Z,1782219523,ramp_1,510.0,0.19999636370247814,{}
4,A,HTTP Throughput,java_inventory,java,inventory,inventory-java:8082,inventory-java:8082,2026-06-23 18:28:58,2026-06-23T12:58:58Z,1782219538,ramp_1,525.0,35.54545454545455,{}
4,A,HTTP Throughput,java_inventory,java,inventory,order-java:8083,order-java:8083,2026-06-23 18:28:58,2026-06-23T12:58:58Z,1782219538,ramp_1,525.0,0.19999636370247814,{}
4,A,HTTP Throughput,java_inventory,java,inventory,warehouse-java-twin:9084,warehouse-java-twin:9084,2026-06-23 18:28:58,2026-06-23T12:58:58Z,1782219538,ramp_1,525.0,0.19999999999999998,{}
4,A,HTTP Throughput,java_inventory,java,inventory,inventory-java:8082,inventory-java:8082,2026-06-23 18:29:13,2026-06-23T12:59:13Z,1782219553,ramp_1,540.0,37.54545454545455,{}
4,A,HTTP Throughput,java_inventory,java,inventory,order-java:8083,order-java:8083,2026-06-23 18:29:13,2026-06-23T12:59:13Z,1782219553,ramp_1,540.0,0.20000363642975327,{}
4,A,HTTP Throughput,java_inventory,java,inventory,warehouse-java-twin:9084,warehouse-java-twin:9084,2026-06-23 18:29:13,2026-06-23T12:59:13Z,1782219553,ramp_1,540.0,0.19999999999999998,{}
4,A,HTTP Throughput,java_inventory,java,inventory,inventory-java:8082,inventory-java:8082,2026-06-23 18:29:28,2026-06-23T12:59:28Z,1782219568,ramp_1,555.0,39.50909090909091,{}
4,A,HTTP Throughput,java_inventory,java,inventory,order-java:8083,order-java:8083,2026-06-23 18:29:28,2026-06-23T12:59:28Z,1782219568,ramp_1,555.0,0.19999999999999998,{}
4,A,HTTP Throughput,java_inventory,java,inventory,warehouse-java-twin:9084,warehouse-java-twin:9084,2026-06-23 18:29:28,2026-06-23T12:59:28Z,1782219568,ramp_1,555.0,0.20000363642975327,{}
4,A,HTTP Throughput,java_inventory,java,inventory,inventory-java:8082,inventory-java:8082,2026-06-23 18:29:43,2026-06-23T12:59:43Z,1782219583,ramp_1,570.0,41.654545454545456,{}
4,A,HTTP Throughput,java_inventory,java,inventory,order-java:8083,order-java:8083,2026-06-23 18:29:43,2026-06-23T12:59:43Z,1782219583,ramp_1,570.0,0.20000363642975327,{}
4,A,HTTP Throughput,java_inventory,java,inventory,warehouse-java-twin:9084,warehouse-java-twin:9084,2026-06-23 18:29:43,2026-06-23T12:59:43Z,1782219583,ramp_1,570.0,0.19999999999999998,{}
4,A,HTTP Throughput,java_inventory,java,inventory,inventory-java:8082,inventory-java:8082,2026-06-23 18:29:58,2026-06-23T12:59:58Z,1782219598,ramp_1,585.0,43.654545454545456,{}
4,A,HTTP Throughput,java_inventory,java,inventory,order-java:8083,order-java:8083,2026-06-23 18:29:58,2026-06-23T12:59:58Z,1782219598,ramp_1,585.0,0.19999636370247814,{}
4,A,HTTP Throughput,java_inventory,java,inventory,warehouse-java-twin:9084,warehouse-java-twin:9084,2026-06-23 18:29:58,2026-06-23T12:59:58Z,1782219598,ramp_1,585.0,0.19999999999999998,{}
4,A,HTTP Throughput,java_inventory,java,inventory,inventory-java:8082,inventory-java:8082,2026-06-23 18:30:13,2026-06-23T13:00:13Z,1782219613,ramp_2,600.0,45.671896874602275,{}
4,A,HTTP Throughput,java_inventory,java,inventory,order-java:8083,order-java:8083,2026-06-23 18:30:13,2026-06-23T13:00:13Z,1782219613,ramp_2,600.0,0.19999636370247814,{}
4,A,HTTP Throughput,java_inventory,java,inventory,warehouse-java-twin:9084,warehouse-java-twin:9084,2026-06-23 18:30:13,2026-06-23T13:00:13Z,1782219613,ramp_2,600.0,0.20000363642975327,{}
4,A,HTTP Throughput,java_inventory,java,inventory,inventory-java:8082,inventory-java:8082,2026-06-23 18:30:28,2026-06-23T13:00:28Z,1782219628,ramp_2,615.0,47.72640497445501,{}
4,A,HTTP Throughput,java_inventory,java,inventory,order-java:8083,order-java:8083,2026-06-23 18:30:28,2026-06-23T13:00:28Z,1782219628,ramp_2,615.0,0.19999999999999998,{}
4,A,HTTP Throughput,java_inventory,java,inventory,warehouse-java-twin:9084,warehouse-java-twin:9084,2026-06-23 18:30:28,2026-06-23T13:00:28Z,1782219628,ramp_2,615.0,0.19999636370247814,{}
4,A,HTTP Throughput,java_inventory,java,inventory,inventory-java:8082,inventory-java:8082,2026-06-23 18:30:43,2026-06-23T13:00:43Z,1782219643,ramp_2,630.0,49.90909090909091,{}
4,A,HTTP Throughput,java_inventory,java,inventory,order-java:8083,order-java:8083,2026-06-23 18:30:43,2026-06-23T13:00:43Z,1782219643,ramp_2,630.0,0.19999999999999998,{}
4,A,HTTP Throughput,java_inventory,java,inventory,warehouse-java-twin:9084,warehouse-java-twin:9084,2026-06-23 18:30:43,2026-06-23T13:00:43Z,1782219643,ramp_2,630.0,0.19999999999999998,{}
4,A,HTTP Throughput,java_inventory,java,inventory,inventory-java:8082,inventory-java:8082,2026-06-23 18:30:58,2026-06-23T13:00:58Z,1782219658,ramp_2,645.0,52.25549555446463,{}
4,A,HTTP Throughput,java_inventory,java,inventory,order-java:8083,order-java:8083,2026-06-23 18:30:58,2026-06-23T13:00:58Z,1782219658,ramp_2,645.0,0.19999999999999998,{}
4,A,HTTP Throughput,java_inventory,java,inventory,warehouse-java-twin:9084,warehouse-java-twin:9084,2026-06-23 18:30:58,2026-06-23T13:00:58Z,1782219658,ramp_2,645.0,0.19999999999999998,{}
4,A,HTTP Throughput,java_inventory,java,inventory,inventory-java:8082,inventory-java:8082,2026-06-23 18:31:13,2026-06-23T13:01:13Z,1782219673,ramp_2,660.0,54.74545454545454,{}
4,A,HTTP Throughput,java_inventory,java,inventory,order-java:8083,order-java:8083,2026-06-23 18:31:13,2026-06-23T13:01:13Z,1782219673,ramp_2,660.0,0.20000363642975327,{}
4,A,HTTP Throughput,java_inventory,java,inventory,warehouse-java-twin:9084,warehouse-java-twin:9084,2026-06-23 18:31:13,2026-06-23T13:01:13Z,1782219673,ramp_2,660.0,0.19999636370247814,{}
4,A,HTTP Throughput,java_inventory,java,inventory,inventory-java:8082,inventory-java:8082,2026-06-23 18:31:28,2026-06-23T13:01:28Z,1782219688,ramp_2,675.0,57.19896001890874,{}
4,A,HTTP Throughput,java_inventory,java,inventory,order-java:8083,order-java:8083,2026-06-23 18:31:28,2026-06-23T13:01:28Z,1782219688,ramp_2,675.0,0.20000363642975327,{}
4,A,HTTP Throughput,java_inventory,java,inventory,warehouse-java-twin:9084,warehouse-java-twin:9084,2026-06-23 18:31:28,2026-06-23T13:01:28Z,1782219688,ramp_2,675.0,0.19999999999999998,{}
4,A,HTTP Throughput,java_inventory,java,inventory,inventory-java:8082,inventory-java:8082,2026-06-23 18:31:43,2026-06-23T13:01:43Z,1782219703,ramp_2,690.0,59.7261867966037,{}
4,A,HTTP Throughput,java_inventory,java,inventory,order-java:8083,order-java:8083,2026-06-23 18:31:43,2026-06-23T13:01:43Z,1782219703,ramp_2,690.0,0.19999636370247814,{}
4,A,HTTP Throughput,java_inventory,java,inventory,warehouse-java-twin:9084,warehouse-java-twin:9084,2026-06-23 18:31:43,2026-06-23T13:01:43Z,1782219703,ramp_2,690.0,0.19999636370247814,{}
4,A,HTTP Throughput,java_inventory,java,inventory,inventory-java:8082,inventory-java:8082,2026-06-23 18:31:58,2026-06-23T13:01:58Z,1782219718,ramp_2,705.0,62.21818181818182,{}
4,A,HTTP Throughput,java_inventory,java,inventory,order-java:8083,order-java:8083,2026-06-23 18:31:58,2026-06-23T13:01:58Z,1782219718,ramp_2,705.0,0.20000363642975327,{}
4,A,HTTP Throughput,java_inventory,java,inventory,warehouse-java-twin:9084,warehouse-java-twin:9084,2026-06-23 18:31:58,2026-06-23T13:01:58Z,1782219718,ramp_2,705.0,0.20000363642975327,{}
4,A,HTTP Throughput,java_inventory,java,inventory,inventory-java:8082,inventory-java:8082,2026-06-23 18:32:13,2026-06-23T13:02:13Z,1782219733,ramp_2,720.0,64.7284496081747,{}
4,A,HTTP Throughput,java_inventory,java,inventory,order-java:8083,order-java:8083,2026-06-23 18:32:13,2026-06-23T13:02:13Z,1782219733,ramp_2,720.0,0.19999999999999998,{}
4,A,HTTP Throughput,java_inventory,java,inventory,warehouse-java-twin:9084,warehouse-java-twin:9084,2026-06-23 18:32:13,2026-06-23T13:02:13Z,1782219733,ramp_2,720.0,0.19999999999999998,{}
4,A,HTTP Throughput,java_inventory,java,inventory,inventory-java:8082,inventory-java:8082,2026-06-23 18:32:28,2026-06-23T13:02:28Z,1782219748,ramp_2,735.0,67.23636363636363,{}
4,A,HTTP Throughput,java_inventory,java,inventory,order-java:8083,order-java:8083,2026-06-23 18:32:28,2026-06-23T13:02:28Z,1782219748,ramp_2,735.0,0.19999636370247814,{}
4,A,HTTP Throughput,java_inventory,java,inventory,warehouse-java-twin:9084,warehouse-java-twin:9084,2026-06-23 18:32:28,2026-06-23T13:02:28Z,1782219748,ramp_2,735.0,0.20000363642975327,{}
4,A,HTTP Throughput,java_inventory,java,inventory,inventory-java:8082,inventory-java:8082,2026-06-23 18:32:43,2026-06-23T13:02:43Z,1782219763,ramp_2,750.0,69.7090909090909,{}
4,A,HTTP Throughput,java_inventory,java,inventory,order-java:8083,order-java:8083,2026-06-23 18:32:43,2026-06-23T13:02:43Z,1782219763,ramp_2,750.0,0.19999999999999998,{}
4,A,HTTP Throughput,java_inventory,java,inventory,warehouse-java-twin:9084,warehouse-java-twin:9084,2026-06-23 18:32:43,2026-06-23T13:02:43Z,1782219763,ramp_2,750.0,0.19999999999999998,{}
4,A,HTTP Throughput,java_inventory,java,inventory,inventory-java:8082,inventory-java:8082,2026-06-23 18:32:58,2026-06-23T13:02:58Z,1782219778,ramp_2,765.0,72.21949489990727,{}
4,A,HTTP Throughput,java_inventory,java,inventory,order-java:8083,order-java:8083,2026-06-23 18:32:58,2026-06-23T13:02:58Z,1782219778,ramp_2,765.0,0.19999999999999998,{}
4,A,HTTP Throughput,java_inventory,java,inventory,warehouse-java-twin:9084,warehouse-java-twin:9084,2026-06-23 18:32:58,2026-06-23T13:02:58Z,1782219778,ramp_2,765.0,0.19999636370247814,{}
4,A,HTTP Throughput,java_inventory,java,inventory,inventory-java:8082,inventory-java:8082,2026-06-23 18:33:13,2026-06-23T13:03:13Z,1782219793,ramp_2,780.0,74.7090909090909,{}
4,A,HTTP Throughput,java_inventory,java,inventory,order-java:8083,order-java:8083,2026-06-23 18:33:13,2026-06-23T13:03:13Z,1782219793,ramp_2,780.0,0.20000363642975327,{}
4,A,HTTP Throughput,java_inventory,java,inventory,warehouse-java-twin:9084,warehouse-java-twin:9084,2026-06-23 18:33:13,2026-06-23T13:03:13Z,1782219793,ramp_2,780.0,0.19999636370247814,{}
4,A,HTTP Throughput,java_inventory,java,inventory,inventory-java:8082,inventory-java:8082,2026-06-23 18:33:28,2026-06-23T13:03:28Z,1782219808,ramp_2,795.0,77.2,{}
4,A,HTTP Throughput,java_inventory,java,inventory,order-java:8083,order-java:8083,2026-06-23 18:33:28,2026-06-23T13:03:28Z,1782219808,ramp_2,795.0,0.19999999999999998,{}
4,A,HTTP Throughput,java_inventory,java,inventory,warehouse-java-twin:9084,warehouse-java-twin:9084,2026-06-23 18:33:28,2026-06-23T13:03:28Z,1782219808,ramp_2,795.0,0.20000363642975327,{}
4,A,HTTP Throughput,java_inventory,java,inventory,inventory-java:8082,inventory-java:8082,2026-06-23 18:33:43,2026-06-23T13:03:43Z,1782219823,ramp_2,810.0,79.7076416792422,{}
4,A,HTTP Throughput,java_inventory,java,inventory,order-java:8083,order-java:8083,2026-06-23 18:33:43,2026-06-23T13:03:43Z,1782219823,ramp_2,810.0,0.19999999999999998,{}
4,A,HTTP Throughput,java_inventory,java,inventory,warehouse-java-twin:9084,warehouse-java-twin:9084,2026-06-23 18:33:43,2026-06-23T13:03:43Z,1782219823,ramp_2,810.0,0.20000363642975327,{}
4,A,HTTP Throughput,java_inventory,java,inventory,inventory-java:8082,inventory-java:8082,2026-06-23 18:33:58,2026-06-23T13:03:58Z,1782219838,ramp_2,825.0,82.16363636363636,{}
4,A,HTTP Throughput,java_inventory,java,inventory,order-java:8083,order-java:8083,2026-06-23 18:33:58,2026-06-23T13:03:58Z,1782219838,ramp_2,825.0,0.19999999999999998,{}
4,A,HTTP Throughput,java_inventory,java,inventory,warehouse-java-twin:9084,warehouse-java-twin:9084,2026-06-23 18:33:58,2026-06-23T13:03:58Z,1782219838,ramp_2,825.0,0.19999636370247814,{}
4,A,HTTP Throughput,java_inventory,java,inventory,inventory-java:8082,inventory-java:8082,2026-06-23 18:34:13,2026-06-23T13:04:13Z,1782219853,ramp_2,840.0,84.67272727272727,{}
4,A,HTTP Throughput,java_inventory,java,inventory,order-java:8083,order-java:8083,2026-06-23 18:34:13,2026-06-23T13:04:13Z,1782219853,ramp_2,840.0,0.19999999999999998,{}
4,A,HTTP Throughput,java_inventory,java,inventory,warehouse-java-twin:9084,warehouse-java-twin:9084,2026-06-23 18:34:13,2026-06-23T13:04:13Z,1782219853,ramp_2,840.0,0.19999999999999998,{}
4,A,HTTP Throughput,java_inventory,java,inventory,inventory-java:8082,inventory-java:8082,2026-06-23 18:34:28,2026-06-23T13:04:28Z,1782219868,ramp_2,855.0,87.14545454545454,{}
4,A,HTTP Throughput,java_inventory,java,inventory,order-java:8083,order-java:8083,2026-06-23 18:34:28,2026-06-23T13:04:28Z,1782219868,ramp_2,855.0,0.19999999999999998,{}
4,A,HTTP Throughput,java_inventory,java,inventory,warehouse-java-twin:9084,warehouse-java-twin:9084,2026-06-23 18:34:28,2026-06-23T13:04:28Z,1782219868,ramp_2,855.0,0.19999999999999998,{}
4,A,HTTP Throughput,java_inventory,java,inventory,inventory-java:8082,inventory-java:8082,2026-06-23 18:34:43,2026-06-23T13:04:43Z,1782219883,ramp_2,870.0,89.6,{}
4,A,HTTP Throughput,java_inventory,java,inventory,order-java:8083,order-java:8083,2026-06-23 18:34:43,2026-06-23T13:04:43Z,1782219883,ramp_2,870.0,0.19999999999999998,{}
4,A,HTTP Throughput,java_inventory,java,inventory,warehouse-java-twin:9084,warehouse-java-twin:9084,2026-06-23 18:34:43,2026-06-23T13:04:43Z,1782219883,ramp_2,870.0,0.19999636370247814,{}
4,A,HTTP Throughput,java_inventory,java,inventory,inventory-java:8082,inventory-java:8082,2026-06-23 18:34:58,2026-06-23T13:04:58Z,1782219898,ramp_2,885.0,92.10909090909091,{}
4,A,HTTP Throughput,java_inventory,java,inventory,order-java:8083,order-java:8083,2026-06-23 18:34:58,2026-06-23T13:04:58Z,1782219898,ramp_2,885.0,0.19999999999999998,{}
4,A,HTTP Throughput,java_inventory,java,inventory,warehouse-java-twin:9084,warehouse-java-twin:9084,2026-06-23 18:34:58,2026-06-23T13:04:58Z,1782219898,ramp_2,885.0,0.19999999999999998,{}
4,A,HTTP Throughput,java_inventory,java,inventory,inventory-java:8082,inventory-java:8082,2026-06-23 18:35:13,2026-06-23T13:05:13Z,1782219913,ramp_3,900.0,94.47272727272727,{}
4,A,HTTP Throughput,java_inventory,java,inventory,order-java:8083,order-java:8083,2026-06-23 18:35:13,2026-06-23T13:05:13Z,1782219913,ramp_3,900.0,0.19999999999999998,{}
4,A,HTTP Throughput,java_inventory,java,inventory,warehouse-java-twin:9084,warehouse-java-twin:9084,2026-06-23 18:35:13,2026-06-23T13:05:13Z,1782219913,ramp_3,900.0,0.19999999999999998,{}
4,A,HTTP Throughput,java_inventory,java,inventory,inventory-java:8082,inventory-java:8082,2026-06-23 18:35:28,2026-06-23T13:05:28Z,1782219928,ramp_3,915.0,97.32727272727273,{}
4,A,HTTP Throughput,java_inventory,java,inventory,order-java:8083,order-java:8083,2026-06-23 18:35:28,2026-06-23T13:05:28Z,1782219928,ramp_3,915.0,0.19999999999999998,{}
4,A,HTTP Throughput,java_inventory,java,inventory,warehouse-java-twin:9084,warehouse-java-twin:9084,2026-06-23 18:35:28,2026-06-23T13:05:28Z,1782219928,ramp_3,915.0,0.19999999999999998,{}
4,A,HTTP Throughput,java_inventory,java,inventory,inventory-java:8082,inventory-java:8082,2026-06-23 18:35:43,2026-06-23T13:05:43Z,1782219943,ramp_3,930.0,100.49090909090908,{}
4,A,HTTP Throughput,java_inventory,java,inventory,order-java:8083,order-java:8083,2026-06-23 18:35:43,2026-06-23T13:05:43Z,1782219943,ramp_3,930.0,0.19999999999999998,{}
4,A,HTTP Throughput,java_inventory,java,inventory,warehouse-java-twin:9084,warehouse-java-twin:9084,2026-06-23 18:35:43,2026-06-23T13:05:43Z,1782219943,ramp_3,930.0,0.19999636370247814,{}
4,A,HTTP Throughput,java_inventory,java,inventory,inventory-java:8082,inventory-java:8082,2026-06-23 18:35:58,2026-06-23T13:05:58Z,1782219958,ramp_3,945.0,104.54355375356812,{}
4,A,HTTP Throughput,java_inventory,java,inventory,order-java:8083,order-java:8083,2026-06-23 18:35:58,2026-06-23T13:05:58Z,1782219958,ramp_3,945.0,0.19999999999999998,{}
4,A,HTTP Throughput,java_inventory,java,inventory,warehouse-java-twin:9084,warehouse-java-twin:9084,2026-06-23 18:35:58,2026-06-23T13:05:58Z,1782219958,ramp_3,945.0,0.20000363642975327,{}
4,A,HTTP Throughput,java_inventory,java,inventory,inventory-java:8082,inventory-java:8082,2026-06-23 18:36:13,2026-06-23T13:06:13Z,1782219973,ramp_3,960.0,109.45653557337407,{}
4,A,HTTP Throughput,java_inventory,java,inventory,order-java:8083,order-java:8083,2026-06-23 18:36:13,2026-06-23T13:06:13Z,1782219973,ramp_3,960.0,0.19999636370247814,{}
4,A,HTTP Throughput,java_inventory,java,inventory,warehouse-java-twin:9084,warehouse-java-twin:9084,2026-06-23 18:36:13,2026-06-23T13:06:13Z,1782219973,ramp_3,960.0,0.19999999999999998,{}
4,A,HTTP Throughput,java_inventory,java,inventory,inventory-java:8082,inventory-java:8082,2026-06-23 18:36:28,2026-06-23T13:06:28Z,1782219988,ramp_3,975.0,114.40208003781888,{}
4,A,HTTP Throughput,java_inventory,java,inventory,order-java:8083,order-java:8083,2026-06-23 18:36:28,2026-06-23T13:06:28Z,1782219988,ramp_3,975.0,0.19999999999999998,{}
4,A,HTTP Throughput,java_inventory,java,inventory,warehouse-java-twin:9084,warehouse-java-twin:9084,2026-06-23 18:36:28,2026-06-23T13:06:28Z,1782219988,ramp_3,975.0,0.19999999999999998,{}
4,A,HTTP Throughput,java_inventory,java,inventory,inventory-java:8082,inventory-java:8082,2026-06-23 18:36:43,2026-06-23T13:06:43Z,1782220003,ramp_3,990.0,119.7476317751232,{}
4,A,HTTP Throughput,java_inventory,java,inventory,order-java:8083,order-java:8083,2026-06-23 18:36:43,2026-06-23T13:06:43Z,1782220003,ramp_3,990.0,0.19999999999999998,{}
4,A,HTTP Throughput,java_inventory,java,inventory,warehouse-java-twin:9084,warehouse-java-twin:9084,2026-06-23 18:36:43,2026-06-23T13:06:43Z,1782220003,ramp_3,990.0,0.19999636370247814,{}
4,A,HTTP Throughput,java_inventory,java,inventory,inventory-java:8082,inventory-java:8082,2026-06-23 18:36:58,2026-06-23T13:06:58Z,1782220018,ramp_3,1005.0,124.74545454545454,{}
4,A,HTTP Throughput,java_inventory,java,inventory,order-java:8083,order-java:8083,2026-06-23 18:36:58,2026-06-23T13:06:58Z,1782220018,ramp_3,1005.0,0.19999999999999998,{}
4,A,HTTP Throughput,java_inventory,java,inventory,warehouse-java-twin:9084,warehouse-java-twin:9084,2026-06-23 18:36:58,2026-06-23T13:06:58Z,1782220018,ramp_3,1005.0,0.19999999999999998,{}
4,A,HTTP Throughput,java_inventory,java,inventory,inventory-java:8082,inventory-java:8082,2026-06-23 18:37:13,2026-06-23T13:07:13Z,1782220033,ramp_3,1020.0,129.49090909090907,{}
4,A,HTTP Throughput,java_inventory,java,inventory,order-java:8083,order-java:8083,2026-06-23 18:37:13,2026-06-23T13:07:13Z,1782220033,ramp_3,1020.0,0.19999999999999998,{}
4,A,HTTP Throughput,java_inventory,java,inventory,warehouse-java-twin:9084,warehouse-java-twin:9084,2026-06-23 18:37:13,2026-06-23T13:07:13Z,1782220033,ramp_3,1020.0,0.19999999999999998,{}
4,A,HTTP Throughput,java_inventory,java,inventory,inventory-java:8082,inventory-java:8082,2026-06-23 18:37:28,2026-06-23T13:07:28Z,1782220048,ramp_3,1035.0,134.54790087092493,{}
4,A,HTTP Throughput,java_inventory,java,inventory,order-java:8083,order-java:8083,2026-06-23 18:37:28,2026-06-23T13:07:28Z,1782220048,ramp_3,1035.0,0.19999999999999998,{}
4,A,HTTP Throughput,java_inventory,java,inventory,warehouse-java-twin:9084,warehouse-java-twin:9084,2026-06-23 18:37:28,2026-06-23T13:07:28Z,1782220048,ramp_3,1035.0,0.19999636370247814,{}
4,A,HTTP Throughput,java_inventory,java,inventory,inventory-java:8082,inventory-java:8082,2026-06-23 18:37:43,2026-06-23T13:07:43Z,1782220063,ramp_3,1050.0,139.6181818181818,{}
4,A,HTTP Throughput,java_inventory,java,inventory,order-java:8083,order-java:8083,2026-06-23 18:37:43,2026-06-23T13:07:43Z,1782220063,ramp_3,1050.0,0.19999999999999998,{}
4,A,HTTP Throughput,java_inventory,java,inventory,warehouse-java-twin:9084,warehouse-java-twin:9084,2026-06-23 18:37:43,2026-06-23T13:07:43Z,1782220063,ramp_3,1050.0,0.19999999999999998,{}
4,A,HTTP Throughput,java_inventory,java,inventory,inventory-java:8082,inventory-java:8082,2026-06-23 18:37:58,2026-06-23T13:07:58Z,1782220078,ramp_3,1065.0,144.36626120474918,{}
4,A,HTTP Throughput,java_inventory,java,inventory,order-java:8083,order-java:8083,2026-06-23 18:37:58,2026-06-23T13:07:58Z,1782220078,ramp_3,1065.0,0.20000363642975327,{}
4,A,HTTP Throughput,java_inventory,java,inventory,warehouse-java-twin:9084,warehouse-java-twin:9084,2026-06-23 18:37:58,2026-06-23T13:07:58Z,1782220078,ramp_3,1065.0,0.20000363642975327,{}
4,A,HTTP Throughput,java_inventory,java,inventory,inventory-java:8082,inventory-java:8082,2026-06-23 18:38:13,2026-06-23T13:08:13Z,1782220093,ramp_3,1080.0,149.6209021982218,{}
4,A,HTTP Throughput,java_inventory,java,inventory,order-java:8083,order-java:8083,2026-06-23 18:38:13,2026-06-23T13:08:13Z,1782220093,ramp_3,1080.0,0.19999999999999998,{}
4,A,HTTP Throughput,java_inventory,java,inventory,warehouse-java-twin:9084,warehouse-java-twin:9084,2026-06-23 18:38:13,2026-06-23T13:08:13Z,1782220093,ramp_3,1080.0,0.19999999999999998,{}
4,A,HTTP Throughput,java_inventory,java,inventory,inventory-java:8082,inventory-java:8082,2026-06-23 18:38:28,2026-06-23T13:08:28Z,1782220108,ramp_3,1095.0,154.6028109601993,{}
4,A,HTTP Throughput,java_inventory,java,inventory,order-java:8083,order-java:8083,2026-06-23 18:38:28,2026-06-23T13:08:28Z,1782220108,ramp_3,1095.0,0.19999999999999998,{}
4,A,HTTP Throughput,java_inventory,java,inventory,warehouse-java-twin:9084,warehouse-java-twin:9084,2026-06-23 18:38:28,2026-06-23T13:08:28Z,1782220108,ramp_3,1095.0,0.19999636370247814,{}
4,A,HTTP Throughput,java_inventory,java,inventory,inventory-java:8082,inventory-java:8082,2026-06-23 18:38:43,2026-06-23T13:08:43Z,1782220123,ramp_3,1110.0,159.6,{}
4,A,HTTP Throughput,java_inventory,java,inventory,order-java:8083,order-java:8083,2026-06-23 18:38:43,2026-06-23T13:08:43Z,1782220123,ramp_3,1110.0,0.19999999999999998,{}
4,A,HTTP Throughput,java_inventory,java,inventory,warehouse-java-twin:9084,warehouse-java-twin:9084,2026-06-23 18:38:43,2026-06-23T13:08:43Z,1782220123,ramp_3,1110.0,0.19999636370247814,{}
4,A,HTTP Throughput,java_inventory,java,inventory,inventory-java:8082,inventory-java:8082,2026-06-23 18:38:58,2026-06-23T13:08:58Z,1782220138,ramp_3,1125.0,164.78181818181815,{}
4,A,HTTP Throughput,java_inventory,java,inventory,order-java:8083,order-java:8083,2026-06-23 18:38:58,2026-06-23T13:08:58Z,1782220138,ramp_3,1125.0,0.19999999999999998,{}
4,A,HTTP Throughput,java_inventory,java,inventory,warehouse-java-twin:9084,warehouse-java-twin:9084,2026-06-23 18:38:58,2026-06-23T13:08:58Z,1782220138,ramp_3,1125.0,0.20000363642975327,{}
4,A,HTTP Throughput,java_inventory,java,inventory,inventory-java:8082,inventory-java:8082,2026-06-23 18:39:13,2026-06-23T13:09:13Z,1782220153,ramp_3,1140.0,169.58181818181816,{}
4,A,HTTP Throughput,java_inventory,java,inventory,order-java:8083,order-java:8083,2026-06-23 18:39:13,2026-06-23T13:09:13Z,1782220153,ramp_3,1140.0,0.19999999999999998,{}
4,A,HTTP Throughput,java_inventory,java,inventory,warehouse-java-twin:9084,warehouse-java-twin:9084,2026-06-23 18:39:13,2026-06-23T13:09:13Z,1782220153,ramp_3,1140.0,0.19999999999999998,{}
4,A,HTTP Throughput,java_inventory,java,inventory,inventory-java:8082,inventory-java:8082,2026-06-23 18:39:28,2026-06-23T13:09:28Z,1782220168,ramp_3,1155.0,174.5968255122634,{}
4,A,HTTP Throughput,java_inventory,java,inventory,order-java:8083,order-java:8083,2026-06-23 18:39:28,2026-06-23T13:09:28Z,1782220168,ramp_3,1155.0,0.20000363642975327,{}
4,A,HTTP Throughput,java_inventory,java,inventory,warehouse-java-twin:9084,warehouse-java-twin:9084,2026-06-23 18:39:28,2026-06-23T13:09:28Z,1782220168,ramp_3,1155.0,0.19999636370247814,{}
4,A,HTTP Throughput,java_inventory,java,inventory,inventory-java:8082,inventory-java:8082,2026-06-23 18:39:43,2026-06-23T13:09:43Z,1782220183,ramp_3,1170.0,179.56363636363633,{}
4,A,HTTP Throughput,java_inventory,java,inventory,order-java:8083,order-java:8083,2026-06-23 18:39:43,2026-06-23T13:09:43Z,1782220183,ramp_3,1170.0,0.19999999999999998,{}
4,A,HTTP Throughput,java_inventory,java,inventory,warehouse-java-twin:9084,warehouse-java-twin:9084,2026-06-23 18:39:43,2026-06-23T13:09:43Z,1782220183,ramp_3,1170.0,0.19999999999999998,{}
4,A,HTTP Throughput,java_inventory,java,inventory,inventory-java:8082,inventory-java:8082,2026-06-23 18:39:58,2026-06-23T13:09:58Z,1782220198,ramp_3,1185.0,184.40335278823252,{}
4,A,HTTP Throughput,java_inventory,java,inventory,order-java:8083,order-java:8083,2026-06-23 18:39:58,2026-06-23T13:09:58Z,1782220198,ramp_3,1185.0,0.19999999999999998,{}
4,A,HTTP Throughput,java_inventory,java,inventory,warehouse-java-twin:9084,warehouse-java-twin:9084,2026-06-23 18:39:58,2026-06-23T13:09:58Z,1782220198,ramp_3,1185.0,0.19999999999999998,{}
4,A,HTTP Throughput,java_inventory,java,inventory,inventory-java:8082,inventory-java:8082,2026-06-23 18:40:13,2026-06-23T13:10:13Z,1782220213,sustain,1200.0,189.39655642624678,{}
4,A,HTTP Throughput,java_inventory,java,inventory,order-java:8083,order-java:8083,2026-06-23 18:40:13,2026-06-23T13:10:13Z,1782220213,sustain,1200.0,0.19999999999999998,{}
4,A,HTTP Throughput,java_inventory,java,inventory,warehouse-java-twin:9084,warehouse-java-twin:9084,2026-06-23 18:40:13,2026-06-23T13:10:13Z,1782220213,sustain,1200.0,0.20000363642975327,{}
4,A,HTTP Throughput,java_inventory,java,inventory,inventory-java:8082,inventory-java:8082,2026-06-23 18:40:28,2026-06-23T13:10:28Z,1782220228,sustain,1215.0,194.1090909090909,{}
4,A,HTTP Throughput,java_inventory,java,inventory,order-java:8083,order-java:8083,2026-06-23 18:40:28,2026-06-23T13:10:28Z,1782220228,sustain,1215.0,0.19999999999999998,{}
4,A,HTTP Throughput,java_inventory,java,inventory,warehouse-java-twin:9084,warehouse-java-twin:9084,2026-06-23 18:40:28,2026-06-23T13:10:28Z,1782220228,sustain,1215.0,0.19999999999999998,{}
4,A,HTTP Throughput,java_inventory,java,inventory,inventory-java:8082,inventory-java:8082,2026-06-23 18:40:43,2026-06-23T13:10:43Z,1782220243,sustain,1230.0,197.27272727272725,{}
4,A,HTTP Throughput,java_inventory,java,inventory,order-java:8083,order-java:8083,2026-06-23 18:40:43,2026-06-23T13:10:43Z,1782220243,sustain,1230.0,0.19999999999999998,{}
4,A,HTTP Throughput,java_inventory,java,inventory,warehouse-java-twin:9084,warehouse-java-twin:9084,2026-06-23 18:40:43,2026-06-23T13:10:43Z,1782220243,sustain,1230.0,0.20000363642975327,{}
4,A,HTTP Throughput,java_inventory,java,inventory,inventory-java:8082,inventory-java:8082,2026-06-23 18:40:58,2026-06-23T13:10:58Z,1782220258,sustain,1245.0,199.5090909090909,{}
4,A,HTTP Throughput,java_inventory,java,inventory,order-java:8083,order-java:8083,2026-06-23 18:40:58,2026-06-23T13:10:58Z,1782220258,sustain,1245.0,0.19999999999999998,{}
4,A,HTTP Throughput,java_inventory,java,inventory,warehouse-java-twin:9084,warehouse-java-twin:9084,2026-06-23 18:40:58,2026-06-23T13:10:58Z,1782220258,sustain,1245.0,0.19999999999999998,{}
4,A,HTTP Throughput,java_inventory,java,inventory,inventory-java:8082,inventory-java:8082,2026-06-23 18:41:13,2026-06-23T13:11:13Z,1782220273,sustain,1260.0,199.76363636363635,{}
4,A,HTTP Throughput,java_inventory,java,inventory,order-java:8083,order-java:8083,2026-06-23 18:41:13,2026-06-23T13:11:13Z,1782220273,sustain,1260.0,0.20000363642975327,{}
4,A,HTTP Throughput,java_inventory,java,inventory,warehouse-java-twin:9084,warehouse-java-twin:9084,2026-06-23 18:41:13,2026-06-23T13:11:13Z,1782220273,sustain,1260.0,0.19999636370247814,{}
4,A,HTTP Throughput,java_inventory,java,inventory,inventory-java:8082,inventory-java:8082,2026-06-23 18:41:28,2026-06-23T13:11:28Z,1782220288,sustain,1275.0,199.76363636363635,{}
4,A,HTTP Throughput,java_inventory,java,inventory,order-java:8083,order-java:8083,2026-06-23 18:41:28,2026-06-23T13:11:28Z,1782220288,sustain,1275.0,0.19999999999999998,{}
4,A,HTTP Throughput,java_inventory,java,inventory,warehouse-java-twin:9084,warehouse-java-twin:9084,2026-06-23 18:41:28,2026-06-23T13:11:28Z,1782220288,sustain,1275.0,0.19999999999999998,{}
4,A,HTTP Throughput,java_inventory,java,inventory,inventory-java:8082,inventory-java:8082,2026-06-23 18:41:43,2026-06-23T13:11:43Z,1782220303,sustain,1290.0,199.2872856857148,{}
4,A,HTTP Throughput,java_inventory,java,inventory,order-java:8083,order-java:8083,2026-06-23 18:41:43,2026-06-23T13:11:43Z,1782220303,sustain,1290.0,0.19999999999999998,{}
4,A,HTTP Throughput,java_inventory,java,inventory,warehouse-java-twin:9084,warehouse-java-twin:9084,2026-06-23 18:41:43,2026-06-23T13:11:43Z,1782220303,sustain,1290.0,0.19999999999999998,{}
4,A,HTTP Throughput,java_inventory,java,inventory,inventory-java:8082,inventory-java:8082,2026-06-23 18:41:58,2026-06-23T13:11:58Z,1782220318,sustain,1305.0,199.62181130566012,{}
4,A,HTTP Throughput,java_inventory,java,inventory,order-java:8083,order-java:8083,2026-06-23 18:41:58,2026-06-23T13:11:58Z,1782220318,sustain,1305.0,0.19999999999999998,{}
4,A,HTTP Throughput,java_inventory,java,inventory,warehouse-java-twin:9084,warehouse-java-twin:9084,2026-06-23 18:41:58,2026-06-23T13:11:58Z,1782220318,sustain,1305.0,0.19999999999999998,{}
4,A,HTTP Throughput,java_inventory,java,inventory,inventory-java:8082,inventory-java:8082,2026-06-23 18:42:13,2026-06-23T13:12:13Z,1782220333,sustain,1320.0,199.6181818181818,{}
4,A,HTTP Throughput,java_inventory,java,inventory,order-java:8083,order-java:8083,2026-06-23 18:42:13,2026-06-23T13:12:13Z,1782220333,sustain,1320.0,0.19999999999999998,{}
4,A,HTTP Throughput,java_inventory,java,inventory,warehouse-java-twin:9084,warehouse-java-twin:9084,2026-06-23 18:42:13,2026-06-23T13:12:13Z,1782220333,sustain,1320.0,0.20000363642975327,{}
4,A,HTTP Throughput,java_inventory,java,inventory,inventory-java:8082,inventory-java:8082,2026-06-23 18:42:28,2026-06-23T13:12:28Z,1782220348,sustain,1335.0,199.14545454545453,{}
4,A,HTTP Throughput,java_inventory,java,inventory,order-java:8083,order-java:8083,2026-06-23 18:42:28,2026-06-23T13:12:28Z,1782220348,sustain,1335.0,0.19999999999999998,{}
4,A,HTTP Throughput,java_inventory,java,inventory,warehouse-java-twin:9084,warehouse-java-twin:9084,2026-06-23 18:42:28,2026-06-23T13:12:28Z,1782220348,sustain,1335.0,0.19999999999999998,{}
4,A,HTTP Throughput,java_inventory,java,inventory,inventory-java:8082,inventory-java:8082,2026-06-23 18:42:43,2026-06-23T13:12:43Z,1782220363,sustain,1350.0,199.58181818181816,{}
4,A,HTTP Throughput,java_inventory,java,inventory,order-java:8083,order-java:8083,2026-06-23 18:42:43,2026-06-23T13:12:43Z,1782220363,sustain,1350.0,0.19999999999999998,{}
4,A,HTTP Throughput,java_inventory,java,inventory,warehouse-java-twin:9084,warehouse-java-twin:9084,2026-06-23 18:42:43,2026-06-23T13:12:43Z,1782220363,sustain,1350.0,0.20000363642975327,{}
4,A,HTTP Throughput,java_inventory,java,inventory,inventory-java:8082,inventory-java:8082,2026-06-23 18:42:58,2026-06-23T13:12:58Z,1782220378,sustain,1365.0,199.37819312376138,{}
4,A,HTTP Throughput,java_inventory,java,inventory,order-java:8083,order-java:8083,2026-06-23 18:42:58,2026-06-23T13:12:58Z,1782220378,sustain,1365.0,0.19999999999999998,{}
4,A,HTTP Throughput,java_inventory,java,inventory,warehouse-java-twin:9084,warehouse-java-twin:9084,2026-06-23 18:42:58,2026-06-23T13:12:58Z,1782220378,sustain,1365.0,0.19999999999999998,{}
4,A,HTTP Throughput,java_inventory,java,inventory,inventory-java:8082,inventory-java:8082,2026-06-23 18:43:13,2026-06-23T13:13:13Z,1782220393,sustain,1380.0,199.3272727272727,{}
4,A,HTTP Throughput,java_inventory,java,inventory,order-java:8083,order-java:8083,2026-06-23 18:43:13,2026-06-23T13:13:13Z,1782220393,sustain,1380.0,0.19999999999999998,{}
4,A,HTTP Throughput,java_inventory,java,inventory,warehouse-java-twin:9084,warehouse-java-twin:9084,2026-06-23 18:43:13,2026-06-23T13:13:13Z,1782220393,sustain,1380.0,0.19999999999999998,{}
4,A,HTTP Throughput,java_inventory,java,inventory,inventory-java:8082,inventory-java:8082,2026-06-23 18:43:28,2026-06-23T13:13:28Z,1782220408,sustain,1395.0,199.94545454545454,{}
4,A,HTTP Throughput,java_inventory,java,inventory,order-java:8083,order-java:8083,2026-06-23 18:43:28,2026-06-23T13:13:28Z,1782220408,sustain,1395.0,0.19999999999999998,{}
4,A,HTTP Throughput,java_inventory,java,inventory,warehouse-java-twin:9084,warehouse-java-twin:9084,2026-06-23 18:43:28,2026-06-23T13:13:28Z,1782220408,sustain,1395.0,0.20000363642975327,{}
4,A,HTTP Throughput,java_inventory,java,inventory,inventory-java:8082,inventory-java:8082,2026-06-23 18:43:43,2026-06-23T13:13:43Z,1782220423,sustain,1410.0,199.87272727272725,{}
4,A,HTTP Throughput,java_inventory,java,inventory,order-java:8083,order-java:8083,2026-06-23 18:43:43,2026-06-23T13:13:43Z,1782220423,sustain,1410.0,0.19999999999999998,{}
4,A,HTTP Throughput,java_inventory,java,inventory,warehouse-java-twin:9084,warehouse-java-twin:9084,2026-06-23 18:43:43,2026-06-23T13:13:43Z,1782220423,sustain,1410.0,0.20000363642975327,{}
4,A,HTTP Throughput,java_inventory,java,inventory,inventory-java:8082,inventory-java:8082,2026-06-23 18:43:58,2026-06-23T13:13:58Z,1782220438,sustain,1425.0,199.54545454545453,{}
4,A,HTTP Throughput,java_inventory,java,inventory,order-java:8083,order-java:8083,2026-06-23 18:43:58,2026-06-23T13:13:58Z,1782220438,sustain,1425.0,0.19999636370247814,{}
4,A,HTTP Throughput,java_inventory,java,inventory,warehouse-java-twin:9084,warehouse-java-twin:9084,2026-06-23 18:43:58,2026-06-23T13:13:58Z,1782220438,sustain,1425.0,0.19999999999999998,{}
4,A,HTTP Throughput,java_inventory,java,inventory,inventory-java:8082,inventory-java:8082,2026-06-23 18:44:13,2026-06-23T13:14:13Z,1782220453,sustain,1440.0,199.54545454545453,{}
4,A,HTTP Throughput,java_inventory,java,inventory,order-java:8083,order-java:8083,2026-06-23 18:44:13,2026-06-23T13:14:13Z,1782220453,sustain,1440.0,0.19999999999999998,{}
4,A,HTTP Throughput,java_inventory,java,inventory,warehouse-java-twin:9084,warehouse-java-twin:9084,2026-06-23 18:44:13,2026-06-23T13:14:13Z,1782220453,sustain,1440.0,0.19999999999999998,{}
4,A,HTTP Throughput,java_inventory,java,inventory,inventory-java:8082,inventory-java:8082,2026-06-23 18:44:28,2026-06-23T13:14:28Z,1782220468,sustain,1455.0,199.6145524626825,{}
4,A,HTTP Throughput,java_inventory,java,inventory,order-java:8083,order-java:8083,2026-06-23 18:44:28,2026-06-23T13:14:28Z,1782220468,sustain,1455.0,0.19999999999999998,{}
4,A,HTTP Throughput,java_inventory,java,inventory,warehouse-java-twin:9084,warehouse-java-twin:9084,2026-06-23 18:44:28,2026-06-23T13:14:28Z,1782220468,sustain,1455.0,0.19999999999999998,{}
4,A,HTTP Throughput,java_inventory,java,inventory,inventory-java:8082,inventory-java:8082,2026-06-23 18:44:43,2026-06-23T13:14:43Z,1782220483,sustain,1470.0,199.47272727272724,{}
4,A,HTTP Throughput,java_inventory,java,inventory,order-java:8083,order-java:8083,2026-06-23 18:44:43,2026-06-23T13:14:43Z,1782220483,sustain,1470.0,0.19999999999999998,{}
4,A,HTTP Throughput,java_inventory,java,inventory,warehouse-java-twin:9084,warehouse-java-twin:9084,2026-06-23 18:44:43,2026-06-23T13:14:43Z,1782220483,sustain,1470.0,0.19999999999999998,{}
4,A,HTTP Throughput,java_inventory,java,inventory,inventory-java:8082,inventory-java:8082,2026-06-23 18:44:58,2026-06-23T13:14:58Z,1782220498,sustain,1485.0,199.87272727272725,{}
4,A,HTTP Throughput,java_inventory,java,inventory,order-java:8083,order-java:8083,2026-06-23 18:44:58,2026-06-23T13:14:58Z,1782220498,sustain,1485.0,0.19999999999999998,{}
4,A,HTTP Throughput,java_inventory,java,inventory,warehouse-java-twin:9084,warehouse-java-twin:9084,2026-06-23 18:44:58,2026-06-23T13:14:58Z,1782220498,sustain,1485.0,0.19999636370247814,{}
4,A,HTTP Throughput,java_inventory,java,inventory,inventory-java:8082,inventory-java:8082,2026-06-23 18:45:13,2026-06-23T13:15:13Z,1782220513,sustain,1500.0,199.8690932892129,{}
4,A,HTTP Throughput,java_inventory,java,inventory,order-java:8083,order-java:8083,2026-06-23 18:45:13,2026-06-23T13:15:13Z,1782220513,sustain,1500.0,0.19999999999999998,{}
4,A,HTTP Throughput,java_inventory,java,inventory,warehouse-java-twin:9084,warehouse-java-twin:9084,2026-06-23 18:45:13,2026-06-23T13:15:13Z,1782220513,sustain,1500.0,0.19999999999999998,{}
4,A,HTTP Throughput,java_inventory,java,inventory,inventory-java:8082,inventory-java:8082,2026-06-23 18:45:28,2026-06-23T13:15:28Z,1782220528,sustain,1515.0,199.94545454545454,{}
4,A,HTTP Throughput,java_inventory,java,inventory,order-java:8083,order-java:8083,2026-06-23 18:45:28,2026-06-23T13:15:28Z,1782220528,sustain,1515.0,0.19999999999999998,{}
4,A,HTTP Throughput,java_inventory,java,inventory,warehouse-java-twin:9084,warehouse-java-twin:9084,2026-06-23 18:45:28,2026-06-23T13:15:28Z,1782220528,sustain,1515.0,0.19999636370247814,{}
4,A,HTTP Throughput,java_inventory,java,inventory,inventory-java:8082,inventory-java:8082,2026-06-23 18:45:43,2026-06-23T13:15:43Z,1782220543,sustain,1530.0,200.20364006618306,{}
4,A,HTTP Throughput,java_inventory,java,inventory,order-java:8083,order-java:8083,2026-06-23 18:45:43,2026-06-23T13:15:43Z,1782220543,sustain,1530.0,0.19999999999999998,{}
4,A,HTTP Throughput,java_inventory,java,inventory,warehouse-java-twin:9084,warehouse-java-twin:9084,2026-06-23 18:45:43,2026-06-23T13:15:43Z,1782220543,sustain,1530.0,0.19999999999999998,{}
4,A,HTTP Throughput,java_inventory,java,inventory,inventory-java:8082,inventory-java:8082,2026-06-23 18:45:58,2026-06-23T13:15:58Z,1782220558,sustain,1545.0,199.94545454545454,{}
4,A,HTTP Throughput,java_inventory,java,inventory,order-java:8083,order-java:8083,2026-06-23 18:45:58,2026-06-23T13:15:58Z,1782220558,sustain,1545.0,0.19999999999999998,{}
4,A,HTTP Throughput,java_inventory,java,inventory,warehouse-java-twin:9084,warehouse-java-twin:9084,2026-06-23 18:45:58,2026-06-23T13:15:58Z,1782220558,sustain,1545.0,0.19999999999999998,{}
4,A,HTTP Throughput,java_inventory,java,inventory,inventory-java:8082,inventory-java:8082,2026-06-23 18:46:13,2026-06-23T13:16:13Z,1782220573,sustain,1560.0,199.90909090909088,{}
4,A,HTTP Throughput,java_inventory,java,inventory,order-java:8083,order-java:8083,2026-06-23 18:46:13,2026-06-23T13:16:13Z,1782220573,sustain,1560.0,0.19999999999999998,{}
4,A,HTTP Throughput,java_inventory,java,inventory,warehouse-java-twin:9084,warehouse-java-twin:9084,2026-06-23 18:46:13,2026-06-23T13:16:13Z,1782220573,sustain,1560.0,0.20000363642975327,{}
4,A,HTTP Throughput,java_inventory,java,inventory,inventory-java:8082,inventory-java:8082,2026-06-23 18:46:28,2026-06-23T13:16:28Z,1782220588,sustain,1575.0,199.90909090909088,{}
4,A,HTTP Throughput,java_inventory,java,inventory,order-java:8083,order-java:8083,2026-06-23 18:46:28,2026-06-23T13:16:28Z,1782220588,sustain,1575.0,0.19999999999999998,{}
4,A,HTTP Throughput,java_inventory,java,inventory,warehouse-java-twin:9084,warehouse-java-twin:9084,2026-06-23 18:46:28,2026-06-23T13:16:28Z,1782220588,sustain,1575.0,0.19999999999999998,{}
4,A,HTTP Throughput,java_inventory,java,inventory,inventory-java:8082,inventory-java:8082,2026-06-23 18:46:43,2026-06-23T13:16:43Z,1782220603,sustain,1590.0,199.91272568592157,{}
4,A,HTTP Throughput,java_inventory,java,inventory,order-java:8083,order-java:8083,2026-06-23 18:46:43,2026-06-23T13:16:43Z,1782220603,sustain,1590.0,0.19999999999999998,{}
4,A,HTTP Throughput,java_inventory,java,inventory,warehouse-java-twin:9084,warehouse-java-twin:9084,2026-06-23 18:46:43,2026-06-23T13:16:43Z,1782220603,sustain,1590.0,0.19999999999999998,{}
4,A,HTTP Throughput,java_inventory,java,inventory,inventory-java:8082,inventory-java:8082,2026-06-23 18:46:58,2026-06-23T13:16:58Z,1782220618,sustain,1605.0,200.2,{}
4,A,HTTP Throughput,java_inventory,java,inventory,order-java:8083,order-java:8083,2026-06-23 18:46:58,2026-06-23T13:16:58Z,1782220618,sustain,1605.0,0.19999636370247814,{}
4,A,HTTP Throughput,java_inventory,java,inventory,warehouse-java-twin:9084,warehouse-java-twin:9084,2026-06-23 18:46:58,2026-06-23T13:16:58Z,1782220618,sustain,1605.0,0.20000363642975327,{}
4,A,HTTP Throughput,java_inventory,java,inventory,inventory-java:8082,inventory-java:8082,2026-06-23 18:47:13,2026-06-23T13:17:13Z,1782220633,sustain,1620.0,199.87272727272725,{}
4,A,HTTP Throughput,java_inventory,java,inventory,order-java:8083,order-java:8083,2026-06-23 18:47:13,2026-06-23T13:17:13Z,1782220633,sustain,1620.0,0.19999999999999998,{}
4,A,HTTP Throughput,java_inventory,java,inventory,warehouse-java-twin:9084,warehouse-java-twin:9084,2026-06-23 18:47:13,2026-06-23T13:17:13Z,1782220633,sustain,1620.0,0.19999999999999998,{}
4,A,HTTP Throughput,java_inventory,java,inventory,inventory-java:8082,inventory-java:8082,2026-06-23 18:47:28,2026-06-23T13:17:28Z,1782220648,sustain,1635.0,199.87272727272725,{}
4,A,HTTP Throughput,java_inventory,java,inventory,order-java:8083,order-java:8083,2026-06-23 18:47:28,2026-06-23T13:17:28Z,1782220648,sustain,1635.0,0.19999999999999998,{}
4,A,HTTP Throughput,java_inventory,java,inventory,warehouse-java-twin:9084,warehouse-java-twin:9084,2026-06-23 18:47:28,2026-06-23T13:17:28Z,1782220648,sustain,1635.0,0.19999999999999998,{}
4,A,HTTP Throughput,java_inventory,java,inventory,inventory-java:8082,inventory-java:8082,2026-06-23 18:47:43,2026-06-23T13:17:43Z,1782220663,sustain,1650.0,199.72727272727272,{}
4,A,HTTP Throughput,java_inventory,java,inventory,order-java:8083,order-java:8083,2026-06-23 18:47:43,2026-06-23T13:17:43Z,1782220663,sustain,1650.0,0.19999999999999998,{}
4,A,HTTP Throughput,java_inventory,java,inventory,warehouse-java-twin:9084,warehouse-java-twin:9084,2026-06-23 18:47:43,2026-06-23T13:17:43Z,1782220663,sustain,1650.0,0.19999999999999998,{}
4,A,HTTP Throughput,java_inventory,java,inventory,inventory-java:8082,inventory-java:8082,2026-06-23 18:47:58,2026-06-23T13:17:58Z,1782220678,sustain,1665.0,199.96363636363634,{}
4,A,HTTP Throughput,java_inventory,java,inventory,order-java:8083,order-java:8083,2026-06-23 18:47:58,2026-06-23T13:17:58Z,1782220678,sustain,1665.0,0.19999999999999998,{}
4,A,HTTP Throughput,java_inventory,java,inventory,warehouse-java-twin:9084,warehouse-java-twin:9084,2026-06-23 18:47:58,2026-06-23T13:17:58Z,1782220678,sustain,1665.0,0.19999999999999998,{}
4,A,HTTP Throughput,java_inventory,java,inventory,inventory-java:8082,inventory-java:8082,2026-06-23 18:48:13,2026-06-23T13:18:13Z,1782220693,sustain,1680.0,200.0581828760523,{}
4,A,HTTP Throughput,java_inventory,java,inventory,order-java:8083,order-java:8083,2026-06-23 18:48:13,2026-06-23T13:18:13Z,1782220693,sustain,1680.0,0.19999999999999998,{}
4,A,HTTP Throughput,java_inventory,java,inventory,warehouse-java-twin:9084,warehouse-java-twin:9084,2026-06-23 18:48:13,2026-06-23T13:18:13Z,1782220693,sustain,1680.0,0.20000363642975327,{}
4,A,HTTP Throughput,java_inventory,java,inventory,inventory-java:8082,inventory-java:8082,2026-06-23 18:48:28,2026-06-23T13:18:28Z,1782220708,sustain,1695.0,200.0872711405247,{}
4,A,HTTP Throughput,java_inventory,java,inventory,order-java:8083,order-java:8083,2026-06-23 18:48:28,2026-06-23T13:18:28Z,1782220708,sustain,1695.0,0.19999999999999998,{}
4,A,HTTP Throughput,java_inventory,java,inventory,warehouse-java-twin:9084,warehouse-java-twin:9084,2026-06-23 18:48:28,2026-06-23T13:18:28Z,1782220708,sustain,1695.0,0.20000363642975327,{}
4,A,HTTP Throughput,java_inventory,java,inventory,inventory-java:8082,inventory-java:8082,2026-06-23 18:48:43,2026-06-23T13:18:43Z,1782220723,sustain,1710.0,199.31271477663233,{}
4,A,HTTP Throughput,java_inventory,java,inventory,order-java:8083,order-java:8083,2026-06-23 18:48:43,2026-06-23T13:18:43Z,1782220723,sustain,1710.0,0.19999999999999998,{}
4,A,HTTP Throughput,java_inventory,java,inventory,warehouse-java-twin:9084,warehouse-java-twin:9084,2026-06-23 18:48:43,2026-06-23T13:18:43Z,1782220723,sustain,1710.0,0.20000363642975327,{}
4,A,HTTP Throughput,java_inventory,java,inventory,inventory-java:8082,inventory-java:8082,2026-06-23 18:48:58,2026-06-23T13:18:58Z,1782220738,sustain,1725.0,199.31271477663233,{}
4,A,HTTP Throughput,java_inventory,java,inventory,order-java:8083,order-java:8083,2026-06-23 18:48:58,2026-06-23T13:18:58Z,1782220738,sustain,1725.0,0.19999999999999998,{}
4,A,HTTP Throughput,java_inventory,java,inventory,warehouse-java-twin:9084,warehouse-java-twin:9084,2026-06-23 18:48:58,2026-06-23T13:18:58Z,1782220738,sustain,1725.0,0.19999999999999998,{}
4,A,HTTP Throughput,java_inventory,java,inventory,inventory-java:8082,inventory-java:8082,2026-06-23 18:49:13,2026-06-23T13:19:13Z,1782220753,sustain,1740.0,199.1781967600589,{}
4,A,HTTP Throughput,java_inventory,java,inventory,order-java:8083,order-java:8083,2026-06-23 18:49:13,2026-06-23T13:19:13Z,1782220753,sustain,1740.0,0.19999999999999998,{}
4,A,HTTP Throughput,java_inventory,java,inventory,warehouse-java-twin:9084,warehouse-java-twin:9084,2026-06-23 18:49:13,2026-06-23T13:19:13Z,1782220753,sustain,1740.0,0.19999999999999998,{}
4,A,HTTP Throughput,java_inventory,java,inventory,inventory-java:8082,inventory-java:8082,2026-06-23 18:49:28,2026-06-23T13:19:28Z,1782220768,sustain,1755.0,198.81818181818178,{}
4,A,HTTP Throughput,java_inventory,java,inventory,order-java:8083,order-java:8083,2026-06-23 18:49:28,2026-06-23T13:19:28Z,1782220768,sustain,1755.0,0.19999999999999998,{}
4,A,HTTP Throughput,java_inventory,java,inventory,warehouse-java-twin:9084,warehouse-java-twin:9084,2026-06-23 18:49:28,2026-06-23T13:19:28Z,1782220768,sustain,1755.0,0.20000363642975327,{}
4,A,HTTP Throughput,java_inventory,java,inventory,inventory-java:8082,inventory-java:8082,2026-06-23 18:49:43,2026-06-23T13:19:43Z,1782220783,sustain,1770.0,199.6036291568938,{}
4,A,HTTP Throughput,java_inventory,java,inventory,order-java:8083,order-java:8083,2026-06-23 18:49:43,2026-06-23T13:19:43Z,1782220783,sustain,1770.0,0.19999999999999998,{}
4,A,HTTP Throughput,java_inventory,java,inventory,warehouse-java-twin:9084,warehouse-java-twin:9084,2026-06-23 18:49:43,2026-06-23T13:19:43Z,1782220783,sustain,1770.0,0.19999999999999998,{}
4,A,HTTP Throughput,java_inventory,java,inventory,inventory-java:8082,inventory-java:8082,2026-06-23 18:49:58,2026-06-23T13:19:58Z,1782220798,sustain,1785.0,199.58181818181816,{}
4,A,HTTP Throughput,java_inventory,java,inventory,order-java:8083,order-java:8083,2026-06-23 18:49:58,2026-06-23T13:19:58Z,1782220798,sustain,1785.0,0.19999636370247814,{}
4,A,HTTP Throughput,java_inventory,java,inventory,warehouse-java-twin:9084,warehouse-java-twin:9084,2026-06-23 18:49:58,2026-06-23T13:19:58Z,1782220798,sustain,1785.0,0.19999999999999998,{}
4,A,HTTP Throughput,java_inventory,java,inventory,inventory-java:8082,inventory-java:8082,2026-06-23 18:50:13,2026-06-23T13:20:13Z,1782220813,cooldown,1800.0,199.45454545454544,{}
4,A,HTTP Throughput,java_inventory,java,inventory,order-java:8083,order-java:8083,2026-06-23 18:50:13,2026-06-23T13:20:13Z,1782220813,cooldown,1800.0,0.19999999999999998,{}
4,A,HTTP Throughput,java_inventory,java,inventory,warehouse-java-twin:9084,warehouse-java-twin:9084,2026-06-23 18:50:13,2026-06-23T13:20:13Z,1782220813,cooldown,1800.0,0.19999999999999998,{}
4,A,HTTP Throughput,java_inventory,java,inventory,inventory-java:8082,inventory-java:8082,2026-06-23 18:50:28,2026-06-23T13:20:28Z,1782220828,cooldown,1815.0,199.0509263467937,{}
4,A,HTTP Throughput,java_inventory,java,inventory,order-java:8083,order-java:8083,2026-06-23 18:50:28,2026-06-23T13:20:28Z,1782220828,cooldown,1815.0,0.19999636370247814,{}
4,A,HTTP Throughput,java_inventory,java,inventory,warehouse-java-twin:9084,warehouse-java-twin:9084,2026-06-23 18:50:28,2026-06-23T13:20:28Z,1782220828,cooldown,1815.0,0.19999999999999998,{}
4,A,HTTP Throughput,java_inventory,java,inventory,inventory-java:8082,inventory-java:8082,2026-06-23 18:50:43,2026-06-23T13:20:43Z,1782220843,cooldown,1830.0,195.5090909090909,{}
4,A,HTTP Throughput,java_inventory,java,inventory,order-java:8083,order-java:8083,2026-06-23 18:50:43,2026-06-23T13:20:43Z,1782220843,cooldown,1830.0,0.19999999999999998,{}
4,A,HTTP Throughput,java_inventory,java,inventory,warehouse-java-twin:9084,warehouse-java-twin:9084,2026-06-23 18:50:43,2026-06-23T13:20:43Z,1782220843,cooldown,1830.0,0.19999999999999998,{}
4,A,HTTP Throughput,java_inventory,java,inventory,inventory-java:8082,inventory-java:8082,2026-06-23 18:50:58,2026-06-23T13:20:58Z,1782220858,cooldown,1845.0,189.0511081616698,{}
4,A,HTTP Throughput,java_inventory,java,inventory,order-java:8083,order-java:8083,2026-06-23 18:50:58,2026-06-23T13:20:58Z,1782220858,cooldown,1845.0,0.19999999999999998,{}
4,A,HTTP Throughput,java_inventory,java,inventory,warehouse-java-twin:9084,warehouse-java-twin:9084,2026-06-23 18:50:58,2026-06-23T13:20:58Z,1782220858,cooldown,1845.0,0.20000363642975327,{}
4,A,HTTP Throughput,java_inventory,java,inventory,inventory-java:8082,inventory-java:8082,2026-06-23 18:51:13,2026-06-23T13:21:13Z,1782220873,cooldown,1860.0,180.2941871670394,{}
4,A,HTTP Throughput,java_inventory,java,inventory,order-java:8083,order-java:8083,2026-06-23 18:51:13,2026-06-23T13:21:13Z,1782220873,cooldown,1860.0,0.20000363642975327,{}
4,A,HTTP Throughput,java_inventory,java,inventory,warehouse-java-twin:9084,warehouse-java-twin:9084,2026-06-23 18:51:13,2026-06-23T13:21:13Z,1782220873,cooldown,1860.0,0.19999999999999998,{}
4,A,HTTP Throughput,java_inventory,java,inventory,inventory-java:8082,inventory-java:8082,2026-06-23 18:51:28,2026-06-23T13:21:28Z,1782220888,cooldown,1875.0,170.03327212232503,{}
4,A,HTTP Throughput,java_inventory,java,inventory,order-java:8083,order-java:8083,2026-06-23 18:51:28,2026-06-23T13:21:28Z,1782220888,cooldown,1875.0,0.19999999999999998,{}
4,A,HTTP Throughput,java_inventory,java,inventory,warehouse-java-twin:9084,warehouse-java-twin:9084,2026-06-23 18:51:28,2026-06-23T13:21:28Z,1782220888,cooldown,1875.0,0.20000363642975327,{}
4,A,HTTP Throughput,java_inventory,java,inventory,inventory-java:8082,inventory-java:8082,2026-06-23 18:51:43,2026-06-23T13:21:43Z,1782220903,cooldown,1890.0,160.11200203640067,{}
4,A,HTTP Throughput,java_inventory,java,inventory,order-java:8083,order-java:8083,2026-06-23 18:51:43,2026-06-23T13:21:43Z,1782220903,cooldown,1890.0,0.19999636370247814,{}
4,A,HTTP Throughput,java_inventory,java,inventory,warehouse-java-twin:9084,warehouse-java-twin:9084,2026-06-23 18:51:43,2026-06-23T13:21:43Z,1782220903,cooldown,1890.0,0.19999999999999998,{}
4,A,HTTP Throughput,java_inventory,java,inventory,inventory-java:8082,inventory-java:8082,2026-06-23 18:51:58,2026-06-23T13:21:58Z,1782220918,cooldown,1905.0,150.5272727272727,{}
4,A,HTTP Throughput,java_inventory,java,inventory,order-java:8083,order-java:8083,2026-06-23 18:51:58,2026-06-23T13:21:58Z,1782220918,cooldown,1905.0,0.19999999999999998,{}
4,A,HTTP Throughput,java_inventory,java,inventory,warehouse-java-twin:9084,warehouse-java-twin:9084,2026-06-23 18:51:58,2026-06-23T13:21:58Z,1782220918,cooldown,1905.0,0.19999999999999998,{}
4,A,HTTP Throughput,java_inventory,java,inventory,inventory-java:8082,inventory-java:8082,2026-06-23 18:52:13,2026-06-23T13:22:13Z,1782220933,cooldown,1920.0,140.47528136875218,{}
4,A,HTTP Throughput,java_inventory,java,inventory,order-java:8083,order-java:8083,2026-06-23 18:52:13,2026-06-23T13:22:13Z,1782220933,cooldown,1920.0,0.19999999999999998,{}
4,A,HTTP Throughput,java_inventory,java,inventory,warehouse-java-twin:9084,warehouse-java-twin:9084,2026-06-23 18:52:13,2026-06-23T13:22:13Z,1782220933,cooldown,1920.0,0.19999999999999998,{}
4,A,HTTP Throughput,java_inventory,java,inventory,inventory-java:8082,inventory-java:8082,2026-06-23 18:52:28,2026-06-23T13:22:28Z,1782220948,cooldown,1935.0,130.72727272727272,{}
4,A,HTTP Throughput,java_inventory,java,inventory,order-java:8083,order-java:8083,2026-06-23 18:52:28,2026-06-23T13:22:28Z,1782220948,cooldown,1935.0,0.19999999999999998,{}
4,A,HTTP Throughput,java_inventory,java,inventory,warehouse-java-twin:9084,warehouse-java-twin:9084,2026-06-23 18:52:28,2026-06-23T13:22:28Z,1782220948,cooldown,1935.0,0.19999636370247814,{}
4,A,HTTP Throughput,java_inventory,java,inventory,inventory-java:8082,inventory-java:8082,2026-06-23 18:52:43,2026-06-23T13:22:43Z,1782220963,cooldown,1950.0,120.58181818181818,{}
4,A,HTTP Throughput,java_inventory,java,inventory,order-java:8083,order-java:8083,2026-06-23 18:52:43,2026-06-23T13:22:43Z,1782220963,cooldown,1950.0,0.19999636370247814,{}
4,A,HTTP Throughput,java_inventory,java,inventory,warehouse-java-twin:9084,warehouse-java-twin:9084,2026-06-23 18:52:43,2026-06-23T13:22:43Z,1782220963,cooldown,1950.0,0.19999999999999998,{}
4,A,HTTP Throughput,java_inventory,java,inventory,inventory-java:8082,inventory-java:8082,2026-06-23 18:52:58,2026-06-23T13:22:58Z,1782220978,cooldown,1965.0,110.45454545454545,{}
4,A,HTTP Throughput,java_inventory,java,inventory,order-java:8083,order-java:8083,2026-06-23 18:52:58,2026-06-23T13:22:58Z,1782220978,cooldown,1965.0,0.19999999999999998,{}
4,A,HTTP Throughput,java_inventory,java,inventory,warehouse-java-twin:9084,warehouse-java-twin:9084,2026-06-23 18:52:58,2026-06-23T13:22:58Z,1782220978,cooldown,1965.0,0.19999636370247814,{}
4,A,HTTP Throughput,java_inventory,java,inventory,inventory-java:8082,inventory-java:8082,2026-06-23 18:53:13,2026-06-23T13:23:13Z,1782220993,cooldown,1980.0,100.52910052910055,{}
4,A,HTTP Throughput,java_inventory,java,inventory,order-java:8083,order-java:8083,2026-06-23 18:53:13,2026-06-23T13:23:13Z,1782220993,cooldown,1980.0,0.19999999999999998,{}
4,A,HTTP Throughput,java_inventory,java,inventory,warehouse-java-twin:9084,warehouse-java-twin:9084,2026-06-23 18:53:13,2026-06-23T13:23:13Z,1782220993,cooldown,1980.0,0.19999999999999998,{}
4,A,HTTP Throughput,java_inventory,java,inventory,inventory-java:8082,inventory-java:8082,2026-06-23 18:53:28,2026-06-23T13:23:28Z,1782221008,cooldown,1995.0,90.61818181818181,{}
4,A,HTTP Throughput,java_inventory,java,inventory,order-java:8083,order-java:8083,2026-06-23 18:53:28,2026-06-23T13:23:28Z,1782221008,cooldown,1995.0,0.19999999999999998,{}
4,A,HTTP Throughput,java_inventory,java,inventory,warehouse-java-twin:9084,warehouse-java-twin:9084,2026-06-23 18:53:28,2026-06-23T13:23:28Z,1782221008,cooldown,1995.0,0.19999999999999998,{}
4,A,HTTP Throughput,java_inventory,java,inventory,inventory-java:8082,inventory-java:8082,2026-06-23 18:53:43,2026-06-23T13:23:43Z,1782221023,cooldown,2010.0,80.72727272727272,{}
4,A,HTTP Throughput,java_inventory,java,inventory,order-java:8083,order-java:8083,2026-06-23 18:53:43,2026-06-23T13:23:43Z,1782221023,cooldown,2010.0,0.19999999999999998,{}
4,A,HTTP Throughput,java_inventory,java,inventory,warehouse-java-twin:9084,warehouse-java-twin:9084,2026-06-23 18:53:43,2026-06-23T13:23:43Z,1782221023,cooldown,2010.0,0.20000363642975327,{}
4,A,HTTP Throughput,java_inventory,java,inventory,inventory-java:8082,inventory-java:8082,2026-06-23 18:53:58,2026-06-23T13:23:58Z,1782221038,cooldown,2025.0,70.67272727272727,{}
4,A,HTTP Throughput,java_inventory,java,inventory,order-java:8083,order-java:8083,2026-06-23 18:53:58,2026-06-23T13:23:58Z,1782221038,cooldown,2025.0,0.19999999999999998,{}
4,A,HTTP Throughput,java_inventory,java,inventory,warehouse-java-twin:9084,warehouse-java-twin:9084,2026-06-23 18:53:58,2026-06-23T13:23:58Z,1782221038,cooldown,2025.0,0.19999636370247814,{}
4,A,HTTP Throughput,java_inventory,java,inventory,inventory-java:8082,inventory-java:8082,2026-06-23 18:54:13,2026-06-23T13:24:13Z,1782221053,cooldown,2040.0,60.65564828451427,{}
4,A,HTTP Throughput,java_inventory,java,inventory,order-java:8083,order-java:8083,2026-06-23 18:54:13,2026-06-23T13:24:13Z,1782221053,cooldown,2040.0,0.19999999999999998,{}
4,A,HTTP Throughput,java_inventory,java,inventory,warehouse-java-twin:9084,warehouse-java-twin:9084,2026-06-23 18:54:13,2026-06-23T13:24:13Z,1782221053,cooldown,2040.0,0.20000363642975327,{}
4,A,HTTP Throughput,java_inventory,java,inventory,inventory-java:8082,inventory-java:8082,2026-06-23 18:54:28,2026-06-23T13:24:28Z,1782221068,cooldown,2055.0,50.654545454545456,{}
4,A,HTTP Throughput,java_inventory,java,inventory,order-java:8083,order-java:8083,2026-06-23 18:54:28,2026-06-23T13:24:28Z,1782221068,cooldown,2055.0,0.19999999999999998,{}
4,A,HTTP Throughput,java_inventory,java,inventory,warehouse-java-twin:9084,warehouse-java-twin:9084,2026-06-23 18:54:28,2026-06-23T13:24:28Z,1782221068,cooldown,2055.0,0.19999999999999998,{}
4,A,HTTP Throughput,java_inventory,java,inventory,inventory-java:8082,inventory-java:8082,2026-06-23 18:54:43,2026-06-23T13:24:43Z,1782221083,cooldown,2070.0,40.637102492772605,{}
4,A,HTTP Throughput,java_inventory,java,inventory,order-java:8083,order-java:8083,2026-06-23 18:54:43,2026-06-23T13:24:43Z,1782221083,cooldown,2070.0,0.19999999999999998,{}
4,A,HTTP Throughput,java_inventory,java,inventory,warehouse-java-twin:9084,warehouse-java-twin:9084,2026-06-23 18:54:43,2026-06-23T13:24:43Z,1782221083,cooldown,2070.0,0.19999999999999998,{}
4,A,HTTP Throughput,java_inventory,java,inventory,inventory-java:8082,inventory-java:8082,2026-06-23 18:54:58,2026-06-23T13:24:58Z,1782221098,cooldown,2085.0,30.7096492663503,{}
4,A,HTTP Throughput,java_inventory,java,inventory,order-java:8083,order-java:8083,2026-06-23 18:54:58,2026-06-23T13:24:58Z,1782221098,cooldown,2085.0,0.20000363642975327,{}
4,A,HTTP Throughput,java_inventory,java,inventory,warehouse-java-twin:9084,warehouse-java-twin:9084,2026-06-23 18:54:58,2026-06-23T13:24:58Z,1782221098,cooldown,2085.0,0.19999636370247814,{}
4,A,HTTP Throughput,java_inventory,java,inventory,inventory-java:8082,inventory-java:8082,2026-06-23 18:55:13,2026-06-23T13:25:13Z,1782221113,post_test,2100.0,20.635988436573882,{}
4,A,HTTP Throughput,java_inventory,java,inventory,order-java:8083,order-java:8083,2026-06-23 18:55:13,2026-06-23T13:25:13Z,1782221113,post_test,2100.0,0.19999636370247814,{}
4,A,HTTP Throughput,java_inventory,java,inventory,warehouse-java-twin:9084,warehouse-java-twin:9084,2026-06-23 18:55:13,2026-06-23T13:25:13Z,1782221113,post_test,2100.0,0.20000363642975327,{}
4,A,HTTP Throughput,java_order,java,order,inventory-java:8082,inventory-java:8082,2026-06-23 16:59:54,2026-06-23T11:29:54Z,1782214194,warmup,0.0,0.19999999999999998,{}
4,A,HTTP Throughput,java_order,java,order,order-java:8083,order-java:8083,2026-06-23 16:59:54,2026-06-23T11:29:54Z,1782214194,warmup,0.0,0.2545454545454545,{}
4,A,HTTP Throughput,java_order,java,order,warehouse-java-twin:9084,warehouse-java-twin:9084,2026-06-23 16:59:54,2026-06-23T11:29:54Z,1782214194,warmup,0.0,0.19999999999999998,{}
4,A,HTTP Throughput,java_order,java,order,inventory-java:8082,inventory-java:8082,2026-06-23 17:00:09,2026-06-23T11:30:09Z,1782214209,warmup,15.0,0.19999999999999998,{}
4,A,HTTP Throughput,java_order,java,order,order-java:8083,order-java:8083,2026-06-23 17:00:09,2026-06-23T11:30:09Z,1782214209,warmup,15.0,0.2545454545454545,{}
4,A,HTTP Throughput,java_order,java,order,warehouse-java-twin:9084,warehouse-java-twin:9084,2026-06-23 17:00:09,2026-06-23T11:30:09Z,1782214209,warmup,15.0,0.19999999999999998,{}
4,A,HTTP Throughput,java_order,java,order,inventory-java:8082,inventory-java:8082,2026-06-23 17:00:24,2026-06-23T11:30:24Z,1782214224,warmup,30.0,0.19999999999999998,{}
4,A,HTTP Throughput,java_order,java,order,order-java:8083,order-java:8083,2026-06-23 17:00:24,2026-06-23T11:30:24Z,1782214224,warmup,30.0,0.2545454545454545,{}
4,A,HTTP Throughput,java_order,java,order,warehouse-java-twin:9084,warehouse-java-twin:9084,2026-06-23 17:00:24,2026-06-23T11:30:24Z,1782214224,warmup,30.0,0.20000363642975327,{}
4,A,HTTP Throughput,java_order,java,order,inventory-java:8082,inventory-java:8082,2026-06-23 17:00:39,2026-06-23T11:30:39Z,1782214239,warmup,45.0,0.32727272727272727,{}
4,A,HTTP Throughput,java_order,java,order,order-java:8083,order-java:8083,2026-06-23 17:00:39,2026-06-23T11:30:39Z,1782214239,warmup,45.0,0.41818181818181815,{}
4,A,HTTP Throughput,java_order,java,order,warehouse-java-twin:9084,warehouse-java-twin:9084,2026-06-23 17:00:39,2026-06-23T11:30:39Z,1782214239,warmup,45.0,0.20000363642975327,{}
4,A,HTTP Throughput,java_order,java,order,inventory-java:8082,inventory-java:8082,2026-06-23 17:00:54,2026-06-23T11:30:54Z,1782214254,warmup,60.0,0.509090909090909,{}
4,A,HTTP Throughput,java_order,java,order,order-java:8083,order-java:8083,2026-06-23 17:00:54,2026-06-23T11:30:54Z,1782214254,warmup,60.0,0.5454446282794858,{}
4,A,HTTP Throughput,java_order,java,order,warehouse-java-twin:9084,warehouse-java-twin:9084,2026-06-23 17:00:54,2026-06-23T11:30:54Z,1782214254,warmup,60.0,0.19999999999999998,{}
4,A,HTTP Throughput,java_order,java,order,inventory-java:8082,inventory-java:8082,2026-06-23 17:01:09,2026-06-23T11:31:09Z,1782214269,warmup,75.0,0.8545609920180368,{}
4,A,HTTP Throughput,java_order,java,order,order-java:8083,order-java:8083,2026-06-23 17:01:09,2026-06-23T11:31:09Z,1782214269,warmup,75.0,0.9090909090909091,{}
4,A,HTTP Throughput,java_order,java,order,warehouse-java-twin:9084,warehouse-java-twin:9084,2026-06-23 17:01:09,2026-06-23T11:31:09Z,1782214269,warmup,75.0,0.19999999999999998,{}
4,A,HTTP Throughput,java_order,java,order,inventory-java:8082,inventory-java:8082,2026-06-23 17:01:24,2026-06-23T11:31:24Z,1782214284,warmup,90.0,1.1999781822148687,{}
4,A,HTTP Throughput,java_order,java,order,order-java:8083,order-java:8083,2026-06-23 17:01:24,2026-06-23T11:31:24Z,1782214284,warmup,90.0,1.2545454545454544,{}
4,A,HTTP Throughput,java_order,java,order,warehouse-java-twin:9084,warehouse-java-twin:9084,2026-06-23 17:01:24,2026-06-23T11:31:24Z,1782214284,warmup,90.0,0.19999636370247814,{}
4,A,HTTP Throughput,java_order,java,order,inventory-java:8082,inventory-java:8082,2026-06-23 17:01:39,2026-06-23T11:31:39Z,1782214299,warmup,105.0,1.5454545454545454,{}
4,A,HTTP Throughput,java_order,java,order,order-java:8083,order-java:8083,2026-06-23 17:01:39,2026-06-23T11:31:39Z,1782214299,warmup,105.0,1.6363636363636362,{}
4,A,HTTP Throughput,java_order,java,order,warehouse-java-twin:9084,warehouse-java-twin:9084,2026-06-23 17:01:39,2026-06-23T11:31:39Z,1782214299,warmup,105.0,0.19999999999999998,{}
4,A,HTTP Throughput,java_order,java,order,inventory-java:8082,inventory-java:8082,2026-06-23 17:01:54,2026-06-23T11:31:54Z,1782214314,warmup,120.0,1.9090561989782004,{}
4,A,HTTP Throughput,java_order,java,order,order-java:8083,order-java:8083,2026-06-23 17:01:54,2026-06-23T11:31:54Z,1782214314,warmup,120.0,1.9636720667648504,{}
4,A,HTTP Throughput,java_order,java,order,warehouse-java-twin:9084,warehouse-java-twin:9084,2026-06-23 17:01:54,2026-06-23T11:31:54Z,1782214314,warmup,120.0,0.19999636370247814,{}
4,A,HTTP Throughput,java_order,java,order,inventory-java:8082,inventory-java:8082,2026-06-23 17:02:09,2026-06-23T11:32:09Z,1782214329,warmup,135.0,2.290909090909091,{}
4,A,HTTP Throughput,java_order,java,order,order-java:8083,order-java:8083,2026-06-23 17:02:09,2026-06-23T11:32:09Z,1782214329,warmup,135.0,2.327272727272727,{}
4,A,HTTP Throughput,java_order,java,order,warehouse-java-twin:9084,warehouse-java-twin:9084,2026-06-23 17:02:09,2026-06-23T11:32:09Z,1782214329,warmup,135.0,0.20000363642975327,{}
4,A,HTTP Throughput,java_order,java,order,inventory-java:8082,inventory-java:8082,2026-06-23 17:02:24,2026-06-23T11:32:24Z,1782214344,warmup,150.0,2.6363636363636362,{}
4,A,HTTP Throughput,java_order,java,order,order-java:8083,order-java:8083,2026-06-23 17:02:24,2026-06-23T11:32:24Z,1782214344,warmup,150.0,2.6363636363636362,{}
4,A,HTTP Throughput,java_order,java,order,warehouse-java-twin:9084,warehouse-java-twin:9084,2026-06-23 17:02:24,2026-06-23T11:32:24Z,1782214344,warmup,150.0,0.20000363642975327,{}
4,A,HTTP Throughput,java_order,java,order,inventory-java:8082,inventory-java:8082,2026-06-23 17:02:39,2026-06-23T11:32:39Z,1782214359,warmup,165.0,2.9454545454545453,{}
4,A,HTTP Throughput,java_order,java,order,order-java:8083,order-java:8083,2026-06-23 17:02:39,2026-06-23T11:32:39Z,1782214359,warmup,165.0,3.0363636363636366,{}
4,A,HTTP Throughput,java_order,java,order,warehouse-java-twin:9084,warehouse-java-twin:9084,2026-06-23 17:02:39,2026-06-23T11:32:39Z,1782214359,warmup,165.0,0.19999999999999998,{}
4,A,HTTP Throughput,java_order,java,order,inventory-java:8082,inventory-java:8082,2026-06-23 17:02:54,2026-06-23T11:32:54Z,1782214374,warmup,180.0,3.3091510754741,{}
4,A,HTTP Throughput,java_order,java,order,order-java:8083,order-java:8083,2026-06-23 17:02:54,2026-06-23T11:32:54Z,1782214374,warmup,180.0,3.3455153730067826,{}
4,A,HTTP Throughput,java_order,java,order,warehouse-java-twin:9084,warehouse-java-twin:9084,2026-06-23 17:02:54,2026-06-23T11:32:54Z,1782214374,warmup,180.0,0.20000363642975327,{}
4,A,HTTP Throughput,java_order,java,order,inventory-java:8082,inventory-java:8082,2026-06-23 17:03:09,2026-06-23T11:33:09Z,1782214389,warmup,195.0,3.672727272727273,{}
4,A,HTTP Throughput,java_order,java,order,order-java:8083,order-java:8083,2026-06-23 17:03:09,2026-06-23T11:33:09Z,1782214389,warmup,195.0,3.727272727272727,{}
4,A,HTTP Throughput,java_order,java,order,warehouse-java-twin:9084,warehouse-java-twin:9084,2026-06-23 17:03:09,2026-06-23T11:33:09Z,1782214389,warmup,195.0,0.20000363642975327,{}
4,A,HTTP Throughput,java_order,java,order,inventory-java:8082,inventory-java:8082,2026-06-23 17:03:24,2026-06-23T11:33:24Z,1782214404,warmup,210.0,4.018181818181818,{}
4,A,HTTP Throughput,java_order,java,order,order-java:8083,order-java:8083,2026-06-23 17:03:24,2026-06-23T11:33:24Z,1782214404,warmup,210.0,4.090834712096144,{}
4,A,HTTP Throughput,java_order,java,order,warehouse-java-twin:9084,warehouse-java-twin:9084,2026-06-23 17:03:24,2026-06-23T11:33:24Z,1782214404,warmup,210.0,0.19999999999999998,{}
4,A,HTTP Throughput,java_order,java,order,inventory-java:8082,inventory-java:8082,2026-06-23 17:03:39,2026-06-23T11:33:39Z,1782214419,warmup,225.0,4.381897852688231,{}
4,A,HTTP Throughput,java_order,java,order,order-java:8083,order-java:8083,2026-06-23 17:03:39,2026-06-23T11:33:39Z,1782214419,warmup,225.0,4.454545454545454,{}
4,A,HTTP Throughput,java_order,java,order,warehouse-java-twin:9084,warehouse-java-twin:9084,2026-06-23 17:03:39,2026-06-23T11:33:39Z,1782214419,warmup,225.0,0.19999999999999998,{}
4,A,HTTP Throughput,java_order,java,order,inventory-java:8082,inventory-java:8082,2026-06-23 17:03:54,2026-06-23T11:33:54Z,1782214434,warmup,240.0,4.709176530482373,{}
4,A,HTTP Throughput,java_order,java,order,order-java:8083,order-java:8083,2026-06-23 17:03:54,2026-06-23T11:33:54Z,1782214434,warmup,240.0,4.7272727272727275,{}
4,A,HTTP Throughput,java_order,java,order,warehouse-java-twin:9084,warehouse-java-twin:9084,2026-06-23 17:03:54,2026-06-23T11:33:54Z,1782214434,warmup,240.0,0.19999636370247814,{}
4,A,HTTP Throughput,java_order,java,order,inventory-java:8082,inventory-java:8082,2026-06-23 17:04:09,2026-06-23T11:34:09Z,1782214449,warmup,255.0,5.072727272727272,{}
4,A,HTTP Throughput,java_order,java,order,order-java:8083,order-java:8083,2026-06-23 17:04:09,2026-06-23T11:34:09Z,1782214449,warmup,255.0,5.108998018217851,{}
4,A,HTTP Throughput,java_order,java,order,warehouse-java-twin:9084,warehouse-java-twin:9084,2026-06-23 17:04:09,2026-06-23T11:34:09Z,1782214449,warmup,255.0,0.19999999999999998,{}
4,A,HTTP Throughput,java_order,java,order,inventory-java:8082,inventory-java:8082,2026-06-23 17:04:24,2026-06-23T11:34:24Z,1782214464,warmup,270.0,5.363636363636363,{}
4,A,HTTP Throughput,java_order,java,order,order-java:8083,order-java:8083,2026-06-23 17:04:24,2026-06-23T11:34:24Z,1782214464,warmup,270.0,5.4363636363636365,{}
4,A,HTTP Throughput,java_order,java,order,warehouse-java-twin:9084,warehouse-java-twin:9084,2026-06-23 17:04:24,2026-06-23T11:34:24Z,1782214464,warmup,270.0,0.20000363642975327,{}
4,A,HTTP Throughput,java_order,java,order,inventory-java:8082,inventory-java:8082,2026-06-23 17:04:39,2026-06-23T11:34:39Z,1782214479,warmup,285.0,5.7272727272727275,{}
4,A,HTTP Throughput,java_order,java,order,order-java:8083,order-java:8083,2026-06-23 17:04:39,2026-06-23T11:34:39Z,1782214479,warmup,285.0,5.763636363636364,{}
4,A,HTTP Throughput,java_order,java,order,warehouse-java-twin:9084,warehouse-java-twin:9084,2026-06-23 17:04:39,2026-06-23T11:34:39Z,1782214479,warmup,285.0,0.19999636370247814,{}
4,A,HTTP Throughput,java_order,java,order,inventory-java:8082,inventory-java:8082,2026-06-23 17:04:54,2026-06-23T11:34:54Z,1782214494,ramp_1,300.0,6.072727272727272,{}
4,A,HTTP Throughput,java_order,java,order,order-java:8083,order-java:8083,2026-06-23 17:04:54,2026-06-23T11:34:54Z,1782214494,ramp_1,300.0,6.072727272727272,{}
4,A,HTTP Throughput,java_order,java,order,warehouse-java-twin:9084,warehouse-java-twin:9084,2026-06-23 17:04:54,2026-06-23T11:34:54Z,1782214494,ramp_1,300.0,0.19999999999999998,{}
4,A,HTTP Throughput,java_order,java,order,inventory-java:8082,inventory-java:8082,2026-06-23 17:05:09,2026-06-23T11:35:09Z,1782214509,ramp_1,315.0,6.509090909090909,{}
4,A,HTTP Throughput,java_order,java,order,order-java:8083,order-java:8083,2026-06-23 17:05:09,2026-06-23T11:35:09Z,1782214509,ramp_1,315.0,6.581818181818182,{}
4,A,HTTP Throughput,java_order,java,order,warehouse-java-twin:9084,warehouse-java-twin:9084,2026-06-23 17:05:09,2026-06-23T11:35:09Z,1782214509,ramp_1,315.0,0.19999999999999998,{}
4,A,HTTP Throughput,java_order,java,order,inventory-java:8082,inventory-java:8082,2026-06-23 17:05:24,2026-06-23T11:35:24Z,1782214524,ramp_1,330.0,6.909090909090909,{}
4,A,HTTP Throughput,java_order,java,order,order-java:8083,order-java:8083,2026-06-23 17:05:24,2026-06-23T11:35:24Z,1782214524,ramp_1,330.0,7.036363636363636,{}
4,A,HTTP Throughput,java_order,java,order,warehouse-java-twin:9084,warehouse-java-twin:9084,2026-06-23 17:05:24,2026-06-23T11:35:24Z,1782214524,ramp_1,330.0,0.19999636370247814,{}
4,A,HTTP Throughput,java_order,java,order,inventory-java:8082,inventory-java:8082,2026-06-23 17:05:39,2026-06-23T11:35:39Z,1782214539,ramp_1,345.0,7.8907656224432285,{}
4,A,HTTP Throughput,java_order,java,order,order-java:8083,order-java:8083,2026-06-23 17:05:39,2026-06-23T11:35:39Z,1782214539,ramp_1,345.0,8.036363636363635,{}
4,A,HTTP Throughput,java_order,java,order,warehouse-java-twin:9084,warehouse-java-twin:9084,2026-06-23 17:05:39,2026-06-23T11:35:39Z,1782214539,ramp_1,345.0,0.19999999999999998,{}
4,A,HTTP Throughput,java_order,java,order,inventory-java:8082,inventory-java:8082,2026-06-23 17:05:54,2026-06-23T11:35:54Z,1782214554,ramp_1,360.0,9.109090909090908,{}
4,A,HTTP Throughput,java_order,java,order,order-java:8083,order-java:8083,2026-06-23 17:05:54,2026-06-23T11:35:54Z,1782214554,ramp_1,360.0,9.436363636363636,{}
4,A,HTTP Throughput,java_order,java,order,warehouse-java-twin:9084,warehouse-java-twin:9084,2026-06-23 17:05:54,2026-06-23T11:35:54Z,1782214554,ramp_1,360.0,0.19999999999999998,{}
4,A,HTTP Throughput,java_order,java,order,inventory-java:8082,inventory-java:8082,2026-06-23 17:06:09,2026-06-23T11:36:09Z,1782214569,ramp_1,375.0,10.617988763840657,{}
4,A,HTTP Throughput,java_order,java,order,order-java:8083,order-java:8083,2026-06-23 17:06:09,2026-06-23T11:36:09Z,1782214569,ramp_1,375.0,10.945454545454544,{}
4,A,HTTP Throughput,java_order,java,order,warehouse-java-twin:9084,warehouse-java-twin:9084,2026-06-23 17:06:09,2026-06-23T11:36:09Z,1782214569,ramp_1,375.0,0.20000363642975327,{}
4,A,HTTP Throughput,java_order,java,order,inventory-java:8082,inventory-java:8082,2026-06-23 17:06:24,2026-06-23T11:36:24Z,1782214584,ramp_1,390.0,12.236363636363635,{}
4,A,HTTP Throughput,java_order,java,order,order-java:8083,order-java:8083,2026-06-23 17:06:24,2026-06-23T11:36:24Z,1782214584,ramp_1,390.0,12.527272727272726,{}
4,A,HTTP Throughput,java_order,java,order,warehouse-java-twin:9084,warehouse-java-twin:9084,2026-06-23 17:06:24,2026-06-23T11:36:24Z,1782214584,ramp_1,390.0,0.19999999999999998,{}
4,A,HTTP Throughput,java_order,java,order,inventory-java:8082,inventory-java:8082,2026-06-23 17:06:39,2026-06-23T11:36:39Z,1782214599,ramp_1,405.0,13.672478682205778,{}
4,A,HTTP Throughput,java_order,java,order,order-java:8083,order-java:8083,2026-06-23 17:06:39,2026-06-23T11:36:39Z,1782214599,ramp_1,405.0,13.909090909090908,{}
4,A,HTTP Throughput,java_order,java,order,warehouse-java-twin:9084,warehouse-java-twin:9084,2026-06-23 17:06:39,2026-06-23T11:36:39Z,1782214599,ramp_1,405.0,0.19999999999999998,{}
4,A,HTTP Throughput,java_order,java,order,inventory-java:8082,inventory-java:8082,2026-06-23 17:06:54,2026-06-23T11:36:54Z,1782214614,ramp_1,420.0,15.091183476063204,{}
4,A,HTTP Throughput,java_order,java,order,order-java:8083,order-java:8083,2026-06-23 17:06:54,2026-06-23T11:36:54Z,1782214614,ramp_1,420.0,15.236363636363635,{}
4,A,HTTP Throughput,java_order,java,order,warehouse-java-twin:9084,warehouse-java-twin:9084,2026-06-23 17:06:54,2026-06-23T11:36:54Z,1782214614,ramp_1,420.0,0.19999999999999998,{}
4,A,HTTP Throughput,java_order,java,order,inventory-java:8082,inventory-java:8082,2026-06-23 17:07:09,2026-06-23T11:37:09Z,1782214629,ramp_1,435.0,16.363933889707084,{}
4,A,HTTP Throughput,java_order,java,order,order-java:8083,order-java:8083,2026-06-23 17:07:09,2026-06-23T11:37:09Z,1782214629,ramp_1,435.0,16.472427774040472,{}
4,A,HTTP Throughput,java_order,java,order,warehouse-java-twin:9084,warehouse-java-twin:9084,2026-06-23 17:07:09,2026-06-23T11:37:09Z,1782214629,ramp_1,435.0,0.20000363642975327,{}
4,A,HTTP Throughput,java_order,java,order,inventory-java:8082,inventory-java:8082,2026-06-23 17:07:24,2026-06-23T11:37:24Z,1782214644,ramp_1,450.0,17.727595047182678,{}
4,A,HTTP Throughput,java_order,java,order,order-java:8083,order-java:8083,2026-06-23 17:07:24,2026-06-23T11:37:24Z,1782214644,ramp_1,450.0,17.909090909090907,{}
4,A,HTTP Throughput,java_order,java,order,warehouse-java-twin:9084,warehouse-java-twin:9084,2026-06-23 17:07:24,2026-06-23T11:37:24Z,1782214644,ramp_1,450.0,0.20000363642975327,{}
4,A,HTTP Throughput,java_order,java,order,inventory-java:8082,inventory-java:8082,2026-06-23 17:07:39,2026-06-23T11:37:39Z,1782214659,ramp_1,465.0,19.109090909090906,{}
4,A,HTTP Throughput,java_order,java,order,order-java:8083,order-java:8083,2026-06-23 17:07:39,2026-06-23T11:37:39Z,1782214659,ramp_1,465.0,19.382170584919727,{}
4,A,HTTP Throughput,java_order,java,order,warehouse-java-twin:9084,warehouse-java-twin:9084,2026-06-23 17:07:39,2026-06-23T11:37:39Z,1782214659,ramp_1,465.0,0.19999636370247814,{}
4,A,HTTP Throughput,java_order,java,order,inventory-java:8082,inventory-java:8082,2026-06-23 17:07:54,2026-06-23T11:37:54Z,1782214674,ramp_1,480.0,20.454545454545453,{}
4,A,HTTP Throughput,java_order,java,order,order-java:8083,order-java:8083,2026-06-23 17:07:54,2026-06-23T11:37:54Z,1782214674,ramp_1,480.0,20.61855670103093,{}
4,A,HTTP Throughput,java_order,java,order,warehouse-java-twin:9084,warehouse-java-twin:9084,2026-06-23 17:07:54,2026-06-23T11:37:54Z,1782214674,ramp_1,480.0,0.20000363642975327,{}
4,A,HTTP Throughput,java_order,java,order,inventory-java:8082,inventory-java:8082,2026-06-23 17:08:09,2026-06-23T11:38:09Z,1782214689,ramp_1,495.0,22.14585719740359,{}
4,A,HTTP Throughput,java_order,java,order,order-java:8083,order-java:8083,2026-06-23 17:08:09,2026-06-23T11:38:09Z,1782214689,ramp_1,495.0,22.38181818181818,{}
4,A,HTTP Throughput,java_order,java,order,warehouse-java-twin:9084,warehouse-java-twin:9084,2026-06-23 17:08:09,2026-06-23T11:38:09Z,1782214689,ramp_1,495.0,0.19999999999999998,{}
4,A,HTTP Throughput,java_order,java,order,inventory-java:8082,inventory-java:8082,2026-06-23 17:08:24,2026-06-23T11:38:24Z,1782214704,ramp_1,510.0,23.563636363636363,{}
4,A,HTTP Throughput,java_order,java,order,order-java:8083,order-java:8083,2026-06-23 17:08:24,2026-06-23T11:38:24Z,1782214704,ramp_1,510.0,23.763204305376266,{}
4,A,HTTP Throughput,java_order,java,order,warehouse-java-twin:9084,warehouse-java-twin:9084,2026-06-23 17:08:24,2026-06-23T11:38:24Z,1782214704,ramp_1,510.0,0.20000363642975327,{}
4,A,HTTP Throughput,java_order,java,order,inventory-java:8082,inventory-java:8082,2026-06-23 17:08:39,2026-06-23T11:38:39Z,1782214719,ramp_1,525.0,24.999999999999996,{}
4,A,HTTP Throughput,java_order,java,order,order-java:8083,order-java:8083,2026-06-23 17:08:39,2026-06-23T11:38:39Z,1782214719,ramp_1,525.0,25.30909090909091,{}
4,A,HTTP Throughput,java_order,java,order,warehouse-java-twin:9084,warehouse-java-twin:9084,2026-06-23 17:08:39,2026-06-23T11:38:39Z,1782214719,ramp_1,525.0,0.19999999999999998,{}
4,A,HTTP Throughput,java_order,java,order,inventory-java:8082,inventory-java:8082,2026-06-23 17:08:54,2026-06-23T11:38:54Z,1782214734,ramp_1,540.0,26.61769786003891,{}
4,A,HTTP Throughput,java_order,java,order,order-java:8083,order-java:8083,2026-06-23 17:08:54,2026-06-23T11:38:54Z,1782214734,ramp_1,540.0,26.836363636363636,{}
4,A,HTTP Throughput,java_order,java,order,warehouse-java-twin:9084,warehouse-java-twin:9084,2026-06-23 17:08:54,2026-06-23T11:38:54Z,1782214734,ramp_1,540.0,0.19999636370247814,{}
4,A,HTTP Throughput,java_order,java,order,inventory-java:8082,inventory-java:8082,2026-06-23 17:09:09,2026-06-23T11:39:09Z,1782214749,ramp_1,555.0,28.127272727272725,{}
4,A,HTTP Throughput,java_order,java,order,order-java:8083,order-java:8083,2026-06-23 17:09:09,2026-06-23T11:39:09Z,1782214749,ramp_1,555.0,28.30960562919326,{}
4,A,HTTP Throughput,java_order,java,order,warehouse-java-twin:9084,warehouse-java-twin:9084,2026-06-23 17:09:09,2026-06-23T11:39:09Z,1782214749,ramp_1,555.0,0.19999999999999998,{}
4,A,HTTP Throughput,java_order,java,order,inventory-java:8082,inventory-java:8082,2026-06-23 17:09:24,2026-06-23T11:39:24Z,1782214764,ramp_1,570.0,29.563636363636363,{}
4,A,HTTP Throughput,java_order,java,order,order-java:8083,order-java:8083,2026-06-23 17:09:24,2026-06-23T11:39:24Z,1782214764,ramp_1,570.0,29.854545454545452,{}
4,A,HTTP Throughput,java_order,java,order,warehouse-java-twin:9084,warehouse-java-twin:9084,2026-06-23 17:09:24,2026-06-23T11:39:24Z,1782214764,ramp_1,570.0,0.19999999999999998,{}
4,A,HTTP Throughput,java_order,java,order,inventory-java:8082,inventory-java:8082,2026-06-23 17:09:39,2026-06-23T11:39:39Z,1782214779,ramp_1,585.0,31.109090909090906,{}
4,A,HTTP Throughput,java_order,java,order,order-java:8083,order-java:8083,2026-06-23 17:09:39,2026-06-23T11:39:39Z,1782214779,ramp_1,585.0,31.327272727272724,{}
4,A,HTTP Throughput,java_order,java,order,warehouse-java-twin:9084,warehouse-java-twin:9084,2026-06-23 17:09:39,2026-06-23T11:39:39Z,1782214779,ramp_1,585.0,0.19999999999999998,{}
4,A,HTTP Throughput,java_order,java,order,inventory-java:8082,inventory-java:8082,2026-06-23 17:09:54,2026-06-23T11:39:54Z,1782214794,ramp_2,600.0,32.4,{}
4,A,HTTP Throughput,java_order,java,order,order-java:8083,order-java:8083,2026-06-23 17:09:54,2026-06-23T11:39:54Z,1782214794,ramp_2,600.0,32.41818181818182,{}
4,A,HTTP Throughput,java_order,java,order,warehouse-java-twin:9084,warehouse-java-twin:9084,2026-06-23 17:09:54,2026-06-23T11:39:54Z,1782214794,ramp_2,600.0,0.19999999999999998,{}
4,A,HTTP Throughput,java_order,java,order,inventory-java:8082,inventory-java:8082,2026-06-23 17:10:09,2026-06-23T11:40:09Z,1782214809,ramp_2,615.0,33.65393356484427,{}
4,A,HTTP Throughput,java_order,java,order,order-java:8083,order-java:8083,2026-06-23 17:10:09,2026-06-23T11:40:09Z,1782214809,ramp_2,615.0,33.85516100292733,{}
4,A,HTTP Throughput,java_order,java,order,warehouse-java-twin:9084,warehouse-java-twin:9084,2026-06-23 17:10:09,2026-06-23T11:40:09Z,1782214809,ramp_2,615.0,0.19999999999999998,{}
4,A,HTTP Throughput,java_order,java,order,inventory-java:8082,inventory-java:8082,2026-06-23 17:10:24,2026-06-23T11:40:24Z,1782214824,ramp_2,630.0,34.855179185076096,{}
4,A,HTTP Throughput,java_order,java,order,order-java:8083,order-java:8083,2026-06-23 17:10:24,2026-06-23T11:40:24Z,1782214824,ramp_2,630.0,33.74484100289085,{}
4,A,HTTP Throughput,java_order,java,order,warehouse-java-twin:9084,warehouse-java-twin:9084,2026-06-23 17:10:24,2026-06-23T11:40:24Z,1782214824,ramp_2,630.0,0.19999999999999998,{}
4,A,HTTP Throughput,java_order,java,order,inventory-java:8082,inventory-java:8082,2026-06-23 17:10:39,2026-06-23T11:40:39Z,1782214839,ramp_2,645.0,34.45454545454545,{}
4,A,HTTP Throughput,java_order,java,order,order-java:8083,order-java:8083,2026-06-23 17:10:39,2026-06-23T11:40:39Z,1782214839,ramp_2,645.0,34.63636363636364,{}
4,A,HTTP Throughput,java_order,java,order,warehouse-java-twin:9084,warehouse-java-twin:9084,2026-06-23 17:10:39,2026-06-23T11:40:39Z,1782214839,ramp_2,645.0,0.19999999999999998,{}
4,A,HTTP Throughput,java_order,java,order,inventory-java:8082,inventory-java:8082,2026-06-23 17:10:54,2026-06-23T11:40:54Z,1782214854,ramp_2,660.0,36.29090909090909,{}
4,A,HTTP Throughput,java_order,java,order,order-java:8083,order-java:8083,2026-06-23 17:10:54,2026-06-23T11:40:54Z,1782214854,ramp_2,660.0,36.58248331787851,{}
4,A,HTTP Throughput,java_order,java,order,warehouse-java-twin:9084,warehouse-java-twin:9084,2026-06-23 17:10:54,2026-06-23T11:40:54Z,1782214854,ramp_2,660.0,0.20000363642975327,{}
4,A,HTTP Throughput,java_order,java,order,inventory-java:8082,inventory-java:8082,2026-06-23 17:11:09,2026-06-23T11:41:09Z,1782214869,ramp_2,675.0,37.654545454545456,{}
4,A,HTTP Throughput,java_order,java,order,order-java:8083,order-java:8083,2026-06-23 17:11:09,2026-06-23T11:41:09Z,1782214869,ramp_2,675.0,37.92727272727273,{}
4,A,HTTP Throughput,java_order,java,order,warehouse-java-twin:9084,warehouse-java-twin:9084,2026-06-23 17:11:09,2026-06-23T11:41:09Z,1782214869,ramp_2,675.0,0.19999999999999998,{}
4,A,HTTP Throughput,java_order,java,order,inventory-java:8082,inventory-java:8082,2026-06-23 17:11:24,2026-06-23T11:41:24Z,1782214884,ramp_2,690.0,40.962891583789386,{}
4,A,HTTP Throughput,java_order,java,order,order-java:8083,order-java:8083,2026-06-23 17:11:24,2026-06-23T11:41:24Z,1782214884,ramp_2,690.0,41.437117038491614,{}
4,A,HTTP Throughput,java_order,java,order,warehouse-java-twin:9084,warehouse-java-twin:9084,2026-06-23 17:11:24,2026-06-23T11:41:24Z,1782214884,ramp_2,690.0,0.19999999999999998,{}
4,A,HTTP Throughput,java_order,java,order,inventory-java:8082,inventory-java:8082,2026-06-23 17:11:39,2026-06-23T11:41:39Z,1782214899,ramp_2,705.0,42.890129270376896,{}
4,A,HTTP Throughput,java_order,java,order,order-java:8083,order-java:8083,2026-06-23 17:11:39,2026-06-23T11:41:39Z,1782214899,ramp_2,705.0,42.96285522081416,{}
4,A,HTTP Throughput,java_order,java,order,warehouse-java-twin:9084,warehouse-java-twin:9084,2026-06-23 17:11:39,2026-06-23T11:41:39Z,1782214899,ramp_2,705.0,0.19999999999999998,{}
4,A,HTTP Throughput,java_order,java,order,inventory-java:8082,inventory-java:8082,2026-06-23 17:11:54,2026-06-23T11:41:54Z,1782214914,ramp_2,720.0,44.2355593534663,{}
4,A,HTTP Throughput,java_order,java,order,order-java:8083,order-java:8083,2026-06-23 17:11:54,2026-06-23T11:41:54Z,1782214914,ramp_2,720.0,44.43636363636364,{}
4,A,HTTP Throughput,java_order,java,order,warehouse-java-twin:9084,warehouse-java-twin:9084,2026-06-23 17:11:54,2026-06-23T11:41:54Z,1782214914,ramp_2,720.0,0.19999999999999998,{}
4,A,HTTP Throughput,java_order,java,order,inventory-java:8082,inventory-java:8082,2026-06-23 17:12:09,2026-06-23T11:42:09Z,1782214929,ramp_2,735.0,43.96363636363636,{}
4,A,HTTP Throughput,java_order,java,order,order-java:8083,order-java:8083,2026-06-23 17:12:09,2026-06-23T11:42:09Z,1782214929,ramp_2,735.0,44.2,{}
4,A,HTTP Throughput,java_order,java,order,warehouse-java-twin:9084,warehouse-java-twin:9084,2026-06-23 17:12:09,2026-06-23T11:42:09Z,1782214929,ramp_2,735.0,0.19999636370247814,{}
4,A,HTTP Throughput,java_order,java,order,inventory-java:8082,inventory-java:8082,2026-06-23 17:12:24,2026-06-23T11:42:24Z,1782214944,ramp_2,750.0,42.63636363636364,{}
4,A,HTTP Throughput,java_order,java,order,order-java:8083,order-java:8083,2026-06-23 17:12:24,2026-06-23T11:42:24Z,1782214944,ramp_2,750.0,42.800000000000004,{}
4,A,HTTP Throughput,java_order,java,order,warehouse-java-twin:9084,warehouse-java-twin:9084,2026-06-23 17:12:24,2026-06-23T11:42:24Z,1782214944,ramp_2,750.0,0.19999999999999998,{}
4,A,HTTP Throughput,java_order,java,order,inventory-java:8082,inventory-java:8082,2026-06-23 17:12:39,2026-06-23T11:42:39Z,1782214959,ramp_2,765.0,41.21893125329552,{}
4,A,HTTP Throughput,java_order,java,order,order-java:8083,order-java:8083,2026-06-23 17:12:39,2026-06-23T11:42:39Z,1782214959,ramp_2,765.0,41.328024145893565,{}
4,A,HTTP Throughput,java_order,java,order,warehouse-java-twin:9084,warehouse-java-twin:9084,2026-06-23 17:12:39,2026-06-23T11:42:39Z,1782214959,ramp_2,765.0,0.19999999999999998,{}
4,A,HTTP Throughput,java_order,java,order,inventory-java:8082,inventory-java:8082,2026-06-23 17:12:54,2026-06-23T11:42:54Z,1782214974,ramp_2,780.0,39.654545454545456,{}
4,A,HTTP Throughput,java_order,java,order,order-java:8083,order-java:8083,2026-06-23 17:12:54,2026-06-23T11:42:54Z,1782214974,ramp_2,780.0,41.52727272727273,{}
4,A,HTTP Throughput,java_order,java,order,warehouse-java-twin:9084,warehouse-java-twin:9084,2026-06-23 17:12:54,2026-06-23T11:42:54Z,1782214974,ramp_2,780.0,0.19999999999999998,{}
4,A,HTTP Throughput,java_order,java,order,inventory-java:8082,inventory-java:8082,2026-06-23 17:13:09,2026-06-23T11:43:09Z,1782214989,ramp_2,795.0,39.45454545454545,{}
4,A,HTTP Throughput,java_order,java,order,order-java:8083,order-java:8083,2026-06-23 17:13:09,2026-06-23T11:43:09Z,1782214989,ramp_2,795.0,42.235595716441516,{}
4,A,HTTP Throughput,java_order,java,order,warehouse-java-twin:9084,warehouse-java-twin:9084,2026-06-23 17:13:09,2026-06-23T11:43:09Z,1782214989,ramp_2,795.0,0.19999999999999998,{}
4,A,HTTP Throughput,java_order,java,order,inventory-java:8082,inventory-java:8082,2026-06-23 17:13:24,2026-06-23T11:43:24Z,1782215004,ramp_2,810.0,40.14545454545455,{}
4,A,HTTP Throughput,java_order,java,order,order-java:8083,order-java:8083,2026-06-23 17:13:24,2026-06-23T11:43:24Z,1782215004,ramp_2,810.0,42.70909090909091,{}
4,A,HTTP Throughput,java_order,java,order,warehouse-java-twin:9084,warehouse-java-twin:9084,2026-06-23 17:13:24,2026-06-23T11:43:24Z,1782215004,ramp_2,810.0,0.19999999999999998,{}
4,A,HTTP Throughput,java_order,java,order,inventory-java:8082,inventory-java:8082,2026-06-23 17:13:39,2026-06-23T11:43:39Z,1782215019,ramp_2,825.0,40.472727272727276,{}
4,A,HTTP Throughput,java_order,java,order,order-java:8083,order-java:8083,2026-06-23 17:13:39,2026-06-23T11:43:39Z,1782215019,ramp_2,825.0,42.54545454545455,{}
4,A,HTTP Throughput,java_order,java,order,warehouse-java-twin:9084,warehouse-java-twin:9084,2026-06-23 17:13:39,2026-06-23T11:43:39Z,1782215019,ramp_2,825.0,0.20000363642975327,{}
4,A,HTTP Throughput,java_order,java,order,inventory-java:8082,inventory-java:8082,2026-06-23 17:13:54,2026-06-23T11:43:54Z,1782215034,ramp_2,840.0,39.69018745113725,{}
4,A,HTTP Throughput,java_order,java,order,order-java:8083,order-java:8083,2026-06-23 17:13:54,2026-06-23T11:43:54Z,1782215034,ramp_2,840.0,42.127272727272725,{}
4,A,HTTP Throughput,java_order,java,order,warehouse-java-twin:9084,warehouse-java-twin:9084,2026-06-23 17:13:54,2026-06-23T11:43:54Z,1782215034,ramp_2,840.0,0.20000363642975327,{}
4,A,HTTP Throughput,java_order,java,order,inventory-java:8082,inventory-java:8082,2026-06-23 17:14:09,2026-06-23T11:44:09Z,1782215049,ramp_2,855.0,40.43709885634285,{}
4,A,HTTP Throughput,java_order,java,order,order-java:8083,order-java:8083,2026-06-23 17:14:09,2026-06-23T11:44:09Z,1782215049,ramp_2,855.0,42.236363636363635,{}
4,A,HTTP Throughput,java_order,java,order,warehouse-java-twin:9084,warehouse-java-twin:9084,2026-06-23 17:14:09,2026-06-23T11:44:09Z,1782215049,ramp_2,855.0,0.20000363642975327,{}
4,A,HTTP Throughput,java_order,java,order,inventory-java:8082,inventory-java:8082,2026-06-23 17:14:24,2026-06-23T11:44:24Z,1782215064,ramp_2,870.0,39.90909090909091,{}
4,A,HTTP Throughput,java_order,java,order,order-java:8083,order-java:8083,2026-06-23 17:14:24,2026-06-23T11:44:24Z,1782215064,ramp_2,870.0,41.67272727272727,{}
4,A,HTTP Throughput,java_order,java,order,warehouse-java-twin:9084,warehouse-java-twin:9084,2026-06-23 17:14:24,2026-06-23T11:44:24Z,1782215064,ramp_2,870.0,0.19999999999999998,{}
4,A,HTTP Throughput,java_order,java,order,inventory-java:8082,inventory-java:8082,2026-06-23 17:14:39,2026-06-23T11:44:39Z,1782215079,ramp_2,885.0,40.78181818181818,{}
4,A,HTTP Throughput,java_order,java,order,order-java:8083,order-java:8083,2026-06-23 17:14:39,2026-06-23T11:44:39Z,1782215079,ramp_2,885.0,42.70909090909091,{}
4,A,HTTP Throughput,java_order,java,order,warehouse-java-twin:9084,warehouse-java-twin:9084,2026-06-23 17:14:39,2026-06-23T11:44:39Z,1782215079,ramp_2,885.0,0.19999999999999998,{}
4,A,HTTP Throughput,java_order,java,order,inventory-java:8082,inventory-java:8082,2026-06-23 17:14:54,2026-06-23T11:44:54Z,1782215094,ramp_3,900.0,38.41818181818182,{}
4,A,HTTP Throughput,java_order,java,order,order-java:8083,order-java:8083,2026-06-23 17:14:54,2026-06-23T11:44:54Z,1782215094,ramp_3,900.0,41.326521335975706,{}
4,A,HTTP Throughput,java_order,java,order,warehouse-java-twin:9084,warehouse-java-twin:9084,2026-06-23 17:14:54,2026-06-23T11:44:54Z,1782215094,ramp_3,900.0,0.19999999999999998,{}
4,A,HTTP Throughput,java_order,java,order,inventory-java:8082,inventory-java:8082,2026-06-23 17:15:09,2026-06-23T11:45:09Z,1782215109,ramp_3,915.0,37.25522282223314,{}
4,A,HTTP Throughput,java_order,java,order,order-java:8083,order-java:8083,2026-06-23 17:15:09,2026-06-23T11:45:09Z,1782215109,ramp_3,915.0,39.78181818181818,{}
4,A,HTTP Throughput,java_order,java,order,warehouse-java-twin:9084,warehouse-java-twin:9084,2026-06-23 17:15:09,2026-06-23T11:45:09Z,1782215109,ramp_3,915.0,0.19999999999999998,{}
4,A,HTTP Throughput,java_order,java,order,inventory-java:8082,inventory-java:8082,2026-06-23 17:15:24,2026-06-23T11:45:24Z,1782215124,ramp_3,930.0,38.36363636363637,{}
4,A,HTTP Throughput,java_order,java,order,order-java:8083,order-java:8083,2026-06-23 17:15:24,2026-06-23T11:45:24Z,1782215124,ramp_3,930.0,41.30909090909091,{}
4,A,HTTP Throughput,java_order,java,order,warehouse-java-twin:9084,warehouse-java-twin:9084,2026-06-23 17:15:24,2026-06-23T11:45:24Z,1782215124,ramp_3,930.0,0.19999999999999998,{}
4,A,HTTP Throughput,java_order,java,order,inventory-java:8082,inventory-java:8082,2026-06-23 17:15:39,2026-06-23T11:45:39Z,1782215139,ramp_3,945.0,38.235668442391955,{}
4,A,HTTP Throughput,java_order,java,order,order-java:8083,order-java:8083,2026-06-23 17:15:39,2026-06-23T11:45:39Z,1782215139,ramp_3,945.0,41.27272727272727,{}
4,A,HTTP Throughput,java_order,java,order,warehouse-java-twin:9084,warehouse-java-twin:9084,2026-06-23 17:15:39,2026-06-23T11:45:39Z,1782215139,ramp_3,945.0,0.19999636370247814,{}
4,A,HTTP Throughput,java_order,java,order,inventory-java:8082,inventory-java:8082,2026-06-23 17:15:54,2026-06-23T11:45:54Z,1782215154,ramp_3,960.0,39.18181818181818,{}
4,A,HTTP Throughput,java_order,java,order,order-java:8083,order-java:8083,2026-06-23 17:15:54,2026-06-23T11:45:54Z,1782215154,ramp_3,960.0,41.65530282368771,{}
4,A,HTTP Throughput,java_order,java,order,warehouse-java-twin:9084,warehouse-java-twin:9084,2026-06-23 17:15:54,2026-06-23T11:45:54Z,1782215154,ramp_3,960.0,0.19999999999999998,{}
4,A,HTTP Throughput,java_order,java,order,inventory-java:8082,inventory-java:8082,2026-06-23 17:16:09,2026-06-23T11:46:09Z,1782215169,ramp_3,975.0,39.217468773295025,{}
4,A,HTTP Throughput,java_order,java,order,order-java:8083,order-java:8083,2026-06-23 17:16:09,2026-06-23T11:46:09Z,1782215169,ramp_3,975.0,42.78259604720086,{}
4,A,HTTP Throughput,java_order,java,order,warehouse-java-twin:9084,warehouse-java-twin:9084,2026-06-23 17:16:09,2026-06-23T11:46:09Z,1782215169,ramp_3,975.0,0.19999999999999998,{}
4,A,HTTP Throughput,java_order,java,order,inventory-java:8082,inventory-java:8082,2026-06-23 17:16:24,2026-06-23T11:46:24Z,1782215184,ramp_3,990.0,38.41818181818182,{}
4,A,HTTP Throughput,java_order,java,order,order-java:8083,order-java:8083,2026-06-23 17:16:24,2026-06-23T11:46:24Z,1782215184,ramp_3,990.0,42.09090909090909,{}
4,A,HTTP Throughput,java_order,java,order,warehouse-java-twin:9084,warehouse-java-twin:9084,2026-06-23 17:16:24,2026-06-23T11:46:24Z,1782215184,ramp_3,990.0,0.20000363642975327,{}
4,A,HTTP Throughput,java_order,java,order,inventory-java:8082,inventory-java:8082,2026-06-23 17:16:39,2026-06-23T11:46:39Z,1782215199,ramp_3,1005.0,37.38181818181818,{}
4,A,HTTP Throughput,java_order,java,order,order-java:8083,order-java:8083,2026-06-23 17:16:39,2026-06-23T11:46:39Z,1782215199,ramp_3,1005.0,40.47272727272727,{}
4,A,HTTP Throughput,java_order,java,order,warehouse-java-twin:9084,warehouse-java-twin:9084,2026-06-23 17:16:39,2026-06-23T11:46:39Z,1782215199,ramp_3,1005.0,0.20000363642975327,{}
4,A,HTTP Throughput,java_order,java,order,inventory-java:8082,inventory-java:8082,2026-06-23 17:16:54,2026-06-23T11:46:54Z,1782215214,ramp_3,1020.0,36.29156893761705,{}
4,A,HTTP Throughput,java_order,java,order,order-java:8083,order-java:8083,2026-06-23 17:16:54,2026-06-23T11:46:54Z,1782215214,ramp_3,1020.0,40.0,{}
4,A,HTTP Throughput,java_order,java,order,warehouse-java-twin:9084,warehouse-java-twin:9084,2026-06-23 17:16:54,2026-06-23T11:46:54Z,1782215214,ramp_3,1020.0,0.19999999999999998,{}
4,A,HTTP Throughput,java_order,java,order,inventory-java:8082,inventory-java:8082,2026-06-23 17:17:09,2026-06-23T11:47:09Z,1782215229,ramp_3,1035.0,35.85454545454546,{}
4,A,HTTP Throughput,java_order,java,order,order-java:8083,order-java:8083,2026-06-23 17:17:09,2026-06-23T11:47:09Z,1782215229,ramp_3,1035.0,39.78181818181818,{}
4,A,HTTP Throughput,java_order,java,order,warehouse-java-twin:9084,warehouse-java-twin:9084,2026-06-23 17:17:09,2026-06-23T11:47:09Z,1782215229,ramp_3,1035.0,0.19999999999999998,{}
4,A,HTTP Throughput,java_order,java,order,inventory-java:8082,inventory-java:8082,2026-06-23 17:17:24,2026-06-23T11:47:24Z,1782215244,ramp_3,1050.0,36.5993345575535,{}
4,A,HTTP Throughput,java_order,java,order,order-java:8083,order-java:8083,2026-06-23 17:17:24,2026-06-23T11:47:24Z,1782215244,ramp_3,1050.0,36.945454545454545,{}
4,A,HTTP Throughput,java_order,java,order,warehouse-java-twin:9084,warehouse-java-twin:9084,2026-06-23 17:17:24,2026-06-23T11:47:24Z,1782215244,ramp_3,1050.0,0.19999999999999998,{}
4,A,HTTP Throughput,java_order,java,order,inventory-java:8082,inventory-java:8082,2026-06-23 17:17:39,2026-06-23T11:47:39Z,1782215259,ramp_3,1065.0,38.03636363636364,{}
4,A,HTTP Throughput,java_order,java,order,order-java:8083,order-java:8083,2026-06-23 17:17:39,2026-06-23T11:47:39Z,1782215259,ramp_3,1065.0,37.43636363636364,{}
4,A,HTTP Throughput,java_order,java,order,warehouse-java-twin:9084,warehouse-java-twin:9084,2026-06-23 17:17:39,2026-06-23T11:47:39Z,1782215259,ramp_3,1065.0,0.19999636370247814,{}
4,A,HTTP Throughput,java_order,java,order,inventory-java:8082,inventory-java:8082,2026-06-23 17:17:54,2026-06-23T11:47:54Z,1782215274,ramp_3,1080.0,37.78250513645703,{}
4,A,HTTP Throughput,java_order,java,order,order-java:8083,order-java:8083,2026-06-23 17:17:54,2026-06-23T11:47:54Z,1782215274,ramp_3,1080.0,38.19930546717332,{}
4,A,HTTP Throughput,java_order,java,order,warehouse-java-twin:9084,warehouse-java-twin:9084,2026-06-23 17:17:54,2026-06-23T11:47:54Z,1782215274,ramp_3,1080.0,0.20000363642975327,{}
4,A,HTTP Throughput,java_order,java,order,inventory-java:8082,inventory-java:8082,2026-06-23 17:18:09,2026-06-23T11:48:09Z,1782215289,ramp_3,1095.0,39.52727272727273,{}
4,A,HTTP Throughput,java_order,java,order,order-java:8083,order-java:8083,2026-06-23 17:18:09,2026-06-23T11:48:09Z,1782215289,ramp_3,1095.0,39.43636363636364,{}
4,A,HTTP Throughput,java_order,java,order,warehouse-java-twin:9084,warehouse-java-twin:9084,2026-06-23 17:18:09,2026-06-23T11:48:09Z,1782215289,ramp_3,1095.0,0.19999999999999998,{}
4,A,HTTP Throughput,java_order,java,order,inventory-java:8082,inventory-java:8082,2026-06-23 17:18:24,2026-06-23T11:48:24Z,1782215304,ramp_3,1110.0,43.32727272727273,{}
4,A,HTTP Throughput,java_order,java,order,order-java:8083,order-java:8083,2026-06-23 17:18:24,2026-06-23T11:48:24Z,1782215304,ramp_3,1110.0,39.163636363636364,{}
4,A,HTTP Throughput,java_order,java,order,warehouse-java-twin:9084,warehouse-java-twin:9084,2026-06-23 17:18:24,2026-06-23T11:48:24Z,1782215304,ramp_3,1110.0,0.19999999999999998,{}
4,A,HTTP Throughput,java_order,java,order,inventory-java:8082,inventory-java:8082,2026-06-23 17:18:39,2026-06-23T11:48:39Z,1782215319,ramp_3,1125.0,44.54464464282467,{}
4,A,HTTP Throughput,java_order,java,order,order-java:8083,order-java:8083,2026-06-23 17:18:39,2026-06-23T11:48:39Z,1782215319,ramp_3,1125.0,39.21818181818182,{}
4,A,HTTP Throughput,java_order,java,order,warehouse-java-twin:9084,warehouse-java-twin:9084,2026-06-23 17:18:39,2026-06-23T11:48:39Z,1782215319,ramp_3,1125.0,0.19999999999999998,{}
4,A,HTTP Throughput,java_order,java,order,inventory-java:8082,inventory-java:8082,2026-06-23 17:18:54,2026-06-23T11:48:54Z,1782215334,ramp_3,1140.0,38.36363636363637,{}
4,A,HTTP Throughput,java_order,java,order,order-java:8083,order-java:8083,2026-06-23 17:18:54,2026-06-23T11:48:54Z,1782215334,ramp_3,1140.0,33.236363636363635,{}
4,A,HTTP Throughput,java_order,java,order,warehouse-java-twin:9084,warehouse-java-twin:9084,2026-06-23 17:18:54,2026-06-23T11:48:54Z,1782215334,ramp_3,1140.0,0.19999636370247814,{}
4,A,HTTP Throughput,java_order,java,order,inventory-java:8082,inventory-java:8082,2026-06-23 17:19:09,2026-06-23T11:49:09Z,1782215349,ramp_3,1155.0,41.59924365011545,{}
4,A,HTTP Throughput,java_order,java,order,order-java:8083,order-java:8083,2026-06-23 17:19:09,2026-06-23T11:49:09Z,1782215349,ramp_3,1155.0,37.21818181818182,{}
4,A,HTTP Throughput,java_order,java,order,warehouse-java-twin:9084,warehouse-java-twin:9084,2026-06-23 17:19:09,2026-06-23T11:49:09Z,1782215349,ramp_3,1155.0,0.19999999999999998,{}
4,A,HTTP Throughput,java_order,java,order,inventory-java:8082,inventory-java:8082,2026-06-23 17:19:24,2026-06-23T11:49:24Z,1782215364,ramp_3,1170.0,42.74623174966818,{}
4,A,HTTP Throughput,java_order,java,order,order-java:8083,order-java:8083,2026-06-23 17:19:24,2026-06-23T11:49:24Z,1782215364,ramp_3,1170.0,37.0,{}
4,A,HTTP Throughput,java_order,java,order,warehouse-java-twin:9084,warehouse-java-twin:9084,2026-06-23 17:19:24,2026-06-23T11:49:24Z,1782215364,ramp_3,1170.0,0.19999999999999998,{}
4,A,HTTP Throughput,java_order,java,order,inventory-java:8082,inventory-java:8082,2026-06-23 17:19:39,2026-06-23T11:49:39Z,1782215379,ramp_3,1185.0,41.07272727272727,{}
4,A,HTTP Throughput,java_order,java,order,order-java:8083,order-java:8083,2026-06-23 17:19:39,2026-06-23T11:49:39Z,1782215379,ramp_3,1185.0,40.708350757258955,{}
4,A,HTTP Throughput,java_order,java,order,warehouse-java-twin:9084,warehouse-java-twin:9084,2026-06-23 17:19:39,2026-06-23T11:49:39Z,1782215379,ramp_3,1185.0,0.19999636370247814,{}
4,A,HTTP Throughput,java_order,java,order,inventory-java:8082,inventory-java:8082,2026-06-23 17:19:54,2026-06-23T11:49:54Z,1782215394,sustain,1200.0,44.52808232876962,{}
4,A,HTTP Throughput,java_order,java,order,order-java:8083,order-java:8083,2026-06-23 17:19:54,2026-06-23T11:49:54Z,1782215394,sustain,1200.0,38.72656860784349,{}
4,A,HTTP Throughput,java_order,java,order,warehouse-java-twin:9084,warehouse-java-twin:9084,2026-06-23 17:19:54,2026-06-23T11:49:54Z,1782215394,sustain,1200.0,0.19999999999999998,{}
4,A,HTTP Throughput,java_order,java,order,inventory-java:8082,inventory-java:8082,2026-06-23 17:20:09,2026-06-23T11:50:09Z,1782215409,sustain,1215.0,45.12645224632279,{}
4,A,HTTP Throughput,java_order,java,order,order-java:8083,order-java:8083,2026-06-23 17:20:09,2026-06-23T11:50:09Z,1782215409,sustain,1215.0,45.25372265958801,{}
4,A,HTTP Throughput,java_order,java,order,warehouse-java-twin:9084,warehouse-java-twin:9084,2026-06-23 17:20:09,2026-06-23T11:50:09Z,1782215409,sustain,1215.0,0.19999999999999998,{}
4,A,HTTP Throughput,java_order,java,order,inventory-java:8082,inventory-java:8082,2026-06-23 17:20:24,2026-06-23T11:50:24Z,1782215424,sustain,1230.0,42.85454545454545,{}
4,A,HTTP Throughput,java_order,java,order,order-java:8083,order-java:8083,2026-06-23 17:20:24,2026-06-23T11:50:24Z,1782215424,sustain,1230.0,44.780643,{}
4,A,HTTP Throughput,java_order,java,order,warehouse-java-twin:9084,warehouse-java-twin:9084,2026-06-23 17:20:24,2026-06-23T11:50:24Z,1782215424,sustain,1230.0,0.19999999999999998,{}
4,A,HTTP Throughput,java_order,java,order,inventory-java:8082,inventory-java:8082,2026-06-23 17:20:39,2026-06-23T11:50:39Z,1782215439,sustain,1245.0,40.90909090909091,{}
4,A,HTTP Throughput,java_order,java,order,order-java:8083,order-java:8083,2026-06-23 17:20:39,2026-06-23T11:50:39Z,1782215439,sustain,1245.0,42.25454545454545,{}
4,A,HTTP Throughput,java_order,java,order,warehouse-java-twin:9084,warehouse-java-twin:9084,2026-06-23 17:20:39,2026-06-23T11:50:39Z,1782215439,sustain,1245.0,0.19999999999999998,{}
4,A,HTTP Throughput,java_order,java,order,inventory-java:8082,inventory-java:8082,2026-06-23 17:20:54,2026-06-23T11:50:54Z,1782215454,sustain,1260.0,43.43636363636364,{}
4,A,HTTP Throughput,java_order,java,order,order-java:8083,order-java:8083,2026-06-23 17:20:54,2026-06-23T11:50:54Z,1782215454,sustain,1260.0,43.03636363636363,{}
4,A,HTTP Throughput,java_order,java,order,warehouse-java-twin:9084,warehouse-java-twin:9084,2026-06-23 17:20:54,2026-06-23T11:50:54Z,1782215454,sustain,1260.0,0.19999999999999998,{}
4,A,HTTP Throughput,java_order,java,order,inventory-java:8082,inventory-java:8082,2026-06-23 17:21:09,2026-06-23T11:51:09Z,1782215469,sustain,1275.0,41.41818181818182,{}
4,A,HTTP Throughput,java_order,java,order,order-java:8083,order-java:8083,2026-06-23 17:21:09,2026-06-23T11:51:09Z,1782215469,sustain,1275.0,41.89090909090908,{}
4,A,HTTP Throughput,java_order,java,order,warehouse-java-twin:9084,warehouse-java-twin:9084,2026-06-23 17:21:09,2026-06-23T11:51:09Z,1782215469,sustain,1275.0,0.19999999999999998,{}
4,A,HTTP Throughput,java_order,java,order,inventory-java:8082,inventory-java:8082,2026-06-23 17:21:24,2026-06-23T11:51:24Z,1782215484,sustain,1290.0,40.98256331933308,{}
4,A,HTTP Throughput,java_order,java,order,order-java:8083,order-java:8083,2026-06-23 17:21:24,2026-06-23T11:51:24Z,1782215484,sustain,1290.0,42.12803869161258,{}
4,A,HTTP Throughput,java_order,java,order,warehouse-java-twin:9084,warehouse-java-twin:9084,2026-06-23 17:21:24,2026-06-23T11:51:24Z,1782215484,sustain,1290.0,0.19999636370247814,{}
4,A,HTTP Throughput,java_order,java,order,inventory-java:8082,inventory-java:8082,2026-06-23 17:21:39,2026-06-23T11:51:39Z,1782215499,sustain,1305.0,44.94463737022963,{}
4,A,HTTP Throughput,java_order,java,order,order-java:8083,order-java:8083,2026-06-23 17:21:39,2026-06-23T11:51:39Z,1782215499,sustain,1305.0,44.29090909090909,{}
4,A,HTTP Throughput,java_order,java,order,warehouse-java-twin:9084,warehouse-java-twin:9084,2026-06-23 17:21:39,2026-06-23T11:51:39Z,1782215499,sustain,1305.0,0.19999999999999998,{}
4,A,HTTP Throughput,java_order,java,order,inventory-java:8082,inventory-java:8082,2026-06-23 17:21:54,2026-06-23T11:51:54Z,1782215514,sustain,1320.0,38.63636363636364,{}
4,A,HTTP Throughput,java_order,java,order,order-java:8083,order-java:8083,2026-06-23 17:21:54,2026-06-23T11:51:54Z,1782215514,sustain,1320.0,43.90909090909091,{}
4,A,HTTP Throughput,java_order,java,order,warehouse-java-twin:9084,warehouse-java-twin:9084,2026-06-23 17:21:54,2026-06-23T11:51:54Z,1782215514,sustain,1320.0,0.19999999999999998,{}
4,A,HTTP Throughput,java_order,java,order,inventory-java:8082,inventory-java:8082,2026-06-23 17:22:09,2026-06-23T11:52:09Z,1782215529,sustain,1335.0,40.472727272727276,{}
4,A,HTTP Throughput,java_order,java,order,order-java:8083,order-java:8083,2026-06-23 17:22:09,2026-06-23T11:52:09Z,1782215529,sustain,1335.0,45.45454545454545,{}
4,A,HTTP Throughput,java_order,java,order,warehouse-java-twin:9084,warehouse-java-twin:9084,2026-06-23 17:22:09,2026-06-23T11:52:09Z,1782215529,sustain,1335.0,0.19999636370247814,{}
4,A,HTTP Throughput,java_order,java,order,inventory-java:8082,inventory-java:8082,2026-06-23 17:22:24,2026-06-23T11:52:24Z,1782215544,sustain,1350.0,41.65530282368771,{}
4,A,HTTP Throughput,java_order,java,order,order-java:8083,order-java:8083,2026-06-23 17:22:24,2026-06-23T11:52:24Z,1782215544,sustain,1350.0,46.78096761877057,{}
4,A,HTTP Throughput,java_order,java,order,warehouse-java-twin:9084,warehouse-java-twin:9084,2026-06-23 17:22:24,2026-06-23T11:52:24Z,1782215544,sustain,1350.0,0.19999999999999998,{}
4,A,HTTP Throughput,java_order,java,order,inventory-java:8082,inventory-java:8082,2026-06-23 17:22:39,2026-06-23T11:52:39Z,1782215559,sustain,1365.0,39.690909090909095,{}
4,A,HTTP Throughput,java_order,java,order,order-java:8083,order-java:8083,2026-06-23 17:22:39,2026-06-23T11:52:39Z,1782215559,sustain,1365.0,43.763636363636365,{}
4,A,HTTP Throughput,java_order,java,order,warehouse-java-twin:9084,warehouse-java-twin:9084,2026-06-23 17:22:39,2026-06-23T11:52:39Z,1782215559,sustain,1365.0,0.19999999999999998,{}
4,A,HTTP Throughput,java_order,java,order,inventory-java:8082,inventory-java:8082,2026-06-23 17:22:54,2026-06-23T11:52:54Z,1782215574,sustain,1380.0,38.38112034326648,{}
4,A,HTTP Throughput,java_order,java,order,order-java:8083,order-java:8083,2026-06-23 17:22:54,2026-06-23T11:52:54Z,1782215574,sustain,1380.0,43.4,{}
4,A,HTTP Throughput,java_order,java,order,warehouse-java-twin:9084,warehouse-java-twin:9084,2026-06-23 17:22:54,2026-06-23T11:52:54Z,1782215574,sustain,1380.0,0.19999999999999998,{}
4,A,HTTP Throughput,java_order,java,order,inventory-java:8082,inventory-java:8082,2026-06-23 17:23:09,2026-06-23T11:53:09Z,1782215589,sustain,1395.0,37.81749422737768,{}
4,A,HTTP Throughput,java_order,java,order,order-java:8083,order-java:8083,2026-06-23 17:23:09,2026-06-23T11:53:09Z,1782215589,sustain,1395.0,41.63636363636364,{}
4,A,HTTP Throughput,java_order,java,order,warehouse-java-twin:9084,warehouse-java-twin:9084,2026-06-23 17:23:09,2026-06-23T11:53:09Z,1782215589,sustain,1395.0,0.19999636370247814,{}
4,A,HTTP Throughput,java_order,java,order,inventory-java:8082,inventory-java:8082,2026-06-23 17:23:24,2026-06-23T11:53:24Z,1782215604,sustain,1410.0,35.763636363636365,{}
4,A,HTTP Throughput,java_order,java,order,order-java:8083,order-java:8083,2026-06-23 17:23:24,2026-06-23T11:53:24Z,1782215604,sustain,1410.0,41.89090909090909,{}
4,A,HTTP Throughput,java_order,java,order,warehouse-java-twin:9084,warehouse-java-twin:9084,2026-06-23 17:23:24,2026-06-23T11:53:24Z,1782215604,sustain,1410.0,0.19999636370247814,{}
4,A,HTTP Throughput,java_order,java,order,inventory-java:8082,inventory-java:8082,2026-06-23 17:23:39,2026-06-23T11:53:39Z,1782215619,sustain,1425.0,36.21818181818182,{}
4,A,HTTP Throughput,java_order,java,order,order-java:8083,order-java:8083,2026-06-23 17:23:39,2026-06-23T11:53:39Z,1782215619,sustain,1425.0,36.14545454545455,{}
4,A,HTTP Throughput,java_order,java,order,warehouse-java-twin:9084,warehouse-java-twin:9084,2026-06-23 17:23:39,2026-06-23T11:53:39Z,1782215619,sustain,1425.0,0.19999999999999998,{}
4,A,HTTP Throughput,java_order,java,order,inventory-java:8082,inventory-java:8082,2026-06-23 17:23:54,2026-06-23T11:53:54Z,1782215634,sustain,1440.0,35.07272727272727,{}
4,A,HTTP Throughput,java_order,java,order,order-java:8083,order-java:8083,2026-06-23 17:23:54,2026-06-23T11:53:54Z,1782215634,sustain,1440.0,34.981818181818184,{}
4,A,HTTP Throughput,java_order,java,order,warehouse-java-twin:9084,warehouse-java-twin:9084,2026-06-23 17:23:54,2026-06-23T11:53:54Z,1782215634,sustain,1440.0,0.19999999999999998,{}
4,A,HTTP Throughput,java_order,java,order,inventory-java:8082,inventory-java:8082,2026-06-23 17:24:09,2026-06-23T11:54:09Z,1782215649,sustain,1455.0,38.163636363636364,{}
4,A,HTTP Throughput,java_order,java,order,order-java:8083,order-java:8083,2026-06-23 17:24:09,2026-06-23T11:54:09Z,1782215649,sustain,1455.0,38.30909090909091,{}
4,A,HTTP Throughput,java_order,java,order,warehouse-java-twin:9084,warehouse-java-twin:9084,2026-06-23 17:24:09,2026-06-23T11:54:09Z,1782215649,sustain,1455.0,0.19999999999999998,{}
4,A,HTTP Throughput,java_order,java,order,inventory-java:8082,inventory-java:8082,2026-06-23 17:24:24,2026-06-23T11:54:24Z,1782215664,sustain,1470.0,35.837015218458525,{}
4,A,HTTP Throughput,java_order,java,order,order-java:8083,order-java:8083,2026-06-23 17:24:24,2026-06-23T11:54:24Z,1782215664,sustain,1470.0,36.125959056034326,{}
4,A,HTTP Throughput,java_order,java,order,warehouse-java-twin:9084,warehouse-java-twin:9084,2026-06-23 17:24:24,2026-06-23T11:54:24Z,1782215664,sustain,1470.0,0.19999999999999998,{}
4,A,HTTP Throughput,java_order,java,order,inventory-java:8082,inventory-java:8082,2026-06-23 17:24:39,2026-06-23T11:54:39Z,1782215679,sustain,1485.0,43.472727272727276,{}
4,A,HTTP Throughput,java_order,java,order,order-java:8083,order-java:8083,2026-06-23 17:24:39,2026-06-23T11:54:39Z,1782215679,sustain,1485.0,39.163636363636364,{}
4,A,HTTP Throughput,java_order,java,order,warehouse-java-twin:9084,warehouse-java-twin:9084,2026-06-23 17:24:39,2026-06-23T11:54:39Z,1782215679,sustain,1485.0,0.19999636370247814,{}
4,A,HTTP Throughput,java_order,java,order,inventory-java:8082,inventory-java:8082,2026-06-23 17:24:54,2026-06-23T11:54:54Z,1782215694,sustain,1500.0,44.50909090909091,{}
4,A,HTTP Throughput,java_order,java,order,order-java:8083,order-java:8083,2026-06-23 17:24:54,2026-06-23T11:54:54Z,1782215694,sustain,1500.0,38.81818181818182,{}
4,A,HTTP Throughput,java_order,java,order,warehouse-java-twin:9084,warehouse-java-twin:9084,2026-06-23 17:24:54,2026-06-23T11:54:54Z,1782215694,sustain,1500.0,0.19999999999999998,{}
4,A,HTTP Throughput,java_order,java,order,inventory-java:8082,inventory-java:8082,2026-06-23 17:25:09,2026-06-23T11:55:09Z,1782215709,sustain,1515.0,44.071925964982455,{}
4,A,HTTP Throughput,java_order,java,order,order-java:8083,order-java:8083,2026-06-23 17:25:09,2026-06-23T11:55:09Z,1782215709,sustain,1515.0,38.03705521918581,{}
4,A,HTTP Throughput,java_order,java,order,warehouse-java-twin:9084,warehouse-java-twin:9084,2026-06-23 17:25:09,2026-06-23T11:55:09Z,1782215709,sustain,1515.0,0.20000363642975327,{}
4,A,HTTP Throughput,java_order,java,order,inventory-java:8082,inventory-java:8082,2026-06-23 17:25:24,2026-06-23T11:55:24Z,1782215724,sustain,1530.0,45.054545454545455,{}
4,A,HTTP Throughput,java_order,java,order,order-java:8083,order-java:8083,2026-06-23 17:25:24,2026-06-23T11:55:24Z,1782215724,sustain,1530.0,39.61818181818182,{}
4,A,HTTP Throughput,java_order,java,order,warehouse-java-twin:9084,warehouse-java-twin:9084,2026-06-23 17:25:24,2026-06-23T11:55:24Z,1782215724,sustain,1530.0,0.19999999999999998,{}
4,A,HTTP Throughput,java_order,java,order,inventory-java:8082,inventory-java:8082,2026-06-23 17:25:39,2026-06-23T11:55:39Z,1782215739,sustain,1545.0,43.163636363636364,{}
4,A,HTTP Throughput,java_order,java,order,order-java:8083,order-java:8083,2026-06-23 17:25:39,2026-06-23T11:55:39Z,1782215739,sustain,1545.0,43.10909090909091,{}
4,A,HTTP Throughput,java_order,java,order,warehouse-java-twin:9084,warehouse-java-twin:9084,2026-06-23 17:25:39,2026-06-23T11:55:39Z,1782215739,sustain,1545.0,0.19999999999999998,{}
4,A,HTTP Throughput,java_order,java,order,inventory-java:8082,inventory-java:8082,2026-06-23 17:25:54,2026-06-23T11:55:54Z,1782215754,sustain,1560.0,41.43636363636364,{}
4,A,HTTP Throughput,java_order,java,order,order-java:8083,order-java:8083,2026-06-23 17:25:54,2026-06-23T11:55:54Z,1782215754,sustain,1560.0,42.6,{}
4,A,HTTP Throughput,java_order,java,order,warehouse-java-twin:9084,warehouse-java-twin:9084,2026-06-23 17:25:54,2026-06-23T11:55:54Z,1782215754,sustain,1560.0,0.19999999999999998,{}
4,A,HTTP Throughput,java_order,java,order,inventory-java:8082,inventory-java:8082,2026-06-23 17:26:09,2026-06-23T11:56:09Z,1782215769,sustain,1575.0,44.437171584937914,{}
4,A,HTTP Throughput,java_order,java,order,order-java:8083,order-java:8083,2026-06-23 17:26:09,2026-06-23T11:56:09Z,1782215769,sustain,1575.0,44.32727272727273,{}
4,A,HTTP Throughput,java_order,java,order,warehouse-java-twin:9084,warehouse-java-twin:9084,2026-06-23 17:26:09,2026-06-23T11:56:09Z,1782215769,sustain,1575.0,0.20000363642975327,{}
4,A,HTTP Throughput,java_order,java,order,inventory-java:8082,inventory-java:8082,2026-06-23 17:26:24,2026-06-23T11:56:24Z,1782215784,sustain,1590.0,41.81894216258478,{}
4,A,HTTP Throughput,java_order,java,order,order-java:8083,order-java:8083,2026-06-23 17:26:24,2026-06-23T11:56:24Z,1782215784,sustain,1590.0,42.63636363636364,{}
4,A,HTTP Throughput,java_order,java,order,warehouse-java-twin:9084,warehouse-java-twin:9084,2026-06-23 17:26:24,2026-06-23T11:56:24Z,1782215784,sustain,1590.0,0.19999999999999998,{}
4,A,HTTP Throughput,java_order,java,order,inventory-java:8082,inventory-java:8082,2026-06-23 17:26:39,2026-06-23T11:56:39Z,1782215799,sustain,1605.0,40.872727272727275,{}
4,A,HTTP Throughput,java_order,java,order,order-java:8083,order-java:8083,2026-06-23 17:26:39,2026-06-23T11:56:39Z,1782215799,sustain,1605.0,41.41742877402229,{}
4,A,HTTP Throughput,java_order,java,order,warehouse-java-twin:9084,warehouse-java-twin:9084,2026-06-23 17:26:39,2026-06-23T11:56:39Z,1782215799,sustain,1605.0,0.19999999999999998,{}
4,A,HTTP Throughput,java_order,java,order,inventory-java:8082,inventory-java:8082,2026-06-23 17:26:54,2026-06-23T11:56:54Z,1782215814,sustain,1620.0,44.38181818181818,{}
4,A,HTTP Throughput,java_order,java,order,order-java:8083,order-java:8083,2026-06-23 17:26:54,2026-06-23T11:56:54Z,1782215814,sustain,1620.0,44.36363636363637,{}
4,A,HTTP Throughput,java_order,java,order,warehouse-java-twin:9084,warehouse-java-twin:9084,2026-06-23 17:26:54,2026-06-23T11:56:54Z,1782215814,sustain,1620.0,0.20000363642975327,{}
4,A,HTTP Throughput,java_order,java,order,inventory-java:8082,inventory-java:8082,2026-06-23 17:27:09,2026-06-23T11:57:09Z,1782215829,sustain,1635.0,38.90909090909091,{}
4,A,HTTP Throughput,java_order,java,order,order-java:8083,order-java:8083,2026-06-23 17:27:09,2026-06-23T11:57:09Z,1782215829,sustain,1635.0,40.20073092238041,{}
4,A,HTTP Throughput,java_order,java,order,warehouse-java-twin:9084,warehouse-java-twin:9084,2026-06-23 17:27:09,2026-06-23T11:57:09Z,1782215829,sustain,1635.0,0.19999999999999998,{}
4,A,HTTP Throughput,java_order,java,order,inventory-java:8082,inventory-java:8082,2026-06-23 17:27:24,2026-06-23T11:57:24Z,1782215844,sustain,1650.0,44.32727272727273,{}
4,A,HTTP Throughput,java_order,java,order,order-java:8083,order-java:8083,2026-06-23 17:27:24,2026-06-23T11:57:24Z,1782215844,sustain,1650.0,44.546264477535956,{}
4,A,HTTP Throughput,java_order,java,order,warehouse-java-twin:9084,warehouse-java-twin:9084,2026-06-23 17:27:24,2026-06-23T11:57:24Z,1782215844,sustain,1650.0,0.19999999999999998,{}
4,A,HTTP Throughput,java_order,java,order,inventory-java:8082,inventory-java:8082,2026-06-23 17:27:39,2026-06-23T11:57:39Z,1782215859,sustain,1665.0,38.4,{}
4,A,HTTP Throughput,java_order,java,order,order-java:8083,order-java:8083,2026-06-23 17:27:39,2026-06-23T11:57:39Z,1782215859,sustain,1665.0,42.418181818181814,{}
4,A,HTTP Throughput,java_order,java,order,warehouse-java-twin:9084,warehouse-java-twin:9084,2026-06-23 17:27:39,2026-06-23T11:57:39Z,1782215859,sustain,1665.0,0.19999999999999998,{}
4,A,HTTP Throughput,java_order,java,order,inventory-java:8082,inventory-java:8082,2026-06-23 17:27:54,2026-06-23T11:57:54Z,1782215874,sustain,1680.0,37.30909090909091,{}
4,A,HTTP Throughput,java_order,java,order,order-java:8083,order-java:8083,2026-06-23 17:27:54,2026-06-23T11:57:54Z,1782215874,sustain,1680.0,42.47272727272727,{}
4,A,HTTP Throughput,java_order,java,order,warehouse-java-twin:9084,warehouse-java-twin:9084,2026-06-23 17:27:54,2026-06-23T11:57:54Z,1782215874,sustain,1680.0,0.20000363642975327,{}
4,A,HTTP Throughput,java_order,java,order,inventory-java:8082,inventory-java:8082,2026-06-23 17:28:09,2026-06-23T11:58:09Z,1782215889,sustain,1695.0,38.58251968217605,{}
4,A,HTTP Throughput,java_order,java,order,order-java:8083,order-java:8083,2026-06-23 17:28:09,2026-06-23T11:58:09Z,1782215889,sustain,1695.0,42.78181818181818,{}
4,A,HTTP Throughput,java_order,java,order,warehouse-java-twin:9084,warehouse-java-twin:9084,2026-06-23 17:28:09,2026-06-23T11:58:09Z,1782215889,sustain,1695.0,0.19999999999999998,{}
4,A,HTTP Throughput,java_order,java,order,inventory-java:8082,inventory-java:8082,2026-06-23 17:28:24,2026-06-23T11:58:24Z,1782215904,sustain,1710.0,36.5993345575535,{}
4,A,HTTP Throughput,java_order,java,order,order-java:8083,order-java:8083,2026-06-23 17:28:24,2026-06-23T11:58:24Z,1782215904,sustain,1710.0,39.94472827766768,{}
4,A,HTTP Throughput,java_order,java,order,warehouse-java-twin:9084,warehouse-java-twin:9084,2026-06-23 17:28:24,2026-06-23T11:58:24Z,1782215904,sustain,1710.0,0.19999999999999998,{}
4,A,HTTP Throughput,java_order,java,order,inventory-java:8082,inventory-java:8082,2026-06-23 17:28:39,2026-06-23T11:58:39Z,1782215919,sustain,1725.0,34.163636363636364,{}
4,A,HTTP Throughput,java_order,java,order,order-java:8083,order-java:8083,2026-06-23 17:28:39,2026-06-23T11:58:39Z,1782215919,sustain,1725.0,39.54545454545455,{}
4,A,HTTP Throughput,java_order,java,order,warehouse-java-twin:9084,warehouse-java-twin:9084,2026-06-23 17:28:39,2026-06-23T11:58:39Z,1782215919,sustain,1725.0,0.19999999999999998,{}
4,A,HTTP Throughput,java_order,java,order,inventory-java:8082,inventory-java:8082,2026-06-23 17:28:54,2026-06-23T11:58:54Z,1782215934,sustain,1740.0,34.67272727272727,{}
4,A,HTTP Throughput,java_order,java,order,order-java:8083,order-java:8083,2026-06-23 17:28:54,2026-06-23T11:58:54Z,1782215934,sustain,1740.0,39.81745786440246,{}
4,A,HTTP Throughput,java_order,java,order,warehouse-java-twin:9084,warehouse-java-twin:9084,2026-06-23 17:28:54,2026-06-23T11:58:54Z,1782215934,sustain,1740.0,0.19999999999999998,{}
4,A,HTTP Throughput,java_order,java,order,inventory-java:8082,inventory-java:8082,2026-06-23 17:29:09,2026-06-23T11:59:09Z,1782215949,sustain,1755.0,35.800000000000004,{}
4,A,HTTP Throughput,java_order,java,order,order-java:8083,order-java:8083,2026-06-23 17:29:09,2026-06-23T11:59:09Z,1782215949,sustain,1755.0,40.41891670757651,{}
4,A,HTTP Throughput,java_order,java,order,warehouse-java-twin:9084,warehouse-java-twin:9084,2026-06-23 17:29:09,2026-06-23T11:59:09Z,1782215949,sustain,1755.0,0.19999636370247814,{}
4,A,HTTP Throughput,java_order,java,order,inventory-java:8082,inventory-java:8082,2026-06-23 17:29:24,2026-06-23T11:59:24Z,1782215964,sustain,1770.0,36.0,{}
4,A,HTTP Throughput,java_order,java,order,order-java:8083,order-java:8083,2026-06-23 17:29:24,2026-06-23T11:59:24Z,1782215964,sustain,1770.0,40.43636363636364,{}
4,A,HTTP Throughput,java_order,java,order,warehouse-java-twin:9084,warehouse-java-twin:9084,2026-06-23 17:29:24,2026-06-23T11:59:24Z,1782215964,sustain,1770.0,0.19999999999999998,{}
4,A,HTTP Throughput,java_order,java,order,inventory-java:8082,inventory-java:8082,2026-06-23 17:29:39,2026-06-23T11:59:39Z,1782215979,sustain,1785.0,34.76426844124439,{}
4,A,HTTP Throughput,java_order,java,order,order-java:8083,order-java:8083,2026-06-23 17:29:39,2026-06-23T11:59:39Z,1782215979,sustain,1785.0,40.27345951744578,{}
4,A,HTTP Throughput,java_order,java,order,warehouse-java-twin:9084,warehouse-java-twin:9084,2026-06-23 17:29:39,2026-06-23T11:59:39Z,1782215979,sustain,1785.0,0.20000363642975327,{}
4,A,HTTP Throughput,java_order,java,order,inventory-java:8082,inventory-java:8082,2026-06-23 17:29:54,2026-06-23T11:59:54Z,1782215994,cooldown,1800.0,32.70909090909091,{}
4,A,HTTP Throughput,java_order,java,order,order-java:8083,order-java:8083,2026-06-23 17:29:54,2026-06-23T11:59:54Z,1782215994,cooldown,1800.0,38.508390756531696,{}
4,A,HTTP Throughput,java_order,java,order,warehouse-java-twin:9084,warehouse-java-twin:9084,2026-06-23 17:29:54,2026-06-23T11:59:54Z,1782215994,cooldown,1800.0,0.19999636370247814,{}
4,A,HTTP Throughput,java_order,java,order,inventory-java:8082,inventory-java:8082,2026-06-23 17:30:09,2026-06-23T12:00:09Z,1782216009,cooldown,1815.0,35.36427935053365,{}
4,A,HTTP Throughput,java_order,java,order,order-java:8083,order-java:8083,2026-06-23 17:30:09,2026-06-23T12:00:09Z,1782216009,cooldown,1815.0,36.653879020381446,{}
4,A,HTTP Throughput,java_order,java,order,warehouse-java-twin:9084,warehouse-java-twin:9084,2026-06-23 17:30:09,2026-06-23T12:00:09Z,1782216009,cooldown,1815.0,0.19999636370247814,{}
4,A,HTTP Throughput,java_order,java,order,inventory-java:8082,inventory-java:8082,2026-06-23 17:30:24,2026-06-23T12:00:24Z,1782216024,cooldown,1830.0,33.50909090909091,{}
4,A,HTTP Throughput,java_order,java,order,order-java:8083,order-java:8083,2026-06-23 17:30:24,2026-06-23T12:00:24Z,1782216024,cooldown,1830.0,38.690909090909095,{}
4,A,HTTP Throughput,java_order,java,order,warehouse-java-twin:9084,warehouse-java-twin:9084,2026-06-23 17:30:24,2026-06-23T12:00:24Z,1782216024,cooldown,1830.0,0.20000363642975327,{}
4,A,HTTP Throughput,java_order,java,order,inventory-java:8082,inventory-java:8082,2026-06-23 17:30:39,2026-06-23T12:00:39Z,1782216039,cooldown,1845.0,35.872727272727275,{}
4,A,HTTP Throughput,java_order,java,order,order-java:8083,order-java:8083,2026-06-23 17:30:39,2026-06-23T12:00:39Z,1782216039,cooldown,1845.0,37.0188548882707,{}
4,A,HTTP Throughput,java_order,java,order,warehouse-java-twin:9084,warehouse-java-twin:9084,2026-06-23 17:30:39,2026-06-23T12:00:39Z,1782216039,cooldown,1845.0,0.19999636370247814,{}
4,A,HTTP Throughput,java_order,java,order,inventory-java:8082,inventory-java:8082,2026-06-23 17:30:54,2026-06-23T12:00:54Z,1782216054,cooldown,1860.0,30.563080671260522,{}
4,A,HTTP Throughput,java_order,java,order,order-java:8083,order-java:8083,2026-06-23 17:30:54,2026-06-23T12:00:54Z,1782216054,cooldown,1860.0,31.45511736577029,{}
4,A,HTTP Throughput,java_order,java,order,warehouse-java-twin:9084,warehouse-java-twin:9084,2026-06-23 17:30:54,2026-06-23T12:00:54Z,1782216054,cooldown,1860.0,0.19999999999999998,{}
4,A,HTTP Throughput,java_order,java,order,inventory-java:8082,inventory-java:8082,2026-06-23 17:31:09,2026-06-23T12:01:09Z,1782216069,cooldown,1875.0,39.981818181818184,{}
4,A,HTTP Throughput,java_order,java,order,order-java:8083,order-java:8083,2026-06-23 17:31:09,2026-06-23T12:01:09Z,1782216069,cooldown,1875.0,41.50909090909091,{}
4,A,HTTP Throughput,java_order,java,order,warehouse-java-twin:9084,warehouse-java-twin:9084,2026-06-23 17:31:09,2026-06-23T12:01:09Z,1782216069,cooldown,1875.0,0.20000363642975327,{}
4,A,HTTP Throughput,java_order,java,order,inventory-java:8082,inventory-java:8082,2026-06-23 17:31:24,2026-06-23T12:01:24Z,1782216084,cooldown,1890.0,34.654545454545456,{}
4,A,HTTP Throughput,java_order,java,order,order-java:8083,order-java:8083,2026-06-23 17:31:24,2026-06-23T12:01:24Z,1782216084,cooldown,1890.0,39.45454545454545,{}
4,A,HTTP Throughput,java_order,java,order,warehouse-java-twin:9084,warehouse-java-twin:9084,2026-06-23 17:31:24,2026-06-23T12:01:24Z,1782216084,cooldown,1890.0,0.19999999999999998,{}
4,A,HTTP Throughput,java_order,java,order,inventory-java:8082,inventory-java:8082,2026-06-23 17:31:39,2026-06-23T12:01:39Z,1782216099,cooldown,1905.0,40.1992691041981,{}
4,A,HTTP Throughput,java_order,java,order,order-java:8083,order-java:8083,2026-06-23 17:31:39,2026-06-23T12:01:39Z,1782216099,cooldown,1905.0,38.763636363636365,{}
4,A,HTTP Throughput,java_order,java,order,warehouse-java-twin:9084,warehouse-java-twin:9084,2026-06-23 17:31:39,2026-06-23T12:01:39Z,1782216099,cooldown,1905.0,0.19999999999999998,{}
4,A,HTTP Throughput,java_order,java,order,inventory-java:8082,inventory-java:8082,2026-06-23 17:31:54,2026-06-23T12:01:54Z,1782216114,cooldown,1920.0,41.63636363636364,{}
4,A,HTTP Throughput,java_order,java,order,order-java:8083,order-java:8083,2026-06-23 17:31:54,2026-06-23T12:01:54Z,1782216114,cooldown,1920.0,39.10909090909091,{}
4,A,HTTP Throughput,java_order,java,order,warehouse-java-twin:9084,warehouse-java-twin:9084,2026-06-23 17:31:54,2026-06-23T12:01:54Z,1782216114,cooldown,1920.0,0.19999999999999998,{}
4,A,HTTP Throughput,java_order,java,order,inventory-java:8082,inventory-java:8082,2026-06-23 17:32:09,2026-06-23T12:02:09Z,1782216129,cooldown,1935.0,39.236363636363635,{}
4,A,HTTP Throughput,java_order,java,order,order-java:8083,order-java:8083,2026-06-23 17:32:09,2026-06-23T12:02:09Z,1782216129,cooldown,1935.0,37.34477554953546,{}
4,A,HTTP Throughput,java_order,java,order,warehouse-java-twin:9084,warehouse-java-twin:9084,2026-06-23 17:32:09,2026-06-23T12:02:09Z,1782216129,cooldown,1935.0,0.19999999999999998,{}
4,A,HTTP Throughput,java_order,java,order,inventory-java:8082,inventory-java:8082,2026-06-23 17:32:24,2026-06-23T12:02:24Z,1782216144,cooldown,1950.0,39.27344133529701,{}
4,A,HTTP Throughput,java_order,java,order,order-java:8083,order-java:8083,2026-06-23 17:32:24,2026-06-23T12:02:24Z,1782216144,cooldown,1950.0,37.43704430989655,{}
4,A,HTTP Throughput,java_order,java,order,warehouse-java-twin:9084,warehouse-java-twin:9084,2026-06-23 17:32:24,2026-06-23T12:02:24Z,1782216144,cooldown,1950.0,0.19999636370247814,{}
4,A,HTTP Throughput,java_order,java,order,inventory-java:8082,inventory-java:8082,2026-06-23 17:32:39,2026-06-23T12:02:39Z,1782216159,cooldown,1965.0,39.74545454545455,{}
4,A,HTTP Throughput,java_order,java,order,order-java:8083,order-java:8083,2026-06-23 17:32:39,2026-06-23T12:02:39Z,1782216159,cooldown,1965.0,37.473408607429235,{}
4,A,HTTP Throughput,java_order,java,order,warehouse-java-twin:9084,warehouse-java-twin:9084,2026-06-23 17:32:39,2026-06-23T12:02:39Z,1782216159,cooldown,1965.0,0.19999999999999998,{}
4,A,HTTP Throughput,java_order,java,order,inventory-java:8082,inventory-java:8082,2026-06-23 17:32:54,2026-06-23T12:02:54Z,1782216174,cooldown,1980.0,40.0,{}
4,A,HTTP Throughput,java_order,java,order,order-java:8083,order-java:8083,2026-06-23 17:32:54,2026-06-23T12:02:54Z,1782216174,cooldown,1980.0,37.70977654139167,{}
4,A,HTTP Throughput,java_order,java,order,warehouse-java-twin:9084,warehouse-java-twin:9084,2026-06-23 17:32:54,2026-06-23T12:02:54Z,1782216174,cooldown,1980.0,0.19999636370247814,{}
4,A,HTTP Throughput,java_order,java,order,inventory-java:8082,inventory-java:8082,2026-06-23 17:33:09,2026-06-23T12:03:09Z,1782216189,cooldown,1995.0,37.835675714987,{}
4,A,HTTP Throughput,java_order,java,order,order-java:8083,order-java:8083,2026-06-23 17:33:09,2026-06-23T12:03:09Z,1782216189,cooldown,1995.0,36.4902456318976,{}
4,A,HTTP Throughput,java_order,java,order,warehouse-java-twin:9084,warehouse-java-twin:9084,2026-06-23 17:33:09,2026-06-23T12:03:09Z,1782216189,cooldown,1995.0,0.19999999999999998,{}
4,A,HTTP Throughput,java_order,java,order,inventory-java:8082,inventory-java:8082,2026-06-23 17:33:24,2026-06-23T12:03:24Z,1782216204,cooldown,2010.0,38.800000000000004,{}
4,A,HTTP Throughput,java_order,java,order,order-java:8083,order-java:8083,2026-06-23 17:33:24,2026-06-23T12:03:24Z,1782216204,cooldown,2010.0,38.07272727272727,{}
4,A,HTTP Throughput,java_order,java,order,warehouse-java-twin:9084,warehouse-java-twin:9084,2026-06-23 17:33:24,2026-06-23T12:03:24Z,1782216204,cooldown,2010.0,0.19999999999999998,{}
4,A,HTTP Throughput,java_order,java,order,inventory-java:8082,inventory-java:8082,2026-06-23 17:33:39,2026-06-23T12:03:39Z,1782216219,cooldown,2025.0,38.69020563262486,{}
4,A,HTTP Throughput,java_order,java,order,order-java:8083,order-java:8083,2026-06-23 17:33:39,2026-06-23T12:03:39Z,1782216219,cooldown,2025.0,37.909090909090914,{}
4,A,HTTP Throughput,java_order,java,order,warehouse-java-twin:9084,warehouse-java-twin:9084,2026-06-23 17:33:39,2026-06-23T12:03:39Z,1782216219,cooldown,2025.0,0.19999999999999998,{}
4,A,HTTP Throughput,java_order,java,order,inventory-java:8082,inventory-java:8082,2026-06-23 17:33:54,2026-06-23T12:03:54Z,1782216234,cooldown,2040.0,36.872727272727275,{}
4,A,HTTP Throughput,java_order,java,order,order-java:8083,order-java:8083,2026-06-23 17:33:54,2026-06-23T12:03:54Z,1782216234,cooldown,2040.0,35.94610811105657,{}
4,A,HTTP Throughput,java_order,java,order,warehouse-java-twin:9084,warehouse-java-twin:9084,2026-06-23 17:33:54,2026-06-23T12:03:54Z,1782216234,cooldown,2040.0,0.19999636370247814,{}
4,A,HTTP Throughput,java_order,java,order,inventory-java:8082,inventory-java:8082,2026-06-23 17:34:09,2026-06-23T12:04:09Z,1782216249,cooldown,2055.0,33.29090909090909,{}
4,A,HTTP Throughput,java_order,java,order,order-java:8083,order-java:8083,2026-06-23 17:34:09,2026-06-23T12:04:09Z,1782216249,cooldown,2055.0,32.38240695285369,{}
4,A,HTTP Throughput,java_order,java,order,warehouse-java-twin:9084,warehouse-java-twin:9084,2026-06-23 17:34:09,2026-06-23T12:04:09Z,1782216249,cooldown,2055.0,0.19999636370247814,{}
4,A,HTTP Throughput,java_order,java,order,inventory-java:8082,inventory-java:8082,2026-06-23 17:34:24,2026-06-23T12:04:24Z,1782216264,cooldown,2070.0,28.09090909090909,{}
4,A,HTTP Throughput,java_order,java,order,order-java:8083,order-java:8083,2026-06-23 17:34:24,2026-06-23T12:04:24Z,1782216264,cooldown,2070.0,27.036363636363635,{}
4,A,HTTP Throughput,java_order,java,order,warehouse-java-twin:9084,warehouse-java-twin:9084,2026-06-23 17:34:24,2026-06-23T12:04:24Z,1782216264,cooldown,2070.0,0.19999999999999998,{}
4,A,HTTP Throughput,java_order,java,order,inventory-java:8082,inventory-java:8082,2026-06-23 17:34:39,2026-06-23T12:04:39Z,1782216279,cooldown,2085.0,21.563636363636363,{}
4,A,HTTP Throughput,java_order,java,order,order-java:8083,order-java:8083,2026-06-23 17:34:39,2026-06-23T12:04:39Z,1782216279,cooldown,2085.0,20.763636363636362,{}
4,A,HTTP Throughput,java_order,java,order,warehouse-java-twin:9084,warehouse-java-twin:9084,2026-06-23 17:34:39,2026-06-23T12:04:39Z,1782216279,cooldown,2085.0,0.19999636370247814,{}
4,A,HTTP Throughput,java_order,java,order,inventory-java:8082,inventory-java:8082,2026-06-23 17:34:54,2026-06-23T12:04:54Z,1782216294,post_test,2100.0,14.999999999999998,{}
4,A,HTTP Throughput,java_order,java,order,order-java:8083,order-java:8083,2026-06-23 17:34:54,2026-06-23T12:04:54Z,1782216294,post_test,2100.0,13.854545454545454,{}
4,A,HTTP Throughput,java_order,java,order,warehouse-java-twin:9084,warehouse-java-twin:9084,2026-06-23 17:34:54,2026-06-23T12:04:54Z,1782216294,post_test,2100.0,0.19999999999999998,{}
