grafana_panel_id,grafana_ref_id,grafana_panel_title,segment_label,service_type,benchmark_type,instance,service_label,timestamp_local,timestamp_utc,timestamp_unix,load_phase,offset_seconds,value,prom_labels_json
2,B,CPU Usage Rate,go_inventory,go,inventory,inventory-go-twin:9082,inventory-go-twin:9082,2026-06-23 14:59:29,2026-06-23T09:29:29Z,1782206969,warmup,0.0,0.0016363636363636983,{}
2,B,CPU Usage Rate,go_inventory,go,inventory,order-go-twin:9083,order-go-twin:9083,2026-06-23 14:59:29,2026-06-23T09:29:29Z,1782206969,warmup,0.0,0.0007272727272730993,{}
2,B,CPU Usage Rate,go_inventory,go,inventory,warehouse-go:8084,warehouse-go:8084,2026-06-23 14:59:29,2026-06-23T09:29:29Z,1782206969,warmup,0.0,0.0012727272727271486,{}
2,B,CPU Usage Rate,go_inventory,go,inventory,inventory-go-twin:9082,inventory-go-twin:9082,2026-06-23 14:59:44,2026-06-23T09:29:44Z,1782206984,warmup,15.0,0.001636363636363569,{}
2,B,CPU Usage Rate,go_inventory,go,inventory,order-go-twin:9083,order-go-twin:9083,2026-06-23 14:59:44,2026-06-23T09:29:44Z,1782206984,warmup,15.0,0.0007272727272730993,{}
2,B,CPU Usage Rate,go_inventory,go,inventory,warehouse-go:8084,warehouse-go:8084,2026-06-23 14:59:44,2026-06-23T09:29:44Z,1782206984,warmup,15.0,0.001454545454545682,{}
2,B,CPU Usage Rate,go_inventory,go,inventory,inventory-go-twin:9082,inventory-go-twin:9082,2026-06-23 14:59:59,2026-06-23T09:29:59Z,1782206999,warmup,30.0,0.0016363636363636983,{}
2,B,CPU Usage Rate,go_inventory,go,inventory,order-go-twin:9083,order-go-twin:9083,2026-06-23 14:59:59,2026-06-23T09:29:59Z,1782206999,warmup,30.0,0.0005454446282795065,{}
2,B,CPU Usage Rate,go_inventory,go,inventory,warehouse-go:8084,warehouse-go:8084,2026-06-23 14:59:59,2026-06-23T09:29:59Z,1782206999,warmup,30.0,0.001090889256559013,{}
2,B,CPU Usage Rate,go_inventory,go,inventory,inventory-go-twin:9082,inventory-go-twin:9082,2026-06-23 15:00:14,2026-06-23T09:30:14Z,1782207014,warmup,45.0,0.0019999999999999896,{}
2,B,CPU Usage Rate,go_inventory,go,inventory,order-go-twin:9083,order-go-twin:9083,2026-06-23 15:00:14,2026-06-23T09:30:14Z,1782207014,warmup,45.0,0.0007272727272730993,{}
2,B,CPU Usage Rate,go_inventory,go,inventory,warehouse-go:8084,warehouse-go:8084,2026-06-23 15:00:14,2026-06-23T09:30:14Z,1782207014,warmup,45.0,0.0010909090909086154,{}
2,B,CPU Usage Rate,go_inventory,go,inventory,inventory-go-twin:9082,inventory-go-twin:9082,2026-06-23 15:00:29,2026-06-23T09:30:29Z,1782207029,warmup,60.0,0.0014545454545454234,{}
2,B,CPU Usage Rate,go_inventory,go,inventory,order-go-twin:9083,order-go-twin:9083,2026-06-23 15:00:29,2026-06-23T09:30:29Z,1782207029,warmup,60.0,0.0007272727272725826,{}
2,B,CPU Usage Rate,go_inventory,go,inventory,warehouse-go:8084,warehouse-go:8084,2026-06-23 15:00:29,2026-06-23T09:30:29Z,1782207029,warmup,60.0,0.0009090743804660164,{}
2,B,CPU Usage Rate,go_inventory,go,inventory,inventory-go-twin:9082,inventory-go-twin:9082,2026-06-23 15:00:44,2026-06-23T09:30:44Z,1782207044,warmup,75.0,0.0014545454545455527,{}
2,B,CPU Usage Rate,go_inventory,go,inventory,order-go-twin:9083,order-go-twin:9083,2026-06-23 15:00:44,2026-06-23T09:30:44Z,1782207044,warmup,75.0,0.0007272727272725826,{}
2,B,CPU Usage Rate,go_inventory,go,inventory,warehouse-go:8084,warehouse-go:8084,2026-06-23 15:00:44,2026-06-23T09:30:44Z,1782207044,warmup,75.0,0.0012727504136437605,{}
2,B,CPU Usage Rate,go_inventory,go,inventory,inventory-go-twin:9082,inventory-go-twin:9082,2026-06-23 15:00:59,2026-06-23T09:30:59Z,1782207059,warmup,90.0,0.001636363636363569,{}
2,B,CPU Usage Rate,go_inventory,go,inventory,order-go-twin:9083,order-go-twin:9083,2026-06-23 15:00:59,2026-06-23T09:30:59Z,1782207059,warmup,90.0,0.0005454446282795065,{}
2,B,CPU Usage Rate,go_inventory,go,inventory,warehouse-go:8084,warehouse-go:8084,2026-06-23 15:00:59,2026-06-23T09:30:59Z,1782207059,warmup,90.0,0.0010909090909091322,{}
2,B,CPU Usage Rate,go_inventory,go,inventory,inventory-go-twin:9082,inventory-go-twin:9082,2026-06-23 15:01:14,2026-06-23T09:31:14Z,1782207074,warmup,105.0,0.002000000000000119,{}
2,B,CPU Usage Rate,go_inventory,go,inventory,order-go-twin:9083,order-go-twin:9083,2026-06-23 15:01:14,2026-06-23T09:31:14Z,1782207074,warmup,105.0,0.0005454644629902569,{}
2,B,CPU Usage Rate,go_inventory,go,inventory,warehouse-go:8084,warehouse-go:8084,2026-06-23 15:01:14,2026-06-23T09:31:14Z,1782207074,warmup,105.0,0.001090889256559013,{}
2,B,CPU Usage Rate,go_inventory,go,inventory,inventory-go-twin:9082,inventory-go-twin:9082,2026-06-23 15:01:29,2026-06-23T09:31:29Z,1782207089,warmup,120.0,0.001818181818181844,{}
2,B,CPU Usage Rate,go_inventory,go,inventory,order-go-twin:9083,order-go-twin:9083,2026-06-23 15:01:29,2026-06-23T09:31:29Z,1782207089,warmup,120.0,0.0007272727272725826,{}
2,B,CPU Usage Rate,go_inventory,go,inventory,warehouse-go:8084,warehouse-go:8084,2026-06-23 15:01:29,2026-06-23T09:31:29Z,1782207089,warmup,120.0,0.0007272727272725826,{}
2,B,CPU Usage Rate,go_inventory,go,inventory,inventory-go-twin:9082,inventory-go-twin:9082,2026-06-23 15:01:44,2026-06-23T09:31:44Z,1782207104,warmup,135.0,0.002181778513117897,{}
2,B,CPU Usage Rate,go_inventory,go,inventory,order-go-twin:9083,order-go-twin:9083,2026-06-23 15:01:44,2026-06-23T09:31:44Z,1782207104,warmup,135.0,0.0007272859506540204,{}
2,B,CPU Usage Rate,go_inventory,go,inventory,warehouse-go:8084,warehouse-go:8084,2026-06-23 15:01:44,2026-06-23T09:31:44Z,1782207104,warmup,135.0,0.0007272727272725826,{}
2,B,CPU Usage Rate,go_inventory,go,inventory,inventory-go-twin:9082,inventory-go-twin:9082,2026-06-23 15:01:59,2026-06-23T09:31:59Z,1782207119,warmup,150.0,0.0023635933892110226,{}
2,B,CPU Usage Rate,go_inventory,go,inventory,order-go-twin:9083,order-go-twin:9083,2026-06-23 15:01:59,2026-06-23T09:31:59Z,1782207119,warmup,150.0,0.0005454545454545661,{}
2,B,CPU Usage Rate,go_inventory,go,inventory,warehouse-go:8084,warehouse-go:8084,2026-06-23 15:01:59,2026-06-23T09:31:59Z,1782207119,warmup,150.0,0.0009090909090911157,{}
2,B,CPU Usage Rate,go_inventory,go,inventory,inventory-go-twin:9082,inventory-go-twin:9082,2026-06-23 15:02:14,2026-06-23T09:32:14Z,1782207134,warmup,165.0,0.0025455008272876503,{}
2,B,CPU Usage Rate,go_inventory,go,inventory,order-go-twin:9083,order-go-twin:9083,2026-06-23 15:02:14,2026-06-23T09:32:14Z,1782207134,warmup,165.0,0.0007272727272725826,{}
2,B,CPU Usage Rate,go_inventory,go,inventory,warehouse-go:8084,warehouse-go:8084,2026-06-23 15:02:14,2026-06-23T09:32:14Z,1782207134,warmup,165.0,0.0009090909090911157,{}
2,B,CPU Usage Rate,go_inventory,go,inventory,inventory-go-twin:9082,inventory-go-twin:9082,2026-06-23 15:02:29,2026-06-23T09:32:29Z,1782207149,warmup,180.0,0.002909090909090847,{}
2,B,CPU Usage Rate,go_inventory,go,inventory,order-go-twin:9083,order-go-twin:9083,2026-06-23 15:02:29,2026-06-23T09:32:29Z,1782207149,warmup,180.0,0.0005454446282795065,{}
2,B,CPU Usage Rate,go_inventory,go,inventory,warehouse-go:8084,warehouse-go:8084,2026-06-23 15:02:29,2026-06-23T09:32:29Z,1782207149,warmup,180.0,0.0010909090909091322,{}
2,B,CPU Usage Rate,go_inventory,go,inventory,inventory-go-twin:9082,inventory-go-twin:9082,2026-06-23 15:02:44,2026-06-23T09:32:44Z,1782207164,warmup,195.0,0.0034546082656049175,{}
2,B,CPU Usage Rate,go_inventory,go,inventory,order-go-twin:9083,order-go-twin:9083,2026-06-23 15:02:44,2026-06-23T09:32:44Z,1782207164,warmup,195.0,0.0005454446282789898,{}
2,B,CPU Usage Rate,go_inventory,go,inventory,warehouse-go:8084,warehouse-go:8084,2026-06-23 15:02:44,2026-06-23T09:32:44Z,1782207164,warmup,195.0,0.0009090909090911157,{}
2,B,CPU Usage Rate,go_inventory,go,inventory,inventory-go-twin:9082,inventory-go-twin:9082,2026-06-23 15:02:59,2026-06-23T09:32:59Z,1782207179,warmup,210.0,0.003818181818181704,{}
2,B,CPU Usage Rate,go_inventory,go,inventory,order-go-twin:9083,order-go-twin:9083,2026-06-23 15:02:59,2026-06-23T09:32:59Z,1782207179,warmup,210.0,0.0005454545454545661,{}
2,B,CPU Usage Rate,go_inventory,go,inventory,warehouse-go:8084,warehouse-go:8084,2026-06-23 15:02:59,2026-06-23T09:32:59Z,1782207179,warmup,210.0,0.0009090909090911157,{}
2,B,CPU Usage Rate,go_inventory,go,inventory,inventory-go-twin:9082,inventory-go-twin:9082,2026-06-23 15:03:14,2026-06-23T09:33:14Z,1782207194,warmup,225.0,0.004181742150142668,{}
2,B,CPU Usage Rate,go_inventory,go,inventory,order-go-twin:9083,order-go-twin:9083,2026-06-23 15:03:14,2026-06-23T09:33:14Z,1782207194,warmup,225.0,0.0007272859506535037,{}
2,B,CPU Usage Rate,go_inventory,go,inventory,warehouse-go:8084,warehouse-go:8084,2026-06-23 15:03:14,2026-06-23T09:33:14Z,1782207194,warmup,225.0,0.0009090909090911157,{}
2,B,CPU Usage Rate,go_inventory,go,inventory,inventory-go-twin:9082,inventory-go-twin:9082,2026-06-23 15:03:29,2026-06-23T09:33:29Z,1782207209,warmup,240.0,0.004181818181818125,{}
2,B,CPU Usage Rate,go_inventory,go,inventory,order-go-twin:9083,order-go-twin:9083,2026-06-23 15:03:29,2026-06-23T09:33:29Z,1782207209,warmup,240.0,0.0007272595043725031,{}
2,B,CPU Usage Rate,go_inventory,go,inventory,warehouse-go:8084,warehouse-go:8084,2026-06-23 15:03:29,2026-06-23T09:33:29Z,1782207209,warmup,240.0,0.000909090909090599,{}
2,B,CPU Usage Rate,go_inventory,go,inventory,inventory-go-twin:9082,inventory-go-twin:9082,2026-06-23 15:03:44,2026-06-23T09:33:44Z,1782207224,warmup,255.0,0.004363636363636399,{}
2,B,CPU Usage Rate,go_inventory,go,inventory,order-go-twin:9083,order-go-twin:9083,2026-06-23 15:03:44,2026-06-23T09:33:44Z,1782207224,warmup,255.0,0.0005454446282795065,{}
2,B,CPU Usage Rate,go_inventory,go,inventory,warehouse-go:8084,warehouse-go:8084,2026-06-23 15:03:44,2026-06-23T09:33:44Z,1782207224,warmup,255.0,0.0012727272727271486,{}
2,B,CPU Usage Rate,go_inventory,go,inventory,inventory-go-twin:9082,inventory-go-twin:9082,2026-06-23 15:03:59,2026-06-23T09:33:59Z,1782207239,warmup,270.0,0.004727272727272691,{}
2,B,CPU Usage Rate,go_inventory,go,inventory,order-go-twin:9083,order-go-twin:9083,2026-06-23 15:03:59,2026-06-23T09:33:59Z,1782207239,warmup,270.0,0.000909090909090599,{}
2,B,CPU Usage Rate,go_inventory,go,inventory,warehouse-go:8084,warehouse-go:8084,2026-06-23 15:03:59,2026-06-23T09:33:59Z,1782207239,warmup,270.0,0.0010909090909091322,{}
2,B,CPU Usage Rate,go_inventory,go,inventory,inventory-go-twin:9082,inventory-go-twin:9082,2026-06-23 15:04:14,2026-06-23T09:34:14Z,1782207254,warmup,285.0,0.004727272727272691,{}
2,B,CPU Usage Rate,go_inventory,go,inventory,order-go-twin:9083,order-go-twin:9083,2026-06-23 15:04:14,2026-06-23T09:34:14Z,1782207254,warmup,285.0,0.0007272727272730993,{}
2,B,CPU Usage Rate,go_inventory,go,inventory,warehouse-go:8084,warehouse-go:8084,2026-06-23 15:04:14,2026-06-23T09:34:14Z,1782207254,warmup,285.0,0.0010909090909091322,{}
2,B,CPU Usage Rate,go_inventory,go,inventory,inventory-go-twin:9082,inventory-go-twin:9082,2026-06-23 15:04:29,2026-06-23T09:34:29Z,1782207269,ramp_1,300.0,0.005272727272727257,{}
2,B,CPU Usage Rate,go_inventory,go,inventory,order-go-twin:9083,order-go-twin:9083,2026-06-23 15:04:29,2026-06-23T09:34:29Z,1782207269,ramp_1,300.0,0.0007272727272725826,{}
2,B,CPU Usage Rate,go_inventory,go,inventory,warehouse-go:8084,warehouse-go:8084,2026-06-23 15:04:29,2026-06-23T09:34:29Z,1782207269,ramp_1,300.0,0.0010909090909091322,{}
2,B,CPU Usage Rate,go_inventory,go,inventory,inventory-go-twin:9082,inventory-go-twin:9082,2026-06-23 15:04:44,2026-06-23T09:34:44Z,1782207284,ramp_1,315.0,0.005090909090908982,{}
2,B,CPU Usage Rate,go_inventory,go,inventory,order-go-twin:9083,order-go-twin:9083,2026-06-23 15:04:44,2026-06-23T09:34:44Z,1782207284,ramp_1,315.0,0.0007272595043725031,{}
2,B,CPU Usage Rate,go_inventory,go,inventory,warehouse-go:8084,warehouse-go:8084,2026-06-23 15:04:44,2026-06-23T09:34:44Z,1782207284,ramp_1,315.0,0.0009091074383172671,{}
2,B,CPU Usage Rate,go_inventory,go,inventory,inventory-go-twin:9082,inventory-go-twin:9082,2026-06-23 15:04:59,2026-06-23T09:34:59Z,1782207299,ramp_1,330.0,0.004909090909090836,{}
2,B,CPU Usage Rate,go_inventory,go,inventory,order-go-twin:9083,order-go-twin:9083,2026-06-23 15:04:59,2026-06-23T09:34:59Z,1782207299,ramp_1,330.0,0.0007272859506540204,{}
2,B,CPU Usage Rate,go_inventory,go,inventory,warehouse-go:8084,warehouse-go:8084,2026-06-23 15:04:59,2026-06-23T09:34:59Z,1782207299,ramp_1,330.0,0.000909090909090599,{}
2,B,CPU Usage Rate,go_inventory,go,inventory,inventory-go-twin:9082,inventory-go-twin:9082,2026-06-23 15:05:14,2026-06-23T09:35:14Z,1782207314,ramp_1,345.0,0.004909090909090965,{}
2,B,CPU Usage Rate,go_inventory,go,inventory,order-go-twin:9083,order-go-twin:9083,2026-06-23 15:05:14,2026-06-23T09:35:14Z,1782207314,ramp_1,345.0,0.0007272727272725826,{}
2,B,CPU Usage Rate,go_inventory,go,inventory,warehouse-go:8084,warehouse-go:8084,2026-06-23 15:05:14,2026-06-23T09:35:14Z,1782207314,ramp_1,345.0,0.000909090909090599,{}
2,B,CPU Usage Rate,go_inventory,go,inventory,inventory-go-twin:9082,inventory-go-twin:9082,2026-06-23 15:05:29,2026-06-23T09:35:29Z,1782207329,ramp_1,360.0,0.005454446282794936,{}
2,B,CPU Usage Rate,go_inventory,go,inventory,order-go-twin:9083,order-go-twin:9083,2026-06-23 15:05:29,2026-06-23T09:35:29Z,1782207329,ramp_1,360.0,0.0007272727272725826,{}
2,B,CPU Usage Rate,go_inventory,go,inventory,warehouse-go:8084,warehouse-go:8084,2026-06-23 15:05:29,2026-06-23T09:35:29Z,1782207329,ramp_1,360.0,0.0009090909090911157,{}
2,B,CPU Usage Rate,go_inventory,go,inventory,inventory-go-twin:9082,inventory-go-twin:9082,2026-06-23 15:05:44,2026-06-23T09:35:44Z,1782207344,ramp_1,375.0,0.006363636363636389,{}
2,B,CPU Usage Rate,go_inventory,go,inventory,order-go-twin:9083,order-go-twin:9083,2026-06-23 15:05:44,2026-06-23T09:35:44Z,1782207344,ramp_1,375.0,0.0007272859506540204,{}
2,B,CPU Usage Rate,go_inventory,go,inventory,warehouse-go:8084,warehouse-go:8084,2026-06-23 15:05:44,2026-06-23T09:35:44Z,1782207344,ramp_1,375.0,0.001090889256559013,{}
2,B,CPU Usage Rate,go_inventory,go,inventory,inventory-go-twin:9082,inventory-go-twin:9082,2026-06-23 15:05:59,2026-06-23T09:35:59Z,1782207359,ramp_1,390.0,0.007090780167633326,{}
2,B,CPU Usage Rate,go_inventory,go,inventory,order-go-twin:9083,order-go-twin:9083,2026-06-23 15:05:59,2026-06-23T09:35:59Z,1782207359,ramp_1,390.0,0.0005454545454545661,{}
2,B,CPU Usage Rate,go_inventory,go,inventory,warehouse-go:8084,warehouse-go:8084,2026-06-23 15:05:59,2026-06-23T09:35:59Z,1782207359,ramp_1,390.0,0.0010909289259805137,{}
2,B,CPU Usage Rate,go_inventory,go,inventory,inventory-go-twin:9082,inventory-go-twin:9082,2026-06-23 15:06:14,2026-06-23T09:36:14Z,1782207374,ramp_1,405.0,0.007999999999999959,{}
2,B,CPU Usage Rate,go_inventory,go,inventory,order-go-twin:9083,order-go-twin:9083,2026-06-23 15:06:14,2026-06-23T09:36:14Z,1782207374,ramp_1,405.0,0.0005454545454545661,{}
2,B,CPU Usage Rate,go_inventory,go,inventory,warehouse-go:8084,warehouse-go:8084,2026-06-23 15:06:14,2026-06-23T09:36:14Z,1782207374,ramp_1,405.0,0.000909090909090599,{}
2,B,CPU Usage Rate,go_inventory,go,inventory,inventory-go-twin:9082,inventory-go-twin:9082,2026-06-23 15:06:29,2026-06-23T09:36:29Z,1782207389,ramp_1,420.0,0.009090743804658097,{}
2,B,CPU Usage Rate,go_inventory,go,inventory,order-go-twin:9083,order-go-twin:9083,2026-06-23 15:06:29,2026-06-23T09:36:29Z,1782207389,ramp_1,420.0,0.0005454545454545661,{}
2,B,CPU Usage Rate,go_inventory,go,inventory,warehouse-go:8084,warehouse-go:8084,2026-06-23 15:06:29,2026-06-23T09:36:29Z,1782207389,ramp_1,420.0,0.0009090909090911157,{}
2,B,CPU Usage Rate,go_inventory,go,inventory,inventory-go-twin:9082,inventory-go-twin:9082,2026-06-23 15:06:44,2026-06-23T09:36:44Z,1782207404,ramp_1,435.0,0.00981800330903073,{}
2,B,CPU Usage Rate,go_inventory,go,inventory,order-go-twin:9083,order-go-twin:9083,2026-06-23 15:06:44,2026-06-23T09:36:44Z,1782207404,ramp_1,435.0,0.0007272859506535037,{}
2,B,CPU Usage Rate,go_inventory,go,inventory,warehouse-go:8084,warehouse-go:8084,2026-06-23 15:06:44,2026-06-23T09:36:44Z,1782207404,ramp_1,435.0,0.0007272727272725826,{}
2,B,CPU Usage Rate,go_inventory,go,inventory,inventory-go-twin:9082,inventory-go-twin:9082,2026-06-23 15:06:59,2026-06-23T09:36:59Z,1782207419,ramp_1,450.0,0.01109090909090908,{}
2,B,CPU Usage Rate,go_inventory,go,inventory,order-go-twin:9083,order-go-twin:9083,2026-06-23 15:06:59,2026-06-23T09:36:59Z,1782207419,ramp_1,450.0,0.0007272595043725031,{}
2,B,CPU Usage Rate,go_inventory,go,inventory,warehouse-go:8084,warehouse-go:8084,2026-06-23 15:06:59,2026-06-23T09:36:59Z,1782207419,ramp_1,450.0,0.0007272727272730993,{}
2,B,CPU Usage Rate,go_inventory,go,inventory,inventory-go-twin:9082,inventory-go-twin:9082,2026-06-23 15:07:14,2026-06-23T09:37:14Z,1782207434,ramp_1,465.0,0.011636363636363518,{}
2,B,CPU Usage Rate,go_inventory,go,inventory,order-go-twin:9083,order-go-twin:9083,2026-06-23 15:07:14,2026-06-23T09:37:14Z,1782207434,ramp_1,465.0,0.0005454644629902569,{}
2,B,CPU Usage Rate,go_inventory,go,inventory,warehouse-go:8084,warehouse-go:8084,2026-06-23 15:07:14,2026-06-23T09:37:14Z,1782207434,ramp_1,465.0,0.0009090909090911157,{}
2,B,CPU Usage Rate,go_inventory,go,inventory,inventory-go-twin:9082,inventory-go-twin:9082,2026-06-23 15:07:29,2026-06-23T09:37:29Z,1782207449,ramp_1,480.0,0.012727272727272778,{}
2,B,CPU Usage Rate,go_inventory,go,inventory,order-go-twin:9083,order-go-twin:9083,2026-06-23 15:07:29,2026-06-23T09:37:29Z,1782207449,ramp_1,480.0,0.0007272859506540204,{}
2,B,CPU Usage Rate,go_inventory,go,inventory,warehouse-go:8084,warehouse-go:8084,2026-06-23 15:07:29,2026-06-23T09:37:29Z,1782207449,ramp_1,480.0,0.0010909090909091322,{}
2,B,CPU Usage Rate,go_inventory,go,inventory,inventory-go-twin:9082,inventory-go-twin:9082,2026-06-23 15:07:44,2026-06-23T09:37:44Z,1782207464,ramp_1,495.0,0.01345454545454549,{}
2,B,CPU Usage Rate,go_inventory,go,inventory,order-go-twin:9083,order-go-twin:9083,2026-06-23 15:07:44,2026-06-23T09:37:44Z,1782207464,ramp_1,495.0,0.0003636429753270102,{}
2,B,CPU Usage Rate,go_inventory,go,inventory,warehouse-go:8084,warehouse-go:8084,2026-06-23 15:07:44,2026-06-23T09:37:44Z,1782207464,ramp_1,495.0,0.0010909090909091322,{}
2,B,CPU Usage Rate,go_inventory,go,inventory,inventory-go-twin:9082,inventory-go-twin:9082,2026-06-23 15:07:59,2026-06-23T09:37:59Z,1782207479,ramp_1,510.0,0.014181818181818202,{}
2,B,CPU Usage Rate,go_inventory,go,inventory,order-go-twin:9083,order-go-twin:9083,2026-06-23 15:07:59,2026-06-23T09:37:59Z,1782207479,ramp_1,510.0,0.0003636429753270102,{}
2,B,CPU Usage Rate,go_inventory,go,inventory,warehouse-go:8084,warehouse-go:8084,2026-06-23 15:07:59,2026-06-23T09:37:59Z,1782207479,ramp_1,510.0,0.0009090909090911157,{}
2,B,CPU Usage Rate,go_inventory,go,inventory,inventory-go-twin:9082,inventory-go-twin:9082,2026-06-23 15:08:14,2026-06-23T09:38:14Z,1782207494,ramp_1,525.0,0.015273004963726676,{}
2,B,CPU Usage Rate,go_inventory,go,inventory,order-go-twin:9083,order-go-twin:9083,2026-06-23 15:08:14,2026-06-23T09:38:14Z,1782207494,ramp_1,525.0,0.00018181818181801644,{}
2,B,CPU Usage Rate,go_inventory,go,inventory,warehouse-go:8084,warehouse-go:8084,2026-06-23 15:08:14,2026-06-23T09:38:14Z,1782207494,ramp_1,525.0,0.0009090909090911157,{}
2,B,CPU Usage Rate,go_inventory,go,inventory,inventory-go-twin:9082,inventory-go-twin:9082,2026-06-23 15:08:29,2026-06-23T09:38:29Z,1782207509,ramp_1,540.0,0.016181818181818193,{}
2,B,CPU Usage Rate,go_inventory,go,inventory,order-go-twin:9083,order-go-twin:9083,2026-06-23 15:08:29,2026-06-23T09:38:29Z,1782207509,ramp_1,540.0,0.0005454644629902569,{}
2,B,CPU Usage Rate,go_inventory,go,inventory,warehouse-go:8084,warehouse-go:8084,2026-06-23 15:08:29,2026-06-23T09:38:29Z,1782207509,ramp_1,540.0,0.0012727272727271486,{}
2,B,CPU Usage Rate,go_inventory,go,inventory,inventory-go-twin:9082,inventory-go-twin:9082,2026-06-23 15:08:44,2026-06-23T09:38:44Z,1782207524,ramp_1,555.0,0.016909090909091033,{}
2,B,CPU Usage Rate,go_inventory,go,inventory,order-go-twin:9083,order-go-twin:9083,2026-06-23 15:08:44,2026-06-23T09:38:44Z,1782207524,ramp_1,555.0,0.0005454545454545661,{}
2,B,CPU Usage Rate,go_inventory,go,inventory,warehouse-go:8084,warehouse-go:8084,2026-06-23 15:08:44,2026-06-23T09:38:44Z,1782207524,ramp_1,555.0,0.0010909090909091322,{}
2,B,CPU Usage Rate,go_inventory,go,inventory,inventory-go-twin:9082,inventory-go-twin:9082,2026-06-23 15:08:59,2026-06-23T09:38:59Z,1782207539,ramp_1,570.0,0.017272727272727325,{}
2,B,CPU Usage Rate,go_inventory,go,inventory,order-go-twin:9083,order-go-twin:9083,2026-06-23 15:08:59,2026-06-23T09:38:59Z,1782207539,ramp_1,570.0,0.0005454644629902569,{}
2,B,CPU Usage Rate,go_inventory,go,inventory,warehouse-go:8084,warehouse-go:8084,2026-06-23 15:08:59,2026-06-23T09:38:59Z,1782207539,ramp_1,570.0,0.0007272859506535037,{}
2,B,CPU Usage Rate,go_inventory,go,inventory,inventory-go-twin:9082,inventory-go-twin:9082,2026-06-23 15:09:14,2026-06-23T09:39:14Z,1782207554,ramp_1,585.0,0.01709090909090905,{}
2,B,CPU Usage Rate,go_inventory,go,inventory,order-go-twin:9083,order-go-twin:9083,2026-06-23 15:09:14,2026-06-23T09:39:14Z,1782207554,ramp_1,585.0,0.0005454545454545661,{}
2,B,CPU Usage Rate,go_inventory,go,inventory,warehouse-go:8084,warehouse-go:8084,2026-06-23 15:09:14,2026-06-23T09:39:14Z,1782207554,ramp_1,585.0,0.0009090909090911157,{}
2,B,CPU Usage Rate,go_inventory,go,inventory,inventory-go-twin:9082,inventory-go-twin:9082,2026-06-23 15:09:29,2026-06-23T09:39:29Z,1782207569,ramp_2,600.0,0.016909090909091033,{}
2,B,CPU Usage Rate,go_inventory,go,inventory,order-go-twin:9083,order-go-twin:9083,2026-06-23 15:09:29,2026-06-23T09:39:29Z,1782207569,ramp_2,600.0,0.0005454545454540493,{}
2,B,CPU Usage Rate,go_inventory,go,inventory,warehouse-go:8084,warehouse-go:8084,2026-06-23 15:09:29,2026-06-23T09:39:29Z,1782207569,ramp_2,600.0,0.0007272727272725826,{}
2,B,CPU Usage Rate,go_inventory,go,inventory,inventory-go-twin:9082,inventory-go-twin:9082,2026-06-23 15:09:44,2026-06-23T09:39:44Z,1782207584,ramp_2,615.0,0.017272727272727065,{}
2,B,CPU Usage Rate,go_inventory,go,inventory,order-go-twin:9083,order-go-twin:9083,2026-06-23 15:09:44,2026-06-23T09:39:44Z,1782207584,ramp_2,615.0,0.00036362975218599315,{}
2,B,CPU Usage Rate,go_inventory,go,inventory,warehouse-go:8084,warehouse-go:8084,2026-06-23 15:09:44,2026-06-23T09:39:44Z,1782207584,ramp_2,615.0,0.0007272595043725031,{}
2,B,CPU Usage Rate,go_inventory,go,inventory,inventory-go-twin:9082,inventory-go-twin:9082,2026-06-23 15:09:59,2026-06-23T09:39:59Z,1782207599,ramp_2,630.0,0.017272727272727325,{}
2,B,CPU Usage Rate,go_inventory,go,inventory,order-go-twin:9083,order-go-twin:9083,2026-06-23 15:09:59,2026-06-23T09:39:59Z,1782207599,ramp_2,630.0,0.00036363636363654966,{}
2,B,CPU Usage Rate,go_inventory,go,inventory,warehouse-go:8084,warehouse-go:8084,2026-06-23 15:09:59,2026-06-23T09:39:59Z,1782207599,ramp_2,630.0,0.0009090909090911157,{}
2,B,CPU Usage Rate,go_inventory,go,inventory,inventory-go-twin:9082,inventory-go-twin:9082,2026-06-23 15:10:14,2026-06-23T09:40:14Z,1782207614,ramp_2,645.0,0.01654545454545448,{}
2,B,CPU Usage Rate,go_inventory,go,inventory,order-go-twin:9083,order-go-twin:9083,2026-06-23 15:10:14,2026-06-23T09:40:14Z,1782207614,ramp_2,645.0,0.00036363636363654966,{}
2,B,CPU Usage Rate,go_inventory,go,inventory,warehouse-go:8084,warehouse-go:8084,2026-06-23 15:10:14,2026-06-23T09:40:14Z,1782207614,ramp_2,645.0,0.000909090909090599,{}
2,B,CPU Usage Rate,go_inventory,go,inventory,inventory-go-twin:9082,inventory-go-twin:9082,2026-06-23 15:10:29,2026-06-23T09:40:29Z,1782207629,ramp_2,660.0,0.01654545454545474,{}
2,B,CPU Usage Rate,go_inventory,go,inventory,order-go-twin:9083,order-go-twin:9083,2026-06-23 15:10:29,2026-06-23T09:40:29Z,1782207629,ramp_2,660.0,0.0001818181818185332,{}
2,B,CPU Usage Rate,go_inventory,go,inventory,warehouse-go:8084,warehouse-go:8084,2026-06-23 15:10:29,2026-06-23T09:40:29Z,1782207629,ramp_2,660.0,0.0007272727272725826,{}
2,B,CPU Usage Rate,go_inventory,go,inventory,inventory-go-twin:9082,inventory-go-twin:9082,2026-06-23 15:10:44,2026-06-23T09:40:44Z,1782207644,ramp_2,675.0,0.016000000000000174,{}
2,B,CPU Usage Rate,go_inventory,go,inventory,order-go-twin:9083,order-go-twin:9083,2026-06-23 15:10:44,2026-06-23T09:40:44Z,1782207644,ramp_2,675.0,0.00036363636363654966,{}
2,B,CPU Usage Rate,go_inventory,go,inventory,warehouse-go:8084,warehouse-go:8084,2026-06-23 15:10:44,2026-06-23T09:40:44Z,1782207644,ramp_2,675.0,0.0007272727272725826,{}
2,B,CPU Usage Rate,go_inventory,go,inventory,inventory-go-twin:9082,inventory-go-twin:9082,2026-06-23 15:10:59,2026-06-23T09:40:59Z,1782207659,ramp_2,690.0,0.016909090909090773,{}
2,B,CPU Usage Rate,go_inventory,go,inventory,order-go-twin:9083,order-go-twin:9083,2026-06-23 15:10:59,2026-06-23T09:40:59Z,1782207659,ramp_2,690.0,0.0003636363636360329,{}
2,B,CPU Usage Rate,go_inventory,go,inventory,warehouse-go:8084,warehouse-go:8084,2026-06-23 15:10:59,2026-06-23T09:40:59Z,1782207659,ramp_2,690.0,0.0005454545454545661,{}
2,B,CPU Usage Rate,go_inventory,go,inventory,inventory-go-twin:9082,inventory-go-twin:9082,2026-06-23 15:11:14,2026-06-23T09:41:14Z,1782207674,ramp_2,705.0,0.01799967273322294,{}
2,B,CPU Usage Rate,go_inventory,go,inventory,order-go-twin:9083,order-go-twin:9083,2026-06-23 15:11:14,2026-06-23T09:41:14Z,1782207674,ramp_2,705.0,0.0005454545454545661,{}
2,B,CPU Usage Rate,go_inventory,go,inventory,warehouse-go:8084,warehouse-go:8084,2026-06-23 15:11:14,2026-06-23T09:41:14Z,1782207674,ramp_2,705.0,0.0007272727272730993,{}
2,B,CPU Usage Rate,go_inventory,go,inventory,inventory-go-twin:9082,inventory-go-twin:9082,2026-06-23 15:11:29,2026-06-23T09:41:29Z,1782207689,ramp_2,720.0,0.018545454545454473,{}
2,B,CPU Usage Rate,go_inventory,go,inventory,order-go-twin:9083,order-go-twin:9083,2026-06-23 15:11:29,2026-06-23T09:41:29Z,1782207689,ramp_2,720.0,0.0007272727272725826,{}
2,B,CPU Usage Rate,go_inventory,go,inventory,warehouse-go:8084,warehouse-go:8084,2026-06-23 15:11:29,2026-06-23T09:41:29Z,1782207689,ramp_2,720.0,0.0009090909090911157,{}
2,B,CPU Usage Rate,go_inventory,go,inventory,inventory-go-twin:9082,inventory-go-twin:9082,2026-06-23 15:11:44,2026-06-23T09:41:44Z,1782207704,ramp_2,735.0,0.018727613229331464,{}
2,B,CPU Usage Rate,go_inventory,go,inventory,order-go-twin:9083,order-go-twin:9083,2026-06-23 15:11:44,2026-06-23T09:41:44Z,1782207704,ramp_2,735.0,0.0005454545454545661,{}
2,B,CPU Usage Rate,go_inventory,go,inventory,warehouse-go:8084,warehouse-go:8084,2026-06-23 15:11:44,2026-06-23T09:41:44Z,1782207704,ramp_2,735.0,0.0007272727272725826,{}
2,B,CPU Usage Rate,go_inventory,go,inventory,inventory-go-twin:9082,inventory-go-twin:9082,2026-06-23 15:11:59,2026-06-23T09:41:59Z,1782207719,ramp_2,750.0,0.01890943471699497,{}
2,B,CPU Usage Rate,go_inventory,go,inventory,order-go-twin:9083,order-go-twin:9083,2026-06-23 15:11:59,2026-06-23T09:41:59Z,1782207719,ramp_2,750.0,0.0005454545454545661,{}
2,B,CPU Usage Rate,go_inventory,go,inventory,warehouse-go:8084,warehouse-go:8084,2026-06-23 15:11:59,2026-06-23T09:41:59Z,1782207719,ramp_2,750.0,0.0005454545454545661,{}
2,B,CPU Usage Rate,go_inventory,go,inventory,inventory-go-twin:9082,inventory-go-twin:9082,2026-06-23 15:12:14,2026-06-23T09:42:14Z,1782207734,ramp_2,765.0,0.019090909090909037,{}
2,B,CPU Usage Rate,go_inventory,go,inventory,order-go-twin:9083,order-go-twin:9083,2026-06-23 15:12:14,2026-06-23T09:42:14Z,1782207734,ramp_2,765.0,0.0007272727272725826,{}
2,B,CPU Usage Rate,go_inventory,go,inventory,warehouse-go:8084,warehouse-go:8084,2026-06-23 15:12:14,2026-06-23T09:42:14Z,1782207734,ramp_2,765.0,0.000909090909090599,{}
2,B,CPU Usage Rate,go_inventory,go,inventory,inventory-go-twin:9082,inventory-go-twin:9082,2026-06-23 15:12:29,2026-06-23T09:42:29Z,1782207749,ramp_2,780.0,0.01945454545454533,{}
2,B,CPU Usage Rate,go_inventory,go,inventory,order-go-twin:9083,order-go-twin:9083,2026-06-23 15:12:29,2026-06-23T09:42:29Z,1782207749,ramp_2,780.0,0.0005454545454545661,{}
2,B,CPU Usage Rate,go_inventory,go,inventory,warehouse-go:8084,warehouse-go:8084,2026-06-23 15:12:29,2026-06-23T09:42:29Z,1782207749,ramp_2,780.0,0.0009090909090911157,{}
2,B,CPU Usage Rate,go_inventory,go,inventory,inventory-go-twin:9082,inventory-go-twin:9082,2026-06-23 15:12:44,2026-06-23T09:42:44Z,1782207764,ramp_2,795.0,0.019999999999999896,{}
2,B,CPU Usage Rate,go_inventory,go,inventory,order-go-twin:9083,order-go-twin:9083,2026-06-23 15:12:44,2026-06-23T09:42:44Z,1782207764,ramp_2,795.0,0.0007272595043725031,{}
2,B,CPU Usage Rate,go_inventory,go,inventory,warehouse-go:8084,warehouse-go:8084,2026-06-23 15:12:44,2026-06-23T09:42:44Z,1782207764,ramp_2,795.0,0.000909090909090599,{}
2,B,CPU Usage Rate,go_inventory,go,inventory,inventory-go-twin:9082,inventory-go-twin:9082,2026-06-23 15:12:59,2026-06-23T09:42:59Z,1782207779,ramp_2,810.0,0.019999636370247712,{}
2,B,CPU Usage Rate,go_inventory,go,inventory,order-go-twin:9083,order-go-twin:9083,2026-06-23 15:12:59,2026-06-23T09:42:59Z,1782207779,ramp_2,810.0,0.0003636363636360329,{}
2,B,CPU Usage Rate,go_inventory,go,inventory,warehouse-go:8084,warehouse-go:8084,2026-06-23 15:12:59,2026-06-23T09:42:59Z,1782207779,ramp_2,810.0,0.0009090909090911157,{}
2,B,CPU Usage Rate,go_inventory,go,inventory,inventory-go-twin:9082,inventory-go-twin:9082,2026-06-23 15:13:14,2026-06-23T09:43:14Z,1782207794,ramp_2,825.0,0.02054545454545472,{}
2,B,CPU Usage Rate,go_inventory,go,inventory,order-go-twin:9083,order-go-twin:9083,2026-06-23 15:13:14,2026-06-23T09:43:14Z,1782207794,ramp_2,825.0,0.00036363636363654966,{}
2,B,CPU Usage Rate,go_inventory,go,inventory,warehouse-go:8084,warehouse-go:8084,2026-06-23 15:13:14,2026-06-23T09:43:14Z,1782207794,ramp_2,825.0,0.0010909090909091322,{}
2,B,CPU Usage Rate,go_inventory,go,inventory,inventory-go-twin:9082,inventory-go-twin:9082,2026-06-23 15:13:29,2026-06-23T09:43:29Z,1782207809,ramp_2,840.0,0.020727272727272737,{}
2,B,CPU Usage Rate,go_inventory,go,inventory,order-go-twin:9083,order-go-twin:9083,2026-06-23 15:13:29,2026-06-23T09:43:29Z,1782207809,ramp_2,840.0,0.00036363636363654966,{}
2,B,CPU Usage Rate,go_inventory,go,inventory,warehouse-go:8084,warehouse-go:8084,2026-06-23 15:13:29,2026-06-23T09:43:29Z,1782207809,ramp_2,840.0,0.0007272727272725826,{}
2,B,CPU Usage Rate,go_inventory,go,inventory,inventory-go-twin:9082,inventory-go-twin:9082,2026-06-23 15:13:44,2026-06-23T09:43:44Z,1782207824,ramp_2,855.0,0.02054545454545472,{}
2,B,CPU Usage Rate,go_inventory,go,inventory,order-go-twin:9083,order-go-twin:9083,2026-06-23 15:13:44,2026-06-23T09:43:44Z,1782207824,ramp_2,855.0,0.0005454545454545661,{}
2,B,CPU Usage Rate,go_inventory,go,inventory,warehouse-go:8084,warehouse-go:8084,2026-06-23 15:13:44,2026-06-23T09:43:44Z,1782207824,ramp_2,855.0,0.0009090909090911157,{}
2,B,CPU Usage Rate,go_inventory,go,inventory,inventory-go-twin:9082,inventory-go-twin:9082,2026-06-23 15:13:59,2026-06-23T09:43:59Z,1782207839,ramp_2,870.0,0.02109090909090903,{}
2,B,CPU Usage Rate,go_inventory,go,inventory,order-go-twin:9083,order-go-twin:9083,2026-06-23 15:13:59,2026-06-23T09:43:59Z,1782207839,ramp_2,870.0,0.0007272727272725826,{}
2,B,CPU Usage Rate,go_inventory,go,inventory,warehouse-go:8084,warehouse-go:8084,2026-06-23 15:13:59,2026-06-23T09:43:59Z,1782207839,ramp_2,870.0,0.000909090909090599,{}
2,B,CPU Usage Rate,go_inventory,go,inventory,inventory-go-twin:9082,inventory-go-twin:9082,2026-06-23 15:14:14,2026-06-23T09:44:14Z,1782207854,ramp_2,885.0,0.02109090909090903,{}
2,B,CPU Usage Rate,go_inventory,go,inventory,order-go-twin:9083,order-go-twin:9083,2026-06-23 15:14:14,2026-06-23T09:44:14Z,1782207854,ramp_2,885.0,0.0005454644629902569,{}
2,B,CPU Usage Rate,go_inventory,go,inventory,warehouse-go:8084,warehouse-go:8084,2026-06-23 15:14:14,2026-06-23T09:44:14Z,1782207854,ramp_2,885.0,0.0009090909090911157,{}
2,B,CPU Usage Rate,go_inventory,go,inventory,inventory-go-twin:9082,inventory-go-twin:9082,2026-06-23 15:14:29,2026-06-23T09:44:29Z,1782207869,ramp_3,900.0,0.02145454545454532,{}
2,B,CPU Usage Rate,go_inventory,go,inventory,order-go-twin:9083,order-go-twin:9083,2026-06-23 15:14:29,2026-06-23T09:44:29Z,1782207869,ramp_3,900.0,0.0007272727272725826,{}
2,B,CPU Usage Rate,go_inventory,go,inventory,warehouse-go:8084,warehouse-go:8084,2026-06-23 15:14:29,2026-06-23T09:44:29Z,1782207869,ramp_3,900.0,0.0007272727272725826,{}
2,B,CPU Usage Rate,go_inventory,go,inventory,inventory-go-twin:9082,inventory-go-twin:9082,2026-06-23 15:14:44,2026-06-23T09:44:44Z,1782207884,ramp_3,915.0,0.022545454545454452,{}
2,B,CPU Usage Rate,go_inventory,go,inventory,order-go-twin:9083,order-go-twin:9083,2026-06-23 15:14:44,2026-06-23T09:44:44Z,1782207884,ramp_3,915.0,0.0005454644629902569,{}
2,B,CPU Usage Rate,go_inventory,go,inventory,warehouse-go:8084,warehouse-go:8084,2026-06-23 15:14:44,2026-06-23T09:44:44Z,1782207884,ramp_3,915.0,0.0010909090909091322,{}
2,B,CPU Usage Rate,go_inventory,go,inventory,inventory-go-twin:9082,inventory-go-twin:9082,2026-06-23 15:14:59,2026-06-23T09:44:59Z,1782207899,ramp_3,930.0,0.023272727272727292,{}
2,B,CPU Usage Rate,go_inventory,go,inventory,order-go-twin:9083,order-go-twin:9083,2026-06-23 15:14:59,2026-06-23T09:44:59Z,1782207899,ramp_3,930.0,0.00036363636363654966,{}
2,B,CPU Usage Rate,go_inventory,go,inventory,warehouse-go:8084,warehouse-go:8084,2026-06-23 15:14:59,2026-06-23T09:44:59Z,1782207899,ramp_3,930.0,0.0009090909090911157,{}
2,B,CPU Usage Rate,go_inventory,go,inventory,inventory-go-twin:9082,inventory-go-twin:9082,2026-06-23 15:15:14,2026-06-23T09:45:14Z,1782207914,ramp_3,945.0,0.02381818181818186,{}
2,B,CPU Usage Rate,go_inventory,go,inventory,order-go-twin:9083,order-go-twin:9083,2026-06-23 15:15:14,2026-06-23T09:45:14Z,1782207914,ramp_3,945.0,0.0005454545454545661,{}
2,B,CPU Usage Rate,go_inventory,go,inventory,warehouse-go:8084,warehouse-go:8084,2026-06-23 15:15:14,2026-06-23T09:45:14Z,1782207914,ramp_3,945.0,0.0010909090909091322,{}
2,B,CPU Usage Rate,go_inventory,go,inventory,inventory-go-twin:9082,inventory-go-twin:9082,2026-06-23 15:15:29,2026-06-23T09:45:29Z,1782207929,ramp_3,960.0,0.025090909090909008,{}
2,B,CPU Usage Rate,go_inventory,go,inventory,order-go-twin:9083,order-go-twin:9083,2026-06-23 15:15:29,2026-06-23T09:45:29Z,1782207929,ramp_3,960.0,0.0007272727272730993,{}
2,B,CPU Usage Rate,go_inventory,go,inventory,warehouse-go:8084,warehouse-go:8084,2026-06-23 15:15:29,2026-06-23T09:45:29Z,1782207929,ramp_3,960.0,0.0009090909090911157,{}
2,B,CPU Usage Rate,go_inventory,go,inventory,inventory-go-twin:9082,inventory-go-twin:9082,2026-06-23 15:15:44,2026-06-23T09:45:44Z,1782207944,ramp_3,975.0,0.0263641157111948,{}
2,B,CPU Usage Rate,go_inventory,go,inventory,order-go-twin:9083,order-go-twin:9083,2026-06-23 15:15:44,2026-06-23T09:45:44Z,1782207944,ramp_3,975.0,0.0007272727272725826,{}
2,B,CPU Usage Rate,go_inventory,go,inventory,warehouse-go:8084,warehouse-go:8084,2026-06-23 15:15:44,2026-06-23T09:45:44Z,1782207944,ramp_3,975.0,0.000909090909090599,{}
2,B,CPU Usage Rate,go_inventory,go,inventory,inventory-go-twin:9082,inventory-go-twin:9082,2026-06-23 15:15:59,2026-06-23T09:45:59Z,1782207959,ramp_3,990.0,0.027090909090908995,{}
2,B,CPU Usage Rate,go_inventory,go,inventory,order-go-twin:9083,order-go-twin:9083,2026-06-23 15:15:59,2026-06-23T09:45:59Z,1782207959,ramp_3,990.0,0.0007272859506535037,{}
2,B,CPU Usage Rate,go_inventory,go,inventory,warehouse-go:8084,warehouse-go:8084,2026-06-23 15:15:59,2026-06-23T09:45:59Z,1782207959,ramp_3,990.0,0.0007272727272730993,{}
2,B,CPU Usage Rate,go_inventory,go,inventory,inventory-go-twin:9082,inventory-go-twin:9082,2026-06-23 15:16:14,2026-06-23T09:46:14Z,1782207974,ramp_3,1005.0,0.027636363636363563,{}
2,B,CPU Usage Rate,go_inventory,go,inventory,order-go-twin:9083,order-go-twin:9083,2026-06-23 15:16:14,2026-06-23T09:46:14Z,1782207974,ramp_3,1005.0,0.0005454545454545661,{}
2,B,CPU Usage Rate,go_inventory,go,inventory,warehouse-go:8084,warehouse-go:8084,2026-06-23 15:16:14,2026-06-23T09:46:14Z,1782207974,ramp_3,1005.0,0.0005454545454545661,{}
2,B,CPU Usage Rate,go_inventory,go,inventory,inventory-go-twin:9082,inventory-go-twin:9082,2026-06-23 15:16:29,2026-06-23T09:46:29Z,1782207989,ramp_3,1020.0,0.02781818181818184,{}
2,B,CPU Usage Rate,go_inventory,go,inventory,order-go-twin:9083,order-go-twin:9083,2026-06-23 15:16:29,2026-06-23T09:46:29Z,1782207989,ramp_3,1020.0,0.0005454446282795065,{}
2,B,CPU Usage Rate,go_inventory,go,inventory,warehouse-go:8084,warehouse-go:8084,2026-06-23 15:16:29,2026-06-23T09:46:29Z,1782207989,ramp_3,1020.0,0.0005454545454545661,{}
2,B,CPU Usage Rate,go_inventory,go,inventory,inventory-go-twin:9082,inventory-go-twin:9082,2026-06-23 15:16:44,2026-06-23T09:46:44Z,1782208004,ramp_3,1035.0,0.02781818181818184,{}
2,B,CPU Usage Rate,go_inventory,go,inventory,order-go-twin:9083,order-go-twin:9083,2026-06-23 15:16:44,2026-06-23T09:46:44Z,1782208004,ramp_3,1035.0,0.0005454545454545661,{}
2,B,CPU Usage Rate,go_inventory,go,inventory,warehouse-go:8084,warehouse-go:8084,2026-06-23 15:16:44,2026-06-23T09:46:44Z,1782208004,ramp_3,1035.0,0.0005454545454545661,{}
2,B,CPU Usage Rate,go_inventory,go,inventory,inventory-go-twin:9082,inventory-go-twin:9082,2026-06-23 15:16:59,2026-06-23T09:46:59Z,1782208019,ramp_3,1050.0,0.028727272727272695,{}
2,B,CPU Usage Rate,go_inventory,go,inventory,order-go-twin:9083,order-go-twin:9083,2026-06-23 15:16:59,2026-06-23T09:46:59Z,1782208019,ramp_3,1050.0,0.0007272859506535037,{}
2,B,CPU Usage Rate,go_inventory,go,inventory,warehouse-go:8084,warehouse-go:8084,2026-06-23 15:16:59,2026-06-23T09:46:59Z,1782208019,ramp_3,1050.0,0.0007272727272725826,{}
2,B,CPU Usage Rate,go_inventory,go,inventory,inventory-go-twin:9082,inventory-go-twin:9082,2026-06-23 15:17:14,2026-06-23T09:47:14Z,1782208034,ramp_3,1065.0,0.02854545454545468,{}
2,B,CPU Usage Rate,go_inventory,go,inventory,order-go-twin:9083,order-go-twin:9083,2026-06-23 15:17:14,2026-06-23T09:47:14Z,1782208034,ramp_3,1065.0,0.0005454644629902569,{}
2,B,CPU Usage Rate,go_inventory,go,inventory,warehouse-go:8084,warehouse-go:8084,2026-06-23 15:17:14,2026-06-23T09:47:14Z,1782208034,ramp_3,1065.0,0.0009090743804654997,{}
2,B,CPU Usage Rate,go_inventory,go,inventory,inventory-go-twin:9082,inventory-go-twin:9082,2026-06-23 15:17:29,2026-06-23T09:47:29Z,1782208049,ramp_3,1080.0,0.026545937198858307,{}
2,B,CPU Usage Rate,go_inventory,go,inventory,order-go-twin:9083,order-go-twin:9083,2026-06-23 15:17:29,2026-06-23T09:47:29Z,1782208049,ramp_3,1080.0,0.00036362975218599315,{}
2,B,CPU Usage Rate,go_inventory,go,inventory,warehouse-go:8084,warehouse-go:8084,2026-06-23 15:17:29,2026-06-23T09:47:29Z,1782208049,ramp_3,1080.0,0.0009090909090911157,{}
2,B,CPU Usage Rate,go_inventory,go,inventory,inventory-go-twin:9082,inventory-go-twin:9082,2026-06-23 15:17:44,2026-06-23T09:47:44Z,1782208064,ramp_3,1095.0,0.02563589752913577,{}
2,B,CPU Usage Rate,go_inventory,go,inventory,order-go-twin:9083,order-go-twin:9083,2026-06-23 15:17:44,2026-06-23T09:47:44Z,1782208064,ramp_3,1095.0,0.0003636363636360329,{}
2,B,CPU Usage Rate,go_inventory,go,inventory,warehouse-go:8084,warehouse-go:8084,2026-06-23 15:17:44,2026-06-23T09:47:44Z,1782208064,ramp_3,1095.0,0.0007272727272725826,{}
2,B,CPU Usage Rate,go_inventory,go,inventory,inventory-go-twin:9082,inventory-go-twin:9082,2026-06-23 15:17:59,2026-06-23T09:47:59Z,1782208079,ramp_3,1110.0,0.024727272727272716,{}
2,B,CPU Usage Rate,go_inventory,go,inventory,order-go-twin:9083,order-go-twin:9083,2026-06-23 15:17:59,2026-06-23T09:47:59Z,1782208079,ramp_3,1110.0,0.00036362975218650993,{}
2,B,CPU Usage Rate,go_inventory,go,inventory,warehouse-go:8084,warehouse-go:8084,2026-06-23 15:17:59,2026-06-23T09:47:59Z,1782208079,ramp_3,1110.0,0.0007272727272725826,{}
2,B,CPU Usage Rate,go_inventory,go,inventory,inventory-go-twin:9082,inventory-go-twin:9082,2026-06-23 15:18:14,2026-06-23T09:48:14Z,1782208094,ramp_3,1125.0,0.025818651248204545,{}
2,B,CPU Usage Rate,go_inventory,go,inventory,order-go-twin:9083,order-go-twin:9083,2026-06-23 15:18:14,2026-06-23T09:48:14Z,1782208094,ramp_3,1125.0,0.0005454446282795065,{}
2,B,CPU Usage Rate,go_inventory,go,inventory,warehouse-go:8084,warehouse-go:8084,2026-06-23 15:18:14,2026-06-23T09:48:14Z,1782208094,ramp_3,1125.0,0.0007272595043730199,{}
2,B,CPU Usage Rate,go_inventory,go,inventory,inventory-go-twin:9082,inventory-go-twin:9082,2026-06-23 15:18:29,2026-06-23T09:48:29Z,1782208109,ramp_3,1140.0,0.02618181818181814,{}
2,B,CPU Usage Rate,go_inventory,go,inventory,order-go-twin:9083,order-go-twin:9083,2026-06-23 15:18:29,2026-06-23T09:48:29Z,1782208109,ramp_3,1140.0,0.00036362975218650993,{}
2,B,CPU Usage Rate,go_inventory,go,inventory,warehouse-go:8084,warehouse-go:8084,2026-06-23 15:18:29,2026-06-23T09:48:29Z,1782208109,ramp_3,1140.0,0.0005454545454545661,{}
2,B,CPU Usage Rate,go_inventory,go,inventory,inventory-go-twin:9082,inventory-go-twin:9082,2026-06-23 15:18:44,2026-06-23T09:48:44Z,1782208124,ramp_3,1155.0,0.02690909090909098,{}
2,B,CPU Usage Rate,go_inventory,go,inventory,order-go-twin:9083,order-go-twin:9083,2026-06-23 15:18:44,2026-06-23T09:48:44Z,1782208124,ramp_3,1155.0,0.0003636429753270102,{}
2,B,CPU Usage Rate,go_inventory,go,inventory,warehouse-go:8084,warehouse-go:8084,2026-06-23 15:18:44,2026-06-23T09:48:44Z,1782208124,ramp_3,1155.0,0.00036363636363654966,{}
2,B,CPU Usage Rate,go_inventory,go,inventory,inventory-go-twin:9082,inventory-go-twin:9082,2026-06-23 15:18:59,2026-06-23T09:48:59Z,1782208139,ramp_3,1170.0,0.027091401661848306,{}
2,B,CPU Usage Rate,go_inventory,go,inventory,order-go-twin:9083,order-go-twin:9083,2026-06-23 15:18:59,2026-06-23T09:48:59Z,1782208139,ramp_3,1170.0,0.0003636363636360329,{}
2,B,CPU Usage Rate,go_inventory,go,inventory,warehouse-go:8084,warehouse-go:8084,2026-06-23 15:18:59,2026-06-23T09:48:59Z,1782208139,ramp_3,1170.0,0.0007272595043730199,{}
2,B,CPU Usage Rate,go_inventory,go,inventory,inventory-go-twin:9082,inventory-go-twin:9082,2026-06-23 15:19:14,2026-06-23T09:49:14Z,1782208154,ramp_3,1185.0,0.02927272727272726,{}
2,B,CPU Usage Rate,go_inventory,go,inventory,order-go-twin:9083,order-go-twin:9083,2026-06-23 15:19:14,2026-06-23T09:49:14Z,1782208154,ramp_3,1185.0,0.0005454545454545661,{}
2,B,CPU Usage Rate,go_inventory,go,inventory,warehouse-go:8084,warehouse-go:8084,2026-06-23 15:19:14,2026-06-23T09:49:14Z,1782208154,ramp_3,1185.0,0.0007272727272725826,{}
2,B,CPU Usage Rate,go_inventory,go,inventory,inventory-go-twin:9082,inventory-go-twin:9082,2026-06-23 15:19:29,2026-06-23T09:49:29Z,1782208169,sustain,1200.0,0.031818181818181815,{}
2,B,CPU Usage Rate,go_inventory,go,inventory,order-go-twin:9083,order-go-twin:9083,2026-06-23 15:19:29,2026-06-23T09:49:29Z,1782208169,sustain,1200.0,0.0005454545454545661,{}
2,B,CPU Usage Rate,go_inventory,go,inventory,warehouse-go:8084,warehouse-go:8084,2026-06-23 15:19:29,2026-06-23T09:49:29Z,1782208169,sustain,1200.0,0.0009090743804654997,{}
2,B,CPU Usage Rate,go_inventory,go,inventory,inventory-go-twin:9082,inventory-go-twin:9082,2026-06-23 15:19:44,2026-06-23T09:49:44Z,1782208184,sustain,1215.0,0.03418243968072139,{}
2,B,CPU Usage Rate,go_inventory,go,inventory,order-go-twin:9083,order-go-twin:9083,2026-06-23 15:19:44,2026-06-23T09:49:44Z,1782208184,sustain,1215.0,0.0005454545454545661,{}
2,B,CPU Usage Rate,go_inventory,go,inventory,warehouse-go:8084,warehouse-go:8084,2026-06-23 15:19:44,2026-06-23T09:49:44Z,1782208184,sustain,1215.0,0.0007272727272725826,{}
2,B,CPU Usage Rate,go_inventory,go,inventory,inventory-go-twin:9082,inventory-go-twin:9082,2026-06-23 15:19:59,2026-06-23T09:49:59Z,1782208199,sustain,1230.0,0.0354545454545455,{}
2,B,CPU Usage Rate,go_inventory,go,inventory,order-go-twin:9083,order-go-twin:9083,2026-06-23 15:19:59,2026-06-23T09:49:59Z,1782208199,sustain,1230.0,0.0007272859506540204,{}
2,B,CPU Usage Rate,go_inventory,go,inventory,warehouse-go:8084,warehouse-go:8084,2026-06-23 15:19:59,2026-06-23T09:49:59Z,1782208199,sustain,1230.0,0.000909090909090599,{}
2,B,CPU Usage Rate,go_inventory,go,inventory,inventory-go-twin:9082,inventory-go-twin:9082,2026-06-23 15:20:14,2026-06-23T09:50:14Z,1782208214,sustain,1245.0,0.03727340497099942,{}
2,B,CPU Usage Rate,go_inventory,go,inventory,order-go-twin:9083,order-go-twin:9083,2026-06-23 15:20:14,2026-06-23T09:50:14Z,1782208214,sustain,1245.0,0.00036363636363654966,{}
2,B,CPU Usage Rate,go_inventory,go,inventory,warehouse-go:8084,warehouse-go:8084,2026-06-23 15:20:14,2026-06-23T09:50:14Z,1782208214,sustain,1245.0,0.0009090743804654997,{}
2,B,CPU Usage Rate,go_inventory,go,inventory,inventory-go-twin:9082,inventory-go-twin:9082,2026-06-23 15:20:29,2026-06-23T09:50:29Z,1782208229,sustain,1260.0,0.038908383483936666,{}
2,B,CPU Usage Rate,go_inventory,go,inventory,order-go-twin:9083,order-go-twin:9083,2026-06-23 15:20:29,2026-06-23T09:50:29Z,1782208229,sustain,1260.0,0.0005454545454545661,{}
2,B,CPU Usage Rate,go_inventory,go,inventory,warehouse-go:8084,warehouse-go:8084,2026-06-23 15:20:29,2026-06-23T09:50:29Z,1782208229,sustain,1260.0,0.0009091074383172671,{}
2,B,CPU Usage Rate,go_inventory,go,inventory,inventory-go-twin:9082,inventory-go-twin:9082,2026-06-23 15:20:44,2026-06-23T09:50:44Z,1782208244,sustain,1275.0,0.0412727272727272,{}
2,B,CPU Usage Rate,go_inventory,go,inventory,order-go-twin:9083,order-go-twin:9083,2026-06-23 15:20:44,2026-06-23T09:50:44Z,1782208244,sustain,1275.0,0.0005454545454545661,{}
2,B,CPU Usage Rate,go_inventory,go,inventory,warehouse-go:8084,warehouse-go:8084,2026-06-23 15:20:44,2026-06-23T09:50:44Z,1782208244,sustain,1275.0,0.0012727272727276653,{}
2,B,CPU Usage Rate,go_inventory,go,inventory,inventory-go-twin:9082,inventory-go-twin:9082,2026-06-23 15:20:59,2026-06-23T09:50:59Z,1782208259,sustain,1290.0,0.04181818181818176,{}
2,B,CPU Usage Rate,go_inventory,go,inventory,order-go-twin:9083,order-go-twin:9083,2026-06-23 15:20:59,2026-06-23T09:50:59Z,1782208259,sustain,1290.0,0.0005454446282795065,{}
2,B,CPU Usage Rate,go_inventory,go,inventory,warehouse-go:8084,warehouse-go:8084,2026-06-23 15:20:59,2026-06-23T09:50:59Z,1782208259,sustain,1290.0,0.0009090909090911157,{}
2,B,CPU Usage Rate,go_inventory,go,inventory,inventory-go-twin:9082,inventory-go-twin:9082,2026-06-23 15:21:14,2026-06-23T09:51:14Z,1782208274,sustain,1305.0,0.04109090909090892,{}
2,B,CPU Usage Rate,go_inventory,go,inventory,order-go-twin:9083,order-go-twin:9083,2026-06-23 15:21:14,2026-06-23T09:51:14Z,1782208274,sustain,1305.0,0.0005454446282795065,{}
2,B,CPU Usage Rate,go_inventory,go,inventory,warehouse-go:8084,warehouse-go:8084,2026-06-23 15:21:14,2026-06-23T09:51:14Z,1782208274,sustain,1305.0,0.0010909090909091322,{}
2,B,CPU Usage Rate,go_inventory,go,inventory,inventory-go-twin:9082,inventory-go-twin:9082,2026-06-23 15:21:29,2026-06-23T09:51:29Z,1782208289,sustain,1320.0,0.0412727272727272,{}
2,B,CPU Usage Rate,go_inventory,go,inventory,order-go-twin:9083,order-go-twin:9083,2026-06-23 15:21:29,2026-06-23T09:51:29Z,1782208289,sustain,1320.0,0.0007272727272725826,{}
2,B,CPU Usage Rate,go_inventory,go,inventory,warehouse-go:8084,warehouse-go:8084,2026-06-23 15:21:29,2026-06-23T09:51:29Z,1782208289,sustain,1320.0,0.0009091074383172671,{}
2,B,CPU Usage Rate,go_inventory,go,inventory,inventory-go-twin:9082,inventory-go-twin:9082,2026-06-23 15:21:44,2026-06-23T09:51:44Z,1782208304,sustain,1335.0,0.04181818181818176,{}
2,B,CPU Usage Rate,go_inventory,go,inventory,order-go-twin:9083,order-go-twin:9083,2026-06-23 15:21:44,2026-06-23T09:51:44Z,1782208304,sustain,1335.0,0.0007272859506540204,{}
2,B,CPU Usage Rate,go_inventory,go,inventory,warehouse-go:8084,warehouse-go:8084,2026-06-23 15:21:44,2026-06-23T09:51:44Z,1782208304,sustain,1335.0,0.0005454545454545661,{}
2,B,CPU Usage Rate,go_inventory,go,inventory,inventory-go-twin:9082,inventory-go-twin:9082,2026-06-23 15:21:59,2026-06-23T09:51:59Z,1782208319,sustain,1350.0,0.04254545454545461,{}
2,B,CPU Usage Rate,go_inventory,go,inventory,order-go-twin:9083,order-go-twin:9083,2026-06-23 15:21:59,2026-06-23T09:51:59Z,1782208319,sustain,1350.0,0.0005454545454545661,{}
2,B,CPU Usage Rate,go_inventory,go,inventory,warehouse-go:8084,warehouse-go:8084,2026-06-23 15:21:59,2026-06-23T09:51:59Z,1782208319,sustain,1350.0,0.0009090909090911157,{}
2,B,CPU Usage Rate,go_inventory,go,inventory,inventory-go-twin:9082,inventory-go-twin:9082,2026-06-23 15:22:14,2026-06-23T09:52:14Z,1782208334,sustain,1365.0,0.043090909090908916,{}
2,B,CPU Usage Rate,go_inventory,go,inventory,order-go-twin:9083,order-go-twin:9083,2026-06-23 15:22:14,2026-06-23T09:52:14Z,1782208334,sustain,1365.0,0.0007272595043725031,{}
2,B,CPU Usage Rate,go_inventory,go,inventory,warehouse-go:8084,warehouse-go:8084,2026-06-23 15:22:14,2026-06-23T09:52:14Z,1782208334,sustain,1365.0,0.0007272859506535037,{}
2,B,CPU Usage Rate,go_inventory,go,inventory,inventory-go-twin:9082,inventory-go-twin:9082,2026-06-23 15:22:29,2026-06-23T09:52:29Z,1782208349,sustain,1380.0,0.04254545454545461,{}
2,B,CPU Usage Rate,go_inventory,go,inventory,order-go-twin:9083,order-go-twin:9083,2026-06-23 15:22:29,2026-06-23T09:52:29Z,1782208349,sustain,1380.0,0.0005454644629902569,{}
2,B,CPU Usage Rate,go_inventory,go,inventory,warehouse-go:8084,warehouse-go:8084,2026-06-23 15:22:29,2026-06-23T09:52:29Z,1782208349,sustain,1380.0,0.0009090909090911157,{}
2,B,CPU Usage Rate,go_inventory,go,inventory,inventory-go-twin:9082,inventory-go-twin:9082,2026-06-23 15:22:44,2026-06-23T09:52:44Z,1782208364,sustain,1395.0,0.04254468100579996,{}
2,B,CPU Usage Rate,go_inventory,go,inventory,order-go-twin:9083,order-go-twin:9083,2026-06-23 15:22:44,2026-06-23T09:52:44Z,1782208364,sustain,1395.0,0.0003636363636360329,{}
2,B,CPU Usage Rate,go_inventory,go,inventory,warehouse-go:8084,warehouse-go:8084,2026-06-23 15:22:44,2026-06-23T09:52:44Z,1782208364,sustain,1395.0,0.0009090909090911157,{}
2,B,CPU Usage Rate,go_inventory,go,inventory,inventory-go-twin:9082,inventory-go-twin:9082,2026-06-23 15:22:59,2026-06-23T09:52:59Z,1782208379,sustain,1410.0,0.04236363636363633,{}
2,B,CPU Usage Rate,go_inventory,go,inventory,order-go-twin:9083,order-go-twin:9083,2026-06-23 15:22:59,2026-06-23T09:52:59Z,1782208379,sustain,1410.0,0.0005454446282795065,{}
2,B,CPU Usage Rate,go_inventory,go,inventory,warehouse-go:8084,warehouse-go:8084,2026-06-23 15:22:59,2026-06-23T09:52:59Z,1782208379,sustain,1410.0,0.0007272727272725826,{}
2,B,CPU Usage Rate,go_inventory,go,inventory,inventory-go-twin:9082,inventory-go-twin:9082,2026-06-23 15:23:14,2026-06-23T09:53:14Z,1782208394,sustain,1425.0,0.03927272727272721,{}
2,B,CPU Usage Rate,go_inventory,go,inventory,order-go-twin:9083,order-go-twin:9083,2026-06-23 15:23:14,2026-06-23T09:53:14Z,1782208394,sustain,1425.0,0.0005454446282795065,{}
2,B,CPU Usage Rate,go_inventory,go,inventory,warehouse-go:8084,warehouse-go:8084,2026-06-23 15:23:14,2026-06-23T09:53:14Z,1782208394,sustain,1425.0,0.0009090743804660164,{}
2,B,CPU Usage Rate,go_inventory,go,inventory,inventory-go-twin:9082,inventory-go-twin:9082,2026-06-23 15:23:29,2026-06-23T09:53:29Z,1782208409,sustain,1440.0,0.038545454545454626,{}
2,B,CPU Usage Rate,go_inventory,go,inventory,order-go-twin:9083,order-go-twin:9083,2026-06-23 15:23:29,2026-06-23T09:53:29Z,1782208409,sustain,1440.0,0.0005454446282795065,{}
2,B,CPU Usage Rate,go_inventory,go,inventory,warehouse-go:8084,warehouse-go:8084,2026-06-23 15:23:29,2026-06-23T09:53:29Z,1782208409,sustain,1440.0,0.0010909090909091322,{}
2,B,CPU Usage Rate,go_inventory,go,inventory,inventory-go-twin:9082,inventory-go-twin:9082,2026-06-23 15:23:44,2026-06-23T09:53:44Z,1782208424,sustain,1455.0,0.03563636363636352,{}
2,B,CPU Usage Rate,go_inventory,go,inventory,order-go-twin:9083,order-go-twin:9083,2026-06-23 15:23:44,2026-06-23T09:53:44Z,1782208424,sustain,1455.0,0.0003636429753264934,{}
2,B,CPU Usage Rate,go_inventory,go,inventory,warehouse-go:8084,warehouse-go:8084,2026-06-23 15:23:44,2026-06-23T09:53:44Z,1782208424,sustain,1455.0,0.0009090909090911157,{}
2,B,CPU Usage Rate,go_inventory,go,inventory,inventory-go-twin:9082,inventory-go-twin:9082,2026-06-23 15:23:59,2026-06-23T09:53:59Z,1782208439,sustain,1470.0,0.036909090909090926,{}
2,B,CPU Usage Rate,go_inventory,go,inventory,order-go-twin:9083,order-go-twin:9083,2026-06-23 15:23:59,2026-06-23T09:53:59Z,1782208439,sustain,1470.0,0.00036363636363654966,{}
2,B,CPU Usage Rate,go_inventory,go,inventory,warehouse-go:8084,warehouse-go:8084,2026-06-23 15:23:59,2026-06-23T09:53:59Z,1782208439,sustain,1470.0,0.0009090909090911157,{}
2,B,CPU Usage Rate,go_inventory,go,inventory,inventory-go-twin:9082,inventory-go-twin:9082,2026-06-23 15:24:14,2026-06-23T09:54:14Z,1782208454,sustain,1485.0,0.03836363636363635,{}
2,B,CPU Usage Rate,go_inventory,go,inventory,order-go-twin:9083,order-go-twin:9083,2026-06-23 15:24:14,2026-06-23T09:54:14Z,1782208454,sustain,1485.0,0.00036363636363654966,{}
2,B,CPU Usage Rate,go_inventory,go,inventory,warehouse-go:8084,warehouse-go:8084,2026-06-23 15:24:14,2026-06-23T09:54:14Z,1782208454,sustain,1485.0,0.0007272727272725826,{}
2,B,CPU Usage Rate,go_inventory,go,inventory,inventory-go-twin:9082,inventory-go-twin:9082,2026-06-23 15:24:29,2026-06-23T09:54:29Z,1782208469,sustain,1500.0,0.03909090909090919,{}
2,B,CPU Usage Rate,go_inventory,go,inventory,order-go-twin:9083,order-go-twin:9083,2026-06-23 15:24:29,2026-06-23T09:54:29Z,1782208469,sustain,1500.0,0.00036363636363654966,{}
2,B,CPU Usage Rate,go_inventory,go,inventory,warehouse-go:8084,warehouse-go:8084,2026-06-23 15:24:29,2026-06-23T09:54:29Z,1782208469,sustain,1500.0,0.0005454644629897401,{}
2,B,CPU Usage Rate,go_inventory,go,inventory,inventory-go-twin:9082,inventory-go-twin:9082,2026-06-23 15:24:44,2026-06-23T09:54:44Z,1782208484,sustain,1515.0,0.04145454545454547,{}
2,B,CPU Usage Rate,go_inventory,go,inventory,order-go-twin:9083,order-go-twin:9083,2026-06-23 15:24:44,2026-06-23T09:54:44Z,1782208484,sustain,1515.0,0.0003636363636360329,{}
2,B,CPU Usage Rate,go_inventory,go,inventory,warehouse-go:8084,warehouse-go:8084,2026-06-23 15:24:44,2026-06-23T09:54:44Z,1782208484,sustain,1515.0,0.0007272727272725826,{}
2,B,CPU Usage Rate,go_inventory,go,inventory,inventory-go-twin:9082,inventory-go-twin:9082,2026-06-23 15:24:59,2026-06-23T09:54:59Z,1782208499,sustain,1530.0,0.04163636363636349,{}
2,B,CPU Usage Rate,go_inventory,go,inventory,order-go-twin:9083,order-go-twin:9083,2026-06-23 15:24:59,2026-06-23T09:54:59Z,1782208499,sustain,1530.0,0.0005454545454545661,{}
2,B,CPU Usage Rate,go_inventory,go,inventory,warehouse-go:8084,warehouse-go:8084,2026-06-23 15:24:59,2026-06-23T09:54:59Z,1782208499,sustain,1530.0,0.0007272859506535037,{}
2,B,CPU Usage Rate,go_inventory,go,inventory,inventory-go-twin:9082,inventory-go-twin:9082,2026-06-23 15:25:14,2026-06-23T09:55:14Z,1782208514,sustain,1545.0,0.04090909090909091,{}
2,B,CPU Usage Rate,go_inventory,go,inventory,order-go-twin:9083,order-go-twin:9083,2026-06-23 15:25:14,2026-06-23T09:55:14Z,1782208514,sustain,1545.0,0.0007272727272725826,{}
2,B,CPU Usage Rate,go_inventory,go,inventory,warehouse-go:8084,warehouse-go:8084,2026-06-23 15:25:14,2026-06-23T09:55:14Z,1782208514,sustain,1545.0,0.0007272859506535037,{}
2,B,CPU Usage Rate,go_inventory,go,inventory,inventory-go-twin:9082,inventory-go-twin:9082,2026-06-23 15:25:29,2026-06-23T09:55:29Z,1782208529,sustain,1560.0,0.03890909090909092,{}
2,B,CPU Usage Rate,go_inventory,go,inventory,order-go-twin:9083,order-go-twin:9083,2026-06-23 15:25:29,2026-06-23T09:55:29Z,1782208529,sustain,1560.0,0.0005454545454545661,{}
2,B,CPU Usage Rate,go_inventory,go,inventory,warehouse-go:8084,warehouse-go:8084,2026-06-23 15:25:29,2026-06-23T09:55:29Z,1782208529,sustain,1560.0,0.0005454545454545661,{}
2,B,CPU Usage Rate,go_inventory,go,inventory,inventory-go-twin:9082,inventory-go-twin:9082,2026-06-23 15:25:44,2026-06-23T09:55:44Z,1782208544,sustain,1575.0,0.0370909090909092,{}
2,B,CPU Usage Rate,go_inventory,go,inventory,order-go-twin:9083,order-go-twin:9083,2026-06-23 15:25:44,2026-06-23T09:55:44Z,1782208544,sustain,1575.0,0.00036362975218599315,{}
2,B,CPU Usage Rate,go_inventory,go,inventory,warehouse-go:8084,warehouse-go:8084,2026-06-23 15:25:44,2026-06-23T09:55:44Z,1782208544,sustain,1575.0,0.0007272727272725826,{}
2,B,CPU Usage Rate,go_inventory,go,inventory,inventory-go-twin:9082,inventory-go-twin:9082,2026-06-23 15:25:59,2026-06-23T09:55:59Z,1782208559,sustain,1590.0,0.037090909090908945,{}
2,B,CPU Usage Rate,go_inventory,go,inventory,order-go-twin:9083,order-go-twin:9083,2026-06-23 15:25:59,2026-06-23T09:55:59Z,1782208559,sustain,1590.0,0.0005454446282795065,{}
2,B,CPU Usage Rate,go_inventory,go,inventory,warehouse-go:8084,warehouse-go:8084,2026-06-23 15:25:59,2026-06-23T09:55:59Z,1782208559,sustain,1590.0,0.0009090909090911157,{}
2,B,CPU Usage Rate,go_inventory,go,inventory,inventory-go-twin:9082,inventory-go-twin:9082,2026-06-23 15:26:14,2026-06-23T09:56:14Z,1782208574,sustain,1605.0,0.038727272727272645,{}
2,B,CPU Usage Rate,go_inventory,go,inventory,order-go-twin:9083,order-go-twin:9083,2026-06-23 15:26:14,2026-06-23T09:56:14Z,1782208574,sustain,1605.0,0.0005454545454545661,{}
2,B,CPU Usage Rate,go_inventory,go,inventory,warehouse-go:8084,warehouse-go:8084,2026-06-23 15:26:14,2026-06-23T09:56:14Z,1782208574,sustain,1605.0,0.0007272859506535037,{}
2,B,CPU Usage Rate,go_inventory,go,inventory,inventory-go-twin:9082,inventory-go-twin:9082,2026-06-23 15:26:29,2026-06-23T09:56:29Z,1782208589,sustain,1620.0,0.040545454545454614,{}
2,B,CPU Usage Rate,go_inventory,go,inventory,order-go-twin:9083,order-go-twin:9083,2026-06-23 15:26:29,2026-06-23T09:56:29Z,1782208589,sustain,1620.0,0.0005454545454545661,{}
2,B,CPU Usage Rate,go_inventory,go,inventory,warehouse-go:8084,warehouse-go:8084,2026-06-23 15:26:29,2026-06-23T09:56:29Z,1782208589,sustain,1620.0,0.0007272595043725031,{}
2,B,CPU Usage Rate,go_inventory,go,inventory,inventory-go-twin:9082,inventory-go-twin:9082,2026-06-23 15:26:44,2026-06-23T09:56:44Z,1782208604,sustain,1635.0,0.043273514063891995,{}
2,B,CPU Usage Rate,go_inventory,go,inventory,order-go-twin:9083,order-go-twin:9083,2026-06-23 15:26:44,2026-06-23T09:56:44Z,1782208604,sustain,1635.0,0.0007272595043730199,{}
2,B,CPU Usage Rate,go_inventory,go,inventory,warehouse-go:8084,warehouse-go:8084,2026-06-23 15:26:44,2026-06-23T09:56:44Z,1782208604,sustain,1635.0,0.0007272727272725826,{}
2,B,CPU Usage Rate,go_inventory,go,inventory,inventory-go-twin:9082,inventory-go-twin:9082,2026-06-23 15:26:59,2026-06-23T09:56:59Z,1782208619,sustain,1650.0,0.04236363636363633,{}
2,B,CPU Usage Rate,go_inventory,go,inventory,order-go-twin:9083,order-go-twin:9083,2026-06-23 15:26:59,2026-06-23T09:56:59Z,1782208619,sustain,1650.0,0.0005454545454545661,{}
2,B,CPU Usage Rate,go_inventory,go,inventory,warehouse-go:8084,warehouse-go:8084,2026-06-23 15:26:59,2026-06-23T09:56:59Z,1782208619,sustain,1650.0,0.0007272859506535037,{}
2,B,CPU Usage Rate,go_inventory,go,inventory,inventory-go-twin:9082,inventory-go-twin:9082,2026-06-23 15:27:14,2026-06-23T09:57:14Z,1782208634,sustain,1665.0,0.041818181818182025,{}
2,B,CPU Usage Rate,go_inventory,go,inventory,order-go-twin:9083,order-go-twin:9083,2026-06-23 15:27:14,2026-06-23T09:57:14Z,1782208634,sustain,1665.0,0.00036363636363654966,{}
2,B,CPU Usage Rate,go_inventory,go,inventory,warehouse-go:8084,warehouse-go:8084,2026-06-23 15:27:14,2026-06-23T09:57:14Z,1782208634,sustain,1665.0,0.0005454545454545661,{}
2,B,CPU Usage Rate,go_inventory,go,inventory,inventory-go-twin:9082,inventory-go-twin:9082,2026-06-23 15:27:29,2026-06-23T09:57:29Z,1782208649,sustain,1680.0,0.04145454545454547,{}
2,B,CPU Usage Rate,go_inventory,go,inventory,order-go-twin:9083,order-go-twin:9083,2026-06-23 15:27:29,2026-06-23T09:57:29Z,1782208649,sustain,1680.0,0.0003636363636360329,{}
2,B,CPU Usage Rate,go_inventory,go,inventory,warehouse-go:8084,warehouse-go:8084,2026-06-23 15:27:29,2026-06-23T09:57:29Z,1782208649,sustain,1680.0,0.0005454545454545661,{}
2,B,CPU Usage Rate,go_inventory,go,inventory,inventory-go-twin:9082,inventory-go-twin:9082,2026-06-23 15:27:44,2026-06-23T09:57:44Z,1782208664,sustain,1695.0,0.04090909090909091,{}
2,B,CPU Usage Rate,go_inventory,go,inventory,order-go-twin:9083,order-go-twin:9083,2026-06-23 15:27:44,2026-06-23T09:57:44Z,1782208664,sustain,1695.0,0.0007272727272725826,{}
2,B,CPU Usage Rate,go_inventory,go,inventory,warehouse-go:8084,warehouse-go:8084,2026-06-23 15:27:44,2026-06-23T09:57:44Z,1782208664,sustain,1695.0,0.0007272727272725826,{}
2,B,CPU Usage Rate,go_inventory,go,inventory,inventory-go-twin:9082,inventory-go-twin:9082,2026-06-23 15:27:59,2026-06-23T09:57:59Z,1782208679,sustain,1710.0,0.03909019836002992,{}
2,B,CPU Usage Rate,go_inventory,go,inventory,order-go-twin:9083,order-go-twin:9083,2026-06-23 15:27:59,2026-06-23T09:57:59Z,1782208679,sustain,1710.0,0.0007272727272725826,{}
2,B,CPU Usage Rate,go_inventory,go,inventory,warehouse-go:8084,warehouse-go:8084,2026-06-23 15:27:59,2026-06-23T09:57:59Z,1782208679,sustain,1710.0,0.0007272727272730993,{}
2,B,CPU Usage Rate,go_inventory,go,inventory,inventory-go-twin:9082,inventory-go-twin:9082,2026-06-23 15:28:14,2026-06-23T09:58:14Z,1782208694,sustain,1725.0,0.036909090909090926,{}
2,B,CPU Usage Rate,go_inventory,go,inventory,order-go-twin:9083,order-go-twin:9083,2026-06-23 15:28:14,2026-06-23T09:58:14Z,1782208694,sustain,1725.0,0.0007272727272725826,{}
2,B,CPU Usage Rate,go_inventory,go,inventory,warehouse-go:8084,warehouse-go:8084,2026-06-23 15:28:14,2026-06-23T09:58:14Z,1782208694,sustain,1725.0,0.0007272595043730199,{}
2,B,CPU Usage Rate,go_inventory,go,inventory,inventory-go-twin:9082,inventory-go-twin:9082,2026-06-23 15:28:29,2026-06-23T09:58:29Z,1782208709,sustain,1740.0,0.03563701158202865,{}
2,B,CPU Usage Rate,go_inventory,go,inventory,order-go-twin:9083,order-go-twin:9083,2026-06-23 15:28:29,2026-06-23T09:58:29Z,1782208709,sustain,1740.0,0.0005454545454545661,{}
2,B,CPU Usage Rate,go_inventory,go,inventory,warehouse-go:8084,warehouse-go:8084,2026-06-23 15:28:29,2026-06-23T09:58:29Z,1782208709,sustain,1740.0,0.0007272727272725826,{}
2,B,CPU Usage Rate,go_inventory,go,inventory,inventory-go-twin:9082,inventory-go-twin:9082,2026-06-23 15:28:44,2026-06-23T09:58:44Z,1782208724,sustain,1755.0,0.037090909090908945,{}
2,B,CPU Usage Rate,go_inventory,go,inventory,order-go-twin:9083,order-go-twin:9083,2026-06-23 15:28:44,2026-06-23T09:58:44Z,1782208724,sustain,1755.0,0.0005454644629902569,{}
2,B,CPU Usage Rate,go_inventory,go,inventory,warehouse-go:8084,warehouse-go:8084,2026-06-23 15:28:44,2026-06-23T09:58:44Z,1782208724,sustain,1755.0,0.0005454545454545661,{}
2,B,CPU Usage Rate,go_inventory,go,inventory,inventory-go-twin:9082,inventory-go-twin:9082,2026-06-23 15:28:59,2026-06-23T09:58:59Z,1782208739,sustain,1770.0,0.03927272727272721,{}
2,B,CPU Usage Rate,go_inventory,go,inventory,order-go-twin:9083,order-go-twin:9083,2026-06-23 15:28:59,2026-06-23T09:58:59Z,1782208739,sustain,1770.0,0.00036363636363654966,{}
2,B,CPU Usage Rate,go_inventory,go,inventory,warehouse-go:8084,warehouse-go:8084,2026-06-23 15:28:59,2026-06-23T09:58:59Z,1782208739,sustain,1770.0,0.0007272727272725826,{}
2,B,CPU Usage Rate,go_inventory,go,inventory,inventory-go-twin:9082,inventory-go-twin:9082,2026-06-23 15:29:14,2026-06-23T09:59:14Z,1782208754,sustain,1785.0,0.04145454545454547,{}
2,B,CPU Usage Rate,go_inventory,go,inventory,order-go-twin:9083,order-go-twin:9083,2026-06-23 15:29:14,2026-06-23T09:59:14Z,1782208754,sustain,1785.0,0.0005454545454545661,{}
2,B,CPU Usage Rate,go_inventory,go,inventory,warehouse-go:8084,warehouse-go:8084,2026-06-23 15:29:14,2026-06-23T09:59:14Z,1782208754,sustain,1785.0,0.0007272727272725826,{}
2,B,CPU Usage Rate,go_inventory,go,inventory,inventory-go-twin:9082,inventory-go-twin:9082,2026-06-23 15:29:29,2026-06-23T09:59:29Z,1782208769,cooldown,1800.0,0.0429090909090909,{}
2,B,CPU Usage Rate,go_inventory,go,inventory,order-go-twin:9083,order-go-twin:9083,2026-06-23 15:29:29,2026-06-23T09:59:29Z,1782208769,cooldown,1800.0,0.0005454545454545661,{}
2,B,CPU Usage Rate,go_inventory,go,inventory,warehouse-go:8084,warehouse-go:8084,2026-06-23 15:29:29,2026-06-23T09:59:29Z,1782208769,cooldown,1800.0,0.0009090909090911157,{}
2,B,CPU Usage Rate,go_inventory,go,inventory,inventory-go-twin:9082,inventory-go-twin:9082,2026-06-23 15:29:44,2026-06-23T09:59:44Z,1782208784,cooldown,1815.0,0.042546228113238486,{}
2,B,CPU Usage Rate,go_inventory,go,inventory,order-go-twin:9083,order-go-twin:9083,2026-06-23 15:29:44,2026-06-23T09:59:44Z,1782208784,cooldown,1815.0,0.0005454644629902569,{}
2,B,CPU Usage Rate,go_inventory,go,inventory,warehouse-go:8084,warehouse-go:8084,2026-06-23 15:29:44,2026-06-23T09:59:44Z,1782208784,cooldown,1815.0,0.0007272727272725826,{}
2,B,CPU Usage Rate,go_inventory,go,inventory,inventory-go-twin:9082,inventory-go-twin:9082,2026-06-23 15:29:59,2026-06-23T09:59:59Z,1782208799,cooldown,1830.0,0.04181894216258473,{}
2,B,CPU Usage Rate,go_inventory,go,inventory,order-go-twin:9083,order-go-twin:9083,2026-06-23 15:29:59,2026-06-23T09:59:59Z,1782208799,cooldown,1830.0,0.0007272727272725826,{}
2,B,CPU Usage Rate,go_inventory,go,inventory,warehouse-go:8084,warehouse-go:8084,2026-06-23 15:29:59,2026-06-23T09:59:59Z,1782208799,cooldown,1830.0,0.0007272727272725826,{}
2,B,CPU Usage Rate,go_inventory,go,inventory,inventory-go-twin:9082,inventory-go-twin:9082,2026-06-23 15:30:14,2026-06-23T10:00:14Z,1782208814,cooldown,1845.0,0.04072727272727263,{}
2,B,CPU Usage Rate,go_inventory,go,inventory,order-go-twin:9083,order-go-twin:9083,2026-06-23 15:30:14,2026-06-23T10:00:14Z,1782208814,cooldown,1845.0,0.0003636429753264934,{}
2,B,CPU Usage Rate,go_inventory,go,inventory,warehouse-go:8084,warehouse-go:8084,2026-06-23 15:30:14,2026-06-23T10:00:14Z,1782208814,cooldown,1845.0,0.0007272727272725826,{}
2,B,CPU Usage Rate,go_inventory,go,inventory,inventory-go-twin:9082,inventory-go-twin:9082,2026-06-23 15:30:29,2026-06-23T10:00:29Z,1782208829,cooldown,1860.0,0.03854615538464344,{}
2,B,CPU Usage Rate,go_inventory,go,inventory,order-go-twin:9083,order-go-twin:9083,2026-06-23 15:30:29,2026-06-23T10:00:29Z,1782208829,cooldown,1860.0,0.0005454446282795065,{}
2,B,CPU Usage Rate,go_inventory,go,inventory,warehouse-go:8084,warehouse-go:8084,2026-06-23 15:30:29,2026-06-23T10:00:29Z,1782208829,cooldown,1860.0,0.0009091074383167503,{}
2,B,CPU Usage Rate,go_inventory,go,inventory,inventory-go-twin:9082,inventory-go-twin:9082,2026-06-23 15:30:44,2026-06-23T10:00:44Z,1782208844,cooldown,1875.0,0.0352733686067019,{}
2,B,CPU Usage Rate,go_inventory,go,inventory,order-go-twin:9083,order-go-twin:9083,2026-06-23 15:30:44,2026-06-23T10:00:44Z,1782208844,cooldown,1875.0,0.0007272727272725826,{}
2,B,CPU Usage Rate,go_inventory,go,inventory,warehouse-go:8084,warehouse-go:8084,2026-06-23 15:30:44,2026-06-23T10:00:44Z,1782208844,cooldown,1875.0,0.0009090909090911157,{}
2,B,CPU Usage Rate,go_inventory,go,inventory,inventory-go-twin:9082,inventory-go-twin:9082,2026-06-23 15:30:59,2026-06-23T10:00:59Z,1782208859,cooldown,1890.0,0.031818181818181815,{}
2,B,CPU Usage Rate,go_inventory,go,inventory,order-go-twin:9083,order-go-twin:9083,2026-06-23 15:30:59,2026-06-23T10:00:59Z,1782208859,cooldown,1890.0,0.0005454446282795065,{}
2,B,CPU Usage Rate,go_inventory,go,inventory,warehouse-go:8084,warehouse-go:8084,2026-06-23 15:30:59,2026-06-23T10:00:59Z,1782208859,cooldown,1890.0,0.0007272727272730993,{}
2,B,CPU Usage Rate,go_inventory,go,inventory,inventory-go-twin:9082,inventory-go-twin:9082,2026-06-23 15:31:14,2026-06-23T10:01:14Z,1782208874,cooldown,1905.0,0.02890909090909071,{}
2,B,CPU Usage Rate,go_inventory,go,inventory,order-go-twin:9083,order-go-twin:9083,2026-06-23 15:31:14,2026-06-23T10:01:14Z,1782208874,cooldown,1905.0,0.0005454644629902569,{}
2,B,CPU Usage Rate,go_inventory,go,inventory,warehouse-go:8084,warehouse-go:8084,2026-06-23 15:31:14,2026-06-23T10:01:14Z,1782208874,cooldown,1905.0,0.0007272595043725031,{}
2,B,CPU Usage Rate,go_inventory,go,inventory,inventory-go-twin:9082,inventory-go-twin:9082,2026-06-23 15:31:29,2026-06-23T10:01:29Z,1782208889,cooldown,1920.0,0.02854545454545468,{}
2,B,CPU Usage Rate,go_inventory,go,inventory,order-go-twin:9083,order-go-twin:9083,2026-06-23 15:31:29,2026-06-23T10:01:29Z,1782208889,cooldown,1920.0,0.0007272859506535037,{}
2,B,CPU Usage Rate,go_inventory,go,inventory,warehouse-go:8084,warehouse-go:8084,2026-06-23 15:31:29,2026-06-23T10:01:29Z,1782208889,cooldown,1920.0,0.0007272727272730993,{}
2,B,CPU Usage Rate,go_inventory,go,inventory,inventory-go-twin:9082,inventory-go-twin:9082,2026-06-23 15:31:44,2026-06-23T10:01:44Z,1782208904,cooldown,1935.0,0.027636363636363563,{}
2,B,CPU Usage Rate,go_inventory,go,inventory,order-go-twin:9083,order-go-twin:9083,2026-06-23 15:31:44,2026-06-23T10:01:44Z,1782208904,cooldown,1935.0,0.0005454644629902569,{}
2,B,CPU Usage Rate,go_inventory,go,inventory,warehouse-go:8084,warehouse-go:8084,2026-06-23 15:31:44,2026-06-23T10:01:44Z,1782208904,cooldown,1935.0,0.0007272727272725826,{}
2,B,CPU Usage Rate,go_inventory,go,inventory,inventory-go-twin:9082,inventory-go-twin:9082,2026-06-23 15:31:59,2026-06-23T10:01:59Z,1782208919,cooldown,1950.0,0.02690909090909098,{}
2,B,CPU Usage Rate,go_inventory,go,inventory,order-go-twin:9083,order-go-twin:9083,2026-06-23 15:31:59,2026-06-23T10:01:59Z,1782208919,cooldown,1950.0,0.0005454644629902569,{}
2,B,CPU Usage Rate,go_inventory,go,inventory,warehouse-go:8084,warehouse-go:8084,2026-06-23 15:31:59,2026-06-23T10:01:59Z,1782208919,cooldown,1950.0,0.0007272727272725826,{}
2,B,CPU Usage Rate,go_inventory,go,inventory,inventory-go-twin:9082,inventory-go-twin:9082,2026-06-23 15:32:14,2026-06-23T10:02:14Z,1782208934,cooldown,1965.0,0.025272727272727284,{}
2,B,CPU Usage Rate,go_inventory,go,inventory,order-go-twin:9083,order-go-twin:9083,2026-06-23 15:32:14,2026-06-23T10:02:14Z,1782208934,cooldown,1965.0,0.0007272859506535037,{}
2,B,CPU Usage Rate,go_inventory,go,inventory,warehouse-go:8084,warehouse-go:8084,2026-06-23 15:32:14,2026-06-23T10:02:14Z,1782208934,cooldown,1965.0,0.0009090743804660164,{}
2,B,CPU Usage Rate,go_inventory,go,inventory,inventory-go-twin:9082,inventory-go-twin:9082,2026-06-23 15:32:29,2026-06-23T10:02:29Z,1782208949,cooldown,1980.0,0.022909090909091,{}
2,B,CPU Usage Rate,go_inventory,go,inventory,order-go-twin:9083,order-go-twin:9083,2026-06-23 15:32:29,2026-06-23T10:02:29Z,1782208949,cooldown,1980.0,0.0007272727272725826,{}
2,B,CPU Usage Rate,go_inventory,go,inventory,warehouse-go:8084,warehouse-go:8084,2026-06-23 15:32:29,2026-06-23T10:02:29Z,1782208949,cooldown,1980.0,0.000909090909090599,{}
2,B,CPU Usage Rate,go_inventory,go,inventory,inventory-go-twin:9082,inventory-go-twin:9082,2026-06-23 15:32:44,2026-06-23T10:02:44Z,1782208964,cooldown,1995.0,0.021454155378992975,{}
2,B,CPU Usage Rate,go_inventory,go,inventory,order-go-twin:9083,order-go-twin:9083,2026-06-23 15:32:44,2026-06-23T10:02:44Z,1782208964,cooldown,1995.0,0.0005454545454545661,{}
2,B,CPU Usage Rate,go_inventory,go,inventory,warehouse-go:8084,warehouse-go:8084,2026-06-23 15:32:44,2026-06-23T10:02:44Z,1782208964,cooldown,1995.0,0.0009090909090911157,{}
2,B,CPU Usage Rate,go_inventory,go,inventory,inventory-go-twin:9082,inventory-go-twin:9082,2026-06-23 15:32:59,2026-06-23T10:02:59Z,1782208979,cooldown,2010.0,0.019090909090909037,{}
2,B,CPU Usage Rate,go_inventory,go,inventory,order-go-twin:9083,order-go-twin:9083,2026-06-23 15:32:59,2026-06-23T10:02:59Z,1782208979,cooldown,2010.0,0.0003636429753264934,{}
2,B,CPU Usage Rate,go_inventory,go,inventory,warehouse-go:8084,warehouse-go:8084,2026-06-23 15:32:59,2026-06-23T10:02:59Z,1782208979,cooldown,2010.0,0.0009090909090911157,{}
2,B,CPU Usage Rate,go_inventory,go,inventory,inventory-go-twin:9082,inventory-go-twin:9082,2026-06-23 15:33:14,2026-06-23T10:03:14Z,1782208994,cooldown,2025.0,0.01654545454545448,{}
2,B,CPU Usage Rate,go_inventory,go,inventory,order-go-twin:9083,order-go-twin:9083,2026-06-23 15:33:14,2026-06-23T10:03:14Z,1782208994,cooldown,2025.0,0.0005454545454545661,{}
2,B,CPU Usage Rate,go_inventory,go,inventory,warehouse-go:8084,warehouse-go:8084,2026-06-23 15:33:14,2026-06-23T10:03:14Z,1782208994,cooldown,2025.0,0.0007272727272730993,{}
2,B,CPU Usage Rate,go_inventory,go,inventory,inventory-go-twin:9082,inventory-go-twin:9082,2026-06-23 15:33:29,2026-06-23T10:03:29Z,1782209009,cooldown,2040.0,0.013454790087092659,{}
2,B,CPU Usage Rate,go_inventory,go,inventory,order-go-twin:9083,order-go-twin:9083,2026-06-23 15:33:29,2026-06-23T10:03:29Z,1782209009,cooldown,2040.0,0.0005454446282795065,{}
2,B,CPU Usage Rate,go_inventory,go,inventory,warehouse-go:8084,warehouse-go:8084,2026-06-23 15:33:29,2026-06-23T10:03:29Z,1782209009,cooldown,2040.0,0.0009090743804660164,{}
2,B,CPU Usage Rate,go_inventory,go,inventory,inventory-go-twin:9082,inventory-go-twin:9082,2026-06-23 15:33:44,2026-06-23T10:03:44Z,1782209024,cooldown,2055.0,0.011272727272727354,{}
2,B,CPU Usage Rate,go_inventory,go,inventory,order-go-twin:9083,order-go-twin:9083,2026-06-23 15:33:44,2026-06-23T10:03:44Z,1782209024,cooldown,2055.0,0.0005454644629902569,{}
2,B,CPU Usage Rate,go_inventory,go,inventory,warehouse-go:8084,warehouse-go:8084,2026-06-23 15:33:44,2026-06-23T10:03:44Z,1782209024,cooldown,2055.0,0.0009091074383167503,{}
2,B,CPU Usage Rate,go_inventory,go,inventory,inventory-go-twin:9082,inventory-go-twin:9082,2026-06-23 15:33:59,2026-06-23T10:03:59Z,1782209039,cooldown,2070.0,0.009454373556844349,{}
2,B,CPU Usage Rate,go_inventory,go,inventory,order-go-twin:9083,order-go-twin:9083,2026-06-23 15:33:59,2026-06-23T10:03:59Z,1782209039,cooldown,2070.0,0.0005454545454545661,{}
2,B,CPU Usage Rate,go_inventory,go,inventory,warehouse-go:8084,warehouse-go:8084,2026-06-23 15:33:59,2026-06-23T10:03:59Z,1782209039,cooldown,2070.0,0.0009090909090911157,{}
2,B,CPU Usage Rate,go_inventory,go,inventory,inventory-go-twin:9082,inventory-go-twin:9082,2026-06-23 15:34:14,2026-06-23T10:04:14Z,1782209054,cooldown,2085.0,0.007999999999999959,{}
2,B,CPU Usage Rate,go_inventory,go,inventory,order-go-twin:9083,order-go-twin:9083,2026-06-23 15:34:14,2026-06-23T10:04:14Z,1782209054,cooldown,2085.0,0.0007272727272725826,{}
2,B,CPU Usage Rate,go_inventory,go,inventory,warehouse-go:8084,warehouse-go:8084,2026-06-23 15:34:14,2026-06-23T10:04:14Z,1782209054,cooldown,2085.0,0.0007272727272725826,{}
2,B,CPU Usage Rate,go_inventory,go,inventory,inventory-go-twin:9082,inventory-go-twin:9082,2026-06-23 15:34:29,2026-06-23T10:04:29Z,1782209069,post_test,2100.0,0.006181818181818243,{}
2,B,CPU Usage Rate,go_inventory,go,inventory,order-go-twin:9083,order-go-twin:9083,2026-06-23 15:34:29,2026-06-23T10:04:29Z,1782209069,post_test,2100.0,0.0005454644629902569,{}
2,B,CPU Usage Rate,go_inventory,go,inventory,warehouse-go:8084,warehouse-go:8084,2026-06-23 15:34:29,2026-06-23T10:04:29Z,1782209069,post_test,2100.0,0.0009090909090911157,{}
2,B,CPU Usage Rate,go_order,go,order,inventory-go-twin:9082,inventory-go-twin:9082,2026-06-23 13:39:11,2026-06-23T08:09:11Z,1782202151,warmup,0.0,0.00036363636363636367,{}
2,B,CPU Usage Rate,go_order,go,order,order-go-twin:9083,order-go-twin:9083,2026-06-23 13:39:11,2026-06-23T08:09:11Z,1782202151,warmup,0.0,0.00018181818181818183,{}
2,B,CPU Usage Rate,go_order,go,order,warehouse-go:8084,warehouse-go:8084,2026-06-23 13:39:11,2026-06-23T08:09:11Z,1782202151,warmup,0.0,0.0005454545454545454,{}
2,B,CPU Usage Rate,go_order,go,order,inventory-go-twin:9082,inventory-go-twin:9082,2026-06-23 13:39:26,2026-06-23T08:09:26Z,1782202166,warmup,15.0,0.00036363636363636356,{}
2,B,CPU Usage Rate,go_order,go,order,order-go-twin:9083,order-go-twin:9083,2026-06-23 13:39:26,2026-06-23T08:09:26Z,1782202166,warmup,15.0,0.00036363636363636356,{}
2,B,CPU Usage Rate,go_order,go,order,warehouse-go:8084,warehouse-go:8084,2026-06-23 13:39:26,2026-06-23T08:09:26Z,1782202166,warmup,15.0,0.0005454545454545454,{}
2,B,CPU Usage Rate,go_order,go,order,inventory-go-twin:9082,inventory-go-twin:9082,2026-06-23 13:39:41,2026-06-23T08:09:41Z,1782202181,warmup,30.0,0.0005454545454545456,{}
2,B,CPU Usage Rate,go_order,go,order,order-go-twin:9083,order-go-twin:9083,2026-06-23 13:39:41,2026-06-23T08:09:41Z,1782202181,warmup,30.0,0.00036363636363636356,{}
2,B,CPU Usage Rate,go_order,go,order,warehouse-go:8084,warehouse-go:8084,2026-06-23 13:39:41,2026-06-23T08:09:41Z,1782202181,warmup,30.0,0.0007272727272727271,{}
2,B,CPU Usage Rate,go_order,go,order,inventory-go-twin:9082,inventory-go-twin:9082,2026-06-23 13:39:56,2026-06-23T08:09:56Z,1782202196,warmup,45.0,0.0007272727272727271,{}
2,B,CPU Usage Rate,go_order,go,order,order-go-twin:9083,order-go-twin:9083,2026-06-23 13:39:56,2026-06-23T08:09:56Z,1782202196,warmup,45.0,0.0007272727272727271,{}
2,B,CPU Usage Rate,go_order,go,order,warehouse-go:8084,warehouse-go:8084,2026-06-23 13:39:56,2026-06-23T08:09:56Z,1782202196,warmup,45.0,0.0007272727272727273,{}
2,B,CPU Usage Rate,go_order,go,order,inventory-go-twin:9082,inventory-go-twin:9082,2026-06-23 13:40:11,2026-06-23T08:10:11Z,1782202211,warmup,60.0,0.0009090909090909091,{}
2,B,CPU Usage Rate,go_order,go,order,order-go-twin:9083,order-go-twin:9083,2026-06-23 13:40:11,2026-06-23T08:10:11Z,1782202211,warmup,60.0,0.0014545454545454547,{}
2,B,CPU Usage Rate,go_order,go,order,warehouse-go:8084,warehouse-go:8084,2026-06-23 13:40:11,2026-06-23T08:10:11Z,1782202211,warmup,60.0,0.0005454545454545454,{}
2,B,CPU Usage Rate,go_order,go,order,inventory-go-twin:9082,inventory-go-twin:9082,2026-06-23 13:40:26,2026-06-23T08:10:26Z,1782202226,warmup,75.0,0.0012727272727272728,{}
2,B,CPU Usage Rate,go_order,go,order,order-go-twin:9083,order-go-twin:9083,2026-06-23 13:40:26,2026-06-23T08:10:26Z,1782202226,warmup,75.0,0.0025454545454545456,{}
2,B,CPU Usage Rate,go_order,go,order,warehouse-go:8084,warehouse-go:8084,2026-06-23 13:40:26,2026-06-23T08:10:26Z,1782202226,warmup,75.0,0.00018181818181818197,{}
2,B,CPU Usage Rate,go_order,go,order,inventory-go-twin:9082,inventory-go-twin:9082,2026-06-23 13:40:41,2026-06-23T08:10:41Z,1782202241,warmup,90.0,0.0021818181818181815,{}
2,B,CPU Usage Rate,go_order,go,order,order-go-twin:9083,order-go-twin:9083,2026-06-23 13:40:41,2026-06-23T08:10:41Z,1782202241,warmup,90.0,0.0038181818181818174,{}
2,B,CPU Usage Rate,go_order,go,order,warehouse-go:8084,warehouse-go:8084,2026-06-23 13:40:41,2026-06-23T08:10:41Z,1782202241,warmup,90.0,0.0005454545454545454,{}
2,B,CPU Usage Rate,go_order,go,order,inventory-go-twin:9082,inventory-go-twin:9082,2026-06-23 13:40:56,2026-06-23T08:10:56Z,1782202256,warmup,105.0,0.003272727272727273,{}
2,B,CPU Usage Rate,go_order,go,order,order-go-twin:9083,order-go-twin:9083,2026-06-23 13:40:56,2026-06-23T08:10:56Z,1782202256,warmup,105.0,0.006727272727272727,{}
2,B,CPU Usage Rate,go_order,go,order,warehouse-go:8084,warehouse-go:8084,2026-06-23 13:40:56,2026-06-23T08:10:56Z,1782202256,warmup,105.0,0.00036363636363636345,{}
2,B,CPU Usage Rate,go_order,go,order,inventory-go-twin:9082,inventory-go-twin:9082,2026-06-23 13:41:11,2026-06-23T08:11:11Z,1782202271,warmup,120.0,0.004363636363636363,{}
2,B,CPU Usage Rate,go_order,go,order,order-go-twin:9083,order-go-twin:9083,2026-06-23 13:41:11,2026-06-23T08:11:11Z,1782202271,warmup,120.0,0.009454545454545455,{}
2,B,CPU Usage Rate,go_order,go,order,warehouse-go:8084,warehouse-go:8084,2026-06-23 13:41:11,2026-06-23T08:11:11Z,1782202271,warmup,120.0,0.0005454545454545454,{}
2,B,CPU Usage Rate,go_order,go,order,inventory-go-twin:9082,inventory-go-twin:9082,2026-06-23 13:41:26,2026-06-23T08:11:26Z,1782202286,warmup,135.0,0.0052727272727272735,{}
2,B,CPU Usage Rate,go_order,go,order,order-go-twin:9083,order-go-twin:9083,2026-06-23 13:41:26,2026-06-23T08:11:26Z,1782202286,warmup,135.0,0.012,{}
2,B,CPU Usage Rate,go_order,go,order,warehouse-go:8084,warehouse-go:8084,2026-06-23 13:41:26,2026-06-23T08:11:26Z,1782202286,warmup,135.0,0.0009090909090909089,{}
2,B,CPU Usage Rate,go_order,go,order,inventory-go-twin:9082,inventory-go-twin:9082,2026-06-23 13:41:41,2026-06-23T08:11:41Z,1782202301,warmup,150.0,0.006000000000000001,{}
2,B,CPU Usage Rate,go_order,go,order,order-go-twin:9083,order-go-twin:9083,2026-06-23 13:41:41,2026-06-23T08:11:41Z,1782202301,warmup,150.0,0.014000000000000002,{}
2,B,CPU Usage Rate,go_order,go,order,warehouse-go:8084,warehouse-go:8084,2026-06-23 13:41:41,2026-06-23T08:11:41Z,1782202301,warmup,150.0,0.0005454545454545454,{}
2,B,CPU Usage Rate,go_order,go,order,inventory-go-twin:9082,inventory-go-twin:9082,2026-06-23 13:41:56,2026-06-23T08:11:56Z,1782202316,warmup,165.0,0.006,{}
2,B,CPU Usage Rate,go_order,go,order,order-go-twin:9083,order-go-twin:9083,2026-06-23 13:41:56,2026-06-23T08:11:56Z,1782202316,warmup,165.0,0.013636363636363636,{}
2,B,CPU Usage Rate,go_order,go,order,warehouse-go:8084,warehouse-go:8084,2026-06-23 13:41:56,2026-06-23T08:11:56Z,1782202316,warmup,165.0,0.0005454545454545454,{}
2,B,CPU Usage Rate,go_order,go,order,inventory-go-twin:9082,inventory-go-twin:9082,2026-06-23 13:42:11,2026-06-23T08:12:11Z,1782202331,warmup,180.0,0.005454545454545455,{}
2,B,CPU Usage Rate,go_order,go,order,order-go-twin:9083,order-go-twin:9083,2026-06-23 13:42:11,2026-06-23T08:12:11Z,1782202331,warmup,180.0,0.012727272727272726,{}
2,B,CPU Usage Rate,go_order,go,order,warehouse-go:8084,warehouse-go:8084,2026-06-23 13:42:11,2026-06-23T08:12:11Z,1782202331,warmup,180.0,0.0007272727272727273,{}
2,B,CPU Usage Rate,go_order,go,order,inventory-go-twin:9082,inventory-go-twin:9082,2026-06-23 13:42:26,2026-06-23T08:12:26Z,1782202346,warmup,195.0,0.0047272727272727275,{}
2,B,CPU Usage Rate,go_order,go,order,order-go-twin:9083,order-go-twin:9083,2026-06-23 13:42:26,2026-06-23T08:12:26Z,1782202346,warmup,195.0,0.011454545454545457,{}
2,B,CPU Usage Rate,go_order,go,order,warehouse-go:8084,warehouse-go:8084,2026-06-23 13:42:26,2026-06-23T08:12:26Z,1782202346,warmup,195.0,0.00036363636363636394,{}
2,B,CPU Usage Rate,go_order,go,order,inventory-go-twin:9082,inventory-go-twin:9082,2026-06-23 13:42:41,2026-06-23T08:12:41Z,1782202361,warmup,210.0,0.004181818181818183,{}
2,B,CPU Usage Rate,go_order,go,order,order-go-twin:9083,order-go-twin:9083,2026-06-23 13:42:41,2026-06-23T08:12:41Z,1782202361,warmup,210.0,0.009636363636363636,{}
2,B,CPU Usage Rate,go_order,go,order,warehouse-go:8084,warehouse-go:8084,2026-06-23 13:42:41,2026-06-23T08:12:41Z,1782202361,warmup,210.0,0.00018181818181818197,{}
2,B,CPU Usage Rate,go_order,go,order,inventory-go-twin:9082,inventory-go-twin:9082,2026-06-23 13:42:56,2026-06-23T08:12:56Z,1782202376,warmup,225.0,0.004363636363636363,{}
2,B,CPU Usage Rate,go_order,go,order,order-go-twin:9083,order-go-twin:9083,2026-06-23 13:42:56,2026-06-23T08:12:56Z,1782202376,warmup,225.0,0.010727272727272724,{}
2,B,CPU Usage Rate,go_order,go,order,warehouse-go:8084,warehouse-go:8084,2026-06-23 13:42:56,2026-06-23T08:12:56Z,1782202376,warmup,225.0,0.00018181818181818145,{}
2,B,CPU Usage Rate,go_order,go,order,inventory-go-twin:9082,inventory-go-twin:9082,2026-06-23 13:43:11,2026-06-23T08:13:11Z,1782202391,warmup,240.0,0.006000000000000001,{}
2,B,CPU Usage Rate,go_order,go,order,order-go-twin:9083,order-go-twin:9083,2026-06-23 13:43:11,2026-06-23T08:13:11Z,1782202391,warmup,240.0,0.013272727272727276,{}
2,B,CPU Usage Rate,go_order,go,order,warehouse-go:8084,warehouse-go:8084,2026-06-23 13:43:11,2026-06-23T08:13:11Z,1782202391,warmup,240.0,0.0005454545454545454,{}
2,B,CPU Usage Rate,go_order,go,order,inventory-go-twin:9082,inventory-go-twin:9082,2026-06-23 13:43:26,2026-06-23T08:13:26Z,1782202406,warmup,255.0,0.007272727272727271,{}
2,B,CPU Usage Rate,go_order,go,order,order-go-twin:9083,order-go-twin:9083,2026-06-23 13:43:26,2026-06-23T08:13:26Z,1782202406,warmup,255.0,0.016,{}
2,B,CPU Usage Rate,go_order,go,order,warehouse-go:8084,warehouse-go:8084,2026-06-23 13:43:26,2026-06-23T08:13:26Z,1782202406,warmup,255.0,0.0005454545454545454,{}
2,B,CPU Usage Rate,go_order,go,order,inventory-go-twin:9082,inventory-go-twin:9082,2026-06-23 13:43:41,2026-06-23T08:13:41Z,1782202421,warmup,270.0,0.008909090909090908,{}
2,B,CPU Usage Rate,go_order,go,order,order-go-twin:9083,order-go-twin:9083,2026-06-23 13:43:41,2026-06-23T08:13:41Z,1782202421,warmup,270.0,0.019090909090909092,{}
2,B,CPU Usage Rate,go_order,go,order,warehouse-go:8084,warehouse-go:8084,2026-06-23 13:43:41,2026-06-23T08:13:41Z,1782202421,warmup,270.0,0.0005454545454545454,{}
2,B,CPU Usage Rate,go_order,go,order,inventory-go-twin:9082,inventory-go-twin:9082,2026-06-23 13:43:56,2026-06-23T08:13:56Z,1782202436,warmup,285.0,0.009999999999999998,{}
2,B,CPU Usage Rate,go_order,go,order,order-go-twin:9083,order-go-twin:9083,2026-06-23 13:43:56,2026-06-23T08:13:56Z,1782202436,warmup,285.0,0.02127272727272728,{}
2,B,CPU Usage Rate,go_order,go,order,warehouse-go:8084,warehouse-go:8084,2026-06-23 13:43:56,2026-06-23T08:13:56Z,1782202436,warmup,285.0,0.0009090909090909093,{}
2,B,CPU Usage Rate,go_order,go,order,inventory-go-twin:9082,inventory-go-twin:9082,2026-06-23 13:44:11,2026-06-23T08:14:11Z,1782202451,ramp_1,300.0,0.010181818181818183,{}
2,B,CPU Usage Rate,go_order,go,order,order-go-twin:9083,order-go-twin:9083,2026-06-23 13:44:11,2026-06-23T08:14:11Z,1782202451,ramp_1,300.0,0.02254545454545455,{}
2,B,CPU Usage Rate,go_order,go,order,warehouse-go:8084,warehouse-go:8084,2026-06-23 13:44:11,2026-06-23T08:14:11Z,1782202451,ramp_1,300.0,0.0005454545454545454,{}
2,B,CPU Usage Rate,go_order,go,order,inventory-go-twin:9082,inventory-go-twin:9082,2026-06-23 13:44:26,2026-06-23T08:14:26Z,1782202466,ramp_1,315.0,0.010727272727272728,{}
2,B,CPU Usage Rate,go_order,go,order,order-go-twin:9083,order-go-twin:9083,2026-06-23 13:44:26,2026-06-23T08:14:26Z,1782202466,ramp_1,315.0,0.023636363636363632,{}
2,B,CPU Usage Rate,go_order,go,order,warehouse-go:8084,warehouse-go:8084,2026-06-23 13:44:26,2026-06-23T08:14:26Z,1782202466,ramp_1,315.0,0.0007272727272727269,{}
2,B,CPU Usage Rate,go_order,go,order,inventory-go-twin:9082,inventory-go-twin:9082,2026-06-23 13:44:41,2026-06-23T08:14:41Z,1782202481,ramp_1,330.0,0.01127272727272727,{}
2,B,CPU Usage Rate,go_order,go,order,order-go-twin:9083,order-go-twin:9083,2026-06-23 13:44:41,2026-06-23T08:14:41Z,1782202481,ramp_1,330.0,0.02563636363636363,{}
2,B,CPU Usage Rate,go_order,go,order,warehouse-go:8084,warehouse-go:8084,2026-06-23 13:44:41,2026-06-23T08:14:41Z,1782202481,ramp_1,330.0,0.0007272727272727273,{}
2,B,CPU Usage Rate,go_order,go,order,inventory-go-twin:9082,inventory-go-twin:9082,2026-06-23 13:44:56,2026-06-23T08:14:56Z,1782202496,ramp_1,345.0,0.012181818181818179,{}
2,B,CPU Usage Rate,go_order,go,order,order-go-twin:9083,order-go-twin:9083,2026-06-23 13:44:56,2026-06-23T08:14:56Z,1782202496,ramp_1,345.0,0.028,{}
2,B,CPU Usage Rate,go_order,go,order,warehouse-go:8084,warehouse-go:8084,2026-06-23 13:44:56,2026-06-23T08:14:56Z,1782202496,ramp_1,345.0,0.0005454545454545454,{}
2,B,CPU Usage Rate,go_order,go,order,inventory-go-twin:9082,inventory-go-twin:9082,2026-06-23 13:45:11,2026-06-23T08:15:11Z,1782202511,ramp_1,360.0,0.013454545454545459,{}
2,B,CPU Usage Rate,go_order,go,order,order-go-twin:9083,order-go-twin:9083,2026-06-23 13:45:11,2026-06-23T08:15:11Z,1782202511,ramp_1,360.0,0.031999999999999994,{}
2,B,CPU Usage Rate,go_order,go,order,warehouse-go:8084,warehouse-go:8084,2026-06-23 13:45:11,2026-06-23T08:15:11Z,1782202511,ramp_1,360.0,0.0007272727272727273,{}
2,B,CPU Usage Rate,go_order,go,order,inventory-go-twin:9082,inventory-go-twin:9082,2026-06-23 13:45:26,2026-06-23T08:15:26Z,1782202526,ramp_1,375.0,0.014727272727272728,{}
2,B,CPU Usage Rate,go_order,go,order,order-go-twin:9083,order-go-twin:9083,2026-06-23 13:45:26,2026-06-23T08:15:26Z,1782202526,ramp_1,375.0,0.03636363636363636,{}
2,B,CPU Usage Rate,go_order,go,order,warehouse-go:8084,warehouse-go:8084,2026-06-23 13:45:26,2026-06-23T08:15:26Z,1782202526,ramp_1,375.0,0.0005454545454545459,{}
2,B,CPU Usage Rate,go_order,go,order,inventory-go-twin:9082,inventory-go-twin:9082,2026-06-23 13:45:41,2026-06-23T08:15:41Z,1782202541,ramp_1,390.0,0.015454545454545455,{}
2,B,CPU Usage Rate,go_order,go,order,order-go-twin:9083,order-go-twin:9083,2026-06-23 13:45:41,2026-06-23T08:15:41Z,1782202541,ramp_1,390.0,0.03963636363636364,{}
2,B,CPU Usage Rate,go_order,go,order,warehouse-go:8084,warehouse-go:8084,2026-06-23 13:45:41,2026-06-23T08:15:41Z,1782202541,ramp_1,390.0,0.00036363636363636394,{}
2,B,CPU Usage Rate,go_order,go,order,inventory-go-twin:9082,inventory-go-twin:9082,2026-06-23 13:45:56,2026-06-23T08:15:56Z,1782202556,ramp_1,405.0,0.01636363636363636,{}
2,B,CPU Usage Rate,go_order,go,order,order-go-twin:9083,order-go-twin:9083,2026-06-23 13:45:56,2026-06-23T08:15:56Z,1782202556,ramp_1,405.0,0.04345454545454545,{}
2,B,CPU Usage Rate,go_order,go,order,warehouse-go:8084,warehouse-go:8084,2026-06-23 13:45:56,2026-06-23T08:15:56Z,1782202556,ramp_1,405.0,0.00036363636363636394,{}
2,B,CPU Usage Rate,go_order,go,order,inventory-go-twin:9082,inventory-go-twin:9082,2026-06-23 13:46:11,2026-06-23T08:16:11Z,1782202571,ramp_1,420.0,0.017818181818181816,{}
2,B,CPU Usage Rate,go_order,go,order,order-go-twin:9083,order-go-twin:9083,2026-06-23 13:46:11,2026-06-23T08:16:11Z,1782202571,ramp_1,420.0,0.04545454545454547,{}
2,B,CPU Usage Rate,go_order,go,order,warehouse-go:8084,warehouse-go:8084,2026-06-23 13:46:11,2026-06-23T08:16:11Z,1782202571,ramp_1,420.0,0.0003636363636363629,{}
2,B,CPU Usage Rate,go_order,go,order,inventory-go-twin:9082,inventory-go-twin:9082,2026-06-23 13:46:26,2026-06-23T08:16:26Z,1782202586,ramp_1,435.0,0.017454545454545452,{}
2,B,CPU Usage Rate,go_order,go,order,order-go-twin:9083,order-go-twin:9083,2026-06-23 13:46:26,2026-06-23T08:16:26Z,1782202586,ramp_1,435.0,0.04472727272727274,{}
2,B,CPU Usage Rate,go_order,go,order,warehouse-go:8084,warehouse-go:8084,2026-06-23 13:46:26,2026-06-23T08:16:26Z,1782202586,ramp_1,435.0,0.0005454545454545449,{}
2,B,CPU Usage Rate,go_order,go,order,inventory-go-twin:9082,inventory-go-twin:9082,2026-06-23 13:46:41,2026-06-23T08:16:41Z,1782202601,ramp_1,450.0,0.017818181818181816,{}
2,B,CPU Usage Rate,go_order,go,order,order-go-twin:9083,order-go-twin:9083,2026-06-23 13:46:41,2026-06-23T08:16:41Z,1782202601,ramp_1,450.0,0.043999999999999984,{}
2,B,CPU Usage Rate,go_order,go,order,warehouse-go:8084,warehouse-go:8084,2026-06-23 13:46:41,2026-06-23T08:16:41Z,1782202601,ramp_1,450.0,0.0003636363636363629,{}
2,B,CPU Usage Rate,go_order,go,order,inventory-go-twin:9082,inventory-go-twin:9082,2026-06-23 13:46:56,2026-06-23T08:16:56Z,1782202616,ramp_1,465.0,0.017454545454545462,{}
2,B,CPU Usage Rate,go_order,go,order,order-go-twin:9083,order-go-twin:9083,2026-06-23 13:46:56,2026-06-23T08:16:56Z,1782202616,ramp_1,465.0,0.04327272727272728,{}
2,B,CPU Usage Rate,go_order,go,order,warehouse-go:8084,warehouse-go:8084,2026-06-23 13:46:56,2026-06-23T08:16:56Z,1782202616,ramp_1,465.0,0.00018181818181818197,{}
2,B,CPU Usage Rate,go_order,go,order,inventory-go-twin:9082,inventory-go-twin:9082,2026-06-23 13:47:11,2026-06-23T08:17:11Z,1782202631,ramp_1,480.0,0.018000000000000002,{}
2,B,CPU Usage Rate,go_order,go,order,order-go-twin:9083,order-go-twin:9083,2026-06-23 13:47:11,2026-06-23T08:17:11Z,1782202631,ramp_1,480.0,0.045454545454545456,{}
2,B,CPU Usage Rate,go_order,go,order,warehouse-go:8084,warehouse-go:8084,2026-06-23 13:47:11,2026-06-23T08:17:11Z,1782202631,ramp_1,480.0,0.00036363636363636394,{}
2,B,CPU Usage Rate,go_order,go,order,inventory-go-twin:9082,inventory-go-twin:9082,2026-06-23 13:47:26,2026-06-23T08:17:26Z,1782202646,ramp_1,495.0,0.01981818181818182,{}
2,B,CPU Usage Rate,go_order,go,order,order-go-twin:9083,order-go-twin:9083,2026-06-23 13:47:26,2026-06-23T08:17:26Z,1782202646,ramp_1,495.0,0.04927272727272729,{}
2,B,CPU Usage Rate,go_order,go,order,warehouse-go:8084,warehouse-go:8084,2026-06-23 13:47:26,2026-06-23T08:17:26Z,1782202646,ramp_1,495.0,0.00036363636363636394,{}
2,B,CPU Usage Rate,go_order,go,order,inventory-go-twin:9082,inventory-go-twin:9082,2026-06-23 13:47:41,2026-06-23T08:17:41Z,1782202661,ramp_1,510.0,0.021454545454545466,{}
2,B,CPU Usage Rate,go_order,go,order,order-go-twin:9083,order-go-twin:9083,2026-06-23 13:47:41,2026-06-23T08:17:41Z,1782202661,ramp_1,510.0,0.05363636363636362,{}
2,B,CPU Usage Rate,go_order,go,order,warehouse-go:8084,warehouse-go:8084,2026-06-23 13:47:41,2026-06-23T08:17:41Z,1782202661,ramp_1,510.0,0.00036363636363636394,{}
2,B,CPU Usage Rate,go_order,go,order,inventory-go-twin:9082,inventory-go-twin:9082,2026-06-23 13:47:56,2026-06-23T08:17:56Z,1782202676,ramp_1,525.0,0.023090909090909082,{}
2,B,CPU Usage Rate,go_order,go,order,order-go-twin:9083,order-go-twin:9083,2026-06-23 13:47:56,2026-06-23T08:17:56Z,1782202676,ramp_1,525.0,0.05854545454545455,{}
2,B,CPU Usage Rate,go_order,go,order,warehouse-go:8084,warehouse-go:8084,2026-06-23 13:47:56,2026-06-23T08:17:56Z,1782202676,ramp_1,525.0,0.00018181818181818197,{}
2,B,CPU Usage Rate,go_order,go,order,inventory-go-twin:9082,inventory-go-twin:9082,2026-06-23 13:48:11,2026-06-23T08:18:11Z,1782202691,ramp_1,540.0,0.023636363636363632,{}
2,B,CPU Usage Rate,go_order,go,order,order-go-twin:9083,order-go-twin:9083,2026-06-23 13:48:11,2026-06-23T08:18:11Z,1782202691,ramp_1,540.0,0.05945454545454544,{}
2,B,CPU Usage Rate,go_order,go,order,warehouse-go:8084,warehouse-go:8084,2026-06-23 13:48:11,2026-06-23T08:18:11Z,1782202691,ramp_1,540.0,0.00018181818181818197,{}
2,B,CPU Usage Rate,go_order,go,order,inventory-go-twin:9082,inventory-go-twin:9082,2026-06-23 13:48:26,2026-06-23T08:18:26Z,1782202706,ramp_1,555.0,0.024363636363636358,{}
2,B,CPU Usage Rate,go_order,go,order,order-go-twin:9083,order-go-twin:9083,2026-06-23 13:48:26,2026-06-23T08:18:26Z,1782202706,ramp_1,555.0,0.06181818181818182,{}
2,B,CPU Usage Rate,go_order,go,order,warehouse-go:8084,warehouse-go:8084,2026-06-23 13:48:26,2026-06-23T08:18:26Z,1782202706,ramp_1,555.0,0.00018181818181818197,{}
2,B,CPU Usage Rate,go_order,go,order,inventory-go-twin:9082,inventory-go-twin:9082,2026-06-23 13:48:41,2026-06-23T08:18:41Z,1782202721,ramp_1,570.0,0.025272727272727284,{}
2,B,CPU Usage Rate,go_order,go,order,order-go-twin:9083,order-go-twin:9083,2026-06-23 13:48:41,2026-06-23T08:18:41Z,1782202721,ramp_1,570.0,0.06345454545454546,{}
2,B,CPU Usage Rate,go_order,go,order,warehouse-go:8084,warehouse-go:8084,2026-06-23 13:48:41,2026-06-23T08:18:41Z,1782202721,ramp_1,570.0,0.00036363636363636394,{}
2,B,CPU Usage Rate,go_order,go,order,inventory-go-twin:9082,inventory-go-twin:9082,2026-06-23 13:48:56,2026-06-23T08:18:56Z,1782202736,ramp_1,585.0,0.026363636363636367,{}
2,B,CPU Usage Rate,go_order,go,order,order-go-twin:9083,order-go-twin:9083,2026-06-23 13:48:56,2026-06-23T08:18:56Z,1782202736,ramp_1,585.0,0.06563636363636366,{}
2,B,CPU Usage Rate,go_order,go,order,warehouse-go:8084,warehouse-go:8084,2026-06-23 13:48:56,2026-06-23T08:18:56Z,1782202736,ramp_1,585.0,0.0005454545454545449,{}
2,B,CPU Usage Rate,go_order,go,order,inventory-go-twin:9082,inventory-go-twin:9082,2026-06-23 13:49:11,2026-06-23T08:19:11Z,1782202751,ramp_2,600.0,0.027818181818181804,{}
2,B,CPU Usage Rate,go_order,go,order,order-go-twin:9083,order-go-twin:9083,2026-06-23 13:49:11,2026-06-23T08:19:11Z,1782202751,ramp_2,600.0,0.06963636363636364,{}
2,B,CPU Usage Rate,go_order,go,order,warehouse-go:8084,warehouse-go:8084,2026-06-23 13:49:11,2026-06-23T08:19:11Z,1782202751,ramp_2,600.0,0.0005454545454545449,{}
2,B,CPU Usage Rate,go_order,go,order,inventory-go-twin:9082,inventory-go-twin:9082,2026-06-23 13:49:26,2026-06-23T08:19:26Z,1782202766,ramp_2,615.0,0.028363636363636355,{}
2,B,CPU Usage Rate,go_order,go,order,order-go-twin:9083,order-go-twin:9083,2026-06-23 13:49:26,2026-06-23T08:19:26Z,1782202766,ramp_2,615.0,0.0721818181818182,{}
2,B,CPU Usage Rate,go_order,go,order,warehouse-go:8084,warehouse-go:8084,2026-06-23 13:49:26,2026-06-23T08:19:26Z,1782202766,ramp_2,615.0,0.0003636363636363629,{}
2,B,CPU Usage Rate,go_order,go,order,inventory-go-twin:9082,inventory-go-twin:9082,2026-06-23 13:49:41,2026-06-23T08:19:41Z,1782202781,ramp_2,630.0,0.029454545454545455,{}
2,B,CPU Usage Rate,go_order,go,order,order-go-twin:9083,order-go-twin:9083,2026-06-23 13:49:41,2026-06-23T08:19:41Z,1782202781,ramp_2,630.0,0.07418181818181814,{}
2,B,CPU Usage Rate,go_order,go,order,warehouse-go:8084,warehouse-go:8084,2026-06-23 13:49:41,2026-06-23T08:19:41Z,1782202781,ramp_2,630.0,0.0003636363636363629,{}
2,B,CPU Usage Rate,go_order,go,order,inventory-go-twin:9082,inventory-go-twin:9082,2026-06-23 13:49:56,2026-06-23T08:19:56Z,1782202796,ramp_2,645.0,0.02999999999999999,{}
2,B,CPU Usage Rate,go_order,go,order,order-go-twin:9083,order-go-twin:9083,2026-06-23 13:49:56,2026-06-23T08:19:56Z,1782202796,ramp_2,645.0,0.07654545454545456,{}
2,B,CPU Usage Rate,go_order,go,order,warehouse-go:8084,warehouse-go:8084,2026-06-23 13:49:56,2026-06-23T08:19:56Z,1782202796,ramp_2,645.0,0.00036363636363636394,{}
2,B,CPU Usage Rate,go_order,go,order,inventory-go-twin:9082,inventory-go-twin:9082,2026-06-23 13:50:11,2026-06-23T08:20:11Z,1782202811,ramp_2,660.0,0.030909090909090893,{}
2,B,CPU Usage Rate,go_order,go,order,order-go-twin:9083,order-go-twin:9083,2026-06-23 13:50:11,2026-06-23T08:20:11Z,1782202811,ramp_2,660.0,0.07836363636363633,{}
2,B,CPU Usage Rate,go_order,go,order,warehouse-go:8084,warehouse-go:8084,2026-06-23 13:50:11,2026-06-23T08:20:11Z,1782202811,ramp_2,660.0,0.00018181818181818197,{}
2,B,CPU Usage Rate,go_order,go,order,inventory-go-twin:9082,inventory-go-twin:9082,2026-06-23 13:50:26,2026-06-23T08:20:26Z,1782202826,ramp_2,675.0,0.031818181818181815,{}
2,B,CPU Usage Rate,go_order,go,order,order-go-twin:9083,order-go-twin:9083,2026-06-23 13:50:26,2026-06-23T08:20:26Z,1782202826,ramp_2,675.0,0.08109090909090903,{}
2,B,CPU Usage Rate,go_order,go,order,warehouse-go:8084,warehouse-go:8084,2026-06-23 13:50:26,2026-06-23T08:20:26Z,1782202826,ramp_2,675.0,0.00036363636363636394,{}
2,B,CPU Usage Rate,go_order,go,order,inventory-go-twin:9082,inventory-go-twin:9082,2026-06-23 13:50:41,2026-06-23T08:20:41Z,1782202841,ramp_2,690.0,0.03290909090909088,{}
2,B,CPU Usage Rate,go_order,go,order,order-go-twin:9083,order-go-twin:9083,2026-06-23 13:50:41,2026-06-23T08:20:41Z,1782202841,ramp_2,690.0,0.08436363636363631,{}
2,B,CPU Usage Rate,go_order,go,order,warehouse-go:8084,warehouse-go:8084,2026-06-23 13:50:41,2026-06-23T08:20:41Z,1782202841,ramp_2,690.0,0.00018181818181818197,{}
2,B,CPU Usage Rate,go_order,go,order,inventory-go-twin:9082,inventory-go-twin:9082,2026-06-23 13:50:56,2026-06-23T08:20:56Z,1782202856,ramp_2,705.0,0.03363636363636366,{}
2,B,CPU Usage Rate,go_order,go,order,order-go-twin:9083,order-go-twin:9083,2026-06-23 13:50:56,2026-06-23T08:20:56Z,1782202856,ramp_2,705.0,0.08618181818181815,{}
2,B,CPU Usage Rate,go_order,go,order,warehouse-go:8084,warehouse-go:8084,2026-06-23 13:50:56,2026-06-23T08:20:56Z,1782202856,ramp_2,705.0,0.00036363636363636394,{}
2,B,CPU Usage Rate,go_order,go,order,inventory-go-twin:9082,inventory-go-twin:9082,2026-06-23 13:51:11,2026-06-23T08:21:11Z,1782202871,ramp_2,720.0,0.034000000000000016,{}
2,B,CPU Usage Rate,go_order,go,order,order-go-twin:9083,order-go-twin:9083,2026-06-23 13:51:11,2026-06-23T08:21:11Z,1782202871,ramp_2,720.0,0.08763636363636364,{}
2,B,CPU Usage Rate,go_order,go,order,warehouse-go:8084,warehouse-go:8084,2026-06-23 13:51:11,2026-06-23T08:21:11Z,1782202871,ramp_2,720.0,0.0005454545454545459,{}
2,B,CPU Usage Rate,go_order,go,order,inventory-go-twin:9082,inventory-go-twin:9082,2026-06-23 13:51:26,2026-06-23T08:21:26Z,1782202886,ramp_2,735.0,0.034000000000000016,{}
2,B,CPU Usage Rate,go_order,go,order,order-go-twin:9083,order-go-twin:9083,2026-06-23 13:51:26,2026-06-23T08:21:26Z,1782202886,ramp_2,735.0,0.088,{}
2,B,CPU Usage Rate,go_order,go,order,warehouse-go:8084,warehouse-go:8084,2026-06-23 13:51:26,2026-06-23T08:21:26Z,1782202886,ramp_2,735.0,0.00036363636363636394,{}
2,B,CPU Usage Rate,go_order,go,order,inventory-go-twin:9082,inventory-go-twin:9082,2026-06-23 13:51:41,2026-06-23T08:21:41Z,1782202901,ramp_2,750.0,0.03363636363636366,{}
2,B,CPU Usage Rate,go_order,go,order,order-go-twin:9083,order-go-twin:9083,2026-06-23 13:51:41,2026-06-23T08:21:41Z,1782202901,ramp_2,750.0,0.08727272727272728,{}
2,B,CPU Usage Rate,go_order,go,order,warehouse-go:8084,warehouse-go:8084,2026-06-23 13:51:41,2026-06-23T08:21:41Z,1782202901,ramp_2,750.0,0.0005454545454545449,{}
2,B,CPU Usage Rate,go_order,go,order,inventory-go-twin:9082,inventory-go-twin:9082,2026-06-23 13:51:56,2026-06-23T08:21:56Z,1782202916,ramp_2,765.0,0.03363636363636363,{}
2,B,CPU Usage Rate,go_order,go,order,order-go-twin:9083,order-go-twin:9083,2026-06-23 13:51:56,2026-06-23T08:21:56Z,1782202916,ramp_2,765.0,0.08709090909090914,{}
2,B,CPU Usage Rate,go_order,go,order,warehouse-go:8084,warehouse-go:8084,2026-06-23 13:51:56,2026-06-23T08:21:56Z,1782202916,ramp_2,765.0,0.0005454545454545449,{}
2,B,CPU Usage Rate,go_order,go,order,inventory-go-twin:9082,inventory-go-twin:9082,2026-06-23 13:52:11,2026-06-23T08:22:11Z,1782202931,ramp_2,780.0,0.0338181818181818,{}
2,B,CPU Usage Rate,go_order,go,order,order-go-twin:9083,order-go-twin:9083,2026-06-23 13:52:11,2026-06-23T08:22:11Z,1782202931,ramp_2,780.0,0.08672727272727271,{}
2,B,CPU Usage Rate,go_order,go,order,warehouse-go:8084,warehouse-go:8084,2026-06-23 13:52:11,2026-06-23T08:22:11Z,1782202931,ramp_2,780.0,0.0003636363636363629,{}
2,B,CPU Usage Rate,go_order,go,order,inventory-go-twin:9082,inventory-go-twin:9082,2026-06-23 13:52:26,2026-06-23T08:22:26Z,1782202946,ramp_2,795.0,0.0338181818181818,{}
2,B,CPU Usage Rate,go_order,go,order,order-go-twin:9083,order-go-twin:9083,2026-06-23 13:52:26,2026-06-23T08:22:26Z,1782202946,ramp_2,795.0,0.08709090909090907,{}
2,B,CPU Usage Rate,go_order,go,order,warehouse-go:8084,warehouse-go:8084,2026-06-23 13:52:26,2026-06-23T08:22:26Z,1782202946,ramp_2,795.0,0.00018181818181818197,{}
2,B,CPU Usage Rate,go_order,go,order,inventory-go-twin:9082,inventory-go-twin:9082,2026-06-23 13:52:41,2026-06-23T08:22:41Z,1782202961,ramp_2,810.0,0.03399999999999998,{}
2,B,CPU Usage Rate,go_order,go,order,order-go-twin:9083,order-go-twin:9083,2026-06-23 13:52:41,2026-06-23T08:22:41Z,1782202961,ramp_2,810.0,0.0874545454545455,{}
2,B,CPU Usage Rate,go_order,go,order,warehouse-go:8084,warehouse-go:8084,2026-06-23 13:52:41,2026-06-23T08:22:41Z,1782202961,ramp_2,810.0,0.00036363636363636394,{}
2,B,CPU Usage Rate,go_order,go,order,inventory-go-twin:9082,inventory-go-twin:9082,2026-06-23 13:52:56,2026-06-23T08:22:56Z,1782202976,ramp_2,825.0,0.03399999999999998,{}
2,B,CPU Usage Rate,go_order,go,order,order-go-twin:9083,order-go-twin:9083,2026-06-23 13:52:56,2026-06-23T08:22:56Z,1782202976,ramp_2,825.0,0.08727272727272735,{}
2,B,CPU Usage Rate,go_order,go,order,warehouse-go:8084,warehouse-go:8084,2026-06-23 13:52:56,2026-06-23T08:22:56Z,1782202976,ramp_2,825.0,0.00018181818181818197,{}
2,B,CPU Usage Rate,go_order,go,order,inventory-go-twin:9082,inventory-go-twin:9082,2026-06-23 13:53:11,2026-06-23T08:23:11Z,1782202991,ramp_2,840.0,0.03399999999999998,{}
2,B,CPU Usage Rate,go_order,go,order,order-go-twin:9083,order-go-twin:9083,2026-06-23 13:53:11,2026-06-23T08:23:11Z,1782202991,ramp_2,840.0,0.08709090909090907,{}
2,B,CPU Usage Rate,go_order,go,order,warehouse-go:8084,warehouse-go:8084,2026-06-23 13:53:11,2026-06-23T08:23:11Z,1782202991,ramp_2,840.0,0.00036363636363636394,{}
2,B,CPU Usage Rate,go_order,go,order,inventory-go-twin:9082,inventory-go-twin:9082,2026-06-23 13:53:26,2026-06-23T08:23:26Z,1782203006,ramp_2,855.0,0.03218181818181817,{}
2,B,CPU Usage Rate,go_order,go,order,order-go-twin:9083,order-go-twin:9083,2026-06-23 13:53:26,2026-06-23T08:23:26Z,1782203006,ramp_2,855.0,0.08254545454545466,{}
2,B,CPU Usage Rate,go_order,go,order,warehouse-go:8084,warehouse-go:8084,2026-06-23 13:53:26,2026-06-23T08:23:26Z,1782203006,ramp_2,855.0,0.0005454545454545459,{}
2,B,CPU Usage Rate,go_order,go,order,inventory-go-twin:9082,inventory-go-twin:9082,2026-06-23 13:53:41,2026-06-23T08:23:41Z,1782203021,ramp_2,870.0,0.03218181818181817,{}
2,B,CPU Usage Rate,go_order,go,order,order-go-twin:9083,order-go-twin:9083,2026-06-23 13:53:41,2026-06-23T08:23:41Z,1782203021,ramp_2,870.0,0.08236363636363625,{}
2,B,CPU Usage Rate,go_order,go,order,warehouse-go:8084,warehouse-go:8084,2026-06-23 13:53:41,2026-06-23T08:23:41Z,1782203021,ramp_2,870.0,0.00036363636363636394,{}
2,B,CPU Usage Rate,go_order,go,order,inventory-go-twin:9082,inventory-go-twin:9082,2026-06-23 13:53:56,2026-06-23T08:23:56Z,1782203036,ramp_2,885.0,0.03218181818181817,{}
2,B,CPU Usage Rate,go_order,go,order,order-go-twin:9083,order-go-twin:9083,2026-06-23 13:53:56,2026-06-23T08:23:56Z,1782203036,ramp_2,885.0,0.0821818181818181,{}
2,B,CPU Usage Rate,go_order,go,order,warehouse-go:8084,warehouse-go:8084,2026-06-23 13:53:56,2026-06-23T08:23:56Z,1782203036,ramp_2,885.0,0.00036363636363636394,{}
2,B,CPU Usage Rate,go_order,go,order,inventory-go-twin:9082,inventory-go-twin:9082,2026-06-23 13:54:11,2026-06-23T08:24:11Z,1782203051,ramp_3,900.0,0.0338181818181818,{}
2,B,CPU Usage Rate,go_order,go,order,order-go-twin:9083,order-go-twin:9083,2026-06-23 13:54:11,2026-06-23T08:24:11Z,1782203051,ramp_3,900.0,0.08563636363636365,{}
2,B,CPU Usage Rate,go_order,go,order,warehouse-go:8084,warehouse-go:8084,2026-06-23 13:54:11,2026-06-23T08:24:11Z,1782203051,ramp_3,900.0,0.00018181818181818197,{}
2,B,CPU Usage Rate,go_order,go,order,inventory-go-twin:9082,inventory-go-twin:9082,2026-06-23 13:54:26,2026-06-23T08:24:26Z,1782203066,ramp_3,915.0,0.03472727272727273,{}
2,B,CPU Usage Rate,go_order,go,order,order-go-twin:9083,order-go-twin:9083,2026-06-23 13:54:26,2026-06-23T08:24:26Z,1782203066,ramp_3,915.0,0.08872727272727277,{}
2,B,CPU Usage Rate,go_order,go,order,warehouse-go:8084,warehouse-go:8084,2026-06-23 13:54:26,2026-06-23T08:24:26Z,1782203066,ramp_3,915.0,0.0003636363636363629,{}
2,B,CPU Usage Rate,go_order,go,order,inventory-go-twin:9082,inventory-go-twin:9082,2026-06-23 13:54:41,2026-06-23T08:24:41Z,1782203081,ramp_3,930.0,0.0358181818181818,{}
2,B,CPU Usage Rate,go_order,go,order,order-go-twin:9083,order-go-twin:9083,2026-06-23 13:54:41,2026-06-23T08:24:41Z,1782203081,ramp_3,930.0,0.09054545454545461,{}
2,B,CPU Usage Rate,go_order,go,order,warehouse-go:8084,warehouse-go:8084,2026-06-23 13:54:41,2026-06-23T08:24:41Z,1782203081,ramp_3,930.0,0.00018181818181818097,{}
2,B,CPU Usage Rate,go_order,go,order,inventory-go-twin:9082,inventory-go-twin:9082,2026-06-23 13:54:56,2026-06-23T08:24:56Z,1782203096,ramp_3,945.0,0.03636363636363636,{}
2,B,CPU Usage Rate,go_order,go,order,order-go-twin:9083,order-go-twin:9083,2026-06-23 13:54:56,2026-06-23T08:24:56Z,1782203096,ramp_3,945.0,0.09200000000000004,{}
2,B,CPU Usage Rate,go_order,go,order,warehouse-go:8084,warehouse-go:8084,2026-06-23 13:54:56,2026-06-23T08:24:56Z,1782203096,ramp_3,945.0,0.00018181818181818097,{}
2,B,CPU Usage Rate,go_order,go,order,inventory-go-twin:9082,inventory-go-twin:9082,2026-06-23 13:55:11,2026-06-23T08:25:11Z,1782203111,ramp_3,960.0,0.03799999999999999,{}
2,B,CPU Usage Rate,go_order,go,order,order-go-twin:9083,order-go-twin:9083,2026-06-23 13:55:11,2026-06-23T08:25:11Z,1782203111,ramp_3,960.0,0.09509090909090916,{}
2,B,CPU Usage Rate,go_order,go,order,warehouse-go:8084,warehouse-go:8084,2026-06-23 13:55:11,2026-06-23T08:25:11Z,1782203111,ramp_3,960.0,0.0005454545454545449,{}
2,B,CPU Usage Rate,go_order,go,order,inventory-go-twin:9082,inventory-go-twin:9082,2026-06-23 13:55:26,2026-06-23T08:25:26Z,1782203126,ramp_3,975.0,0.039454545454545416,{}
2,B,CPU Usage Rate,go_order,go,order,order-go-twin:9083,order-go-twin:9083,2026-06-23 13:55:26,2026-06-23T08:25:26Z,1782203126,ramp_3,975.0,0.09709090909090902,{}
2,B,CPU Usage Rate,go_order,go,order,warehouse-go:8084,warehouse-go:8084,2026-06-23 13:55:26,2026-06-23T08:25:26Z,1782203126,ramp_3,975.0,0.00036363636363636394,{}
2,B,CPU Usage Rate,go_order,go,order,inventory-go-twin:9082,inventory-go-twin:9082,2026-06-23 13:55:41,2026-06-23T08:25:41Z,1782203141,ramp_3,990.0,0.03927272727272727,{}
2,B,CPU Usage Rate,go_order,go,order,order-go-twin:9083,order-go-twin:9083,2026-06-23 13:55:41,2026-06-23T08:25:41Z,1782203141,ramp_3,990.0,0.09709090909090902,{}
2,B,CPU Usage Rate,go_order,go,order,warehouse-go:8084,warehouse-go:8084,2026-06-23 13:55:41,2026-06-23T08:25:41Z,1782203141,ramp_3,990.0,0.0005454545454545459,{}
2,B,CPU Usage Rate,go_order,go,order,inventory-go-twin:9082,inventory-go-twin:9082,2026-06-23 13:55:56,2026-06-23T08:25:56Z,1782203156,ramp_3,1005.0,0.039090909090909065,{}
2,B,CPU Usage Rate,go_order,go,order,order-go-twin:9083,order-go-twin:9083,2026-06-23 13:55:56,2026-06-23T08:25:56Z,1782203156,ramp_3,1005.0,0.09599999999999989,{}
2,B,CPU Usage Rate,go_order,go,order,warehouse-go:8084,warehouse-go:8084,2026-06-23 13:55:56,2026-06-23T08:25:56Z,1782203156,ramp_3,1005.0,0.0005454545454545459,{}
2,B,CPU Usage Rate,go_order,go,order,inventory-go-twin:9082,inventory-go-twin:9082,2026-06-23 13:56:11,2026-06-23T08:26:11Z,1782203171,ramp_3,1020.0,0.03818181818181814,{}
2,B,CPU Usage Rate,go_order,go,order,order-go-twin:9083,order-go-twin:9083,2026-06-23 13:56:11,2026-06-23T08:26:11Z,1782203171,ramp_3,1020.0,0.09381818181818188,{}
2,B,CPU Usage Rate,go_order,go,order,warehouse-go:8084,warehouse-go:8084,2026-06-23 13:56:11,2026-06-23T08:26:11Z,1782203171,ramp_3,1020.0,0.00036363636363636394,{}
2,B,CPU Usage Rate,go_order,go,order,inventory-go-twin:9082,inventory-go-twin:9082,2026-06-23 13:56:26,2026-06-23T08:26:26Z,1782203186,ramp_3,1035.0,0.036909090909090864,{}
2,B,CPU Usage Rate,go_order,go,order,order-go-twin:9083,order-go-twin:9083,2026-06-23 13:56:26,2026-06-23T08:26:26Z,1782203186,ramp_3,1035.0,0.09163636363636375,{}
2,B,CPU Usage Rate,go_order,go,order,warehouse-go:8084,warehouse-go:8084,2026-06-23 13:56:26,2026-06-23T08:26:26Z,1782203186,ramp_3,1035.0,0.0005454545454545459,{}
2,B,CPU Usage Rate,go_order,go,order,inventory-go-twin:9082,inventory-go-twin:9082,2026-06-23 13:56:41,2026-06-23T08:26:41Z,1782203201,ramp_3,1050.0,0.03581818181818186,{}
2,B,CPU Usage Rate,go_order,go,order,order-go-twin:9083,order-go-twin:9083,2026-06-23 13:56:41,2026-06-23T08:26:41Z,1782203201,ramp_3,1050.0,0.08945454545454548,{}
2,B,CPU Usage Rate,go_order,go,order,warehouse-go:8084,warehouse-go:8084,2026-06-23 13:56:41,2026-06-23T08:26:41Z,1782203201,ramp_3,1050.0,0.00036363636363636394,{}
2,B,CPU Usage Rate,go_order,go,order,inventory-go-twin:9082,inventory-go-twin:9082,2026-06-23 13:56:56,2026-06-23T08:26:56Z,1782203216,ramp_3,1065.0,0.03545454545454544,{}
2,B,CPU Usage Rate,go_order,go,order,order-go-twin:9083,order-go-twin:9083,2026-06-23 13:56:56,2026-06-23T08:26:56Z,1782203216,ramp_3,1065.0,0.08909090909090905,{}
2,B,CPU Usage Rate,go_order,go,order,warehouse-go:8084,warehouse-go:8084,2026-06-23 13:56:56,2026-06-23T08:26:56Z,1782203216,ramp_3,1065.0,0.00018181818181818197,{}
2,B,CPU Usage Rate,go_order,go,order,inventory-go-twin:9082,inventory-go-twin:9082,2026-06-23 13:57:11,2026-06-23T08:27:11Z,1782203231,ramp_3,1080.0,0.03509090909090908,{}
2,B,CPU Usage Rate,go_order,go,order,order-go-twin:9083,order-go-twin:9083,2026-06-23 13:57:11,2026-06-23T08:27:11Z,1782203231,ramp_3,1080.0,0.08872727272727277,{}
2,B,CPU Usage Rate,go_order,go,order,warehouse-go:8084,warehouse-go:8084,2026-06-23 13:57:11,2026-06-23T08:27:11Z,1782203231,ramp_3,1080.0,0.00036363636363636394,{}
2,B,CPU Usage Rate,go_order,go,order,inventory-go-twin:9082,inventory-go-twin:9082,2026-06-23 13:57:26,2026-06-23T08:27:26Z,1782203246,ramp_3,1095.0,0.03509090909090908,{}
2,B,CPU Usage Rate,go_order,go,order,order-go-twin:9083,order-go-twin:9083,2026-06-23 13:57:26,2026-06-23T08:27:26Z,1782203246,ramp_3,1095.0,0.08909090909090905,{}
2,B,CPU Usage Rate,go_order,go,order,warehouse-go:8084,warehouse-go:8084,2026-06-23 13:57:26,2026-06-23T08:27:26Z,1782203246,ramp_3,1095.0,0.00018181818181818197,{}
2,B,CPU Usage Rate,go_order,go,order,inventory-go-twin:9082,inventory-go-twin:9082,2026-06-23 13:57:41,2026-06-23T08:27:41Z,1782203261,ramp_3,1110.0,0.03545454545454544,{}
2,B,CPU Usage Rate,go_order,go,order,order-go-twin:9083,order-go-twin:9083,2026-06-23 13:57:41,2026-06-23T08:27:41Z,1782203261,ramp_3,1110.0,0.08945454545454548,{}
2,B,CPU Usage Rate,go_order,go,order,warehouse-go:8084,warehouse-go:8084,2026-06-23 13:57:41,2026-06-23T08:27:41Z,1782203261,ramp_3,1110.0,0.00018181818181818197,{}
2,B,CPU Usage Rate,go_order,go,order,inventory-go-twin:9082,inventory-go-twin:9082,2026-06-23 13:57:56,2026-06-23T08:27:56Z,1782203276,ramp_3,1125.0,0.0358181818181818,{}
2,B,CPU Usage Rate,go_order,go,order,order-go-twin:9083,order-go-twin:9083,2026-06-23 13:57:56,2026-06-23T08:27:56Z,1782203276,ramp_3,1125.0,0.08890909090909091,{}
2,B,CPU Usage Rate,go_order,go,order,warehouse-go:8084,warehouse-go:8084,2026-06-23 13:57:56,2026-06-23T08:27:56Z,1782203276,ramp_3,1125.0,0.00018181818181818197,{}
2,B,CPU Usage Rate,go_order,go,order,inventory-go-twin:9082,inventory-go-twin:9082,2026-06-23 13:58:11,2026-06-23T08:28:11Z,1782203291,ramp_3,1140.0,0.03618181818181822,{}
2,B,CPU Usage Rate,go_order,go,order,order-go-twin:9083,order-go-twin:9083,2026-06-23 13:58:11,2026-06-23T08:28:11Z,1782203291,ramp_3,1140.0,0.08981818181818177,{}
2,B,CPU Usage Rate,go_order,go,order,warehouse-go:8084,warehouse-go:8084,2026-06-23 13:58:11,2026-06-23T08:28:11Z,1782203291,ramp_3,1140.0,0.00018181818181818197,{}
2,B,CPU Usage Rate,go_order,go,order,inventory-go-twin:9082,inventory-go-twin:9082,2026-06-23 13:58:26,2026-06-23T08:28:26Z,1782203306,ramp_3,1155.0,0.03490909090909094,{}
2,B,CPU Usage Rate,go_order,go,order,order-go-twin:9083,order-go-twin:9083,2026-06-23 13:58:26,2026-06-23T08:28:26Z,1782203306,ramp_3,1155.0,0.08563636363636377,{}
2,B,CPU Usage Rate,go_order,go,order,warehouse-go:8084,warehouse-go:8084,2026-06-23 13:58:26,2026-06-23T08:28:26Z,1782203306,ramp_3,1155.0,0.00018181818181818197,{}
2,B,CPU Usage Rate,go_order,go,order,inventory-go-twin:9082,inventory-go-twin:9082,2026-06-23 13:58:41,2026-06-23T08:28:41Z,1782203321,ramp_3,1170.0,0.03454545454545452,{}
2,B,CPU Usage Rate,go_order,go,order,order-go-twin:9083,order-go-twin:9083,2026-06-23 13:58:41,2026-06-23T08:28:41Z,1782203321,ramp_3,1170.0,0.08527272727272722,{}
2,B,CPU Usage Rate,go_order,go,order,warehouse-go:8084,warehouse-go:8084,2026-06-23 13:58:41,2026-06-23T08:28:41Z,1782203321,ramp_3,1170.0,0.0005454545454545459,{}
2,B,CPU Usage Rate,go_order,go,order,inventory-go-twin:9082,inventory-go-twin:9082,2026-06-23 13:58:56,2026-06-23T08:28:56Z,1782203336,ramp_3,1185.0,0.034363636363636374,{}
2,B,CPU Usage Rate,go_order,go,order,order-go-twin:9083,order-go-twin:9083,2026-06-23 13:58:56,2026-06-23T08:28:56Z,1782203336,ramp_3,1185.0,0.0841818181818181,{}
2,B,CPU Usage Rate,go_order,go,order,warehouse-go:8084,warehouse-go:8084,2026-06-23 13:58:56,2026-06-23T08:28:56Z,1782203336,ramp_3,1185.0,0.00036363636363636394,{}
2,B,CPU Usage Rate,go_order,go,order,inventory-go-twin:9082,inventory-go-twin:9082,2026-06-23 13:59:11,2026-06-23T08:29:11Z,1782203351,sustain,1200.0,0.034000000000000016,{}
2,B,CPU Usage Rate,go_order,go,order,order-go-twin:9083,order-go-twin:9083,2026-06-23 13:59:11,2026-06-23T08:29:11Z,1782203351,sustain,1200.0,0.0841818181818181,{}
2,B,CPU Usage Rate,go_order,go,order,warehouse-go:8084,warehouse-go:8084,2026-06-23 13:59:11,2026-06-23T08:29:11Z,1782203351,sustain,1200.0,0.00036363636363636394,{}
2,B,CPU Usage Rate,go_order,go,order,inventory-go-twin:9082,inventory-go-twin:9082,2026-06-23 13:59:26,2026-06-23T08:29:26Z,1782203366,sustain,1215.0,0.03545454545454544,{}
2,B,CPU Usage Rate,go_order,go,order,order-go-twin:9083,order-go-twin:9083,2026-06-23 13:59:26,2026-06-23T08:29:26Z,1782203366,sustain,1215.0,0.08872727272727264,{}
2,B,CPU Usage Rate,go_order,go,order,warehouse-go:8084,warehouse-go:8084,2026-06-23 13:59:26,2026-06-23T08:29:26Z,1782203366,sustain,1215.0,0.00018181818181818197,{}
2,B,CPU Usage Rate,go_order,go,order,inventory-go-twin:9082,inventory-go-twin:9082,2026-06-23 13:59:41,2026-06-23T08:29:41Z,1782203381,sustain,1230.0,0.03545454545454544,{}
2,B,CPU Usage Rate,go_order,go,order,order-go-twin:9083,order-go-twin:9083,2026-06-23 13:59:41,2026-06-23T08:29:41Z,1782203381,sustain,1230.0,0.08836363636363635,{}
2,B,CPU Usage Rate,go_order,go,order,warehouse-go:8084,warehouse-go:8084,2026-06-23 13:59:41,2026-06-23T08:29:41Z,1782203381,sustain,1230.0,0.00018181818181817996,{}
2,B,CPU Usage Rate,go_order,go,order,inventory-go-twin:9082,inventory-go-twin:9082,2026-06-23 13:59:56,2026-06-23T08:29:56Z,1782203396,sustain,1245.0,0.035272727272727296,{}
2,B,CPU Usage Rate,go_order,go,order,order-go-twin:9083,order-go-twin:9083,2026-06-23 13:59:56,2026-06-23T08:29:56Z,1782203396,sustain,1245.0,0.08818181818181833,{}
2,B,CPU Usage Rate,go_order,go,order,warehouse-go:8084,warehouse-go:8084,2026-06-23 13:59:56,2026-06-23T08:29:56Z,1782203396,sustain,1245.0,0.00018181818181817996,{}
2,B,CPU Usage Rate,go_order,go,order,inventory-go-twin:9082,inventory-go-twin:9082,2026-06-23 14:00:11,2026-06-23T08:30:11Z,1782203411,sustain,1260.0,0.035636363636363654,{}
2,B,CPU Usage Rate,go_order,go,order,order-go-twin:9083,order-go-twin:9083,2026-06-23 14:00:11,2026-06-23T08:30:11Z,1782203411,sustain,1260.0,0.08818181818181807,{}
2,B,CPU Usage Rate,go_order,go,order,warehouse-go:8084,warehouse-go:8084,2026-06-23 14:00:11,2026-06-23T08:30:11Z,1782203411,sustain,1260.0,0.00018181818181817996,{}
2,B,CPU Usage Rate,go_order,go,order,inventory-go-twin:9082,inventory-go-twin:9082,2026-06-23 14:00:26,2026-06-23T08:30:26Z,1782203426,sustain,1275.0,0.035272727272727296,{}
2,B,CPU Usage Rate,go_order,go,order,order-go-twin:9083,order-go-twin:9083,2026-06-23 14:00:26,2026-06-23T08:30:26Z,1782203426,sustain,1275.0,0.08763636363636376,{}
2,B,CPU Usage Rate,go_order,go,order,warehouse-go:8084,warehouse-go:8084,2026-06-23 14:00:26,2026-06-23T08:30:26Z,1782203426,sustain,1275.0,0.00036363636363636394,{}
2,B,CPU Usage Rate,go_order,go,order,inventory-go-twin:9082,inventory-go-twin:9082,2026-06-23 14:00:41,2026-06-23T08:30:41Z,1782203441,sustain,1290.0,0.03545454545454544,{}
2,B,CPU Usage Rate,go_order,go,order,order-go-twin:9083,order-go-twin:9083,2026-06-23 14:00:41,2026-06-23T08:30:41Z,1782203441,sustain,1290.0,0.0874545454545455,{}
2,B,CPU Usage Rate,go_order,go,order,warehouse-go:8084,warehouse-go:8084,2026-06-23 14:00:41,2026-06-23T08:30:41Z,1782203441,sustain,1290.0,0.00036363636363636394,{}
2,B,CPU Usage Rate,go_order,go,order,inventory-go-twin:9082,inventory-go-twin:9082,2026-06-23 14:00:56,2026-06-23T08:30:56Z,1782203456,sustain,1305.0,0.03545454545454544,{}
2,B,CPU Usage Rate,go_order,go,order,order-go-twin:9083,order-go-twin:9083,2026-06-23 14:00:56,2026-06-23T08:30:56Z,1782203456,sustain,1305.0,0.08818181818181833,{}
2,B,CPU Usage Rate,go_order,go,order,warehouse-go:8084,warehouse-go:8084,2026-06-23 14:00:56,2026-06-23T08:30:56Z,1782203456,sustain,1305.0,0.00036363636363636394,{}
2,B,CPU Usage Rate,go_order,go,order,inventory-go-twin:9082,inventory-go-twin:9082,2026-06-23 14:01:11,2026-06-23T08:31:11Z,1782203471,sustain,1320.0,0.03509090909090908,{}
2,B,CPU Usage Rate,go_order,go,order,order-go-twin:9083,order-go-twin:9083,2026-06-23 14:01:11,2026-06-23T08:31:11Z,1782203471,sustain,1320.0,0.08854545454545462,{}
2,B,CPU Usage Rate,go_order,go,order,warehouse-go:8084,warehouse-go:8084,2026-06-23 14:01:11,2026-06-23T08:31:11Z,1782203471,sustain,1320.0,0.00018181818181818197,{}
2,B,CPU Usage Rate,go_order,go,order,inventory-go-twin:9082,inventory-go-twin:9082,2026-06-23 14:01:26,2026-06-23T08:31:26Z,1782203486,sustain,1335.0,0.03509090909090908,{}
2,B,CPU Usage Rate,go_order,go,order,order-go-twin:9083,order-go-twin:9083,2026-06-23 14:01:26,2026-06-23T08:31:26Z,1782203486,sustain,1335.0,0.08836363636363635,{}
2,B,CPU Usage Rate,go_order,go,order,warehouse-go:8084,warehouse-go:8084,2026-06-23 14:01:26,2026-06-23T08:31:26Z,1782203486,sustain,1335.0,0.00018181818181818197,{}
2,B,CPU Usage Rate,go_order,go,order,inventory-go-twin:9082,inventory-go-twin:9082,2026-06-23 14:01:41,2026-06-23T08:31:41Z,1782203501,sustain,1350.0,0.035272727272727296,{}
2,B,CPU Usage Rate,go_order,go,order,order-go-twin:9083,order-go-twin:9083,2026-06-23 14:01:41,2026-06-23T08:31:41Z,1782203501,sustain,1350.0,0.08836363636363635,{}
2,B,CPU Usage Rate,go_order,go,order,warehouse-go:8084,warehouse-go:8084,2026-06-23 14:01:41,2026-06-23T08:31:41Z,1782203501,sustain,1350.0,0.00036363636363636394,{}
2,B,CPU Usage Rate,go_order,go,order,inventory-go-twin:9082,inventory-go-twin:9082,2026-06-23 14:01:56,2026-06-23T08:31:56Z,1782203516,sustain,1365.0,0.03527272727272736,{}
2,B,CPU Usage Rate,go_order,go,order,order-go-twin:9083,order-go-twin:9083,2026-06-23 14:01:56,2026-06-23T08:31:56Z,1782203516,sustain,1365.0,0.08781818181818178,{}
2,B,CPU Usage Rate,go_order,go,order,warehouse-go:8084,warehouse-go:8084,2026-06-23 14:01:56,2026-06-23T08:31:56Z,1782203516,sustain,1365.0,0.0005454545454545459,{}
2,B,CPU Usage Rate,go_order,go,order,inventory-go-twin:9082,inventory-go-twin:9082,2026-06-23 14:02:11,2026-06-23T08:32:11Z,1782203531,sustain,1380.0,0.035272727272727226,{}
2,B,CPU Usage Rate,go_order,go,order,order-go-twin:9083,order-go-twin:9083,2026-06-23 14:02:11,2026-06-23T08:32:11Z,1782203531,sustain,1380.0,0.08763636363636351,{}
2,B,CPU Usage Rate,go_order,go,order,warehouse-go:8084,warehouse-go:8084,2026-06-23 14:02:11,2026-06-23T08:32:11Z,1782203531,sustain,1380.0,0.0005454545454545459,{}
2,B,CPU Usage Rate,go_order,go,order,inventory-go-twin:9082,inventory-go-twin:9082,2026-06-23 14:02:26,2026-06-23T08:32:26Z,1782203546,sustain,1395.0,0.035272727272727226,{}
2,B,CPU Usage Rate,go_order,go,order,order-go-twin:9083,order-go-twin:9083,2026-06-23 14:02:26,2026-06-23T08:32:26Z,1782203546,sustain,1395.0,0.0883636363636366,{}
2,B,CPU Usage Rate,go_order,go,order,warehouse-go:8084,warehouse-go:8084,2026-06-23 14:02:26,2026-06-23T08:32:26Z,1782203546,sustain,1395.0,0.00036363636363636394,{}
2,B,CPU Usage Rate,go_order,go,order,inventory-go-twin:9082,inventory-go-twin:9082,2026-06-23 14:02:41,2026-06-23T08:32:41Z,1782203561,sustain,1410.0,0.03509090909090908,{}
2,B,CPU Usage Rate,go_order,go,order,order-go-twin:9083,order-go-twin:9083,2026-06-23 14:02:41,2026-06-23T08:32:41Z,1782203561,sustain,1410.0,0.08854545454545437,{}
2,B,CPU Usage Rate,go_order,go,order,warehouse-go:8084,warehouse-go:8084,2026-06-23 14:02:41,2026-06-23T08:32:41Z,1782203561,sustain,1410.0,0.00036363636363636394,{}
2,B,CPU Usage Rate,go_order,go,order,inventory-go-twin:9082,inventory-go-twin:9082,2026-06-23 14:02:56,2026-06-23T08:32:56Z,1782203576,sustain,1425.0,0.0354545454545455,{}
2,B,CPU Usage Rate,go_order,go,order,order-go-twin:9083,order-go-twin:9083,2026-06-23 14:02:56,2026-06-23T08:32:56Z,1782203576,sustain,1425.0,0.08890909090909091,{}
2,B,CPU Usage Rate,go_order,go,order,warehouse-go:8084,warehouse-go:8084,2026-06-23 14:02:56,2026-06-23T08:32:56Z,1782203576,sustain,1425.0,0.00018181818181818197,{}
2,B,CPU Usage Rate,go_order,go,order,inventory-go-twin:9082,inventory-go-twin:9082,2026-06-23 14:03:11,2026-06-23T08:33:11Z,1782203591,sustain,1440.0,0.03527272727272736,{}
2,B,CPU Usage Rate,go_order,go,order,order-go-twin:9083,order-go-twin:9083,2026-06-23 14:03:11,2026-06-23T08:33:11Z,1782203591,sustain,1440.0,0.08890909090909091,{}
2,B,CPU Usage Rate,go_order,go,order,warehouse-go:8084,warehouse-go:8084,2026-06-23 14:03:11,2026-06-23T08:33:11Z,1782203591,sustain,1440.0,0.00036363636363636394,{}
2,B,CPU Usage Rate,go_order,go,order,inventory-go-twin:9082,inventory-go-twin:9082,2026-06-23 14:03:26,2026-06-23T08:33:26Z,1782203606,sustain,1455.0,0.034727272727272794,{}
2,B,CPU Usage Rate,go_order,go,order,order-go-twin:9083,order-go-twin:9083,2026-06-23 14:03:26,2026-06-23T08:33:26Z,1782203606,sustain,1455.0,0.08763636363636351,{}
2,B,CPU Usage Rate,go_order,go,order,warehouse-go:8084,warehouse-go:8084,2026-06-23 14:03:26,2026-06-23T08:33:26Z,1782203606,sustain,1455.0,0.0005454545454545459,{}
2,B,CPU Usage Rate,go_order,go,order,inventory-go-twin:9082,inventory-go-twin:9082,2026-06-23 14:03:41,2026-06-23T08:33:41Z,1782203621,sustain,1470.0,0.03345454545454538,{}
2,B,CPU Usage Rate,go_order,go,order,order-go-twin:9083,order-go-twin:9083,2026-06-23 14:03:41,2026-06-23T08:33:41Z,1782203621,sustain,1470.0,0.08363636363636352,{}
2,B,CPU Usage Rate,go_order,go,order,warehouse-go:8084,warehouse-go:8084,2026-06-23 14:03:41,2026-06-23T08:33:41Z,1782203621,sustain,1470.0,0.00036363636363636394,{}
2,B,CPU Usage Rate,go_order,go,order,inventory-go-twin:9082,inventory-go-twin:9082,2026-06-23 14:03:56,2026-06-23T08:33:56Z,1782203636,sustain,1485.0,0.033454545454545515,{}
2,B,CPU Usage Rate,go_order,go,order,order-go-twin:9083,order-go-twin:9083,2026-06-23 14:03:56,2026-06-23T08:33:56Z,1782203636,sustain,1485.0,0.08345454545454552,{}
2,B,CPU Usage Rate,go_order,go,order,warehouse-go:8084,warehouse-go:8084,2026-06-23 14:03:56,2026-06-23T08:33:56Z,1782203636,sustain,1485.0,0.0005454545454545459,{}
2,B,CPU Usage Rate,go_order,go,order,inventory-go-twin:9082,inventory-go-twin:9082,2026-06-23 14:04:11,2026-06-23T08:34:11Z,1782203651,sustain,1500.0,0.03418181818181823,{}
2,B,CPU Usage Rate,go_order,go,order,order-go-twin:9083,order-go-twin:9083,2026-06-23 14:04:11,2026-06-23T08:34:11Z,1782203651,sustain,1500.0,0.08490909090909093,{}
2,B,CPU Usage Rate,go_order,go,order,warehouse-go:8084,warehouse-go:8084,2026-06-23 14:04:11,2026-06-23T08:34:11Z,1782203651,sustain,1500.0,0.00018181818181818197,{}
2,B,CPU Usage Rate,go_order,go,order,inventory-go-twin:9082,inventory-go-twin:9082,2026-06-23 14:04:26,2026-06-23T08:34:26Z,1782203666,sustain,1515.0,0.0358181818181818,{}
2,B,CPU Usage Rate,go_order,go,order,order-go-twin:9083,order-go-twin:9083,2026-06-23 14:04:26,2026-06-23T08:34:26Z,1782203666,sustain,1515.0,0.08927272727272721,{}
2,B,CPU Usage Rate,go_order,go,order,warehouse-go:8084,warehouse-go:8084,2026-06-23 14:04:26,2026-06-23T08:34:26Z,1782203666,sustain,1515.0,0.00018181818181818197,{}
2,B,CPU Usage Rate,go_order,go,order,inventory-go-twin:9082,inventory-go-twin:9082,2026-06-23 14:04:41,2026-06-23T08:34:41Z,1782203681,sustain,1530.0,0.03599999999999994,{}
2,B,CPU Usage Rate,go_order,go,order,order-go-twin:9083,order-go-twin:9083,2026-06-23 14:04:41,2026-06-23T08:34:41Z,1782203681,sustain,1530.0,0.09036363636363634,{}
2,B,CPU Usage Rate,go_order,go,order,warehouse-go:8084,warehouse-go:8084,2026-06-23 14:04:41,2026-06-23T08:34:41Z,1782203681,sustain,1530.0,0.00036363636363636394,{}
2,B,CPU Usage Rate,go_order,go,order,inventory-go-twin:9082,inventory-go-twin:9082,2026-06-23 14:04:56,2026-06-23T08:34:56Z,1782203696,sustain,1545.0,0.03636363636363636,{}
2,B,CPU Usage Rate,go_order,go,order,order-go-twin:9083,order-go-twin:9083,2026-06-23 14:04:56,2026-06-23T08:34:56Z,1782203696,sustain,1545.0,0.09072727272727263,{}
2,B,CPU Usage Rate,go_order,go,order,warehouse-go:8084,warehouse-go:8084,2026-06-23 14:04:56,2026-06-23T08:34:56Z,1782203696,sustain,1545.0,0.00018181818181818197,{}
2,B,CPU Usage Rate,go_order,go,order,inventory-go-twin:9082,inventory-go-twin:9082,2026-06-23 14:05:11,2026-06-23T08:35:11Z,1782203711,sustain,1560.0,0.03763636363636364,{}
2,B,CPU Usage Rate,go_order,go,order,order-go-twin:9083,order-go-twin:9083,2026-06-23 14:05:11,2026-06-23T08:35:11Z,1782203711,sustain,1560.0,0.09309090909090917,{}
2,B,CPU Usage Rate,go_order,go,order,warehouse-go:8084,warehouse-go:8084,2026-06-23 14:05:11,2026-06-23T08:35:11Z,1782203711,sustain,1560.0,0.00018181818181818197,{}
2,B,CPU Usage Rate,go_order,go,order,inventory-go-twin:9082,inventory-go-twin:9082,2026-06-23 14:05:26,2026-06-23T08:35:26Z,1782203726,sustain,1575.0,0.040545454545454614,{}
2,B,CPU Usage Rate,go_order,go,order,order-go-twin:9083,order-go-twin:9083,2026-06-23 14:05:26,2026-06-23T08:35:26Z,1782203726,sustain,1575.0,0.09945454545454543,{}
2,B,CPU Usage Rate,go_order,go,order,warehouse-go:8084,warehouse-go:8084,2026-06-23 14:05:26,2026-06-23T08:35:26Z,1782203726,sustain,1575.0,0.00036363636363636193,{}
2,B,CPU Usage Rate,go_order,go,order,inventory-go-twin:9082,inventory-go-twin:9082,2026-06-23 14:05:41,2026-06-23T08:35:41Z,1782203741,sustain,1590.0,0.04200000000000004,{}
2,B,CPU Usage Rate,go_order,go,order,order-go-twin:9083,order-go-twin:9083,2026-06-23 14:05:41,2026-06-23T08:35:41Z,1782203741,sustain,1590.0,0.10272727272727257,{}
2,B,CPU Usage Rate,go_order,go,order,warehouse-go:8084,warehouse-go:8084,2026-06-23 14:05:41,2026-06-23T08:35:41Z,1782203741,sustain,1590.0,0.00036363636363636193,{}
2,B,CPU Usage Rate,go_order,go,order,inventory-go-twin:9082,inventory-go-twin:9082,2026-06-23 14:05:56,2026-06-23T08:35:56Z,1782203756,sustain,1605.0,0.04199999999999991,{}
2,B,CPU Usage Rate,go_order,go,order,order-go-twin:9083,order-go-twin:9083,2026-06-23 14:05:56,2026-06-23T08:35:56Z,1782203756,sustain,1605.0,0.10309090909090912,{}
2,B,CPU Usage Rate,go_order,go,order,warehouse-go:8084,warehouse-go:8084,2026-06-23 14:05:56,2026-06-23T08:35:56Z,1782203756,sustain,1605.0,0.00036363636363636193,{}
2,B,CPU Usage Rate,go_order,go,order,inventory-go-twin:9082,inventory-go-twin:9082,2026-06-23 14:06:11,2026-06-23T08:36:11Z,1782203771,sustain,1620.0,0.03927272727272734,{}
2,B,CPU Usage Rate,go_order,go,order,order-go-twin:9083,order-go-twin:9083,2026-06-23 14:06:11,2026-06-23T08:36:11Z,1782203771,sustain,1620.0,0.09781818181818173,{}
2,B,CPU Usage Rate,go_order,go,order,warehouse-go:8084,warehouse-go:8084,2026-06-23 14:06:11,2026-06-23T08:36:11Z,1782203771,sustain,1620.0,0.0005454545454545438,{}
2,B,CPU Usage Rate,go_order,go,order,inventory-go-twin:9082,inventory-go-twin:9082,2026-06-23 14:06:26,2026-06-23T08:36:26Z,1782203786,sustain,1635.0,0.03763636363636364,{}
2,B,CPU Usage Rate,go_order,go,order,order-go-twin:9083,order-go-twin:9083,2026-06-23 14:06:26,2026-06-23T08:36:26Z,1782203786,sustain,1635.0,0.0945454545454546,{}
2,B,CPU Usage Rate,go_order,go,order,warehouse-go:8084,warehouse-go:8084,2026-06-23 14:06:26,2026-06-23T08:36:26Z,1782203786,sustain,1635.0,0.00018181818181818197,{}
2,B,CPU Usage Rate,go_order,go,order,inventory-go-twin:9082,inventory-go-twin:9082,2026-06-23 14:06:41,2026-06-23T08:36:41Z,1782203801,sustain,1650.0,0.03636363636363636,{}
2,B,CPU Usage Rate,go_order,go,order,order-go-twin:9083,order-go-twin:9083,2026-06-23 14:06:41,2026-06-23T08:36:41Z,1782203801,sustain,1650.0,0.09145454545454522,{}
2,B,CPU Usage Rate,go_order,go,order,warehouse-go:8084,warehouse-go:8084,2026-06-23 14:06:41,2026-06-23T08:36:41Z,1782203801,sustain,1650.0,0.00018181818181818197,{}
2,B,CPU Usage Rate,go_order,go,order,inventory-go-twin:9082,inventory-go-twin:9082,2026-06-23 14:06:56,2026-06-23T08:36:56Z,1782203816,sustain,1665.0,0.03672727272727278,{}
2,B,CPU Usage Rate,go_order,go,order,order-go-twin:9083,order-go-twin:9083,2026-06-23 14:06:56,2026-06-23T08:36:56Z,1782203816,sustain,1665.0,0.09109090909090918,{}
2,B,CPU Usage Rate,go_order,go,order,warehouse-go:8084,warehouse-go:8084,2026-06-23 14:06:56,2026-06-23T08:36:56Z,1782203816,sustain,1665.0,0.00036363636363636394,{}
2,B,CPU Usage Rate,go_order,go,order,inventory-go-twin:9082,inventory-go-twin:9082,2026-06-23 14:07:11,2026-06-23T08:37:11Z,1782203831,sustain,1680.0,0.03636363636363636,{}
2,B,CPU Usage Rate,go_order,go,order,order-go-twin:9083,order-go-twin:9083,2026-06-23 14:07:11,2026-06-23T08:37:11Z,1782203831,sustain,1680.0,0.08945454545454548,{}
2,B,CPU Usage Rate,go_order,go,order,warehouse-go:8084,warehouse-go:8084,2026-06-23 14:07:11,2026-06-23T08:37:11Z,1782203831,sustain,1680.0,0.00018181818181818197,{}
2,B,CPU Usage Rate,go_order,go,order,inventory-go-twin:9082,inventory-go-twin:9082,2026-06-23 14:07:26,2026-06-23T08:37:26Z,1782203846,sustain,1695.0,0.036000000000000074,{}
2,B,CPU Usage Rate,go_order,go,order,order-go-twin:9083,order-go-twin:9083,2026-06-23 14:07:26,2026-06-23T08:37:26Z,1782203846,sustain,1695.0,0.08909090909090893,{}
2,B,CPU Usage Rate,go_order,go,order,warehouse-go:8084,warehouse-go:8084,2026-06-23 14:07:26,2026-06-23T08:37:26Z,1782203846,sustain,1695.0,0.00018181818181818197,{}
2,B,CPU Usage Rate,go_order,go,order,inventory-go-twin:9082,inventory-go-twin:9082,2026-06-23 14:07:41,2026-06-23T08:37:41Z,1782203861,sustain,1710.0,0.03599999999999994,{}
2,B,CPU Usage Rate,go_order,go,order,order-go-twin:9083,order-go-twin:9083,2026-06-23 14:07:41,2026-06-23T08:37:41Z,1782203861,sustain,1710.0,0.08927272727272721,{}
2,B,CPU Usage Rate,go_order,go,order,warehouse-go:8084,warehouse-go:8084,2026-06-23 14:07:41,2026-06-23T08:37:41Z,1782203861,sustain,1710.0,0.00036363636363636394,{}
2,B,CPU Usage Rate,go_order,go,order,inventory-go-twin:9082,inventory-go-twin:9082,2026-06-23 14:07:56,2026-06-23T08:37:56Z,1782203876,sustain,1725.0,0.036181818181818086,{}
2,B,CPU Usage Rate,go_order,go,order,order-go-twin:9083,order-go-twin:9083,2026-06-23 14:07:56,2026-06-23T08:37:56Z,1782203876,sustain,1725.0,0.08999999999999979,{}
2,B,CPU Usage Rate,go_order,go,order,warehouse-go:8084,warehouse-go:8084,2026-06-23 14:07:56,2026-06-23T08:37:56Z,1782203876,sustain,1725.0,0.00036363636363636394,{}
2,B,CPU Usage Rate,go_order,go,order,inventory-go-twin:9082,inventory-go-twin:9082,2026-06-23 14:08:11,2026-06-23T08:38:11Z,1782203891,sustain,1740.0,0.03599999999999994,{}
2,B,CPU Usage Rate,go_order,go,order,order-go-twin:9083,order-go-twin:9083,2026-06-23 14:08:11,2026-06-23T08:38:11Z,1782203891,sustain,1740.0,0.09090909090909091,{}
2,B,CPU Usage Rate,go_order,go,order,warehouse-go:8084,warehouse-go:8084,2026-06-23 14:08:11,2026-06-23T08:38:11Z,1782203891,sustain,1740.0,0.0005454545454545459,{}
2,B,CPU Usage Rate,go_order,go,order,inventory-go-twin:9082,inventory-go-twin:9082,2026-06-23 14:08:26,2026-06-23T08:38:26Z,1782203906,sustain,1755.0,0.03599999999999994,{}
2,B,CPU Usage Rate,go_order,go,order,order-go-twin:9083,order-go-twin:9083,2026-06-23 14:08:26,2026-06-23T08:38:26Z,1782203906,sustain,1755.0,0.09000000000000005,{}
2,B,CPU Usage Rate,go_order,go,order,warehouse-go:8084,warehouse-go:8084,2026-06-23 14:08:26,2026-06-23T08:38:26Z,1782203906,sustain,1755.0,0.00036363636363636394,{}
2,B,CPU Usage Rate,go_order,go,order,inventory-go-twin:9082,inventory-go-twin:9082,2026-06-23 14:08:41,2026-06-23T08:38:41Z,1782203921,sustain,1770.0,0.033999999999999954,{}
2,B,CPU Usage Rate,go_order,go,order,order-go-twin:9083,order-go-twin:9083,2026-06-23 14:08:41,2026-06-23T08:38:41Z,1782203921,sustain,1770.0,0.08472727272727267,{}
2,B,CPU Usage Rate,go_order,go,order,warehouse-go:8084,warehouse-go:8084,2026-06-23 14:08:41,2026-06-23T08:38:41Z,1782203921,sustain,1770.0,0.00036363636363636394,{}
2,B,CPU Usage Rate,go_order,go,order,inventory-go-twin:9082,inventory-go-twin:9082,2026-06-23 14:08:56,2026-06-23T08:38:56Z,1782203936,sustain,1785.0,0.033999999999999954,{}
2,B,CPU Usage Rate,go_order,go,order,order-go-twin:9083,order-go-twin:9083,2026-06-23 14:08:56,2026-06-23T08:38:56Z,1782203936,sustain,1785.0,0.08472727272727291,{}
2,B,CPU Usage Rate,go_order,go,order,warehouse-go:8084,warehouse-go:8084,2026-06-23 14:08:56,2026-06-23T08:38:56Z,1782203936,sustain,1785.0,0.00036363636363636394,{}
2,B,CPU Usage Rate,go_order,go,order,inventory-go-twin:9082,inventory-go-twin:9082,2026-06-23 14:09:11,2026-06-23T08:39:11Z,1782203951,cooldown,1800.0,0.034363636363636374,{}
2,B,CPU Usage Rate,go_order,go,order,order-go-twin:9083,order-go-twin:9083,2026-06-23 14:09:11,2026-06-23T08:39:11Z,1782203951,cooldown,1800.0,0.08527272727272722,{}
2,B,CPU Usage Rate,go_order,go,order,warehouse-go:8084,warehouse-go:8084,2026-06-23 14:09:11,2026-06-23T08:39:11Z,1782203951,cooldown,1800.0,0.00036363636363636394,{}
2,B,CPU Usage Rate,go_order,go,order,inventory-go-twin:9082,inventory-go-twin:9082,2026-06-23 14:09:26,2026-06-23T08:39:26Z,1782203966,cooldown,1815.0,0.03454545454545452,{}
2,B,CPU Usage Rate,go_order,go,order,order-go-twin:9083,order-go-twin:9083,2026-06-23 14:09:26,2026-06-23T08:39:26Z,1782203966,cooldown,1815.0,0.08636363636363636,{}
2,B,CPU Usage Rate,go_order,go,order,warehouse-go:8084,warehouse-go:8084,2026-06-23 14:09:26,2026-06-23T08:39:26Z,1782203966,cooldown,1815.0,0.00036363636363636394,{}
2,B,CPU Usage Rate,go_order,go,order,inventory-go-twin:9082,inventory-go-twin:9082,2026-06-23 14:09:41,2026-06-23T08:39:41Z,1782203981,cooldown,1830.0,0.03636363636363636,{}
2,B,CPU Usage Rate,go_order,go,order,order-go-twin:9083,order-go-twin:9083,2026-06-23 14:09:41,2026-06-23T08:39:41Z,1782203981,cooldown,1830.0,0.09127272727272745,{}
2,B,CPU Usage Rate,go_order,go,order,warehouse-go:8084,warehouse-go:8084,2026-06-23 14:09:41,2026-06-23T08:39:41Z,1782203981,cooldown,1830.0,0.00036363636363636394,{}
2,B,CPU Usage Rate,go_order,go,order,inventory-go-twin:9082,inventory-go-twin:9082,2026-06-23 14:09:56,2026-06-23T08:39:56Z,1782203996,cooldown,1845.0,0.036545454545454506,{}
2,B,CPU Usage Rate,go_order,go,order,order-go-twin:9083,order-go-twin:9083,2026-06-23 14:09:56,2026-06-23T08:39:56Z,1782203996,cooldown,1845.0,0.09127272727272745,{}
2,B,CPU Usage Rate,go_order,go,order,warehouse-go:8084,warehouse-go:8084,2026-06-23 14:09:56,2026-06-23T08:39:56Z,1782203996,cooldown,1845.0,0.00036363636363636394,{}
2,B,CPU Usage Rate,go_order,go,order,inventory-go-twin:9082,inventory-go-twin:9082,2026-06-23 14:10:11,2026-06-23T08:40:11Z,1782204011,cooldown,1860.0,0.037454545454545365,{}
2,B,CPU Usage Rate,go_order,go,order,order-go-twin:9083,order-go-twin:9083,2026-06-23 14:10:11,2026-06-23T08:40:11Z,1782204011,cooldown,1860.0,0.09218181818181806,{}
2,B,CPU Usage Rate,go_order,go,order,warehouse-go:8084,warehouse-go:8084,2026-06-23 14:10:11,2026-06-23T08:40:11Z,1782204011,cooldown,1860.0,0.00018181818181818197,{}
2,B,CPU Usage Rate,go_order,go,order,inventory-go-twin:9082,inventory-go-twin:9082,2026-06-23 14:10:26,2026-06-23T08:40:26Z,1782204026,cooldown,1875.0,0.03709090909090907,{}
2,B,CPU Usage Rate,go_order,go,order,order-go-twin:9083,order-go-twin:9083,2026-06-23 14:10:26,2026-06-23T08:40:26Z,1782204026,cooldown,1875.0,0.09109090909090892,{}
2,B,CPU Usage Rate,go_order,go,order,warehouse-go:8084,warehouse-go:8084,2026-06-23 14:10:26,2026-06-23T08:40:26Z,1782204026,cooldown,1875.0,0.0005454545454545459,{}
2,B,CPU Usage Rate,go_order,go,order,inventory-go-twin:9082,inventory-go-twin:9082,2026-06-23 14:10:41,2026-06-23T08:40:41Z,1782204041,cooldown,1890.0,0.03727272727272722,{}
2,B,CPU Usage Rate,go_order,go,order,order-go-twin:9083,order-go-twin:9083,2026-06-23 14:10:41,2026-06-23T08:40:41Z,1782204041,cooldown,1890.0,0.09090909090909091,{}
2,B,CPU Usage Rate,go_order,go,order,warehouse-go:8084,warehouse-go:8084,2026-06-23 14:10:41,2026-06-23T08:40:41Z,1782204041,cooldown,1890.0,0.0005454545454545459,{}
2,B,CPU Usage Rate,go_order,go,order,inventory-go-twin:9082,inventory-go-twin:9082,2026-06-23 14:10:56,2026-06-23T08:40:56Z,1782204056,cooldown,1905.0,0.03709090909090907,{}
2,B,CPU Usage Rate,go_order,go,order,order-go-twin:9083,order-go-twin:9083,2026-06-23 14:10:56,2026-06-23T08:40:56Z,1782204056,cooldown,1905.0,0.09036363636363634,{}
2,B,CPU Usage Rate,go_order,go,order,warehouse-go:8084,warehouse-go:8084,2026-06-23 14:10:56,2026-06-23T08:40:56Z,1782204056,cooldown,1905.0,0.0005454545454545459,{}
2,B,CPU Usage Rate,go_order,go,order,inventory-go-twin:9082,inventory-go-twin:9082,2026-06-23 14:11:11,2026-06-23T08:41:11Z,1782204071,cooldown,1920.0,0.037272727272727346,{}
2,B,CPU Usage Rate,go_order,go,order,order-go-twin:9083,order-go-twin:9083,2026-06-23 14:11:11,2026-06-23T08:41:11Z,1782204071,cooldown,1920.0,0.09163636363636349,{}
2,B,CPU Usage Rate,go_order,go,order,warehouse-go:8084,warehouse-go:8084,2026-06-23 14:11:11,2026-06-23T08:41:11Z,1782204071,cooldown,1920.0,0.00018181818181818197,{}
2,B,CPU Usage Rate,go_order,go,order,inventory-go-twin:9082,inventory-go-twin:9082,2026-06-23 14:11:26,2026-06-23T08:41:26Z,1782204086,cooldown,1935.0,0.038545454545454494,{}
2,B,CPU Usage Rate,go_order,go,order,order-go-twin:9083,order-go-twin:9083,2026-06-23 14:11:26,2026-06-23T08:41:26Z,1782204086,cooldown,1935.0,0.09636363636363605,{}
2,B,CPU Usage Rate,go_order,go,order,warehouse-go:8084,warehouse-go:8084,2026-06-23 14:11:26,2026-06-23T08:41:26Z,1782204086,cooldown,1935.0,0.00036363636363636394,{}
2,B,CPU Usage Rate,go_order,go,order,inventory-go-twin:9082,inventory-go-twin:9082,2026-06-23 14:11:41,2026-06-23T08:41:41Z,1782204101,cooldown,1950.0,0.040181818181818194,{}
2,B,CPU Usage Rate,go_order,go,order,order-go-twin:9083,order-go-twin:9083,2026-06-23 14:11:41,2026-06-23T08:41:41Z,1782204101,cooldown,1950.0,0.09945454545454543,{}
2,B,CPU Usage Rate,go_order,go,order,warehouse-go:8084,warehouse-go:8084,2026-06-23 14:11:41,2026-06-23T08:41:41Z,1782204101,cooldown,1950.0,0.00018181818181818197,{}
2,B,CPU Usage Rate,go_order,go,order,inventory-go-twin:9082,inventory-go-twin:9082,2026-06-23 14:11:56,2026-06-23T08:41:56Z,1782204116,cooldown,1965.0,0.04036363636363634,{}
2,B,CPU Usage Rate,go_order,go,order,order-go-twin:9083,order-go-twin:9083,2026-06-23 14:11:56,2026-06-23T08:41:56Z,1782204116,cooldown,1965.0,0.09981818181818197,{}
2,B,CPU Usage Rate,go_order,go,order,warehouse-go:8084,warehouse-go:8084,2026-06-23 14:11:56,2026-06-23T08:41:56Z,1782204116,cooldown,1965.0,0.00036363636363636193,{}
2,B,CPU Usage Rate,go_order,go,order,inventory-go-twin:9082,inventory-go-twin:9082,2026-06-23 14:12:11,2026-06-23T08:42:11Z,1782204131,cooldown,1980.0,0.039846332529259426,{}
2,B,CPU Usage Rate,go_order,go,order,order-go-twin:9083,order-go-twin:9083,2026-06-23 14:12:11,2026-06-23T08:42:11Z,1782204131,cooldown,1980.0,0.09773965871526845,{}
2,B,CPU Usage Rate,go_order,go,order,warehouse-go:8084,warehouse-go:8084,2026-06-23 14:12:11,2026-06-23T08:42:11Z,1782204131,cooldown,1980.0,0.00017867991280420074,{}
2,B,CPU Usage Rate,go_order,go,order,inventory-go-twin:9082,inventory-go-twin:9082,2026-06-23 14:12:26,2026-06-23T08:42:26Z,1782204146,cooldown,1995.0,0.04038238184579644,{}
2,B,CPU Usage Rate,go_order,go,order,order-go-twin:9083,order-go-twin:9083,2026-06-23 14:12:26,2026-06-23T08:42:26Z,1782204146,cooldown,1995.0,0.09845263195511596,{}
2,B,CPU Usage Rate,go_order,go,order,warehouse-go:8084,warehouse-go:8084,2026-06-23 14:12:26,2026-06-23T08:42:26Z,1782204146,cooldown,1995.0,0.00035735982560840344,{}
2,B,CPU Usage Rate,go_order,go,order,inventory-go-twin:9082,inventory-go-twin:9082,2026-06-23 14:12:41,2026-06-23T08:42:41Z,1782204161,cooldown,2010.0,0.03859555079067281,{}
2,B,CPU Usage Rate,go_order,go,order,order-go-twin:9083,order-go-twin:9083,2026-06-23 14:12:41,2026-06-23T08:42:41Z,1782204161,cooldown,2010.0,0.09505771361183615,{}
2,B,CPU Usage Rate,go_order,go,order,warehouse-go:8084,warehouse-go:8084,2026-06-23 14:12:41,2026-06-23T08:42:41Z,1782204161,cooldown,2010.0,0.0005360397384126062,{}
2,B,CPU Usage Rate,go_order,go,order,inventory-go-twin:9082,inventory-go-twin:9082,2026-06-23 14:12:56,2026-06-23T08:42:56Z,1782204176,cooldown,2025.0,0.03799999999999993,{}
2,B,CPU Usage Rate,go_order,go,order,order-go-twin:9083,order-go-twin:9083,2026-06-23 14:12:56,2026-06-23T08:42:56Z,1782204176,cooldown,2025.0,0.09508918019672402,{}
2,B,CPU Usage Rate,go_order,go,order,warehouse-go:8084,warehouse-go:8084,2026-06-23 14:12:56,2026-06-23T08:42:56Z,1782204176,cooldown,2025.0,0.00036363636363636394,{}
2,B,CPU Usage Rate,go_order,go,order,inventory-go-twin:9082,inventory-go-twin:9082,2026-06-23 14:13:11,2026-06-23T08:43:11Z,1782204191,cooldown,2040.0,0.0338181818181818,{}
2,B,CPU Usage Rate,go_order,go,order,order-go-twin:9083,order-go-twin:9083,2026-06-23 14:13:11,2026-06-23T08:43:11Z,1782204191,cooldown,2040.0,0.08599999999999981,{}
2,B,CPU Usage Rate,go_order,go,order,warehouse-go:8084,warehouse-go:8084,2026-06-23 14:13:11,2026-06-23T08:43:11Z,1782204191,cooldown,2040.0,0.0005454545454545459,{}
2,B,CPU Usage Rate,go_order,go,order,inventory-go-twin:9082,inventory-go-twin:9082,2026-06-23 14:13:26,2026-06-23T08:43:26Z,1782204206,cooldown,2055.0,0.030181818181818247,{}
2,B,CPU Usage Rate,go_order,go,order,order-go-twin:9083,order-go-twin:9083,2026-06-23 14:13:26,2026-06-23T08:43:26Z,1782204206,cooldown,2055.0,0.07636363636363667,{}
2,B,CPU Usage Rate,go_order,go,order,warehouse-go:8084,warehouse-go:8084,2026-06-23 14:13:26,2026-06-23T08:43:26Z,1782204206,cooldown,2055.0,0.0001818148760931621,{}
2,B,CPU Usage Rate,go_order,go,order,inventory-go-twin:9082,inventory-go-twin:9082,2026-06-23 14:13:41,2026-06-23T08:43:41Z,1782204221,cooldown,2070.0,0.026727272727272704,{}
2,B,CPU Usage Rate,go_order,go,order,order-go-twin:9083,order-go-twin:9083,2026-06-23 14:13:41,2026-06-23T08:43:41Z,1782204221,cooldown,2070.0,0.06709090909090956,{}
2,B,CPU Usage Rate,go_order,go,order,warehouse-go:8084,warehouse-go:8084,2026-06-23 14:13:41,2026-06-23T08:43:41Z,1782204221,cooldown,2070.0,0.0001818148760931621,{}
2,B,CPU Usage Rate,go_order,go,order,inventory-go-twin:9082,inventory-go-twin:9082,2026-06-23 14:13:56,2026-06-23T08:43:56Z,1782204236,cooldown,2085.0,0.022363636363636436,{}
2,B,CPU Usage Rate,go_order,go,order,order-go-twin:9083,order-go-twin:9083,2026-06-23 14:13:56,2026-06-23T08:43:56Z,1782204236,cooldown,2085.0,0.05545353720841408,{}
2,B,CPU Usage Rate,go_order,go,order,warehouse-go:8084,warehouse-go:8084,2026-06-23 14:13:56,2026-06-23T08:43:56Z,1782204236,cooldown,2085.0,0.00036364297532682447,{}
2,B,CPU Usage Rate,go_order,go,order,inventory-go-twin:9082,inventory-go-twin:9082,2026-06-23 14:14:11,2026-06-23T08:44:11Z,1782204251,post_test,2100.0,0.01745454545454547,{}
2,B,CPU Usage Rate,go_order,go,order,order-go-twin:9083,order-go-twin:9083,2026-06-23 14:14:11,2026-06-23T08:44:11Z,1782204251,post_test,2100.0,0.04200000000000004,{}
2,B,CPU Usage Rate,go_order,go,order,warehouse-go:8084,warehouse-go:8084,2026-06-23 14:14:11,2026-06-23T08:44:11Z,1782204251,post_test,2100.0,0.00036363636363636394,{}
2,B,CPU Usage Rate,java_inventory,java,inventory,inventory-go-twin:9082,inventory-go-twin:9082,2026-06-23 15:39:39,2026-06-23T10:09:39Z,1782209379,warmup,0.0,0.0009090909090908574,{}
2,B,CPU Usage Rate,java_inventory,java,inventory,order-go-twin:9083,order-go-twin:9083,2026-06-23 15:39:39,2026-06-23T10:09:39Z,1782209379,warmup,0.0,0.0005454545454540493,{}
2,B,CPU Usage Rate,java_inventory,java,inventory,warehouse-go:8084,warehouse-go:8084,2026-06-23 15:39:39,2026-06-23T10:09:39Z,1782209379,warmup,0.0,0.0010909090909091322,{}
2,B,CPU Usage Rate,java_inventory,java,inventory,inventory-go-twin:9082,inventory-go-twin:9082,2026-06-23 15:39:54,2026-06-23T10:09:54Z,1782209394,warmup,15.0,0.0010909090909091322,{}
2,B,CPU Usage Rate,java_inventory,java,inventory,order-go-twin:9083,order-go-twin:9083,2026-06-23 15:39:54,2026-06-23T10:09:54Z,1782209394,warmup,15.0,0.0007272595043725031,{}
2,B,CPU Usage Rate,java_inventory,java,inventory,warehouse-go:8084,warehouse-go:8084,2026-06-23 15:39:54,2026-06-23T10:09:54Z,1782209394,warmup,15.0,0.0010909289259805137,{}
2,B,CPU Usage Rate,java_inventory,java,inventory,inventory-go-twin:9082,inventory-go-twin:9082,2026-06-23 15:40:09,2026-06-23T10:10:09Z,1782209409,warmup,30.0,0.0010909090909091322,{}
2,B,CPU Usage Rate,java_inventory,java,inventory,order-go-twin:9083,order-go-twin:9083,2026-06-23 15:40:09,2026-06-23T10:10:09Z,1782209409,warmup,30.0,0.0005454644629902569,{}
2,B,CPU Usage Rate,java_inventory,java,inventory,warehouse-go:8084,warehouse-go:8084,2026-06-23 15:40:09,2026-06-23T10:10:09Z,1782209409,warmup,30.0,0.000909090909090599,{}
2,B,CPU Usage Rate,java_inventory,java,inventory,inventory-go-twin:9082,inventory-go-twin:9082,2026-06-23 15:40:24,2026-06-23T10:10:24Z,1782209424,warmup,45.0,0.000727272727272841,{}
2,B,CPU Usage Rate,java_inventory,java,inventory,order-go-twin:9083,order-go-twin:9083,2026-06-23 15:40:24,2026-06-23T10:10:24Z,1782209424,warmup,45.0,0.00036363636363654966,{}
2,B,CPU Usage Rate,java_inventory,java,inventory,warehouse-go:8084,warehouse-go:8084,2026-06-23 15:40:24,2026-06-23T10:10:24Z,1782209424,warmup,45.0,0.0009090909090911157,{}
2,B,CPU Usage Rate,java_inventory,java,inventory,inventory-go-twin:9082,inventory-go-twin:9082,2026-06-23 15:40:39,2026-06-23T10:10:39Z,1782209439,warmup,60.0,0.0009090909090908574,{}
2,B,CPU Usage Rate,java_inventory,java,inventory,order-go-twin:9083,order-go-twin:9083,2026-06-23 15:40:39,2026-06-23T10:10:39Z,1782209439,warmup,60.0,0.0005454446282795065,{}
2,B,CPU Usage Rate,java_inventory,java,inventory,warehouse-go:8084,warehouse-go:8084,2026-06-23 15:40:39,2026-06-23T10:10:39Z,1782209439,warmup,60.0,0.001090889256559013,{}
2,B,CPU Usage Rate,java_inventory,java,inventory,inventory-go-twin:9082,inventory-go-twin:9082,2026-06-23 15:40:54,2026-06-23T10:10:54Z,1782209454,warmup,75.0,0.000909074380465758,{}
2,B,CPU Usage Rate,java_inventory,java,inventory,order-go-twin:9083,order-go-twin:9083,2026-06-23 15:40:54,2026-06-23T10:10:54Z,1782209454,warmup,75.0,0.00036363636363654966,{}
2,B,CPU Usage Rate,java_inventory,java,inventory,warehouse-go:8084,warehouse-go:8084,2026-06-23 15:40:54,2026-06-23T10:10:54Z,1782209454,warmup,75.0,0.0009090909090911157,{}
2,B,CPU Usage Rate,java_inventory,java,inventory,inventory-go-twin:9082,inventory-go-twin:9082,2026-06-23 15:41:09,2026-06-23T10:11:09Z,1782209469,warmup,90.0,0.0007272859506535037,{}
2,B,CPU Usage Rate,java_inventory,java,inventory,order-go-twin:9083,order-go-twin:9083,2026-06-23 15:41:09,2026-06-23T10:11:09Z,1782209469,warmup,90.0,0.0005454446282795065,{}
2,B,CPU Usage Rate,java_inventory,java,inventory,warehouse-go:8084,warehouse-go:8084,2026-06-23 15:41:09,2026-06-23T10:11:09Z,1782209469,warmup,90.0,0.0009091074383167503,{}
2,B,CPU Usage Rate,java_inventory,java,inventory,inventory-go-twin:9082,inventory-go-twin:9082,2026-06-23 15:41:24,2026-06-23T10:11:24Z,1782209484,warmup,105.0,0.0009091074383170087,{}
2,B,CPU Usage Rate,java_inventory,java,inventory,order-go-twin:9083,order-go-twin:9083,2026-06-23 15:41:24,2026-06-23T10:11:24Z,1782209484,warmup,105.0,0.0005454446282795065,{}
2,B,CPU Usage Rate,java_inventory,java,inventory,warehouse-go:8084,warehouse-go:8084,2026-06-23 15:41:24,2026-06-23T10:11:24Z,1782209484,warmup,105.0,0.0005454545454545661,{}
2,B,CPU Usage Rate,java_inventory,java,inventory,inventory-go-twin:9082,inventory-go-twin:9082,2026-06-23 15:41:39,2026-06-23T10:11:39Z,1782209499,warmup,120.0,0.0009090909090908574,{}
2,B,CPU Usage Rate,java_inventory,java,inventory,order-go-twin:9083,order-go-twin:9083,2026-06-23 15:41:39,2026-06-23T10:11:39Z,1782209499,warmup,120.0,0.0005454644629902569,{}
2,B,CPU Usage Rate,java_inventory,java,inventory,warehouse-go:8084,warehouse-go:8084,2026-06-23 15:41:39,2026-06-23T10:11:39Z,1782209499,warmup,120.0,0.0007272727272725826,{}
2,B,CPU Usage Rate,java_inventory,java,inventory,inventory-go-twin:9082,inventory-go-twin:9082,2026-06-23 15:41:54,2026-06-23T10:11:54Z,1782209514,warmup,135.0,0.001090889256559013,{}
2,B,CPU Usage Rate,java_inventory,java,inventory,order-go-twin:9083,order-go-twin:9083,2026-06-23 15:41:54,2026-06-23T10:11:54Z,1782209514,warmup,135.0,0.0005454644629902569,{}
2,B,CPU Usage Rate,java_inventory,java,inventory,warehouse-go:8084,warehouse-go:8084,2026-06-23 15:41:54,2026-06-23T10:11:54Z,1782209514,warmup,135.0,0.0009090909090911157,{}
2,B,CPU Usage Rate,java_inventory,java,inventory,inventory-go-twin:9082,inventory-go-twin:9082,2026-06-23 15:42:09,2026-06-23T10:12:09Z,1782209529,warmup,150.0,0.001090889256559013,{}
2,B,CPU Usage Rate,java_inventory,java,inventory,order-go-twin:9083,order-go-twin:9083,2026-06-23 15:42:09,2026-06-23T10:12:09Z,1782209529,warmup,150.0,0.0005454545454545661,{}
2,B,CPU Usage Rate,java_inventory,java,inventory,warehouse-go:8084,warehouse-go:8084,2026-06-23 15:42:09,2026-06-23T10:12:09Z,1782209529,warmup,150.0,0.0009090909090911157,{}
2,B,CPU Usage Rate,java_inventory,java,inventory,inventory-go-twin:9082,inventory-go-twin:9082,2026-06-23 15:42:24,2026-06-23T10:12:24Z,1782209544,warmup,165.0,0.0009091074383170087,{}
2,B,CPU Usage Rate,java_inventory,java,inventory,order-go-twin:9083,order-go-twin:9083,2026-06-23 15:42:24,2026-06-23T10:12:24Z,1782209544,warmup,165.0,0.0007272595043725031,{}
2,B,CPU Usage Rate,java_inventory,java,inventory,warehouse-go:8084,warehouse-go:8084,2026-06-23 15:42:24,2026-06-23T10:12:24Z,1782209544,warmup,165.0,0.0012727041326520095,{}
2,B,CPU Usage Rate,java_inventory,java,inventory,inventory-go-twin:9082,inventory-go-twin:9082,2026-06-23 15:42:39,2026-06-23T10:12:39Z,1782209559,warmup,180.0,0.0009090909090908574,{}
2,B,CPU Usage Rate,java_inventory,java,inventory,order-go-twin:9083,order-go-twin:9083,2026-06-23 15:42:39,2026-06-23T10:12:39Z,1782209559,warmup,180.0,0.0007272859506540204,{}
2,B,CPU Usage Rate,java_inventory,java,inventory,warehouse-go:8084,warehouse-go:8084,2026-06-23 15:42:39,2026-06-23T10:12:39Z,1782209559,warmup,180.0,0.0014545454545451652,{}
2,B,CPU Usage Rate,java_inventory,java,inventory,inventory-go-twin:9082,inventory-go-twin:9082,2026-06-23 15:42:54,2026-06-23T10:12:54Z,1782209574,warmup,195.0,0.0009091074383170087,{}
2,B,CPU Usage Rate,java_inventory,java,inventory,order-go-twin:9083,order-go-twin:9083,2026-06-23 15:42:54,2026-06-23T10:12:54Z,1782209574,warmup,195.0,0.0007272727272725826,{}
2,B,CPU Usage Rate,java_inventory,java,inventory,warehouse-go:8084,warehouse-go:8084,2026-06-23 15:42:54,2026-06-23T10:12:54Z,1782209574,warmup,195.0,0.0010908892565584963,{}
2,B,CPU Usage Rate,java_inventory,java,inventory,inventory-go-twin:9082,inventory-go-twin:9082,2026-06-23 15:43:09,2026-06-23T10:13:09Z,1782209589,warmup,210.0,0.0010909090909091322,{}
2,B,CPU Usage Rate,java_inventory,java,inventory,order-go-twin:9083,order-go-twin:9083,2026-06-23 15:43:09,2026-06-23T10:13:09Z,1782209589,warmup,210.0,0.0007272727272725826,{}
2,B,CPU Usage Rate,java_inventory,java,inventory,warehouse-go:8084,warehouse-go:8084,2026-06-23 15:43:09,2026-06-23T10:13:09Z,1782209589,warmup,210.0,0.0014545454545451652,{}
2,B,CPU Usage Rate,java_inventory,java,inventory,inventory-go-twin:9082,inventory-go-twin:9082,2026-06-23 15:43:24,2026-06-23T10:13:24Z,1782209604,warmup,225.0,0.0009091074383170087,{}
2,B,CPU Usage Rate,java_inventory,java,inventory,order-go-twin:9083,order-go-twin:9083,2026-06-23 15:43:24,2026-06-23T10:13:24Z,1782209604,warmup,225.0,0.0005454644629902569,{}
2,B,CPU Usage Rate,java_inventory,java,inventory,warehouse-go:8084,warehouse-go:8084,2026-06-23 15:43:24,2026-06-23T10:13:24Z,1782209604,warmup,225.0,0.001090889256559013,{}
2,B,CPU Usage Rate,java_inventory,java,inventory,inventory-go-twin:9082,inventory-go-twin:9082,2026-06-23 15:43:39,2026-06-23T10:13:39Z,1782209619,warmup,240.0,0.0009090909090908574,{}
2,B,CPU Usage Rate,java_inventory,java,inventory,order-go-twin:9083,order-go-twin:9083,2026-06-23 15:43:39,2026-06-23T10:13:39Z,1782209619,warmup,240.0,0.0007272727272725826,{}
2,B,CPU Usage Rate,java_inventory,java,inventory,warehouse-go:8084,warehouse-go:8084,2026-06-23 15:43:39,2026-06-23T10:13:39Z,1782209619,warmup,240.0,0.0010909289259805137,{}
2,B,CPU Usage Rate,java_inventory,java,inventory,inventory-go-twin:9082,inventory-go-twin:9082,2026-06-23 15:43:54,2026-06-23T10:13:54Z,1782209634,warmup,255.0,0.0010909289259802555,{}
2,B,CPU Usage Rate,java_inventory,java,inventory,order-go-twin:9083,order-go-twin:9083,2026-06-23 15:43:54,2026-06-23T10:13:54Z,1782209634,warmup,255.0,0.0007272595043725031,{}
2,B,CPU Usage Rate,java_inventory,java,inventory,warehouse-go:8084,warehouse-go:8084,2026-06-23 15:43:54,2026-06-23T10:13:54Z,1782209634,warmup,255.0,0.0012727272727271486,{}
2,B,CPU Usage Rate,java_inventory,java,inventory,inventory-go-twin:9082,inventory-go-twin:9082,2026-06-23 15:44:09,2026-06-23T10:14:09Z,1782209649,warmup,270.0,0.0010909090909091322,{}
2,B,CPU Usage Rate,java_inventory,java,inventory,order-go-twin:9083,order-go-twin:9083,2026-06-23 15:44:09,2026-06-23T10:14:09Z,1782209649,warmup,270.0,0.0007272727272730993,{}
2,B,CPU Usage Rate,java_inventory,java,inventory,warehouse-go:8084,warehouse-go:8084,2026-06-23 15:44:09,2026-06-23T10:14:09Z,1782209649,warmup,270.0,0.0010909289259805137,{}
2,B,CPU Usage Rate,java_inventory,java,inventory,inventory-go-twin:9082,inventory-go-twin:9082,2026-06-23 15:44:24,2026-06-23T10:14:24Z,1782209664,warmup,285.0,0.0009090909090911157,{}
2,B,CPU Usage Rate,java_inventory,java,inventory,order-go-twin:9083,order-go-twin:9083,2026-06-23 15:44:24,2026-06-23T10:14:24Z,1782209664,warmup,285.0,0.0007272727272725826,{}
2,B,CPU Usage Rate,java_inventory,java,inventory,warehouse-go:8084,warehouse-go:8084,2026-06-23 15:44:24,2026-06-23T10:14:24Z,1782209664,warmup,285.0,0.0012727272727271486,{}
2,B,CPU Usage Rate,java_inventory,java,inventory,inventory-go-twin:9082,inventory-go-twin:9082,2026-06-23 15:44:39,2026-06-23T10:14:39Z,1782209679,ramp_1,300.0,0.0010909289259805137,{}
2,B,CPU Usage Rate,java_inventory,java,inventory,order-go-twin:9083,order-go-twin:9083,2026-06-23 15:44:39,2026-06-23T10:14:39Z,1782209679,ramp_1,300.0,0.0005454644629902569,{}
2,B,CPU Usage Rate,java_inventory,java,inventory,warehouse-go:8084,warehouse-go:8084,2026-06-23 15:44:39,2026-06-23T10:14:39Z,1782209679,ramp_1,300.0,0.0010909090909091322,{}
2,B,CPU Usage Rate,java_inventory,java,inventory,inventory-go-twin:9082,inventory-go-twin:9082,2026-06-23 15:44:54,2026-06-23T10:14:54Z,1782209694,ramp_1,315.0,0.0009090909090908574,{}
2,B,CPU Usage Rate,java_inventory,java,inventory,order-go-twin:9083,order-go-twin:9083,2026-06-23 15:44:54,2026-06-23T10:14:54Z,1782209694,ramp_1,315.0,0.0003636363636360329,{}
2,B,CPU Usage Rate,java_inventory,java,inventory,warehouse-go:8084,warehouse-go:8084,2026-06-23 15:44:54,2026-06-23T10:14:54Z,1782209694,ramp_1,315.0,0.0012727272727271486,{}
2,B,CPU Usage Rate,java_inventory,java,inventory,inventory-go-twin:9082,inventory-go-twin:9082,2026-06-23 15:45:09,2026-06-23T10:15:09Z,1782209709,ramp_1,330.0,0.0009090909090908574,{}
2,B,CPU Usage Rate,java_inventory,java,inventory,order-go-twin:9083,order-go-twin:9083,2026-06-23 15:45:09,2026-06-23T10:15:09Z,1782209709,ramp_1,330.0,0.0007272595043725031,{}
2,B,CPU Usage Rate,java_inventory,java,inventory,warehouse-go:8084,warehouse-go:8084,2026-06-23 15:45:09,2026-06-23T10:15:09Z,1782209709,ramp_1,330.0,0.001090889256559013,{}
2,B,CPU Usage Rate,java_inventory,java,inventory,inventory-go-twin:9082,inventory-go-twin:9082,2026-06-23 15:45:24,2026-06-23T10:15:24Z,1782209724,ramp_1,345.0,0.0009090909090908574,{}
2,B,CPU Usage Rate,java_inventory,java,inventory,order-go-twin:9083,order-go-twin:9083,2026-06-23 15:45:24,2026-06-23T10:15:24Z,1782209724,ramp_1,345.0,0.0007272727272725826,{}
2,B,CPU Usage Rate,java_inventory,java,inventory,warehouse-go:8084,warehouse-go:8084,2026-06-23 15:45:24,2026-06-23T10:15:24Z,1782209724,ramp_1,345.0,0.0009090743804660164,{}
2,B,CPU Usage Rate,java_inventory,java,inventory,inventory-go-twin:9082,inventory-go-twin:9082,2026-06-23 15:45:39,2026-06-23T10:15:39Z,1782209739,ramp_1,360.0,0.0009090909090908574,{}
2,B,CPU Usage Rate,java_inventory,java,inventory,order-go-twin:9083,order-go-twin:9083,2026-06-23 15:45:39,2026-06-23T10:15:39Z,1782209739,ramp_1,360.0,0.0007272727272730993,{}
2,B,CPU Usage Rate,java_inventory,java,inventory,warehouse-go:8084,warehouse-go:8084,2026-06-23 15:45:39,2026-06-23T10:15:39Z,1782209739,ramp_1,360.0,0.0009091074383172671,{}
2,B,CPU Usage Rate,java_inventory,java,inventory,inventory-go-twin:9082,inventory-go-twin:9082,2026-06-23 15:45:54,2026-06-23T10:15:54Z,1782209754,ramp_1,375.0,0.0007272859506535037,{}
2,B,CPU Usage Rate,java_inventory,java,inventory,order-go-twin:9083,order-go-twin:9083,2026-06-23 15:45:54,2026-06-23T10:15:54Z,1782209754,ramp_1,375.0,0.0005454446282795065,{}
2,B,CPU Usage Rate,java_inventory,java,inventory,warehouse-go:8084,warehouse-go:8084,2026-06-23 15:45:54,2026-06-23T10:15:54Z,1782209754,ramp_1,375.0,0.0012727272727276653,{}
2,B,CPU Usage Rate,java_inventory,java,inventory,inventory-go-twin:9082,inventory-go-twin:9082,2026-06-23 15:46:09,2026-06-23T10:16:09Z,1782209769,ramp_1,390.0,0.0009091074383172671,{}
2,B,CPU Usage Rate,java_inventory,java,inventory,order-go-twin:9083,order-go-twin:9083,2026-06-23 15:46:09,2026-06-23T10:16:09Z,1782209769,ramp_1,390.0,0.0005454446282795065,{}
2,B,CPU Usage Rate,java_inventory,java,inventory,warehouse-go:8084,warehouse-go:8084,2026-06-23 15:46:09,2026-06-23T10:16:09Z,1782209769,ramp_1,390.0,0.0010909090909091322,{}
2,B,CPU Usage Rate,java_inventory,java,inventory,inventory-go-twin:9082,inventory-go-twin:9082,2026-06-23 15:46:24,2026-06-23T10:16:24Z,1782209784,ramp_1,405.0,0.0009090909090908574,{}
2,B,CPU Usage Rate,java_inventory,java,inventory,order-go-twin:9083,order-go-twin:9083,2026-06-23 15:46:24,2026-06-23T10:16:24Z,1782209784,ramp_1,405.0,0.0007272595043725031,{}
2,B,CPU Usage Rate,java_inventory,java,inventory,warehouse-go:8084,warehouse-go:8084,2026-06-23 15:46:24,2026-06-23T10:16:24Z,1782209784,ramp_1,405.0,0.0012727272727271486,{}
2,B,CPU Usage Rate,java_inventory,java,inventory,inventory-go-twin:9082,inventory-go-twin:9082,2026-06-23 15:46:39,2026-06-23T10:16:39Z,1782209799,ramp_1,420.0,0.0009090909090908574,{}
2,B,CPU Usage Rate,java_inventory,java,inventory,order-go-twin:9083,order-go-twin:9083,2026-06-23 15:46:39,2026-06-23T10:16:39Z,1782209799,ramp_1,420.0,0.0007272727272725826,{}
2,B,CPU Usage Rate,java_inventory,java,inventory,warehouse-go:8084,warehouse-go:8084,2026-06-23 15:46:39,2026-06-23T10:16:39Z,1782209799,ramp_1,420.0,0.001090889256559013,{}
2,B,CPU Usage Rate,java_inventory,java,inventory,inventory-go-twin:9082,inventory-go-twin:9082,2026-06-23 15:46:54,2026-06-23T10:16:54Z,1782209814,ramp_1,435.0,0.0010909090909091322,{}
2,B,CPU Usage Rate,java_inventory,java,inventory,order-go-twin:9083,order-go-twin:9083,2026-06-23 15:46:54,2026-06-23T10:16:54Z,1782209814,ramp_1,435.0,0.0005454446282795065,{}
2,B,CPU Usage Rate,java_inventory,java,inventory,warehouse-go:8084,warehouse-go:8084,2026-06-23 15:46:54,2026-06-23T10:16:54Z,1782209814,ramp_1,435.0,0.0010909090909086154,{}
2,B,CPU Usage Rate,java_inventory,java,inventory,inventory-go-twin:9082,inventory-go-twin:9082,2026-06-23 15:47:09,2026-06-23T10:17:09Z,1782209829,ramp_1,450.0,0.0009090909090911157,{}
2,B,CPU Usage Rate,java_inventory,java,inventory,order-go-twin:9083,order-go-twin:9083,2026-06-23 15:47:09,2026-06-23T10:17:09Z,1782209829,ramp_1,450.0,0.0007272727272725826,{}
2,B,CPU Usage Rate,java_inventory,java,inventory,warehouse-go:8084,warehouse-go:8084,2026-06-23 15:47:09,2026-06-23T10:17:09Z,1782209829,ramp_1,450.0,0.0010909090909091322,{}
2,B,CPU Usage Rate,java_inventory,java,inventory,inventory-go-twin:9082,inventory-go-twin:9082,2026-06-23 15:47:24,2026-06-23T10:17:24Z,1782209844,ramp_1,465.0,0.0009090909090908574,{}
2,B,CPU Usage Rate,java_inventory,java,inventory,order-go-twin:9083,order-go-twin:9083,2026-06-23 15:47:24,2026-06-23T10:17:24Z,1782209844,ramp_1,465.0,0.0005454446282795065,{}
2,B,CPU Usage Rate,java_inventory,java,inventory,warehouse-go:8084,warehouse-go:8084,2026-06-23 15:47:24,2026-06-23T10:17:24Z,1782209844,ramp_1,465.0,0.0010909090909091322,{}
2,B,CPU Usage Rate,java_inventory,java,inventory,inventory-go-twin:9082,inventory-go-twin:9082,2026-06-23 15:47:39,2026-06-23T10:17:39Z,1782209859,ramp_1,480.0,0.0009091074383170087,{}
2,B,CPU Usage Rate,java_inventory,java,inventory,order-go-twin:9083,order-go-twin:9083,2026-06-23 15:47:39,2026-06-23T10:17:39Z,1782209859,ramp_1,480.0,0.0005454644629902569,{}
2,B,CPU Usage Rate,java_inventory,java,inventory,warehouse-go:8084,warehouse-go:8084,2026-06-23 15:47:39,2026-06-23T10:17:39Z,1782209859,ramp_1,480.0,0.0009090909090911157,{}
2,B,CPU Usage Rate,java_inventory,java,inventory,inventory-go-twin:9082,inventory-go-twin:9082,2026-06-23 15:47:54,2026-06-23T10:17:54Z,1782209874,ramp_1,495.0,0.0010909090909091322,{}
2,B,CPU Usage Rate,java_inventory,java,inventory,order-go-twin:9083,order-go-twin:9083,2026-06-23 15:47:54,2026-06-23T10:17:54Z,1782209874,ramp_1,495.0,0.0007272859506535037,{}
2,B,CPU Usage Rate,java_inventory,java,inventory,warehouse-go:8084,warehouse-go:8084,2026-06-23 15:47:54,2026-06-23T10:17:54Z,1782209874,ramp_1,495.0,0.0012727272727276653,{}
2,B,CPU Usage Rate,java_inventory,java,inventory,inventory-go-twin:9082,inventory-go-twin:9082,2026-06-23 15:48:09,2026-06-23T10:18:09Z,1782209889,ramp_1,510.0,0.0010909090909091322,{}
2,B,CPU Usage Rate,java_inventory,java,inventory,order-go-twin:9083,order-go-twin:9083,2026-06-23 15:48:09,2026-06-23T10:18:09Z,1782209889,ramp_1,510.0,0.0005454446282795065,{}
2,B,CPU Usage Rate,java_inventory,java,inventory,warehouse-go:8084,warehouse-go:8084,2026-06-23 15:48:09,2026-06-23T10:18:09Z,1782209889,ramp_1,510.0,0.0009090909090911157,{}
2,B,CPU Usage Rate,java_inventory,java,inventory,inventory-go-twin:9082,inventory-go-twin:9082,2026-06-23 15:48:24,2026-06-23T10:18:24Z,1782209904,ramp_1,525.0,0.0009091074383170087,{}
2,B,CPU Usage Rate,java_inventory,java,inventory,order-go-twin:9083,order-go-twin:9083,2026-06-23 15:48:24,2026-06-23T10:18:24Z,1782209904,ramp_1,525.0,0.0005454446282795065,{}
2,B,CPU Usage Rate,java_inventory,java,inventory,warehouse-go:8084,warehouse-go:8084,2026-06-23 15:48:24,2026-06-23T10:18:24Z,1782209904,ramp_1,525.0,0.0007272727272725826,{}
2,B,CPU Usage Rate,java_inventory,java,inventory,inventory-go-twin:9082,inventory-go-twin:9082,2026-06-23 15:48:39,2026-06-23T10:18:39Z,1782209919,ramp_1,540.0,0.000727272727272841,{}
2,B,CPU Usage Rate,java_inventory,java,inventory,order-go-twin:9083,order-go-twin:9083,2026-06-23 15:48:39,2026-06-23T10:18:39Z,1782209919,ramp_1,540.0,0.0003636363636360329,{}
2,B,CPU Usage Rate,java_inventory,java,inventory,warehouse-go:8084,warehouse-go:8084,2026-06-23 15:48:39,2026-06-23T10:18:39Z,1782209919,ramp_1,540.0,0.0007272727272725826,{}
2,B,CPU Usage Rate,java_inventory,java,inventory,inventory-go-twin:9082,inventory-go-twin:9082,2026-06-23 15:48:54,2026-06-23T10:18:54Z,1782209934,ramp_1,555.0,0.0003636429753270102,{}
2,B,CPU Usage Rate,java_inventory,java,inventory,order-go-twin:9083,order-go-twin:9083,2026-06-23 15:48:54,2026-06-23T10:18:54Z,1782209934,ramp_1,555.0,0.0001818214876637635,{}
2,B,CPU Usage Rate,java_inventory,java,inventory,warehouse-go:8084,warehouse-go:8084,2026-06-23 15:48:54,2026-06-23T10:18:54Z,1782209934,ramp_1,555.0,0.0003636363636360329,{}
2,B,CPU Usage Rate,java_inventory,java,inventory,inventory-go-twin:9082,inventory-go-twin:9082,2026-06-23 15:49:09,2026-06-23T10:19:09Z,1782209949,ramp_1,570.0,0.00018181487609325497,{}
2,B,CPU Usage Rate,java_inventory,java,inventory,order-go-twin:9083,order-go-twin:9083,2026-06-23 15:49:09,2026-06-23T10:19:09Z,1782209949,ramp_1,570.0,0.00018181487609351333,{}
2,B,CPU Usage Rate,java_inventory,java,inventory,warehouse-go:8084,warehouse-go:8084,2026-06-23 15:49:09,2026-06-23T10:19:09Z,1782209949,ramp_1,570.0,0.00036363636363654966,{}
2,B,CPU Usage Rate,java_inventory,java,inventory,inventory-go-twin:9082,inventory-go-twin:9082,2026-06-23 15:49:24,2026-06-23T10:19:24Z,1782209964,ramp_1,585.0,0.0003636363636362913,{}
2,B,CPU Usage Rate,java_inventory,java,inventory,order-go-twin:9083,order-go-twin:9083,2026-06-23 15:49:24,2026-06-23T10:19:24Z,1782209964,ramp_1,585.0,0.0005454644629902569,{}
2,B,CPU Usage Rate,java_inventory,java,inventory,warehouse-go:8084,warehouse-go:8084,2026-06-23 15:49:24,2026-06-23T10:19:24Z,1782209964,ramp_1,585.0,0.0005454545454545661,{}
2,B,CPU Usage Rate,java_inventory,java,inventory,inventory-go-twin:9082,inventory-go-twin:9082,2026-06-23 15:49:39,2026-06-23T10:19:39Z,1782209979,ramp_2,600.0,0.0007272595043727615,{}
2,B,CPU Usage Rate,java_inventory,java,inventory,order-go-twin:9083,order-go-twin:9083,2026-06-23 15:49:39,2026-06-23T10:19:39Z,1782209979,ramp_2,600.0,0.0003636363636360329,{}
2,B,CPU Usage Rate,java_inventory,java,inventory,warehouse-go:8084,warehouse-go:8084,2026-06-23 15:49:39,2026-06-23T10:19:39Z,1782209979,ramp_2,600.0,0.0007272727272730993,{}
2,B,CPU Usage Rate,java_inventory,java,inventory,inventory-go-twin:9082,inventory-go-twin:9082,2026-06-23 15:49:54,2026-06-23T10:19:54Z,1782209994,ramp_2,615.0,0.0009090909090908574,{}
2,B,CPU Usage Rate,java_inventory,java,inventory,order-go-twin:9083,order-go-twin:9083,2026-06-23 15:49:54,2026-06-23T10:19:54Z,1782209994,ramp_2,615.0,0.0005454644629902569,{}
2,B,CPU Usage Rate,java_inventory,java,inventory,warehouse-go:8084,warehouse-go:8084,2026-06-23 15:49:54,2026-06-23T10:19:54Z,1782209994,ramp_2,615.0,0.0009090909090911157,{}
2,B,CPU Usage Rate,java_inventory,java,inventory,inventory-go-twin:9082,inventory-go-twin:9082,2026-06-23 15:50:09,2026-06-23T10:20:09Z,1782210009,ramp_2,630.0,0.001090909090908874,{}
2,B,CPU Usage Rate,java_inventory,java,inventory,order-go-twin:9083,order-go-twin:9083,2026-06-23 15:50:09,2026-06-23T10:20:09Z,1782210009,ramp_2,630.0,0.0007272727272725826,{}
2,B,CPU Usage Rate,java_inventory,java,inventory,warehouse-go:8084,warehouse-go:8084,2026-06-23 15:50:09,2026-06-23T10:20:09Z,1782210009,ramp_2,630.0,0.0010909090909091322,{}
2,B,CPU Usage Rate,java_inventory,java,inventory,inventory-go-twin:9082,inventory-go-twin:9082,2026-06-23 15:50:24,2026-06-23T10:20:24Z,1782210024,ramp_2,645.0,0.0009090909090908574,{}
2,B,CPU Usage Rate,java_inventory,java,inventory,order-go-twin:9083,order-go-twin:9083,2026-06-23 15:50:24,2026-06-23T10:20:24Z,1782210024,ramp_2,645.0,0.0005454545454545661,{}
2,B,CPU Usage Rate,java_inventory,java,inventory,warehouse-go:8084,warehouse-go:8084,2026-06-23 15:50:24,2026-06-23T10:20:24Z,1782210024,ramp_2,645.0,0.0010909090909091322,{}
2,B,CPU Usage Rate,java_inventory,java,inventory,inventory-go-twin:9082,inventory-go-twin:9082,2026-06-23 15:50:39,2026-06-23T10:20:39Z,1782210039,ramp_2,660.0,0.001090909090908874,{}
2,B,CPU Usage Rate,java_inventory,java,inventory,order-go-twin:9083,order-go-twin:9083,2026-06-23 15:50:39,2026-06-23T10:20:39Z,1782210039,ramp_2,660.0,0.0005454446282795065,{}
2,B,CPU Usage Rate,java_inventory,java,inventory,warehouse-go:8084,warehouse-go:8084,2026-06-23 15:50:39,2026-06-23T10:20:39Z,1782210039,ramp_2,660.0,0.0010909090909091322,{}
2,B,CPU Usage Rate,java_inventory,java,inventory,inventory-go-twin:9082,inventory-go-twin:9082,2026-06-23 15:50:54,2026-06-23T10:20:54Z,1782210054,ramp_2,675.0,0.0009090909090908574,{}
2,B,CPU Usage Rate,java_inventory,java,inventory,order-go-twin:9083,order-go-twin:9083,2026-06-23 15:50:54,2026-06-23T10:20:54Z,1782210054,ramp_2,675.0,0.0005454446282795065,{}
2,B,CPU Usage Rate,java_inventory,java,inventory,warehouse-go:8084,warehouse-go:8084,2026-06-23 15:50:54,2026-06-23T10:20:54Z,1782210054,ramp_2,675.0,0.0010909090909091322,{}
2,B,CPU Usage Rate,java_inventory,java,inventory,inventory-go-twin:9082,inventory-go-twin:9082,2026-06-23 15:51:09,2026-06-23T10:21:09Z,1782210069,ramp_2,690.0,0.0009091074383172671,{}
2,B,CPU Usage Rate,java_inventory,java,inventory,order-go-twin:9083,order-go-twin:9083,2026-06-23 15:51:09,2026-06-23T10:21:09Z,1782210069,ramp_2,690.0,0.0005454446282795065,{}
2,B,CPU Usage Rate,java_inventory,java,inventory,warehouse-go:8084,warehouse-go:8084,2026-06-23 15:51:09,2026-06-23T10:21:09Z,1782210069,ramp_2,690.0,0.0010909090909086154,{}
2,B,CPU Usage Rate,java_inventory,java,inventory,inventory-go-twin:9082,inventory-go-twin:9082,2026-06-23 15:51:24,2026-06-23T10:21:24Z,1782210084,ramp_2,705.0,0.0009090909090908574,{}
2,B,CPU Usage Rate,java_inventory,java,inventory,order-go-twin:9083,order-go-twin:9083,2026-06-23 15:51:24,2026-06-23T10:21:24Z,1782210084,ramp_2,705.0,0.0007272727272730993,{}
2,B,CPU Usage Rate,java_inventory,java,inventory,warehouse-go:8084,warehouse-go:8084,2026-06-23 15:51:24,2026-06-23T10:21:24Z,1782210084,ramp_2,705.0,0.0014545454545451652,{}
2,B,CPU Usage Rate,java_inventory,java,inventory,inventory-go-twin:9082,inventory-go-twin:9082,2026-06-23 15:51:39,2026-06-23T10:21:39Z,1782210099,ramp_2,720.0,0.0009090909090911157,{}
2,B,CPU Usage Rate,java_inventory,java,inventory,order-go-twin:9083,order-go-twin:9083,2026-06-23 15:51:39,2026-06-23T10:21:39Z,1782210099,ramp_2,720.0,0.0007272727272725826,{}
2,B,CPU Usage Rate,java_inventory,java,inventory,warehouse-go:8084,warehouse-go:8084,2026-06-23 15:51:39,2026-06-23T10:21:39Z,1782210099,ramp_2,720.0,0.0010909090909091322,{}
2,B,CPU Usage Rate,java_inventory,java,inventory,inventory-go-twin:9082,inventory-go-twin:9082,2026-06-23 15:51:54,2026-06-23T10:21:54Z,1782210114,ramp_2,735.0,0.0010909090909091322,{}
2,B,CPU Usage Rate,java_inventory,java,inventory,order-go-twin:9083,order-go-twin:9083,2026-06-23 15:51:54,2026-06-23T10:21:54Z,1782210114,ramp_2,735.0,0.0007272595043725031,{}
2,B,CPU Usage Rate,java_inventory,java,inventory,warehouse-go:8084,warehouse-go:8084,2026-06-23 15:51:54,2026-06-23T10:21:54Z,1782210114,ramp_2,735.0,0.0010909090909091322,{}
2,B,CPU Usage Rate,java_inventory,java,inventory,inventory-go-twin:9082,inventory-go-twin:9082,2026-06-23 15:52:09,2026-06-23T10:22:09Z,1782210129,ramp_2,750.0,0.0009091074383172671,{}
2,B,CPU Usage Rate,java_inventory,java,inventory,order-go-twin:9083,order-go-twin:9083,2026-06-23 15:52:09,2026-06-23T10:22:09Z,1782210129,ramp_2,750.0,0.0005454545454545661,{}
2,B,CPU Usage Rate,java_inventory,java,inventory,warehouse-go:8084,warehouse-go:8084,2026-06-23 15:52:09,2026-06-23T10:22:09Z,1782210129,ramp_2,750.0,0.000909090909090599,{}
2,B,CPU Usage Rate,java_inventory,java,inventory,inventory-go-twin:9082,inventory-go-twin:9082,2026-06-23 15:52:24,2026-06-23T10:22:24Z,1782210144,ramp_2,765.0,0.0010909090909091322,{}
2,B,CPU Usage Rate,java_inventory,java,inventory,order-go-twin:9083,order-go-twin:9083,2026-06-23 15:52:24,2026-06-23T10:22:24Z,1782210144,ramp_2,765.0,0.0007272727272725826,{}
2,B,CPU Usage Rate,java_inventory,java,inventory,warehouse-go:8084,warehouse-go:8084,2026-06-23 15:52:24,2026-06-23T10:22:24Z,1782210144,ramp_2,765.0,0.0009090909090911157,{}
2,B,CPU Usage Rate,java_inventory,java,inventory,inventory-go-twin:9082,inventory-go-twin:9082,2026-06-23 15:52:39,2026-06-23T10:22:39Z,1782210159,ramp_2,780.0,0.000727272727272841,{}
2,B,CPU Usage Rate,java_inventory,java,inventory,order-go-twin:9083,order-go-twin:9083,2026-06-23 15:52:39,2026-06-23T10:22:39Z,1782210159,ramp_2,780.0,0.0005454446282795065,{}
2,B,CPU Usage Rate,java_inventory,java,inventory,warehouse-go:8084,warehouse-go:8084,2026-06-23 15:52:39,2026-06-23T10:22:39Z,1782210159,ramp_2,780.0,0.000909090909090599,{}
2,B,CPU Usage Rate,java_inventory,java,inventory,inventory-go-twin:9082,inventory-go-twin:9082,2026-06-23 15:52:54,2026-06-23T10:22:54Z,1782210174,ramp_2,795.0,0.0007272727272725826,{}
2,B,CPU Usage Rate,java_inventory,java,inventory,order-go-twin:9083,order-go-twin:9083,2026-06-23 15:52:54,2026-06-23T10:22:54Z,1782210174,ramp_2,795.0,0.0005454446282795065,{}
2,B,CPU Usage Rate,java_inventory,java,inventory,warehouse-go:8084,warehouse-go:8084,2026-06-23 15:52:54,2026-06-23T10:22:54Z,1782210174,ramp_2,795.0,0.0009090743804660164,{}
2,B,CPU Usage Rate,java_inventory,java,inventory,inventory-go-twin:9082,inventory-go-twin:9082,2026-06-23 15:53:09,2026-06-23T10:23:09Z,1782210189,ramp_2,810.0,0.000727285950653762,{}
2,B,CPU Usage Rate,java_inventory,java,inventory,order-go-twin:9083,order-go-twin:9083,2026-06-23 15:53:09,2026-06-23T10:23:09Z,1782210189,ramp_2,810.0,0.0003636363636360329,{}
2,B,CPU Usage Rate,java_inventory,java,inventory,warehouse-go:8084,warehouse-go:8084,2026-06-23 15:53:09,2026-06-23T10:23:09Z,1782210189,ramp_2,810.0,0.000909090909090599,{}
2,B,CPU Usage Rate,java_inventory,java,inventory,inventory-go-twin:9082,inventory-go-twin:9082,2026-06-23 15:53:24,2026-06-23T10:23:24Z,1782210204,ramp_2,825.0,0.0007272727272725826,{}
2,B,CPU Usage Rate,java_inventory,java,inventory,order-go-twin:9083,order-go-twin:9083,2026-06-23 15:53:24,2026-06-23T10:23:24Z,1782210204,ramp_2,825.0,0.0003636429753270102,{}
2,B,CPU Usage Rate,java_inventory,java,inventory,warehouse-go:8084,warehouse-go:8084,2026-06-23 15:53:24,2026-06-23T10:23:24Z,1782210204,ramp_2,825.0,0.0009090909090911157,{}
2,B,CPU Usage Rate,java_inventory,java,inventory,inventory-go-twin:9082,inventory-go-twin:9082,2026-06-23 15:53:39,2026-06-23T10:23:39Z,1782210219,ramp_2,840.0,0.0009090909090908574,{}
2,B,CPU Usage Rate,java_inventory,java,inventory,order-go-twin:9083,order-go-twin:9083,2026-06-23 15:53:39,2026-06-23T10:23:39Z,1782210219,ramp_2,840.0,0.0005454545454545661,{}
2,B,CPU Usage Rate,java_inventory,java,inventory,warehouse-go:8084,warehouse-go:8084,2026-06-23 15:53:39,2026-06-23T10:23:39Z,1782210219,ramp_2,840.0,0.000909090909090599,{}
2,B,CPU Usage Rate,java_inventory,java,inventory,inventory-go-twin:9082,inventory-go-twin:9082,2026-06-23 15:53:54,2026-06-23T10:23:54Z,1782210234,ramp_2,855.0,0.0010909090909091322,{}
2,B,CPU Usage Rate,java_inventory,java,inventory,order-go-twin:9083,order-go-twin:9083,2026-06-23 15:53:54,2026-06-23T10:23:54Z,1782210234,ramp_2,855.0,0.0007272727272725826,{}
2,B,CPU Usage Rate,java_inventory,java,inventory,warehouse-go:8084,warehouse-go:8084,2026-06-23 15:53:54,2026-06-23T10:23:54Z,1782210234,ramp_2,855.0,0.0012727041326520095,{}
2,B,CPU Usage Rate,java_inventory,java,inventory,inventory-go-twin:9082,inventory-go-twin:9082,2026-06-23 15:54:09,2026-06-23T10:24:09Z,1782210249,ramp_2,870.0,0.0009090909090908574,{}
2,B,CPU Usage Rate,java_inventory,java,inventory,order-go-twin:9083,order-go-twin:9083,2026-06-23 15:54:09,2026-06-23T10:24:09Z,1782210249,ramp_2,870.0,0.0007272859506535037,{}
2,B,CPU Usage Rate,java_inventory,java,inventory,warehouse-go:8084,warehouse-go:8084,2026-06-23 15:54:09,2026-06-23T10:24:09Z,1782210249,ramp_2,870.0,0.0010909289259805137,{}
2,B,CPU Usage Rate,java_inventory,java,inventory,inventory-go-twin:9082,inventory-go-twin:9082,2026-06-23 15:54:24,2026-06-23T10:24:24Z,1782210264,ramp_2,885.0,0.000727272727272841,{}
2,B,CPU Usage Rate,java_inventory,java,inventory,order-go-twin:9083,order-go-twin:9083,2026-06-23 15:54:24,2026-06-23T10:24:24Z,1782210264,ramp_2,885.0,0.0007272595043725031,{}
2,B,CPU Usage Rate,java_inventory,java,inventory,warehouse-go:8084,warehouse-go:8084,2026-06-23 15:54:24,2026-06-23T10:24:24Z,1782210264,ramp_2,885.0,0.0010909090909091322,{}
2,B,CPU Usage Rate,java_inventory,java,inventory,inventory-go-twin:9082,inventory-go-twin:9082,2026-06-23 15:54:39,2026-06-23T10:24:39Z,1782210279,ramp_3,900.0,0.0010909090909091322,{}
2,B,CPU Usage Rate,java_inventory,java,inventory,order-go-twin:9083,order-go-twin:9083,2026-06-23 15:54:39,2026-06-23T10:24:39Z,1782210279,ramp_3,900.0,0.0007272859506535037,{}
2,B,CPU Usage Rate,java_inventory,java,inventory,warehouse-go:8084,warehouse-go:8084,2026-06-23 15:54:39,2026-06-23T10:24:39Z,1782210279,ramp_3,900.0,0.001454545454545682,{}
2,B,CPU Usage Rate,java_inventory,java,inventory,inventory-go-twin:9082,inventory-go-twin:9082,2026-06-23 15:54:54,2026-06-23T10:24:54Z,1782210294,ramp_3,915.0,0.0010909090909091322,{}
2,B,CPU Usage Rate,java_inventory,java,inventory,order-go-twin:9083,order-go-twin:9083,2026-06-23 15:54:54,2026-06-23T10:24:54Z,1782210294,ramp_3,915.0,0.00036363636363654966,{}
2,B,CPU Usage Rate,java_inventory,java,inventory,warehouse-go:8084,warehouse-go:8084,2026-06-23 15:54:54,2026-06-23T10:24:54Z,1782210294,ramp_3,915.0,0.0010909090909091322,{}
2,B,CPU Usage Rate,java_inventory,java,inventory,inventory-go-twin:9082,inventory-go-twin:9082,2026-06-23 15:55:09,2026-06-23T10:25:09Z,1782210309,ramp_3,930.0,0.0010909090909091322,{}
2,B,CPU Usage Rate,java_inventory,java,inventory,order-go-twin:9083,order-go-twin:9083,2026-06-23 15:55:09,2026-06-23T10:25:09Z,1782210309,ramp_3,930.0,0.0005454545454545661,{}
2,B,CPU Usage Rate,java_inventory,java,inventory,warehouse-go:8084,warehouse-go:8084,2026-06-23 15:55:09,2026-06-23T10:25:09Z,1782210309,ramp_3,930.0,0.0010909090909091322,{}
2,B,CPU Usage Rate,java_inventory,java,inventory,inventory-go-twin:9082,inventory-go-twin:9082,2026-06-23 15:55:24,2026-06-23T10:25:24Z,1782210324,ramp_3,945.0,0.0009090909090908574,{}
2,B,CPU Usage Rate,java_inventory,java,inventory,order-go-twin:9083,order-go-twin:9083,2026-06-23 15:55:24,2026-06-23T10:25:24Z,1782210324,ramp_3,945.0,0.0007272727272725826,{}
2,B,CPU Usage Rate,java_inventory,java,inventory,warehouse-go:8084,warehouse-go:8084,2026-06-23 15:55:24,2026-06-23T10:25:24Z,1782210324,ramp_3,945.0,0.0012727272727271486,{}
2,B,CPU Usage Rate,java_inventory,java,inventory,inventory-go-twin:9082,inventory-go-twin:9082,2026-06-23 15:55:39,2026-06-23T10:25:39Z,1782210339,ramp_3,960.0,0.0009090743804660164,{}
2,B,CPU Usage Rate,java_inventory,java,inventory,order-go-twin:9083,order-go-twin:9083,2026-06-23 15:55:39,2026-06-23T10:25:39Z,1782210339,ramp_3,960.0,0.0005454644629902569,{}
2,B,CPU Usage Rate,java_inventory,java,inventory,warehouse-go:8084,warehouse-go:8084,2026-06-23 15:55:39,2026-06-23T10:25:39Z,1782210339,ramp_3,960.0,0.0010909289259805137,{}
2,B,CPU Usage Rate,java_inventory,java,inventory,inventory-go-twin:9082,inventory-go-twin:9082,2026-06-23 15:55:54,2026-06-23T10:25:54Z,1782210354,ramp_3,975.0,0.0009090909090908574,{}
2,B,CPU Usage Rate,java_inventory,java,inventory,order-go-twin:9083,order-go-twin:9083,2026-06-23 15:55:54,2026-06-23T10:25:54Z,1782210354,ramp_3,975.0,0.0007272727272730993,{}
2,B,CPU Usage Rate,java_inventory,java,inventory,warehouse-go:8084,warehouse-go:8084,2026-06-23 15:55:54,2026-06-23T10:25:54Z,1782210354,ramp_3,975.0,0.0010909090909091322,{}
2,B,CPU Usage Rate,java_inventory,java,inventory,inventory-go-twin:9082,inventory-go-twin:9082,2026-06-23 15:56:09,2026-06-23T10:26:09Z,1782210369,ramp_3,990.0,0.0010909090909091322,{}
2,B,CPU Usage Rate,java_inventory,java,inventory,order-go-twin:9083,order-go-twin:9083,2026-06-23 15:56:09,2026-06-23T10:26:09Z,1782210369,ramp_3,990.0,0.0005454545454545661,{}
2,B,CPU Usage Rate,java_inventory,java,inventory,warehouse-go:8084,warehouse-go:8084,2026-06-23 15:56:09,2026-06-23T10:26:09Z,1782210369,ramp_3,990.0,0.0012727504136437605,{}
2,B,CPU Usage Rate,java_inventory,java,inventory,inventory-go-twin:9082,inventory-go-twin:9082,2026-06-23 15:56:24,2026-06-23T10:26:24Z,1782210384,ramp_3,1005.0,0.001272727272727407,{}
2,B,CPU Usage Rate,java_inventory,java,inventory,order-go-twin:9083,order-go-twin:9083,2026-06-23 15:56:24,2026-06-23T10:26:24Z,1782210384,ramp_3,1005.0,0.0005454545454545661,{}
2,B,CPU Usage Rate,java_inventory,java,inventory,warehouse-go:8084,warehouse-go:8084,2026-06-23 15:56:24,2026-06-23T10:26:24Z,1782210384,ramp_3,1005.0,0.0010909090909091322,{}
2,B,CPU Usage Rate,java_inventory,java,inventory,inventory-go-twin:9082,inventory-go-twin:9082,2026-06-23 15:56:39,2026-06-23T10:26:39Z,1782210399,ramp_3,1020.0,0.0009091074383172671,{}
2,B,CPU Usage Rate,java_inventory,java,inventory,order-go-twin:9083,order-go-twin:9083,2026-06-23 15:56:39,2026-06-23T10:26:39Z,1782210399,ramp_3,1020.0,0.0007272859506535037,{}
2,B,CPU Usage Rate,java_inventory,java,inventory,warehouse-go:8084,warehouse-go:8084,2026-06-23 15:56:39,2026-06-23T10:26:39Z,1782210399,ramp_3,1020.0,0.001090889256559013,{}
2,B,CPU Usage Rate,java_inventory,java,inventory,inventory-go-twin:9082,inventory-go-twin:9082,2026-06-23 15:56:54,2026-06-23T10:26:54Z,1782210414,ramp_3,1035.0,0.0009090909090908574,{}
2,B,CPU Usage Rate,java_inventory,java,inventory,order-go-twin:9083,order-go-twin:9083,2026-06-23 15:56:54,2026-06-23T10:26:54Z,1782210414,ramp_3,1035.0,0.0005454545454545661,{}
2,B,CPU Usage Rate,java_inventory,java,inventory,warehouse-go:8084,warehouse-go:8084,2026-06-23 15:56:54,2026-06-23T10:26:54Z,1782210414,ramp_3,1035.0,0.000909090909090599,{}
2,B,CPU Usage Rate,java_inventory,java,inventory,inventory-go-twin:9082,inventory-go-twin:9082,2026-06-23 15:57:09,2026-06-23T10:27:09Z,1782210429,ramp_3,1050.0,0.0009090909090908574,{}
2,B,CPU Usage Rate,java_inventory,java,inventory,order-go-twin:9083,order-go-twin:9083,2026-06-23 15:57:09,2026-06-23T10:27:09Z,1782210429,ramp_3,1050.0,0.00036363636363654966,{}
2,B,CPU Usage Rate,java_inventory,java,inventory,warehouse-go:8084,warehouse-go:8084,2026-06-23 15:57:09,2026-06-23T10:27:09Z,1782210429,ramp_3,1050.0,0.0009090909090911157,{}
2,B,CPU Usage Rate,java_inventory,java,inventory,inventory-go-twin:9082,inventory-go-twin:9082,2026-06-23 15:57:24,2026-06-23T10:27:24Z,1782210444,ramp_3,1065.0,0.0009090909090908574,{}
2,B,CPU Usage Rate,java_inventory,java,inventory,order-go-twin:9083,order-go-twin:9083,2026-06-23 15:57:24,2026-06-23T10:27:24Z,1782210444,ramp_3,1065.0,0.0007272727272725826,{}
2,B,CPU Usage Rate,java_inventory,java,inventory,warehouse-go:8084,warehouse-go:8084,2026-06-23 15:57:24,2026-06-23T10:27:24Z,1782210444,ramp_3,1065.0,0.0010909090909091322,{}
2,B,CPU Usage Rate,java_inventory,java,inventory,inventory-go-twin:9082,inventory-go-twin:9082,2026-06-23 15:57:39,2026-06-23T10:27:39Z,1782210459,ramp_3,1080.0,0.0009090909090908574,{}
2,B,CPU Usage Rate,java_inventory,java,inventory,order-go-twin:9083,order-go-twin:9083,2026-06-23 15:57:39,2026-06-23T10:27:39Z,1782210459,ramp_3,1080.0,0.0005454545454545661,{}
2,B,CPU Usage Rate,java_inventory,java,inventory,warehouse-go:8084,warehouse-go:8084,2026-06-23 15:57:39,2026-06-23T10:27:39Z,1782210459,ramp_3,1080.0,0.0009091074383172671,{}
2,B,CPU Usage Rate,java_inventory,java,inventory,inventory-go-twin:9082,inventory-go-twin:9082,2026-06-23 15:57:54,2026-06-23T10:27:54Z,1782210474,ramp_3,1095.0,0.0009091074383170087,{}
2,B,CPU Usage Rate,java_inventory,java,inventory,order-go-twin:9083,order-go-twin:9083,2026-06-23 15:57:54,2026-06-23T10:27:54Z,1782210474,ramp_3,1095.0,0.0005454545454545661,{}
2,B,CPU Usage Rate,java_inventory,java,inventory,warehouse-go:8084,warehouse-go:8084,2026-06-23 15:57:54,2026-06-23T10:27:54Z,1782210474,ramp_3,1095.0,0.000909090909090599,{}
2,B,CPU Usage Rate,java_inventory,java,inventory,inventory-go-twin:9082,inventory-go-twin:9082,2026-06-23 15:58:09,2026-06-23T10:28:09Z,1782210489,ramp_3,1110.0,0.000909074380465758,{}
2,B,CPU Usage Rate,java_inventory,java,inventory,order-go-twin:9083,order-go-twin:9083,2026-06-23 15:58:09,2026-06-23T10:28:09Z,1782210489,ramp_3,1110.0,0.0007272727272725826,{}
2,B,CPU Usage Rate,java_inventory,java,inventory,warehouse-go:8084,warehouse-go:8084,2026-06-23 15:58:09,2026-06-23T10:28:09Z,1782210489,ramp_3,1110.0,0.0012727272727271486,{}
2,B,CPU Usage Rate,java_inventory,java,inventory,inventory-go-twin:9082,inventory-go-twin:9082,2026-06-23 15:58:24,2026-06-23T10:28:24Z,1782210504,ramp_3,1125.0,0.0009090909090908574,{}
2,B,CPU Usage Rate,java_inventory,java,inventory,order-go-twin:9083,order-go-twin:9083,2026-06-23 15:58:24,2026-06-23T10:28:24Z,1782210504,ramp_3,1125.0,0.00036363636363654966,{}
2,B,CPU Usage Rate,java_inventory,java,inventory,warehouse-go:8084,warehouse-go:8084,2026-06-23 15:58:24,2026-06-23T10:28:24Z,1782210504,ramp_3,1125.0,0.0009090909090911157,{}
2,B,CPU Usage Rate,java_inventory,java,inventory,inventory-go-twin:9082,inventory-go-twin:9082,2026-06-23 15:58:39,2026-06-23T10:28:39Z,1782210519,ramp_3,1140.0,0.0010909090909091322,{}
2,B,CPU Usage Rate,java_inventory,java,inventory,order-go-twin:9083,order-go-twin:9083,2026-06-23 15:58:39,2026-06-23T10:28:39Z,1782210519,ramp_3,1140.0,0.0007272859506540204,{}
2,B,CPU Usage Rate,java_inventory,java,inventory,warehouse-go:8084,warehouse-go:8084,2026-06-23 15:58:39,2026-06-23T10:28:39Z,1782210519,ramp_3,1140.0,0.0010909090909091322,{}
2,B,CPU Usage Rate,java_inventory,java,inventory,inventory-go-twin:9082,inventory-go-twin:9082,2026-06-23 15:58:54,2026-06-23T10:28:54Z,1782210534,ramp_3,1155.0,0.0010909090909091322,{}
2,B,CPU Usage Rate,java_inventory,java,inventory,order-go-twin:9083,order-go-twin:9083,2026-06-23 15:58:54,2026-06-23T10:28:54Z,1782210534,ramp_3,1155.0,0.0007272727272725826,{}
2,B,CPU Usage Rate,java_inventory,java,inventory,warehouse-go:8084,warehouse-go:8084,2026-06-23 15:58:54,2026-06-23T10:28:54Z,1782210534,ramp_3,1155.0,0.0016363933889707708,{}
2,B,CPU Usage Rate,java_inventory,java,inventory,inventory-go-twin:9082,inventory-go-twin:9082,2026-06-23 15:59:09,2026-06-23T10:29:09Z,1782210549,ramp_3,1170.0,0.0009090909090908574,{}
2,B,CPU Usage Rate,java_inventory,java,inventory,order-go-twin:9083,order-go-twin:9083,2026-06-23 15:59:09,2026-06-23T10:29:09Z,1782210549,ramp_3,1170.0,0.0007272859506535037,{}
2,B,CPU Usage Rate,java_inventory,java,inventory,warehouse-go:8084,warehouse-go:8084,2026-06-23 15:59:09,2026-06-23T10:29:09Z,1782210549,ramp_3,1170.0,0.0010909090909086154,{}
2,B,CPU Usage Rate,java_inventory,java,inventory,inventory-go-twin:9082,inventory-go-twin:9082,2026-06-23 15:59:24,2026-06-23T10:29:24Z,1782210564,ramp_3,1185.0,0.0009090909090908574,{}
2,B,CPU Usage Rate,java_inventory,java,inventory,order-go-twin:9083,order-go-twin:9083,2026-06-23 15:59:24,2026-06-23T10:29:24Z,1782210564,ramp_3,1185.0,0.0005454644629902569,{}
2,B,CPU Usage Rate,java_inventory,java,inventory,warehouse-go:8084,warehouse-go:8084,2026-06-23 15:59:24,2026-06-23T10:29:24Z,1782210564,ramp_3,1185.0,0.0010909090909091322,{}
2,B,CPU Usage Rate,java_inventory,java,inventory,inventory-go-twin:9082,inventory-go-twin:9082,2026-06-23 15:59:39,2026-06-23T10:29:39Z,1782210579,sustain,1200.0,0.0010909090909091322,{}
2,B,CPU Usage Rate,java_inventory,java,inventory,order-go-twin:9083,order-go-twin:9083,2026-06-23 15:59:39,2026-06-23T10:29:39Z,1782210579,sustain,1200.0,0.0005454545454545661,{}
2,B,CPU Usage Rate,java_inventory,java,inventory,warehouse-go:8084,warehouse-go:8084,2026-06-23 15:59:39,2026-06-23T10:29:39Z,1782210579,sustain,1200.0,0.0012727272727276653,{}
2,B,CPU Usage Rate,java_inventory,java,inventory,inventory-go-twin:9082,inventory-go-twin:9082,2026-06-23 15:59:54,2026-06-23T10:29:54Z,1782210594,sustain,1215.0,0.001090889256559013,{}
2,B,CPU Usage Rate,java_inventory,java,inventory,order-go-twin:9083,order-go-twin:9083,2026-06-23 15:59:54,2026-06-23T10:29:54Z,1782210594,sustain,1215.0,0.0007272595043725031,{}
2,B,CPU Usage Rate,java_inventory,java,inventory,warehouse-go:8084,warehouse-go:8084,2026-06-23 15:59:54,2026-06-23T10:29:54Z,1782210594,sustain,1215.0,0.0010909090909091322,{}
2,B,CPU Usage Rate,java_inventory,java,inventory,inventory-go-twin:9082,inventory-go-twin:9082,2026-06-23 16:00:09,2026-06-23T10:30:09Z,1782210609,sustain,1230.0,0.0009090909090908574,{}
2,B,CPU Usage Rate,java_inventory,java,inventory,order-go-twin:9083,order-go-twin:9083,2026-06-23 16:00:09,2026-06-23T10:30:09Z,1782210609,sustain,1230.0,0.0005454545454545661,{}
2,B,CPU Usage Rate,java_inventory,java,inventory,warehouse-go:8084,warehouse-go:8084,2026-06-23 16:00:09,2026-06-23T10:30:09Z,1782210609,sustain,1230.0,0.0010909090909091322,{}
2,B,CPU Usage Rate,java_inventory,java,inventory,inventory-go-twin:9082,inventory-go-twin:9082,2026-06-23 16:00:24,2026-06-23T10:30:24Z,1782210624,sustain,1245.0,0.0010909090909091322,{}
2,B,CPU Usage Rate,java_inventory,java,inventory,order-go-twin:9083,order-go-twin:9083,2026-06-23 16:00:24,2026-06-23T10:30:24Z,1782210624,sustain,1245.0,0.0007272595043730199,{}
2,B,CPU Usage Rate,java_inventory,java,inventory,warehouse-go:8084,warehouse-go:8084,2026-06-23 16:00:24,2026-06-23T10:30:24Z,1782210624,sustain,1245.0,0.0012727272727271486,{}
2,B,CPU Usage Rate,java_inventory,java,inventory,inventory-go-twin:9082,inventory-go-twin:9082,2026-06-23 16:00:39,2026-06-23T10:30:39Z,1782210639,sustain,1260.0,0.0010909090909091322,{}
2,B,CPU Usage Rate,java_inventory,java,inventory,order-go-twin:9083,order-go-twin:9083,2026-06-23 16:00:39,2026-06-23T10:30:39Z,1782210639,sustain,1260.0,0.0007272859506535037,{}
2,B,CPU Usage Rate,java_inventory,java,inventory,warehouse-go:8084,warehouse-go:8084,2026-06-23 16:00:39,2026-06-23T10:30:39Z,1782210639,sustain,1260.0,0.0010909289259805137,{}
2,B,CPU Usage Rate,java_inventory,java,inventory,inventory-go-twin:9082,inventory-go-twin:9082,2026-06-23 16:00:54,2026-06-23T10:30:54Z,1782210654,sustain,1275.0,0.0010909289259805137,{}
2,B,CPU Usage Rate,java_inventory,java,inventory,order-go-twin:9083,order-go-twin:9083,2026-06-23 16:00:54,2026-06-23T10:30:54Z,1782210654,sustain,1275.0,0.0005454446282795065,{}
2,B,CPU Usage Rate,java_inventory,java,inventory,warehouse-go:8084,warehouse-go:8084,2026-06-23 16:00:54,2026-06-23T10:30:54Z,1782210654,sustain,1275.0,0.001090889256559013,{}
2,B,CPU Usage Rate,java_inventory,java,inventory,inventory-go-twin:9082,inventory-go-twin:9082,2026-06-23 16:01:09,2026-06-23T10:31:09Z,1782210669,sustain,1290.0,0.001090909090908874,{}
2,B,CPU Usage Rate,java_inventory,java,inventory,order-go-twin:9083,order-go-twin:9083,2026-06-23 16:01:09,2026-06-23T10:31:09Z,1782210669,sustain,1290.0,0.0007272727272725826,{}
2,B,CPU Usage Rate,java_inventory,java,inventory,warehouse-go:8084,warehouse-go:8084,2026-06-23 16:01:09,2026-06-23T10:31:09Z,1782210669,sustain,1290.0,0.0010909090909091322,{}
2,B,CPU Usage Rate,java_inventory,java,inventory,inventory-go-twin:9082,inventory-go-twin:9082,2026-06-23 16:01:24,2026-06-23T10:31:24Z,1782210684,sustain,1305.0,0.0010909090909091322,{}
2,B,CPU Usage Rate,java_inventory,java,inventory,order-go-twin:9083,order-go-twin:9083,2026-06-23 16:01:24,2026-06-23T10:31:24Z,1782210684,sustain,1305.0,0.0007272859506535037,{}
2,B,CPU Usage Rate,java_inventory,java,inventory,warehouse-go:8084,warehouse-go:8084,2026-06-23 16:01:24,2026-06-23T10:31:24Z,1782210684,sustain,1305.0,0.0009091074383167503,{}
2,B,CPU Usage Rate,java_inventory,java,inventory,inventory-go-twin:9082,inventory-go-twin:9082,2026-06-23 16:01:39,2026-06-23T10:31:39Z,1782210699,sustain,1320.0,0.000909074380465758,{}
2,B,CPU Usage Rate,java_inventory,java,inventory,order-go-twin:9083,order-go-twin:9083,2026-06-23 16:01:39,2026-06-23T10:31:39Z,1782210699,sustain,1320.0,0.0005454644629902569,{}
2,B,CPU Usage Rate,java_inventory,java,inventory,warehouse-go:8084,warehouse-go:8084,2026-06-23 16:01:39,2026-06-23T10:31:39Z,1782210699,sustain,1320.0,0.0012727041326520095,{}
2,B,CPU Usage Rate,java_inventory,java,inventory,inventory-go-twin:9082,inventory-go-twin:9082,2026-06-23 16:01:54,2026-06-23T10:31:54Z,1782210714,sustain,1335.0,0.0007272595043725031,{}
2,B,CPU Usage Rate,java_inventory,java,inventory,order-go-twin:9083,order-go-twin:9083,2026-06-23 16:01:54,2026-06-23T10:31:54Z,1782210714,sustain,1335.0,0.0007272859506540204,{}
2,B,CPU Usage Rate,java_inventory,java,inventory,warehouse-go:8084,warehouse-go:8084,2026-06-23 16:01:54,2026-06-23T10:31:54Z,1782210714,sustain,1335.0,0.0010909289259805137,{}
2,B,CPU Usage Rate,java_inventory,java,inventory,inventory-go-twin:9082,inventory-go-twin:9082,2026-06-23 16:02:09,2026-06-23T10:32:09Z,1782210729,sustain,1350.0,0.001090889256559013,{}
2,B,CPU Usage Rate,java_inventory,java,inventory,order-go-twin:9083,order-go-twin:9083,2026-06-23 16:02:09,2026-06-23T10:32:09Z,1782210729,sustain,1350.0,0.0005454644629902569,{}
2,B,CPU Usage Rate,java_inventory,java,inventory,warehouse-go:8084,warehouse-go:8084,2026-06-23 16:02:09,2026-06-23T10:32:09Z,1782210729,sustain,1350.0,0.0009090909090911157,{}
2,B,CPU Usage Rate,java_inventory,java,inventory,inventory-go-twin:9082,inventory-go-twin:9082,2026-06-23 16:02:24,2026-06-23T10:32:24Z,1782210744,sustain,1365.0,0.000909074380465758,{}
2,B,CPU Usage Rate,java_inventory,java,inventory,order-go-twin:9083,order-go-twin:9083,2026-06-23 16:02:24,2026-06-23T10:32:24Z,1782210744,sustain,1365.0,0.0005454446282795065,{}
2,B,CPU Usage Rate,java_inventory,java,inventory,warehouse-go:8084,warehouse-go:8084,2026-06-23 16:02:24,2026-06-23T10:32:24Z,1782210744,sustain,1365.0,0.0012727272727271486,{}
2,B,CPU Usage Rate,java_inventory,java,inventory,inventory-go-twin:9082,inventory-go-twin:9082,2026-06-23 16:02:39,2026-06-23T10:32:39Z,1782210759,sustain,1380.0,0.0009090909090911157,{}
2,B,CPU Usage Rate,java_inventory,java,inventory,order-go-twin:9083,order-go-twin:9083,2026-06-23 16:02:39,2026-06-23T10:32:39Z,1782210759,sustain,1380.0,0.0005454446282795065,{}
2,B,CPU Usage Rate,java_inventory,java,inventory,warehouse-go:8084,warehouse-go:8084,2026-06-23 16:02:39,2026-06-23T10:32:39Z,1782210759,sustain,1380.0,0.0009090909090911157,{}
2,B,CPU Usage Rate,java_inventory,java,inventory,inventory-go-twin:9082,inventory-go-twin:9082,2026-06-23 16:02:54,2026-06-23T10:32:54Z,1782210774,sustain,1395.0,0.0009090909090908574,{}
2,B,CPU Usage Rate,java_inventory,java,inventory,order-go-twin:9083,order-go-twin:9083,2026-06-23 16:02:54,2026-06-23T10:32:54Z,1782210774,sustain,1395.0,0.0007272727272725826,{}
2,B,CPU Usage Rate,java_inventory,java,inventory,warehouse-go:8084,warehouse-go:8084,2026-06-23 16:02:54,2026-06-23T10:32:54Z,1782210774,sustain,1395.0,0.000909090909090599,{}
2,B,CPU Usage Rate,java_inventory,java,inventory,inventory-go-twin:9082,inventory-go-twin:9082,2026-06-23 16:03:09,2026-06-23T10:33:09Z,1782210789,sustain,1410.0,0.0009090909090908574,{}
2,B,CPU Usage Rate,java_inventory,java,inventory,order-go-twin:9083,order-go-twin:9083,2026-06-23 16:03:09,2026-06-23T10:33:09Z,1782210789,sustain,1410.0,0.0007272727272725826,{}
2,B,CPU Usage Rate,java_inventory,java,inventory,warehouse-go:8084,warehouse-go:8084,2026-06-23 16:03:09,2026-06-23T10:33:09Z,1782210789,sustain,1410.0,0.0009090743804660164,{}
2,B,CPU Usage Rate,java_inventory,java,inventory,inventory-go-twin:9082,inventory-go-twin:9082,2026-06-23 16:03:24,2026-06-23T10:33:24Z,1782210804,sustain,1425.0,0.0010909090909091322,{}
2,B,CPU Usage Rate,java_inventory,java,inventory,order-go-twin:9083,order-go-twin:9083,2026-06-23 16:03:24,2026-06-23T10:33:24Z,1782210804,sustain,1425.0,0.0007272727272725826,{}
2,B,CPU Usage Rate,java_inventory,java,inventory,warehouse-go:8084,warehouse-go:8084,2026-06-23 16:03:24,2026-06-23T10:33:24Z,1782210804,sustain,1425.0,0.0007272859506535037,{}
2,B,CPU Usage Rate,java_inventory,java,inventory,inventory-go-twin:9082,inventory-go-twin:9082,2026-06-23 16:03:39,2026-06-23T10:33:39Z,1782210819,sustain,1440.0,0.0009090909090908574,{}
2,B,CPU Usage Rate,java_inventory,java,inventory,order-go-twin:9083,order-go-twin:9083,2026-06-23 16:03:39,2026-06-23T10:33:39Z,1782210819,sustain,1440.0,0.0005454446282795065,{}
2,B,CPU Usage Rate,java_inventory,java,inventory,warehouse-go:8084,warehouse-go:8084,2026-06-23 16:03:39,2026-06-23T10:33:39Z,1782210819,sustain,1440.0,0.0009090743804660164,{}
2,B,CPU Usage Rate,java_inventory,java,inventory,inventory-go-twin:9082,inventory-go-twin:9082,2026-06-23 16:03:54,2026-06-23T10:33:54Z,1782210834,sustain,1455.0,0.0010909090909091322,{}
2,B,CPU Usage Rate,java_inventory,java,inventory,order-go-twin:9083,order-go-twin:9083,2026-06-23 16:03:54,2026-06-23T10:33:54Z,1782210834,sustain,1455.0,0.0003636429753270102,{}
2,B,CPU Usage Rate,java_inventory,java,inventory,warehouse-go:8084,warehouse-go:8084,2026-06-23 16:03:54,2026-06-23T10:33:54Z,1782210834,sustain,1455.0,0.0007272727272725826,{}
2,B,CPU Usage Rate,java_inventory,java,inventory,inventory-go-twin:9082,inventory-go-twin:9082,2026-06-23 16:04:09,2026-06-23T10:34:09Z,1782210849,sustain,1470.0,0.000727272727272841,{}
2,B,CPU Usage Rate,java_inventory,java,inventory,order-go-twin:9083,order-go-twin:9083,2026-06-23 16:04:09,2026-06-23T10:34:09Z,1782210849,sustain,1470.0,0.0005454545454545661,{}
2,B,CPU Usage Rate,java_inventory,java,inventory,warehouse-go:8084,warehouse-go:8084,2026-06-23 16:04:09,2026-06-23T10:34:09Z,1782210849,sustain,1470.0,0.0007272727272725826,{}
2,B,CPU Usage Rate,java_inventory,java,inventory,inventory-go-twin:9082,inventory-go-twin:9082,2026-06-23 16:04:24,2026-06-23T10:34:24Z,1782210864,sustain,1485.0,0.0005454545454545661,{}
2,B,CPU Usage Rate,java_inventory,java,inventory,order-go-twin:9083,order-go-twin:9083,2026-06-23 16:04:24,2026-06-23T10:34:24Z,1782210864,sustain,1485.0,0.0003636429753270102,{}
2,B,CPU Usage Rate,java_inventory,java,inventory,warehouse-go:8084,warehouse-go:8084,2026-06-23 16:04:24,2026-06-23T10:34:24Z,1782210864,sustain,1485.0,0.0007272595043725031,{}
2,B,CPU Usage Rate,java_inventory,java,inventory,inventory-go-twin:9082,inventory-go-twin:9082,2026-06-23 16:04:39,2026-06-23T10:34:39Z,1782210879,sustain,1500.0,0.0005454644629902569,{}
2,B,CPU Usage Rate,java_inventory,java,inventory,order-go-twin:9083,order-go-twin:9083,2026-06-23 16:04:39,2026-06-23T10:34:39Z,1782210879,sustain,1500.0,0.0005454446282795065,{}
2,B,CPU Usage Rate,java_inventory,java,inventory,warehouse-go:8084,warehouse-go:8084,2026-06-23 16:04:39,2026-06-23T10:34:39Z,1782210879,sustain,1500.0,0.0005454545454545661,{}
2,B,CPU Usage Rate,java_inventory,java,inventory,inventory-go-twin:9082,inventory-go-twin:9082,2026-06-23 16:04:54,2026-06-23T10:34:54Z,1782210894,sustain,1515.0,0.0005454545454545661,{}
2,B,CPU Usage Rate,java_inventory,java,inventory,order-go-twin:9083,order-go-twin:9083,2026-06-23 16:04:54,2026-06-23T10:34:54Z,1782210894,sustain,1515.0,0.00036363636363654966,{}
2,B,CPU Usage Rate,java_inventory,java,inventory,warehouse-go:8084,warehouse-go:8084,2026-06-23 16:04:54,2026-06-23T10:34:54Z,1782210894,sustain,1515.0,0.0005454545454545661,{}
2,B,CPU Usage Rate,java_inventory,java,inventory,inventory-go-twin:9082,inventory-go-twin:9082,2026-06-23 16:05:09,2026-06-23T10:35:09Z,1782210909,sustain,1530.0,0.0005454545454545661,{}
2,B,CPU Usage Rate,java_inventory,java,inventory,order-go-twin:9083,order-go-twin:9083,2026-06-23 16:05:09,2026-06-23T10:35:09Z,1782210909,sustain,1530.0,0.00036362975218650993,{}
2,B,CPU Usage Rate,java_inventory,java,inventory,warehouse-go:8084,warehouse-go:8084,2026-06-23 16:05:09,2026-06-23T10:35:09Z,1782210909,sustain,1530.0,0.0007272727272725826,{}
2,B,CPU Usage Rate,java_inventory,java,inventory,inventory-go-twin:9082,inventory-go-twin:9082,2026-06-23 16:05:24,2026-06-23T10:35:24Z,1782210924,sustain,1545.0,0.0009090909090911157,{}
2,B,CPU Usage Rate,java_inventory,java,inventory,order-go-twin:9083,order-go-twin:9083,2026-06-23 16:05:24,2026-06-23T10:35:24Z,1782210924,sustain,1545.0,0.00036363636363654966,{}
2,B,CPU Usage Rate,java_inventory,java,inventory,warehouse-go:8084,warehouse-go:8084,2026-06-23 16:05:24,2026-06-23T10:35:24Z,1782210924,sustain,1545.0,0.0007272727272730993,{}
2,B,CPU Usage Rate,java_inventory,java,inventory,inventory-go-twin:9082,inventory-go-twin:9082,2026-06-23 16:05:39,2026-06-23T10:35:39Z,1782210939,sustain,1560.0,0.0009090909090908574,{}
2,B,CPU Usage Rate,java_inventory,java,inventory,order-go-twin:9083,order-go-twin:9083,2026-06-23 16:05:39,2026-06-23T10:35:39Z,1782210939,sustain,1560.0,0.0003636363636360329,{}
2,B,CPU Usage Rate,java_inventory,java,inventory,warehouse-go:8084,warehouse-go:8084,2026-06-23 16:05:39,2026-06-23T10:35:39Z,1782210939,sustain,1560.0,0.0005454545454545661,{}
2,B,CPU Usage Rate,java_inventory,java,inventory,inventory-go-twin:9082,inventory-go-twin:9082,2026-06-23 16:05:54,2026-06-23T10:35:54Z,1782210954,sustain,1575.0,0.001090909090908874,{}
2,B,CPU Usage Rate,java_inventory,java,inventory,order-go-twin:9083,order-go-twin:9083,2026-06-23 16:05:54,2026-06-23T10:35:54Z,1782210954,sustain,1575.0,0.0005454545454545661,{}
2,B,CPU Usage Rate,java_inventory,java,inventory,warehouse-go:8084,warehouse-go:8084,2026-06-23 16:05:54,2026-06-23T10:35:54Z,1782210954,sustain,1575.0,0.0009090743804660164,{}
2,B,CPU Usage Rate,java_inventory,java,inventory,inventory-go-twin:9082,inventory-go-twin:9082,2026-06-23 16:06:09,2026-06-23T10:36:09Z,1782210969,sustain,1590.0,0.0009090909090908574,{}
2,B,CPU Usage Rate,java_inventory,java,inventory,order-go-twin:9083,order-go-twin:9083,2026-06-23 16:06:09,2026-06-23T10:36:09Z,1782210969,sustain,1590.0,0.0007272727272725826,{}
2,B,CPU Usage Rate,java_inventory,java,inventory,warehouse-go:8084,warehouse-go:8084,2026-06-23 16:06:09,2026-06-23T10:36:09Z,1782210969,sustain,1590.0,0.0010909090909091322,{}
2,B,CPU Usage Rate,java_inventory,java,inventory,inventory-go-twin:9082,inventory-go-twin:9082,2026-06-23 16:06:24,2026-06-23T10:36:24Z,1782210984,sustain,1605.0,0.0010909090909091322,{}
2,B,CPU Usage Rate,java_inventory,java,inventory,order-go-twin:9083,order-go-twin:9083,2026-06-23 16:06:24,2026-06-23T10:36:24Z,1782210984,sustain,1605.0,0.0009090909090911157,{}
2,B,CPU Usage Rate,java_inventory,java,inventory,warehouse-go:8084,warehouse-go:8084,2026-06-23 16:06:24,2026-06-23T10:36:24Z,1782210984,sustain,1605.0,0.0010909090909091322,{}
2,B,CPU Usage Rate,java_inventory,java,inventory,inventory-go-twin:9082,inventory-go-twin:9082,2026-06-23 16:06:39,2026-06-23T10:36:39Z,1782210999,sustain,1620.0,0.0010909090909091322,{}
2,B,CPU Usage Rate,java_inventory,java,inventory,order-go-twin:9083,order-go-twin:9083,2026-06-23 16:06:39,2026-06-23T10:36:39Z,1782210999,sustain,1620.0,0.0009090909090911157,{}
2,B,CPU Usage Rate,java_inventory,java,inventory,warehouse-go:8084,warehouse-go:8084,2026-06-23 16:06:39,2026-06-23T10:36:39Z,1782210999,sustain,1620.0,0.0010909090909091322,{}
2,B,CPU Usage Rate,java_inventory,java,inventory,inventory-go-twin:9082,inventory-go-twin:9082,2026-06-23 16:06:54,2026-06-23T10:36:54Z,1782211014,sustain,1635.0,0.001272727272727407,{}
2,B,CPU Usage Rate,java_inventory,java,inventory,order-go-twin:9083,order-go-twin:9083,2026-06-23 16:06:54,2026-06-23T10:36:54Z,1782211014,sustain,1635.0,0.0007272727272725826,{}
2,B,CPU Usage Rate,java_inventory,java,inventory,warehouse-go:8084,warehouse-go:8084,2026-06-23 16:06:54,2026-06-23T10:36:54Z,1782211014,sustain,1635.0,0.0012727272727271486,{}
2,B,CPU Usage Rate,java_inventory,java,inventory,inventory-go-twin:9082,inventory-go-twin:9082,2026-06-23 16:07:09,2026-06-23T10:37:09Z,1782211029,sustain,1650.0,0.0009090743804660164,{}
2,B,CPU Usage Rate,java_inventory,java,inventory,order-go-twin:9083,order-go-twin:9083,2026-06-23 16:07:09,2026-06-23T10:37:09Z,1782211029,sustain,1650.0,0.0005454545454545661,{}
2,B,CPU Usage Rate,java_inventory,java,inventory,warehouse-go:8084,warehouse-go:8084,2026-06-23 16:07:09,2026-06-23T10:37:09Z,1782211029,sustain,1650.0,0.0009090743804654997,{}
2,B,CPU Usage Rate,java_inventory,java,inventory,inventory-go-twin:9082,inventory-go-twin:9082,2026-06-23 16:07:24,2026-06-23T10:37:24Z,1782211044,sustain,1665.0,0.0010909090909091322,{}
2,B,CPU Usage Rate,java_inventory,java,inventory,order-go-twin:9083,order-go-twin:9083,2026-06-23 16:07:24,2026-06-23T10:37:24Z,1782211044,sustain,1665.0,0.0005454545454545661,{}
2,B,CPU Usage Rate,java_inventory,java,inventory,warehouse-go:8084,warehouse-go:8084,2026-06-23 16:07:24,2026-06-23T10:37:24Z,1782211044,sustain,1665.0,0.0010909090909091322,{}
2,B,CPU Usage Rate,java_inventory,java,inventory,inventory-go-twin:9082,inventory-go-twin:9082,2026-06-23 16:07:39,2026-06-23T10:37:39Z,1782211059,sustain,1680.0,0.001090909090908874,{}
2,B,CPU Usage Rate,java_inventory,java,inventory,order-go-twin:9083,order-go-twin:9083,2026-06-23 16:07:39,2026-06-23T10:37:39Z,1782211059,sustain,1680.0,0.0007272727272725826,{}
2,B,CPU Usage Rate,java_inventory,java,inventory,warehouse-go:8084,warehouse-go:8084,2026-06-23 16:07:39,2026-06-23T10:37:39Z,1782211059,sustain,1680.0,0.0010908892565584963,{}
2,B,CPU Usage Rate,java_inventory,java,inventory,inventory-go-twin:9082,inventory-go-twin:9082,2026-06-23 16:07:54,2026-06-23T10:37:54Z,1782211074,sustain,1695.0,0.0009090909090908574,{}
2,B,CPU Usage Rate,java_inventory,java,inventory,order-go-twin:9083,order-go-twin:9083,2026-06-23 16:07:54,2026-06-23T10:37:54Z,1782211074,sustain,1695.0,0.0007272595043725031,{}
2,B,CPU Usage Rate,java_inventory,java,inventory,warehouse-go:8084,warehouse-go:8084,2026-06-23 16:07:54,2026-06-23T10:37:54Z,1782211074,sustain,1695.0,0.0010909090909091322,{}
2,B,CPU Usage Rate,java_inventory,java,inventory,inventory-go-twin:9082,inventory-go-twin:9082,2026-06-23 16:08:09,2026-06-23T10:38:09Z,1782211089,sustain,1710.0,0.0009090909090908574,{}
2,B,CPU Usage Rate,java_inventory,java,inventory,order-go-twin:9083,order-go-twin:9083,2026-06-23 16:08:09,2026-06-23T10:38:09Z,1782211089,sustain,1710.0,0.0007272595043725031,{}
2,B,CPU Usage Rate,java_inventory,java,inventory,warehouse-go:8084,warehouse-go:8084,2026-06-23 16:08:09,2026-06-23T10:38:09Z,1782211089,sustain,1710.0,0.0010909090909091322,{}
2,B,CPU Usage Rate,java_inventory,java,inventory,inventory-go-twin:9082,inventory-go-twin:9082,2026-06-23 16:08:24,2026-06-23T10:38:24Z,1782211104,sustain,1725.0,0.0010909090909091322,{}
2,B,CPU Usage Rate,java_inventory,java,inventory,order-go-twin:9083,order-go-twin:9083,2026-06-23 16:08:24,2026-06-23T10:38:24Z,1782211104,sustain,1725.0,0.0007272859506535037,{}
2,B,CPU Usage Rate,java_inventory,java,inventory,warehouse-go:8084,warehouse-go:8084,2026-06-23 16:08:24,2026-06-23T10:38:24Z,1782211104,sustain,1725.0,0.0010909090909091322,{}
2,B,CPU Usage Rate,java_inventory,java,inventory,inventory-go-twin:9082,inventory-go-twin:9082,2026-06-23 16:08:39,2026-06-23T10:38:39Z,1782211119,sustain,1740.0,0.0010909090909091322,{}
2,B,CPU Usage Rate,java_inventory,java,inventory,order-go-twin:9083,order-go-twin:9083,2026-06-23 16:08:39,2026-06-23T10:38:39Z,1782211119,sustain,1740.0,0.0003636429753270102,{}
2,B,CPU Usage Rate,java_inventory,java,inventory,warehouse-go:8084,warehouse-go:8084,2026-06-23 16:08:39,2026-06-23T10:38:39Z,1782211119,sustain,1740.0,0.0007272727272725826,{}
2,B,CPU Usage Rate,java_inventory,java,inventory,inventory-go-twin:9082,inventory-go-twin:9082,2026-06-23 16:08:54,2026-06-23T10:38:54Z,1782211134,sustain,1755.0,0.0009090909090908574,{}
2,B,CPU Usage Rate,java_inventory,java,inventory,order-go-twin:9083,order-go-twin:9083,2026-06-23 16:08:54,2026-06-23T10:38:54Z,1782211134,sustain,1755.0,0.0007272727272730993,{}
2,B,CPU Usage Rate,java_inventory,java,inventory,warehouse-go:8084,warehouse-go:8084,2026-06-23 16:08:54,2026-06-23T10:38:54Z,1782211134,sustain,1755.0,0.0009090909090911157,{}
2,B,CPU Usage Rate,java_inventory,java,inventory,inventory-go-twin:9082,inventory-go-twin:9082,2026-06-23 16:09:09,2026-06-23T10:39:09Z,1782211149,sustain,1770.0,0.0009091074383170087,{}
2,B,CPU Usage Rate,java_inventory,java,inventory,order-go-twin:9083,order-go-twin:9083,2026-06-23 16:09:09,2026-06-23T10:39:09Z,1782211149,sustain,1770.0,0.0007272727272730993,{}
2,B,CPU Usage Rate,java_inventory,java,inventory,warehouse-go:8084,warehouse-go:8084,2026-06-23 16:09:09,2026-06-23T10:39:09Z,1782211149,sustain,1770.0,0.0007272727272725826,{}
2,B,CPU Usage Rate,java_inventory,java,inventory,inventory-go-twin:9082,inventory-go-twin:9082,2026-06-23 16:09:24,2026-06-23T10:39:24Z,1782211164,sustain,1785.0,0.0009090909090908574,{}
2,B,CPU Usage Rate,java_inventory,java,inventory,order-go-twin:9083,order-go-twin:9083,2026-06-23 16:09:24,2026-06-23T10:39:24Z,1782211164,sustain,1785.0,0.0007272859506535037,{}
2,B,CPU Usage Rate,java_inventory,java,inventory,warehouse-go:8084,warehouse-go:8084,2026-06-23 16:09:24,2026-06-23T10:39:24Z,1782211164,sustain,1785.0,0.0009090909090911157,{}
2,B,CPU Usage Rate,java_inventory,java,inventory,inventory-go-twin:9082,inventory-go-twin:9082,2026-06-23 16:09:39,2026-06-23T10:39:39Z,1782211179,cooldown,1800.0,0.0010909090909091322,{}
2,B,CPU Usage Rate,java_inventory,java,inventory,order-go-twin:9083,order-go-twin:9083,2026-06-23 16:09:39,2026-06-23T10:39:39Z,1782211179,cooldown,1800.0,0.00036362975218650993,{}
2,B,CPU Usage Rate,java_inventory,java,inventory,warehouse-go:8084,warehouse-go:8084,2026-06-23 16:09:39,2026-06-23T10:39:39Z,1782211179,cooldown,1800.0,0.0009090909090911157,{}
2,B,CPU Usage Rate,java_inventory,java,inventory,inventory-go-twin:9082,inventory-go-twin:9082,2026-06-23 16:09:54,2026-06-23T10:39:54Z,1782211194,cooldown,1815.0,0.0010909090909091322,{}
2,B,CPU Usage Rate,java_inventory,java,inventory,order-go-twin:9083,order-go-twin:9083,2026-06-23 16:09:54,2026-06-23T10:39:54Z,1782211194,cooldown,1815.0,0.0007272595043725031,{}
2,B,CPU Usage Rate,java_inventory,java,inventory,warehouse-go:8084,warehouse-go:8084,2026-06-23 16:09:54,2026-06-23T10:39:54Z,1782211194,cooldown,1815.0,0.0007272727272725826,{}
2,B,CPU Usage Rate,java_inventory,java,inventory,inventory-go-twin:9082,inventory-go-twin:9082,2026-06-23 16:10:09,2026-06-23T10:40:09Z,1782211209,cooldown,1830.0,0.0007272727272725826,{}
2,B,CPU Usage Rate,java_inventory,java,inventory,order-go-twin:9083,order-go-twin:9083,2026-06-23 16:10:09,2026-06-23T10:40:09Z,1782211209,cooldown,1830.0,0.0007272859506535037,{}
2,B,CPU Usage Rate,java_inventory,java,inventory,warehouse-go:8084,warehouse-go:8084,2026-06-23 16:10:09,2026-06-23T10:40:09Z,1782211209,cooldown,1830.0,0.0005454545454545661,{}
2,B,CPU Usage Rate,java_inventory,java,inventory,inventory-go-twin:9082,inventory-go-twin:9082,2026-06-23 16:10:24,2026-06-23T10:40:24Z,1782211224,cooldown,1845.0,0.0009090909090908574,{}
2,B,CPU Usage Rate,java_inventory,java,inventory,order-go-twin:9083,order-go-twin:9083,2026-06-23 16:10:24,2026-06-23T10:40:24Z,1782211224,cooldown,1845.0,0.0007272859506535037,{}
2,B,CPU Usage Rate,java_inventory,java,inventory,warehouse-go:8084,warehouse-go:8084,2026-06-23 16:10:24,2026-06-23T10:40:24Z,1782211224,cooldown,1845.0,0.000909090909090599,{}
2,B,CPU Usage Rate,java_inventory,java,inventory,inventory-go-twin:9082,inventory-go-twin:9082,2026-06-23 16:10:39,2026-06-23T10:40:39Z,1782211239,cooldown,1860.0,0.0009090909090908574,{}
2,B,CPU Usage Rate,java_inventory,java,inventory,order-go-twin:9083,order-go-twin:9083,2026-06-23 16:10:39,2026-06-23T10:40:39Z,1782211239,cooldown,1860.0,0.0007272727272730993,{}
2,B,CPU Usage Rate,java_inventory,java,inventory,warehouse-go:8084,warehouse-go:8084,2026-06-23 16:10:39,2026-06-23T10:40:39Z,1782211239,cooldown,1860.0,0.0010909289259805137,{}
2,B,CPU Usage Rate,java_inventory,java,inventory,inventory-go-twin:9082,inventory-go-twin:9082,2026-06-23 16:10:54,2026-06-23T10:40:54Z,1782211254,cooldown,1875.0,0.0009090743804660164,{}
2,B,CPU Usage Rate,java_inventory,java,inventory,order-go-twin:9083,order-go-twin:9083,2026-06-23 16:10:54,2026-06-23T10:40:54Z,1782211254,cooldown,1875.0,0.0005454545454545661,{}
2,B,CPU Usage Rate,java_inventory,java,inventory,warehouse-go:8084,warehouse-go:8084,2026-06-23 16:10:54,2026-06-23T10:40:54Z,1782211254,cooldown,1875.0,0.0010909090909091322,{}
2,B,CPU Usage Rate,java_inventory,java,inventory,inventory-go-twin:9082,inventory-go-twin:9082,2026-06-23 16:11:09,2026-06-23T10:41:09Z,1782211269,cooldown,1890.0,0.0007272727272725826,{}
2,B,CPU Usage Rate,java_inventory,java,inventory,order-go-twin:9083,order-go-twin:9083,2026-06-23 16:11:09,2026-06-23T10:41:09Z,1782211269,cooldown,1890.0,0.0009090743804660164,{}
2,B,CPU Usage Rate,java_inventory,java,inventory,warehouse-go:8084,warehouse-go:8084,2026-06-23 16:11:09,2026-06-23T10:41:09Z,1782211269,cooldown,1890.0,0.0012727041326520095,{}
2,B,CPU Usage Rate,java_inventory,java,inventory,inventory-go-twin:9082,inventory-go-twin:9082,2026-06-23 16:11:24,2026-06-23T10:41:24Z,1782211284,cooldown,1905.0,0.001090889256559013,{}
2,B,CPU Usage Rate,java_inventory,java,inventory,order-go-twin:9083,order-go-twin:9083,2026-06-23 16:11:24,2026-06-23T10:41:24Z,1782211284,cooldown,1905.0,0.0007272859506540204,{}
2,B,CPU Usage Rate,java_inventory,java,inventory,warehouse-go:8084,warehouse-go:8084,2026-06-23 16:11:24,2026-06-23T10:41:24Z,1782211284,cooldown,1905.0,0.0010909090909091322,{}
2,B,CPU Usage Rate,java_inventory,java,inventory,inventory-go-twin:9082,inventory-go-twin:9082,2026-06-23 16:11:39,2026-06-23T10:41:39Z,1782211299,cooldown,1920.0,0.0010909090909091322,{}
2,B,CPU Usage Rate,java_inventory,java,inventory,order-go-twin:9083,order-go-twin:9083,2026-06-23 16:11:39,2026-06-23T10:41:39Z,1782211299,cooldown,1920.0,0.0007272595043725031,{}
2,B,CPU Usage Rate,java_inventory,java,inventory,warehouse-go:8084,warehouse-go:8084,2026-06-23 16:11:39,2026-06-23T10:41:39Z,1782211299,cooldown,1920.0,0.0010909090909091322,{}
2,B,CPU Usage Rate,java_inventory,java,inventory,inventory-go-twin:9082,inventory-go-twin:9082,2026-06-23 16:11:54,2026-06-23T10:41:54Z,1782211314,cooldown,1935.0,0.0009090909090908574,{}
2,B,CPU Usage Rate,java_inventory,java,inventory,order-go-twin:9083,order-go-twin:9083,2026-06-23 16:11:54,2026-06-23T10:41:54Z,1782211314,cooldown,1935.0,0.0005454545454545661,{}
2,B,CPU Usage Rate,java_inventory,java,inventory,warehouse-go:8084,warehouse-go:8084,2026-06-23 16:11:54,2026-06-23T10:41:54Z,1782211314,cooldown,1935.0,0.0012727504136437605,{}
2,B,CPU Usage Rate,java_inventory,java,inventory,inventory-go-twin:9082,inventory-go-twin:9082,2026-06-23 16:12:09,2026-06-23T10:42:09Z,1782211329,cooldown,1950.0,0.0010909090909091322,{}
2,B,CPU Usage Rate,java_inventory,java,inventory,order-go-twin:9083,order-go-twin:9083,2026-06-23 16:12:09,2026-06-23T10:42:09Z,1782211329,cooldown,1950.0,0.0005454545454545661,{}
2,B,CPU Usage Rate,java_inventory,java,inventory,warehouse-go:8084,warehouse-go:8084,2026-06-23 16:12:09,2026-06-23T10:42:09Z,1782211329,cooldown,1950.0,0.0010909090909091322,{}
2,B,CPU Usage Rate,java_inventory,java,inventory,inventory-go-twin:9082,inventory-go-twin:9082,2026-06-23 16:12:24,2026-06-23T10:42:24Z,1782211344,cooldown,1965.0,0.0009090909090908574,{}
2,B,CPU Usage Rate,java_inventory,java,inventory,order-go-twin:9083,order-go-twin:9083,2026-06-23 16:12:24,2026-06-23T10:42:24Z,1782211344,cooldown,1965.0,0.0007272595043725031,{}
2,B,CPU Usage Rate,java_inventory,java,inventory,warehouse-go:8084,warehouse-go:8084,2026-06-23 16:12:24,2026-06-23T10:42:24Z,1782211344,cooldown,1965.0,0.0012727041326525263,{}
2,B,CPU Usage Rate,java_inventory,java,inventory,inventory-go-twin:9082,inventory-go-twin:9082,2026-06-23 16:12:39,2026-06-23T10:42:39Z,1782211359,cooldown,1980.0,0.0009090909090908574,{}
2,B,CPU Usage Rate,java_inventory,java,inventory,order-go-twin:9083,order-go-twin:9083,2026-06-23 16:12:39,2026-06-23T10:42:39Z,1782211359,cooldown,1980.0,0.0005454545454545661,{}
2,B,CPU Usage Rate,java_inventory,java,inventory,warehouse-go:8084,warehouse-go:8084,2026-06-23 16:12:39,2026-06-23T10:42:39Z,1782211359,cooldown,1980.0,0.0012727504136437605,{}
2,B,CPU Usage Rate,java_inventory,java,inventory,inventory-go-twin:9082,inventory-go-twin:9082,2026-06-23 16:12:54,2026-06-23T10:42:54Z,1782211374,cooldown,1995.0,0.0009090743804660164,{}
2,B,CPU Usage Rate,java_inventory,java,inventory,order-go-twin:9083,order-go-twin:9083,2026-06-23 16:12:54,2026-06-23T10:42:54Z,1782211374,cooldown,1995.0,0.0007272859506540204,{}
2,B,CPU Usage Rate,java_inventory,java,inventory,warehouse-go:8084,warehouse-go:8084,2026-06-23 16:12:54,2026-06-23T10:42:54Z,1782211374,cooldown,1995.0,0.001454571901307524,{}
2,B,CPU Usage Rate,java_inventory,java,inventory,inventory-go-twin:9082,inventory-go-twin:9082,2026-06-23 16:13:09,2026-06-23T10:43:09Z,1782211389,cooldown,2010.0,0.0010909090909091322,{}
2,B,CPU Usage Rate,java_inventory,java,inventory,order-go-twin:9083,order-go-twin:9083,2026-06-23 16:13:09,2026-06-23T10:43:09Z,1782211389,cooldown,2010.0,0.0009091074383167503,{}
2,B,CPU Usage Rate,java_inventory,java,inventory,warehouse-go:8084,warehouse-go:8084,2026-06-23 16:13:09,2026-06-23T10:43:09Z,1782211389,cooldown,2010.0,0.0010909090909091322,{}
2,B,CPU Usage Rate,java_inventory,java,inventory,inventory-go-twin:9082,inventory-go-twin:9082,2026-06-23 16:13:24,2026-06-23T10:43:24Z,1782211404,cooldown,2025.0,0.0010909090909091322,{}
2,B,CPU Usage Rate,java_inventory,java,inventory,order-go-twin:9083,order-go-twin:9083,2026-06-23 16:13:24,2026-06-23T10:43:24Z,1782211404,cooldown,2025.0,0.0007272859506540204,{}
2,B,CPU Usage Rate,java_inventory,java,inventory,warehouse-go:8084,warehouse-go:8084,2026-06-23 16:13:24,2026-06-23T10:43:24Z,1782211404,cooldown,2025.0,0.0012727272727271486,{}
2,B,CPU Usage Rate,java_inventory,java,inventory,inventory-go-twin:9082,inventory-go-twin:9082,2026-06-23 16:13:39,2026-06-23T10:43:39Z,1782211419,cooldown,2040.0,0.0009091074383170087,{}
2,B,CPU Usage Rate,java_inventory,java,inventory,order-go-twin:9083,order-go-twin:9083,2026-06-23 16:13:39,2026-06-23T10:43:39Z,1782211419,cooldown,2040.0,0.0007272595043730199,{}
2,B,CPU Usage Rate,java_inventory,java,inventory,warehouse-go:8084,warehouse-go:8084,2026-06-23 16:13:39,2026-06-23T10:43:39Z,1782211419,cooldown,2040.0,0.0012727272727276653,{}
2,B,CPU Usage Rate,java_inventory,java,inventory,inventory-go-twin:9082,inventory-go-twin:9082,2026-06-23 16:13:54,2026-06-23T10:43:54Z,1782211434,cooldown,2055.0,0.000909074380465758,{}
2,B,CPU Usage Rate,java_inventory,java,inventory,order-go-twin:9083,order-go-twin:9083,2026-06-23 16:13:54,2026-06-23T10:43:54Z,1782211434,cooldown,2055.0,0.0007272727272725826,{}
2,B,CPU Usage Rate,java_inventory,java,inventory,warehouse-go:8084,warehouse-go:8084,2026-06-23 16:13:54,2026-06-23T10:43:54Z,1782211434,cooldown,2055.0,0.0012727272727271486,{}
2,B,CPU Usage Rate,java_inventory,java,inventory,inventory-go-twin:9082,inventory-go-twin:9082,2026-06-23 16:14:09,2026-06-23T10:44:09Z,1782211449,cooldown,2070.0,0.0010909289259802555,{}
2,B,CPU Usage Rate,java_inventory,java,inventory,order-go-twin:9083,order-go-twin:9083,2026-06-23 16:14:09,2026-06-23T10:44:09Z,1782211449,cooldown,2070.0,0.0005454446282795065,{}
2,B,CPU Usage Rate,java_inventory,java,inventory,warehouse-go:8084,warehouse-go:8084,2026-06-23 16:14:09,2026-06-23T10:44:09Z,1782211449,cooldown,2070.0,0.0012727272727271486,{}
2,B,CPU Usage Rate,java_inventory,java,inventory,inventory-go-twin:9082,inventory-go-twin:9082,2026-06-23 16:14:24,2026-06-23T10:44:24Z,1782211464,cooldown,2085.0,0.0010909090909091322,{}
2,B,CPU Usage Rate,java_inventory,java,inventory,order-go-twin:9083,order-go-twin:9083,2026-06-23 16:14:24,2026-06-23T10:44:24Z,1782211464,cooldown,2085.0,0.0007272595043725031,{}
2,B,CPU Usage Rate,java_inventory,java,inventory,warehouse-go:8084,warehouse-go:8084,2026-06-23 16:14:24,2026-06-23T10:44:24Z,1782211464,cooldown,2085.0,0.0012727272727276653,{}
2,B,CPU Usage Rate,java_inventory,java,inventory,inventory-go-twin:9082,inventory-go-twin:9082,2026-06-23 16:14:39,2026-06-23T10:44:39Z,1782211479,post_test,2100.0,0.0012727041326520095,{}
2,B,CPU Usage Rate,java_inventory,java,inventory,order-go-twin:9083,order-go-twin:9083,2026-06-23 16:14:39,2026-06-23T10:44:39Z,1782211479,post_test,2100.0,0.0005454545454545661,{}
2,B,CPU Usage Rate,java_inventory,java,inventory,warehouse-go:8084,warehouse-go:8084,2026-06-23 16:14:39,2026-06-23T10:44:39Z,1782211479,post_test,2100.0,0.0012727272727271486,{}
2,B,CPU Usage Rate,java_order,java,order,inventory-go-twin:9082,inventory-go-twin:9082,2026-06-23 14:19:20,2026-06-23T08:49:20Z,1782204560,warmup,0.0,0.0009090909090908574,{}
2,B,CPU Usage Rate,java_order,java,order,order-go-twin:9083,order-go-twin:9083,2026-06-23 14:19:20,2026-06-23T08:49:20Z,1782204560,warmup,0.0,0.0005454545454545661,{}
2,B,CPU Usage Rate,java_order,java,order,warehouse-go:8084,warehouse-go:8084,2026-06-23 14:19:20,2026-06-23T08:49:20Z,1782204560,warmup,0.0,0.0009091074383170572,{}
2,B,CPU Usage Rate,java_order,java,order,inventory-go-twin:9082,inventory-go-twin:9082,2026-06-23 14:19:35,2026-06-23T08:49:35Z,1782204575,warmup,15.0,0.001090889256559013,{}
2,B,CPU Usage Rate,java_order,java,order,order-go-twin:9083,order-go-twin:9083,2026-06-23 14:19:35,2026-06-23T08:49:35Z,1782204575,warmup,15.0,0.0005454545454545661,{}
2,B,CPU Usage Rate,java_order,java,order,warehouse-go:8084,warehouse-go:8084,2026-06-23 14:19:35,2026-06-23T08:49:35Z,1782204575,warmup,15.0,0.0010909090909090877,{}
2,B,CPU Usage Rate,java_order,java,order,inventory-go-twin:9082,inventory-go-twin:9082,2026-06-23 14:19:50,2026-06-23T08:49:50Z,1782204590,warmup,30.0,0.0009090909090908574,{}
2,B,CPU Usage Rate,java_order,java,order,order-go-twin:9083,order-go-twin:9083,2026-06-23 14:19:50,2026-06-23T08:49:50Z,1782204590,warmup,30.0,0.0005454545454545661,{}
2,B,CPU Usage Rate,java_order,java,order,warehouse-go:8084,warehouse-go:8084,2026-06-23 14:19:50,2026-06-23T08:49:50Z,1782204590,warmup,30.0,0.0009090909090909098,{}
2,B,CPU Usage Rate,java_order,java,order,inventory-go-twin:9082,inventory-go-twin:9082,2026-06-23 14:20:05,2026-06-23T08:50:05Z,1782204605,warmup,45.0,0.0009090909090908574,{}
2,B,CPU Usage Rate,java_order,java,order,order-go-twin:9083,order-go-twin:9083,2026-06-23 14:20:05,2026-06-23T08:50:05Z,1782204605,warmup,45.0,0.0007272859506540204,{}
2,B,CPU Usage Rate,java_order,java,order,warehouse-go:8084,warehouse-go:8084,2026-06-23 14:20:05,2026-06-23T08:50:05Z,1782204605,warmup,45.0,0.0018181818181818197,{}
2,B,CPU Usage Rate,java_order,java,order,inventory-go-twin:9082,inventory-go-twin:9082,2026-06-23 14:20:20,2026-06-23T08:50:20Z,1782204620,warmup,60.0,0.0007272859506536328,{}
2,B,CPU Usage Rate,java_order,java,order,order-go-twin:9083,order-go-twin:9083,2026-06-23 14:20:20,2026-06-23T08:50:20Z,1782204620,warmup,60.0,0.0005454644629902569,{}
2,B,CPU Usage Rate,java_order,java,order,warehouse-go:8084,warehouse-go:8084,2026-06-23 14:20:20,2026-06-23T08:50:20Z,1782204620,warmup,60.0,0.0027272727272727297,{}
2,B,CPU Usage Rate,java_order,java,order,inventory-go-twin:9082,inventory-go-twin:9082,2026-06-23 14:20:35,2026-06-23T08:50:35Z,1782204635,warmup,75.0,0.0009090909090908574,{}
2,B,CPU Usage Rate,java_order,java,order,order-go-twin:9083,order-go-twin:9083,2026-06-23 14:20:35,2026-06-23T08:50:35Z,1782204635,warmup,75.0,0.0007272859506535037,{}
2,B,CPU Usage Rate,java_order,java,order,warehouse-go:8084,warehouse-go:8084,2026-06-23 14:20:35,2026-06-23T08:50:35Z,1782204635,warmup,75.0,0.004909090909090909,{}
2,B,CPU Usage Rate,java_order,java,order,inventory-go-twin:9082,inventory-go-twin:9082,2026-06-23 14:20:50,2026-06-23T08:50:50Z,1782204650,warmup,90.0,0.0009090909090909866,{}
2,B,CPU Usage Rate,java_order,java,order,order-go-twin:9083,order-go-twin:9083,2026-06-23 14:20:50,2026-06-23T08:50:50Z,1782204650,warmup,90.0,0.0007272727272730993,{}
2,B,CPU Usage Rate,java_order,java,order,warehouse-go:8084,warehouse-go:8084,2026-06-23 14:20:50,2026-06-23T08:50:50Z,1782204650,warmup,90.0,0.007090780167633318,{}
2,B,CPU Usage Rate,java_order,java,order,inventory-go-twin:9082,inventory-go-twin:9082,2026-06-23 14:21:05,2026-06-23T08:51:05Z,1782204665,warmup,105.0,0.0010909090909091322,{}
2,B,CPU Usage Rate,java_order,java,order,order-go-twin:9083,order-go-twin:9083,2026-06-23 14:21:05,2026-06-23T08:51:05Z,1782204665,warmup,105.0,0.0007272859506535037,{}
2,B,CPU Usage Rate,java_order,java,order,warehouse-go:8084,warehouse-go:8084,2026-06-23 14:21:05,2026-06-23T08:51:05Z,1782204665,warmup,105.0,0.009454545454545455,{}
2,B,CPU Usage Rate,java_order,java,order,inventory-go-twin:9082,inventory-go-twin:9082,2026-06-23 14:21:20,2026-06-23T08:51:20Z,1782204680,warmup,120.0,0.0009090909090908574,{}
2,B,CPU Usage Rate,java_order,java,order,order-go-twin:9083,order-go-twin:9083,2026-06-23 14:21:20,2026-06-23T08:51:20Z,1782204680,warmup,120.0,0.0007272727272725826,{}
2,B,CPU Usage Rate,java_order,java,order,warehouse-go:8084,warehouse-go:8084,2026-06-23 14:21:20,2026-06-23T08:51:20Z,1782204680,warmup,120.0,0.011090909090909089,{}
2,B,CPU Usage Rate,java_order,java,order,inventory-go-twin:9082,inventory-go-twin:9082,2026-06-23 14:21:35,2026-06-23T08:51:35Z,1782204695,warmup,135.0,0.0009090909090909866,{}
2,B,CPU Usage Rate,java_order,java,order,order-go-twin:9083,order-go-twin:9083,2026-06-23 14:21:35,2026-06-23T08:51:35Z,1782204695,warmup,135.0,0.0005454545454545661,{}
2,B,CPU Usage Rate,java_order,java,order,warehouse-go:8084,warehouse-go:8084,2026-06-23 14:21:35,2026-06-23T08:51:35Z,1782204695,warmup,135.0,0.012363636363636361,{}
2,B,CPU Usage Rate,java_order,java,order,inventory-go-twin:9082,inventory-go-twin:9082,2026-06-23 14:21:50,2026-06-23T08:51:50Z,1782204710,warmup,150.0,0.0009090909090908574,{}
2,B,CPU Usage Rate,java_order,java,order,order-go-twin:9083,order-go-twin:9083,2026-06-23 14:21:50,2026-06-23T08:51:50Z,1782204710,warmup,150.0,0.0007272727272725826,{}
2,B,CPU Usage Rate,java_order,java,order,warehouse-go:8084,warehouse-go:8084,2026-06-23 14:21:50,2026-06-23T08:51:50Z,1782204710,warmup,150.0,0.01418181818181818,{}
2,B,CPU Usage Rate,java_order,java,order,inventory-go-twin:9082,inventory-go-twin:9082,2026-06-23 14:22:05,2026-06-23T08:52:05Z,1782204725,warmup,165.0,0.0009090909090909866,{}
2,B,CPU Usage Rate,java_order,java,order,order-go-twin:9083,order-go-twin:9083,2026-06-23 14:22:05,2026-06-23T08:52:05Z,1782204725,warmup,165.0,0.0007272727272725826,{}
2,B,CPU Usage Rate,java_order,java,order,warehouse-go:8084,warehouse-go:8084,2026-06-23 14:22:05,2026-06-23T08:52:05Z,1782204725,warmup,165.0,0.015454826451390024,{}
2,B,CPU Usage Rate,java_order,java,order,inventory-go-twin:9082,inventory-go-twin:9082,2026-06-23 14:22:20,2026-06-23T08:52:20Z,1782204740,warmup,180.0,0.0010909289259805137,{}
2,B,CPU Usage Rate,java_order,java,order,order-go-twin:9083,order-go-twin:9083,2026-06-23 14:22:20,2026-06-23T08:52:20Z,1782204740,warmup,180.0,0.0005454446282795065,{}
2,B,CPU Usage Rate,java_order,java,order,warehouse-go:8084,warehouse-go:8084,2026-06-23 14:22:20,2026-06-23T08:52:20Z,1782204740,warmup,180.0,0.016909090909090912,{}
2,B,CPU Usage Rate,java_order,java,order,inventory-go-twin:9082,inventory-go-twin:9082,2026-06-23 14:22:35,2026-06-23T08:52:35Z,1782204755,warmup,195.0,0.0009090909090908574,{}
2,B,CPU Usage Rate,java_order,java,order,order-go-twin:9083,order-go-twin:9083,2026-06-23 14:22:35,2026-06-23T08:52:35Z,1782204755,warmup,195.0,0.0005454644629902569,{}
2,B,CPU Usage Rate,java_order,java,order,warehouse-go:8084,warehouse-go:8084,2026-06-23 14:22:35,2026-06-23T08:52:35Z,1782204755,warmup,195.0,0.017999999999999995,{}
2,B,CPU Usage Rate,java_order,java,order,inventory-go-twin:9082,inventory-go-twin:9082,2026-06-23 14:22:50,2026-06-23T08:52:50Z,1782204770,warmup,210.0,0.0009090909090909866,{}
2,B,CPU Usage Rate,java_order,java,order,order-go-twin:9083,order-go-twin:9083,2026-06-23 14:22:50,2026-06-23T08:52:50Z,1782204770,warmup,210.0,0.0007272727272725826,{}
2,B,CPU Usage Rate,java_order,java,order,warehouse-go:8084,warehouse-go:8084,2026-06-23 14:22:50,2026-06-23T08:52:50Z,1782204770,warmup,210.0,0.01890943471699486,{}
2,B,CPU Usage Rate,java_order,java,order,inventory-go-twin:9082,inventory-go-twin:9082,2026-06-23 14:23:05,2026-06-23T08:53:05Z,1782204785,warmup,225.0,0.0007272727272727117,{}
2,B,CPU Usage Rate,java_order,java,order,order-go-twin:9083,order-go-twin:9083,2026-06-23 14:23:05,2026-06-23T08:53:05Z,1782204785,warmup,225.0,0.0005454644629902569,{}
2,B,CPU Usage Rate,java_order,java,order,warehouse-go:8084,warehouse-go:8084,2026-06-23 14:23:05,2026-06-23T08:53:05Z,1782204785,warmup,225.0,0.01981854215531192,{}
2,B,CPU Usage Rate,java_order,java,order,inventory-go-twin:9082,inventory-go-twin:9082,2026-06-23 14:23:20,2026-06-23T08:53:20Z,1782204800,warmup,240.0,0.0007272727272727117,{}
2,B,CPU Usage Rate,java_order,java,order,order-go-twin:9083,order-go-twin:9083,2026-06-23 14:23:20,2026-06-23T08:53:20Z,1782204800,warmup,240.0,0.0005454545454540493,{}
2,B,CPU Usage Rate,java_order,java,order,warehouse-go:8084,warehouse-go:8084,2026-06-23 14:23:20,2026-06-23T08:53:20Z,1782204800,warmup,240.0,0.02145454545454545,{}
2,B,CPU Usage Rate,java_order,java,order,inventory-go-twin:9082,inventory-go-twin:9082,2026-06-23 14:23:35,2026-06-23T08:53:35Z,1782204815,warmup,255.0,0.0010909090909091322,{}
2,B,CPU Usage Rate,java_order,java,order,order-go-twin:9083,order-go-twin:9083,2026-06-23 14:23:35,2026-06-23T08:53:35Z,1782204815,warmup,255.0,0.0003636363636360329,{}
2,B,CPU Usage Rate,java_order,java,order,warehouse-go:8084,warehouse-go:8084,2026-06-23 14:23:35,2026-06-23T08:53:35Z,1782204815,warmup,255.0,0.02254545454545454,{}
2,B,CPU Usage Rate,java_order,java,order,inventory-go-twin:9082,inventory-go-twin:9082,2026-06-23 14:23:50,2026-06-23T08:53:50Z,1782204830,warmup,270.0,0.0009090909090908574,{}
2,B,CPU Usage Rate,java_order,java,order,order-go-twin:9083,order-go-twin:9083,2026-06-23 14:23:50,2026-06-23T08:53:50Z,1782204830,warmup,270.0,0.00018181487609299657,{}
2,B,CPU Usage Rate,java_order,java,order,warehouse-go:8084,warehouse-go:8084,2026-06-23 14:23:50,2026-06-23T08:53:50Z,1782204830,warmup,270.0,0.024727272727272723,{}
2,B,CPU Usage Rate,java_order,java,order,inventory-go-twin:9082,inventory-go-twin:9082,2026-06-23 14:24:05,2026-06-23T08:54:05Z,1782204845,warmup,285.0,0.0007272727272727117,{}
2,B,CPU Usage Rate,java_order,java,order,order-go-twin:9083,order-go-twin:9083,2026-06-23 14:24:05,2026-06-23T08:54:05Z,1782204845,warmup,285.0,0.00036363636363654966,{}
2,B,CPU Usage Rate,java_order,java,order,warehouse-go:8084,warehouse-go:8084,2026-06-23 14:24:05,2026-06-23T08:54:05Z,1782204845,warmup,285.0,0.025818181818181806,{}
2,B,CPU Usage Rate,java_order,java,order,inventory-go-twin:9082,inventory-go-twin:9082,2026-06-23 14:24:20,2026-06-23T08:54:20Z,1782204860,ramp_1,300.0,0.0007272727272727117,{}
2,B,CPU Usage Rate,java_order,java,order,order-go-twin:9083,order-go-twin:9083,2026-06-23 14:24:20,2026-06-23T08:54:20Z,1782204860,ramp_1,300.0,0.0005454446282795065,{}
2,B,CPU Usage Rate,java_order,java,order,warehouse-go:8084,warehouse-go:8084,2026-06-23 14:24:20,2026-06-23T08:54:20Z,1782204860,ramp_1,300.0,0.025999999999999992,{}
2,B,CPU Usage Rate,java_order,java,order,inventory-go-twin:9082,inventory-go-twin:9082,2026-06-23 14:24:35,2026-06-23T08:54:35Z,1782204875,ramp_1,315.0,0.0005454545454545661,{}
2,B,CPU Usage Rate,java_order,java,order,order-go-twin:9083,order-go-twin:9083,2026-06-23 14:24:35,2026-06-23T08:54:35Z,1782204875,ramp_1,315.0,0.0007272727272730993,{}
2,B,CPU Usage Rate,java_order,java,order,warehouse-go:8084,warehouse-go:8084,2026-06-23 14:24:35,2026-06-23T08:54:35Z,1782204875,ramp_1,315.0,0.027818181818181804,{}
2,B,CPU Usage Rate,java_order,java,order,inventory-go-twin:9082,inventory-go-twin:9082,2026-06-23 14:24:50,2026-06-23T08:54:50Z,1782204890,ramp_1,330.0,0.0005454545454545661,{}
2,B,CPU Usage Rate,java_order,java,order,order-go-twin:9083,order-go-twin:9083,2026-06-23 14:24:50,2026-06-23T08:54:50Z,1782204890,ramp_1,330.0,0.0007272595043730199,{}
2,B,CPU Usage Rate,java_order,java,order,warehouse-go:8084,warehouse-go:8084,2026-06-23 14:24:50,2026-06-23T08:54:50Z,1782204890,ramp_1,330.0,0.029273259513809335,{}
2,B,CPU Usage Rate,java_order,java,order,inventory-go-twin:9082,inventory-go-twin:9082,2026-06-23 14:25:05,2026-06-23T08:55:05Z,1782204905,ramp_1,345.0,0.0007272859506536328,{}
2,B,CPU Usage Rate,java_order,java,order,order-go-twin:9083,order-go-twin:9083,2026-06-23 14:25:05,2026-06-23T08:55:05Z,1782204905,ramp_1,345.0,0.00036363636363654966,{}
2,B,CPU Usage Rate,java_order,java,order,warehouse-go:8084,warehouse-go:8084,2026-06-23 14:25:05,2026-06-23T08:55:05Z,1782204905,ramp_1,345.0,0.03218240331642393,{}
2,B,CPU Usage Rate,java_order,java,order,inventory-go-twin:9082,inventory-go-twin:9082,2026-06-23 14:25:20,2026-06-23T08:55:20Z,1782204920,ramp_1,360.0,0.0005454545454545661,{}
2,B,CPU Usage Rate,java_order,java,order,order-go-twin:9083,order-go-twin:9083,2026-06-23 14:25:20,2026-06-23T08:55:20Z,1782204920,ramp_1,360.0,0.00036362975218650993,{}
2,B,CPU Usage Rate,java_order,java,order,warehouse-go:8084,warehouse-go:8084,2026-06-23 14:25:20,2026-06-23T08:55:20Z,1782204920,ramp_1,360.0,0.034909090909090904,{}
2,B,CPU Usage Rate,java_order,java,order,inventory-go-twin:9082,inventory-go-twin:9082,2026-06-23 14:25:35,2026-06-23T08:55:35Z,1782204935,ramp_1,375.0,0.0007272727272727117,{}
2,B,CPU Usage Rate,java_order,java,order,order-go-twin:9083,order-go-twin:9083,2026-06-23 14:25:35,2026-06-23T08:55:35Z,1782204935,ramp_1,375.0,0.00018181818181801644,{}
2,B,CPU Usage Rate,java_order,java,order,warehouse-go:8084,warehouse-go:8084,2026-06-23 14:25:35,2026-06-23T08:55:35Z,1782204935,ramp_1,375.0,0.03727272727272725,{}
2,B,CPU Usage Rate,java_order,java,order,inventory-go-twin:9082,inventory-go-twin:9082,2026-06-23 14:25:50,2026-06-23T08:55:50Z,1782204950,ramp_1,390.0,0.0005454545454545661,{}
2,B,CPU Usage Rate,java_order,java,order,order-go-twin:9083,order-go-twin:9083,2026-06-23 14:25:50,2026-06-23T08:55:50Z,1782204950,ramp_1,390.0,0.0003636363636360329,{}
2,B,CPU Usage Rate,java_order,java,order,warehouse-go:8084,warehouse-go:8084,2026-06-23 14:25:50,2026-06-23T08:55:50Z,1782204950,ramp_1,390.0,0.03963636363636364,{}
2,B,CPU Usage Rate,java_order,java,order,inventory-go-twin:9082,inventory-go-twin:9082,2026-06-23 14:26:05,2026-06-23T08:56:05Z,1782204965,ramp_1,405.0,0.0003636363636362913,{}
2,B,CPU Usage Rate,java_order,java,order,order-go-twin:9083,order-go-twin:9083,2026-06-23 14:26:05,2026-06-23T08:56:05Z,1782204965,ramp_1,405.0,0.0003636429753264934,{}
2,B,CPU Usage Rate,java_order,java,order,warehouse-go:8084,warehouse-go:8084,2026-06-23 14:26:05,2026-06-23T08:56:05Z,1782204965,ramp_1,405.0,0.04018181818181818,{}
2,B,CPU Usage Rate,java_order,java,order,inventory-go-twin:9082,inventory-go-twin:9082,2026-06-23 14:26:20,2026-06-23T08:56:20Z,1782204980,ramp_1,420.0,0.0005454545454545661,{}
2,B,CPU Usage Rate,java_order,java,order,order-go-twin:9083,order-go-twin:9083,2026-06-23 14:26:20,2026-06-23T08:56:20Z,1782204980,ramp_1,420.0,0.00018181818181801644,{}
2,B,CPU Usage Rate,java_order,java,order,warehouse-go:8084,warehouse-go:8084,2026-06-23 14:26:20,2026-06-23T08:56:20Z,1782204980,ramp_1,420.0,0.04090909090909091,{}
2,B,CPU Usage Rate,java_order,java,order,inventory-go-twin:9082,inventory-go-twin:9082,2026-06-23 14:26:35,2026-06-23T08:56:35Z,1782204995,ramp_1,435.0,0.0005454545454545661,{}
2,B,CPU Usage Rate,java_order,java,order,order-go-twin:9083,order-go-twin:9083,2026-06-23 14:26:35,2026-06-23T08:56:35Z,1782204995,ramp_1,435.0,0.0003636429753270102,{}
2,B,CPU Usage Rate,java_order,java,order,warehouse-go:8084,warehouse-go:8084,2026-06-23 14:26:35,2026-06-23T08:56:35Z,1782204995,ramp_1,435.0,0.043091692576228684,{}
2,B,CPU Usage Rate,java_order,java,order,inventory-go-twin:9082,inventory-go-twin:9082,2026-06-23 14:26:50,2026-06-23T08:56:50Z,1782205010,ramp_1,450.0,0.0005454545454545661,{}
2,B,CPU Usage Rate,java_order,java,order,order-go-twin:9083,order-go-twin:9083,2026-06-23 14:26:50,2026-06-23T08:56:50Z,1782205010,ramp_1,450.0,0.00036362975218650993,{}
2,B,CPU Usage Rate,java_order,java,order,warehouse-go:8084,warehouse-go:8084,2026-06-23 14:26:50,2026-06-23T08:56:50Z,1782205010,ramp_1,450.0,0.04527272727272728,{}
2,B,CPU Usage Rate,java_order,java,order,inventory-go-twin:9082,inventory-go-twin:9082,2026-06-23 14:27:05,2026-06-23T08:57:05Z,1782205025,ramp_1,465.0,0.000545454545454437,{}
2,B,CPU Usage Rate,java_order,java,order,order-go-twin:9083,order-go-twin:9083,2026-06-23 14:27:05,2026-06-23T08:57:05Z,1782205025,ramp_1,465.0,0.00036363636363654966,{}
2,B,CPU Usage Rate,java_order,java,order,warehouse-go:8084,warehouse-go:8084,2026-06-23 14:27:05,2026-06-23T08:57:05Z,1782205025,ramp_1,465.0,0.04945454545454543,{}
2,B,CPU Usage Rate,java_order,java,order,inventory-go-twin:9082,inventory-go-twin:9082,2026-06-23 14:27:20,2026-06-23T08:57:20Z,1782205040,ramp_1,480.0,0.0005454545454545661,{}
2,B,CPU Usage Rate,java_order,java,order,order-go-twin:9083,order-go-twin:9083,2026-06-23 14:27:20,2026-06-23T08:57:20Z,1782205040,ramp_1,480.0,0.0005454545454545661,{}
2,B,CPU Usage Rate,java_order,java,order,warehouse-go:8084,warehouse-go:8084,2026-06-23 14:27:20,2026-06-23T08:57:20Z,1782205040,ramp_1,480.0,0.054546446299023624,{}
2,B,CPU Usage Rate,java_order,java,order,inventory-go-twin:9082,inventory-go-twin:9082,2026-06-23 14:27:35,2026-06-23T08:57:35Z,1782205055,ramp_1,495.0,0.00036362975218638075,{}
2,B,CPU Usage Rate,java_order,java,order,order-go-twin:9083,order-go-twin:9083,2026-06-23 14:27:35,2026-06-23T08:57:35Z,1782205055,ramp_1,495.0,0.0003636363636360329,{}
2,B,CPU Usage Rate,java_order,java,order,warehouse-go:8084,warehouse-go:8084,2026-06-23 14:27:35,2026-06-23T08:57:35Z,1782205055,ramp_1,495.0,0.05618181818181817,{}
2,B,CPU Usage Rate,java_order,java,order,inventory-go-twin:9082,inventory-go-twin:9082,2026-06-23 14:27:50,2026-06-23T08:57:50Z,1782205070,ramp_1,510.0,0.0005454545454545661,{}
2,B,CPU Usage Rate,java_order,java,order,order-go-twin:9083,order-go-twin:9083,2026-06-23 14:27:50,2026-06-23T08:57:50Z,1782205070,ramp_1,510.0,0.00018181818181801644,{}
2,B,CPU Usage Rate,java_order,java,order,warehouse-go:8084,warehouse-go:8084,2026-06-23 14:27:50,2026-06-23T08:57:50Z,1782205070,ramp_1,510.0,0.061089798367302404,{}
2,B,CPU Usage Rate,java_order,java,order,inventory-go-twin:9082,inventory-go-twin:9082,2026-06-23 14:28:05,2026-06-23T08:58:05Z,1782205085,ramp_1,525.0,0.0005454545454545661,{}
2,B,CPU Usage Rate,java_order,java,order,order-go-twin:9083,order-go-twin:9083,2026-06-23 14:28:05,2026-06-23T08:58:05Z,1782205085,ramp_1,525.0,0.00036363636363654966,{}
2,B,CPU Usage Rate,java_order,java,order,warehouse-go:8084,warehouse-go:8084,2026-06-23 14:28:05,2026-06-23T08:58:05Z,1782205085,ramp_1,525.0,0.06454545454545459,{}
2,B,CPU Usage Rate,java_order,java,order,inventory-go-twin:9082,inventory-go-twin:9082,2026-06-23 14:28:20,2026-06-23T08:58:20Z,1782205100,ramp_1,540.0,0.0005454545454545661,{}
2,B,CPU Usage Rate,java_order,java,order,order-go-twin:9083,order-go-twin:9083,2026-06-23 14:28:20,2026-06-23T08:58:20Z,1782205100,ramp_1,540.0,0.00036363636363654966,{}
2,B,CPU Usage Rate,java_order,java,order,warehouse-go:8084,warehouse-go:8084,2026-06-23 14:28:20,2026-06-23T08:58:20Z,1782205100,ramp_1,540.0,0.06727150415446993,{}
2,B,CPU Usage Rate,java_order,java,order,inventory-go-twin:9082,inventory-go-twin:9082,2026-06-23 14:28:35,2026-06-23T08:58:35Z,1782205115,ramp_1,555.0,0.0005454545454545661,{}
2,B,CPU Usage Rate,java_order,java,order,order-go-twin:9083,order-go-twin:9083,2026-06-23 14:28:35,2026-06-23T08:58:35Z,1782205115,ramp_1,555.0,0.00036363636363654966,{}
2,B,CPU Usage Rate,java_order,java,order,warehouse-go:8084,warehouse-go:8084,2026-06-23 14:28:35,2026-06-23T08:58:35Z,1782205115,ramp_1,555.0,0.06999999999999999,{}
2,B,CPU Usage Rate,java_order,java,order,inventory-go-twin:9082,inventory-go-twin:9082,2026-06-23 14:28:50,2026-06-23T08:58:50Z,1782205130,ramp_1,570.0,0.0003636363636364205,{}
2,B,CPU Usage Rate,java_order,java,order,order-go-twin:9083,order-go-twin:9083,2026-06-23 14:28:50,2026-06-23T08:58:50Z,1782205130,ramp_1,570.0,0.0005454644629902569,{}
2,B,CPU Usage Rate,java_order,java,order,warehouse-go:8084,warehouse-go:8084,2026-06-23 14:28:50,2026-06-23T08:58:50Z,1782205130,ramp_1,570.0,0.07054545454545452,{}
2,B,CPU Usage Rate,java_order,java,order,inventory-go-twin:9082,inventory-go-twin:9082,2026-06-23 14:29:05,2026-06-23T08:59:05Z,1782205145,ramp_1,585.0,0.0005454545454545661,{}
2,B,CPU Usage Rate,java_order,java,order,order-go-twin:9083,order-go-twin:9083,2026-06-23 14:29:05,2026-06-23T08:59:05Z,1782205145,ramp_1,585.0,0.0003636363636360329,{}
2,B,CPU Usage Rate,java_order,java,order,warehouse-go:8084,warehouse-go:8084,2026-06-23 14:29:05,2026-06-23T08:59:05Z,1782205145,ramp_1,585.0,0.07163636363636365,{}
2,B,CPU Usage Rate,java_order,java,order,inventory-go-twin:9082,inventory-go-twin:9082,2026-06-23 14:29:20,2026-06-23T08:59:20Z,1782205160,ramp_2,600.0,0.0007272727272727117,{}
2,B,CPU Usage Rate,java_order,java,order,order-go-twin:9083,order-go-twin:9083,2026-06-23 14:29:20,2026-06-23T08:59:20Z,1782205160,ramp_2,600.0,0.00036363636363654966,{}
2,B,CPU Usage Rate,java_order,java,order,warehouse-go:8084,warehouse-go:8084,2026-06-23 14:29:20,2026-06-23T08:59:20Z,1782205160,ramp_2,600.0,0.07218050580898527,{}
2,B,CPU Usage Rate,java_order,java,order,inventory-go-twin:9082,inventory-go-twin:9082,2026-06-23 14:29:35,2026-06-23T08:59:35Z,1782205175,ramp_2,615.0,0.0005454545454545661,{}
2,B,CPU Usage Rate,java_order,java,order,order-go-twin:9083,order-go-twin:9083,2026-06-23 14:29:35,2026-06-23T08:59:35Z,1782205175,ramp_2,615.0,0.00018181487609351333,{}
2,B,CPU Usage Rate,java_order,java,order,warehouse-go:8084,warehouse-go:8084,2026-06-23 14:29:35,2026-06-23T08:59:35Z,1782205175,ramp_2,615.0,0.07509227440498924,{}
2,B,CPU Usage Rate,java_order,java,order,inventory-go-twin:9082,inventory-go-twin:9082,2026-06-23 14:29:50,2026-06-23T08:59:50Z,1782205190,ramp_2,630.0,0.0005454545454545661,{}
2,B,CPU Usage Rate,java_order,java,order,order-go-twin:9083,order-go-twin:9083,2026-06-23 14:29:50,2026-06-23T08:59:50Z,1782205190,ramp_2,630.0,0.00036363636363654966,{}
2,B,CPU Usage Rate,java_order,java,order,warehouse-go:8084,warehouse-go:8084,2026-06-23 14:29:50,2026-06-23T08:59:50Z,1782205190,ramp_2,630.0,0.07745595374461357,{}
2,B,CPU Usage Rate,java_order,java,order,inventory-go-twin:9082,inventory-go-twin:9082,2026-06-23 14:30:05,2026-06-23T09:00:05Z,1782205205,ramp_2,645.0,0.0005454545454545661,{}
2,B,CPU Usage Rate,java_order,java,order,order-go-twin:9083,order-go-twin:9083,2026-06-23 14:30:05,2026-06-23T09:00:05Z,1782205205,ramp_2,645.0,0.00018181818181801644,{}
2,B,CPU Usage Rate,java_order,java,order,warehouse-go:8084,warehouse-go:8084,2026-06-23 14:30:05,2026-06-23T09:00:05Z,1782205205,ramp_2,645.0,0.08163784796087206,{}
2,B,CPU Usage Rate,java_order,java,order,inventory-go-twin:9082,inventory-go-twin:9082,2026-06-23 14:30:20,2026-06-23T09:00:20Z,1782205220,ramp_2,660.0,0.0003636363636362913,{}
2,B,CPU Usage Rate,java_order,java,order,order-go-twin:9083,order-go-twin:9083,2026-06-23 14:30:20,2026-06-23T09:00:20Z,1782205220,ramp_2,660.0,0.0003636363636360329,{}
2,B,CPU Usage Rate,java_order,java,order,warehouse-go:8084,warehouse-go:8084,2026-06-23 14:30:20,2026-06-23T09:00:20Z,1782205220,ramp_2,660.0,0.08872888597974507,{}
2,B,CPU Usage Rate,java_order,java,order,inventory-go-twin:9082,inventory-go-twin:9082,2026-06-23 14:30:35,2026-06-23T09:00:35Z,1782205235,ramp_2,675.0,0.0003636363636364205,{}
2,B,CPU Usage Rate,java_order,java,order,order-go-twin:9083,order-go-twin:9083,2026-06-23 14:30:35,2026-06-23T09:00:35Z,1782205235,ramp_2,675.0,0.0003636363636360329,{}
2,B,CPU Usage Rate,java_order,java,order,warehouse-go:8084,warehouse-go:8084,2026-06-23 14:30:35,2026-06-23T09:00:35Z,1782205235,ramp_2,675.0,0.0958181818181818,{}
2,B,CPU Usage Rate,java_order,java,order,inventory-go-twin:9082,inventory-go-twin:9082,2026-06-23 14:30:50,2026-06-23T09:00:50Z,1782205250,ramp_2,690.0,0.0005454545454545661,{}
2,B,CPU Usage Rate,java_order,java,order,order-go-twin:9083,order-go-twin:9083,2026-06-23 14:30:50,2026-06-23T09:00:50Z,1782205250,ramp_2,690.0,0.00036362975218650993,{}
2,B,CPU Usage Rate,java_order,java,order,warehouse-go:8084,warehouse-go:8084,2026-06-23 14:30:50,2026-06-23T09:00:50Z,1782205250,ramp_2,690.0,0.1027291405298278,{}
2,B,CPU Usage Rate,java_order,java,order,inventory-go-twin:9082,inventory-go-twin:9082,2026-06-23 14:31:05,2026-06-23T09:01:05Z,1782205265,ramp_2,705.0,0.0005454545454545661,{}
2,B,CPU Usage Rate,java_order,java,order,order-go-twin:9083,order-go-twin:9083,2026-06-23 14:31:05,2026-06-23T09:01:05Z,1782205265,ramp_2,705.0,0.00036363636363654966,{}
2,B,CPU Usage Rate,java_order,java,order,warehouse-go:8084,warehouse-go:8084,2026-06-23 14:31:05,2026-06-23T09:01:05Z,1782205265,ramp_2,705.0,0.10890909090909087,{}
2,B,CPU Usage Rate,java_order,java,order,inventory-go-twin:9082,inventory-go-twin:9082,2026-06-23 14:31:20,2026-06-23T09:01:20Z,1782205280,ramp_2,720.0,0.0007272859506536328,{}
2,B,CPU Usage Rate,java_order,java,order,order-go-twin:9083,order-go-twin:9083,2026-06-23 14:31:20,2026-06-23T09:01:20Z,1782205280,ramp_2,720.0,0.00036363636363654966,{}
2,B,CPU Usage Rate,java_order,java,order,warehouse-go:8084,warehouse-go:8084,2026-06-23 14:31:20,2026-06-23T09:01:20Z,1782205280,ramp_2,720.0,0.11417974218650571,{}
2,B,CPU Usage Rate,java_order,java,order,inventory-go-twin:9082,inventory-go-twin:9082,2026-06-23 14:31:35,2026-06-23T09:01:35Z,1782205295,ramp_2,735.0,0.0005454545454545661,{}
2,B,CPU Usage Rate,java_order,java,order,order-go-twin:9083,order-go-twin:9083,2026-06-23 14:31:35,2026-06-23T09:01:35Z,1782205295,ramp_2,735.0,0.0005454644629902569,{}
2,B,CPU Usage Rate,java_order,java,order,warehouse-go:8084,warehouse-go:8084,2026-06-23 14:31:35,2026-06-23T09:01:35Z,1782205295,ramp_2,735.0,0.11818181818181818,{}
2,B,CPU Usage Rate,java_order,java,order,inventory-go-twin:9082,inventory-go-twin:9082,2026-06-23 14:31:50,2026-06-23T09:01:50Z,1782205310,ramp_2,750.0,0.0003636363636364205,{}
2,B,CPU Usage Rate,java_order,java,order,order-go-twin:9083,order-go-twin:9083,2026-06-23 14:31:50,2026-06-23T09:01:50Z,1782205310,ramp_2,750.0,0.0003636363636360329,{}
2,B,CPU Usage Rate,java_order,java,order,warehouse-go:8084,warehouse-go:8084,2026-06-23 14:31:50,2026-06-23T09:01:50Z,1782205310,ramp_2,750.0,0.11563636363636355,{}
2,B,CPU Usage Rate,java_order,java,order,inventory-go-twin:9082,inventory-go-twin:9082,2026-06-23 14:32:05,2026-06-23T09:02:05Z,1782205325,ramp_2,765.0,0.0005454644629902569,{}
2,B,CPU Usage Rate,java_order,java,order,order-go-twin:9083,order-go-twin:9083,2026-06-23 14:32:05,2026-06-23T09:02:05Z,1782205325,ramp_2,765.0,0.0005454545454545661,{}
2,B,CPU Usage Rate,java_order,java,order,warehouse-go:8084,warehouse-go:8084,2026-06-23 14:32:05,2026-06-23T09:02:05Z,1782205325,ramp_2,765.0,0.11654545454545448,{}
2,B,CPU Usage Rate,java_order,java,order,inventory-go-twin:9082,inventory-go-twin:9082,2026-06-23 14:32:20,2026-06-23T09:02:20Z,1782205340,ramp_2,780.0,0.0005454545454545661,{}
2,B,CPU Usage Rate,java_order,java,order,order-go-twin:9083,order-go-twin:9083,2026-06-23 14:32:20,2026-06-23T09:02:20Z,1782205340,ramp_2,780.0,0.0001818181818185332,{}
2,B,CPU Usage Rate,java_order,java,order,warehouse-go:8084,warehouse-go:8084,2026-06-23 14:32:20,2026-06-23T09:02:20Z,1782205340,ramp_2,780.0,0.11363636363636363,{}
2,B,CPU Usage Rate,java_order,java,order,inventory-go-twin:9082,inventory-go-twin:9082,2026-06-23 14:32:35,2026-06-23T09:02:35Z,1782205355,ramp_2,795.0,0.0003636363636362913,{}
2,B,CPU Usage Rate,java_order,java,order,order-go-twin:9083,order-go-twin:9083,2026-06-23 14:32:35,2026-06-23T09:02:35Z,1782205355,ramp_2,795.0,0.0001818181818185332,{}
2,B,CPU Usage Rate,java_order,java,order,warehouse-go:8084,warehouse-go:8084,2026-06-23 14:32:35,2026-06-23T09:02:35Z,1782205355,ramp_2,795.0,0.1121818181818182,{}
2,B,CPU Usage Rate,java_order,java,order,inventory-go-twin:9082,inventory-go-twin:9082,2026-06-23 14:32:50,2026-06-23T09:02:50Z,1782205370,ramp_2,810.0,0.0003636363636362913,{}
2,B,CPU Usage Rate,java_order,java,order,order-go-twin:9083,order-go-twin:9083,2026-06-23 14:32:50,2026-06-23T09:02:50Z,1782205370,ramp_2,810.0,0.00036363636363654966,{}
2,B,CPU Usage Rate,java_order,java,order,warehouse-go:8084,warehouse-go:8084,2026-06-23 14:32:50,2026-06-23T09:02:50Z,1782205370,ramp_2,810.0,0.11581818181818176,{}
2,B,CPU Usage Rate,java_order,java,order,inventory-go-twin:9082,inventory-go-twin:9082,2026-06-23 14:33:05,2026-06-23T09:03:05Z,1782205385,ramp_2,825.0,0.0005454545454545661,{}
2,B,CPU Usage Rate,java_order,java,order,order-go-twin:9083,order-go-twin:9083,2026-06-23 14:33:05,2026-06-23T09:03:05Z,1782205385,ramp_2,825.0,0.0003636363636360329,{}
2,B,CPU Usage Rate,java_order,java,order,warehouse-go:8084,warehouse-go:8084,2026-06-23 14:33:05,2026-06-23T09:03:05Z,1782205385,ramp_2,825.0,0.11036363636363636,{}
2,B,CPU Usage Rate,java_order,java,order,inventory-go-twin:9082,inventory-go-twin:9082,2026-06-23 14:33:20,2026-06-23T09:03:20Z,1782205400,ramp_2,840.0,0.0005454446282795065,{}
2,B,CPU Usage Rate,java_order,java,order,order-go-twin:9083,order-go-twin:9083,2026-06-23 14:33:20,2026-06-23T09:03:20Z,1782205400,ramp_2,840.0,0.0003636429753264934,{}
2,B,CPU Usage Rate,java_order,java,order,warehouse-go:8084,warehouse-go:8084,2026-06-23 14:33:20,2026-06-23T09:03:20Z,1782205400,ramp_2,840.0,0.11163636363636364,{}
2,B,CPU Usage Rate,java_order,java,order,inventory-go-twin:9082,inventory-go-twin:9082,2026-06-23 14:33:35,2026-06-23T09:03:35Z,1782205415,ramp_2,855.0,0.0007272727272727117,{}
2,B,CPU Usage Rate,java_order,java,order,order-go-twin:9083,order-go-twin:9083,2026-06-23 14:33:35,2026-06-23T09:03:35Z,1782205415,ramp_2,855.0,0.00036363636363654966,{}
2,B,CPU Usage Rate,java_order,java,order,warehouse-go:8084,warehouse-go:8084,2026-06-23 14:33:35,2026-06-23T09:03:35Z,1782205415,ramp_2,855.0,0.11618181818181819,{}
2,B,CPU Usage Rate,java_order,java,order,inventory-go-twin:9082,inventory-go-twin:9082,2026-06-23 14:33:50,2026-06-23T09:03:50Z,1782205430,ramp_2,870.0,0.0005454545454545661,{}
2,B,CPU Usage Rate,java_order,java,order,order-go-twin:9083,order-go-twin:9083,2026-06-23 14:33:50,2026-06-23T09:03:50Z,1782205430,ramp_2,870.0,0.00036363636363654966,{}
2,B,CPU Usage Rate,java_order,java,order,warehouse-go:8084,warehouse-go:8084,2026-06-23 14:33:50,2026-06-23T09:03:50Z,1782205430,ramp_2,870.0,0.1223636363636363,{}
2,B,CPU Usage Rate,java_order,java,order,inventory-go-twin:9082,inventory-go-twin:9082,2026-06-23 14:34:05,2026-06-23T09:04:05Z,1782205445,ramp_2,885.0,0.0005454545454545661,{}
2,B,CPU Usage Rate,java_order,java,order,order-go-twin:9083,order-go-twin:9083,2026-06-23 14:34:05,2026-06-23T09:04:05Z,1782205445,ramp_2,885.0,0.0003636429753270102,{}
2,B,CPU Usage Rate,java_order,java,order,warehouse-go:8084,warehouse-go:8084,2026-06-23 14:34:05,2026-06-23T09:04:05Z,1782205445,ramp_2,885.0,0.124,{}
2,B,CPU Usage Rate,java_order,java,order,inventory-go-twin:9082,inventory-go-twin:9082,2026-06-23 14:34:20,2026-06-23T09:04:20Z,1782205460,ramp_3,900.0,0.0003636363636364205,{}
2,B,CPU Usage Rate,java_order,java,order,order-go-twin:9083,order-go-twin:9083,2026-06-23 14:34:20,2026-06-23T09:04:20Z,1782205460,ramp_3,900.0,0.0005454545454545661,{}
2,B,CPU Usage Rate,java_order,java,order,warehouse-go:8084,warehouse-go:8084,2026-06-23 14:34:20,2026-06-23T09:04:20Z,1782205460,ramp_3,900.0,0.12563407938037496,{}
2,B,CPU Usage Rate,java_order,java,order,inventory-go-twin:9082,inventory-go-twin:9082,2026-06-23 14:34:35,2026-06-23T09:04:35Z,1782205475,ramp_3,915.0,0.0003636363636364205,{}
2,B,CPU Usage Rate,java_order,java,order,order-go-twin:9083,order-go-twin:9083,2026-06-23 14:34:35,2026-06-23T09:04:35Z,1782205475,ramp_3,915.0,0.0003636363636360329,{}
2,B,CPU Usage Rate,java_order,java,order,warehouse-go:8084,warehouse-go:8084,2026-06-23 14:34:35,2026-06-23T09:04:35Z,1782205475,ramp_3,915.0,0.1179999999999999,{}
2,B,CPU Usage Rate,java_order,java,order,inventory-go-twin:9082,inventory-go-twin:9082,2026-06-23 14:34:50,2026-06-23T09:04:50Z,1782205490,ramp_3,930.0,0.0005454545454545661,{}
2,B,CPU Usage Rate,java_order,java,order,order-go-twin:9083,order-go-twin:9083,2026-06-23 14:34:50,2026-06-23T09:04:50Z,1782205490,ramp_3,930.0,0.0003636363636360329,{}
2,B,CPU Usage Rate,java_order,java,order,warehouse-go:8084,warehouse-go:8084,2026-06-23 14:34:50,2026-06-23T09:04:50Z,1782205490,ramp_3,930.0,0.11945454545454545,{}
2,B,CPU Usage Rate,java_order,java,order,inventory-go-twin:9082,inventory-go-twin:9082,2026-06-23 14:35:05,2026-06-23T09:05:05Z,1782205505,ramp_3,945.0,0.000545454545454437,{}
2,B,CPU Usage Rate,java_order,java,order,order-go-twin:9083,order-go-twin:9083,2026-06-23 14:35:05,2026-06-23T09:05:05Z,1782205505,ramp_3,945.0,0.00036362975218599315,{}
2,B,CPU Usage Rate,java_order,java,order,warehouse-go:8084,warehouse-go:8084,2026-06-23 14:35:05,2026-06-23T09:05:05Z,1782205505,ramp_3,945.0,0.12000000000000002,{}
2,B,CPU Usage Rate,java_order,java,order,inventory-go-twin:9082,inventory-go-twin:9082,2026-06-23 14:35:20,2026-06-23T09:05:20Z,1782205520,ramp_3,960.0,0.0005454545454545661,{}
2,B,CPU Usage Rate,java_order,java,order,order-go-twin:9083,order-go-twin:9083,2026-06-23 14:35:20,2026-06-23T09:05:20Z,1782205520,ramp_3,960.0,0.0003636429753270102,{}
2,B,CPU Usage Rate,java_order,java,order,warehouse-go:8084,warehouse-go:8084,2026-06-23 14:35:20,2026-06-23T09:05:20Z,1782205520,ramp_3,960.0,0.12072727272727274,{}
2,B,CPU Usage Rate,java_order,java,order,inventory-go-twin:9082,inventory-go-twin:9082,2026-06-23 14:35:35,2026-06-23T09:05:35Z,1782205535,ramp_3,975.0,0.0007272727272727117,{}
2,B,CPU Usage Rate,java_order,java,order,order-go-twin:9083,order-go-twin:9083,2026-06-23 14:35:35,2026-06-23T09:05:35Z,1782205535,ramp_3,975.0,0.00036363636363654966,{}
2,B,CPU Usage Rate,java_order,java,order,warehouse-go:8084,warehouse-go:8084,2026-06-23 14:35:35,2026-06-23T09:05:35Z,1782205535,ramp_3,975.0,0.1258204694630813,{}
2,B,CPU Usage Rate,java_order,java,order,inventory-go-twin:9082,inventory-go-twin:9082,2026-06-23 14:35:50,2026-06-23T09:05:50Z,1782205550,ramp_3,990.0,0.0005454644629902569,{}
2,B,CPU Usage Rate,java_order,java,order,order-go-twin:9083,order-go-twin:9083,2026-06-23 14:35:50,2026-06-23T09:05:50Z,1782205550,ramp_3,990.0,0.00036363636363654966,{}
2,B,CPU Usage Rate,java_order,java,order,warehouse-go:8084,warehouse-go:8084,2026-06-23 14:35:50,2026-06-23T09:05:50Z,1782205550,ramp_3,990.0,0.11836363636363632,{}
2,B,CPU Usage Rate,java_order,java,order,inventory-go-twin:9082,inventory-go-twin:9082,2026-06-23 14:36:05,2026-06-23T09:06:05Z,1782205565,ramp_3,1005.0,0.00036364297532675183,{}
2,B,CPU Usage Rate,java_order,java,order,order-go-twin:9083,order-go-twin:9083,2026-06-23 14:36:05,2026-06-23T09:06:05Z,1782205565,ramp_3,1005.0,0.00036362975218650993,{}
2,B,CPU Usage Rate,java_order,java,order,warehouse-go:8084,warehouse-go:8084,2026-06-23 14:36:05,2026-06-23T09:06:05Z,1782205565,ramp_3,1005.0,0.11381611243431947,{}
2,B,CPU Usage Rate,java_order,java,order,inventory-go-twin:9082,inventory-go-twin:9082,2026-06-23 14:36:20,2026-06-23T09:06:20Z,1782205580,ramp_3,1020.0,0.0005454644629902569,{}
2,B,CPU Usage Rate,java_order,java,order,order-go-twin:9083,order-go-twin:9083,2026-06-23 14:36:20,2026-06-23T09:06:20Z,1782205580,ramp_3,1020.0,0.0003636363636360329,{}
2,B,CPU Usage Rate,java_order,java,order,warehouse-go:8084,warehouse-go:8084,2026-06-23 14:36:20,2026-06-23T09:06:20Z,1782205580,ramp_3,1020.0,0.11291114383897904,{}
2,B,CPU Usage Rate,java_order,java,order,inventory-go-twin:9082,inventory-go-twin:9082,2026-06-23 14:36:35,2026-06-23T09:06:35Z,1782205595,ramp_3,1035.0,0.0005454644629902569,{}
2,B,CPU Usage Rate,java_order,java,order,order-go-twin:9083,order-go-twin:9083,2026-06-23 14:36:35,2026-06-23T09:06:35Z,1782205595,ramp_3,1035.0,0.0003636363636360329,{}
2,B,CPU Usage Rate,java_order,java,order,warehouse-go:8084,warehouse-go:8084,2026-06-23 14:36:35,2026-06-23T09:06:35Z,1782205595,ramp_3,1035.0,0.11127070416901519,{}
2,B,CPU Usage Rate,java_order,java,order,inventory-go-twin:9082,inventory-go-twin:9082,2026-06-23 14:36:50,2026-06-23T09:06:50Z,1782205610,ramp_3,1050.0,0.0003636363636364205,{}
2,B,CPU Usage Rate,java_order,java,order,order-go-twin:9083,order-go-twin:9083,2026-06-23 14:36:50,2026-06-23T09:06:50Z,1782205610,ramp_3,1050.0,0.0003636429753270102,{}
2,B,CPU Usage Rate,java_order,java,order,warehouse-go:8084,warehouse-go:8084,2026-06-23 14:36:50,2026-06-23T09:06:50Z,1782205610,ramp_3,1050.0,0.11909307441953486,{}
2,B,CPU Usage Rate,java_order,java,order,inventory-go-twin:9082,inventory-go-twin:9082,2026-06-23 14:37:05,2026-06-23T09:07:05Z,1782205625,ramp_3,1065.0,0.0005454545454545661,{}
2,B,CPU Usage Rate,java_order,java,order,order-go-twin:9083,order-go-twin:9083,2026-06-23 14:37:05,2026-06-23T09:07:05Z,1782205625,ramp_3,1065.0,0.0005454644629902569,{}
2,B,CPU Usage Rate,java_order,java,order,warehouse-go:8084,warehouse-go:8084,2026-06-23 14:37:05,2026-06-23T09:07:05Z,1782205625,ramp_3,1065.0,0.11072727272727279,{}
2,B,CPU Usage Rate,java_order,java,order,inventory-go-twin:9082,inventory-go-twin:9082,2026-06-23 14:37:20,2026-06-23T09:07:20Z,1782205640,ramp_3,1080.0,0.000545454545454437,{}
2,B,CPU Usage Rate,java_order,java,order,order-go-twin:9083,order-go-twin:9083,2026-06-23 14:37:20,2026-06-23T09:07:20Z,1782205640,ramp_3,1080.0,0.00036363636363654966,{}
2,B,CPU Usage Rate,java_order,java,order,warehouse-go:8084,warehouse-go:8084,2026-06-23 14:37:20,2026-06-23T09:07:20Z,1782205640,ramp_3,1080.0,0.10636363636363651,{}
2,B,CPU Usage Rate,java_order,java,order,inventory-go-twin:9082,inventory-go-twin:9082,2026-06-23 14:37:35,2026-06-23T09:07:35Z,1782205655,ramp_3,1095.0,0.0005454446282795065,{}
2,B,CPU Usage Rate,java_order,java,order,order-go-twin:9083,order-go-twin:9083,2026-06-23 14:37:35,2026-06-23T09:07:35Z,1782205655,ramp_3,1095.0,0.0005454545454545661,{}
2,B,CPU Usage Rate,java_order,java,order,warehouse-go:8084,warehouse-go:8084,2026-06-23 14:37:35,2026-06-23T09:07:35Z,1782205655,ramp_3,1095.0,0.10618181818181824,{}
2,B,CPU Usage Rate,java_order,java,order,inventory-go-twin:9082,inventory-go-twin:9082,2026-06-23 14:37:50,2026-06-23T09:07:50Z,1782205670,ramp_3,1110.0,0.0007272727272727117,{}
2,B,CPU Usage Rate,java_order,java,order,order-go-twin:9083,order-go-twin:9083,2026-06-23 14:37:50,2026-06-23T09:07:50Z,1782205670,ramp_3,1110.0,0.00036362975218599315,{}
2,B,CPU Usage Rate,java_order,java,order,warehouse-go:8084,warehouse-go:8084,2026-06-23 14:37:50,2026-06-23T09:07:50Z,1782205670,ramp_3,1110.0,0.10181818181818171,{}
2,B,CPU Usage Rate,java_order,java,order,inventory-go-twin:9082,inventory-go-twin:9082,2026-06-23 14:38:05,2026-06-23T09:08:05Z,1782205685,ramp_3,1125.0,0.0003636363636364205,{}
2,B,CPU Usage Rate,java_order,java,order,order-go-twin:9083,order-go-twin:9083,2026-06-23 14:38:05,2026-06-23T09:08:05Z,1782205685,ramp_3,1125.0,0.00036362975218650993,{}
2,B,CPU Usage Rate,java_order,java,order,warehouse-go:8084,warehouse-go:8084,2026-06-23 14:38:05,2026-06-23T09:08:05Z,1782205685,ramp_3,1125.0,0.11109090909090907,{}
2,B,CPU Usage Rate,java_order,java,order,inventory-go-twin:9082,inventory-go-twin:9082,2026-06-23 14:38:20,2026-06-23T09:08:20Z,1782205700,ramp_3,1140.0,0.0003636363636362913,{}
2,B,CPU Usage Rate,java_order,java,order,order-go-twin:9083,order-go-twin:9083,2026-06-23 14:38:20,2026-06-23T09:08:20Z,1782205700,ramp_3,1140.0,0.0001818181818185332,{}
2,B,CPU Usage Rate,java_order,java,order,warehouse-go:8084,warehouse-go:8084,2026-06-23 14:38:20,2026-06-23T09:08:20Z,1782205700,ramp_3,1140.0,0.10472727272727282,{}
2,B,CPU Usage Rate,java_order,java,order,inventory-go-twin:9082,inventory-go-twin:9082,2026-06-23 14:38:35,2026-06-23T09:08:35Z,1782205715,ramp_3,1155.0,0.0005454545454545661,{}
2,B,CPU Usage Rate,java_order,java,order,order-go-twin:9083,order-go-twin:9083,2026-06-23 14:38:35,2026-06-23T09:08:35Z,1782205715,ramp_3,1155.0,0.00036362975218650993,{}
2,B,CPU Usage Rate,java_order,java,order,warehouse-go:8084,warehouse-go:8084,2026-06-23 14:38:35,2026-06-23T09:08:35Z,1782205715,ramp_3,1155.0,0.10981818181818166,{}
2,B,CPU Usage Rate,java_order,java,order,inventory-go-twin:9082,inventory-go-twin:9082,2026-06-23 14:38:50,2026-06-23T09:08:50Z,1782205730,ramp_3,1170.0,0.00036362975218638075,{}
2,B,CPU Usage Rate,java_order,java,order,order-go-twin:9083,order-go-twin:9083,2026-06-23 14:38:50,2026-06-23T09:08:50Z,1782205730,ramp_3,1170.0,0.00018181818181801644,{}
2,B,CPU Usage Rate,java_order,java,order,warehouse-go:8084,warehouse-go:8084,2026-06-23 14:38:50,2026-06-23T09:08:50Z,1782205730,ramp_3,1170.0,0.11763636363636361,{}
2,B,CPU Usage Rate,java_order,java,order,inventory-go-twin:9082,inventory-go-twin:9082,2026-06-23 14:39:05,2026-06-23T09:09:05Z,1782205745,ramp_3,1185.0,0.0003636363636364205,{}
2,B,CPU Usage Rate,java_order,java,order,order-go-twin:9083,order-go-twin:9083,2026-06-23 14:39:05,2026-06-23T09:09:05Z,1782205745,ramp_3,1185.0,0.0003636363636360329,{}
2,B,CPU Usage Rate,java_order,java,order,warehouse-go:8084,warehouse-go:8084,2026-06-23 14:39:05,2026-06-23T09:09:05Z,1782205745,ramp_3,1185.0,0.11854545454545447,{}
2,B,CPU Usage Rate,java_order,java,order,inventory-go-twin:9082,inventory-go-twin:9082,2026-06-23 14:39:20,2026-06-23T09:09:20Z,1782205760,sustain,1200.0,0.0007272727272727117,{}
2,B,CPU Usage Rate,java_order,java,order,order-go-twin:9083,order-go-twin:9083,2026-06-23 14:39:20,2026-06-23T09:09:20Z,1782205760,sustain,1200.0,0.00036362975218599315,{}
2,B,CPU Usage Rate,java_order,java,order,warehouse-go:8084,warehouse-go:8084,2026-06-23 14:39:20,2026-06-23T09:09:20Z,1782205760,sustain,1200.0,0.12127272727272705,{}
2,B,CPU Usage Rate,java_order,java,order,inventory-go-twin:9082,inventory-go-twin:9082,2026-06-23 14:39:35,2026-06-23T09:09:35Z,1782205775,sustain,1215.0,0.000545454545454437,{}
2,B,CPU Usage Rate,java_order,java,order,order-go-twin:9083,order-go-twin:9083,2026-06-23 14:39:35,2026-06-23T09:09:35Z,1782205775,sustain,1215.0,0.0003636429753270102,{}
2,B,CPU Usage Rate,java_order,java,order,warehouse-go:8084,warehouse-go:8084,2026-06-23 14:39:35,2026-06-23T09:09:35Z,1782205775,sustain,1215.0,0.11490909090909078,{}
2,B,CPU Usage Rate,java_order,java,order,inventory-go-twin:9082,inventory-go-twin:9082,2026-06-23 14:39:50,2026-06-23T09:09:50Z,1782205790,sustain,1230.0,0.0005454545454545661,{}
2,B,CPU Usage Rate,java_order,java,order,order-go-twin:9083,order-go-twin:9083,2026-06-23 14:39:50,2026-06-23T09:09:50Z,1782205790,sustain,1230.0,0.0005454446282795065,{}
2,B,CPU Usage Rate,java_order,java,order,warehouse-go:8084,warehouse-go:8084,2026-06-23 14:39:50,2026-06-23T09:09:50Z,1782205790,sustain,1230.0,0.1121818181818182,{}
2,B,CPU Usage Rate,java_order,java,order,inventory-go-twin:9082,inventory-go-twin:9082,2026-06-23 14:40:05,2026-06-23T09:10:05Z,1782205805,sustain,1245.0,0.0005454545454545661,{}
2,B,CPU Usage Rate,java_order,java,order,order-go-twin:9083,order-go-twin:9083,2026-06-23 14:40:05,2026-06-23T09:10:05Z,1782205805,sustain,1245.0,0.00036363636363654966,{}
2,B,CPU Usage Rate,java_order,java,order,warehouse-go:8084,warehouse-go:8084,2026-06-23 14:40:05,2026-06-23T09:10:05Z,1782205805,sustain,1245.0,0.10327460499281818,{}
2,B,CPU Usage Rate,java_order,java,order,inventory-go-twin:9082,inventory-go-twin:9082,2026-06-23 14:40:20,2026-06-23T09:10:20Z,1782205820,sustain,1260.0,0.0003636363636364205,{}
2,B,CPU Usage Rate,java_order,java,order,order-go-twin:9083,order-go-twin:9083,2026-06-23 14:40:20,2026-06-23T09:10:20Z,1782205820,sustain,1260.0,0.0005454545454545661,{}
2,B,CPU Usage Rate,java_order,java,order,warehouse-go:8084,warehouse-go:8084,2026-06-23 14:40:20,2026-06-23T09:10:20Z,1782205820,sustain,1260.0,0.10963636363636366,{}
2,B,CPU Usage Rate,java_order,java,order,inventory-go-twin:9082,inventory-go-twin:9082,2026-06-23 14:40:35,2026-06-23T09:10:35Z,1782205835,sustain,1275.0,0.0003636363636362913,{}
2,B,CPU Usage Rate,java_order,java,order,order-go-twin:9083,order-go-twin:9083,2026-06-23 14:40:35,2026-06-23T09:10:35Z,1782205835,sustain,1275.0,0.0003636363636360329,{}
2,B,CPU Usage Rate,java_order,java,order,warehouse-go:8084,warehouse-go:8084,2026-06-23 14:40:35,2026-06-23T09:10:35Z,1782205835,sustain,1275.0,0.10909090909090909,{}
2,B,CPU Usage Rate,java_order,java,order,inventory-go-twin:9082,inventory-go-twin:9082,2026-06-23 14:40:50,2026-06-23T09:10:50Z,1782205850,sustain,1290.0,0.0005454644629901277,{}
2,B,CPU Usage Rate,java_order,java,order,order-go-twin:9083,order-go-twin:9083,2026-06-23 14:40:50,2026-06-23T09:10:50Z,1782205850,sustain,1290.0,0.00036363636363654966,{}
2,B,CPU Usage Rate,java_order,java,order,warehouse-go:8084,warehouse-go:8084,2026-06-23 14:40:50,2026-06-23T09:10:50Z,1782205850,sustain,1290.0,0.11090909090909105,{}
2,B,CPU Usage Rate,java_order,java,order,inventory-go-twin:9082,inventory-go-twin:9082,2026-06-23 14:41:05,2026-06-23T09:11:05Z,1782205865,sustain,1305.0,0.0005454446282795065,{}
2,B,CPU Usage Rate,java_order,java,order,order-go-twin:9083,order-go-twin:9083,2026-06-23 14:41:05,2026-06-23T09:11:05Z,1782205865,sustain,1305.0,0.0001818181818185332,{}
2,B,CPU Usage Rate,java_order,java,order,warehouse-go:8084,warehouse-go:8084,2026-06-23 14:41:05,2026-06-23T09:11:05Z,1782205865,sustain,1305.0,0.10418181818181825,{}
2,B,CPU Usage Rate,java_order,java,order,inventory-go-twin:9082,inventory-go-twin:9082,2026-06-23 14:41:20,2026-06-23T09:11:20Z,1782205880,sustain,1320.0,0.0007272727272727117,{}
2,B,CPU Usage Rate,java_order,java,order,order-go-twin:9083,order-go-twin:9083,2026-06-23 14:41:20,2026-06-23T09:11:20Z,1782205880,sustain,1320.0,0.00036363636363654966,{}
2,B,CPU Usage Rate,java_order,java,order,warehouse-go:8084,warehouse-go:8084,2026-06-23 14:41:20,2026-06-23T09:11:20Z,1782205880,sustain,1320.0,0.11127272727272736,{}
2,B,CPU Usage Rate,java_order,java,order,inventory-go-twin:9082,inventory-go-twin:9082,2026-06-23 14:41:35,2026-06-23T09:11:35Z,1782205895,sustain,1335.0,0.0005454545454545661,{}
2,B,CPU Usage Rate,java_order,java,order,order-go-twin:9083,order-go-twin:9083,2026-06-23 14:41:35,2026-06-23T09:11:35Z,1782205895,sustain,1335.0,0.0005454446282795065,{}
2,B,CPU Usage Rate,java_order,java,order,warehouse-go:8084,warehouse-go:8084,2026-06-23 14:41:35,2026-06-23T09:11:35Z,1782205895,sustain,1335.0,0.11309090909090906,{}
2,B,CPU Usage Rate,java_order,java,order,inventory-go-twin:9082,inventory-go-twin:9082,2026-06-23 14:41:50,2026-06-23T09:11:50Z,1782205910,sustain,1350.0,0.0003636363636362913,{}
2,B,CPU Usage Rate,java_order,java,order,order-go-twin:9083,order-go-twin:9083,2026-06-23 14:41:50,2026-06-23T09:11:50Z,1782205910,sustain,1350.0,0.00036362975218599315,{}
2,B,CPU Usage Rate,java_order,java,order,warehouse-go:8084,warehouse-go:8084,2026-06-23 14:41:50,2026-06-23T09:11:50Z,1782205910,sustain,1350.0,0.1054564628447792,{}
2,B,CPU Usage Rate,java_order,java,order,inventory-go-twin:9082,inventory-go-twin:9082,2026-06-23 14:42:05,2026-06-23T09:12:05Z,1782205925,sustain,1365.0,0.0005454644629902569,{}
2,B,CPU Usage Rate,java_order,java,order,order-go-twin:9083,order-go-twin:9083,2026-06-23 14:42:05,2026-06-23T09:12:05Z,1782205925,sustain,1365.0,0.00036363636363654966,{}
2,B,CPU Usage Rate,java_order,java,order,warehouse-go:8084,warehouse-go:8084,2026-06-23 14:42:05,2026-06-23T09:12:05Z,1782205925,sustain,1365.0,0.10672727272727281,{}
2,B,CPU Usage Rate,java_order,java,order,inventory-go-twin:9082,inventory-go-twin:9082,2026-06-23 14:42:20,2026-06-23T09:12:20Z,1782205940,sustain,1380.0,0.0005454545454545661,{}
2,B,CPU Usage Rate,java_order,java,order,order-go-twin:9083,order-go-twin:9083,2026-06-23 14:42:20,2026-06-23T09:12:20Z,1782205940,sustain,1380.0,0.0001818181818185332,{}
2,B,CPU Usage Rate,java_order,java,order,warehouse-go:8084,warehouse-go:8084,2026-06-23 14:42:20,2026-06-23T09:12:20Z,1782205940,sustain,1380.0,0.09781818181818198,{}
2,B,CPU Usage Rate,java_order,java,order,inventory-go-twin:9082,inventory-go-twin:9082,2026-06-23 14:42:35,2026-06-23T09:12:35Z,1782205955,sustain,1395.0,0.0005454545454545661,{}
2,B,CPU Usage Rate,java_order,java,order,order-go-twin:9083,order-go-twin:9083,2026-06-23 14:42:35,2026-06-23T09:12:35Z,1782205955,sustain,1395.0,0.00036363636363654966,{}
2,B,CPU Usage Rate,java_order,java,order,warehouse-go:8084,warehouse-go:8084,2026-06-23 14:42:35,2026-06-23T09:12:35Z,1782205955,sustain,1395.0,0.10436173887747487,{}
2,B,CPU Usage Rate,java_order,java,order,inventory-go-twin:9082,inventory-go-twin:9082,2026-06-23 14:42:50,2026-06-23T09:12:50Z,1782205970,sustain,1410.0,0.0005454545454545661,{}
2,B,CPU Usage Rate,java_order,java,order,order-go-twin:9083,order-go-twin:9083,2026-06-23 14:42:50,2026-06-23T09:12:50Z,1782205970,sustain,1410.0,0.00018181487609299657,{}
2,B,CPU Usage Rate,java_order,java,order,warehouse-go:8084,warehouse-go:8084,2026-06-23 14:42:50,2026-06-23T09:12:50Z,1782205970,sustain,1410.0,0.1114525190451082,{}
2,B,CPU Usage Rate,java_order,java,order,inventory-go-twin:9082,inventory-go-twin:9082,2026-06-23 14:43:05,2026-06-23T09:13:05Z,1782205985,sustain,1425.0,0.000545454545454437,{}
2,B,CPU Usage Rate,java_order,java,order,order-go-twin:9083,order-go-twin:9083,2026-06-23 14:43:05,2026-06-23T09:13:05Z,1782205985,sustain,1425.0,0.0003636363636360329,{}
2,B,CPU Usage Rate,java_order,java,order,warehouse-go:8084,warehouse-go:8084,2026-06-23 14:43:05,2026-06-23T09:13:05Z,1782205985,sustain,1425.0,0.10891107111038374,{}
2,B,CPU Usage Rate,java_order,java,order,inventory-go-twin:9082,inventory-go-twin:9082,2026-06-23 14:43:20,2026-06-23T09:13:20Z,1782206000,sustain,1440.0,0.0005454545454545661,{}
2,B,CPU Usage Rate,java_order,java,order,order-go-twin:9083,order-go-twin:9083,2026-06-23 14:43:20,2026-06-23T09:13:20Z,1782206000,sustain,1440.0,0.0005454446282795065,{}
2,B,CPU Usage Rate,java_order,java,order,warehouse-go:8084,warehouse-go:8084,2026-06-23 14:43:20,2026-06-23T09:13:20Z,1782206000,sustain,1440.0,0.10327272727272713,{}
2,B,CPU Usage Rate,java_order,java,order,inventory-go-twin:9082,inventory-go-twin:9082,2026-06-23 14:43:35,2026-06-23T09:13:35Z,1782206015,sustain,1455.0,0.0003636363636364205,{}
2,B,CPU Usage Rate,java_order,java,order,order-go-twin:9083,order-go-twin:9083,2026-06-23 14:43:35,2026-06-23T09:13:35Z,1782206015,sustain,1455.0,0.00036363636363654966,{}
2,B,CPU Usage Rate,java_order,java,order,warehouse-go:8084,warehouse-go:8084,2026-06-23 14:43:35,2026-06-23T09:13:35Z,1782206015,sustain,1455.0,0.08981818181818177,{}
2,B,CPU Usage Rate,java_order,java,order,inventory-go-twin:9082,inventory-go-twin:9082,2026-06-23 14:43:50,2026-06-23T09:13:50Z,1782206030,sustain,1470.0,0.0005454545454545661,{}
2,B,CPU Usage Rate,java_order,java,order,order-go-twin:9083,order-go-twin:9083,2026-06-23 14:43:50,2026-06-23T09:13:50Z,1782206030,sustain,1470.0,0.00036362975218650993,{}
2,B,CPU Usage Rate,java_order,java,order,warehouse-go:8084,warehouse-go:8084,2026-06-23 14:43:50,2026-06-23T09:13:50Z,1782206030,sustain,1470.0,0.09909090909090913,{}
2,B,CPU Usage Rate,java_order,java,order,inventory-go-twin:9082,inventory-go-twin:9082,2026-06-23 14:44:05,2026-06-23T09:14:05Z,1782206045,sustain,1485.0,0.000727272727272841,{}
2,B,CPU Usage Rate,java_order,java,order,order-go-twin:9083,order-go-twin:9083,2026-06-23 14:44:05,2026-06-23T09:14:05Z,1782206045,sustain,1485.0,0.00018181487609299657,{}
2,B,CPU Usage Rate,java_order,java,order,warehouse-go:8084,warehouse-go:8084,2026-06-23 14:44:05,2026-06-23T09:14:05Z,1782206045,sustain,1485.0,0.08381970581283296,{}
2,B,CPU Usage Rate,java_order,java,order,inventory-go-twin:9082,inventory-go-twin:9082,2026-06-23 14:44:20,2026-06-23T09:14:20Z,1782206060,sustain,1500.0,0.0007272727272727117,{}
2,B,CPU Usage Rate,java_order,java,order,order-go-twin:9083,order-go-twin:9083,2026-06-23 14:44:20,2026-06-23T09:14:20Z,1782206060,sustain,1500.0,0.00036362975218599315,{}
2,B,CPU Usage Rate,java_order,java,order,warehouse-go:8084,warehouse-go:8084,2026-06-23 14:44:20,2026-06-23T09:14:20Z,1782206060,sustain,1500.0,0.09545280994891002,{}
2,B,CPU Usage Rate,java_order,java,order,inventory-go-twin:9082,inventory-go-twin:9082,2026-06-23 14:44:35,2026-06-23T09:14:35Z,1782206075,sustain,1515.0,0.0007272595043726323,{}
2,B,CPU Usage Rate,java_order,java,order,order-go-twin:9083,order-go-twin:9083,2026-06-23 14:44:35,2026-06-23T09:14:35Z,1782206075,sustain,1515.0,0.0003636363636360329,{}
2,B,CPU Usage Rate,java_order,java,order,warehouse-go:8084,warehouse-go:8084,2026-06-23 14:44:35,2026-06-23T09:14:35Z,1782206075,sustain,1515.0,0.0841818181818181,{}
2,B,CPU Usage Rate,java_order,java,order,inventory-go-twin:9082,inventory-go-twin:9082,2026-06-23 14:44:50,2026-06-23T09:14:50Z,1782206090,sustain,1530.0,0.0003636363636362913,{}
2,B,CPU Usage Rate,java_order,java,order,order-go-twin:9083,order-go-twin:9083,2026-06-23 14:44:50,2026-06-23T09:14:50Z,1782206090,sustain,1530.0,0.00036362975218650993,{}
2,B,CPU Usage Rate,java_order,java,order,warehouse-go:8084,warehouse-go:8084,2026-06-23 14:44:50,2026-06-23T09:14:50Z,1782206090,sustain,1530.0,0.0854545454545455,{}
2,B,CPU Usage Rate,java_order,java,order,inventory-go-twin:9082,inventory-go-twin:9082,2026-06-23 14:45:05,2026-06-23T09:15:05Z,1782206105,sustain,1545.0,0.0007272727272727117,{}
2,B,CPU Usage Rate,java_order,java,order,order-go-twin:9083,order-go-twin:9083,2026-06-23 14:45:05,2026-06-23T09:15:05Z,1782206105,sustain,1545.0,0.0005454545454545661,{}
2,B,CPU Usage Rate,java_order,java,order,warehouse-go:8084,warehouse-go:8084,2026-06-23 14:45:05,2026-06-23T09:15:05Z,1782206105,sustain,1545.0,0.09109090909090918,{}
2,B,CPU Usage Rate,java_order,java,order,inventory-go-twin:9082,inventory-go-twin:9082,2026-06-23 14:45:20,2026-06-23T09:15:20Z,1782206120,sustain,1560.0,0.0007272727272727117,{}
2,B,CPU Usage Rate,java_order,java,order,order-go-twin:9083,order-go-twin:9083,2026-06-23 14:45:20,2026-06-23T09:15:20Z,1782206120,sustain,1560.0,0.0003636429753270102,{}
2,B,CPU Usage Rate,java_order,java,order,warehouse-go:8084,warehouse-go:8084,2026-06-23 14:45:20,2026-06-23T09:15:20Z,1782206120,sustain,1560.0,0.0996363636363637,{}
2,B,CPU Usage Rate,java_order,java,order,inventory-go-twin:9082,inventory-go-twin:9082,2026-06-23 14:45:35,2026-06-23T09:15:35Z,1782206135,sustain,1575.0,0.0007272727272727117,{}
2,B,CPU Usage Rate,java_order,java,order,order-go-twin:9083,order-go-twin:9083,2026-06-23 14:45:35,2026-06-23T09:15:35Z,1782206135,sustain,1575.0,0.00036363636363654966,{}
2,B,CPU Usage Rate,java_order,java,order,warehouse-go:8084,warehouse-go:8084,2026-06-23 14:45:35,2026-06-23T09:15:35Z,1782206135,sustain,1575.0,0.10236363636363653,{}
2,B,CPU Usage Rate,java_order,java,order,inventory-go-twin:9082,inventory-go-twin:9082,2026-06-23 14:45:50,2026-06-23T09:15:50Z,1782206150,sustain,1590.0,0.0005454545454545661,{}
2,B,CPU Usage Rate,java_order,java,order,order-go-twin:9083,order-go-twin:9083,2026-06-23 14:45:50,2026-06-23T09:15:50Z,1782206150,sustain,1590.0,0.00036362975218599315,{}
2,B,CPU Usage Rate,java_order,java,order,warehouse-go:8084,warehouse-go:8084,2026-06-23 14:45:50,2026-06-23T09:15:50Z,1782206150,sustain,1590.0,0.11327478681430579,{}
2,B,CPU Usage Rate,java_order,java,order,inventory-go-twin:9082,inventory-go-twin:9082,2026-06-23 14:46:05,2026-06-23T09:16:05Z,1782206165,sustain,1605.0,0.0005454545454545661,{}
2,B,CPU Usage Rate,java_order,java,order,order-go-twin:9083,order-go-twin:9083,2026-06-23 14:46:05,2026-06-23T09:16:05Z,1782206165,sustain,1605.0,0.00018181487609299657,{}
2,B,CPU Usage Rate,java_order,java,order,warehouse-go:8084,warehouse-go:8084,2026-06-23 14:46:05,2026-06-23T09:16:05Z,1782206165,sustain,1605.0,0.11509300169093982,{}
2,B,CPU Usage Rate,java_order,java,order,inventory-go-twin:9082,inventory-go-twin:9082,2026-06-23 14:46:20,2026-06-23T09:16:20Z,1782206180,sustain,1620.0,0.0005454545454545661,{}
2,B,CPU Usage Rate,java_order,java,order,order-go-twin:9083,order-go-twin:9083,2026-06-23 14:46:20,2026-06-23T09:16:20Z,1782206180,sustain,1620.0,0.0005454545454545661,{}
2,B,CPU Usage Rate,java_order,java,order,warehouse-go:8084,warehouse-go:8084,2026-06-23 14:46:20,2026-06-23T09:16:20Z,1782206180,sustain,1620.0,0.11618181818181844,{}
2,B,CPU Usage Rate,java_order,java,order,inventory-go-twin:9082,inventory-go-twin:9082,2026-06-23 14:46:35,2026-06-23T09:16:35Z,1782206195,sustain,1635.0,0.0003636363636364205,{}
2,B,CPU Usage Rate,java_order,java,order,order-go-twin:9083,order-go-twin:9083,2026-06-23 14:46:35,2026-06-23T09:16:35Z,1782206195,sustain,1635.0,0.00036362975218650993,{}
2,B,CPU Usage Rate,java_order,java,order,warehouse-go:8084,warehouse-go:8084,2026-06-23 14:46:35,2026-06-23T09:16:35Z,1782206195,sustain,1635.0,0.11763850251822759,{}
2,B,CPU Usage Rate,java_order,java,order,inventory-go-twin:9082,inventory-go-twin:9082,2026-06-23 14:46:50,2026-06-23T09:16:50Z,1782206210,sustain,1650.0,0.00036362975218625157,{}
2,B,CPU Usage Rate,java_order,java,order,order-go-twin:9083,order-go-twin:9083,2026-06-23 14:46:50,2026-06-23T09:16:50Z,1782206210,sustain,1650.0,0.0005454545454545661,{}
2,B,CPU Usage Rate,java_order,java,order,warehouse-go:8084,warehouse-go:8084,2026-06-23 14:46:50,2026-06-23T09:16:50Z,1782206210,sustain,1650.0,0.11745454545454559,{}
2,B,CPU Usage Rate,java_order,java,order,inventory-go-twin:9082,inventory-go-twin:9082,2026-06-23 14:47:05,2026-06-23T09:17:05Z,1782206225,sustain,1665.0,0.0005454446282793773,{}
2,B,CPU Usage Rate,java_order,java,order,order-go-twin:9083,order-go-twin:9083,2026-06-23 14:47:05,2026-06-23T09:17:05Z,1782206225,sustain,1665.0,0.0005454644629902569,{}
2,B,CPU Usage Rate,java_order,java,order,warehouse-go:8084,warehouse-go:8084,2026-06-23 14:47:05,2026-06-23T09:17:05Z,1782206225,sustain,1665.0,0.11799999999999965,{}
2,B,CPU Usage Rate,java_order,java,order,inventory-go-twin:9082,inventory-go-twin:9082,2026-06-23 14:47:20,2026-06-23T09:17:20Z,1782206240,sustain,1680.0,0.0003636363636362913,{}
2,B,CPU Usage Rate,java_order,java,order,order-go-twin:9083,order-go-twin:9083,2026-06-23 14:47:20,2026-06-23T09:17:20Z,1782206240,sustain,1680.0,0.00036362975218599315,{}
2,B,CPU Usage Rate,java_order,java,order,warehouse-go:8084,warehouse-go:8084,2026-06-23 14:47:20,2026-06-23T09:17:20Z,1782206240,sustain,1680.0,0.11854760995654486,{}
2,B,CPU Usage Rate,java_order,java,order,inventory-go-twin:9082,inventory-go-twin:9082,2026-06-23 14:47:35,2026-06-23T09:17:35Z,1782206255,sustain,1695.0,0.0003636363636364205,{}
2,B,CPU Usage Rate,java_order,java,order,order-go-twin:9083,order-go-twin:9083,2026-06-23 14:47:35,2026-06-23T09:17:35Z,1782206255,sustain,1695.0,0.00036362975218599315,{}
2,B,CPU Usage Rate,java_order,java,order,warehouse-go:8084,warehouse-go:8084,2026-06-23 14:47:35,2026-06-23T09:17:35Z,1782206255,sustain,1695.0,0.11927489590719836,{}
2,B,CPU Usage Rate,java_order,java,order,inventory-go-twin:9082,inventory-go-twin:9082,2026-06-23 14:47:50,2026-06-23T09:17:50Z,1782206270,sustain,1710.0,0.0007272595043726323,{}
2,B,CPU Usage Rate,java_order,java,order,order-go-twin:9083,order-go-twin:9083,2026-06-23 14:47:50,2026-06-23T09:17:50Z,1782206270,sustain,1710.0,0.00018181818181801644,{}
2,B,CPU Usage Rate,java_order,java,order,warehouse-go:8084,warehouse-go:8084,2026-06-23 14:47:50,2026-06-23T09:17:50Z,1782206270,sustain,1710.0,0.1116363636363639,{}
2,B,CPU Usage Rate,java_order,java,order,inventory-go-twin:9082,inventory-go-twin:9082,2026-06-23 14:48:05,2026-06-23T09:18:05Z,1782206285,sustain,1725.0,0.0005454644629902569,{}
2,B,CPU Usage Rate,java_order,java,order,order-go-twin:9083,order-go-twin:9083,2026-06-23 14:48:05,2026-06-23T09:18:05Z,1782206285,sustain,1725.0,0.0003636429753270102,{}
2,B,CPU Usage Rate,java_order,java,order,warehouse-go:8084,warehouse-go:8084,2026-06-23 14:48:05,2026-06-23T09:18:05Z,1782206285,sustain,1725.0,0.10745454545454539,{}
2,B,CPU Usage Rate,java_order,java,order,inventory-go-twin:9082,inventory-go-twin:9082,2026-06-23 14:48:20,2026-06-23T09:18:20Z,1782206300,sustain,1740.0,0.000545454545454437,{}
2,B,CPU Usage Rate,java_order,java,order,order-go-twin:9083,order-go-twin:9083,2026-06-23 14:48:20,2026-06-23T09:18:20Z,1782206300,sustain,1740.0,0.00036362975218650993,{}
2,B,CPU Usage Rate,java_order,java,order,warehouse-go:8084,warehouse-go:8084,2026-06-23 14:48:20,2026-06-23T09:18:20Z,1782206300,sustain,1740.0,0.11054545454545477,{}
2,B,CPU Usage Rate,java_order,java,order,inventory-go-twin:9082,inventory-go-twin:9082,2026-06-23 14:48:35,2026-06-23T09:18:35Z,1782206315,sustain,1755.0,0.0005454545454545661,{}
2,B,CPU Usage Rate,java_order,java,order,order-go-twin:9083,order-go-twin:9083,2026-06-23 14:48:35,2026-06-23T09:18:35Z,1782206315,sustain,1755.0,0.0005454446282795065,{}
2,B,CPU Usage Rate,java_order,java,order,warehouse-go:8084,warehouse-go:8084,2026-06-23 14:48:35,2026-06-23T09:18:35Z,1782206315,sustain,1755.0,0.10436173887747512,{}
2,B,CPU Usage Rate,java_order,java,order,inventory-go-twin:9082,inventory-go-twin:9082,2026-06-23 14:48:50,2026-06-23T09:18:50Z,1782206330,sustain,1770.0,0.0003636363636364205,{}
2,B,CPU Usage Rate,java_order,java,order,order-go-twin:9083,order-go-twin:9083,2026-06-23 14:48:50,2026-06-23T09:18:50Z,1782206330,sustain,1770.0,0.00036362975218599315,{}
2,B,CPU Usage Rate,java_order,java,order,warehouse-go:8084,warehouse-go:8084,2026-06-23 14:48:50,2026-06-23T09:18:50Z,1782206330,sustain,1770.0,0.10745454545454539,{}
2,B,CPU Usage Rate,java_order,java,order,inventory-go-twin:9082,inventory-go-twin:9082,2026-06-23 14:49:05,2026-06-23T09:19:05Z,1782206345,sustain,1785.0,0.0003636363636364205,{}
2,B,CPU Usage Rate,java_order,java,order,order-go-twin:9083,order-go-twin:9083,2026-06-23 14:49:05,2026-06-23T09:19:05Z,1782206345,sustain,1785.0,0.0005454446282795065,{}
2,B,CPU Usage Rate,java_order,java,order,warehouse-go:8084,warehouse-go:8084,2026-06-23 14:49:05,2026-06-23T09:19:05Z,1782206345,sustain,1785.0,0.10527464135711596,{}
2,B,CPU Usage Rate,java_order,java,order,inventory-go-twin:9082,inventory-go-twin:9082,2026-06-23 14:49:20,2026-06-23T09:19:20Z,1782206360,cooldown,1800.0,0.0005454545454545661,{}
2,B,CPU Usage Rate,java_order,java,order,order-go-twin:9083,order-go-twin:9083,2026-06-23 14:49:20,2026-06-23T09:19:20Z,1782206360,cooldown,1800.0,0.0003636429753270102,{}
2,B,CPU Usage Rate,java_order,java,order,warehouse-go:8084,warehouse-go:8084,2026-06-23 14:49:20,2026-06-23T09:19:20Z,1782206360,cooldown,1800.0,0.10981618516026967,{}
2,B,CPU Usage Rate,java_order,java,order,inventory-go-twin:9082,inventory-go-twin:9082,2026-06-23 14:49:35,2026-06-23T09:19:35Z,1782206375,cooldown,1815.0,0.00036362975218625157,{}
2,B,CPU Usage Rate,java_order,java,order,order-go-twin:9083,order-go-twin:9083,2026-06-23 14:49:35,2026-06-23T09:19:35Z,1782206375,cooldown,1815.0,0.0001818214876637635,{}
2,B,CPU Usage Rate,java_order,java,order,warehouse-go:8084,warehouse-go:8084,2026-06-23 14:49:35,2026-06-23T09:19:35Z,1782206375,cooldown,1815.0,0.10963636363636366,{}
2,B,CPU Usage Rate,java_order,java,order,inventory-go-twin:9082,inventory-go-twin:9082,2026-06-23 14:49:50,2026-06-23T09:19:50Z,1782206390,cooldown,1830.0,0.000363642975326881,{}
2,B,CPU Usage Rate,java_order,java,order,order-go-twin:9083,order-go-twin:9083,2026-06-23 14:49:50,2026-06-23T09:19:50Z,1782206390,cooldown,1830.0,0.00036363636363654966,{}
2,B,CPU Usage Rate,java_order,java,order,warehouse-go:8084,warehouse-go:8084,2026-06-23 14:49:50,2026-06-23T09:19:50Z,1782206390,cooldown,1830.0,0.10600000000000022,{}
2,B,CPU Usage Rate,java_order,java,order,inventory-go-twin:9082,inventory-go-twin:9082,2026-06-23 14:50:05,2026-06-23T09:20:05Z,1782206405,cooldown,1845.0,0.0007272727272727117,{}
2,B,CPU Usage Rate,java_order,java,order,order-go-twin:9083,order-go-twin:9083,2026-06-23 14:50:05,2026-06-23T09:20:05Z,1782206405,cooldown,1845.0,0.00018181818181801644,{}
2,B,CPU Usage Rate,java_order,java,order,warehouse-go:8084,warehouse-go:8084,2026-06-23 14:50:05,2026-06-23T09:20:05Z,1782206405,cooldown,1845.0,0.09527272727272744,{}
2,B,CPU Usage Rate,java_order,java,order,inventory-go-twin:9082,inventory-go-twin:9082,2026-06-23 14:50:20,2026-06-23T09:20:20Z,1782206420,cooldown,1860.0,0.0005454545454545661,{}
2,B,CPU Usage Rate,java_order,java,order,order-go-twin:9083,order-go-twin:9083,2026-06-23 14:50:20,2026-06-23T09:20:20Z,1782206420,cooldown,1860.0,0.0003636363636360329,{}
2,B,CPU Usage Rate,java_order,java,order,warehouse-go:8084,warehouse-go:8084,2026-06-23 14:50:20,2026-06-23T09:20:20Z,1782206420,cooldown,1860.0,0.10090725623170509,{}
2,B,CPU Usage Rate,java_order,java,order,inventory-go-twin:9082,inventory-go-twin:9082,2026-06-23 14:50:35,2026-06-23T09:20:35Z,1782206435,cooldown,1875.0,0.000545454545454437,{}
2,B,CPU Usage Rate,java_order,java,order,order-go-twin:9083,order-go-twin:9083,2026-06-23 14:50:35,2026-06-23T09:20:35Z,1782206435,cooldown,1875.0,0.00036362975218599315,{}
2,B,CPU Usage Rate,java_order,java,order,warehouse-go:8084,warehouse-go:8084,2026-06-23 14:50:35,2026-06-23T09:20:35Z,1782206435,cooldown,1875.0,0.10254545454545481,{}
2,B,CPU Usage Rate,java_order,java,order,inventory-go-twin:9082,inventory-go-twin:9082,2026-06-23 14:50:50,2026-06-23T09:20:50Z,1782206450,cooldown,1890.0,0.0003636363636362913,{}
2,B,CPU Usage Rate,java_order,java,order,order-go-twin:9083,order-go-twin:9083,2026-06-23 14:50:50,2026-06-23T09:20:50Z,1782206450,cooldown,1890.0,0.0003636429753270102,{}
2,B,CPU Usage Rate,java_order,java,order,warehouse-go:8084,warehouse-go:8084,2026-06-23 14:50:50,2026-06-23T09:20:50Z,1782206450,cooldown,1890.0,0.10109274714085716,{}
2,B,CPU Usage Rate,java_order,java,order,inventory-go-twin:9082,inventory-go-twin:9082,2026-06-23 14:51:05,2026-06-23T09:21:05Z,1782206465,cooldown,1905.0,0.0003636363636364205,{}
2,B,CPU Usage Rate,java_order,java,order,order-go-twin:9083,order-go-twin:9083,2026-06-23 14:51:05,2026-06-23T09:21:05Z,1782206465,cooldown,1905.0,0.00036362975218650993,{}
2,B,CPU Usage Rate,java_order,java,order,warehouse-go:8084,warehouse-go:8084,2026-06-23 14:51:05,2026-06-23T09:21:05Z,1782206465,cooldown,1905.0,0.09708914383374855,{}
2,B,CPU Usage Rate,java_order,java,order,inventory-go-twin:9082,inventory-go-twin:9082,2026-06-23 14:51:20,2026-06-23T09:21:20Z,1782206480,cooldown,1920.0,0.0005454446282795065,{}
2,B,CPU Usage Rate,java_order,java,order,order-go-twin:9083,order-go-twin:9083,2026-06-23 14:51:20,2026-06-23T09:21:20Z,1782206480,cooldown,1920.0,0.00036363636363654966,{}
2,B,CPU Usage Rate,java_order,java,order,warehouse-go:8084,warehouse-go:8084,2026-06-23 14:51:20,2026-06-23T09:21:20Z,1782206480,cooldown,1920.0,0.09018181818181832,{}
2,B,CPU Usage Rate,java_order,java,order,inventory-go-twin:9082,inventory-go-twin:9082,2026-06-23 14:51:35,2026-06-23T09:21:35Z,1782206495,cooldown,1935.0,0.0005454545454545661,{}
2,B,CPU Usage Rate,java_order,java,order,order-go-twin:9083,order-go-twin:9083,2026-06-23 14:51:35,2026-06-23T09:21:35Z,1782206495,cooldown,1935.0,0.0005454545454545661,{}
2,B,CPU Usage Rate,java_order,java,order,warehouse-go:8084,warehouse-go:8084,2026-06-23 14:51:35,2026-06-23T09:21:35Z,1782206495,cooldown,1935.0,0.1021799603643571,{}
2,B,CPU Usage Rate,java_order,java,order,inventory-go-twin:9082,inventory-go-twin:9082,2026-06-23 14:51:50,2026-06-23T09:21:50Z,1782206510,cooldown,1950.0,0.000727272727272841,{}
2,B,CPU Usage Rate,java_order,java,order,order-go-twin:9083,order-go-twin:9083,2026-06-23 14:51:50,2026-06-23T09:21:50Z,1782206510,cooldown,1950.0,0.0003636429753264934,{}
2,B,CPU Usage Rate,java_order,java,order,warehouse-go:8084,warehouse-go:8084,2026-06-23 14:51:50,2026-06-23T09:21:50Z,1782206510,cooldown,1950.0,0.108547428135057,{}
2,B,CPU Usage Rate,java_order,java,order,inventory-go-twin:9082,inventory-go-twin:9082,2026-06-23 14:52:05,2026-06-23T09:22:05Z,1782206525,cooldown,1965.0,0.0005454545454545661,{}
2,B,CPU Usage Rate,java_order,java,order,order-go-twin:9083,order-go-twin:9083,2026-06-23 14:52:05,2026-06-23T09:22:05Z,1782206525,cooldown,1965.0,0.00036362975218650993,{}
2,B,CPU Usage Rate,java_order,java,order,warehouse-go:8084,warehouse-go:8084,2026-06-23 14:52:05,2026-06-23T09:22:05Z,1782206525,cooldown,1965.0,0.11072727272727279,{}
2,B,CPU Usage Rate,java_order,java,order,inventory-go-twin:9082,inventory-go-twin:9082,2026-06-23 14:52:20,2026-06-23T09:22:20Z,1782206540,cooldown,1980.0,0.0003636363636364205,{}
2,B,CPU Usage Rate,java_order,java,order,order-go-twin:9083,order-go-twin:9083,2026-06-23 14:52:20,2026-06-23T09:22:20Z,1782206540,cooldown,1980.0,0.0001818181818185332,{}
2,B,CPU Usage Rate,java_order,java,order,warehouse-go:8084,warehouse-go:8084,2026-06-23 14:52:20,2026-06-23T09:22:20Z,1782206540,cooldown,1980.0,0.1125454545454545,{}
2,B,CPU Usage Rate,java_order,java,order,inventory-go-twin:9082,inventory-go-twin:9082,2026-06-23 14:52:35,2026-06-23T09:22:35Z,1782206555,cooldown,1995.0,0.0005454446282795065,{}
2,B,CPU Usage Rate,java_order,java,order,order-go-twin:9083,order-go-twin:9083,2026-06-23 14:52:35,2026-06-23T09:22:35Z,1782206555,cooldown,1995.0,0.00036362975218650993,{}
2,B,CPU Usage Rate,java_order,java,order,warehouse-go:8084,warehouse-go:8084,2026-06-23 14:52:35,2026-06-23T09:22:35Z,1782206555,cooldown,1995.0,0.10418181818181799,{}
2,B,CPU Usage Rate,java_order,java,order,inventory-go-twin:9082,inventory-go-twin:9082,2026-06-23 14:52:50,2026-06-23T09:22:50Z,1782206570,cooldown,2010.0,0.0003636363636362913,{}
2,B,CPU Usage Rate,java_order,java,order,order-go-twin:9083,order-go-twin:9083,2026-06-23 14:52:50,2026-06-23T09:22:50Z,1782206570,cooldown,2010.0,0.00018181818181801644,{}
2,B,CPU Usage Rate,java_order,java,order,warehouse-go:8084,warehouse-go:8084,2026-06-23 14:52:50,2026-06-23T09:22:50Z,1782206570,cooldown,2010.0,0.10290909090909135,{}
2,B,CPU Usage Rate,java_order,java,order,inventory-go-twin:9082,inventory-go-twin:9082,2026-06-23 14:53:05,2026-06-23T09:23:05Z,1782206585,cooldown,2025.0,0.0003636363636362913,{}
2,B,CPU Usage Rate,java_order,java,order,order-go-twin:9083,order-go-twin:9083,2026-06-23 14:53:05,2026-06-23T09:23:05Z,1782206585,cooldown,2025.0,0.0003636363636360329,{}
2,B,CPU Usage Rate,java_order,java,order,warehouse-go:8084,warehouse-go:8084,2026-06-23 14:53:05,2026-06-23T09:23:05Z,1782206585,cooldown,2025.0,0.09818181818181776,{}
2,B,CPU Usage Rate,java_order,java,order,inventory-go-twin:9082,inventory-go-twin:9082,2026-06-23 14:53:20,2026-06-23T09:23:20Z,1782206600,cooldown,2040.0,0.0005454545454545661,{}
2,B,CPU Usage Rate,java_order,java,order,order-go-twin:9083,order-go-twin:9083,2026-06-23 14:53:20,2026-06-23T09:23:20Z,1782206600,cooldown,2040.0,0.00036362975218599315,{}
2,B,CPU Usage Rate,java_order,java,order,warehouse-go:8084,warehouse-go:8084,2026-06-23 14:53:20,2026-06-23T09:23:20Z,1782206600,cooldown,2040.0,0.08999836366611547,{}
2,B,CPU Usage Rate,java_order,java,order,inventory-go-twin:9082,inventory-go-twin:9082,2026-06-23 14:53:35,2026-06-23T09:23:35Z,1782206615,cooldown,2055.0,0.0003636363636364205,{}
2,B,CPU Usage Rate,java_order,java,order,order-go-twin:9083,order-go-twin:9083,2026-06-23 14:53:35,2026-06-23T09:23:35Z,1782206615,cooldown,2055.0,0.00018181818181801644,{}
2,B,CPU Usage Rate,java_order,java,order,warehouse-go:8084,warehouse-go:8084,2026-06-23 14:53:35,2026-06-23T09:23:35Z,1782206615,cooldown,2055.0,0.08163636363636328,{}
2,B,CPU Usage Rate,java_order,java,order,inventory-go-twin:9082,inventory-go-twin:9082,2026-06-23 14:53:50,2026-06-23T09:23:50Z,1782206630,cooldown,2070.0,0.0003636363636364205,{}
2,B,CPU Usage Rate,java_order,java,order,order-go-twin:9083,order-go-twin:9083,2026-06-23 14:53:50,2026-06-23T09:23:50Z,1782206630,cooldown,2070.0,0.00036363636363654966,{}
2,B,CPU Usage Rate,java_order,java,order,warehouse-go:8084,warehouse-go:8084,2026-06-23 14:53:50,2026-06-23T09:23:50Z,1782206630,cooldown,2070.0,0.06690909090909103,{}
2,B,CPU Usage Rate,java_order,java,order,inventory-go-twin:9082,inventory-go-twin:9082,2026-06-23 14:54:05,2026-06-23T09:24:05Z,1782206645,cooldown,2085.0,0.0005454545454545661,{}
2,B,CPU Usage Rate,java_order,java,order,order-go-twin:9083,order-go-twin:9083,2026-06-23 14:54:05,2026-06-23T09:24:05Z,1782206645,cooldown,2085.0,0.00036362975218650993,{}
2,B,CPU Usage Rate,java_order,java,order,warehouse-go:8084,warehouse-go:8084,2026-06-23 14:54:05,2026-06-23T09:24:05Z,1782206645,cooldown,2085.0,0.054363636363636524,{}
2,B,CPU Usage Rate,java_order,java,order,inventory-go-twin:9082,inventory-go-twin:9082,2026-06-23 14:54:20,2026-06-23T09:24:20Z,1782206660,post_test,2100.0,0.0005454545454545661,{}
2,B,CPU Usage Rate,java_order,java,order,order-go-twin:9083,order-go-twin:9083,2026-06-23 14:54:20,2026-06-23T09:24:20Z,1782206660,post_test,2100.0,0.0005454446282795065,{}
2,B,CPU Usage Rate,java_order,java,order,warehouse-go:8084,warehouse-go:8084,2026-06-23 14:54:20,2026-06-23T09:24:20Z,1782206660,post_test,2100.0,0.04090909090909091,{}
