grafana_panel_id,grafana_ref_id,grafana_panel_title,segment_label,service_type,benchmark_type,instance,service_label,timestamp_local,timestamp_utc,timestamp_unix,load_phase,offset_seconds,value,prom_labels_json
6,B,Garbage Collection Pauses (Java vs Go),go_inventory,go,inventory,inventory-go-twin:9082,inventory-go-twin:9082,2026-06-23 14:59:29,2026-06-23T09:29:29Z,1782206969,warmup,0.0,2.2766181818181543e-06,{}
6,B,Garbage Collection Pauses (Java vs Go),go_inventory,go,inventory,order-go-twin:9083,order-go-twin:9083,2026-06-23 14:59:29,2026-06-23T09:29:29Z,1782206969,warmup,0.0,1.1970545454545203e-06,{}
6,B,Garbage Collection Pauses (Java vs Go),go_inventory,go,inventory,warehouse-go:8084,warehouse-go:8084,2026-06-23 14:59:29,2026-06-23T09:29:29Z,1782206969,warmup,0.0,3.932800000000009e-06,{}
6,B,Garbage Collection Pauses (Java vs Go),go_inventory,go,inventory,inventory-go-twin:9082,inventory-go-twin:9082,2026-06-23 14:59:44,2026-06-23T09:29:44Z,1782206984,warmup,15.0,2.2766181818181543e-06,{}
6,B,Garbage Collection Pauses (Java vs Go),go_inventory,go,inventory,order-go-twin:9083,order-go-twin:9083,2026-06-23 14:59:44,2026-06-23T09:29:44Z,1782206984,warmup,15.0,1.1970545454545203e-06,{}
6,B,Garbage Collection Pauses (Java vs Go),go_inventory,go,inventory,warehouse-go:8084,warehouse-go:8084,2026-06-23 14:59:44,2026-06-23T09:29:44Z,1782206984,warmup,15.0,6.499363636363659e-06,{}
6,B,Garbage Collection Pauses (Java vs Go),go_inventory,go,inventory,inventory-go-twin:9082,inventory-go-twin:9082,2026-06-23 14:59:59,2026-06-23T09:29:59Z,1782206999,warmup,30.0,2.3860727272726173e-06,{}
6,B,Garbage Collection Pauses (Java vs Go),go_inventory,go,inventory,order-go-twin:9083,order-go-twin:9083,2026-06-23 14:59:59,2026-06-23T09:29:59Z,1782206999,warmup,30.0,1.1970327812221345e-06,{}
6,B,Garbage Collection Pauses (Java vs Go),go_inventory,go,inventory,warehouse-go:8084,warehouse-go:8084,2026-06-23 14:59:59,2026-06-23T09:29:59Z,1782206999,warmup,30.0,2.566516972418697e-06,{}
6,B,Garbage Collection Pauses (Java vs Go),go_inventory,go,inventory,inventory-go-twin:9082,inventory-go-twin:9082,2026-06-23 15:00:14,2026-06-23T09:30:14Z,1782207014,warmup,45.0,2.3860727272726173e-06,{}
6,B,Garbage Collection Pauses (Java vs Go),go_inventory,go,inventory,order-go-twin:9083,order-go-twin:9083,2026-06-23 15:00:14,2026-06-23T09:30:14Z,1782207014,warmup,45.0,1.1970545454545203e-06,{}
6,B,Garbage Collection Pauses (Java vs Go),go_inventory,go,inventory,warehouse-go:8084,warehouse-go:8084,2026-06-23 15:00:14,2026-06-23T09:30:14Z,1782207014,warmup,45.0,4.050290909090643e-06,{}
6,B,Garbage Collection Pauses (Java vs Go),go_inventory,go,inventory,inventory-go-twin:9082,inventory-go-twin:9082,2026-06-23 15:00:29,2026-06-23T09:30:29Z,1782207029,warmup,60.0,2.346218181818359e-06,{}
6,B,Garbage Collection Pauses (Java vs Go),go_inventory,go,inventory,order-go-twin:9083,order-go-twin:9083,2026-06-23 15:00:29,2026-06-23T09:30:29Z,1782207029,warmup,60.0,1.5319636363634516e-06,{}
6,B,Garbage Collection Pauses (Java vs Go),go_inventory,go,inventory,warehouse-go:8084,warehouse-go:8084,2026-06-23 15:00:29,2026-06-23T09:30:29Z,1782207029,warmup,60.0,1.483700296357968e-06,{}
6,B,Garbage Collection Pauses (Java vs Go),go_inventory,go,inventory,inventory-go-twin:9082,inventory-go-twin:9082,2026-06-23 15:00:44,2026-06-23T09:30:44Z,1782207044,warmup,75.0,2.346218181818359e-06,{}
6,B,Garbage Collection Pauses (Java vs Go),go_inventory,go,inventory,order-go-twin:9083,order-go-twin:9083,2026-06-23 15:00:44,2026-06-23T09:30:44Z,1782207044,warmup,75.0,1.5319636363634516e-06,{}
6,B,Garbage Collection Pauses (Java vs Go),go_inventory,go,inventory,warehouse-go:8084,warehouse-go:8084,2026-06-23 15:00:44,2026-06-23T09:30:44Z,1782207044,warmup,75.0,2.9650902743688336e-06,{}
6,B,Garbage Collection Pauses (Java vs Go),go_inventory,go,inventory,inventory-go-twin:9082,inventory-go-twin:9082,2026-06-23 15:00:59,2026-06-23T09:30:59Z,1782207059,warmup,90.0,2.559145454545588e-06,{}
6,B,Garbage Collection Pauses (Java vs Go),go_inventory,go,inventory,order-go-twin:9083,order-go-twin:9083,2026-06-23 15:00:59,2026-06-23T09:30:59Z,1782207059,warmup,90.0,1.5319357829855793e-06,{}
6,B,Garbage Collection Pauses (Java vs Go),go_inventory,go,inventory,warehouse-go:8084,warehouse-go:8084,2026-06-23 15:00:59,2026-06-23T09:30:59Z,1782207059,warmup,90.0,1.4813090909095792e-06,{}
6,B,Garbage Collection Pauses (Java vs Go),go_inventory,go,inventory,inventory-go-twin:9082,inventory-go-twin:9082,2026-06-23 15:01:14,2026-06-23T09:31:14Z,1782207074,warmup,105.0,2.559145454545588e-06,{}
6,B,Garbage Collection Pauses (Java vs Go),go_inventory,go,inventory,order-go-twin:9083,order-go-twin:9083,2026-06-23 15:01:14,2026-06-23T09:31:14Z,1782207074,warmup,105.0,1.5319914907541928e-06,{}
6,B,Garbage Collection Pauses (Java vs Go),go_inventory,go,inventory,warehouse-go:8084,warehouse-go:8084,2026-06-23 15:01:14,2026-06-23T09:31:14Z,1782207074,warmup,105.0,1.4812821585066972e-06,{}
6,B,Garbage Collection Pauses (Java vs Go),go_inventory,go,inventory,inventory-go-twin:9082,inventory-go-twin:9082,2026-06-23 15:01:29,2026-06-23T09:31:29Z,1782207089,warmup,120.0,1.5273818181817742e-06,{}
6,B,Garbage Collection Pauses (Java vs Go),go_inventory,go,inventory,order-go-twin:9083,order-go-twin:9083,2026-06-23 15:01:29,2026-06-23T09:31:29Z,1782207089,warmup,120.0,1.2140363636364837e-06,{}
6,B,Garbage Collection Pauses (Java vs Go),go_inventory,go,inventory,warehouse-go:8084,warehouse-go:8084,2026-06-23 15:01:29,2026-06-23T09:31:29Z,1782207089,warmup,120.0,1.4813090909095792e-06,{}
6,B,Garbage Collection Pauses (Java vs Go),go_inventory,go,inventory,inventory-go-twin:9082,inventory-go-twin:9082,2026-06-23 15:01:44,2026-06-23T09:31:44Z,1782207104,warmup,135.0,4.074707732586644e-06,{}
6,B,Garbage Collection Pauses (Java vs Go),go_inventory,go,inventory,order-go-twin:9083,order-go-twin:9083,2026-06-23 15:01:44,2026-06-23T09:31:44Z,1782207104,warmup,135.0,1.2140584374262552e-06,{}
6,B,Garbage Collection Pauses (Java vs Go),go_inventory,go,inventory,warehouse-go:8084,warehouse-go:8084,2026-06-23 15:01:44,2026-06-23T09:31:44Z,1782207104,warmup,135.0,1.6919999999996028e-06,{}
6,B,Garbage Collection Pauses (Java vs Go),go_inventory,go,inventory,inventory-go-twin:9082,inventory-go-twin:9082,2026-06-23 15:01:59,2026-06-23T09:31:59Z,1782207119,warmup,150.0,4.830312176142154e-06,{}
6,B,Garbage Collection Pauses (Java vs Go),go_inventory,go,inventory,order-go-twin:9083,order-go-twin:9083,2026-06-23 15:01:59,2026-06-23T09:31:59Z,1782207119,warmup,150.0,1.2140363636364837e-06,{}
6,B,Garbage Collection Pauses (Java vs Go),go_inventory,go,inventory,warehouse-go:8084,warehouse-go:8084,2026-06-23 15:01:59,2026-06-23T09:31:59Z,1782207119,warmup,150.0,3.2007999999997513e-06,{}
6,B,Garbage Collection Pauses (Java vs Go),go_inventory,go,inventory,inventory-go-twin:9082,inventory-go-twin:9082,2026-06-23 15:02:14,2026-06-23T09:32:14Z,1782207134,warmup,165.0,4.830487827051303e-06,{}
6,B,Garbage Collection Pauses (Java vs Go),go_inventory,go,inventory,order-go-twin:9083,order-go-twin:9083,2026-06-23 15:02:14,2026-06-23T09:32:14Z,1782207134,warmup,165.0,2.3146000000001663e-06,{}
6,B,Garbage Collection Pauses (Java vs Go),go_inventory,go,inventory,warehouse-go:8084,warehouse-go:8084,2026-06-23 15:02:14,2026-06-23T09:32:14Z,1782207134,warmup,165.0,3.2007999999997513e-06,{}
6,B,Garbage Collection Pauses (Java vs Go),go_inventory,go,inventory,inventory-go-twin:9082,inventory-go-twin:9082,2026-06-23 15:02:29,2026-06-23T09:32:29Z,1782207149,warmup,180.0,2.2829999999998937e-06,{}
6,B,Garbage Collection Pauses (Java vs Go),go_inventory,go,inventory,order-go-twin:9083,order-go-twin:9083,2026-06-23 15:02:29,2026-06-23T09:32:29Z,1782207149,warmup,180.0,1.100543626479565e-06,{}
6,B,Garbage Collection Pauses (Java vs Go),go_inventory,go,inventory,warehouse-go:8084,warehouse-go:8084,2026-06-23 15:02:29,2026-06-23T09:32:29Z,1782207149,warmup,180.0,3.2007999999997513e-06,{}
6,B,Garbage Collection Pauses (Java vs Go),go_inventory,go,inventory,inventory-go-twin:9082,inventory-go-twin:9082,2026-06-23 15:02:44,2026-06-23T09:32:44Z,1782207164,warmup,195.0,3.5580283277877678e-06,{}
6,B,Garbage Collection Pauses (Java vs Go),go_inventory,go,inventory,order-go-twin:9083,order-go-twin:9083,2026-06-23 15:02:44,2026-06-23T09:32:44Z,1782207164,warmup,195.0,2.138415665169751e-06,{}
6,B,Garbage Collection Pauses (Java vs Go),go_inventory,go,inventory,warehouse-go:8084,warehouse-go:8084,2026-06-23 15:02:44,2026-06-23T09:32:44Z,1782207164,warmup,195.0,1.5088000000001483e-06,{}
6,B,Garbage Collection Pauses (Java vs Go),go_inventory,go,inventory,inventory-go-twin:9082,inventory-go-twin:9082,2026-06-23 15:02:59,2026-06-23T09:32:59Z,1782207179,warmup,210.0,1.274963636363732e-06,{}
6,B,Garbage Collection Pauses (Java vs Go),go_inventory,go,inventory,order-go-twin:9083,order-go-twin:9083,2026-06-23 15:02:59,2026-06-23T09:32:59Z,1782207179,warmup,210.0,1.0378909090908894e-06,{}
6,B,Garbage Collection Pauses (Java vs Go),go_inventory,go,inventory,warehouse-go:8084,warehouse-go:8084,2026-06-23 15:02:59,2026-06-23T09:32:59Z,1782207179,warmup,210.0,1.4690545454544188e-06,{}
6,B,Garbage Collection Pauses (Java vs Go),go_inventory,go,inventory,inventory-go-twin:9082,inventory-go-twin:9082,2026-06-23 15:03:14,2026-06-23T09:33:14Z,1782207194,warmup,225.0,2.301594516463262e-06,{}
6,B,Garbage Collection Pauses (Java vs Go),go_inventory,go,inventory,order-go-twin:9083,order-go-twin:9083,2026-06-23 15:03:14,2026-06-23T09:33:14Z,1782207194,warmup,225.0,1.0379097801778017e-06,{}
6,B,Garbage Collection Pauses (Java vs Go),go_inventory,go,inventory,warehouse-go:8084,warehouse-go:8084,2026-06-23 15:03:14,2026-06-23T09:33:14Z,1782207194,warmup,225.0,1.4690545454544188e-06,{}
6,B,Garbage Collection Pauses (Java vs Go),go_inventory,go,inventory,inventory-go-twin:9082,inventory-go-twin:9082,2026-06-23 15:03:29,2026-06-23T09:33:29Z,1782207209,warmup,240.0,2.1195999999998577e-06,{}
6,B,Garbage Collection Pauses (Java vs Go),go_inventory,go,inventory,order-go-twin:9083,order-go-twin:9083,2026-06-23 15:03:29,2026-06-23T09:33:29Z,1782207209,warmup,240.0,1.0378720386901858e-06,{}
6,B,Garbage Collection Pauses (Java vs Go),go_inventory,go,inventory,warehouse-go:8084,warehouse-go:8084,2026-06-23 15:03:29,2026-06-23T09:33:29Z,1782207209,warmup,240.0,1.4690545454544188e-06,{}
6,B,Garbage Collection Pauses (Java vs Go),go_inventory,go,inventory,inventory-go-twin:9082,inventory-go-twin:9082,2026-06-23 15:03:44,2026-06-23T09:33:44Z,1782207224,warmup,255.0,2.1195999999998577e-06,{}
6,B,Garbage Collection Pauses (Java vs Go),go_inventory,go,inventory,order-go-twin:9083,order-go-twin:9083,2026-06-23 15:03:44,2026-06-23T09:33:44Z,1782207224,warmup,255.0,1.8882202141779322e-06,{}
6,B,Garbage Collection Pauses (Java vs Go),go_inventory,go,inventory,warehouse-go:8084,warehouse-go:8084,2026-06-23 15:03:44,2026-06-23T09:33:44Z,1782207224,warmup,255.0,1.1155454545451848e-06,{}
6,B,Garbage Collection Pauses (Java vs Go),go_inventory,go,inventory,inventory-go-twin:9082,inventory-go-twin:9082,2026-06-23 15:03:59,2026-06-23T09:33:59Z,1782207239,warmup,270.0,2.9426727272728476e-06,{}
6,B,Garbage Collection Pauses (Java vs Go),go_inventory,go,inventory,order-go-twin:9083,order-go-twin:9083,2026-06-23 15:03:59,2026-06-23T09:33:59Z,1782207239,warmup,270.0,1.8882545454545534e-06,{}
6,B,Garbage Collection Pauses (Java vs Go),go_inventory,go,inventory,warehouse-go:8084,warehouse-go:8084,2026-06-23 15:03:59,2026-06-23T09:33:59Z,1782207239,warmup,270.0,1.1155454545451848e-06,{}
6,B,Garbage Collection Pauses (Java vs Go),go_inventory,go,inventory,inventory-go-twin:9082,inventory-go-twin:9082,2026-06-23 15:04:14,2026-06-23T09:34:14Z,1782207254,warmup,285.0,2.9426727272728476e-06,{}
6,B,Garbage Collection Pauses (Java vs Go),go_inventory,go,inventory,order-go-twin:9083,order-go-twin:9083,2026-06-23 15:04:14,2026-06-23T09:34:14Z,1782207254,warmup,285.0,1.8882545454545534e-06,{}
6,B,Garbage Collection Pauses (Java vs Go),go_inventory,go,inventory,warehouse-go:8084,warehouse-go:8084,2026-06-23 15:04:14,2026-06-23T09:34:14Z,1782207254,warmup,285.0,1.1155454545451848e-06,{}
6,B,Garbage Collection Pauses (Java vs Go),go_inventory,go,inventory,inventory-go-twin:9082,inventory-go-twin:9082,2026-06-23 15:04:29,2026-06-23T09:34:29Z,1782207269,ramp_1,300.0,3.2916363636364964e-06,{}
6,B,Garbage Collection Pauses (Java vs Go),go_inventory,go,inventory,order-go-twin:9083,order-go-twin:9083,2026-06-23 15:04:29,2026-06-23T09:34:29Z,1782207269,ramp_1,300.0,0.0,{}
6,B,Garbage Collection Pauses (Java vs Go),go_inventory,go,inventory,warehouse-go:8084,warehouse-go:8084,2026-06-23 15:04:29,2026-06-23T09:34:29Z,1782207269,ramp_1,300.0,1.1155454545451848e-06,{}
6,B,Garbage Collection Pauses (Java vs Go),go_inventory,go,inventory,inventory-go-twin:9082,inventory-go-twin:9082,2026-06-23 15:04:44,2026-06-23T09:34:44Z,1782207284,ramp_1,315.0,5.70156363636372e-06,{}
6,B,Garbage Collection Pauses (Java vs Go),go_inventory,go,inventory,order-go-twin:9083,order-go-twin:9083,2026-06-23 15:04:44,2026-06-23T09:34:44Z,1782207284,ramp_1,315.0,1.2222323230485034e-06,{}
6,B,Garbage Collection Pauses (Java vs Go),go_inventory,go,inventory,warehouse-go:8084,warehouse-go:8084,2026-06-23 15:04:44,2026-06-23T09:34:44Z,1782207284,ramp_1,315.0,2.367915780287553e-06,{}
6,B,Garbage Collection Pauses (Java vs Go),go_inventory,go,inventory,inventory-go-twin:9082,inventory-go-twin:9082,2026-06-23 15:04:59,2026-06-23T09:34:59Z,1782207299,ramp_1,330.0,3.851818181818174e-06,{}
6,B,Garbage Collection Pauses (Java vs Go),go_inventory,go,inventory,order-go-twin:9083,order-go-twin:9083,2026-06-23 15:04:59,2026-06-23T09:34:59Z,1782207299,ramp_1,330.0,1.222276768668353e-06,{}
6,B,Garbage Collection Pauses (Java vs Go),go_inventory,go,inventory,warehouse-go:8084,warehouse-go:8084,2026-06-23 15:04:59,2026-06-23T09:34:59Z,1782207299,ramp_1,330.0,2.367872727273366e-06,{}
6,B,Garbage Collection Pauses (Java vs Go),go_inventory,go,inventory,inventory-go-twin:9082,inventory-go-twin:9082,2026-06-23 15:05:14,2026-06-23T09:35:14Z,1782207314,ramp_1,345.0,4.58670909090908e-06,{}
6,B,Garbage Collection Pauses (Java vs Go),go_inventory,go,inventory,order-go-twin:9083,order-go-twin:9083,2026-06-23 15:05:14,2026-06-23T09:35:14Z,1782207314,ramp_1,345.0,1.222254545454377e-06,{}
6,B,Garbage Collection Pauses (Java vs Go),go_inventory,go,inventory,warehouse-go:8084,warehouse-go:8084,2026-06-23 15:05:14,2026-06-23T09:35:14Z,1782207314,ramp_1,345.0,2.367872727273366e-06,{}
6,B,Garbage Collection Pauses (Java vs Go),go_inventory,go,inventory,inventory-go-twin:9082,inventory-go-twin:9082,2026-06-23 15:05:29,2026-06-23T09:35:29Z,1782207329,ramp_1,360.0,5.76505881711233e-06,{}
6,B,Garbage Collection Pauses (Java vs Go),go_inventory,go,inventory,order-go-twin:9083,order-go-twin:9083,2026-06-23 15:05:29,2026-06-23T09:35:29Z,1782207329,ramp_1,360.0,1.222254545454377e-06,{}
6,B,Garbage Collection Pauses (Java vs Go),go_inventory,go,inventory,warehouse-go:8084,warehouse-go:8084,2026-06-23 15:05:29,2026-06-23T09:35:29Z,1782207329,ramp_1,360.0,1.6291454545453392e-06,{}
6,B,Garbage Collection Pauses (Java vs Go),go_inventory,go,inventory,inventory-go-twin:9082,inventory-go-twin:9082,2026-06-23 15:05:44,2026-06-23T09:35:44Z,1782207344,ramp_1,375.0,5.719999999999967e-06,{}
6,B,Garbage Collection Pauses (Java vs Go),go_inventory,go,inventory,order-go-twin:9083,order-go-twin:9083,2026-06-23 15:05:44,2026-06-23T09:35:44Z,1782207344,ramp_1,375.0,2.2490772559502163e-06,{}
6,B,Garbage Collection Pauses (Java vs Go),go_inventory,go,inventory,warehouse-go:8084,warehouse-go:8084,2026-06-23 15:05:44,2026-06-23T09:35:44Z,1782207344,ramp_1,375.0,3.171287794766474e-06,{}
6,B,Garbage Collection Pauses (Java vs Go),go_inventory,go,inventory,inventory-go-twin:9082,inventory-go-twin:9082,2026-06-23 15:05:59,2026-06-23T09:35:59Z,1782207359,ramp_1,390.0,6.983927564953367e-06,{}
6,B,Garbage Collection Pauses (Java vs Go),go_inventory,go,inventory,order-go-twin:9083,order-go-twin:9083,2026-06-23 15:05:59,2026-06-23T09:35:59Z,1782207359,ramp_1,390.0,2.2490363636364714e-06,{}
6,B,Garbage Collection Pauses (Java vs Go),go_inventory,go,inventory,warehouse-go:8084,warehouse-go:8084,2026-06-23 15:05:59,2026-06-23T09:35:59Z,1782207359,ramp_1,390.0,3.171403116419405e-06,{}
6,B,Garbage Collection Pauses (Java vs Go),go_inventory,go,inventory,inventory-go-twin:9082,inventory-go-twin:9082,2026-06-23 15:06:14,2026-06-23T09:36:14Z,1782207374,ramp_1,405.0,6.7790181818181114e-06,{}
6,B,Garbage Collection Pauses (Java vs Go),go_inventory,go,inventory,order-go-twin:9083,order-go-twin:9083,2026-06-23 15:06:14,2026-06-23T09:36:14Z,1782207374,ramp_1,405.0,2.2490363636364714e-06,{}
6,B,Garbage Collection Pauses (Java vs Go),go_inventory,go,inventory,warehouse-go:8084,warehouse-go:8084,2026-06-23 15:06:14,2026-06-23T09:36:14Z,1782207374,ramp_1,405.0,3.7985999999994904e-06,{}
6,B,Garbage Collection Pauses (Java vs Go),go_inventory,go,inventory,inventory-go-twin:9082,inventory-go-twin:9082,2026-06-23 15:06:29,2026-06-23T09:36:29Z,1782207389,ramp_1,420.0,7.469991454700834e-06,{}
6,B,Garbage Collection Pauses (Java vs Go),go_inventory,go,inventory,order-go-twin:9083,order-go-twin:9083,2026-06-23 15:06:29,2026-06-23T09:36:29Z,1782207389,ramp_1,420.0,2.2490363636364714e-06,{}
6,B,Garbage Collection Pauses (Java vs Go),go_inventory,go,inventory,warehouse-go:8084,warehouse-go:8084,2026-06-23 15:06:29,2026-06-23T09:36:29Z,1782207389,ramp_1,420.0,2.1694545454541514e-06,{}
6,B,Garbage Collection Pauses (Java vs Go),go_inventory,go,inventory,inventory-go-twin:9082,inventory-go-twin:9082,2026-06-23 15:06:44,2026-06-23T09:36:44Z,1782207404,ramp_1,435.0,6.293740113816059e-06,{}
6,B,Garbage Collection Pauses (Java vs Go),go_inventory,go,inventory,order-go-twin:9083,order-go-twin:9083,2026-06-23 15:06:44,2026-06-23T09:36:44Z,1782207404,ramp_1,435.0,0.0,{}
6,B,Garbage Collection Pauses (Java vs Go),go_inventory,go,inventory,warehouse-go:8084,warehouse-go:8084,2026-06-23 15:06:44,2026-06-23T09:36:44Z,1782207404,ramp_1,435.0,1.57370909090939e-06,{}
6,B,Garbage Collection Pauses (Java vs Go),go_inventory,go,inventory,inventory-go-twin:9082,inventory-go-twin:9082,2026-06-23 15:06:59,2026-06-23T09:36:59Z,1782207419,ramp_1,450.0,6.822290909091023e-06,{}
6,B,Garbage Collection Pauses (Java vs Go),go_inventory,go,inventory,order-go-twin:9083,order-go-twin:9083,2026-06-23 15:06:59,2026-06-23T09:36:59Z,1782207419,ramp_1,450.0,1.1705787167506261e-06,{}
6,B,Garbage Collection Pauses (Java vs Go),go_inventory,go,inventory,warehouse-go:8084,warehouse-go:8084,2026-06-23 15:06:59,2026-06-23T09:36:59Z,1782207419,ramp_1,450.0,2.9409090909093824e-06,{}
6,B,Garbage Collection Pauses (Java vs Go),go_inventory,go,inventory,inventory-go-twin:9082,inventory-go-twin:9082,2026-06-23 15:07:14,2026-06-23T09:37:14Z,1782207434,ramp_1,465.0,8.594327272727252e-06,{}
6,B,Garbage Collection Pauses (Java vs Go),go_inventory,go,inventory,order-go-twin:9083,order-go-twin:9083,2026-06-23 15:07:14,2026-06-23T09:37:14Z,1782207434,ramp_1,465.0,1.1706212840233677e-06,{}
6,B,Garbage Collection Pauses (Java vs Go),go_inventory,go,inventory,warehouse-go:8084,warehouse-go:8084,2026-06-23 15:07:14,2026-06-23T09:37:14Z,1782207434,ramp_1,465.0,2.3136545454544524e-06,{}
6,B,Garbage Collection Pauses (Java vs Go),go_inventory,go,inventory,inventory-go-twin:9082,inventory-go-twin:9082,2026-06-23 15:07:29,2026-06-23T09:37:29Z,1782207449,ramp_1,480.0,1.0542636363636533e-05,{}
6,B,Garbage Collection Pauses (Java vs Go),go_inventory,go,inventory,order-go-twin:9083,order-go-twin:9083,2026-06-23 15:07:29,2026-06-23T09:37:29Z,1782207449,ramp_1,480.0,1.1706212840233677e-06,{}
6,B,Garbage Collection Pauses (Java vs Go),go_inventory,go,inventory,warehouse-go:8084,warehouse-go:8084,2026-06-23 15:07:29,2026-06-23T09:37:29Z,1782207449,ramp_1,480.0,4.7634000000003464e-06,{}
6,B,Garbage Collection Pauses (Java vs Go),go_inventory,go,inventory,inventory-go-twin:9082,inventory-go-twin:9082,2026-06-23 15:07:44,2026-06-23T09:37:44Z,1782207464,ramp_1,495.0,9.837090909091027e-06,{}
6,B,Garbage Collection Pauses (Java vs Go),go_inventory,go,inventory,order-go-twin:9083,order-go-twin:9083,2026-06-23 15:07:44,2026-06-23T09:37:44Z,1782207464,ramp_1,495.0,0.0,{}
6,B,Garbage Collection Pauses (Java vs Go),go_inventory,go,inventory,warehouse-go:8084,warehouse-go:8084,2026-06-23 15:07:44,2026-06-23T09:37:44Z,1782207464,ramp_1,495.0,4.7634000000003464e-06,{}
6,B,Garbage Collection Pauses (Java vs Go),go_inventory,go,inventory,inventory-go-twin:9082,inventory-go-twin:9082,2026-06-23 15:07:59,2026-06-23T09:37:59Z,1782207479,ramp_1,510.0,9.481418181818034e-06,{}
6,B,Garbage Collection Pauses (Java vs Go),go_inventory,go,inventory,order-go-twin:9083,order-go-twin:9083,2026-06-23 15:07:59,2026-06-23T09:37:59Z,1782207479,ramp_1,510.0,7.064492081675091e-07,{}
6,B,Garbage Collection Pauses (Java vs Go),go_inventory,go,inventory,warehouse-go:8084,warehouse-go:8084,2026-06-23 15:07:59,2026-06-23T09:37:59Z,1782207479,ramp_1,510.0,4.877672727272978e-06,{}
6,B,Garbage Collection Pauses (Java vs Go),go_inventory,go,inventory,inventory-go-twin:9082,inventory-go-twin:9082,2026-06-23 15:08:14,2026-06-23T09:38:14Z,1782207494,ramp_1,525.0,7.493627156857475e-06,{}
6,B,Garbage Collection Pauses (Java vs Go),go_inventory,go,inventory,order-go-twin:9083,order-go-twin:9083,2026-06-23 15:08:14,2026-06-23T09:38:14Z,1782207494,ramp_1,525.0,7.064363636364514e-07,{}
6,B,Garbage Collection Pauses (Java vs Go),go_inventory,go,inventory,warehouse-go:8084,warehouse-go:8084,2026-06-23 15:08:14,2026-06-23T09:38:14Z,1782207494,ramp_1,525.0,6.706400000000556e-06,{}
6,B,Garbage Collection Pauses (Java vs Go),go_inventory,go,inventory,inventory-go-twin:9082,inventory-go-twin:9082,2026-06-23 15:08:29,2026-06-23T09:38:29Z,1782207509,ramp_1,540.0,1.793910909090918e-05,{}
6,B,Garbage Collection Pauses (Java vs Go),go_inventory,go,inventory,order-go-twin:9083,order-go-twin:9083,2026-06-23 15:08:29,2026-06-23T09:38:29Z,1782207509,ramp_1,540.0,7.064492081675091e-07,{}
6,B,Garbage Collection Pauses (Java vs Go),go_inventory,go,inventory,warehouse-go:8084,warehouse-go:8084,2026-06-23 15:08:29,2026-06-23T09:38:29Z,1782207509,ramp_1,540.0,5.4825636363639316e-06,{}
6,B,Garbage Collection Pauses (Java vs Go),go_inventory,go,inventory,inventory-go-twin:9082,inventory-go-twin:9082,2026-06-23 15:08:44,2026-06-23T09:38:44Z,1782207524,ramp_1,555.0,1.9277145454545498e-05,{}
6,B,Garbage Collection Pauses (Java vs Go),go_inventory,go,inventory,order-go-twin:9083,order-go-twin:9083,2026-06-23 15:08:44,2026-06-23T09:38:44Z,1782207524,ramp_1,555.0,7.064363636364514e-07,{}
6,B,Garbage Collection Pauses (Java vs Go),go_inventory,go,inventory,warehouse-go:8084,warehouse-go:8084,2026-06-23 15:08:44,2026-06-23T09:38:44Z,1782207524,ramp_1,555.0,4.001090909091307e-06,{}
6,B,Garbage Collection Pauses (Java vs Go),go_inventory,go,inventory,inventory-go-twin:9082,inventory-go-twin:9082,2026-06-23 15:08:59,2026-06-23T09:38:59Z,1782207539,ramp_1,570.0,2.0229490909091046e-05,{}
6,B,Garbage Collection Pauses (Java vs Go),go_inventory,go,inventory,order-go-twin:9083,order-go-twin:9083,2026-06-23 15:08:59,2026-06-23T09:38:59Z,1782207539,ramp_1,570.0,4.4084437898855735e-07,{}
6,B,Garbage Collection Pauses (Java vs Go),go_inventory,go,inventory,warehouse-go:8084,warehouse-go:8084,2026-06-23 15:08:59,2026-06-23T09:38:59Z,1782207539,ramp_1,570.0,2.172403134602541e-06,{}
6,B,Garbage Collection Pauses (Java vs Go),go_inventory,go,inventory,inventory-go-twin:9082,inventory-go-twin:9082,2026-06-23 15:09:14,2026-06-23T09:39:14Z,1782207554,ramp_1,585.0,1.94844363636363e-05,{}
6,B,Garbage Collection Pauses (Java vs Go),go_inventory,go,inventory,order-go-twin:9083,order-go-twin:9083,2026-06-23 15:09:14,2026-06-23T09:39:14Z,1782207554,ramp_1,585.0,4.40836363636212e-07,{}
6,B,Garbage Collection Pauses (Java vs Go),go_inventory,go,inventory,warehouse-go:8084,warehouse-go:8084,2026-06-23 15:09:14,2026-06-23T09:39:14Z,1782207554,ramp_1,585.0,5.100818181817553e-06,{}
6,B,Garbage Collection Pauses (Java vs Go),go_inventory,go,inventory,inventory-go-twin:9082,inventory-go-twin:9082,2026-06-23 15:09:29,2026-06-23T09:39:29Z,1782207569,ramp_2,600.0,7.2543090909091525e-06,{}
6,B,Garbage Collection Pauses (Java vs Go),go_inventory,go,inventory,order-go-twin:9083,order-go-twin:9083,2026-06-23 15:09:29,2026-06-23T09:39:29Z,1782207569,ramp_2,600.0,4.40836363636212e-07,{}
6,B,Garbage Collection Pauses (Java vs Go),go_inventory,go,inventory,warehouse-go:8084,warehouse-go:8084,2026-06-23 15:09:29,2026-06-23T09:39:29Z,1782207569,ramp_2,600.0,2.928454545453823e-06,{}
6,B,Garbage Collection Pauses (Java vs Go),go_inventory,go,inventory,inventory-go-twin:9082,inventory-go-twin:9082,2026-06-23 15:09:44,2026-06-23T09:39:44Z,1782207584,ramp_2,615.0,9.332599999999964e-06,{}
6,B,Garbage Collection Pauses (Java vs Go),go_inventory,go,inventory,order-go-twin:9083,order-go-twin:9083,2026-06-23 15:09:44,2026-06-23T09:39:44Z,1782207584,ramp_2,615.0,4.4082834857532887e-07,{}
6,B,Garbage Collection Pauses (Java vs Go),go_inventory,go,inventory,warehouse-go:8084,warehouse-go:8084,2026-06-23 15:09:44,2026-06-23T09:39:44Z,1782207584,ramp_2,615.0,3.488627479499985e-06,{}
6,B,Garbage Collection Pauses (Java vs Go),go_inventory,go,inventory,inventory-go-twin:9082,inventory-go-twin:9082,2026-06-23 15:09:59,2026-06-23T09:39:59Z,1782207599,ramp_2,630.0,7.747909090908984e-06,{}
6,B,Garbage Collection Pauses (Java vs Go),go_inventory,go,inventory,order-go-twin:9083,order-go-twin:9083,2026-06-23 15:09:59,2026-06-23T09:39:59Z,1782207599,ramp_2,630.0,0.0,{}
6,B,Garbage Collection Pauses (Java vs Go),go_inventory,go,inventory,warehouse-go:8084,warehouse-go:8084,2026-06-23 15:09:59,2026-06-23T09:39:59Z,1782207599,ramp_2,630.0,4.883854545454571e-06,{}
6,B,Garbage Collection Pauses (Java vs Go),go_inventory,go,inventory,inventory-go-twin:9082,inventory-go-twin:9082,2026-06-23 15:10:14,2026-06-23T09:40:14Z,1782207614,ramp_2,645.0,9.27925454545458e-06,{}
6,B,Garbage Collection Pauses (Java vs Go),go_inventory,go,inventory,order-go-twin:9083,order-go-twin:9083,2026-06-23 15:10:14,2026-06-23T09:40:14Z,1782207614,ramp_2,645.0,9.01945454545583e-07,{}
6,B,Garbage Collection Pauses (Java vs Go),go_inventory,go,inventory,warehouse-go:8084,warehouse-go:8084,2026-06-23 15:10:14,2026-06-23T09:40:14Z,1782207614,ramp_2,645.0,1.955400000000748e-06,{}
6,B,Garbage Collection Pauses (Java vs Go),go_inventory,go,inventory,inventory-go-twin:9082,inventory-go-twin:9082,2026-06-23 15:10:29,2026-06-23T09:40:29Z,1782207629,ramp_2,660.0,8.615618181818057e-06,{}
6,B,Garbage Collection Pauses (Java vs Go),go_inventory,go,inventory,order-go-twin:9083,order-go-twin:9083,2026-06-23 15:10:29,2026-06-23T09:40:29Z,1782207629,ramp_2,660.0,9.01945454545583e-07,{}
6,B,Garbage Collection Pauses (Java vs Go),go_inventory,go,inventory,warehouse-go:8084,warehouse-go:8084,2026-06-23 15:10:29,2026-06-23T09:40:29Z,1782207629,ramp_2,660.0,2.6456545454553193e-06,{}
6,B,Garbage Collection Pauses (Java vs Go),go_inventory,go,inventory,inventory-go-twin:9082,inventory-go-twin:9082,2026-06-23 15:10:44,2026-06-23T09:40:44Z,1782207644,ramp_2,675.0,1.0437363636363454e-05,{}
6,B,Garbage Collection Pauses (Java vs Go),go_inventory,go,inventory,order-go-twin:9083,order-go-twin:9083,2026-06-23 15:10:44,2026-06-23T09:40:44Z,1782207644,ramp_2,675.0,9.01945454545583e-07,{}
6,B,Garbage Collection Pauses (Java vs Go),go_inventory,go,inventory,warehouse-go:8084,warehouse-go:8084,2026-06-23 15:10:44,2026-06-23T09:40:44Z,1782207644,ramp_2,675.0,3.4980181818184354e-06,{}
6,B,Garbage Collection Pauses (Java vs Go),go_inventory,go,inventory,inventory-go-twin:9082,inventory-go-twin:9082,2026-06-23 15:10:59,2026-06-23T09:40:59Z,1782207659,ramp_2,690.0,1.06431818181818e-05,{}
6,B,Garbage Collection Pauses (Java vs Go),go_inventory,go,inventory,order-go-twin:9083,order-go-twin:9083,2026-06-23 15:10:59,2026-06-23T09:40:59Z,1782207659,ramp_2,690.0,0.0,{}
6,B,Garbage Collection Pauses (Java vs Go),go_inventory,go,inventory,warehouse-go:8084,warehouse-go:8084,2026-06-23 15:10:59,2026-06-23T09:40:59Z,1782207659,ramp_2,690.0,2.102854545454386e-06,{}
6,B,Garbage Collection Pauses (Java vs Go),go_inventory,go,inventory,inventory-go-twin:9082,inventory-go-twin:9082,2026-06-23 15:11:14,2026-06-23T09:41:14Z,1782207674,ramp_2,705.0,1.128681296703693e-05,{}
6,B,Garbage Collection Pauses (Java vs Go),go_inventory,go,inventory,order-go-twin:9083,order-go-twin:9083,2026-06-23 15:11:14,2026-06-23T09:41:14Z,1782207674,ramp_2,705.0,1.1993636363636574e-06,{}
6,B,Garbage Collection Pauses (Java vs Go),go_inventory,go,inventory,warehouse-go:8084,warehouse-go:8084,2026-06-23 15:11:14,2026-06-23T09:41:14Z,1782207674,ramp_2,705.0,2.618199999999076e-06,{}
6,B,Garbage Collection Pauses (Java vs Go),go_inventory,go,inventory,inventory-go-twin:9082,inventory-go-twin:9082,2026-06-23 15:11:29,2026-06-23T09:41:29Z,1782207689,ramp_2,720.0,9.206054545454504e-06,{}
6,B,Garbage Collection Pauses (Java vs Go),go_inventory,go,inventory,order-go-twin:9083,order-go-twin:9083,2026-06-23 15:11:29,2026-06-23T09:41:29Z,1782207689,ramp_2,720.0,1.1993636363636574e-06,{}
6,B,Garbage Collection Pauses (Java vs Go),go_inventory,go,inventory,warehouse-go:8084,warehouse-go:8084,2026-06-23 15:11:29,2026-06-23T09:41:29Z,1782207689,ramp_2,720.0,2.426272727271896e-06,{}
6,B,Garbage Collection Pauses (Java vs Go),go_inventory,go,inventory,inventory-go-twin:9082,inventory-go-twin:9082,2026-06-23 15:11:44,2026-06-23T09:41:44Z,1782207704,ramp_2,735.0,7.409189257986621e-06,{}
6,B,Garbage Collection Pauses (Java vs Go),go_inventory,go,inventory,order-go-twin:9083,order-go-twin:9083,2026-06-23 15:11:44,2026-06-23T09:41:44Z,1782207704,ramp_2,735.0,1.1993636363636574e-06,{}
6,B,Garbage Collection Pauses (Java vs Go),go_inventory,go,inventory,warehouse-go:8084,warehouse-go:8084,2026-06-23 15:11:44,2026-06-23T09:41:44Z,1782207704,ramp_2,735.0,1.0136727272720818e-06,{}
6,B,Garbage Collection Pauses (Java vs Go),go_inventory,go,inventory,inventory-go-twin:9082,inventory-go-twin:9082,2026-06-23 15:11:59,2026-06-23T09:41:59Z,1782207719,ramp_2,750.0,1.0555591919853101e-05,{}
6,B,Garbage Collection Pauses (Java vs Go),go_inventory,go,inventory,order-go-twin:9083,order-go-twin:9083,2026-06-23 15:11:59,2026-06-23T09:41:59Z,1782207719,ramp_2,750.0,1.1993636363636574e-06,{}
6,B,Garbage Collection Pauses (Java vs Go),go_inventory,go,inventory,warehouse-go:8084,warehouse-go:8084,2026-06-23 15:11:59,2026-06-23T09:41:59Z,1782207719,ramp_2,750.0,1.0136727272720818e-06,{}
6,B,Garbage Collection Pauses (Java vs Go),go_inventory,go,inventory,inventory-go-twin:9082,inventory-go-twin:9082,2026-06-23 15:12:14,2026-06-23T09:42:14Z,1782207734,ramp_2,765.0,1.3152036363636205e-05,{}
6,B,Garbage Collection Pauses (Java vs Go),go_inventory,go,inventory,order-go-twin:9083,order-go-twin:9083,2026-06-23 15:12:14,2026-06-23T09:42:14Z,1782207734,ramp_2,765.0,1.2287636363635743e-06,{}
6,B,Garbage Collection Pauses (Java vs Go),go_inventory,go,inventory,warehouse-go:8084,warehouse-go:8084,2026-06-23 15:12:14,2026-06-23T09:42:14Z,1782207734,ramp_2,765.0,3.1963272727273595e-06,{}
6,B,Garbage Collection Pauses (Java vs Go),go_inventory,go,inventory,inventory-go-twin:9082,inventory-go-twin:9082,2026-06-23 15:12:29,2026-06-23T09:42:29Z,1782207749,ramp_2,780.0,1.4306800000000124e-05,{}
6,B,Garbage Collection Pauses (Java vs Go),go_inventory,go,inventory,order-go-twin:9083,order-go-twin:9083,2026-06-23 15:12:29,2026-06-23T09:42:29Z,1782207749,ramp_2,780.0,1.2287636363635743e-06,{}
6,B,Garbage Collection Pauses (Java vs Go),go_inventory,go,inventory,warehouse-go:8084,warehouse-go:8084,2026-06-23 15:12:29,2026-06-23T09:42:29Z,1782207749,ramp_2,780.0,4.143709090909109e-06,{}
6,B,Garbage Collection Pauses (Java vs Go),go_inventory,go,inventory,inventory-go-twin:9082,inventory-go-twin:9082,2026-06-23 15:12:44,2026-06-23T09:42:44Z,1782207764,ramp_2,795.0,1.4674563636363718e-05,{}
6,B,Garbage Collection Pauses (Java vs Go),go_inventory,go,inventory,order-go-twin:9083,order-go-twin:9083,2026-06-23 15:12:44,2026-06-23T09:42:44Z,1782207764,ramp_2,795.0,1.228741295612745e-06,{}
6,B,Garbage Collection Pauses (Java vs Go),go_inventory,go,inventory,warehouse-go:8084,warehouse-go:8084,2026-06-23 15:12:44,2026-06-23T09:42:44Z,1782207764,ramp_2,795.0,4.143709090909109e-06,{}
6,B,Garbage Collection Pauses (Java vs Go),go_inventory,go,inventory,inventory-go-twin:9082,inventory-go-twin:9082,2026-06-23 15:12:59,2026-06-23T09:42:59Z,1782207779,ramp_2,810.0,1.4057435319357867e-05,{}
6,B,Garbage Collection Pauses (Java vs Go),go_inventory,go,inventory,order-go-twin:9083,order-go-twin:9083,2026-06-23 15:12:59,2026-06-23T09:42:59Z,1782207779,ramp_2,810.0,1.2287636363635743e-06,{}
6,B,Garbage Collection Pauses (Java vs Go),go_inventory,go,inventory,warehouse-go:8084,warehouse-go:8084,2026-06-23 15:12:59,2026-06-23T09:42:59Z,1782207779,ramp_2,810.0,2.0671272727272467e-06,{}
6,B,Garbage Collection Pauses (Java vs Go),go_inventory,go,inventory,inventory-go-twin:9082,inventory-go-twin:9082,2026-06-23 15:13:14,2026-06-23T09:43:14Z,1782207794,ramp_2,825.0,1.2507709090909207e-05,{}
6,B,Garbage Collection Pauses (Java vs Go),go_inventory,go,inventory,order-go-twin:9083,order-go-twin:9083,2026-06-23 15:13:14,2026-06-23T09:43:14Z,1782207794,ramp_2,825.0,0.0,{}
6,B,Garbage Collection Pauses (Java vs Go),go_inventory,go,inventory,warehouse-go:8084,warehouse-go:8084,2026-06-23 15:13:14,2026-06-23T09:43:14Z,1782207794,ramp_2,825.0,3.3664363636367396e-06,{}
6,B,Garbage Collection Pauses (Java vs Go),go_inventory,go,inventory,inventory-go-twin:9082,inventory-go-twin:9082,2026-06-23 15:13:29,2026-06-23T09:43:29Z,1782207809,ramp_2,840.0,1.0610381818181908e-05,{}
6,B,Garbage Collection Pauses (Java vs Go),go_inventory,go,inventory,order-go-twin:9083,order-go-twin:9083,2026-06-23 15:13:29,2026-06-23T09:43:29Z,1782207809,ramp_2,840.0,1.389163636363675e-06,{}
6,B,Garbage Collection Pauses (Java vs Go),go_inventory,go,inventory,warehouse-go:8084,warehouse-go:8084,2026-06-23 15:13:29,2026-06-23T09:43:29Z,1782207809,ramp_2,840.0,1.9207272727275987e-06,{}
6,B,Garbage Collection Pauses (Java vs Go),go_inventory,go,inventory,inventory-go-twin:9082,inventory-go-twin:9082,2026-06-23 15:13:44,2026-06-23T09:43:44Z,1782207824,ramp_2,855.0,9.526163636363655e-06,{}
6,B,Garbage Collection Pauses (Java vs Go),go_inventory,go,inventory,order-go-twin:9083,order-go-twin:9083,2026-06-23 15:13:44,2026-06-23T09:43:44Z,1782207824,ramp_2,855.0,1.389163636363675e-06,{}
6,B,Garbage Collection Pauses (Java vs Go),go_inventory,go,inventory,warehouse-go:8084,warehouse-go:8084,2026-06-23 15:13:44,2026-06-23T09:43:44Z,1782207824,ramp_2,855.0,2.765727272727422e-06,{}
6,B,Garbage Collection Pauses (Java vs Go),go_inventory,go,inventory,inventory-go-twin:9082,inventory-go-twin:9082,2026-06-23 15:13:59,2026-06-23T09:43:59Z,1782207839,ramp_2,870.0,1.2644127272727243e-05,{}
6,B,Garbage Collection Pauses (Java vs Go),go_inventory,go,inventory,order-go-twin:9083,order-go-twin:9083,2026-06-23 15:13:59,2026-06-23T09:43:59Z,1782207839,ramp_2,870.0,1.389163636363675e-06,{}
6,B,Garbage Collection Pauses (Java vs Go),go_inventory,go,inventory,warehouse-go:8084,warehouse-go:8084,2026-06-23 15:13:59,2026-06-23T09:43:59Z,1782207839,ramp_2,870.0,2.765727272727422e-06,{}
6,B,Garbage Collection Pauses (Java vs Go),go_inventory,go,inventory,inventory-go-twin:9082,inventory-go-twin:9082,2026-06-23 15:14:14,2026-06-23T09:44:14Z,1782207854,ramp_2,885.0,1.5134563636363573e-05,{}
6,B,Garbage Collection Pauses (Java vs Go),go_inventory,go,inventory,order-go-twin:9083,order-go-twin:9083,2026-06-23 15:14:14,2026-06-23T09:44:14Z,1782207854,ramp_2,885.0,0.0,{}
6,B,Garbage Collection Pauses (Java vs Go),go_inventory,go,inventory,warehouse-go:8084,warehouse-go:8084,2026-06-23 15:14:14,2026-06-23T09:44:14Z,1782207854,ramp_2,885.0,1.466418181817929e-06,{}
6,B,Garbage Collection Pauses (Java vs Go),go_inventory,go,inventory,inventory-go-twin:9082,inventory-go-twin:9082,2026-06-23 15:14:29,2026-06-23T09:44:29Z,1782207869,ramp_3,900.0,2.150856363636347e-05,{}
6,B,Garbage Collection Pauses (Java vs Go),go_inventory,go,inventory,order-go-twin:9083,order-go-twin:9083,2026-06-23 15:14:29,2026-06-23T09:44:29Z,1782207869,ramp_3,900.0,2.6213636363635705e-06,{}
6,B,Garbage Collection Pauses (Java vs Go),go_inventory,go,inventory,warehouse-go:8084,warehouse-go:8084,2026-06-23 15:14:29,2026-06-23T09:44:29Z,1782207869,ramp_3,900.0,0.0,{}
6,B,Garbage Collection Pauses (Java vs Go),go_inventory,go,inventory,inventory-go-twin:9082,inventory-go-twin:9082,2026-06-23 15:14:44,2026-06-23T09:44:44Z,1782207884,ramp_3,915.0,2.1413945454545637e-05,{}
6,B,Garbage Collection Pauses (Java vs Go),go_inventory,go,inventory,order-go-twin:9083,order-go-twin:9083,2026-06-23 15:14:44,2026-06-23T09:44:44Z,1782207884,ramp_3,915.0,2.621411298387178e-06,{}
6,B,Garbage Collection Pauses (Java vs Go),go_inventory,go,inventory,warehouse-go:8084,warehouse-go:8084,2026-06-23 15:14:44,2026-06-23T09:44:44Z,1782207884,ramp_3,915.0,1.5427818181817425e-06,{}
6,B,Garbage Collection Pauses (Java vs Go),go_inventory,go,inventory,inventory-go-twin:9082,inventory-go-twin:9082,2026-06-23 15:14:59,2026-06-23T09:44:59Z,1782207899,ramp_3,930.0,1.8788545454545304e-05,{}
6,B,Garbage Collection Pauses (Java vs Go),go_inventory,go,inventory,order-go-twin:9083,order-go-twin:9083,2026-06-23 15:14:59,2026-06-23T09:44:59Z,1782207899,ramp_3,930.0,2.6213636363635705e-06,{}
6,B,Garbage Collection Pauses (Java vs Go),go_inventory,go,inventory,warehouse-go:8084,warehouse-go:8084,2026-06-23 15:14:59,2026-06-23T09:44:59Z,1782207899,ramp_3,930.0,1.5427818181817425e-06,{}
6,B,Garbage Collection Pauses (Java vs Go),go_inventory,go,inventory,inventory-go-twin:9082,inventory-go-twin:9082,2026-06-23 15:15:14,2026-06-23T09:45:14Z,1782207914,ramp_3,945.0,1.6996909090909045e-05,{}
6,B,Garbage Collection Pauses (Java vs Go),go_inventory,go,inventory,order-go-twin:9083,order-go-twin:9083,2026-06-23 15:15:14,2026-06-23T09:45:14Z,1782207914,ramp_3,945.0,2.6213636363635705e-06,{}
6,B,Garbage Collection Pauses (Java vs Go),go_inventory,go,inventory,warehouse-go:8084,warehouse-go:8084,2026-06-23 15:15:14,2026-06-23T09:45:14Z,1782207914,ramp_3,945.0,2.8886181818187462e-06,{}
6,B,Garbage Collection Pauses (Java vs Go),go_inventory,go,inventory,inventory-go-twin:9082,inventory-go-twin:9082,2026-06-23 15:15:29,2026-06-23T09:45:29Z,1782207929,ramp_3,960.0,1.7711127272727256e-05,{}
6,B,Garbage Collection Pauses (Java vs Go),go_inventory,go,inventory,order-go-twin:9083,order-go-twin:9083,2026-06-23 15:15:29,2026-06-23T09:45:29Z,1782207929,ramp_3,960.0,1.0781818181817862e-06,{}
6,B,Garbage Collection Pauses (Java vs Go),go_inventory,go,inventory,warehouse-go:8084,warehouse-go:8084,2026-06-23 15:15:29,2026-06-23T09:45:29Z,1782207929,ramp_3,960.0,1.3458363636370035e-06,{}
6,B,Garbage Collection Pauses (Java vs Go),go_inventory,go,inventory,inventory-go-twin:9082,inventory-go-twin:9082,2026-06-23 15:15:44,2026-06-23T09:45:44Z,1782207944,ramp_3,975.0,2.3803032782414206e-05,{}
6,B,Garbage Collection Pauses (Java vs Go),go_inventory,go,inventory,order-go-twin:9083,order-go-twin:9083,2026-06-23 15:15:44,2026-06-23T09:45:44Z,1782207944,ramp_3,975.0,1.0781818181817862e-06,{}
6,B,Garbage Collection Pauses (Java vs Go),go_inventory,go,inventory,warehouse-go:8084,warehouse-go:8084,2026-06-23 15:15:44,2026-06-23T09:45:44Z,1782207944,ramp_3,975.0,2.0945636363638037e-06,{}
6,B,Garbage Collection Pauses (Java vs Go),go_inventory,go,inventory,inventory-go-twin:9082,inventory-go-twin:9082,2026-06-23 15:15:59,2026-06-23T09:45:59Z,1782207959,ramp_3,990.0,2.7168290909090895e-05,{}
6,B,Garbage Collection Pauses (Java vs Go),go_inventory,go,inventory,order-go-twin:9083,order-go-twin:9083,2026-06-23 15:15:59,2026-06-23T09:45:59Z,1782207959,ramp_3,990.0,1.0782014218440017e-06,{}
6,B,Garbage Collection Pauses (Java vs Go),go_inventory,go,inventory,warehouse-go:8084,warehouse-go:8084,2026-06-23 15:15:59,2026-06-23T09:45:59Z,1782207959,ramp_3,990.0,7.487272727268003e-07,{}
6,B,Garbage Collection Pauses (Java vs Go),go_inventory,go,inventory,inventory-go-twin:9082,inventory-go-twin:9082,2026-06-23 15:16:14,2026-06-23T09:46:14Z,1782207974,ramp_3,1005.0,2.7809872727272876e-05,{}
6,B,Garbage Collection Pauses (Java vs Go),go_inventory,go,inventory,order-go-twin:9083,order-go-twin:9083,2026-06-23 15:16:14,2026-06-23T09:46:14Z,1782207974,ramp_3,1005.0,1.0781818181817862e-06,{}
6,B,Garbage Collection Pauses (Java vs Go),go_inventory,go,inventory,warehouse-go:8084,warehouse-go:8084,2026-06-23 15:16:14,2026-06-23T09:46:14Z,1782207974,ramp_3,1005.0,7.487272727268003e-07,{}
6,B,Garbage Collection Pauses (Java vs Go),go_inventory,go,inventory,inventory-go-twin:9082,inventory-go-twin:9082,2026-06-23 15:16:29,2026-06-23T09:46:29Z,1782207989,ramp_3,1020.0,2.2104563636363653e-05,{}
6,B,Garbage Collection Pauses (Java vs Go),go_inventory,go,inventory,order-go-twin:9083,order-go-twin:9083,2026-06-23 15:16:29,2026-06-23T09:46:29Z,1782207989,ramp_3,1020.0,0.0,{}
6,B,Garbage Collection Pauses (Java vs Go),go_inventory,go,inventory,warehouse-go:8084,warehouse-go:8084,2026-06-23 15:16:29,2026-06-23T09:46:29Z,1782207989,ramp_3,1020.0,7.487272727268003e-07,{}
6,B,Garbage Collection Pauses (Java vs Go),go_inventory,go,inventory,inventory-go-twin:9082,inventory-go-twin:9082,2026-06-23 15:16:44,2026-06-23T09:46:44Z,1782208004,ramp_3,1035.0,2.1219527272727346e-05,{}
6,B,Garbage Collection Pauses (Java vs Go),go_inventory,go,inventory,order-go-twin:9083,order-go-twin:9083,2026-06-23 15:16:44,2026-06-23T09:46:44Z,1782208004,ramp_3,1035.0,2.346345454545565e-06,{}
6,B,Garbage Collection Pauses (Java vs Go),go_inventory,go,inventory,warehouse-go:8084,warehouse-go:8084,2026-06-23 15:16:44,2026-06-23T09:46:44Z,1782208004,ramp_3,1035.0,0.0,{}
6,B,Garbage Collection Pauses (Java vs Go),go_inventory,go,inventory,inventory-go-twin:9082,inventory-go-twin:9082,2026-06-23 15:16:59,2026-06-23T09:46:59Z,1782208019,ramp_3,1050.0,2.1531927272727428e-05,{}
6,B,Garbage Collection Pauses (Java vs Go),go_inventory,go,inventory,order-go-twin:9083,order-go-twin:9083,2026-06-23 15:16:59,2026-06-23T09:46:59Z,1782208019,ramp_3,1050.0,2.346388116147677e-06,{}
6,B,Garbage Collection Pauses (Java vs Go),go_inventory,go,inventory,warehouse-go:8084,warehouse-go:8084,2026-06-23 15:16:59,2026-06-23T09:46:59Z,1782208019,ramp_3,1050.0,1.5414909090910083e-06,{}
6,B,Garbage Collection Pauses (Java vs Go),go_inventory,go,inventory,inventory-go-twin:9082,inventory-go-twin:9082,2026-06-23 15:17:14,2026-06-23T09:47:14Z,1782208034,ramp_3,1065.0,2.3095381818181613e-05,{}
6,B,Garbage Collection Pauses (Java vs Go),go_inventory,go,inventory,order-go-twin:9083,order-go-twin:9083,2026-06-23 15:17:14,2026-06-23T09:47:14Z,1782208034,ramp_3,1065.0,2.346388116147677e-06,{}
6,B,Garbage Collection Pauses (Java vs Go),go_inventory,go,inventory,warehouse-go:8084,warehouse-go:8084,2026-06-23 15:17:14,2026-06-23T09:47:14Z,1782208034,ramp_3,1065.0,1.541462882493145e-06,{}
6,B,Garbage Collection Pauses (Java vs Go),go_inventory,go,inventory,inventory-go-twin:9082,inventory-go-twin:9082,2026-06-23 15:17:29,2026-06-23T09:47:29Z,1782208049,ramp_3,1080.0,2.5068928525973267e-05,{}
6,B,Garbage Collection Pauses (Java vs Go),go_inventory,go,inventory,order-go-twin:9083,order-go-twin:9083,2026-06-23 15:17:29,2026-06-23T09:47:29Z,1782208049,ramp_3,1080.0,0.0,{}
6,B,Garbage Collection Pauses (Java vs Go),go_inventory,go,inventory,warehouse-go:8084,warehouse-go:8084,2026-06-23 15:17:29,2026-06-23T09:47:29Z,1782208049,ramp_3,1080.0,1.5414909090910083e-06,{}
6,B,Garbage Collection Pauses (Java vs Go),go_inventory,go,inventory,inventory-go-twin:9082,inventory-go-twin:9082,2026-06-23 15:17:44,2026-06-23T09:47:44Z,1782208064,ramp_3,1095.0,2.6985891165615277e-05,{}
6,B,Garbage Collection Pauses (Java vs Go),go_inventory,go,inventory,order-go-twin:9083,order-go-twin:9083,2026-06-23 15:17:44,2026-06-23T09:47:44Z,1782208064,ramp_3,1095.0,5.759818181816872e-07,{}
6,B,Garbage Collection Pauses (Java vs Go),go_inventory,go,inventory,warehouse-go:8084,warehouse-go:8084,2026-06-23 15:17:44,2026-06-23T09:47:44Z,1782208064,ramp_3,1095.0,2.153072727272377e-06,{}
6,B,Garbage Collection Pauses (Java vs Go),go_inventory,go,inventory,inventory-go-twin:9082,inventory-go-twin:9082,2026-06-23 15:17:59,2026-06-23T09:47:59Z,1782208079,ramp_3,1110.0,2.6513381818181847e-05,{}
6,B,Garbage Collection Pauses (Java vs Go),go_inventory,go,inventory,order-go-twin:9083,order-go-twin:9083,2026-06-23 15:17:59,2026-06-23T09:47:59Z,1782208079,ramp_3,1110.0,5.759713459753968e-07,{}
6,B,Garbage Collection Pauses (Java vs Go),go_inventory,go,inventory,warehouse-go:8084,warehouse-go:8084,2026-06-23 15:17:59,2026-06-23T09:47:59Z,1782208079,ramp_3,1110.0,6.115818181813685e-07,{}
6,B,Garbage Collection Pauses (Java vs Go),go_inventory,go,inventory,inventory-go-twin:9082,inventory-go-twin:9082,2026-06-23 15:18:14,2026-06-23T09:48:14Z,1782208094,ramp_3,1125.0,2.5457990145275287e-05,{}
6,B,Garbage Collection Pauses (Java vs Go),go_inventory,go,inventory,order-go-twin:9083,order-go-twin:9083,2026-06-23 15:18:14,2026-06-23T09:48:14Z,1782208094,ramp_3,1125.0,5.759713459753968e-07,{}
6,B,Garbage Collection Pauses (Java vs Go),go_inventory,go,inventory,warehouse-go:8084,warehouse-go:8084,2026-06-23 15:18:14,2026-06-23T09:48:14Z,1782208094,ramp_3,1125.0,6.115706987141192e-07,{}
6,B,Garbage Collection Pauses (Java vs Go),go_inventory,go,inventory,inventory-go-twin:9082,inventory-go-twin:9082,2026-06-23 15:18:29,2026-06-23T09:48:29Z,1782208109,ramp_3,1140.0,3.831772727272723e-05,{}
6,B,Garbage Collection Pauses (Java vs Go),go_inventory,go,inventory,order-go-twin:9083,order-go-twin:9083,2026-06-23 15:18:29,2026-06-23T09:48:29Z,1782208109,ramp_3,1140.0,5.759713459753968e-07,{}
6,B,Garbage Collection Pauses (Java vs Go),go_inventory,go,inventory,warehouse-go:8084,warehouse-go:8084,2026-06-23 15:18:29,2026-06-23T09:48:29Z,1782208109,ramp_3,1140.0,6.115818181813685e-07,{}
6,B,Garbage Collection Pauses (Java vs Go),go_inventory,go,inventory,inventory-go-twin:9082,inventory-go-twin:9082,2026-06-23 15:18:44,2026-06-23T09:48:44Z,1782208124,ramp_3,1155.0,3.9757400000000156e-05,{}
6,B,Garbage Collection Pauses (Java vs Go),go_inventory,go,inventory,order-go-twin:9083,order-go-twin:9083,2026-06-23 15:18:44,2026-06-23T09:48:44Z,1782208124,ramp_3,1155.0,5.091728940525854e-07,{}
6,B,Garbage Collection Pauses (Java vs Go),go_inventory,go,inventory,warehouse-go:8084,warehouse-go:8084,2026-06-23 15:18:44,2026-06-23T09:48:44Z,1782208124,ramp_3,1155.0,2.739236363636831e-06,{}
6,B,Garbage Collection Pauses (Java vs Go),go_inventory,go,inventory,inventory-go-twin:9082,inventory-go-twin:9082,2026-06-23 15:18:59,2026-06-23T09:48:59Z,1782208139,ramp_3,1170.0,3.8029982363315576e-05,{}
6,B,Garbage Collection Pauses (Java vs Go),go_inventory,go,inventory,order-go-twin:9083,order-go-twin:9083,2026-06-23 15:18:59,2026-06-23T09:48:59Z,1782208139,ramp_3,1170.0,5.091636363636026e-07,{}
6,B,Garbage Collection Pauses (Java vs Go),go_inventory,go,inventory,warehouse-go:8084,warehouse-go:8084,2026-06-23 15:18:59,2026-06-23T09:48:59Z,1782208139,ramp_3,1170.0,2.7391865602448267e-06,{}
6,B,Garbage Collection Pauses (Java vs Go),go_inventory,go,inventory,inventory-go-twin:9082,inventory-go-twin:9082,2026-06-23 15:19:14,2026-06-23T09:49:14Z,1782208154,ramp_3,1185.0,3.28883999999999e-05,{}
6,B,Garbage Collection Pauses (Java vs Go),go_inventory,go,inventory,order-go-twin:9083,order-go-twin:9083,2026-06-23 15:19:14,2026-06-23T09:49:14Z,1782208154,ramp_3,1185.0,5.091636363636026e-07,{}
6,B,Garbage Collection Pauses (Java vs Go),go_inventory,go,inventory,warehouse-go:8084,warehouse-go:8084,2026-06-23 15:19:14,2026-06-23T09:49:14Z,1782208154,ramp_3,1185.0,2.739236363636831e-06,{}
6,B,Garbage Collection Pauses (Java vs Go),go_inventory,go,inventory,inventory-go-twin:9082,inventory-go-twin:9082,2026-06-23 15:19:29,2026-06-23T09:49:29Z,1782208169,sustain,1200.0,2.070769090909091e-05,{}
6,B,Garbage Collection Pauses (Java vs Go),go_inventory,go,inventory,order-go-twin:9083,order-go-twin:9083,2026-06-23 15:19:29,2026-06-23T09:49:29Z,1782208169,sustain,1200.0,5.091636363636026e-07,{}
6,B,Garbage Collection Pauses (Java vs Go),go_inventory,go,inventory,warehouse-go:8084,warehouse-go:8084,2026-06-23 15:19:29,2026-06-23T09:49:29Z,1782208169,sustain,1200.0,2.7391865602448267e-06,{}
6,B,Garbage Collection Pauses (Java vs Go),go_inventory,go,inventory,inventory-go-twin:9082,inventory-go-twin:9082,2026-06-23 15:19:44,2026-06-23T09:49:44Z,1782208184,sustain,1215.0,2.5493427153220907e-05,{}
6,B,Garbage Collection Pauses (Java vs Go),go_inventory,go,inventory,order-go-twin:9083,order-go-twin:9083,2026-06-23 15:19:44,2026-06-23T09:49:44Z,1782208184,sustain,1215.0,3.161290909091018e-06,{}
6,B,Garbage Collection Pauses (Java vs Go),go_inventory,go,inventory,warehouse-go:8084,warehouse-go:8084,2026-06-23 15:19:44,2026-06-23T09:49:44Z,1782208184,sustain,1215.0,0.0,{}
6,B,Garbage Collection Pauses (Java vs Go),go_inventory,go,inventory,inventory-go-twin:9082,inventory-go-twin:9082,2026-06-23 15:19:59,2026-06-23T09:49:59Z,1782208199,sustain,1230.0,2.514083636363644e-05,{}
6,B,Garbage Collection Pauses (Java vs Go),go_inventory,go,inventory,order-go-twin:9083,order-go-twin:9083,2026-06-23 15:19:59,2026-06-23T09:49:59Z,1782208199,sustain,1230.0,3.1613483881526213e-06,{}
6,B,Garbage Collection Pauses (Java vs Go),go_inventory,go,inventory,warehouse-go:8084,warehouse-go:8084,2026-06-23 15:19:59,2026-06-23T09:49:59Z,1782208199,sustain,1230.0,1.0800545454547894e-06,{}
6,B,Garbage Collection Pauses (Java vs Go),go_inventory,go,inventory,inventory-go-twin:9082,inventory-go-twin:9082,2026-06-23 15:20:14,2026-06-23T09:50:14Z,1782208214,sustain,1245.0,3.0403752795505328e-05,{}
6,B,Garbage Collection Pauses (Java vs Go),go_inventory,go,inventory,order-go-twin:9083,order-go-twin:9083,2026-06-23 15:20:14,2026-06-23T09:50:14Z,1782208214,sustain,1245.0,3.161290909091018e-06,{}
6,B,Garbage Collection Pauses (Java vs Go),go_inventory,go,inventory,warehouse-go:8084,warehouse-go:8084,2026-06-23 15:20:14,2026-06-23T09:50:14Z,1782208214,sustain,1245.0,1.0800349084564538e-06,{}
6,B,Garbage Collection Pauses (Java vs Go),go_inventory,go,inventory,inventory-go-twin:9082,inventory-go-twin:9082,2026-06-23 15:20:29,2026-06-23T09:50:29Z,1782208229,sustain,1260.0,3.153329939455651e-05,{}
6,B,Garbage Collection Pauses (Java vs Go),go_inventory,go,inventory,order-go-twin:9083,order-go-twin:9083,2026-06-23 15:20:29,2026-06-23T09:50:29Z,1782208229,sustain,1260.0,3.161290909091018e-06,{}
6,B,Garbage Collection Pauses (Java vs Go),go_inventory,go,inventory,warehouse-go:8084,warehouse-go:8084,2026-06-23 15:20:29,2026-06-23T09:50:29Z,1782208229,sustain,1260.0,1.5794650811831022e-06,{}
6,B,Garbage Collection Pauses (Java vs Go),go_inventory,go,inventory,inventory-go-twin:9082,inventory-go-twin:9082,2026-06-23 15:20:44,2026-06-23T09:50:44Z,1782208244,sustain,1275.0,3.210834545454541e-05,{}
6,B,Garbage Collection Pauses (Java vs Go),go_inventory,go,inventory,order-go-twin:9083,order-go-twin:9083,2026-06-23 15:20:44,2026-06-23T09:50:44Z,1782208244,sustain,1275.0,0.0,{}
6,B,Garbage Collection Pauses (Java vs Go),go_inventory,go,inventory,warehouse-go:8084,warehouse-go:8084,2026-06-23 15:20:44,2026-06-23T09:50:44Z,1782208244,sustain,1275.0,3.17681818181794e-06,{}
6,B,Garbage Collection Pauses (Java vs Go),go_inventory,go,inventory,inventory-go-twin:9082,inventory-go-twin:9082,2026-06-23 15:20:59,2026-06-23T09:50:59Z,1782208259,sustain,1290.0,3.8932636363636386e-05,{}
6,B,Garbage Collection Pauses (Java vs Go),go_inventory,go,inventory,order-go-twin:9083,order-go-twin:9083,2026-06-23 15:20:59,2026-06-23T09:50:59Z,1782208259,sustain,1290.0,1.102252686314698e-06,{}
6,B,Garbage Collection Pauses (Java vs Go),go_inventory,go,inventory,warehouse-go:8084,warehouse-go:8084,2026-06-23 15:20:59,2026-06-23T09:50:59Z,1782208259,sustain,1290.0,2.0967636363631503e-06,{}
6,B,Garbage Collection Pauses (Java vs Go),go_inventory,go,inventory,inventory-go-twin:9082,inventory-go-twin:9082,2026-06-23 15:21:14,2026-06-23T09:51:14Z,1782208274,sustain,1305.0,3.911181818181826e-05,{}
6,B,Garbage Collection Pauses (Java vs Go),go_inventory,go,inventory,order-go-twin:9083,order-go-twin:9083,2026-06-23 15:21:14,2026-06-23T09:51:14Z,1782208274,sustain,1305.0,1.102252686314698e-06,{}
6,B,Garbage Collection Pauses (Java vs Go),go_inventory,go,inventory,warehouse-go:8084,warehouse-go:8084,2026-06-23 15:21:14,2026-06-23T09:51:14Z,1782208274,sustain,1305.0,1.5973818181817685e-06,{}
6,B,Garbage Collection Pauses (Java vs Go),go_inventory,go,inventory,inventory-go-twin:9082,inventory-go-twin:9082,2026-06-23 15:21:29,2026-06-23T09:51:29Z,1782208289,sustain,1320.0,4.0469090909090905e-05,{}
6,B,Garbage Collection Pauses (Java vs Go),go_inventory,go,inventory,order-go-twin:9083,order-go-twin:9083,2026-06-23 15:21:29,2026-06-23T09:51:29Z,1782208289,sustain,1320.0,1.102272727272631e-06,{}
6,B,Garbage Collection Pauses (Java vs Go),go_inventory,go,inventory,warehouse-go:8084,warehouse-go:8084,2026-06-23 15:21:29,2026-06-23T09:51:29Z,1782208289,sustain,1320.0,2.9400534555171342e-06,{}
6,B,Garbage Collection Pauses (Java vs Go),go_inventory,go,inventory,inventory-go-twin:9082,inventory-go-twin:9082,2026-06-23 15:21:44,2026-06-23T09:51:44Z,1782208304,sustain,1335.0,4.2917636363636424e-05,{}
6,B,Garbage Collection Pauses (Java vs Go),go_inventory,go,inventory,order-go-twin:9083,order-go-twin:9083,2026-06-23 15:21:44,2026-06-23T09:51:44Z,1782208304,sustain,1335.0,0.0,{}
6,B,Garbage Collection Pauses (Java vs Go),go_inventory,go,inventory,warehouse-go:8084,warehouse-go:8084,2026-06-23 15:21:44,2026-06-23T09:51:44Z,1782208304,sustain,1335.0,2.029127272727062e-06,{}
6,B,Garbage Collection Pauses (Java vs Go),go_inventory,go,inventory,inventory-go-twin:9082,inventory-go-twin:9082,2026-06-23 15:21:59,2026-06-23T09:51:59Z,1782208319,sustain,1350.0,4.0368036363636566e-05,{}
6,B,Garbage Collection Pauses (Java vs Go),go_inventory,go,inventory,order-go-twin:9083,order-go-twin:9083,2026-06-23 15:21:59,2026-06-23T09:51:59Z,1782208319,sustain,1350.0,1.5537999999999285e-06,{}
6,B,Garbage Collection Pauses (Java vs Go),go_inventory,go,inventory,warehouse-go:8084,warehouse-go:8084,2026-06-23 15:21:59,2026-06-23T09:51:59Z,1782208319,sustain,1350.0,3.3261999999998548e-06,{}
6,B,Garbage Collection Pauses (Java vs Go),go_inventory,go,inventory,inventory-go-twin:9082,inventory-go-twin:9082,2026-06-23 15:22:14,2026-06-23T09:52:14Z,1782208334,sustain,1365.0,4.173272727272727e-05,{}
6,B,Garbage Collection Pauses (Java vs Go),go_inventory,go,inventory,order-go-twin:9083,order-go-twin:9083,2026-06-23 15:22:14,2026-06-23T09:52:14Z,1782208334,sustain,1365.0,1.5537717496044812e-06,{}
6,B,Garbage Collection Pauses (Java vs Go),go_inventory,go,inventory,warehouse-go:8084,warehouse-go:8084,2026-06-23 15:22:14,2026-06-23T09:52:14Z,1782208334,sustain,1365.0,1.983617883961571e-06,{}
6,B,Garbage Collection Pauses (Java vs Go),go_inventory,go,inventory,inventory-go-twin:9082,inventory-go-twin:9082,2026-06-23 15:22:29,2026-06-23T09:52:29Z,1782208349,sustain,1380.0,3.76867272727273e-05,{}
6,B,Garbage Collection Pauses (Java vs Go),go_inventory,go,inventory,order-go-twin:9083,order-go-twin:9083,2026-06-23 15:22:29,2026-06-23T09:52:29Z,1782208349,sustain,1380.0,1.5538282514226817e-06,{}
6,B,Garbage Collection Pauses (Java vs Go),go_inventory,go,inventory,warehouse-go:8084,warehouse-go:8084,2026-06-23 15:22:29,2026-06-23T09:52:29Z,1782208349,sustain,1380.0,2.5973090909095747e-06,{}
6,B,Garbage Collection Pauses (Java vs Go),go_inventory,go,inventory,inventory-go-twin:9082,inventory-go-twin:9082,2026-06-23 15:22:44,2026-06-23T09:52:44Z,1782208364,sustain,1395.0,3.325419537826592e-05,{}
6,B,Garbage Collection Pauses (Java vs Go),go_inventory,go,inventory,order-go-twin:9083,order-go-twin:9083,2026-06-23 15:22:44,2026-06-23T09:52:44Z,1782208364,sustain,1395.0,1.5537999999999285e-06,{}
6,B,Garbage Collection Pauses (Java vs Go),go_inventory,go,inventory,warehouse-go:8084,warehouse-go:8084,2026-06-23 15:22:44,2026-06-23T09:52:44Z,1782208364,sustain,1395.0,1.910800000000505e-06,{}
6,B,Garbage Collection Pauses (Java vs Go),go_inventory,go,inventory,inventory-go-twin:9082,inventory-go-twin:9082,2026-06-23 15:22:59,2026-06-23T09:52:59Z,1782208379,sustain,1410.0,3.302527272727275e-05,{}
6,B,Garbage Collection Pauses (Java vs Go),go_inventory,go,inventory,order-go-twin:9083,order-go-twin:9083,2026-06-23 15:22:59,2026-06-23T09:52:59Z,1782208379,sustain,1410.0,1.6802239959275808e-06,{}
6,B,Garbage Collection Pauses (Java vs Go),go_inventory,go,inventory,warehouse-go:8084,warehouse-go:8084,2026-06-23 15:22:59,2026-06-23T09:52:59Z,1782208379,sustain,1410.0,6.137272727277124e-07,{}
6,B,Garbage Collection Pauses (Java vs Go),go_inventory,go,inventory,inventory-go-twin:9082,inventory-go-twin:9082,2026-06-23 15:23:14,2026-06-23T09:53:14Z,1782208394,sustain,1425.0,2.2305200000000133e-05,{}
6,B,Garbage Collection Pauses (Java vs Go),go_inventory,go,inventory,order-go-twin:9083,order-go-twin:9083,2026-06-23 15:23:14,2026-06-23T09:53:14Z,1782208394,sustain,1425.0,1.6802239959275808e-06,{}
6,B,Garbage Collection Pauses (Java vs Go),go_inventory,go,inventory,warehouse-go:8084,warehouse-go:8084,2026-06-23 15:23:14,2026-06-23T09:53:14Z,1782208394,sustain,1425.0,1.3349757277143296e-06,{}
6,B,Garbage Collection Pauses (Java vs Go),go_inventory,go,inventory,inventory-go-twin:9082,inventory-go-twin:9082,2026-06-23 15:23:29,2026-06-23T09:53:29Z,1782208409,sustain,1440.0,2.6601363636363532e-05,{}
6,B,Garbage Collection Pauses (Java vs Go),go_inventory,go,inventory,order-go-twin:9083,order-go-twin:9083,2026-06-23 15:23:29,2026-06-23T09:53:29Z,1782208409,sustain,1440.0,1.6802239959275808e-06,{}
6,B,Garbage Collection Pauses (Java vs Go),go_inventory,go,inventory,warehouse-go:8084,warehouse-go:8084,2026-06-23 15:23:29,2026-06-23T09:53:29Z,1782208409,sustain,1440.0,2.101618181817664e-06,{}
6,B,Garbage Collection Pauses (Java vs Go),go_inventory,go,inventory,inventory-go-twin:9082,inventory-go-twin:9082,2026-06-23 15:23:44,2026-06-23T09:53:44Z,1782208424,sustain,1455.0,2.9113963636363688e-05,{}
6,B,Garbage Collection Pauses (Java vs Go),go_inventory,go,inventory,order-go-twin:9083,order-go-twin:9083,2026-06-23 15:23:44,2026-06-23T09:53:44Z,1782208424,sustain,1455.0,1.6802850960928905e-06,{}
6,B,Garbage Collection Pauses (Java vs Go),go_inventory,go,inventory,warehouse-go:8084,warehouse-go:8084,2026-06-23 15:23:44,2026-06-23T09:53:44Z,1782208424,sustain,1455.0,2.101618181817664e-06,{}
6,B,Garbage Collection Pauses (Java vs Go),go_inventory,go,inventory,inventory-go-twin:9082,inventory-go-twin:9082,2026-06-23 15:23:59,2026-06-23T09:53:59Z,1782208439,sustain,1470.0,2.980718181818185e-05,{}
6,B,Garbage Collection Pauses (Java vs Go),go_inventory,go,inventory,order-go-twin:9083,order-go-twin:9083,2026-06-23 15:23:59,2026-06-23T09:53:59Z,1782208439,sustain,1470.0,0.0,{}
6,B,Garbage Collection Pauses (Java vs Go),go_inventory,go,inventory,warehouse-go:8084,warehouse-go:8084,2026-06-23 15:23:59,2026-06-23T09:53:59Z,1782208439,sustain,1470.0,2.101618181817664e-06,{}
6,B,Garbage Collection Pauses (Java vs Go),go_inventory,go,inventory,inventory-go-twin:9082,inventory-go-twin:9082,2026-06-23 15:24:14,2026-06-23T09:54:14Z,1782208454,sustain,1485.0,3.3867272727272636e-05,{}
6,B,Garbage Collection Pauses (Java vs Go),go_inventory,go,inventory,order-go-twin:9083,order-go-twin:9083,2026-06-23 15:24:14,2026-06-23T09:54:14Z,1782208454,sustain,1485.0,2.0828727272727402e-06,{}
6,B,Garbage Collection Pauses (Java vs Go),go_inventory,go,inventory,warehouse-go:8084,warehouse-go:8084,2026-06-23 15:24:14,2026-06-23T09:54:14Z,1782208454,sustain,1485.0,1.3301054545454926e-05,{}
6,B,Garbage Collection Pauses (Java vs Go),go_inventory,go,inventory,inventory-go-twin:9082,inventory-go-twin:9082,2026-06-23 15:24:29,2026-06-23T09:54:29Z,1782208469,sustain,1500.0,3.671116363636368e-05,{}
6,B,Garbage Collection Pauses (Java vs Go),go_inventory,go,inventory,order-go-twin:9083,order-go-twin:9083,2026-06-23 15:24:29,2026-06-23T09:54:29Z,1782208469,sustain,1500.0,2.0828727272727402e-06,{}
6,B,Garbage Collection Pauses (Java vs Go),go_inventory,go,inventory,warehouse-go:8084,warehouse-go:8084,2026-06-23 15:24:29,2026-06-23T09:54:29Z,1782208469,sustain,1500.0,1.1920925835015931e-05,{}
6,B,Garbage Collection Pauses (Java vs Go),go_inventory,go,inventory,inventory-go-twin:9082,inventory-go-twin:9082,2026-06-23 15:24:44,2026-06-23T09:54:44Z,1782208484,sustain,1515.0,3.6945327272727195e-05,{}
6,B,Garbage Collection Pauses (Java vs Go),go_inventory,go,inventory,order-go-twin:9083,order-go-twin:9083,2026-06-23 15:24:44,2026-06-23T09:54:44Z,1782208484,sustain,1515.0,2.0828727272727402e-06,{}
6,B,Garbage Collection Pauses (Java vs Go),go_inventory,go,inventory,warehouse-go:8084,warehouse-go:8084,2026-06-23 15:24:44,2026-06-23T09:54:44Z,1782208484,sustain,1515.0,1.192070909090984e-05,{}
6,B,Garbage Collection Pauses (Java vs Go),go_inventory,go,inventory,inventory-go-twin:9082,inventory-go-twin:9082,2026-06-23 15:24:59,2026-06-23T09:54:59Z,1782208499,sustain,1530.0,3.819458181818199e-05,{}
6,B,Garbage Collection Pauses (Java vs Go),go_inventory,go,inventory,order-go-twin:9083,order-go-twin:9083,2026-06-23 15:24:59,2026-06-23T09:54:59Z,1782208499,sustain,1530.0,1.4729999999998153e-06,{}
6,B,Garbage Collection Pauses (Java vs Go),go_inventory,go,inventory,warehouse-go:8084,warehouse-go:8084,2026-06-23 15:24:59,2026-06-23T09:54:59Z,1782208499,sustain,1530.0,1.3946344478991019e-05,{}
6,B,Garbage Collection Pauses (Java vs Go),go_inventory,go,inventory,inventory-go-twin:9082,inventory-go-twin:9082,2026-06-23 15:25:14,2026-06-23T09:55:14Z,1782208514,sustain,1545.0,3.7093145454545285e-05,{}
6,B,Garbage Collection Pauses (Java vs Go),go_inventory,go,inventory,order-go-twin:9083,order-go-twin:9083,2026-06-23 15:25:14,2026-06-23T09:55:14Z,1782208514,sustain,1545.0,1.4729999999998153e-06,{}
6,B,Garbage Collection Pauses (Java vs Go),go_inventory,go,inventory,warehouse-go:8084,warehouse-go:8084,2026-06-23 15:25:14,2026-06-23T09:55:14Z,1782208514,sustain,1545.0,2.025418643975088e-06,{}
6,B,Garbage Collection Pauses (Java vs Go),go_inventory,go,inventory,inventory-go-twin:9082,inventory-go-twin:9082,2026-06-23 15:25:29,2026-06-23T09:55:29Z,1782208529,sustain,1560.0,3.41280909090908e-05,{}
6,B,Garbage Collection Pauses (Java vs Go),go_inventory,go,inventory,order-go-twin:9083,order-go-twin:9083,2026-06-23 15:25:29,2026-06-23T09:55:29Z,1782208529,sustain,1560.0,1.4729999999998153e-06,{}
6,B,Garbage Collection Pauses (Java vs Go),go_inventory,go,inventory,warehouse-go:8084,warehouse-go:8084,2026-06-23 15:25:29,2026-06-23T09:55:29Z,1782208529,sustain,1560.0,2.0253818181815607e-06,{}
6,B,Garbage Collection Pauses (Java vs Go),go_inventory,go,inventory,inventory-go-twin:9082,inventory-go-twin:9082,2026-06-23 15:25:44,2026-06-23T09:55:44Z,1782208544,sustain,1575.0,3.4020999999999985e-05,{}
6,B,Garbage Collection Pauses (Java vs Go),go_inventory,go,inventory,order-go-twin:9083,order-go-twin:9083,2026-06-23 15:25:44,2026-06-23T09:55:44Z,1782208544,sustain,1575.0,5.49499100016541e-07,{}
6,B,Garbage Collection Pauses (Java vs Go),go_inventory,go,inventory,warehouse-go:8084,warehouse-go:8084,2026-06-23 15:25:44,2026-06-23T09:55:44Z,1782208544,sustain,1575.0,1.620909090908769e-06,{}
6,B,Garbage Collection Pauses (Java vs Go),go_inventory,go,inventory,inventory-go-twin:9082,inventory-go-twin:9082,2026-06-23 15:25:59,2026-06-23T09:55:59Z,1782208559,sustain,1590.0,2.8478672727272838e-05,{}
6,B,Garbage Collection Pauses (Java vs Go),go_inventory,go,inventory,order-go-twin:9083,order-go-twin:9083,2026-06-23 15:25:59,2026-06-23T09:55:59Z,1782208559,sustain,1590.0,5.49499100016541e-07,{}
6,B,Garbage Collection Pauses (Java vs Go),go_inventory,go,inventory,warehouse-go:8084,warehouse-go:8084,2026-06-23 15:25:59,2026-06-23T09:55:59Z,1782208559,sustain,1590.0,1.620909090908769e-06,{}
6,B,Garbage Collection Pauses (Java vs Go),go_inventory,go,inventory,inventory-go-twin:9082,inventory-go-twin:9082,2026-06-23 15:26:14,2026-06-23T09:56:14Z,1782208574,sustain,1605.0,3.165674545454542e-05,{}
6,B,Garbage Collection Pauses (Java vs Go),go_inventory,go,inventory,order-go-twin:9083,order-go-twin:9083,2026-06-23 15:26:14,2026-06-23T09:56:14Z,1782208574,sustain,1605.0,5.495090909092685e-07,{}
6,B,Garbage Collection Pauses (Java vs Go),go_inventory,go,inventory,warehouse-go:8084,warehouse-go:8084,2026-06-23 15:26:14,2026-06-23T09:56:14Z,1782208574,sustain,1605.0,1.620938562518997e-06,{}
6,B,Garbage Collection Pauses (Java vs Go),go_inventory,go,inventory,inventory-go-twin:9082,inventory-go-twin:9082,2026-06-23 15:26:29,2026-06-23T09:56:29Z,1782208589,sustain,1620.0,3.390319999999992e-05,{}
6,B,Garbage Collection Pauses (Java vs Go),go_inventory,go,inventory,order-go-twin:9083,order-go-twin:9083,2026-06-23 15:26:29,2026-06-23T09:56:29Z,1782208589,sustain,1620.0,0.0,{}
6,B,Garbage Collection Pauses (Java vs Go),go_inventory,go,inventory,warehouse-go:8084,warehouse-go:8084,2026-06-23 15:26:29,2026-06-23T09:56:29Z,1782208589,sustain,1620.0,2.706987145688014e-06,{}
6,B,Garbage Collection Pauses (Java vs Go),go_inventory,go,inventory,inventory-go-twin:9082,inventory-go-twin:9082,2026-06-23 15:26:44,2026-06-23T09:56:44Z,1782208604,sustain,1635.0,3.814747540864365e-05,{}
6,B,Garbage Collection Pauses (Java vs Go),go_inventory,go,inventory,order-go-twin:9083,order-go-twin:9083,2026-06-23 15:26:44,2026-06-23T09:56:44Z,1782208604,sustain,1635.0,1.1263249759093782e-06,{}
6,B,Garbage Collection Pauses (Java vs Go),go_inventory,go,inventory,warehouse-go:8084,warehouse-go:8084,2026-06-23 15:26:44,2026-06-23T09:56:44Z,1782208604,sustain,1635.0,1.0861272727273481e-06,{}
6,B,Garbage Collection Pauses (Java vs Go),go_inventory,go,inventory,inventory-go-twin:9082,inventory-go-twin:9082,2026-06-23 15:26:59,2026-06-23T09:56:59Z,1782208619,sustain,1650.0,4.419225454545463e-05,{}
6,B,Garbage Collection Pauses (Java vs Go),go_inventory,go,inventory,order-go-twin:9083,order-go-twin:9083,2026-06-23 15:26:59,2026-06-23T09:56:59Z,1782208619,sustain,1650.0,1.1263454545453038e-06,{}
6,B,Garbage Collection Pauses (Java vs Go),go_inventory,go,inventory,warehouse-go:8084,warehouse-go:8084,2026-06-23 15:26:59,2026-06-23T09:56:59Z,1782208619,sustain,1650.0,1.086147020855e-06,{}
6,B,Garbage Collection Pauses (Java vs Go),go_inventory,go,inventory,inventory-go-twin:9082,inventory-go-twin:9082,2026-06-23 15:27:14,2026-06-23T09:57:14Z,1782208634,sustain,1665.0,4.848918181818176e-05,{}
6,B,Garbage Collection Pauses (Java vs Go),go_inventory,go,inventory,order-go-twin:9083,order-go-twin:9083,2026-06-23 15:27:14,2026-06-23T09:57:14Z,1782208634,sustain,1665.0,1.1263454545453038e-06,{}
6,B,Garbage Collection Pauses (Java vs Go),go_inventory,go,inventory,warehouse-go:8084,warehouse-go:8084,2026-06-23 15:27:14,2026-06-23T09:57:14Z,1782208634,sustain,1665.0,0.0,{}
6,B,Garbage Collection Pauses (Java vs Go),go_inventory,go,inventory,inventory-go-twin:9082,inventory-go-twin:9082,2026-06-23 15:27:29,2026-06-23T09:57:29Z,1782208649,sustain,1680.0,4.3268436363636224e-05,{}
6,B,Garbage Collection Pauses (Java vs Go),go_inventory,go,inventory,order-go-twin:9083,order-go-twin:9083,2026-06-23 15:27:29,2026-06-23T09:57:29Z,1782208649,sustain,1680.0,0.0,{}
6,B,Garbage Collection Pauses (Java vs Go),go_inventory,go,inventory,warehouse-go:8084,warehouse-go:8084,2026-06-23 15:27:29,2026-06-23T09:57:29Z,1782208649,sustain,1680.0,0.0,{}
6,B,Garbage Collection Pauses (Java vs Go),go_inventory,go,inventory,inventory-go-twin:9082,inventory-go-twin:9082,2026-06-23 15:27:44,2026-06-23T09:57:44Z,1782208664,sustain,1695.0,5.0391727272727277e-05,{}
6,B,Garbage Collection Pauses (Java vs Go),go_inventory,go,inventory,order-go-twin:9083,order-go-twin:9083,2026-06-23 15:27:44,2026-06-23T09:57:44Z,1782208664,sustain,1695.0,1.12887272727276e-06,{}
6,B,Garbage Collection Pauses (Java vs Go),go_inventory,go,inventory,warehouse-go:8084,warehouse-go:8084,2026-06-23 15:27:44,2026-06-23T09:57:44Z,1782208664,sustain,1695.0,8.120563636364193e-06,{}
6,B,Garbage Collection Pauses (Java vs Go),go_inventory,go,inventory,inventory-go-twin:9082,inventory-go-twin:9082,2026-06-23 15:27:59,2026-06-23T09:57:59Z,1782208679,sustain,1710.0,4.439712005236251e-05,{}
6,B,Garbage Collection Pauses (Java vs Go),go_inventory,go,inventory,order-go-twin:9083,order-go-twin:9083,2026-06-23 15:27:59,2026-06-23T09:57:59Z,1782208679,sustain,1710.0,1.12887272727276e-06,{}
6,B,Garbage Collection Pauses (Java vs Go),go_inventory,go,inventory,warehouse-go:8084,warehouse-go:8084,2026-06-23 15:27:59,2026-06-23T09:57:59Z,1782208679,sustain,1710.0,8.120563636364193e-06,{}
6,B,Garbage Collection Pauses (Java vs Go),go_inventory,go,inventory,inventory-go-twin:9082,inventory-go-twin:9082,2026-06-23 15:28:14,2026-06-23T09:58:14Z,1782208694,sustain,1725.0,4.300338181818191e-05,{}
6,B,Garbage Collection Pauses (Java vs Go),go_inventory,go,inventory,order-go-twin:9083,order-go-twin:9083,2026-06-23 15:28:14,2026-06-23T09:58:14Z,1782208694,sustain,1725.0,1.12887272727276e-06,{}
6,B,Garbage Collection Pauses (Java vs Go),go_inventory,go,inventory,warehouse-go:8084,warehouse-go:8084,2026-06-23 15:28:14,2026-06-23T09:58:14Z,1782208694,sustain,1725.0,8.120415992437058e-06,{}
6,B,Garbage Collection Pauses (Java vs Go),go_inventory,go,inventory,inventory-go-twin:9082,inventory-go-twin:9082,2026-06-23 15:28:29,2026-06-23T09:58:29Z,1782208709,sustain,1740.0,4.89193621702211e-05,{}
6,B,Garbage Collection Pauses (Java vs Go),go_inventory,go,inventory,order-go-twin:9083,order-go-twin:9083,2026-06-23 15:28:29,2026-06-23T09:58:29Z,1782208709,sustain,1740.0,0.0,{}
6,B,Garbage Collection Pauses (Java vs Go),go_inventory,go,inventory,warehouse-go:8084,warehouse-go:8084,2026-06-23 15:28:29,2026-06-23T09:58:29Z,1782208709,sustain,1740.0,0.0,{}
6,B,Garbage Collection Pauses (Java vs Go),go_inventory,go,inventory,inventory-go-twin:9082,inventory-go-twin:9082,2026-06-23 15:28:44,2026-06-23T09:58:44Z,1782208724,sustain,1755.0,3.955287272727279e-05,{}
6,B,Garbage Collection Pauses (Java vs Go),go_inventory,go,inventory,order-go-twin:9083,order-go-twin:9083,2026-06-23 15:28:44,2026-06-23T09:58:44Z,1782208724,sustain,1755.0,1.1699667266678715e-06,{}
6,B,Garbage Collection Pauses (Java vs Go),go_inventory,go,inventory,warehouse-go:8084,warehouse-go:8084,2026-06-23 15:28:44,2026-06-23T09:58:44Z,1782208724,sustain,1755.0,0.0,{}
6,B,Garbage Collection Pauses (Java vs Go),go_inventory,go,inventory,inventory-go-twin:9082,inventory-go-twin:9082,2026-06-23 15:28:59,2026-06-23T09:58:59Z,1782208739,sustain,1770.0,4.6004781818181906e-05,{}
6,B,Garbage Collection Pauses (Java vs Go),go_inventory,go,inventory,order-go-twin:9083,order-go-twin:9083,2026-06-23 15:28:59,2026-06-23T09:58:59Z,1782208739,sustain,1770.0,1.1699454545455684e-06,{}
6,B,Garbage Collection Pauses (Java vs Go),go_inventory,go,inventory,warehouse-go:8084,warehouse-go:8084,2026-06-23 15:28:59,2026-06-23T09:58:59Z,1782208739,sustain,1770.0,5.979090909087729e-07,{}
6,B,Garbage Collection Pauses (Java vs Go),go_inventory,go,inventory,inventory-go-twin:9082,inventory-go-twin:9082,2026-06-23 15:29:14,2026-06-23T09:59:14Z,1782208754,sustain,1785.0,3.941021818181814e-05,{}
6,B,Garbage Collection Pauses (Java vs Go),go_inventory,go,inventory,order-go-twin:9083,order-go-twin:9083,2026-06-23 15:29:14,2026-06-23T09:59:14Z,1782208754,sustain,1785.0,1.1699454545455684e-06,{}
6,B,Garbage Collection Pauses (Java vs Go),go_inventory,go,inventory,warehouse-go:8084,warehouse-go:8084,2026-06-23 15:29:14,2026-06-23T09:59:14Z,1782208754,sustain,1785.0,5.979090909087729e-07,{}
6,B,Garbage Collection Pauses (Java vs Go),go_inventory,go,inventory,inventory-go-twin:9082,inventory-go-twin:9082,2026-06-23 15:29:29,2026-06-23T09:59:29Z,1782208769,cooldown,1800.0,5.172861818181798e-05,{}
6,B,Garbage Collection Pauses (Java vs Go),go_inventory,go,inventory,order-go-twin:9083,order-go-twin:9083,2026-06-23 15:29:29,2026-06-23T09:59:29Z,1782208769,cooldown,1800.0,1.1699454545455684e-06,{}
6,B,Garbage Collection Pauses (Java vs Go),go_inventory,go,inventory,warehouse-go:8084,warehouse-go:8084,2026-06-23 15:29:29,2026-06-23T09:59:29Z,1782208769,cooldown,1800.0,5.979090909087729e-07,{}
6,B,Garbage Collection Pauses (Java vs Go),go_inventory,go,inventory,inventory-go-twin:9082,inventory-go-twin:9082,2026-06-23 15:29:44,2026-06-23T09:59:44Z,1782208784,cooldown,1815.0,5.06886125202278e-05,{}
6,B,Garbage Collection Pauses (Java vs Go),go_inventory,go,inventory,order-go-twin:9083,order-go-twin:9083,2026-06-23 15:29:44,2026-06-23T09:59:44Z,1782208784,cooldown,1815.0,1.0641466208474478e-06,{}
6,B,Garbage Collection Pauses (Java vs Go),go_inventory,go,inventory,warehouse-go:8084,warehouse-go:8084,2026-06-23 15:29:44,2026-06-23T09:59:44Z,1782208784,cooldown,1815.0,5.979090909087729e-07,{}
6,B,Garbage Collection Pauses (Java vs Go),go_inventory,go,inventory,inventory-go-twin:9082,inventory-go-twin:9082,2026-06-23 15:29:59,2026-06-23T09:59:59Z,1782208799,cooldown,1830.0,5.628815069364898e-05,{}
6,B,Garbage Collection Pauses (Java vs Go),go_inventory,go,inventory,order-go-twin:9083,order-go-twin:9083,2026-06-23 15:29:59,2026-06-23T09:59:59Z,1782208799,cooldown,1830.0,1.0641272727270687e-06,{}
6,B,Garbage Collection Pauses (Java vs Go),go_inventory,go,inventory,warehouse-go:8084,warehouse-go:8084,2026-06-23 15:29:59,2026-06-23T09:59:59Z,1782208799,cooldown,1830.0,0.0,{}
6,B,Garbage Collection Pauses (Java vs Go),go_inventory,go,inventory,inventory-go-twin:9082,inventory-go-twin:9082,2026-06-23 15:30:14,2026-06-23T10:00:14Z,1782208814,cooldown,1845.0,5.706065454545439e-05,{}
6,B,Garbage Collection Pauses (Java vs Go),go_inventory,go,inventory,order-go-twin:9083,order-go-twin:9083,2026-06-23 15:30:14,2026-06-23T10:00:14Z,1782208814,cooldown,1845.0,1.0641466208474478e-06,{}
6,B,Garbage Collection Pauses (Java vs Go),go_inventory,go,inventory,warehouse-go:8084,warehouse-go:8084,2026-06-23 15:30:14,2026-06-23T10:00:14Z,1782208814,cooldown,1845.0,0.0,{}
6,B,Garbage Collection Pauses (Java vs Go),go_inventory,go,inventory,inventory-go-twin:9082,inventory-go-twin:9082,2026-06-23 15:30:29,2026-06-23T10:00:29Z,1782208829,cooldown,1860.0,4.84709721994947e-05,{}
6,B,Garbage Collection Pauses (Java vs Go),go_inventory,go,inventory,order-go-twin:9083,order-go-twin:9083,2026-06-23 15:30:29,2026-06-23T10:00:29Z,1782208829,cooldown,1860.0,1.064107925310245e-06,{}
6,B,Garbage Collection Pauses (Java vs Go),go_inventory,go,inventory,warehouse-go:8084,warehouse-go:8084,2026-06-23 15:30:29,2026-06-23T10:00:29Z,1782208829,cooldown,1860.0,1.7107583774248828e-06,{}
6,B,Garbage Collection Pauses (Java vs Go),go_inventory,go,inventory,inventory-go-twin:9082,inventory-go-twin:9082,2026-06-23 15:30:44,2026-06-23T10:00:44Z,1782208844,cooldown,1875.0,4.238571610392903e-05,{}
6,B,Garbage Collection Pauses (Java vs Go),go_inventory,go,inventory,order-go-twin:9083,order-go-twin:9083,2026-06-23 15:30:44,2026-06-23T10:00:44Z,1782208844,cooldown,1875.0,0.0,{}
6,B,Garbage Collection Pauses (Java vs Go),go_inventory,go,inventory,warehouse-go:8084,warehouse-go:8084,2026-06-23 15:30:44,2026-06-23T10:00:44Z,1782208844,cooldown,1875.0,3.050690909090946e-06,{}
6,B,Garbage Collection Pauses (Java vs Go),go_inventory,go,inventory,inventory-go-twin:9082,inventory-go-twin:9082,2026-06-23 15:30:59,2026-06-23T10:00:59Z,1782208859,cooldown,1890.0,2.8641927272727246e-05,{}
6,B,Garbage Collection Pauses (Java vs Go),go_inventory,go,inventory,order-go-twin:9083,order-go-twin:9083,2026-06-23 15:30:59,2026-06-23T10:00:59Z,1782208859,cooldown,1890.0,6.212614316103349e-07,{}
6,B,Garbage Collection Pauses (Java vs Go),go_inventory,go,inventory,warehouse-go:8084,warehouse-go:8084,2026-06-23 15:30:59,2026-06-23T10:00:59Z,1782208859,cooldown,1890.0,3.050690909090946e-06,{}
6,B,Garbage Collection Pauses (Java vs Go),go_inventory,go,inventory,inventory-go-twin:9082,inventory-go-twin:9082,2026-06-23 15:31:14,2026-06-23T10:01:14Z,1782208874,cooldown,1905.0,2.6149745454545372e-05,{}
6,B,Garbage Collection Pauses (Java vs Go),go_inventory,go,inventory,order-go-twin:9083,order-go-twin:9083,2026-06-23 15:31:14,2026-06-23T10:01:14Z,1782208874,cooldown,1905.0,6.212840233458797e-07,{}
6,B,Garbage Collection Pauses (Java vs Go),go_inventory,go,inventory,warehouse-go:8084,warehouse-go:8084,2026-06-23 15:31:14,2026-06-23T10:01:14Z,1782208874,cooldown,1905.0,1.3399392738315834e-06,{}
6,B,Garbage Collection Pauses (Java vs Go),go_inventory,go,inventory,inventory-go-twin:9082,inventory-go-twin:9082,2026-06-23 15:31:29,2026-06-23T10:01:29Z,1782208889,cooldown,1920.0,2.3372181818182013e-05,{}
6,B,Garbage Collection Pauses (Java vs Go),go_inventory,go,inventory,order-go-twin:9083,order-go-twin:9083,2026-06-23 15:31:29,2026-06-23T10:01:29Z,1782208889,cooldown,1920.0,6.212840233458797e-07,{}
6,B,Garbage Collection Pauses (Java vs Go),go_inventory,go,inventory,warehouse-go:8084,warehouse-go:8084,2026-06-23 15:31:29,2026-06-23T10:01:29Z,1782208889,cooldown,1920.0,2.034181818181975e-06,{}
6,B,Garbage Collection Pauses (Java vs Go),go_inventory,go,inventory,inventory-go-twin:9082,inventory-go-twin:9082,2026-06-23 15:31:44,2026-06-23T10:01:44Z,1782208904,cooldown,1935.0,2.5987399999999832e-05,{}
6,B,Garbage Collection Pauses (Java vs Go),go_inventory,go,inventory,order-go-twin:9083,order-go-twin:9083,2026-06-23 15:31:44,2026-06-23T10:01:44Z,1782208904,cooldown,1935.0,0.0,{}
6,B,Garbage Collection Pauses (Java vs Go),go_inventory,go,inventory,warehouse-go:8084,warehouse-go:8084,2026-06-23 15:31:44,2026-06-23T10:01:44Z,1782208904,cooldown,1935.0,6.942181818181403e-07,{}
6,B,Garbage Collection Pauses (Java vs Go),go_inventory,go,inventory,inventory-go-twin:9082,inventory-go-twin:9082,2026-06-23 15:31:59,2026-06-23T10:01:59Z,1782208919,cooldown,1950.0,2.464159999999993e-05,{}
6,B,Garbage Collection Pauses (Java vs Go),go_inventory,go,inventory,order-go-twin:9083,order-go-twin:9083,2026-06-23 15:31:59,2026-06-23T10:01:59Z,1782208919,cooldown,1950.0,1.1258022873144608e-06,{}
6,B,Garbage Collection Pauses (Java vs Go),go_inventory,go,inventory,warehouse-go:8084,warehouse-go:8084,2026-06-23 15:31:59,2026-06-23T10:01:59Z,1782208919,cooldown,1950.0,6.942181818181403e-07,{}
6,B,Garbage Collection Pauses (Java vs Go),go_inventory,go,inventory,inventory-go-twin:9082,inventory-go-twin:9082,2026-06-23 15:32:14,2026-06-23T10:02:14Z,1782208934,cooldown,1965.0,2.3003090909091087e-05,{}
6,B,Garbage Collection Pauses (Java vs Go),go_inventory,go,inventory,order-go-twin:9083,order-go-twin:9083,2026-06-23 15:32:14,2026-06-23T10:02:14Z,1782208934,cooldown,1965.0,1.1258022873144608e-06,{}
6,B,Garbage Collection Pauses (Java vs Go),go_inventory,go,inventory,warehouse-go:8084,warehouse-go:8084,2026-06-23 15:32:14,2026-06-23T10:02:14Z,1782208934,cooldown,1965.0,6.942055598988695e-07,{}
6,B,Garbage Collection Pauses (Java vs Go),go_inventory,go,inventory,inventory-go-twin:9082,inventory-go-twin:9082,2026-06-23 15:32:29,2026-06-23T10:02:29Z,1782208949,cooldown,1980.0,2.088818181818194e-05,{}
6,B,Garbage Collection Pauses (Java vs Go),go_inventory,go,inventory,order-go-twin:9083,order-go-twin:9083,2026-06-23 15:32:29,2026-06-23T10:02:29Z,1782208949,cooldown,1980.0,1.125781818181964e-06,{}
6,B,Garbage Collection Pauses (Java vs Go),go_inventory,go,inventory,warehouse-go:8084,warehouse-go:8084,2026-06-23 15:32:29,2026-06-23T10:02:29Z,1782208949,cooldown,1980.0,2.0693272727276026e-06,{}
6,B,Garbage Collection Pauses (Java vs Go),go_inventory,go,inventory,inventory-go-twin:9082,inventory-go-twin:9082,2026-06-23 15:32:44,2026-06-23T10:02:44Z,1782208964,cooldown,1995.0,1.6371265976982317e-05,{}
6,B,Garbage Collection Pauses (Java vs Go),go_inventory,go,inventory,order-go-twin:9083,order-go-twin:9083,2026-06-23 15:32:44,2026-06-23T10:02:44Z,1782208964,cooldown,1995.0,1.125781818181964e-06,{}
6,B,Garbage Collection Pauses (Java vs Go),go_inventory,go,inventory,warehouse-go:8084,warehouse-go:8084,2026-06-23 15:32:44,2026-06-23T10:02:44Z,1782208964,cooldown,1995.0,2.0693272727276026e-06,{}
6,B,Garbage Collection Pauses (Java vs Go),go_inventory,go,inventory,inventory-go-twin:9082,inventory-go-twin:9082,2026-06-23 15:32:59,2026-06-23T10:02:59Z,1782208979,cooldown,2010.0,1.3582163636363663e-05,{}
6,B,Garbage Collection Pauses (Java vs Go),go_inventory,go,inventory,order-go-twin:9083,order-go-twin:9083,2026-06-23 15:32:59,2026-06-23T10:02:59Z,1782208979,cooldown,2010.0,1.6124474990452953e-06,{}
6,B,Garbage Collection Pauses (Java vs Go),go_inventory,go,inventory,warehouse-go:8084,warehouse-go:8084,2026-06-23 15:32:59,2026-06-23T10:02:59Z,1782208979,cooldown,2010.0,3.4956909090913785e-06,{}
6,B,Garbage Collection Pauses (Java vs Go),go_inventory,go,inventory,inventory-go-twin:9082,inventory-go-twin:9082,2026-06-23 15:33:14,2026-06-23T10:03:14Z,1782208994,cooldown,2025.0,9.760927272727108e-06,{}
6,B,Garbage Collection Pauses (Java vs Go),go_inventory,go,inventory,order-go-twin:9083,order-go-twin:9083,2026-06-23 15:33:14,2026-06-23T10:03:14Z,1782208994,cooldown,2025.0,1.6124181818180396e-06,{}
6,B,Garbage Collection Pauses (Java vs Go),go_inventory,go,inventory,warehouse-go:8084,warehouse-go:8084,2026-06-23 15:33:14,2026-06-23T10:03:14Z,1782208994,cooldown,2025.0,1.426363636363776e-06,{}
6,B,Garbage Collection Pauses (Java vs Go),go_inventory,go,inventory,inventory-go-twin:9082,inventory-go-twin:9082,2026-06-23 15:33:29,2026-06-23T10:03:29Z,1782209009,cooldown,2040.0,4.4731540573464995e-06,{}
6,B,Garbage Collection Pauses (Java vs Go),go_inventory,go,inventory,order-go-twin:9083,order-go-twin:9083,2026-06-23 15:33:29,2026-06-23T10:03:29Z,1782209009,cooldown,2040.0,1.612388865656846e-06,{}
6,B,Garbage Collection Pauses (Java vs Go),go_inventory,go,inventory,warehouse-go:8084,warehouse-go:8084,2026-06-23 15:33:29,2026-06-23T10:03:29Z,1782209009,cooldown,2040.0,3.287267504227326e-06,{}
6,B,Garbage Collection Pauses (Java vs Go),go_inventory,go,inventory,inventory-go-twin:9082,inventory-go-twin:9082,2026-06-23 15:33:44,2026-06-23T10:03:44Z,1782209024,cooldown,2055.0,5.201563636363724e-06,{}
6,B,Garbage Collection Pauses (Java vs Go),go_inventory,go,inventory,order-go-twin:9083,order-go-twin:9083,2026-06-23 15:33:44,2026-06-23T10:03:44Z,1782209024,cooldown,2055.0,1.6124474990452953e-06,{}
6,B,Garbage Collection Pauses (Java vs Go),go_inventory,go,inventory,warehouse-go:8084,warehouse-go:8084,2026-06-23 15:33:44,2026-06-23T10:03:44Z,1782209024,cooldown,2055.0,3.871397661775232e-06,{}
6,B,Garbage Collection Pauses (Java vs Go),go_inventory,go,inventory,inventory-go-twin:9082,inventory-go-twin:9082,2026-06-23 15:33:59,2026-06-23T10:03:59Z,1782209039,cooldown,2070.0,6.661642515590706e-06,{}
6,B,Garbage Collection Pauses (Java vs Go),go_inventory,go,inventory,order-go-twin:9083,order-go-twin:9083,2026-06-23 15:33:59,2026-06-23T10:03:59Z,1782209039,cooldown,2070.0,0.0,{}
6,B,Garbage Collection Pauses (Java vs Go),go_inventory,go,inventory,warehouse-go:8084,warehouse-go:8084,2026-06-23 15:33:59,2026-06-23T10:03:59Z,1782209039,cooldown,2070.0,3.855127272726784e-06,{}
6,B,Garbage Collection Pauses (Java vs Go),go_inventory,go,inventory,inventory-go-twin:9082,inventory-go-twin:9082,2026-06-23 15:34:14,2026-06-23T10:04:14Z,1782209054,cooldown,2085.0,5.408254545454592e-06,{}
6,B,Garbage Collection Pauses (Java vs Go),go_inventory,go,inventory,order-go-twin:9083,order-go-twin:9083,2026-06-23 15:34:14,2026-06-23T10:04:14Z,1782209054,cooldown,2085.0,1.3771272727273389e-06,{}
6,B,Garbage Collection Pauses (Java vs Go),go_inventory,go,inventory,warehouse-go:8084,warehouse-go:8084,2026-06-23 15:34:14,2026-06-23T10:04:14Z,1782209054,cooldown,2085.0,3.855127272726784e-06,{}
6,B,Garbage Collection Pauses (Java vs Go),go_inventory,go,inventory,inventory-go-twin:9082,inventory-go-twin:9082,2026-06-23 15:34:29,2026-06-23T10:04:29Z,1782209069,post_test,2100.0,4.218581818181789e-06,{}
6,B,Garbage Collection Pauses (Java vs Go),go_inventory,go,inventory,order-go-twin:9083,order-go-twin:9083,2026-06-23 15:34:29,2026-06-23T10:04:29Z,1782209069,post_test,2100.0,1.3771523118602819e-06,{}
6,B,Garbage Collection Pauses (Java vs Go),go_inventory,go,inventory,warehouse-go:8084,warehouse-go:8084,2026-06-23 15:34:29,2026-06-23T10:04:29Z,1782209069,post_test,2100.0,4.856872727271815e-06,{}
6,B,Garbage Collection Pauses (Java vs Go),go_order,go,order,inventory-go-twin:9082,inventory-go-twin:9082,2026-06-23 13:39:11,2026-06-23T08:09:11Z,1782202151,warmup,0.0,4.5614545454545453e-07,{}
6,B,Garbage Collection Pauses (Java vs Go),go_order,go,order,order-go-twin:9083,order-go-twin:9083,2026-06-23 13:39:11,2026-06-23T08:09:11Z,1782202151,warmup,0.0,3.878181818181818e-07,{}
6,B,Garbage Collection Pauses (Java vs Go),go_order,go,order,warehouse-go:8084,warehouse-go:8084,2026-06-23 13:39:11,2026-06-23T08:09:11Z,1782202151,warmup,0.0,2.9994727272727286e-06,{}
6,B,Garbage Collection Pauses (Java vs Go),go_order,go,order,inventory-go-twin:9082,inventory-go-twin:9082,2026-06-23 13:39:26,2026-06-23T08:09:26Z,1782202166,warmup,15.0,4.5614545454545453e-07,{}
6,B,Garbage Collection Pauses (Java vs Go),go_order,go,order,order-go-twin:9083,order-go-twin:9083,2026-06-23 13:39:26,2026-06-23T08:09:26Z,1782202166,warmup,15.0,3.878181818181818e-07,{}
6,B,Garbage Collection Pauses (Java vs Go),go_order,go,order,warehouse-go:8084,warehouse-go:8084,2026-06-23 13:39:26,2026-06-23T08:09:26Z,1782202166,warmup,15.0,2.7530727272727283e-06,{}
6,B,Garbage Collection Pauses (Java vs Go),go_order,go,order,inventory-go-twin:9082,inventory-go-twin:9082,2026-06-23 13:39:41,2026-06-23T08:09:41Z,1782202181,warmup,30.0,5.898727272727273e-07,{}
6,B,Garbage Collection Pauses (Java vs Go),go_order,go,order,order-go-twin:9083,order-go-twin:9083,2026-06-23 13:39:41,2026-06-23T08:09:41Z,1782202181,warmup,30.0,6.14618181818182e-07,{}
6,B,Garbage Collection Pauses (Java vs Go),go_order,go,order,warehouse-go:8084,warehouse-go:8084,2026-06-23 13:39:41,2026-06-23T08:09:41Z,1782202181,warmup,30.0,2.7530727272727283e-06,{}
6,B,Garbage Collection Pauses (Java vs Go),go_order,go,order,inventory-go-twin:9082,inventory-go-twin:9082,2026-06-23 13:39:56,2026-06-23T08:09:56Z,1782202196,warmup,45.0,5.898727272727273e-07,{}
6,B,Garbage Collection Pauses (Java vs Go),go_order,go,order,order-go-twin:9083,order-go-twin:9083,2026-06-23 13:39:56,2026-06-23T08:09:56Z,1782202196,warmup,45.0,6.14618181818182e-07,{}
6,B,Garbage Collection Pauses (Java vs Go),go_order,go,order,warehouse-go:8084,warehouse-go:8084,2026-06-23 13:39:56,2026-06-23T08:09:56Z,1782202196,warmup,45.0,4.640581818181817e-06,{}
6,B,Garbage Collection Pauses (Java vs Go),go_order,go,order,inventory-go-twin:9082,inventory-go-twin:9082,2026-06-23 13:40:11,2026-06-23T08:10:11Z,1782202211,warmup,60.0,1.1313636363636364e-06,{}
6,B,Garbage Collection Pauses (Java vs Go),go_order,go,order,order-go-twin:9083,order-go-twin:9083,2026-06-23 13:40:11,2026-06-23T08:10:11Z,1782202211,warmup,60.0,1.424690909090909e-06,{}
6,B,Garbage Collection Pauses (Java vs Go),go_order,go,order,warehouse-go:8084,warehouse-go:8084,2026-06-23 13:40:11,2026-06-23T08:10:11Z,1782202211,warmup,60.0,3.81812727272727e-06,{}
6,B,Garbage Collection Pauses (Java vs Go),go_order,go,order,inventory-go-twin:9082,inventory-go-twin:9082,2026-06-23 13:40:26,2026-06-23T08:10:26Z,1782202226,warmup,75.0,2.9543818181818177e-06,{}
6,B,Garbage Collection Pauses (Java vs Go),go_order,go,order,order-go-twin:9083,order-go-twin:9083,2026-06-23 13:40:26,2026-06-23T08:10:26Z,1782202226,warmup,75.0,1.941509090909091e-06,{}
6,B,Garbage Collection Pauses (Java vs Go),go_order,go,order,warehouse-go:8084,warehouse-go:8084,2026-06-23 13:40:26,2026-06-23T08:10:26Z,1782202226,warmup,75.0,2.4034181818181795e-06,{}
6,B,Garbage Collection Pauses (Java vs Go),go_order,go,order,inventory-go-twin:9082,inventory-go-twin:9082,2026-06-23 13:40:41,2026-06-23T08:10:41Z,1782202241,warmup,90.0,2.3645090909090905e-06,{}
6,B,Garbage Collection Pauses (Java vs Go),go_order,go,order,order-go-twin:9083,order-go-twin:9083,2026-06-23 13:40:41,2026-06-23T08:10:41Z,1782202241,warmup,90.0,2.9438181818181816e-06,{}
6,B,Garbage Collection Pauses (Java vs Go),go_order,go,order,warehouse-go:8084,warehouse-go:8084,2026-06-23 13:40:41,2026-06-23T08:10:41Z,1782202241,warmup,90.0,3.7335636363636346e-06,{}
6,B,Garbage Collection Pauses (Java vs Go),go_order,go,order,inventory-go-twin:9082,inventory-go-twin:9082,2026-06-23 13:40:56,2026-06-23T08:10:56Z,1782202256,warmup,105.0,3.2855818181818176e-06,{}
6,B,Garbage Collection Pauses (Java vs Go),go_order,go,order,order-go-twin:9083,order-go-twin:9083,2026-06-23 13:40:56,2026-06-23T08:10:56Z,1782202256,warmup,105.0,4.975490909090909e-06,{}
6,B,Garbage Collection Pauses (Java vs Go),go_order,go,order,warehouse-go:8084,warehouse-go:8084,2026-06-23 13:40:56,2026-06-23T08:10:56Z,1782202256,warmup,105.0,1.8460545454545454e-06,{}
6,B,Garbage Collection Pauses (Java vs Go),go_order,go,order,inventory-go-twin:9082,inventory-go-twin:9082,2026-06-23 13:41:11,2026-06-23T08:11:11Z,1782202271,warmup,120.0,2.7440909090909083e-06,{}
6,B,Garbage Collection Pauses (Java vs Go),go_order,go,order,order-go-twin:9083,order-go-twin:9083,2026-06-23 13:41:11,2026-06-23T08:11:11Z,1782202271,warmup,120.0,5.905272727272726e-06,{}
6,B,Garbage Collection Pauses (Java vs Go),go_order,go,order,warehouse-go:8084,warehouse-go:8084,2026-06-23 13:41:11,2026-06-23T08:11:11Z,1782202271,warmup,120.0,2.729072727272729e-06,{}
6,B,Garbage Collection Pauses (Java vs Go),go_order,go,order,inventory-go-twin:9082,inventory-go-twin:9082,2026-06-23 13:41:26,2026-06-23T08:11:26Z,1782202286,warmup,135.0,2.0202727272727275e-06,{}
6,B,Garbage Collection Pauses (Java vs Go),go_order,go,order,order-go-twin:9083,order-go-twin:9083,2026-06-23 13:41:26,2026-06-23T08:11:26Z,1782202286,warmup,135.0,7.987854545454545e-06,{}
6,B,Garbage Collection Pauses (Java vs Go),go_order,go,order,warehouse-go:8084,warehouse-go:8084,2026-06-23 13:41:26,2026-06-23T08:11:26Z,1782202286,warmup,135.0,2.729072727272729e-06,{}
6,B,Garbage Collection Pauses (Java vs Go),go_order,go,order,inventory-go-twin:9082,inventory-go-twin:9082,2026-06-23 13:41:41,2026-06-23T08:11:41Z,1782202301,warmup,150.0,2.0202727272727275e-06,{}
6,B,Garbage Collection Pauses (Java vs Go),go_order,go,order,order-go-twin:9083,order-go-twin:9083,2026-06-23 13:41:41,2026-06-23T08:11:41Z,1782202301,warmup,150.0,8.950890909090908e-06,{}
6,B,Garbage Collection Pauses (Java vs Go),go_order,go,order,warehouse-go:8084,warehouse-go:8084,2026-06-23 13:41:41,2026-06-23T08:11:41Z,1782202301,warmup,150.0,1.398927272727274e-06,{}
6,B,Garbage Collection Pauses (Java vs Go),go_order,go,order,inventory-go-twin:9082,inventory-go-twin:9082,2026-06-23 13:41:56,2026-06-23T08:11:56Z,1782202316,warmup,165.0,2.5564363636363637e-06,{}
6,B,Garbage Collection Pauses (Java vs Go),go_order,go,order,order-go-twin:9083,order-go-twin:9083,2026-06-23 13:41:56,2026-06-23T08:11:56Z,1782202316,warmup,165.0,1.161e-05,{}
6,B,Garbage Collection Pauses (Java vs Go),go_order,go,order,warehouse-go:8084,warehouse-go:8084,2026-06-23 13:41:56,2026-06-23T08:11:56Z,1782202316,warmup,165.0,2.495545454545454e-06,{}
6,B,Garbage Collection Pauses (Java vs Go),go_order,go,order,inventory-go-twin:9082,inventory-go-twin:9082,2026-06-23 13:42:11,2026-06-23T08:12:11Z,1782202331,warmup,180.0,2.5564363636363637e-06,{}
6,B,Garbage Collection Pauses (Java vs Go),go_order,go,order,order-go-twin:9083,order-go-twin:9083,2026-06-23 13:42:11,2026-06-23T08:12:11Z,1782202331,warmup,180.0,1.0635563636363638e-05,{}
6,B,Garbage Collection Pauses (Java vs Go),go_order,go,order,warehouse-go:8084,warehouse-go:8084,2026-06-23 13:42:11,2026-06-23T08:12:11Z,1782202331,warmup,180.0,2.495545454545454e-06,{}
6,B,Garbage Collection Pauses (Java vs Go),go_order,go,order,inventory-go-twin:9082,inventory-go-twin:9082,2026-06-23 13:42:26,2026-06-23T08:12:26Z,1782202346,warmup,195.0,2.772290909090909e-06,{}
6,B,Garbage Collection Pauses (Java vs Go),go_order,go,order,order-go-twin:9083,order-go-twin:9083,2026-06-23 13:42:26,2026-06-23T08:12:26Z,1782202346,warmup,195.0,1.0181490909090911e-05,{}
6,B,Garbage Collection Pauses (Java vs Go),go_order,go,order,warehouse-go:8084,warehouse-go:8084,2026-06-23 13:42:26,2026-06-23T08:12:26Z,1782202346,warmup,195.0,3.123381818181817e-06,{}
6,B,Garbage Collection Pauses (Java vs Go),go_order,go,order,inventory-go-twin:9082,inventory-go-twin:9082,2026-06-23 13:42:41,2026-06-23T08:12:41Z,1782202361,warmup,210.0,3.267636363636363e-06,{}
6,B,Garbage Collection Pauses (Java vs Go),go_order,go,order,order-go-twin:9083,order-go-twin:9083,2026-06-23 13:42:41,2026-06-23T08:12:41Z,1782202361,warmup,210.0,8.715127272727273e-06,{}
6,B,Garbage Collection Pauses (Java vs Go),go_order,go,order,warehouse-go:8084,warehouse-go:8084,2026-06-23 13:42:41,2026-06-23T08:12:41Z,1782202361,warmup,210.0,3.123381818181817e-06,{}
6,B,Garbage Collection Pauses (Java vs Go),go_order,go,order,inventory-go-twin:9082,inventory-go-twin:9082,2026-06-23 13:42:56,2026-06-23T08:12:56Z,1782202376,warmup,225.0,2.3484181818181818e-06,{}
6,B,Garbage Collection Pauses (Java vs Go),go_order,go,order,order-go-twin:9083,order-go-twin:9083,2026-06-23 13:42:56,2026-06-23T08:12:56Z,1782202376,warmup,225.0,8.751054545454545e-06,{}
6,B,Garbage Collection Pauses (Java vs Go),go_order,go,order,warehouse-go:8084,warehouse-go:8084,2026-06-23 13:42:56,2026-06-23T08:12:56Z,1782202376,warmup,225.0,6.278363636363631e-07,{}
6,B,Garbage Collection Pauses (Java vs Go),go_order,go,order,inventory-go-twin:9082,inventory-go-twin:9082,2026-06-23 13:43:11,2026-06-23T08:13:11Z,1782202391,warmup,240.0,2.9677999999999994e-06,{}
6,B,Garbage Collection Pauses (Java vs Go),go_order,go,order,order-go-twin:9083,order-go-twin:9083,2026-06-23 13:43:11,2026-06-23T08:13:11Z,1782202391,warmup,240.0,8.879072727272725e-06,{}
6,B,Garbage Collection Pauses (Java vs Go),go_order,go,order,warehouse-go:8084,warehouse-go:8084,2026-06-23 13:43:11,2026-06-23T08:13:11Z,1782202391,warmup,240.0,2.1242727272727277e-06,{}
6,B,Garbage Collection Pauses (Java vs Go),go_order,go,order,inventory-go-twin:9082,inventory-go-twin:9082,2026-06-23 13:43:26,2026-06-23T08:13:26Z,1782202406,warmup,255.0,3.909854545454546e-06,{}
6,B,Garbage Collection Pauses (Java vs Go),go_order,go,order,order-go-twin:9083,order-go-twin:9083,2026-06-23 13:43:26,2026-06-23T08:13:26Z,1782202406,warmup,255.0,1.1878945454545453e-05,{}
6,B,Garbage Collection Pauses (Java vs Go),go_order,go,order,warehouse-go:8084,warehouse-go:8084,2026-06-23 13:43:26,2026-06-23T08:13:26Z,1782202406,warmup,255.0,1.4964363636363647e-06,{}
6,B,Garbage Collection Pauses (Java vs Go),go_order,go,order,inventory-go-twin:9082,inventory-go-twin:9082,2026-06-23 13:43:41,2026-06-23T08:13:41Z,1782202421,warmup,270.0,6.166581818181819e-06,{}
6,B,Garbage Collection Pauses (Java vs Go),go_order,go,order,order-go-twin:9083,order-go-twin:9083,2026-06-23 13:43:41,2026-06-23T08:13:41Z,1782202421,warmup,270.0,1.496061818181818e-05,{}
6,B,Garbage Collection Pauses (Java vs Go),go_order,go,order,warehouse-go:8084,warehouse-go:8084,2026-06-23 13:43:41,2026-06-23T08:13:41Z,1782202421,warmup,270.0,2.116418181818181e-06,{}
6,B,Garbage Collection Pauses (Java vs Go),go_order,go,order,inventory-go-twin:9082,inventory-go-twin:9082,2026-06-23 13:43:56,2026-06-23T08:13:56Z,1782202436,warmup,285.0,8.724545454545454e-06,{}
6,B,Garbage Collection Pauses (Java vs Go),go_order,go,order,order-go-twin:9083,order-go-twin:9083,2026-06-23 13:43:56,2026-06-23T08:13:56Z,1782202436,warmup,285.0,1.7766127272727268e-05,{}
6,B,Garbage Collection Pauses (Java vs Go),go_order,go,order,warehouse-go:8084,warehouse-go:8084,2026-06-23 13:43:56,2026-06-23T08:13:56Z,1782202436,warmup,285.0,3.083745454545452e-06,{}
6,B,Garbage Collection Pauses (Java vs Go),go_order,go,order,inventory-go-twin:9082,inventory-go-twin:9082,2026-06-23 13:44:11,2026-06-23T08:14:11Z,1782202451,ramp_1,300.0,9.1008e-06,{}
6,B,Garbage Collection Pauses (Java vs Go),go_order,go,order,order-go-twin:9083,order-go-twin:9083,2026-06-23 13:44:11,2026-06-23T08:14:11Z,1782202451,ramp_1,300.0,2.30758e-05,{}
6,B,Garbage Collection Pauses (Java vs Go),go_order,go,order,warehouse-go:8084,warehouse-go:8084,2026-06-23 13:44:11,2026-06-23T08:14:11Z,1782202451,ramp_1,300.0,3.083745454545452e-06,{}
6,B,Garbage Collection Pauses (Java vs Go),go_order,go,order,inventory-go-twin:9082,inventory-go-twin:9082,2026-06-23 13:44:26,2026-06-23T08:14:26Z,1782202466,ramp_1,315.0,1.0635309090909091e-05,{}
6,B,Garbage Collection Pauses (Java vs Go),go_order,go,order,order-go-twin:9083,order-go-twin:9083,2026-06-23 13:44:26,2026-06-23T08:14:26Z,1782202466,ramp_1,315.0,2.4775309090909096e-05,{}
6,B,Garbage Collection Pauses (Java vs Go),go_order,go,order,warehouse-go:8084,warehouse-go:8084,2026-06-23 13:44:26,2026-06-23T08:14:26Z,1782202466,ramp_1,315.0,3.450254545454546e-06,{}
6,B,Garbage Collection Pauses (Java vs Go),go_order,go,order,inventory-go-twin:9082,inventory-go-twin:9082,2026-06-23 13:44:41,2026-06-23T08:14:41Z,1782202481,ramp_1,330.0,9.230309090909092e-06,{}
6,B,Garbage Collection Pauses (Java vs Go),go_order,go,order,order-go-twin:9083,order-go-twin:9083,2026-06-23 13:44:41,2026-06-23T08:14:41Z,1782202481,ramp_1,330.0,2.7873963636363632e-05,{}
6,B,Garbage Collection Pauses (Java vs Go),go_order,go,order,warehouse-go:8084,warehouse-go:8084,2026-06-23 13:44:41,2026-06-23T08:14:41Z,1782202481,ramp_1,330.0,3.450254545454546e-06,{}
6,B,Garbage Collection Pauses (Java vs Go),go_order,go,order,inventory-go-twin:9082,inventory-go-twin:9082,2026-06-23 13:44:56,2026-06-23T08:14:56Z,1782202496,ramp_1,345.0,6.566981818181819e-06,{}
6,B,Garbage Collection Pauses (Java vs Go),go_order,go,order,order-go-twin:9083,order-go-twin:9083,2026-06-23 13:44:56,2026-06-23T08:14:56Z,1782202496,ramp_1,345.0,2.65792e-05,{}
6,B,Garbage Collection Pauses (Java vs Go),go_order,go,order,warehouse-go:8084,warehouse-go:8084,2026-06-23 13:44:56,2026-06-23T08:14:56Z,1782202496,ramp_1,345.0,9.864909090909099e-07,{}
6,B,Garbage Collection Pauses (Java vs Go),go_order,go,order,inventory-go-twin:9082,inventory-go-twin:9082,2026-06-23 13:45:11,2026-06-23T08:15:11Z,1782202511,ramp_1,360.0,9.006145454545452e-06,{}
6,B,Garbage Collection Pauses (Java vs Go),go_order,go,order,order-go-twin:9083,order-go-twin:9083,2026-06-23 13:45:11,2026-06-23T08:15:11Z,1782202511,ramp_1,360.0,2.660896363636363e-05,{}
6,B,Garbage Collection Pauses (Java vs Go),go_order,go,order,warehouse-go:8084,warehouse-go:8084,2026-06-23 13:45:11,2026-06-23T08:15:11Z,1782202511,ramp_1,360.0,1.618509090909094e-06,{}
6,B,Garbage Collection Pauses (Java vs Go),go_order,go,order,inventory-go-twin:9082,inventory-go-twin:9082,2026-06-23 13:45:26,2026-06-23T08:15:26Z,1782202526,ramp_1,375.0,1.1881454545454548e-05,{}
6,B,Garbage Collection Pauses (Java vs Go),go_order,go,order,order-go-twin:9083,order-go-twin:9083,2026-06-23 13:45:26,2026-06-23T08:15:26Z,1782202526,ramp_1,375.0,2.7710545454545447e-05,{}
6,B,Garbage Collection Pauses (Java vs Go),go_order,go,order,warehouse-go:8084,warehouse-go:8084,2026-06-23 13:45:26,2026-06-23T08:15:26Z,1782202526,ramp_1,375.0,1.2190363636363633e-06,{}
6,B,Garbage Collection Pauses (Java vs Go),go_order,go,order,inventory-go-twin:9082,inventory-go-twin:9082,2026-06-23 13:45:41,2026-06-23T08:15:41Z,1782202541,ramp_1,390.0,1.0800054545454547e-05,{}
6,B,Garbage Collection Pauses (Java vs Go),go_order,go,order,order-go-twin:9083,order-go-twin:9083,2026-06-23 13:45:41,2026-06-23T08:15:41Z,1782202541,ramp_1,390.0,2.6770599999999997e-05,{}
6,B,Garbage Collection Pauses (Java vs Go),go_order,go,order,warehouse-go:8084,warehouse-go:8084,2026-06-23 13:45:41,2026-06-23T08:15:41Z,1782202541,ramp_1,390.0,2.5658181818181816e-06,{}
6,B,Garbage Collection Pauses (Java vs Go),go_order,go,order,inventory-go-twin:9082,inventory-go-twin:9082,2026-06-23 13:45:56,2026-06-23T08:15:56Z,1782202556,ramp_1,405.0,1.1730872727272727e-05,{}
6,B,Garbage Collection Pauses (Java vs Go),go_order,go,order,order-go-twin:9083,order-go-twin:9083,2026-06-23 13:45:56,2026-06-23T08:15:56Z,1782202556,ramp_1,405.0,2.7568654545454537e-05,{}
6,B,Garbage Collection Pauses (Java vs Go),go_order,go,order,warehouse-go:8084,warehouse-go:8084,2026-06-23 13:45:56,2026-06-23T08:15:56Z,1782202556,ramp_1,405.0,1.933799999999998e-06,{}
6,B,Garbage Collection Pauses (Java vs Go),go_order,go,order,inventory-go-twin:9082,inventory-go-twin:9082,2026-06-23 13:46:11,2026-06-23T08:16:11Z,1782202571,ramp_1,420.0,1.3929400000000003e-05,{}
6,B,Garbage Collection Pauses (Java vs Go),go_order,go,order,order-go-twin:9083,order-go-twin:9083,2026-06-23 13:46:11,2026-06-23T08:16:11Z,1782202571,ramp_1,420.0,3.086765454545455e-05,{}
6,B,Garbage Collection Pauses (Java vs Go),go_order,go,order,warehouse-go:8084,warehouse-go:8084,2026-06-23 13:46:11,2026-06-23T08:16:11Z,1782202571,ramp_1,420.0,2.9254909090909067e-06,{}
6,B,Garbage Collection Pauses (Java vs Go),go_order,go,order,inventory-go-twin:9082,inventory-go-twin:9082,2026-06-23 13:46:26,2026-06-23T08:16:26Z,1782202586,ramp_1,435.0,1.302892727272727e-05,{}
6,B,Garbage Collection Pauses (Java vs Go),go_order,go,order,order-go-twin:9083,order-go-twin:9083,2026-06-23 13:46:26,2026-06-23T08:16:26Z,1782202586,ramp_1,435.0,3.142045454545454e-05,{}
6,B,Garbage Collection Pauses (Java vs Go),go_order,go,order,warehouse-go:8084,warehouse-go:8084,2026-06-23 13:46:26,2026-06-23T08:16:26Z,1782202586,ramp_1,435.0,2.3384727272727277e-06,{}
6,B,Garbage Collection Pauses (Java vs Go),go_order,go,order,inventory-go-twin:9082,inventory-go-twin:9082,2026-06-23 13:46:41,2026-06-23T08:16:41Z,1782202601,ramp_1,450.0,1.6139109090909092e-05,{}
6,B,Garbage Collection Pauses (Java vs Go),go_order,go,order,order-go-twin:9083,order-go-twin:9083,2026-06-23 13:46:41,2026-06-23T08:16:41Z,1782202601,ramp_1,450.0,3.401447272727273e-05,{}
6,B,Garbage Collection Pauses (Java vs Go),go_order,go,order,warehouse-go:8084,warehouse-go:8084,2026-06-23 13:46:41,2026-06-23T08:16:41Z,1782202601,ramp_1,450.0,9.91690909090909e-07,{}
6,B,Garbage Collection Pauses (Java vs Go),go_order,go,order,inventory-go-twin:9082,inventory-go-twin:9082,2026-06-23 13:46:56,2026-06-23T08:16:56Z,1782202616,ramp_1,465.0,1.709132727272727e-05,{}
6,B,Garbage Collection Pauses (Java vs Go),go_order,go,order,order-go-twin:9083,order-go-twin:9083,2026-06-23 13:46:56,2026-06-23T08:16:56Z,1782202616,ramp_1,465.0,3.329296363636363e-05,{}
6,B,Garbage Collection Pauses (Java vs Go),go_order,go,order,warehouse-go:8084,warehouse-go:8084,2026-06-23 13:46:56,2026-06-23T08:16:56Z,1782202616,ramp_1,465.0,9.91690909090909e-07,{}
6,B,Garbage Collection Pauses (Java vs Go),go_order,go,order,inventory-go-twin:9082,inventory-go-twin:9082,2026-06-23 13:47:11,2026-06-23T08:17:11Z,1782202631,ramp_1,480.0,1.72174e-05,{}
6,B,Garbage Collection Pauses (Java vs Go),go_order,go,order,order-go-twin:9083,order-go-twin:9083,2026-06-23 13:47:11,2026-06-23T08:17:11Z,1782202631,ramp_1,480.0,3.410127272727274e-05,{}
6,B,Garbage Collection Pauses (Java vs Go),go_order,go,order,warehouse-go:8084,warehouse-go:8084,2026-06-23 13:47:11,2026-06-23T08:17:11Z,1782202631,ramp_1,480.0,9.147818181818174e-07,{}
6,B,Garbage Collection Pauses (Java vs Go),go_order,go,order,inventory-go-twin:9082,inventory-go-twin:9082,2026-06-23 13:47:26,2026-06-23T08:17:26Z,1782202646,ramp_1,495.0,1.8302581818181807e-05,{}
6,B,Garbage Collection Pauses (Java vs Go),go_order,go,order,order-go-twin:9083,order-go-twin:9083,2026-06-23 13:47:26,2026-06-23T08:17:26Z,1782202646,ramp_1,495.0,3.656974545454545e-05,{}
6,B,Garbage Collection Pauses (Java vs Go),go_order,go,order,warehouse-go:8084,warehouse-go:8084,2026-06-23 13:47:26,2026-06-23T08:17:26Z,1782202646,ramp_1,495.0,9.147818181818174e-07,{}
6,B,Garbage Collection Pauses (Java vs Go),go_order,go,order,inventory-go-twin:9082,inventory-go-twin:9082,2026-06-23 13:47:41,2026-06-23T08:17:41Z,1782202661,ramp_1,510.0,1.926567272727273e-05,{}
6,B,Garbage Collection Pauses (Java vs Go),go_order,go,order,order-go-twin:9083,order-go-twin:9083,2026-06-23 13:47:41,2026-06-23T08:17:41Z,1782202661,ramp_1,510.0,3.9922127272727264e-05,{}
6,B,Garbage Collection Pauses (Java vs Go),go_order,go,order,warehouse-go:8084,warehouse-go:8084,2026-06-23 13:47:41,2026-06-23T08:17:41Z,1782202661,ramp_1,510.0,9.147818181818174e-07,{}
6,B,Garbage Collection Pauses (Java vs Go),go_order,go,order,inventory-go-twin:9082,inventory-go-twin:9082,2026-06-23 13:47:56,2026-06-23T08:17:56Z,1782202676,ramp_1,525.0,2.338396363636364e-05,{}
6,B,Garbage Collection Pauses (Java vs Go),go_order,go,order,order-go-twin:9083,order-go-twin:9083,2026-06-23 13:47:56,2026-06-23T08:17:56Z,1782202676,ramp_1,525.0,4.863114545454546e-05,{}
6,B,Garbage Collection Pauses (Java vs Go),go_order,go,order,warehouse-go:8084,warehouse-go:8084,2026-06-23 13:47:56,2026-06-23T08:17:56Z,1782202676,ramp_1,525.0,1.8557272727272753e-06,{}
6,B,Garbage Collection Pauses (Java vs Go),go_order,go,order,inventory-go-twin:9082,inventory-go-twin:9082,2026-06-23 13:48:11,2026-06-23T08:18:11Z,1782202691,ramp_1,540.0,2.6962818181818185e-05,{}
6,B,Garbage Collection Pauses (Java vs Go),go_order,go,order,order-go-twin:9083,order-go-twin:9083,2026-06-23 13:48:11,2026-06-23T08:18:11Z,1782202691,ramp_1,540.0,4.763287272727271e-05,{}
6,B,Garbage Collection Pauses (Java vs Go),go_order,go,order,warehouse-go:8084,warehouse-go:8084,2026-06-23 13:48:11,2026-06-23T08:18:11Z,1782202691,ramp_1,540.0,9.409454545454578e-07,{}
6,B,Garbage Collection Pauses (Java vs Go),go_order,go,order,inventory-go-twin:9082,inventory-go-twin:9082,2026-06-23 13:48:26,2026-06-23T08:18:26Z,1782202706,ramp_1,555.0,2.588785454545454e-05,{}
6,B,Garbage Collection Pauses (Java vs Go),go_order,go,order,order-go-twin:9083,order-go-twin:9083,2026-06-23 13:48:26,2026-06-23T08:18:26Z,1782202706,ramp_1,555.0,4.684481818181818e-05,{}
6,B,Garbage Collection Pauses (Java vs Go),go_order,go,order,warehouse-go:8084,warehouse-go:8084,2026-06-23 13:48:26,2026-06-23T08:18:26Z,1782202706,ramp_1,555.0,1.5698727272727313e-06,{}
6,B,Garbage Collection Pauses (Java vs Go),go_order,go,order,inventory-go-twin:9082,inventory-go-twin:9082,2026-06-23 13:48:41,2026-06-23T08:18:41Z,1782202721,ramp_1,570.0,2.654712727272728e-05,{}
6,B,Garbage Collection Pauses (Java vs Go),go_order,go,order,order-go-twin:9083,order-go-twin:9083,2026-06-23 13:48:41,2026-06-23T08:18:41Z,1782202721,ramp_1,570.0,4.660205454545455e-05,{}
6,B,Garbage Collection Pauses (Java vs Go),go_order,go,order,warehouse-go:8084,warehouse-go:8084,2026-06-23 13:48:41,2026-06-23T08:18:41Z,1782202721,ramp_1,570.0,6.289272727272736e-07,{}
6,B,Garbage Collection Pauses (Java vs Go),go_order,go,order,inventory-go-twin:9082,inventory-go-twin:9082,2026-06-23 13:48:56,2026-06-23T08:18:56Z,1782202736,ramp_1,585.0,2.8063036363636358e-05,{}
6,B,Garbage Collection Pauses (Java vs Go),go_order,go,order,order-go-twin:9083,order-go-twin:9083,2026-06-23 13:48:56,2026-06-23T08:18:56Z,1782202736,ramp_1,585.0,4.0131363636363634e-05,{}
6,B,Garbage Collection Pauses (Java vs Go),go_order,go,order,warehouse-go:8084,warehouse-go:8084,2026-06-23 13:48:56,2026-06-23T08:18:56Z,1782202736,ramp_1,585.0,1.4787999999999953e-06,{}
6,B,Garbage Collection Pauses (Java vs Go),go_order,go,order,inventory-go-twin:9082,inventory-go-twin:9082,2026-06-23 13:49:11,2026-06-23T08:19:11Z,1782202751,ramp_2,600.0,2.719558181818182e-05,{}
6,B,Garbage Collection Pauses (Java vs Go),go_order,go,order,order-go-twin:9083,order-go-twin:9083,2026-06-23 13:49:11,2026-06-23T08:19:11Z,1782202751,ramp_2,600.0,4.167265454545456e-05,{}
6,B,Garbage Collection Pauses (Java vs Go),go_order,go,order,warehouse-go:8084,warehouse-go:8084,2026-06-23 13:49:11,2026-06-23T08:19:11Z,1782202751,ramp_2,600.0,2.677636363636366e-06,{}
6,B,Garbage Collection Pauses (Java vs Go),go_order,go,order,inventory-go-twin:9082,inventory-go-twin:9082,2026-06-23 13:49:26,2026-06-23T08:19:26Z,1782202766,ramp_2,615.0,2.8554709090909096e-05,{}
6,B,Garbage Collection Pauses (Java vs Go),go_order,go,order,order-go-twin:9083,order-go-twin:9083,2026-06-23 13:49:26,2026-06-23T08:19:26Z,1782202766,ramp_2,615.0,4.6655890909090905e-05,{}
6,B,Garbage Collection Pauses (Java vs Go),go_order,go,order,warehouse-go:8084,warehouse-go:8084,2026-06-23 13:49:26,2026-06-23T08:19:26Z,1782202766,ramp_2,615.0,2.048709090909092e-06,{}
6,B,Garbage Collection Pauses (Java vs Go),go_order,go,order,inventory-go-twin:9082,inventory-go-twin:9082,2026-06-23 13:49:41,2026-06-23T08:19:41Z,1782202781,ramp_2,630.0,2.8994581818181816e-05,{}
6,B,Garbage Collection Pauses (Java vs Go),go_order,go,order,order-go-twin:9083,order-go-twin:9083,2026-06-23 13:49:41,2026-06-23T08:19:41Z,1782202781,ramp_2,630.0,5.999276363636361e-05,{}
6,B,Garbage Collection Pauses (Java vs Go),go_order,go,order,warehouse-go:8084,warehouse-go:8084,2026-06-23 13:49:41,2026-06-23T08:19:41Z,1782202781,ramp_2,630.0,2.586927272727268e-06,{}
6,B,Garbage Collection Pauses (Java vs Go),go_order,go,order,inventory-go-twin:9082,inventory-go-twin:9082,2026-06-23 13:49:56,2026-06-23T08:19:56Z,1782202796,ramp_2,645.0,2.962167272727274e-05,{}
6,B,Garbage Collection Pauses (Java vs Go),go_order,go,order,order-go-twin:9083,order-go-twin:9083,2026-06-23 13:49:56,2026-06-23T08:19:56Z,1782202796,ramp_2,645.0,7.625107272727274e-05,{}
6,B,Garbage Collection Pauses (Java vs Go),go_order,go,order,warehouse-go:8084,warehouse-go:8084,2026-06-23 13:49:56,2026-06-23T08:19:56Z,1782202796,ramp_2,645.0,1.1777636363636327e-06,{}
6,B,Garbage Collection Pauses (Java vs Go),go_order,go,order,inventory-go-twin:9082,inventory-go-twin:9082,2026-06-23 13:50:11,2026-06-23T08:20:11Z,1782202811,ramp_2,660.0,2.9730872727272728e-05,{}
6,B,Garbage Collection Pauses (Java vs Go),go_order,go,order,order-go-twin:9083,order-go-twin:9083,2026-06-23 13:50:11,2026-06-23T08:20:11Z,1782202811,ramp_2,660.0,7.610872727272728e-05,{}
6,B,Garbage Collection Pauses (Java vs Go),go_order,go,order,warehouse-go:8084,warehouse-go:8084,2026-06-23 13:50:11,2026-06-23T08:20:11Z,1782202811,ramp_2,660.0,1.1215272727272686e-06,{}
6,B,Garbage Collection Pauses (Java vs Go),go_order,go,order,inventory-go-twin:9082,inventory-go-twin:9082,2026-06-23 13:50:26,2026-06-23T08:20:26Z,1782202826,ramp_2,675.0,2.8341054545454533e-05,{}
6,B,Garbage Collection Pauses (Java vs Go),go_order,go,order,order-go-twin:9083,order-go-twin:9083,2026-06-23 13:50:26,2026-06-23T08:20:26Z,1782202826,ramp_2,675.0,7.74142909090909e-05,{}
6,B,Garbage Collection Pauses (Java vs Go),go_order,go,order,warehouse-go:8084,warehouse-go:8084,2026-06-23 13:50:26,2026-06-23T08:20:26Z,1782202826,ramp_2,675.0,1.9623818181818164e-06,{}
6,B,Garbage Collection Pauses (Java vs Go),go_order,go,order,inventory-go-twin:9082,inventory-go-twin:9082,2026-06-23 13:50:41,2026-06-23T08:20:41Z,1782202841,ramp_2,690.0,2.3000872727272716e-05,{}
6,B,Garbage Collection Pauses (Java vs Go),go_order,go,order,order-go-twin:9083,order-go-twin:9083,2026-06-23 13:50:41,2026-06-23T08:20:41Z,1782202841,ramp_2,690.0,6.076389090909086e-05,{}
6,B,Garbage Collection Pauses (Java vs Go),go_order,go,order,warehouse-go:8084,warehouse-go:8084,2026-06-23 13:50:41,2026-06-23T08:20:41Z,1782202841,ramp_2,690.0,1.4241636363636408e-06,{}
6,B,Garbage Collection Pauses (Java vs Go),go_order,go,order,inventory-go-twin:9082,inventory-go-twin:9082,2026-06-23 13:50:56,2026-06-23T08:20:56Z,1782202856,ramp_2,705.0,2.050329090909091e-05,{}
6,B,Garbage Collection Pauses (Java vs Go),go_order,go,order,order-go-twin:9083,order-go-twin:9083,2026-06-23 13:50:56,2026-06-23T08:20:56Z,1782202856,ramp_2,705.0,5.6919509090909106e-05,{}
6,B,Garbage Collection Pauses (Java vs Go),go_order,go,order,warehouse-go:8084,warehouse-go:8084,2026-06-23 13:50:56,2026-06-23T08:20:56Z,1782202856,ramp_2,705.0,1.4245454545454551e-06,{}
6,B,Garbage Collection Pauses (Java vs Go),go_order,go,order,inventory-go-twin:9082,inventory-go-twin:9082,2026-06-23 13:51:11,2026-06-23T08:21:11Z,1782202871,ramp_2,720.0,2.2908545454545438e-05,{}
6,B,Garbage Collection Pauses (Java vs Go),go_order,go,order,order-go-twin:9083,order-go-twin:9083,2026-06-23 13:51:11,2026-06-23T08:21:11Z,1782202871,ramp_2,720.0,5.709016363636365e-05,{}
6,B,Garbage Collection Pauses (Java vs Go),go_order,go,order,warehouse-go:8084,warehouse-go:8084,2026-06-23 13:51:11,2026-06-23T08:21:11Z,1782202871,ramp_2,720.0,2.0226727272727285e-06,{}
6,B,Garbage Collection Pauses (Java vs Go),go_order,go,order,inventory-go-twin:9082,inventory-go-twin:9082,2026-06-23 13:51:26,2026-06-23T08:21:26Z,1782202886,ramp_2,735.0,2.0348436363636342e-05,{}
6,B,Garbage Collection Pauses (Java vs Go),go_order,go,order,order-go-twin:9083,order-go-twin:9083,2026-06-23 13:51:26,2026-06-23T08:21:26Z,1782202886,ramp_2,735.0,6.193583636363632e-05,{}
6,B,Garbage Collection Pauses (Java vs Go),go_order,go,order,warehouse-go:8084,warehouse-go:8084,2026-06-23 13:51:26,2026-06-23T08:21:26Z,1782202886,ramp_2,735.0,2.0619636363636314e-06,{}
6,B,Garbage Collection Pauses (Java vs Go),go_order,go,order,inventory-go-twin:9082,inventory-go-twin:9082,2026-06-23 13:51:41,2026-06-23T08:21:41Z,1782202901,ramp_2,750.0,2.209898181818184e-05,{}
6,B,Garbage Collection Pauses (Java vs Go),go_order,go,order,order-go-twin:9083,order-go-twin:9083,2026-06-23 13:51:41,2026-06-23T08:21:41Z,1782202901,ramp_2,750.0,6.407558181818182e-05,{}
6,B,Garbage Collection Pauses (Java vs Go),go_order,go,order,warehouse-go:8084,warehouse-go:8084,2026-06-23 13:51:41,2026-06-23T08:21:41Z,1782202901,ramp_2,750.0,3.535127272727273e-06,{}
6,B,Garbage Collection Pauses (Java vs Go),go_order,go,order,inventory-go-twin:9082,inventory-go-twin:9082,2026-06-23 13:51:56,2026-06-23T08:21:56Z,1782202916,ramp_2,765.0,2.2163563636363633e-05,{}
6,B,Garbage Collection Pauses (Java vs Go),go_order,go,order,order-go-twin:9083,order-go-twin:9083,2026-06-23 13:51:56,2026-06-23T08:21:56Z,1782202916,ramp_2,765.0,6.45454545454545e-05,{}
6,B,Garbage Collection Pauses (Java vs Go),go_order,go,order,warehouse-go:8084,warehouse-go:8084,2026-06-23 13:51:56,2026-06-23T08:21:56Z,1782202916,ramp_2,765.0,2.951436363636366e-06,{}
6,B,Garbage Collection Pauses (Java vs Go),go_order,go,order,inventory-go-twin:9082,inventory-go-twin:9082,2026-06-23 13:52:11,2026-06-23T08:22:11Z,1782202931,ramp_2,780.0,1.9824636363636352e-05,{}
6,B,Garbage Collection Pauses (Java vs Go),go_order,go,order,order-go-twin:9083,order-go-twin:9083,2026-06-23 13:52:11,2026-06-23T08:22:11Z,1782202931,ramp_2,780.0,5.359772727272725e-05,{}
6,B,Garbage Collection Pauses (Java vs Go),go_order,go,order,warehouse-go:8084,warehouse-go:8084,2026-06-23 13:52:11,2026-06-23T08:22:11Z,1782202931,ramp_2,780.0,3.006309090909086e-06,{}
6,B,Garbage Collection Pauses (Java vs Go),go_order,go,order,inventory-go-twin:9082,inventory-go-twin:9082,2026-06-23 13:52:26,2026-06-23T08:22:26Z,1782202946,ramp_2,795.0,2.1665836363636367e-05,{}
6,B,Garbage Collection Pauses (Java vs Go),go_order,go,order,order-go-twin:9083,order-go-twin:9083,2026-06-23 13:52:26,2026-06-23T08:22:26Z,1782202946,ramp_2,795.0,5.055221818181817e-05,{}
6,B,Garbage Collection Pauses (Java vs Go),go_order,go,order,warehouse-go:8084,warehouse-go:8084,2026-06-23 13:52:26,2026-06-23T08:22:26Z,1782202946,ramp_2,795.0,2.126163636363635e-06,{}
6,B,Garbage Collection Pauses (Java vs Go),go_order,go,order,inventory-go-twin:9082,inventory-go-twin:9082,2026-06-23 13:52:41,2026-06-23T08:22:41Z,1782202961,ramp_2,810.0,2.5879927272727248e-05,{}
6,B,Garbage Collection Pauses (Java vs Go),go_order,go,order,order-go-twin:9083,order-go-twin:9083,2026-06-23 13:52:41,2026-06-23T08:22:41Z,1782202961,ramp_2,810.0,4.342485454545452e-05,{}
6,B,Garbage Collection Pauses (Java vs Go),go_order,go,order,warehouse-go:8084,warehouse-go:8084,2026-06-23 13:52:41,2026-06-23T08:22:41Z,1782202961,ramp_2,810.0,1.4706181818181785e-06,{}
6,B,Garbage Collection Pauses (Java vs Go),go_order,go,order,inventory-go-twin:9082,inventory-go-twin:9082,2026-06-23 13:52:56,2026-06-23T08:22:56Z,1782202976,ramp_2,825.0,2.962734545454546e-05,{}
6,B,Garbage Collection Pauses (Java vs Go),go_order,go,order,order-go-twin:9083,order-go-twin:9083,2026-06-23 13:52:56,2026-06-23T08:22:56Z,1782202976,ramp_2,825.0,4.177043636363639e-05,{}
6,B,Garbage Collection Pauses (Java vs Go),go_order,go,order,warehouse-go:8084,warehouse-go:8084,2026-06-23 13:52:56,2026-06-23T08:22:56Z,1782202976,ramp_2,825.0,2.075890909090907e-06,{}
6,B,Garbage Collection Pauses (Java vs Go),go_order,go,order,inventory-go-twin:9082,inventory-go-twin:9082,2026-06-23 13:53:11,2026-06-23T08:23:11Z,1782202991,ramp_2,840.0,3.790629090909093e-05,{}
6,B,Garbage Collection Pauses (Java vs Go),go_order,go,order,order-go-twin:9083,order-go-twin:9083,2026-06-23 13:53:11,2026-06-23T08:23:11Z,1782202991,ramp_2,840.0,3.9833454545454535e-05,{}
6,B,Garbage Collection Pauses (Java vs Go),go_order,go,order,warehouse-go:8084,warehouse-go:8084,2026-06-23 13:53:11,2026-06-23T08:23:11Z,1782202991,ramp_2,840.0,1.4228909090909132e-06,{}
6,B,Garbage Collection Pauses (Java vs Go),go_order,go,order,inventory-go-twin:9082,inventory-go-twin:9082,2026-06-23 13:53:26,2026-06-23T08:23:26Z,1782203006,ramp_2,855.0,3.4030581818181806e-05,{}
6,B,Garbage Collection Pauses (Java vs Go),go_order,go,order,order-go-twin:9083,order-go-twin:9083,2026-06-23 13:53:26,2026-06-23T08:23:26Z,1782203006,ramp_2,855.0,6.0747054545454524e-05,{}
6,B,Garbage Collection Pauses (Java vs Go),go_order,go,order,warehouse-go:8084,warehouse-go:8084,2026-06-23 13:53:26,2026-06-23T08:23:26Z,1782203006,ramp_2,855.0,2.0233090909090962e-06,{}
6,B,Garbage Collection Pauses (Java vs Go),go_order,go,order,inventory-go-twin:9082,inventory-go-twin:9082,2026-06-23 13:53:41,2026-06-23T08:23:41Z,1782203021,ramp_2,870.0,3.456121818181819e-05,{}
6,B,Garbage Collection Pauses (Java vs Go),go_order,go,order,order-go-twin:9083,order-go-twin:9083,2026-06-23 13:53:41,2026-06-23T08:23:41Z,1782203021,ramp_2,870.0,6.514345454545458e-05,{}
6,B,Garbage Collection Pauses (Java vs Go),go_order,go,order,warehouse-go:8084,warehouse-go:8084,2026-06-23 13:53:41,2026-06-23T08:23:41Z,1782203021,ramp_2,870.0,1.2085090909090924e-06,{}
6,B,Garbage Collection Pauses (Java vs Go),go_order,go,order,inventory-go-twin:9082,inventory-go-twin:9082,2026-06-23 13:53:56,2026-06-23T08:23:56Z,1782203036,ramp_2,885.0,3.054361818181818e-05,{}
6,B,Garbage Collection Pauses (Java vs Go),go_order,go,order,order-go-twin:9083,order-go-twin:9083,2026-06-23 13:53:56,2026-06-23T08:23:56Z,1782203036,ramp_2,885.0,6.858107272727269e-05,{}
6,B,Garbage Collection Pauses (Java vs Go),go_order,go,order,warehouse-go:8084,warehouse-go:8084,2026-06-23 13:53:56,2026-06-23T08:23:56Z,1782203036,ramp_2,885.0,4.920454545454546e-06,{}
6,B,Garbage Collection Pauses (Java vs Go),go_order,go,order,inventory-go-twin:9082,inventory-go-twin:9082,2026-06-23 13:54:11,2026-06-23T08:24:11Z,1782203051,ramp_3,900.0,2.9680890909090926e-05,{}
6,B,Garbage Collection Pauses (Java vs Go),go_order,go,order,order-go-twin:9083,order-go-twin:9083,2026-06-23 13:54:11,2026-06-23T08:24:11Z,1782203051,ramp_3,900.0,7.038667272727268e-05,{}
6,B,Garbage Collection Pauses (Java vs Go),go_order,go,order,warehouse-go:8084,warehouse-go:8084,2026-06-23 13:54:11,2026-06-23T08:24:11Z,1782203051,ramp_3,900.0,4.320036363636362e-06,{}
6,B,Garbage Collection Pauses (Java vs Go),go_order,go,order,inventory-go-twin:9082,inventory-go-twin:9082,2026-06-23 13:54:26,2026-06-23T08:24:26Z,1782203066,ramp_3,915.0,2.8132090909090922e-05,{}
6,B,Garbage Collection Pauses (Java vs Go),go_order,go,order,order-go-twin:9083,order-go-twin:9083,2026-06-23 13:54:26,2026-06-23T08:24:26Z,1782203066,ramp_3,915.0,4.811903636363634e-05,{}
6,B,Garbage Collection Pauses (Java vs Go),go_order,go,order,warehouse-go:8084,warehouse-go:8084,2026-06-23 13:54:26,2026-06-23T08:24:26Z,1782203066,ramp_3,915.0,4.393527272727274e-06,{}
6,B,Garbage Collection Pauses (Java vs Go),go_order,go,order,inventory-go-twin:9082,inventory-go-twin:9082,2026-06-23 13:54:41,2026-06-23T08:24:41Z,1782203081,ramp_3,930.0,3.8204872727272694e-05,{}
6,B,Garbage Collection Pauses (Java vs Go),go_order,go,order,order-go-twin:9083,order-go-twin:9083,2026-06-23 13:54:41,2026-06-23T08:24:41Z,1782203081,ramp_3,930.0,4.069650909090905e-05,{}
6,B,Garbage Collection Pauses (Java vs Go),go_order,go,order,warehouse-go:8084,warehouse-go:8084,2026-06-23 13:54:41,2026-06-23T08:24:41Z,1782203081,ramp_3,930.0,5.037963636363636e-06,{}
6,B,Garbage Collection Pauses (Java vs Go),go_order,go,order,inventory-go-twin:9082,inventory-go-twin:9082,2026-06-23 13:54:56,2026-06-23T08:24:56Z,1782203096,ramp_3,945.0,4.312245454545457e-05,{}
6,B,Garbage Collection Pauses (Java vs Go),go_order,go,order,order-go-twin:9083,order-go-twin:9083,2026-06-23 13:54:56,2026-06-23T08:24:56Z,1782203096,ramp_3,945.0,3.8046199999999934e-05,{}
6,B,Garbage Collection Pauses (Java vs Go),go_order,go,order,warehouse-go:8084,warehouse-go:8084,2026-06-23 13:54:56,2026-06-23T08:24:56Z,1782203096,ramp_3,945.0,1.3260181818181825e-06,{}
6,B,Garbage Collection Pauses (Java vs Go),go_order,go,order,inventory-go-twin:9082,inventory-go-twin:9082,2026-06-23 13:55:11,2026-06-23T08:25:11Z,1782203111,ramp_3,960.0,4.417379999999999e-05,{}
6,B,Garbage Collection Pauses (Java vs Go),go_order,go,order,order-go-twin:9083,order-go-twin:9083,2026-06-23 13:55:11,2026-06-23T08:25:11Z,1782203111,ramp_3,960.0,5.394641818181813e-05,{}
6,B,Garbage Collection Pauses (Java vs Go),go_order,go,order,warehouse-go:8084,warehouse-go:8084,2026-06-23 13:55:11,2026-06-23T08:25:11Z,1782203111,ramp_3,960.0,2.276963636363632e-06,{}
6,B,Garbage Collection Pauses (Java vs Go),go_order,go,order,inventory-go-twin:9082,inventory-go-twin:9082,2026-06-23 13:55:26,2026-06-23T08:25:26Z,1782203126,ramp_3,975.0,4.620800000000001e-05,{}
6,B,Garbage Collection Pauses (Java vs Go),go_order,go,order,order-go-twin:9083,order-go-twin:9083,2026-06-23 13:55:26,2026-06-23T08:25:26Z,1782203126,ramp_3,975.0,5.21429636363636e-05,{}
6,B,Garbage Collection Pauses (Java vs Go),go_order,go,order,warehouse-go:8084,warehouse-go:8084,2026-06-23 13:55:26,2026-06-23T08:25:26Z,1782203126,ramp_3,975.0,2.3293636363636333e-06,{}
6,B,Garbage Collection Pauses (Java vs Go),go_order,go,order,inventory-go-twin:9082,inventory-go-twin:9082,2026-06-23 13:55:41,2026-06-23T08:25:41Z,1782203141,ramp_3,990.0,3.166692727272724e-05,{}
6,B,Garbage Collection Pauses (Java vs Go),go_order,go,order,order-go-twin:9083,order-go-twin:9083,2026-06-23 13:55:41,2026-06-23T08:25:41Z,1782203141,ramp_3,990.0,5.404676363636363e-05,{}
6,B,Garbage Collection Pauses (Java vs Go),go_order,go,order,warehouse-go:8084,warehouse-go:8084,2026-06-23 13:55:41,2026-06-23T08:25:41Z,1782203141,ramp_3,990.0,2.5140909090909046e-06,{}
6,B,Garbage Collection Pauses (Java vs Go),go_order,go,order,inventory-go-twin:9082,inventory-go-twin:9082,2026-06-23 13:55:56,2026-06-23T08:25:56Z,1782203156,ramp_3,1005.0,2.84896909090909e-05,{}
6,B,Garbage Collection Pauses (Java vs Go),go_order,go,order,order-go-twin:9083,order-go-twin:9083,2026-06-23 13:55:56,2026-06-23T08:25:56Z,1782203156,ramp_3,1005.0,4.7507963636363675e-05,{}
6,B,Garbage Collection Pauses (Java vs Go),go_order,go,order,warehouse-go:8084,warehouse-go:8084,2026-06-23 13:55:56,2026-06-23T08:25:56Z,1782203156,ramp_3,1005.0,3.268163636363634e-06,{}
6,B,Garbage Collection Pauses (Java vs Go),go_order,go,order,inventory-go-twin:9082,inventory-go-twin:9082,2026-06-23 13:56:11,2026-06-23T08:26:11Z,1782203171,ramp_3,1020.0,2.3210890909090905e-05,{}
6,B,Garbage Collection Pauses (Java vs Go),go_order,go,order,order-go-twin:9083,order-go-twin:9083,2026-06-23 13:56:11,2026-06-23T08:26:11Z,1782203171,ramp_3,1020.0,4.1937781818181756e-05,{}
6,B,Garbage Collection Pauses (Java vs Go),go_order,go,order,warehouse-go:8084,warehouse-go:8084,2026-06-23 13:56:11,2026-06-23T08:26:11Z,1782203171,ramp_3,1020.0,2.3172181818181845e-06,{}
6,B,Garbage Collection Pauses (Java vs Go),go_order,go,order,inventory-go-twin:9082,inventory-go-twin:9082,2026-06-23 13:56:26,2026-06-23T08:26:26Z,1782203186,ramp_3,1035.0,2.0370218181818176e-05,{}
6,B,Garbage Collection Pauses (Java vs Go),go_order,go,order,order-go-twin:9083,order-go-twin:9083,2026-06-23 13:56:26,2026-06-23T08:26:26Z,1782203186,ramp_3,1035.0,3.889052727272726e-05,{}
6,B,Garbage Collection Pauses (Java vs Go),go_order,go,order,warehouse-go:8084,warehouse-go:8084,2026-06-23 13:56:26,2026-06-23T08:26:26Z,1782203186,ramp_3,1035.0,2.149236363636361e-06,{}
6,B,Garbage Collection Pauses (Java vs Go),go_order,go,order,inventory-go-twin:9082,inventory-go-twin:9082,2026-06-23 13:56:41,2026-06-23T08:26:41Z,1782203201,ramp_3,1050.0,2.161427272727275e-05,{}
6,B,Garbage Collection Pauses (Java vs Go),go_order,go,order,order-go-twin:9083,order-go-twin:9083,2026-06-23 13:56:41,2026-06-23T08:26:41Z,1782203201,ramp_3,1050.0,3.122110909090912e-05,{}
6,B,Garbage Collection Pauses (Java vs Go),go_order,go,order,warehouse-go:8084,warehouse-go:8084,2026-06-23 13:56:41,2026-06-23T08:26:41Z,1782203201,ramp_3,1050.0,1.7866909090909147e-06,{}
6,B,Garbage Collection Pauses (Java vs Go),go_order,go,order,inventory-go-twin:9082,inventory-go-twin:9082,2026-06-23 13:56:56,2026-06-23T08:26:56Z,1782203216,ramp_3,1065.0,2.4780818181818195e-05,{}
6,B,Garbage Collection Pauses (Java vs Go),go_order,go,order,order-go-twin:9083,order-go-twin:9083,2026-06-23 13:56:56,2026-06-23T08:26:56Z,1782203216,ramp_3,1065.0,3.7218581818181864e-05,{}
6,B,Garbage Collection Pauses (Java vs Go),go_order,go,order,warehouse-go:8084,warehouse-go:8084,2026-06-23 13:56:56,2026-06-23T08:26:56Z,1782203216,ramp_3,1065.0,1.0326181818181854e-06,{}
6,B,Garbage Collection Pauses (Java vs Go),go_order,go,order,inventory-go-twin:9082,inventory-go-twin:9082,2026-06-23 13:57:11,2026-06-23T08:27:11Z,1782203231,ramp_3,1080.0,2.9375272727272754e-05,{}
6,B,Garbage Collection Pauses (Java vs Go),go_order,go,order,order-go-twin:9083,order-go-twin:9083,2026-06-23 13:57:11,2026-06-23T08:27:11Z,1782203231,ramp_3,1080.0,3.734572727272726e-05,{}
6,B,Garbage Collection Pauses (Java vs Go),go_order,go,order,warehouse-go:8084,warehouse-go:8084,2026-06-23 13:57:11,2026-06-23T08:27:11Z,1782203231,ramp_3,1080.0,1.0326181818181854e-06,{}
6,B,Garbage Collection Pauses (Java vs Go),go_order,go,order,inventory-go-twin:9082,inventory-go-twin:9082,2026-06-23 13:57:26,2026-06-23T08:27:26Z,1782203246,ramp_3,1095.0,3.1080018181818166e-05,{}
6,B,Garbage Collection Pauses (Java vs Go),go_order,go,order,order-go-twin:9083,order-go-twin:9083,2026-06-23 13:57:26,2026-06-23T08:27:26Z,1782203246,ramp_3,1095.0,4.0173236363636274e-05,{}
6,B,Garbage Collection Pauses (Java vs Go),go_order,go,order,warehouse-go:8084,warehouse-go:8084,2026-06-23 13:57:26,2026-06-23T08:27:26Z,1782203246,ramp_3,1095.0,1.4425818181818189e-06,{}
6,B,Garbage Collection Pauses (Java vs Go),go_order,go,order,inventory-go-twin:9082,inventory-go-twin:9082,2026-06-23 13:57:41,2026-06-23T08:27:41Z,1782203261,ramp_3,1110.0,2.9758399999999972e-05,{}
6,B,Garbage Collection Pauses (Java vs Go),go_order,go,order,order-go-twin:9083,order-go-twin:9083,2026-06-23 13:57:41,2026-06-23T08:27:41Z,1782203261,ramp_3,1110.0,3.881316363636372e-05,{}
6,B,Garbage Collection Pauses (Java vs Go),go_order,go,order,warehouse-go:8084,warehouse-go:8084,2026-06-23 13:57:41,2026-06-23T08:27:41Z,1782203261,ramp_3,1110.0,9.75963636363631e-07,{}
6,B,Garbage Collection Pauses (Java vs Go),go_order,go,order,inventory-go-twin:9082,inventory-go-twin:9082,2026-06-23 13:57:56,2026-06-23T08:27:56Z,1782203276,ramp_3,1125.0,2.4273072727272724e-05,{}
6,B,Garbage Collection Pauses (Java vs Go),go_order,go,order,order-go-twin:9083,order-go-twin:9083,2026-06-23 13:57:56,2026-06-23T08:27:56Z,1782203276,ramp_3,1125.0,3.688990909090904e-05,{}
6,B,Garbage Collection Pauses (Java vs Go),go_order,go,order,warehouse-go:8084,warehouse-go:8084,2026-06-23 13:57:56,2026-06-23T08:27:56Z,1782203276,ramp_3,1125.0,9.75963636363631e-07,{}
6,B,Garbage Collection Pauses (Java vs Go),go_order,go,order,inventory-go-twin:9082,inventory-go-twin:9082,2026-06-23 13:58:11,2026-06-23T08:28:11Z,1782203291,ramp_3,1140.0,2.6017581818181847e-05,{}
6,B,Garbage Collection Pauses (Java vs Go),go_order,go,order,order-go-twin:9083,order-go-twin:9083,2026-06-23 13:58:11,2026-06-23T08:28:11Z,1782203291,ramp_3,1140.0,3.2742472727272724e-05,{}
6,B,Garbage Collection Pauses (Java vs Go),go_order,go,order,warehouse-go:8084,warehouse-go:8084,2026-06-23 13:58:11,2026-06-23T08:28:11Z,1782203291,ramp_3,1140.0,0.0,{}
6,B,Garbage Collection Pauses (Java vs Go),go_order,go,order,inventory-go-twin:9082,inventory-go-twin:9082,2026-06-23 13:58:26,2026-06-23T08:28:26Z,1782203306,ramp_3,1155.0,2.6408272727272696e-05,{}
6,B,Garbage Collection Pauses (Java vs Go),go_order,go,order,order-go-twin:9083,order-go-twin:9083,2026-06-23 13:58:26,2026-06-23T08:28:26Z,1782203306,ramp_3,1155.0,2.969756363636371e-05,{}
6,B,Garbage Collection Pauses (Java vs Go),go_order,go,order,warehouse-go:8084,warehouse-go:8084,2026-06-23 13:58:26,2026-06-23T08:28:26Z,1782203306,ramp_3,1155.0,1.2875272727272765e-06,{}
6,B,Garbage Collection Pauses (Java vs Go),go_order,go,order,inventory-go-twin:9082,inventory-go-twin:9082,2026-06-23 13:58:41,2026-06-23T08:28:41Z,1782203321,ramp_3,1170.0,2.831552727272728e-05,{}
6,B,Garbage Collection Pauses (Java vs Go),go_order,go,order,order-go-twin:9083,order-go-twin:9083,2026-06-23 13:58:41,2026-06-23T08:28:41Z,1782203321,ramp_3,1170.0,2.6635418181818192e-05,{}
6,B,Garbage Collection Pauses (Java vs Go),go_order,go,order,warehouse-go:8084,warehouse-go:8084,2026-06-23 13:58:41,2026-06-23T08:28:41Z,1782203321,ramp_3,1170.0,1.2875272727272765e-06,{}
6,B,Garbage Collection Pauses (Java vs Go),go_order,go,order,inventory-go-twin:9082,inventory-go-twin:9082,2026-06-23 13:58:56,2026-06-23T08:28:56Z,1782203336,ramp_3,1185.0,3.290345454545459e-05,{}
6,B,Garbage Collection Pauses (Java vs Go),go_order,go,order,order-go-twin:9083,order-go-twin:9083,2026-06-23 13:58:56,2026-06-23T08:28:56Z,1782203336,ramp_3,1185.0,2.264332727272732e-05,{}
6,B,Garbage Collection Pauses (Java vs Go),go_order,go,order,warehouse-go:8084,warehouse-go:8084,2026-06-23 13:58:56,2026-06-23T08:28:56Z,1782203336,ramp_3,1185.0,1.2875272727272765e-06,{}
6,B,Garbage Collection Pauses (Java vs Go),go_order,go,order,inventory-go-twin:9082,inventory-go-twin:9082,2026-06-23 13:59:11,2026-06-23T08:29:11Z,1782203351,sustain,1200.0,4.0176763636363646e-05,{}
6,B,Garbage Collection Pauses (Java vs Go),go_order,go,order,order-go-twin:9083,order-go-twin:9083,2026-06-23 13:59:11,2026-06-23T08:29:11Z,1782203351,sustain,1200.0,3.2985963636363654e-05,{}
6,B,Garbage Collection Pauses (Java vs Go),go_order,go,order,warehouse-go:8084,warehouse-go:8084,2026-06-23 13:59:11,2026-06-23T08:29:11Z,1782203351,sustain,1200.0,0.0,{}
6,B,Garbage Collection Pauses (Java vs Go),go_order,go,order,inventory-go-twin:9082,inventory-go-twin:9082,2026-06-23 13:59:26,2026-06-23T08:29:26Z,1782203366,sustain,1215.0,3.994692727272727e-05,{}
6,B,Garbage Collection Pauses (Java vs Go),go_order,go,order,order-go-twin:9083,order-go-twin:9083,2026-06-23 13:59:26,2026-06-23T08:29:26Z,1782203366,sustain,1215.0,3.5158672727272656e-05,{}
6,B,Garbage Collection Pauses (Java vs Go),go_order,go,order,warehouse-go:8084,warehouse-go:8084,2026-06-23 13:59:26,2026-06-23T08:29:26Z,1782203366,sustain,1215.0,0.0,{}
6,B,Garbage Collection Pauses (Java vs Go),go_order,go,order,inventory-go-twin:9082,inventory-go-twin:9082,2026-06-23 13:59:41,2026-06-23T08:29:41Z,1782203381,sustain,1230.0,4.0616381818181813e-05,{}
6,B,Garbage Collection Pauses (Java vs Go),go_order,go,order,order-go-twin:9083,order-go-twin:9083,2026-06-23 13:59:41,2026-06-23T08:29:41Z,1782203381,sustain,1230.0,3.261240000000009e-05,{}
6,B,Garbage Collection Pauses (Java vs Go),go_order,go,order,warehouse-go:8084,warehouse-go:8084,2026-06-23 13:59:41,2026-06-23T08:29:41Z,1782203381,sustain,1230.0,0.0,{}
6,B,Garbage Collection Pauses (Java vs Go),go_order,go,order,inventory-go-twin:9082,inventory-go-twin:9082,2026-06-23 13:59:56,2026-06-23T08:29:56Z,1782203396,sustain,1245.0,3.735049090909091e-05,{}
6,B,Garbage Collection Pauses (Java vs Go),go_order,go,order,order-go-twin:9083,order-go-twin:9083,2026-06-23 13:59:56,2026-06-23T08:29:56Z,1782203396,sustain,1245.0,2.434103636363629e-05,{}
6,B,Garbage Collection Pauses (Java vs Go),go_order,go,order,warehouse-go:8084,warehouse-go:8084,2026-06-23 13:59:56,2026-06-23T08:29:56Z,1782203396,sustain,1245.0,6.526363636363593e-07,{}
6,B,Garbage Collection Pauses (Java vs Go),go_order,go,order,inventory-go-twin:9082,inventory-go-twin:9082,2026-06-23 14:00:11,2026-06-23T08:30:11Z,1782203411,sustain,1260.0,3.32206181818182e-05,{}
6,B,Garbage Collection Pauses (Java vs Go),go_order,go,order,order-go-twin:9083,order-go-twin:9083,2026-06-23 14:00:11,2026-06-23T08:30:11Z,1782203411,sustain,1260.0,2.3639527272727292e-05,{}
6,B,Garbage Collection Pauses (Java vs Go),go_order,go,order,warehouse-go:8084,warehouse-go:8084,2026-06-23 14:00:11,2026-06-23T08:30:11Z,1782203411,sustain,1260.0,6.526363636363593e-07,{}
6,B,Garbage Collection Pauses (Java vs Go),go_order,go,order,inventory-go-twin:9082,inventory-go-twin:9082,2026-06-23 14:00:26,2026-06-23T08:30:26Z,1782203426,sustain,1275.0,4.003392727272727e-05,{}
6,B,Garbage Collection Pauses (Java vs Go),go_order,go,order,order-go-twin:9083,order-go-twin:9083,2026-06-23 14:00:26,2026-06-23T08:30:26Z,1782203426,sustain,1275.0,2.4947290909090918e-05,{}
6,B,Garbage Collection Pauses (Java vs Go),go_order,go,order,warehouse-go:8084,warehouse-go:8084,2026-06-23 14:00:26,2026-06-23T08:30:26Z,1782203426,sustain,1275.0,6.526363636363593e-07,{}
6,B,Garbage Collection Pauses (Java vs Go),go_order,go,order,inventory-go-twin:9082,inventory-go-twin:9082,2026-06-23 14:00:41,2026-06-23T08:30:41Z,1782203441,sustain,1290.0,3.7595236363636354e-05,{}
6,B,Garbage Collection Pauses (Java vs Go),go_order,go,order,order-go-twin:9083,order-go-twin:9083,2026-06-23 14:00:41,2026-06-23T08:30:41Z,1782203441,sustain,1290.0,2.8450054545454583e-05,{}
6,B,Garbage Collection Pauses (Java vs Go),go_order,go,order,warehouse-go:8084,warehouse-go:8084,2026-06-23 14:00:41,2026-06-23T08:30:41Z,1782203441,sustain,1290.0,0.0,{}
6,B,Garbage Collection Pauses (Java vs Go),go_order,go,order,inventory-go-twin:9082,inventory-go-twin:9082,2026-06-23 14:00:56,2026-06-23T08:30:56Z,1782203456,sustain,1305.0,3.6951981818181835e-05,{}
6,B,Garbage Collection Pauses (Java vs Go),go_order,go,order,order-go-twin:9083,order-go-twin:9083,2026-06-23 14:00:56,2026-06-23T08:30:56Z,1782203456,sustain,1305.0,2.6788581818181827e-05,{}
6,B,Garbage Collection Pauses (Java vs Go),go_order,go,order,warehouse-go:8084,warehouse-go:8084,2026-06-23 14:00:56,2026-06-23T08:30:56Z,1782203456,sustain,1305.0,0.0,{}
6,B,Garbage Collection Pauses (Java vs Go),go_order,go,order,inventory-go-twin:9082,inventory-go-twin:9082,2026-06-23 14:01:11,2026-06-23T08:31:11Z,1782203471,sustain,1320.0,3.268559999999997e-05,{}
6,B,Garbage Collection Pauses (Java vs Go),go_order,go,order,order-go-twin:9083,order-go-twin:9083,2026-06-23 14:01:11,2026-06-23T08:31:11Z,1782203471,sustain,1320.0,2.860798181818187e-05,{}
6,B,Garbage Collection Pauses (Java vs Go),go_order,go,order,warehouse-go:8084,warehouse-go:8084,2026-06-23 14:01:11,2026-06-23T08:31:11Z,1782203471,sustain,1320.0,5.943999999999993e-07,{}
6,B,Garbage Collection Pauses (Java vs Go),go_order,go,order,inventory-go-twin:9082,inventory-go-twin:9082,2026-06-23 14:01:26,2026-06-23T08:31:26Z,1782203486,sustain,1335.0,3.405243636363633e-05,{}
6,B,Garbage Collection Pauses (Java vs Go),go_order,go,order,order-go-twin:9083,order-go-twin:9083,2026-06-23 14:01:26,2026-06-23T08:31:26Z,1782203486,sustain,1335.0,2.6782872727272715e-05,{}
6,B,Garbage Collection Pauses (Java vs Go),go_order,go,order,warehouse-go:8084,warehouse-go:8084,2026-06-23 14:01:26,2026-06-23T08:31:26Z,1782203486,sustain,1335.0,1.2779818181818234e-06,{}
6,B,Garbage Collection Pauses (Java vs Go),go_order,go,order,inventory-go-twin:9082,inventory-go-twin:9082,2026-06-23 14:01:41,2026-06-23T08:31:41Z,1782203501,sustain,1350.0,3.46832545454546e-05,{}
6,B,Garbage Collection Pauses (Java vs Go),go_order,go,order,order-go-twin:9083,order-go-twin:9083,2026-06-23 14:01:41,2026-06-23T08:31:41Z,1782203501,sustain,1350.0,2.3600618181818117e-05,{}
6,B,Garbage Collection Pauses (Java vs Go),go_order,go,order,warehouse-go:8084,warehouse-go:8084,2026-06-23 14:01:41,2026-06-23T08:31:41Z,1782203501,sustain,1350.0,5.20938181818182e-06,{}
6,B,Garbage Collection Pauses (Java vs Go),go_order,go,order,inventory-go-twin:9082,inventory-go-twin:9082,2026-06-23 14:01:56,2026-06-23T08:31:56Z,1782203516,sustain,1365.0,3.863087272727275e-05,{}
6,B,Garbage Collection Pauses (Java vs Go),go_order,go,order,order-go-twin:9083,order-go-twin:9083,2026-06-23 14:01:56,2026-06-23T08:31:56Z,1782203516,sustain,1365.0,2.580192727272733e-05,{}
6,B,Garbage Collection Pauses (Java vs Go),go_order,go,order,warehouse-go:8084,warehouse-go:8084,2026-06-23 14:01:56,2026-06-23T08:31:56Z,1782203516,sustain,1365.0,5.327127272727275e-06,{}
6,B,Garbage Collection Pauses (Java vs Go),go_order,go,order,inventory-go-twin:9082,inventory-go-twin:9082,2026-06-23 14:02:11,2026-06-23T08:32:11Z,1782203531,sustain,1380.0,3.779221818181813e-05,{}
6,B,Garbage Collection Pauses (Java vs Go),go_order,go,order,order-go-twin:9083,order-go-twin:9083,2026-06-23 14:02:11,2026-06-23T08:32:11Z,1782203531,sustain,1380.0,2.5859000000000045e-05,{}
6,B,Garbage Collection Pauses (Java vs Go),go_order,go,order,warehouse-go:8084,warehouse-go:8084,2026-06-23 14:02:11,2026-06-23T08:32:11Z,1782203531,sustain,1380.0,5.96229090909091e-06,{}
6,B,Garbage Collection Pauses (Java vs Go),go_order,go,order,inventory-go-twin:9082,inventory-go-twin:9082,2026-06-23 14:02:26,2026-06-23T08:32:26Z,1782203546,sustain,1395.0,3.3894472727272696e-05,{}
6,B,Garbage Collection Pauses (Java vs Go),go_order,go,order,order-go-twin:9083,order-go-twin:9083,2026-06-23 14:02:26,2026-06-23T08:32:26Z,1782203546,sustain,1395.0,2.6816327272727313e-05,{}
6,B,Garbage Collection Pauses (Java vs Go),go_order,go,order,warehouse-go:8084,warehouse-go:8084,2026-06-23 14:02:26,2026-06-23T08:32:26Z,1782203546,sustain,1395.0,5.829545454545449e-06,{}
6,B,Garbage Collection Pauses (Java vs Go),go_order,go,order,inventory-go-twin:9082,inventory-go-twin:9082,2026-06-23 14:02:41,2026-06-23T08:32:41Z,1782203561,sustain,1410.0,3.300390909090906e-05,{}
6,B,Garbage Collection Pauses (Java vs Go),go_order,go,order,order-go-twin:9083,order-go-twin:9083,2026-06-23 14:02:41,2026-06-23T08:32:41Z,1782203561,sustain,1410.0,2.678692727272727e-05,{}
6,B,Garbage Collection Pauses (Java vs Go),go_order,go,order,warehouse-go:8084,warehouse-go:8084,2026-06-23 14:02:41,2026-06-23T08:32:41Z,1782203561,sustain,1410.0,1.8981454545454528e-06,{}
6,B,Garbage Collection Pauses (Java vs Go),go_order,go,order,inventory-go-twin:9082,inventory-go-twin:9082,2026-06-23 14:02:56,2026-06-23T08:32:56Z,1782203576,sustain,1425.0,3.19254727272728e-05,{}
6,B,Garbage Collection Pauses (Java vs Go),go_order,go,order,order-go-twin:9083,order-go-twin:9083,2026-06-23 14:02:56,2026-06-23T08:32:56Z,1782203576,sustain,1425.0,2.621194545454556e-05,{}
6,B,Garbage Collection Pauses (Java vs Go),go_order,go,order,warehouse-go:8084,warehouse-go:8084,2026-06-23 14:02:56,2026-06-23T08:32:56Z,1782203576,sustain,1425.0,1.1852727272727295e-06,{}
6,B,Garbage Collection Pauses (Java vs Go),go_order,go,order,inventory-go-twin:9082,inventory-go-twin:9082,2026-06-23 14:03:11,2026-06-23T08:33:11Z,1782203591,sustain,1440.0,3.382143636363643e-05,{}
6,B,Garbage Collection Pauses (Java vs Go),go_order,go,order,order-go-twin:9083,order-go-twin:9083,2026-06-23 14:03:11,2026-06-23T08:33:11Z,1782203591,sustain,1440.0,3.4420963636363534e-05,{}
6,B,Garbage Collection Pauses (Java vs Go),go_order,go,order,warehouse-go:8084,warehouse-go:8084,2026-06-23 14:03:11,2026-06-23T08:33:11Z,1782203591,sustain,1440.0,1.1852727272727295e-06,{}
6,B,Garbage Collection Pauses (Java vs Go),go_order,go,order,inventory-go-twin:9082,inventory-go-twin:9082,2026-06-23 14:03:26,2026-06-23T08:33:26Z,1782203606,sustain,1455.0,3.374712727272721e-05,{}
6,B,Garbage Collection Pauses (Java vs Go),go_order,go,order,order-go-twin:9083,order-go-twin:9083,2026-06-23 14:03:26,2026-06-23T08:33:26Z,1782203606,sustain,1455.0,3.0177490909090948e-05,{}
6,B,Garbage Collection Pauses (Java vs Go),go_order,go,order,warehouse-go:8084,warehouse-go:8084,2026-06-23 14:03:26,2026-06-23T08:33:26Z,1782203606,sustain,1455.0,1.521436363636366e-06,{}
6,B,Garbage Collection Pauses (Java vs Go),go_order,go,order,inventory-go-twin:9082,inventory-go-twin:9082,2026-06-23 14:03:41,2026-06-23T08:33:41Z,1782203621,sustain,1470.0,3.930227272727273e-05,{}
6,B,Garbage Collection Pauses (Java vs Go),go_order,go,order,order-go-twin:9083,order-go-twin:9083,2026-06-23 14:03:41,2026-06-23T08:33:41Z,1782203621,sustain,1470.0,2.8579436363636426e-05,{}
6,B,Garbage Collection Pauses (Java vs Go),go_order,go,order,warehouse-go:8084,warehouse-go:8084,2026-06-23 14:03:41,2026-06-23T08:33:41Z,1782203621,sustain,1470.0,1.521436363636366e-06,{}
6,B,Garbage Collection Pauses (Java vs Go),go_order,go,order,inventory-go-twin:9082,inventory-go-twin:9082,2026-06-23 14:03:56,2026-06-23T08:33:56Z,1782203636,sustain,1485.0,4.192732727272729e-05,{}
6,B,Garbage Collection Pauses (Java vs Go),go_order,go,order,order-go-twin:9083,order-go-twin:9083,2026-06-23 14:03:56,2026-06-23T08:33:56Z,1782203636,sustain,1485.0,3.0937381818181813e-05,{}
6,B,Garbage Collection Pauses (Java vs Go),go_order,go,order,warehouse-go:8084,warehouse-go:8084,2026-06-23 14:03:56,2026-06-23T08:33:56Z,1782203636,sustain,1485.0,8.869999999999995e-07,{}
6,B,Garbage Collection Pauses (Java vs Go),go_order,go,order,inventory-go-twin:9082,inventory-go-twin:9082,2026-06-23 14:04:11,2026-06-23T08:34:11Z,1782203651,sustain,1500.0,4.397212727272728e-05,{}
6,B,Garbage Collection Pauses (Java vs Go),go_order,go,order,order-go-twin:9083,order-go-twin:9083,2026-06-23 14:04:11,2026-06-23T08:34:11Z,1782203651,sustain,1500.0,2.390454545454539e-05,{}
6,B,Garbage Collection Pauses (Java vs Go),go_order,go,order,warehouse-go:8084,warehouse-go:8084,2026-06-23 14:04:11,2026-06-23T08:34:11Z,1782203651,sustain,1500.0,8.869999999999995e-07,{}
6,B,Garbage Collection Pauses (Java vs Go),go_order,go,order,inventory-go-twin:9082,inventory-go-twin:9082,2026-06-23 14:04:26,2026-06-23T08:34:26Z,1782203666,sustain,1515.0,4.490398181818186e-05,{}
6,B,Garbage Collection Pauses (Java vs Go),go_order,go,order,order-go-twin:9083,order-go-twin:9083,2026-06-23 14:04:26,2026-06-23T08:34:26Z,1782203666,sustain,1515.0,2.619590909090906e-05,{}
6,B,Garbage Collection Pauses (Java vs Go),go_order,go,order,warehouse-go:8084,warehouse-go:8084,2026-06-23 14:04:26,2026-06-23T08:34:26Z,1782203666,sustain,1515.0,3.0398909090909064e-06,{}
6,B,Garbage Collection Pauses (Java vs Go),go_order,go,order,inventory-go-twin:9082,inventory-go-twin:9082,2026-06-23 14:04:41,2026-06-23T08:34:41Z,1782203681,sustain,1530.0,2.7310600000000023e-05,{}
6,B,Garbage Collection Pauses (Java vs Go),go_order,go,order,order-go-twin:9083,order-go-twin:9083,2026-06-23 14:04:41,2026-06-23T08:34:41Z,1782203681,sustain,1530.0,2.413163636363637e-05,{}
6,B,Garbage Collection Pauses (Java vs Go),go_order,go,order,warehouse-go:8084,warehouse-go:8084,2026-06-23 14:04:41,2026-06-23T08:34:41Z,1782203681,sustain,1530.0,3.0398909090909064e-06,{}
6,B,Garbage Collection Pauses (Java vs Go),go_order,go,order,inventory-go-twin:9082,inventory-go-twin:9082,2026-06-23 14:04:56,2026-06-23T08:34:56Z,1782203696,sustain,1545.0,2.423976363636363e-05,{}
6,B,Garbage Collection Pauses (Java vs Go),go_order,go,order,order-go-twin:9083,order-go-twin:9083,2026-06-23 14:04:56,2026-06-23T08:34:56Z,1782203696,sustain,1545.0,2.412763636363633e-05,{}
6,B,Garbage Collection Pauses (Java vs Go),go_order,go,order,warehouse-go:8084,warehouse-go:8084,2026-06-23 14:04:56,2026-06-23T08:34:56Z,1782203696,sustain,1545.0,3.0398909090909064e-06,{}
6,B,Garbage Collection Pauses (Java vs Go),go_order,go,order,inventory-go-twin:9082,inventory-go-twin:9082,2026-06-23 14:05:11,2026-06-23T08:35:11Z,1782203711,sustain,1560.0,2.6615672727272785e-05,{}
6,B,Garbage Collection Pauses (Java vs Go),go_order,go,order,order-go-twin:9083,order-go-twin:9083,2026-06-23 14:05:11,2026-06-23T08:35:11Z,1782203711,sustain,1560.0,2.628836363636364e-05,{}
6,B,Garbage Collection Pauses (Java vs Go),go_order,go,order,warehouse-go:8084,warehouse-go:8084,2026-06-23 14:05:11,2026-06-23T08:35:11Z,1782203711,sustain,1560.0,7.218545454545527e-07,{}
6,B,Garbage Collection Pauses (Java vs Go),go_order,go,order,inventory-go-twin:9082,inventory-go-twin:9082,2026-06-23 14:05:26,2026-06-23T08:35:26Z,1782203726,sustain,1575.0,2.7559254545454517e-05,{}
6,B,Garbage Collection Pauses (Java vs Go),go_order,go,order,order-go-twin:9083,order-go-twin:9083,2026-06-23 14:05:26,2026-06-23T08:35:26Z,1782203726,sustain,1575.0,3.080550909090898e-05,{}
6,B,Garbage Collection Pauses (Java vs Go),go_order,go,order,warehouse-go:8084,warehouse-go:8084,2026-06-23 14:05:26,2026-06-23T08:35:26Z,1782203726,sustain,1575.0,7.218545454545527e-07,{}
6,B,Garbage Collection Pauses (Java vs Go),go_order,go,order,inventory-go-twin:9082,inventory-go-twin:9082,2026-06-23 14:05:41,2026-06-23T08:35:41Z,1782203741,sustain,1590.0,2.8495490909090875e-05,{}
6,B,Garbage Collection Pauses (Java vs Go),go_order,go,order,order-go-twin:9083,order-go-twin:9083,2026-06-23 14:05:41,2026-06-23T08:35:41Z,1782203741,sustain,1590.0,3.0178854545454497e-05,{}
6,B,Garbage Collection Pauses (Java vs Go),go_order,go,order,warehouse-go:8084,warehouse-go:8084,2026-06-23 14:05:41,2026-06-23T08:35:41Z,1782203741,sustain,1590.0,7.218545454545527e-07,{}
6,B,Garbage Collection Pauses (Java vs Go),go_order,go,order,inventory-go-twin:9082,inventory-go-twin:9082,2026-06-23 14:05:56,2026-06-23T08:35:56Z,1782203756,sustain,1605.0,2.8103672727272778e-05,{}
6,B,Garbage Collection Pauses (Java vs Go),go_order,go,order,order-go-twin:9083,order-go-twin:9083,2026-06-23 14:05:56,2026-06-23T08:35:56Z,1782203756,sustain,1605.0,2.9860563636363577e-05,{}
6,B,Garbage Collection Pauses (Java vs Go),go_order,go,order,warehouse-go:8084,warehouse-go:8084,2026-06-23 14:05:56,2026-06-23T08:35:56Z,1782203756,sustain,1605.0,7.218545454545527e-07,{}
6,B,Garbage Collection Pauses (Java vs Go),go_order,go,order,inventory-go-twin:9082,inventory-go-twin:9082,2026-06-23 14:06:11,2026-06-23T08:36:11Z,1782203771,sustain,1620.0,2.3428145454545462e-05,{}
6,B,Garbage Collection Pauses (Java vs Go),go_order,go,order,order-go-twin:9083,order-go-twin:9083,2026-06-23 14:06:11,2026-06-23T08:36:11Z,1782203771,sustain,1620.0,2.422365454545456e-05,{}
6,B,Garbage Collection Pauses (Java vs Go),go_order,go,order,warehouse-go:8084,warehouse-go:8084,2026-06-23 14:06:11,2026-06-23T08:36:11Z,1782203771,sustain,1620.0,0.0,{}
6,B,Garbage Collection Pauses (Java vs Go),go_order,go,order,inventory-go-twin:9082,inventory-go-twin:9082,2026-06-23 14:06:26,2026-06-23T08:36:26Z,1782203786,sustain,1635.0,2.501352727272724e-05,{}
6,B,Garbage Collection Pauses (Java vs Go),go_order,go,order,order-go-twin:9083,order-go-twin:9083,2026-06-23 14:06:26,2026-06-23T08:36:26Z,1782203786,sustain,1635.0,2.7956981818181746e-05,{}
6,B,Garbage Collection Pauses (Java vs Go),go_order,go,order,warehouse-go:8084,warehouse-go:8084,2026-06-23 14:06:26,2026-06-23T08:36:26Z,1782203786,sustain,1635.0,0.0,{}
6,B,Garbage Collection Pauses (Java vs Go),go_order,go,order,inventory-go-twin:9082,inventory-go-twin:9082,2026-06-23 14:06:41,2026-06-23T08:36:41Z,1782203801,sustain,1650.0,2.8864854545454635e-05,{}
6,B,Garbage Collection Pauses (Java vs Go),go_order,go,order,order-go-twin:9083,order-go-twin:9083,2026-06-23 14:06:41,2026-06-23T08:36:41Z,1782203801,sustain,1650.0,2.9419872727272744e-05,{}
6,B,Garbage Collection Pauses (Java vs Go),go_order,go,order,warehouse-go:8084,warehouse-go:8084,2026-06-23 14:06:41,2026-06-23T08:36:41Z,1782203801,sustain,1650.0,0.0,{}
6,B,Garbage Collection Pauses (Java vs Go),go_order,go,order,inventory-go-twin:9082,inventory-go-twin:9082,2026-06-23 14:06:56,2026-06-23T08:36:56Z,1782203816,sustain,1665.0,3.0875327272727255e-05,{}
6,B,Garbage Collection Pauses (Java vs Go),go_order,go,order,order-go-twin:9083,order-go-twin:9083,2026-06-23 14:06:56,2026-06-23T08:36:56Z,1782203816,sustain,1665.0,2.7573072727272743e-05,{}
6,B,Garbage Collection Pauses (Java vs Go),go_order,go,order,warehouse-go:8084,warehouse-go:8084,2026-06-23 14:06:56,2026-06-23T08:36:56Z,1782203816,sustain,1665.0,1.5906363636363635e-06,{}
6,B,Garbage Collection Pauses (Java vs Go),go_order,go,order,inventory-go-twin:9082,inventory-go-twin:9082,2026-06-23 14:07:11,2026-06-23T08:37:11Z,1782203831,sustain,1680.0,3.329247272727277e-05,{}
6,B,Garbage Collection Pauses (Java vs Go),go_order,go,order,order-go-twin:9083,order-go-twin:9083,2026-06-23 14:07:11,2026-06-23T08:37:11Z,1782203831,sustain,1680.0,2.6123345454545517e-05,{}
6,B,Garbage Collection Pauses (Java vs Go),go_order,go,order,warehouse-go:8084,warehouse-go:8084,2026-06-23 14:07:11,2026-06-23T08:37:11Z,1782203831,sustain,1680.0,2.199999999999992e-06,{}
6,B,Garbage Collection Pauses (Java vs Go),go_order,go,order,inventory-go-twin:9082,inventory-go-twin:9082,2026-06-23 14:07:26,2026-06-23T08:37:26Z,1782203846,sustain,1695.0,3.786745454545457e-05,{}
6,B,Garbage Collection Pauses (Java vs Go),go_order,go,order,order-go-twin:9083,order-go-twin:9083,2026-06-23 14:07:26,2026-06-23T08:37:26Z,1782203846,sustain,1695.0,2.282941818181818e-05,{}
6,B,Garbage Collection Pauses (Java vs Go),go_order,go,order,warehouse-go:8084,warehouse-go:8084,2026-06-23 14:07:26,2026-06-23T08:37:26Z,1782203846,sustain,1695.0,2.199999999999992e-06,{}
6,B,Garbage Collection Pauses (Java vs Go),go_order,go,order,inventory-go-twin:9082,inventory-go-twin:9082,2026-06-23 14:07:41,2026-06-23T08:37:41Z,1782203861,sustain,1710.0,3.539543636363632e-05,{}
6,B,Garbage Collection Pauses (Java vs Go),go_order,go,order,order-go-twin:9083,order-go-twin:9083,2026-06-23 14:07:41,2026-06-23T08:37:41Z,1782203861,sustain,1710.0,2.2668000000000055e-05,{}
6,B,Garbage Collection Pauses (Java vs Go),go_order,go,order,warehouse-go:8084,warehouse-go:8084,2026-06-23 14:07:41,2026-06-23T08:37:41Z,1782203861,sustain,1710.0,6.093636363636289e-07,{}
6,B,Garbage Collection Pauses (Java vs Go),go_order,go,order,inventory-go-twin:9082,inventory-go-twin:9082,2026-06-23 14:07:56,2026-06-23T08:37:56Z,1782203876,sustain,1725.0,3.678003636363636e-05,{}
6,B,Garbage Collection Pauses (Java vs Go),go_order,go,order,order-go-twin:9083,order-go-twin:9083,2026-06-23 14:07:56,2026-06-23T08:37:56Z,1782203876,sustain,1725.0,3.616520000000002e-05,{}
6,B,Garbage Collection Pauses (Java vs Go),go_order,go,order,warehouse-go:8084,warehouse-go:8084,2026-06-23 14:07:56,2026-06-23T08:37:56Z,1782203876,sustain,1725.0,1.5625636363636358e-06,{}
6,B,Garbage Collection Pauses (Java vs Go),go_order,go,order,inventory-go-twin:9082,inventory-go-twin:9082,2026-06-23 14:08:11,2026-06-23T08:38:11Z,1782203891,sustain,1740.0,2.505107272727274e-05,{}
6,B,Garbage Collection Pauses (Java vs Go),go_order,go,order,order-go-twin:9083,order-go-twin:9083,2026-06-23 14:08:11,2026-06-23T08:38:11Z,1782203891,sustain,1740.0,3.7265672727272715e-05,{}
6,B,Garbage Collection Pauses (Java vs Go),go_order,go,order,warehouse-go:8084,warehouse-go:8084,2026-06-23 14:08:11,2026-06-23T08:38:11Z,1782203891,sustain,1740.0,9.532000000000069e-07,{}
6,B,Garbage Collection Pauses (Java vs Go),go_order,go,order,inventory-go-twin:9082,inventory-go-twin:9082,2026-06-23 14:08:26,2026-06-23T08:38:26Z,1782203906,sustain,1755.0,2.2887890909090915e-05,{}
6,B,Garbage Collection Pauses (Java vs Go),go_order,go,order,order-go-twin:9083,order-go-twin:9083,2026-06-23 14:08:26,2026-06-23T08:38:26Z,1782203906,sustain,1755.0,3.783176363636365e-05,{}
6,B,Garbage Collection Pauses (Java vs Go),go_order,go,order,warehouse-go:8084,warehouse-go:8084,2026-06-23 14:08:26,2026-06-23T08:38:26Z,1782203906,sustain,1755.0,1.97303636363636e-06,{}
6,B,Garbage Collection Pauses (Java vs Go),go_order,go,order,inventory-go-twin:9082,inventory-go-twin:9082,2026-06-23 14:08:41,2026-06-23T08:38:41Z,1782203921,sustain,1770.0,0.0002022836,{}
6,B,Garbage Collection Pauses (Java vs Go),go_order,go,order,order-go-twin:9083,order-go-twin:9083,2026-06-23 14:08:41,2026-06-23T08:38:41Z,1782203921,sustain,1770.0,1.857885454545463e-05,{}
6,B,Garbage Collection Pauses (Java vs Go),go_order,go,order,warehouse-go:8084,warehouse-go:8084,2026-06-23 14:08:41,2026-06-23T08:38:41Z,1782203921,sustain,1770.0,2.619927272727269e-06,{}
6,B,Garbage Collection Pauses (Java vs Go),go_order,go,order,inventory-go-twin:9082,inventory-go-twin:9082,2026-06-23 14:08:56,2026-06-23T08:38:56Z,1782203936,sustain,1785.0,0.00021265134545454546,{}
6,B,Garbage Collection Pauses (Java vs Go),go_order,go,order,order-go-twin:9083,order-go-twin:9083,2026-06-23 14:08:56,2026-06-23T08:38:56Z,1782203936,sustain,1785.0,1.9229363636363722e-05,{}
6,B,Garbage Collection Pauses (Java vs Go),go_order,go,order,warehouse-go:8084,warehouse-go:8084,2026-06-23 14:08:56,2026-06-23T08:38:56Z,1782203936,sustain,1785.0,2.8794909090909e-06,{}
6,B,Garbage Collection Pauses (Java vs Go),go_order,go,order,inventory-go-twin:9082,inventory-go-twin:9082,2026-06-23 14:09:11,2026-06-23T08:39:11Z,1782203951,cooldown,1800.0,0.00022489845454545457,{}
6,B,Garbage Collection Pauses (Java vs Go),go_order,go,order,order-go-twin:9083,order-go-twin:9083,2026-06-23 14:09:11,2026-06-23T08:39:11Z,1782203951,cooldown,1800.0,1.977229090909098e-05,{}
6,B,Garbage Collection Pauses (Java vs Go),go_order,go,order,warehouse-go:8084,warehouse-go:8084,2026-06-23 14:09:11,2026-06-23T08:39:11Z,1782203951,cooldown,1800.0,3.715454545454558e-06,{}
6,B,Garbage Collection Pauses (Java vs Go),go_order,go,order,inventory-go-twin:9082,inventory-go-twin:9082,2026-06-23 14:09:26,2026-06-23T08:39:26Z,1782203966,cooldown,1815.0,0.00023088663636363624,{}
6,B,Garbage Collection Pauses (Java vs Go),go_order,go,order,order-go-twin:9083,order-go-twin:9083,2026-06-23 14:09:26,2026-06-23T08:39:26Z,1782203966,cooldown,1815.0,1.9740654545454615e-05,{}
6,B,Garbage Collection Pauses (Java vs Go),go_order,go,order,warehouse-go:8084,warehouse-go:8084,2026-06-23 14:09:26,2026-06-23T08:39:26Z,1782203966,cooldown,1815.0,3.0685636363636494e-06,{}
6,B,Garbage Collection Pauses (Java vs Go),go_order,go,order,inventory-go-twin:9082,inventory-go-twin:9082,2026-06-23 14:09:41,2026-06-23T08:39:41Z,1782203981,cooldown,1830.0,4.365010909090903e-05,{}
6,B,Garbage Collection Pauses (Java vs Go),go_order,go,order,order-go-twin:9083,order-go-twin:9083,2026-06-23 14:09:41,2026-06-23T08:39:41Z,1782203981,cooldown,1830.0,2.3623654545454594e-05,{}
6,B,Garbage Collection Pauses (Java vs Go),go_order,go,order,warehouse-go:8084,warehouse-go:8084,2026-06-23 14:09:41,2026-06-23T08:39:41Z,1782203981,cooldown,1830.0,2.4552909090909213e-06,{}
6,B,Garbage Collection Pauses (Java vs Go),go_order,go,order,inventory-go-twin:9082,inventory-go-twin:9082,2026-06-23 14:09:56,2026-06-23T08:39:56Z,1782203996,cooldown,1845.0,5.395803636363638e-05,{}
6,B,Garbage Collection Pauses (Java vs Go),go_order,go,order,order-go-twin:9083,order-go-twin:9083,2026-06-23 14:09:56,2026-06-23T08:39:56Z,1782203996,cooldown,1845.0,2.6294290909090944e-05,{}
6,B,Garbage Collection Pauses (Java vs Go),go_order,go,order,warehouse-go:8084,warehouse-go:8084,2026-06-23 14:09:56,2026-06-23T08:39:56Z,1782203996,cooldown,1845.0,3.033672727272733e-06,{}
6,B,Garbage Collection Pauses (Java vs Go),go_order,go,order,inventory-go-twin:9082,inventory-go-twin:9082,2026-06-23 14:10:11,2026-06-23T08:40:11Z,1782204011,cooldown,1860.0,4.8325236363636436e-05,{}
6,B,Garbage Collection Pauses (Java vs Go),go_order,go,order,order-go-twin:9083,order-go-twin:9083,2026-06-23 14:10:11,2026-06-23T08:40:11Z,1782204011,cooldown,1860.0,2.410674545454544e-05,{}
6,B,Garbage Collection Pauses (Java vs Go),go_order,go,order,warehouse-go:8084,warehouse-go:8084,2026-06-23 14:10:11,2026-06-23T08:40:11Z,1782204011,cooldown,1860.0,1.1778727272727214e-06,{}
6,B,Garbage Collection Pauses (Java vs Go),go_order,go,order,inventory-go-twin:9082,inventory-go-twin:9082,2026-06-23 14:10:26,2026-06-23T08:40:26Z,1782204026,cooldown,1875.0,4.104659999999995e-05,{}
6,B,Garbage Collection Pauses (Java vs Go),go_order,go,order,order-go-twin:9083,order-go-twin:9083,2026-06-23 14:10:26,2026-06-23T08:40:26Z,1782204026,cooldown,1875.0,2.4753254545454496e-05,{}
6,B,Garbage Collection Pauses (Java vs Go),go_order,go,order,warehouse-go:8084,warehouse-go:8084,2026-06-23 14:10:26,2026-06-23T08:40:26Z,1782204026,cooldown,1875.0,1.3941636363636297e-06,{}
6,B,Garbage Collection Pauses (Java vs Go),go_order,go,order,inventory-go-twin:9082,inventory-go-twin:9082,2026-06-23 14:10:41,2026-06-23T08:40:41Z,1782204041,cooldown,1890.0,4.3013963636363585e-05,{}
6,B,Garbage Collection Pauses (Java vs Go),go_order,go,order,order-go-twin:9083,order-go-twin:9083,2026-06-23 14:10:41,2026-06-23T08:40:41Z,1782204041,cooldown,1890.0,2.552345454545458e-05,{}
6,B,Garbage Collection Pauses (Java vs Go),go_order,go,order,warehouse-go:8084,warehouse-go:8084,2026-06-23 14:10:41,2026-06-23T08:40:41Z,1782204041,cooldown,1890.0,2.942818181818178e-06,{}
6,B,Garbage Collection Pauses (Java vs Go),go_order,go,order,inventory-go-twin:9082,inventory-go-twin:9082,2026-06-23 14:10:56,2026-06-23T08:40:56Z,1782204056,cooldown,1905.0,3.426178181818186e-05,{}
6,B,Garbage Collection Pauses (Java vs Go),go_order,go,order,order-go-twin:9083,order-go-twin:9083,2026-06-23 14:10:56,2026-06-23T08:40:56Z,1782204056,cooldown,1905.0,2.393076363636365e-05,{}
6,B,Garbage Collection Pauses (Java vs Go),go_order,go,order,warehouse-go:8084,warehouse-go:8084,2026-06-23 14:10:56,2026-06-23T08:40:56Z,1782204056,cooldown,1905.0,2.3644363636363666e-06,{}
6,B,Garbage Collection Pauses (Java vs Go),go_order,go,order,inventory-go-twin:9082,inventory-go-twin:9082,2026-06-23 14:11:11,2026-06-23T08:41:11Z,1782204071,cooldown,1920.0,3.136143636363634e-05,{}
6,B,Garbage Collection Pauses (Java vs Go),go_order,go,order,order-go-twin:9083,order-go-twin:9083,2026-06-23 14:11:11,2026-06-23T08:41:11Z,1782204071,cooldown,1920.0,2.5290036363636505e-05,{}
6,B,Garbage Collection Pauses (Java vs Go),go_order,go,order,warehouse-go:8084,warehouse-go:8084,2026-06-23 14:11:11,2026-06-23T08:41:11Z,1782204071,cooldown,1920.0,2.6854545454545405e-06,{}
6,B,Garbage Collection Pauses (Java vs Go),go_order,go,order,inventory-go-twin:9082,inventory-go-twin:9082,2026-06-23 14:11:26,2026-06-23T08:41:26Z,1782204086,cooldown,1935.0,4.452409090909094e-05,{}
6,B,Garbage Collection Pauses (Java vs Go),go_order,go,order,order-go-twin:9083,order-go-twin:9083,2026-06-23 14:11:26,2026-06-23T08:41:26Z,1782204086,cooldown,1935.0,3.336194545454539e-05,{}
6,B,Garbage Collection Pauses (Java vs Go),go_order,go,order,warehouse-go:8084,warehouse-go:8084,2026-06-23 14:11:26,2026-06-23T08:41:26Z,1782204086,cooldown,1935.0,2.460763636363638e-06,{}
6,B,Garbage Collection Pauses (Java vs Go),go_order,go,order,inventory-go-twin:9082,inventory-go-twin:9082,2026-06-23 14:11:41,2026-06-23T08:41:41Z,1782204101,cooldown,1950.0,4.692007272727273e-05,{}
6,B,Garbage Collection Pauses (Java vs Go),go_order,go,order,order-go-twin:9083,order-go-twin:9083,2026-06-23 14:11:41,2026-06-23T08:41:41Z,1782204101,cooldown,1950.0,3.927956363636373e-05,{}
6,B,Garbage Collection Pauses (Java vs Go),go_order,go,order,warehouse-go:8084,warehouse-go:8084,2026-06-23 14:11:41,2026-06-23T08:41:41Z,1782204101,cooldown,1950.0,2.5573999999999956e-06,{}
6,B,Garbage Collection Pauses (Java vs Go),go_order,go,order,inventory-go-twin:9082,inventory-go-twin:9082,2026-06-23 14:11:56,2026-06-23T08:41:56Z,1782204116,cooldown,1965.0,4.294072727272729e-05,{}
6,B,Garbage Collection Pauses (Java vs Go),go_order,go,order,order-go-twin:9083,order-go-twin:9083,2026-06-23 14:11:56,2026-06-23T08:41:56Z,1782204116,cooldown,1965.0,4.063878181818182e-05,{}
6,B,Garbage Collection Pauses (Java vs Go),go_order,go,order,warehouse-go:8084,warehouse-go:8084,2026-06-23 14:11:56,2026-06-23T08:41:56Z,1782204116,cooldown,1965.0,3.2079636363636383e-06,{}
6,B,Garbage Collection Pauses (Java vs Go),go_order,go,order,inventory-go-twin:9082,inventory-go-twin:9082,2026-06-23 14:12:11,2026-06-23T08:42:11Z,1782204131,cooldown,1980.0,3.566228893058159e-05,{}
6,B,Garbage Collection Pauses (Java vs Go),go_order,go,order,order-go-twin:9083,order-go-twin:9083,2026-06-23 14:12:11,2026-06-23T08:42:11Z,1782204131,cooldown,1980.0,4.318241758241768e-05,{}
6,B,Garbage Collection Pauses (Java vs Go),go_order,go,order,warehouse-go:8084,warehouse-go:8084,2026-06-23 14:12:11,2026-06-23T08:42:11Z,1782204131,cooldown,1980.0,1.343833756209137e-06,{}
6,B,Garbage Collection Pauses (Java vs Go),go_order,go,order,inventory-go-twin:9082,inventory-go-twin:9082,2026-06-23 14:12:26,2026-06-23T08:42:26Z,1782204146,cooldown,1995.0,3.755104082908955e-05,{}
6,B,Garbage Collection Pauses (Java vs Go),go_order,go,order,order-go-twin:9083,order-go-twin:9083,2026-06-23 14:12:26,2026-06-23T08:42:26Z,1782204146,cooldown,1995.0,4.90777972340349e-05,{}
6,B,Garbage Collection Pauses (Java vs Go),go_order,go,order,warehouse-go:8084,warehouse-go:8084,2026-06-23 14:12:26,2026-06-23T08:42:26Z,1782204146,cooldown,1995.0,1.343833756209137e-06,{}
6,B,Garbage Collection Pauses (Java vs Go),go_order,go,order,inventory-go-twin:9082,inventory-go-twin:9082,2026-06-23 14:12:41,2026-06-23T08:42:41Z,1782204161,cooldown,2010.0,3.417073170731706e-05,{}
6,B,Garbage Collection Pauses (Java vs Go),go_order,go,order,order-go-twin:9083,order-go-twin:9083,2026-06-23 14:12:41,2026-06-23T08:42:41Z,1782204161,cooldown,2010.0,4.951461601686728e-05,{}
6,B,Garbage Collection Pauses (Java vs Go),go_order,go,order,warehouse-go:8084,warehouse-go:8084,2026-06-23 14:12:41,2026-06-23T08:42:41Z,1782204161,cooldown,2010.0,1.2582639459671918e-06,{}
6,B,Garbage Collection Pauses (Java vs Go),go_order,go,order,inventory-go-twin:9082,inventory-go-twin:9082,2026-06-23 14:12:56,2026-06-23T08:42:56Z,1782204176,cooldown,2025.0,3.3335545454545414e-05,{}
6,B,Garbage Collection Pauses (Java vs Go),go_order,go,order,order-go-twin:9083,order-go-twin:9083,2026-06-23 14:12:56,2026-06-23T08:42:56Z,1782204176,cooldown,2025.0,5.137522954128118e-05,{}
6,B,Garbage Collection Pauses (Java vs Go),go_order,go,order,warehouse-go:8084,warehouse-go:8084,2026-06-23 14:12:56,2026-06-23T08:42:56Z,1782204176,cooldown,2025.0,6.29799999999991e-07,{}
6,B,Garbage Collection Pauses (Java vs Go),go_order,go,order,inventory-go-twin:9082,inventory-go-twin:9082,2026-06-23 14:13:11,2026-06-23T08:43:11Z,1782204191,cooldown,2040.0,2.825434545454543e-05,{}
6,B,Garbage Collection Pauses (Java vs Go),go_order,go,order,order-go-twin:9083,order-go-twin:9083,2026-06-23 14:13:11,2026-06-23T08:43:11Z,1782204191,cooldown,2040.0,4.561920000000017e-05,{}
6,B,Garbage Collection Pauses (Java vs Go),go_order,go,order,warehouse-go:8084,warehouse-go:8084,2026-06-23 14:13:11,2026-06-23T08:43:11Z,1782204191,cooldown,2040.0,1.860199999999998e-06,{}
6,B,Garbage Collection Pauses (Java vs Go),go_order,go,order,inventory-go-twin:9082,inventory-go-twin:9082,2026-06-23 14:13:26,2026-06-23T08:43:26Z,1782204206,cooldown,2055.0,2.428358181818196e-05,{}
6,B,Garbage Collection Pauses (Java vs Go),go_order,go,order,order-go-twin:9083,order-go-twin:9083,2026-06-23 14:13:26,2026-06-23T08:43:26Z,1782204206,cooldown,2055.0,2.875081818181837e-05,{}
6,B,Garbage Collection Pauses (Java vs Go),go_order,go,order,warehouse-go:8084,warehouse-go:8084,2026-06-23 14:13:26,2026-06-23T08:43:26Z,1782204206,cooldown,2055.0,2.491918328757655e-06,{}
6,B,Garbage Collection Pauses (Java vs Go),go_order,go,order,inventory-go-twin:9082,inventory-go-twin:9082,2026-06-23 14:13:41,2026-06-23T08:43:41Z,1782204221,cooldown,2070.0,2.2445018181818402e-05,{}
6,B,Garbage Collection Pauses (Java vs Go),go_order,go,order,order-go-twin:9083,order-go-twin:9083,2026-06-23 14:13:41,2026-06-23T08:43:41Z,1782204221,cooldown,2070.0,2.573756363636351e-05,{}
6,B,Garbage Collection Pauses (Java vs Go),go_order,go,order,warehouse-go:8084,warehouse-go:8084,2026-06-23 14:13:41,2026-06-23T08:43:41Z,1782204221,cooldown,2070.0,2.4469373284122125e-06,{}
6,B,Garbage Collection Pauses (Java vs Go),go_order,go,order,inventory-go-twin:9082,inventory-go-twin:9082,2026-06-23 14:13:56,2026-06-23T08:43:56Z,1782204236,cooldown,2085.0,1.9375181818181733e-05,{}
6,B,Garbage Collection Pauses (Java vs Go),go_order,go,order,order-go-twin:9083,order-go-twin:9083,2026-06-23 14:13:56,2026-06-23T08:43:56Z,1782204236,cooldown,2085.0,1.8549971818694302e-05,{}
6,B,Garbage Collection Pauses (Java vs Go),go_order,go,order,warehouse-go:8084,warehouse-go:8084,2026-06-23 14:13:56,2026-06-23T08:43:56Z,1782204236,cooldown,2085.0,2.3003690976199558e-06,{}
6,B,Garbage Collection Pauses (Java vs Go),go_order,go,order,inventory-go-twin:9082,inventory-go-twin:9082,2026-06-23 14:14:11,2026-06-23T08:44:11Z,1782204251,post_test,2100.0,1.605372727272736e-05,{}
6,B,Garbage Collection Pauses (Java vs Go),go_order,go,order,order-go-twin:9083,order-go-twin:9083,2026-06-23 14:14:11,2026-06-23T08:44:11Z,1782204251,post_test,2100.0,1.2165054545454609e-05,{}
6,B,Garbage Collection Pauses (Java vs Go),go_order,go,order,warehouse-go:8084,warehouse-go:8084,2026-06-23 14:14:11,2026-06-23T08:44:11Z,1782204251,post_test,2100.0,2.3003272727272714e-06,{}
6,B,Garbage Collection Pauses (Java vs Go),java_inventory,java,inventory,inventory-go-twin:9082,inventory-go-twin:9082,2026-06-23 15:39:39,2026-06-23T10:09:39Z,1782209379,warmup,0.0,2.374363636363634e-06,{}
6,B,Garbage Collection Pauses (Java vs Go),java_inventory,java,inventory,order-go-twin:9083,order-go-twin:9083,2026-06-23 15:39:39,2026-06-23T10:09:39Z,1782209379,warmup,0.0,1.4446909090909903e-06,{}
6,B,Garbage Collection Pauses (Java vs Go),java_inventory,java,inventory,warehouse-go:8084,warehouse-go:8084,2026-06-23 15:39:39,2026-06-23T10:09:39Z,1782209379,warmup,0.0,3.915200000000189e-06,{}
6,B,Garbage Collection Pauses (Java vs Go),java_inventory,java,inventory,inventory-go-twin:9082,inventory-go-twin:9082,2026-06-23 15:39:54,2026-06-23T10:09:54Z,1782209394,warmup,15.0,4.63341818181806e-06,{}
6,B,Garbage Collection Pauses (Java vs Go),java_inventory,java,inventory,order-go-twin:9083,order-go-twin:9083,2026-06-23 15:39:54,2026-06-23T10:09:54Z,1782209394,warmup,15.0,1.4446646424611275e-06,{}
6,B,Garbage Collection Pauses (Java vs Go),java_inventory,java,inventory,warehouse-go:8084,warehouse-go:8084,2026-06-23 15:39:54,2026-06-23T10:09:54Z,1782209394,warmup,15.0,3.425644102620076e-06,{}
6,B,Garbage Collection Pauses (Java vs Go),java_inventory,java,inventory,inventory-go-twin:9082,inventory-go-twin:9082,2026-06-23 15:40:09,2026-06-23T10:10:09Z,1782209409,warmup,30.0,4.63341818181806e-06,{}
6,B,Garbage Collection Pauses (Java vs Go),java_inventory,java,inventory,order-go-twin:9083,order-go-twin:9083,2026-06-23 15:40:09,2026-06-23T10:10:09Z,1782209409,warmup,30.0,1.444717176676021e-06,{}
6,B,Garbage Collection Pauses (Java vs Go),java_inventory,java,inventory,warehouse-go:8084,warehouse-go:8084,2026-06-23 15:40:09,2026-06-23T10:10:09Z,1782209409,warmup,30.0,1.8113818181811598e-06,{}
6,B,Garbage Collection Pauses (Java vs Go),java_inventory,java,inventory,inventory-go-twin:9082,inventory-go-twin:9082,2026-06-23 15:40:24,2026-06-23T10:10:24Z,1782209424,warmup,45.0,2.2590545454544267e-06,{}
6,B,Garbage Collection Pauses (Java vs Go),java_inventory,java,inventory,order-go-twin:9083,order-go-twin:9083,2026-06-23 15:40:24,2026-06-23T10:10:24Z,1782209424,warmup,45.0,1.4446909090909903e-06,{}
6,B,Garbage Collection Pauses (Java vs Go),java_inventory,java,inventory,warehouse-go:8084,warehouse-go:8084,2026-06-23 15:40:24,2026-06-23T10:10:24Z,1782209424,warmup,45.0,5.142400000000193e-06,{}
6,B,Garbage Collection Pauses (Java vs Go),java_inventory,java,inventory,inventory-go-twin:9082,inventory-go-twin:9082,2026-06-23 15:40:39,2026-06-23T10:10:39Z,1782209439,warmup,60.0,4.5144727272726375e-06,{}
6,B,Garbage Collection Pauses (Java vs Go),java_inventory,java,inventory,order-go-twin:9083,order-go-twin:9083,2026-06-23 15:40:39,2026-06-23T10:10:39Z,1782209439,warmup,60.0,0.0,{}
6,B,Garbage Collection Pauses (Java vs Go),java_inventory,java,inventory,warehouse-go:8084,warehouse-go:8084,2026-06-23 15:40:39,2026-06-23T10:10:39Z,1782209439,warmup,60.0,5.142306503518311e-06,{}
6,B,Garbage Collection Pauses (Java vs Go),java_inventory,java,inventory,inventory-go-twin:9082,inventory-go-twin:9082,2026-06-23 15:40:54,2026-06-23T10:10:54Z,1782209454,warmup,75.0,2.2553771749604846e-06,{}
6,B,Garbage Collection Pauses (Java vs Go),java_inventory,java,inventory,order-go-twin:9083,order-go-twin:9083,2026-06-23 15:40:54,2026-06-23T10:10:54Z,1782209454,warmup,75.0,7.275272727273614e-07,{}
6,B,Garbage Collection Pauses (Java vs Go),java_inventory,java,inventory,warehouse-go:8084,warehouse-go:8084,2026-06-23 15:40:54,2026-06-23T10:10:54Z,1782209454,warmup,75.0,4.731018181818919e-06,{}
6,B,Garbage Collection Pauses (Java vs Go),java_inventory,java,inventory,inventory-go-twin:9082,inventory-go-twin:9082,2026-06-23 15:41:09,2026-06-23T10:11:09Z,1782209469,warmup,90.0,2.2554591901671232e-06,{}
6,B,Garbage Collection Pauses (Java vs Go),java_inventory,java,inventory,order-go-twin:9083,order-go-twin:9083,2026-06-23 15:41:09,2026-06-23T10:11:09Z,1782209469,warmup,90.0,7.275140451992669e-07,{}
6,B,Garbage Collection Pauses (Java vs Go),java_inventory,java,inventory,warehouse-go:8084,warehouse-go:8084,2026-06-23 15:41:09,2026-06-23T10:11:09Z,1782209469,warmup,90.0,1.400025455008159e-06,{}
6,B,Garbage Collection Pauses (Java vs Go),java_inventory,java,inventory,inventory-go-twin:9082,inventory-go-twin:9082,2026-06-23 15:41:24,2026-06-23T10:11:24Z,1782209484,warmup,105.0,2.2176585028818625e-06,{}
6,B,Garbage Collection Pauses (Java vs Go),java_inventory,java,inventory,order-go-twin:9083,order-go-twin:9083,2026-06-23 15:41:24,2026-06-23T10:11:24Z,1782209484,warmup,105.0,7.275140451992669e-07,{}
6,B,Garbage Collection Pauses (Java vs Go),java_inventory,java,inventory,warehouse-go:8084,warehouse-go:8084,2026-06-23 15:41:24,2026-06-23T10:11:24Z,1782209484,warmup,105.0,1.399999999999886e-06,{}
6,B,Garbage Collection Pauses (Java vs Go),java_inventory,java,inventory,inventory-go-twin:9082,inventory-go-twin:9082,2026-06-23 15:41:39,2026-06-23T10:11:39Z,1782209499,warmup,120.0,2.2176181818181736e-06,{}
6,B,Garbage Collection Pauses (Java vs Go),java_inventory,java,inventory,order-go-twin:9083,order-go-twin:9083,2026-06-23 15:41:39,2026-06-23T10:11:39Z,1782209499,warmup,120.0,0.0,{}
6,B,Garbage Collection Pauses (Java vs Go),java_inventory,java,inventory,warehouse-go:8084,warehouse-go:8084,2026-06-23 15:41:39,2026-06-23T10:11:39Z,1782209499,warmup,120.0,1.5245454545453896e-06,{}
6,B,Garbage Collection Pauses (Java vs Go),java_inventory,java,inventory,inventory-go-twin:9082,inventory-go-twin:9082,2026-06-23 15:41:54,2026-06-23T10:11:54Z,1782209514,warmup,135.0,2.217577862220679e-06,{}
6,B,Garbage Collection Pauses (Java vs Go),java_inventory,java,inventory,order-go-twin:9083,order-go-twin:9083,2026-06-23 15:41:54,2026-06-23T10:11:54Z,1782209514,warmup,135.0,1.6259204712811277e-06,{}
6,B,Garbage Collection Pauses (Java vs Go),java_inventory,java,inventory,warehouse-go:8084,warehouse-go:8084,2026-06-23 15:41:54,2026-06-23T10:11:54Z,1782209514,warmup,135.0,1.5245454545453896e-06,{}
6,B,Garbage Collection Pauses (Java vs Go),java_inventory,java,inventory,inventory-go-twin:9082,inventory-go-twin:9082,2026-06-23 15:42:09,2026-06-23T10:12:09Z,1782209529,warmup,150.0,4.4491736513883315e-06,{}
6,B,Garbage Collection Pauses (Java vs Go),java_inventory,java,inventory,order-go-twin:9083,order-go-twin:9083,2026-06-23 15:42:09,2026-06-23T10:12:09Z,1782209529,warmup,150.0,1.6258909090907404e-06,{}
6,B,Garbage Collection Pauses (Java vs Go),java_inventory,java,inventory,warehouse-go:8084,warehouse-go:8084,2026-06-23 15:42:09,2026-06-23T10:12:09Z,1782209529,warmup,150.0,3.889672727272223e-06,{}
6,B,Garbage Collection Pauses (Java vs Go),java_inventory,java,inventory,inventory-go-twin:9082,inventory-go-twin:9082,2026-06-23 15:42:24,2026-06-23T10:12:24Z,1782209544,warmup,165.0,2.231676939580903e-06,{}
6,B,Garbage Collection Pauses (Java vs Go),java_inventory,java,inventory,order-go-twin:9083,order-go-twin:9083,2026-06-23 15:42:24,2026-06-23T10:12:24Z,1782209544,warmup,165.0,1.625861347975323e-06,{}
6,B,Garbage Collection Pauses (Java vs Go),java_inventory,java,inventory,warehouse-go:8084,warehouse-go:8084,2026-06-23 15:42:24,2026-06-23T10:12:24Z,1782209544,warmup,165.0,6.1245613716108475e-06,{}
6,B,Garbage Collection Pauses (Java vs Go),java_inventory,java,inventory,inventory-go-twin:9082,inventory-go-twin:9082,2026-06-23 15:42:39,2026-06-23T10:12:39Z,1782209559,warmup,180.0,2.2316363636365464e-06,{}
6,B,Garbage Collection Pauses (Java vs Go),java_inventory,java,inventory,order-go-twin:9083,order-go-twin:9083,2026-06-23 15:42:39,2026-06-23T10:12:39Z,1782209559,warmup,180.0,1.6259204712811277e-06,{}
6,B,Garbage Collection Pauses (Java vs Go),java_inventory,java,inventory,warehouse-go:8084,warehouse-go:8084,2026-06-23 15:42:39,2026-06-23T10:12:39Z,1782209559,warmup,180.0,6.235672727272767e-06,{}
6,B,Garbage Collection Pauses (Java vs Go),java_inventory,java,inventory,inventory-go-twin:9082,inventory-go-twin:9082,2026-06-23 15:42:54,2026-06-23T10:12:54Z,1782209574,warmup,195.0,2.231676939580903e-06,{}
6,B,Garbage Collection Pauses (Java vs Go),java_inventory,java,inventory,order-go-twin:9083,order-go-twin:9083,2026-06-23 15:42:54,2026-06-23T10:12:54Z,1782209574,warmup,195.0,1.5854727272728903e-06,{}
6,B,Garbage Collection Pauses (Java vs Go),java_inventory,java,inventory,warehouse-go:8084,warehouse-go:8084,2026-06-23 15:42:54,2026-06-23T10:12:54Z,1782209574,warmup,195.0,6.235559353466341e-06,{}
6,B,Garbage Collection Pauses (Java vs Go),java_inventory,java,inventory,inventory-go-twin:9082,inventory-go-twin:9082,2026-06-23 15:43:09,2026-06-23T10:13:09Z,1782209589,warmup,210.0,1.3839999999999812e-06,{}
6,B,Garbage Collection Pauses (Java vs Go),java_inventory,java,inventory,order-go-twin:9083,order-go-twin:9083,2026-06-23 15:43:09,2026-06-23T10:13:09Z,1782209589,warmup,210.0,1.5854727272728903e-06,{}
6,B,Garbage Collection Pauses (Java vs Go),java_inventory,java,inventory,warehouse-go:8084,warehouse-go:8084,2026-06-23 15:43:09,2026-06-23T10:13:09Z,1782209589,warmup,210.0,5.299781818181935e-06,{}
6,B,Garbage Collection Pauses (Java vs Go),java_inventory,java,inventory,inventory-go-twin:9082,inventory-go-twin:9082,2026-06-23 15:43:24,2026-06-23T10:13:24Z,1782209604,warmup,225.0,1.384025164093874e-06,{}
6,B,Garbage Collection Pauses (Java vs Go),java_inventory,java,inventory,order-go-twin:9083,order-go-twin:9083,2026-06-23 15:43:24,2026-06-23T10:13:24Z,1782209604,warmup,225.0,1.5855015545738826e-06,{}
6,B,Garbage Collection Pauses (Java vs Go),java_inventory,java,inventory,warehouse-go:8084,warehouse-go:8084,2026-06-23 15:43:24,2026-06-23T10:13:24Z,1782209604,warmup,225.0,3.0647260958893558e-06,{}
6,B,Garbage Collection Pauses (Java vs Go),java_inventory,java,inventory,inventory-go-twin:9082,inventory-go-twin:9082,2026-06-23 15:43:39,2026-06-23T10:13:39Z,1782209619,warmup,240.0,1.3839999999999812e-06,{}
6,B,Garbage Collection Pauses (Java vs Go),java_inventory,java,inventory,order-go-twin:9083,order-go-twin:9083,2026-06-23 15:43:39,2026-06-23T10:13:39Z,1782209619,warmup,240.0,1.5854727272728903e-06,{}
6,B,Garbage Collection Pauses (Java vs Go),java_inventory,java,inventory,warehouse-go:8084,warehouse-go:8084,2026-06-23 15:43:39,2026-06-23T10:13:39Z,1782209619,warmup,240.0,2.88972526773215e-06,{}
6,B,Garbage Collection Pauses (Java vs Go),java_inventory,java,inventory,inventory-go-twin:9082,inventory-go-twin:9082,2026-06-23 15:43:54,2026-06-23T10:13:54Z,1782209634,warmup,255.0,1.671884943362468e-06,{}
6,B,Garbage Collection Pauses (Java vs Go),java_inventory,java,inventory,order-go-twin:9083,order-go-twin:9083,2026-06-23 15:43:54,2026-06-23T10:13:54Z,1782209634,warmup,255.0,0.0,{}
6,B,Garbage Collection Pauses (Java vs Go),java_inventory,java,inventory,warehouse-go:8084,warehouse-go:8084,2026-06-23 15:43:54,2026-06-23T10:13:54Z,1782209634,warmup,255.0,4.217218181818366e-06,{}
6,B,Garbage Collection Pauses (Java vs Go),java_inventory,java,inventory,inventory-go-twin:9082,inventory-go-twin:9082,2026-06-23 15:44:09,2026-06-23T10:14:09Z,1782209649,warmup,270.0,1.6718545454544067e-06,{}
6,B,Garbage Collection Pauses (Java vs Go),java_inventory,java,inventory,order-go-twin:9083,order-go-twin:9083,2026-06-23 15:44:09,2026-06-23T10:14:09Z,1782209649,warmup,270.0,2.7812363636364237e-06,{}
6,B,Garbage Collection Pauses (Java vs Go),java_inventory,java,inventory,warehouse-go:8084,warehouse-go:8084,2026-06-23 15:44:09,2026-06-23T10:14:09Z,1782209649,warmup,270.0,2.7880325096825416e-06,{}
6,B,Garbage Collection Pauses (Java vs Go),java_inventory,java,inventory,inventory-go-twin:9082,inventory-go-twin:9082,2026-06-23 15:44:24,2026-06-23T10:14:24Z,1782209664,warmup,285.0,1.6718545454544067e-06,{}
6,B,Garbage Collection Pauses (Java vs Go),java_inventory,java,inventory,order-go-twin:9083,order-go-twin:9083,2026-06-23 15:44:24,2026-06-23T10:14:24Z,1782209664,warmup,285.0,2.7812363636364237e-06,{}
6,B,Garbage Collection Pauses (Java vs Go),java_inventory,java,inventory,warehouse-go:8084,warehouse-go:8084,2026-06-23 15:44:24,2026-06-23T10:14:24Z,1782209664,warmup,285.0,4.4021454545446884e-06,{}
6,B,Garbage Collection Pauses (Java vs Go),java_inventory,java,inventory,inventory-go-twin:9082,inventory-go-twin:9082,2026-06-23 15:44:39,2026-06-23T10:14:39Z,1782209679,ramp_1,300.0,4.121020382188656e-06,{}
6,B,Garbage Collection Pauses (Java vs Go),java_inventory,java,inventory,order-go-twin:9083,order-go-twin:9083,2026-06-23 15:44:39,2026-06-23T10:14:39Z,1782209679,ramp_1,300.0,2.781286932489742e-06,{}
6,B,Garbage Collection Pauses (Java vs Go),java_inventory,java,inventory,warehouse-go:8084,warehouse-go:8084,2026-06-23 15:44:39,2026-06-23T10:14:39Z,1782209679,ramp_1,300.0,3.074599999999059e-06,{}
6,B,Garbage Collection Pauses (Java vs Go),java_inventory,java,inventory,inventory-go-twin:9082,inventory-go-twin:9082,2026-06-23 15:44:54,2026-06-23T10:14:54Z,1782209694,ramp_1,315.0,2.449090909090936e-06,{}
6,B,Garbage Collection Pauses (Java vs Go),java_inventory,java,inventory,order-go-twin:9083,order-go-twin:9083,2026-06-23 15:44:54,2026-06-23T10:14:54Z,1782209694,ramp_1,315.0,0.0,{}
6,B,Garbage Collection Pauses (Java vs Go),java_inventory,java,inventory,warehouse-go:8084,warehouse-go:8084,2026-06-23 15:44:54,2026-06-23T10:14:54Z,1782209694,ramp_1,315.0,3.751854545453913e-06,{}
6,B,Garbage Collection Pauses (Java vs Go),java_inventory,java,inventory,inventory-go-twin:9082,inventory-go-twin:9082,2026-06-23 15:45:09,2026-06-23T10:15:09Z,1782209709,ramp_1,330.0,2.449090909090936e-06,{}
6,B,Garbage Collection Pauses (Java vs Go),java_inventory,java,inventory,order-go-twin:9083,order-go-twin:9083,2026-06-23 15:45:09,2026-06-23T10:15:09Z,1782209709,ramp_1,330.0,2.3383211214339256e-06,{}
6,B,Garbage Collection Pauses (Java vs Go),java_inventory,java,inventory,warehouse-go:8084,warehouse-go:8084,2026-06-23 15:45:09,2026-06-23T10:15:09Z,1782209709,ramp_1,330.0,3.6674060471626573e-06,{}
6,B,Garbage Collection Pauses (Java vs Go),java_inventory,java,inventory,inventory-go-twin:9082,inventory-go-twin:9082,2026-06-23 15:45:24,2026-06-23T10:15:24Z,1782209724,ramp_1,345.0,2.449090909090936e-06,{}
6,B,Garbage Collection Pauses (Java vs Go),java_inventory,java,inventory,order-go-twin:9083,order-go-twin:9083,2026-06-23 15:45:24,2026-06-23T10:15:24Z,1782209724,ramp_1,345.0,2.338363636363406e-06,{}
6,B,Garbage Collection Pauses (Java vs Go),java_inventory,java,inventory,warehouse-go:8084,warehouse-go:8084,2026-06-23 15:45:24,2026-06-23T10:15:24Z,1782209724,ramp_1,345.0,2.2481045799173057e-06,{}
6,B,Garbage Collection Pauses (Java vs Go),java_inventory,java,inventory,inventory-go-twin:9082,inventory-go-twin:9082,2026-06-23 15:45:39,2026-06-23T10:15:39Z,1782209739,ramp_1,360.0,1.1154181818182314e-06,{}
6,B,Garbage Collection Pauses (Java vs Go),java_inventory,java,inventory,order-go-twin:9083,order-go-twin:9083,2026-06-23 15:45:39,2026-06-23T10:15:39Z,1782209739,ramp_1,360.0,2.338363636363406e-06,{}
6,B,Garbage Collection Pauses (Java vs Go),java_inventory,java,inventory,warehouse-go:8084,warehouse-go:8084,2026-06-23 15:45:39,2026-06-23T10:15:39Z,1782209739,ramp_1,360.0,4.638393425335592e-06,{}
6,B,Garbage Collection Pauses (Java vs Go),java_inventory,java,inventory,inventory-go-twin:9082,inventory-go-twin:9082,2026-06-23 15:45:54,2026-06-23T10:15:54Z,1782209754,ramp_1,375.0,1.1154384625175502e-06,{}
6,B,Garbage Collection Pauses (Java vs Go),java_inventory,java,inventory,order-go-twin:9083,order-go-twin:9083,2026-06-23 15:45:54,2026-06-23T10:15:54Z,1782209754,ramp_1,375.0,2.3383211214339256e-06,{}
6,B,Garbage Collection Pauses (Java vs Go),java_inventory,java,inventory,warehouse-go:8084,warehouse-go:8084,2026-06-23 15:45:54,2026-06-23T10:15:54Z,1782209754,ramp_1,375.0,6.3231272727277075e-06,{}
6,B,Garbage Collection Pauses (Java vs Go),java_inventory,java,inventory,inventory-go-twin:9082,inventory-go-twin:9082,2026-06-23 15:46:09,2026-06-23T10:16:09Z,1782209769,ramp_1,390.0,3.525355006454692e-06,{}
6,B,Garbage Collection Pauses (Java vs Go),java_inventory,java,inventory,order-go-twin:9083,order-go-twin:9083,2026-06-23 15:46:09,2026-06-23T10:16:09Z,1782209769,ramp_1,390.0,2.5431901238161115e-06,{}
6,B,Garbage Collection Pauses (Java vs Go),java_inventory,java,inventory,warehouse-go:8084,warehouse-go:8084,2026-06-23 15:46:09,2026-06-23T10:16:09Z,1782209769,ramp_1,390.0,4.752236363636531e-06,{}
6,B,Garbage Collection Pauses (Java vs Go),java_inventory,java,inventory,inventory-go-twin:9082,inventory-go-twin:9082,2026-06-23 15:46:24,2026-06-23T10:16:24Z,1782209784,ramp_1,405.0,2.4098727272727063e-06,{}
6,B,Garbage Collection Pauses (Java vs Go),java_inventory,java,inventory,order-go-twin:9083,order-go-twin:9083,2026-06-23 15:46:24,2026-06-23T10:16:24Z,1782209784,ramp_1,405.0,2.5431901238161115e-06,{}
6,B,Garbage Collection Pauses (Java vs Go),java_inventory,java,inventory,warehouse-go:8084,warehouse-go:8084,2026-06-23 15:46:24,2026-06-23T10:16:24Z,1782209784,ramp_1,405.0,3.564236363636079e-06,{}
6,B,Garbage Collection Pauses (Java vs Go),java_inventory,java,inventory,inventory-go-twin:9082,inventory-go-twin:9082,2026-06-23 15:46:39,2026-06-23T10:16:39Z,1782209799,ramp_1,420.0,2.4098727272727063e-06,{}
6,B,Garbage Collection Pauses (Java vs Go),java_inventory,java,inventory,order-go-twin:9083,order-go-twin:9083,2026-06-23 15:46:39,2026-06-23T10:16:39Z,1782209799,ramp_1,420.0,2.5432363636365444e-06,{}
6,B,Garbage Collection Pauses (Java vs Go),java_inventory,java,inventory,warehouse-go:8084,warehouse-go:8084,2026-06-23 15:46:39,2026-06-23T10:16:39Z,1782209799,ramp_1,420.0,1.8793840111996614e-06,{}
6,B,Garbage Collection Pauses (Java vs Go),java_inventory,java,inventory,inventory-go-twin:9082,inventory-go-twin:9082,2026-06-23 15:46:54,2026-06-23T10:16:54Z,1782209814,ramp_1,435.0,4.662709090909197e-06,{}
6,B,Garbage Collection Pauses (Java vs Go),java_inventory,java,inventory,order-go-twin:9083,order-go-twin:9083,2026-06-23 15:46:54,2026-06-23T10:16:54Z,1782209814,ramp_1,435.0,2.5431901238161115e-06,{}
6,B,Garbage Collection Pauses (Java vs Go),java_inventory,java,inventory,warehouse-go:8084,warehouse-go:8084,2026-06-23 15:46:54,2026-06-23T10:16:54Z,1782209814,ramp_1,435.0,3.1085999999993306e-06,{}
6,B,Garbage Collection Pauses (Java vs Go),java_inventory,java,inventory,inventory-go-twin:9082,inventory-go-twin:9082,2026-06-23 15:47:09,2026-06-23T10:17:09Z,1782209829,ramp_1,450.0,2.25283636363649e-06,{}
6,B,Garbage Collection Pauses (Java vs Go),java_inventory,java,inventory,order-go-twin:9083,order-go-twin:9083,2026-06-23 15:47:09,2026-06-23T10:17:09Z,1782209829,ramp_1,450.0,0.0,{}
6,B,Garbage Collection Pauses (Java vs Go),java_inventory,java,inventory,warehouse-go:8084,warehouse-go:8084,2026-06-23 15:47:09,2026-06-23T10:17:09Z,1782209829,ramp_1,450.0,3.1085999999993306e-06,{}
6,B,Garbage Collection Pauses (Java vs Go),java_inventory,java,inventory,inventory-go-twin:9082,inventory-go-twin:9082,2026-06-23 15:47:24,2026-06-23T10:17:24Z,1782209844,ramp_1,465.0,2.25283636363649e-06,{}
6,B,Garbage Collection Pauses (Java vs Go),java_inventory,java,inventory,order-go-twin:9083,order-go-twin:9083,2026-06-23 15:47:24,2026-06-23T10:17:24Z,1782209844,ramp_1,465.0,1.3197578225850153e-06,{}
6,B,Garbage Collection Pauses (Java vs Go),java_inventory,java,inventory,warehouse-go:8084,warehouse-go:8084,2026-06-23 15:47:24,2026-06-23T10:17:24Z,1782209844,ramp_1,465.0,2.892490909090949e-06,{}
6,B,Garbage Collection Pauses (Java vs Go),java_inventory,java,inventory,inventory-go-twin:9082,inventory-go-twin:9082,2026-06-23 15:47:39,2026-06-23T10:17:39Z,1782209859,ramp_1,480.0,3.601792759868277e-06,{}
6,B,Garbage Collection Pauses (Java vs Go),java_inventory,java,inventory,order-go-twin:9083,order-go-twin:9083,2026-06-23 15:47:39,2026-06-23T10:17:39Z,1782209859,ramp_1,480.0,1.319805814651147e-06,{}
6,B,Garbage Collection Pauses (Java vs Go),java_inventory,java,inventory,warehouse-go:8084,warehouse-go:8084,2026-06-23 15:47:39,2026-06-23T10:17:39Z,1782209859,ramp_1,480.0,1.6633090909096653e-06,{}
6,B,Garbage Collection Pauses (Java vs Go),java_inventory,java,inventory,inventory-go-twin:9082,inventory-go-twin:9082,2026-06-23 15:47:54,2026-06-23T10:17:54Z,1782209874,ramp_1,495.0,1.3488909090906982e-06,{}
6,B,Garbage Collection Pauses (Java vs Go),java_inventory,java,inventory,order-go-twin:9083,order-go-twin:9083,2026-06-23 15:47:54,2026-06-23T10:17:54Z,1782209874,ramp_1,495.0,1.319805814651147e-06,{}
6,B,Garbage Collection Pauses (Java vs Go),java_inventory,java,inventory,warehouse-go:8084,warehouse-go:8084,2026-06-23 15:47:54,2026-06-23T10:17:54Z,1782209874,ramp_1,495.0,3.1787818181825613e-06,{}
6,B,Garbage Collection Pauses (Java vs Go),java_inventory,java,inventory,inventory-go-twin:9082,inventory-go-twin:9082,2026-06-23 15:48:09,2026-06-23T10:18:09Z,1782209889,ramp_1,510.0,2.7083818181816205e-06,{}
6,B,Garbage Collection Pauses (Java vs Go),java_inventory,java,inventory,order-go-twin:9083,order-go-twin:9083,2026-06-23 15:48:09,2026-06-23T10:18:09Z,1782209889,ramp_1,510.0,0.0,{}
6,B,Garbage Collection Pauses (Java vs Go),java_inventory,java,inventory,warehouse-go:8084,warehouse-go:8084,2026-06-23 15:48:09,2026-06-23T10:18:09Z,1782209889,ramp_1,510.0,1.5154727272728958e-06,{}
6,B,Garbage Collection Pauses (Java vs Go),java_inventory,java,inventory,inventory-go-twin:9082,inventory-go-twin:9082,2026-06-23 15:48:24,2026-06-23T10:18:24Z,1782209904,ramp_1,525.0,1.3595156275568781e-06,{}
6,B,Garbage Collection Pauses (Java vs Go),java_inventory,java,inventory,order-go-twin:9083,order-go-twin:9083,2026-06-23 15:48:24,2026-06-23T10:18:24Z,1782209904,ramp_1,525.0,8.331121252341033e-07,{}
6,B,Garbage Collection Pauses (Java vs Go),java_inventory,java,inventory,warehouse-go:8084,warehouse-go:8084,2026-06-23 15:48:24,2026-06-23T10:18:24Z,1782209904,ramp_1,525.0,2.4680727272726036e-06,{}
6,B,Garbage Collection Pauses (Java vs Go),java_inventory,java,inventory,inventory-go-twin:9082,inventory-go-twin:9082,2026-06-23 15:48:39,2026-06-23T10:18:39Z,1782209919,ramp_1,540.0,1.3594909090909222e-06,{}
6,B,Garbage Collection Pauses (Java vs Go),java_inventory,java,inventory,order-go-twin:9083,order-go-twin:9083,2026-06-23 15:48:39,2026-06-23T10:18:39Z,1782209919,ramp_1,540.0,8.331272727272893e-07,{}
6,B,Garbage Collection Pauses (Java vs Go),java_inventory,java,inventory,warehouse-go:8084,warehouse-go:8084,2026-06-23 15:48:39,2026-06-23T10:18:39Z,1782209919,ramp_1,540.0,1.6492727272726153e-06,{}
6,B,Garbage Collection Pauses (Java vs Go),java_inventory,java,inventory,inventory-go-twin:9082,inventory-go-twin:9082,2026-06-23 15:48:54,2026-06-23T10:18:54Z,1782209934,ramp_1,555.0,1.9673084965181683e-06,{}
6,B,Garbage Collection Pauses (Java vs Go),java_inventory,java,inventory,order-go-twin:9083,order-go-twin:9083,2026-06-23 15:48:54,2026-06-23T10:18:54Z,1782209934,ramp_1,555.0,8.331424207713035e-07,{}
6,B,Garbage Collection Pauses (Java vs Go),java_inventory,java,inventory,warehouse-go:8084,warehouse-go:8084,2026-06-23 15:48:54,2026-06-23T10:18:54Z,1782209934,ramp_1,555.0,1.6492727272726153e-06,{}
6,B,Garbage Collection Pauses (Java vs Go),java_inventory,java,inventory,inventory-go-twin:9082,inventory-go-twin:9082,2026-06-23 15:49:09,2026-06-23T10:19:09Z,1782209949,ramp_1,570.0,6.077707678042583e-07,{}
6,B,Garbage Collection Pauses (Java vs Go),java_inventory,java,inventory,order-go-twin:9083,order-go-twin:9083,2026-06-23 15:49:09,2026-06-23T10:19:09Z,1782209949,ramp_1,570.0,8.331121252341033e-07,{}
6,B,Garbage Collection Pauses (Java vs Go),java_inventory,java,inventory,warehouse-go:8084,warehouse-go:8084,2026-06-23 15:49:09,2026-06-23T10:19:09Z,1782209949,ramp_1,570.0,2.160654545453737e-06,{}
6,B,Garbage Collection Pauses (Java vs Go),java_inventory,java,inventory,inventory-go-twin:9082,inventory-go-twin:9082,2026-06-23 15:49:24,2026-06-23T10:19:24Z,1782209964,ramp_1,585.0,6.077818181818547e-07,{}
6,B,Garbage Collection Pauses (Java vs Go),java_inventory,java,inventory,order-go-twin:9083,order-go-twin:9083,2026-06-23 15:49:24,2026-06-23T10:19:24Z,1782209964,ramp_1,585.0,1.8476154111892634e-06,{}
6,B,Garbage Collection Pauses (Java vs Go),java_inventory,java,inventory,warehouse-go:8084,warehouse-go:8084,2026-06-23 15:49:24,2026-06-23T10:19:24Z,1782209964,ramp_1,585.0,1.2080545454540292e-06,{}
6,B,Garbage Collection Pauses (Java vs Go),java_inventory,java,inventory,inventory-go-twin:9082,inventory-go-twin:9082,2026-06-23 15:49:39,2026-06-23T10:19:39Z,1782209979,ramp_2,600.0,6.077707678042583e-07,{}
6,B,Garbage Collection Pauses (Java vs Go),java_inventory,java,inventory,order-go-twin:9083,order-go-twin:9083,2026-06-23 15:49:39,2026-06-23T10:19:39Z,1782209979,ramp_2,600.0,1.847581818181787e-06,{}
6,B,Garbage Collection Pauses (Java vs Go),java_inventory,java,inventory,warehouse-go:8084,warehouse-go:8084,2026-06-23 15:49:39,2026-06-23T10:19:39Z,1782209979,ramp_2,600.0,2.096290909090672e-06,{}
6,B,Garbage Collection Pauses (Java vs Go),java_inventory,java,inventory,inventory-go-twin:9082,inventory-go-twin:9082,2026-06-23 15:49:54,2026-06-23T10:19:54Z,1782209994,ramp_2,615.0,1.5886000000000308e-06,{}
6,B,Garbage Collection Pauses (Java vs Go),java_inventory,java,inventory,order-go-twin:9083,order-go-twin:9083,2026-06-23 15:49:54,2026-06-23T10:19:54Z,1782209994,ramp_2,615.0,1.8476154111892634e-06,{}
6,B,Garbage Collection Pauses (Java vs Go),java_inventory,java,inventory,warehouse-go:8084,warehouse-go:8084,2026-06-23 15:49:54,2026-06-23T10:19:54Z,1782209994,ramp_2,615.0,2.096290909090672e-06,{}
6,B,Garbage Collection Pauses (Java vs Go),java_inventory,java,inventory,inventory-go-twin:9082,inventory-go-twin:9082,2026-06-23 15:50:09,2026-06-23T10:20:09Z,1782210009,ramp_2,630.0,1.5886000000000308e-06,{}
6,B,Garbage Collection Pauses (Java vs Go),java_inventory,java,inventory,order-go-twin:9083,order-go-twin:9083,2026-06-23 15:50:09,2026-06-23T10:20:09Z,1782210009,ramp_2,630.0,3.281636363636209e-06,{}
6,B,Garbage Collection Pauses (Java vs Go),java_inventory,java,inventory,warehouse-go:8084,warehouse-go:8084,2026-06-23 15:50:09,2026-06-23T10:20:09Z,1782210009,ramp_2,630.0,3.3581272727274805e-06,{}
6,B,Garbage Collection Pauses (Java vs Go),java_inventory,java,inventory,inventory-go-twin:9082,inventory-go-twin:9082,2026-06-23 15:50:24,2026-06-23T10:20:24Z,1782210024,ramp_2,645.0,1.5886000000000308e-06,{}
6,B,Garbage Collection Pauses (Java vs Go),java_inventory,java,inventory,order-go-twin:9083,order-go-twin:9083,2026-06-23 15:50:24,2026-06-23T10:20:24Z,1782210024,ramp_2,645.0,1.4340545454544217e-06,{}
6,B,Garbage Collection Pauses (Java vs Go),java_inventory,java,inventory,warehouse-go:8084,warehouse-go:8084,2026-06-23 15:50:24,2026-06-23T10:20:24Z,1782210024,ramp_2,645.0,3.3581272727274805e-06,{}
6,B,Garbage Collection Pauses (Java vs Go),java_inventory,java,inventory,inventory-go-twin:9082,inventory-go-twin:9082,2026-06-23 15:50:39,2026-06-23T10:20:39Z,1782210039,ramp_2,660.0,1.0363090909091468e-06,{}
6,B,Garbage Collection Pauses (Java vs Go),java_inventory,java,inventory,order-go-twin:9083,order-go-twin:9083,2026-06-23 15:50:39,2026-06-23T10:20:39Z,1782210039,ramp_2,660.0,1.4340284722094726e-06,{}
6,B,Garbage Collection Pauses (Java vs Go),java_inventory,java,inventory,warehouse-go:8084,warehouse-go:8084,2026-06-23 15:50:39,2026-06-23T10:20:39Z,1782210039,ramp_2,660.0,4.249745454545171e-06,{}
6,B,Garbage Collection Pauses (Java vs Go),java_inventory,java,inventory,inventory-go-twin:9082,inventory-go-twin:9082,2026-06-23 15:50:54,2026-06-23T10:20:54Z,1782210054,ramp_2,675.0,1.0363090909091468e-06,{}
6,B,Garbage Collection Pauses (Java vs Go),java_inventory,java,inventory,order-go-twin:9083,order-go-twin:9083,2026-06-23 15:50:54,2026-06-23T10:20:54Z,1782210054,ramp_2,675.0,1.4340284722094726e-06,{}
6,B,Garbage Collection Pauses (Java vs Go),java_inventory,java,inventory,warehouse-go:8084,warehouse-go:8084,2026-06-23 15:50:54,2026-06-23T10:20:54Z,1782210054,ramp_2,675.0,4.4946000000005295e-06,{}
6,B,Garbage Collection Pauses (Java vs Go),java_inventory,java,inventory,inventory-go-twin:9082,inventory-go-twin:9082,2026-06-23 15:51:09,2026-06-23T10:21:09Z,1782210069,ramp_2,690.0,1.0363279332352057e-06,{}
6,B,Garbage Collection Pauses (Java vs Go),java_inventory,java,inventory,order-go-twin:9083,order-go-twin:9083,2026-06-23 15:51:09,2026-06-23T10:21:09Z,1782210069,ramp_2,690.0,1.0286903874475199e-06,{}
6,B,Garbage Collection Pauses (Java vs Go),java_inventory,java,inventory,warehouse-go:8084,warehouse-go:8084,2026-06-23 15:51:09,2026-06-23T10:21:09Z,1782210069,ramp_2,690.0,4.4946000000005295e-06,{}
6,B,Garbage Collection Pauses (Java vs Go),java_inventory,java,inventory,inventory-go-twin:9082,inventory-go-twin:9082,2026-06-23 15:51:24,2026-06-23T10:21:24Z,1782210084,ramp_2,705.0,3.331781818181763e-06,{}
6,B,Garbage Collection Pauses (Java vs Go),java_inventory,java,inventory,order-go-twin:9083,order-go-twin:9083,2026-06-23 15:51:24,2026-06-23T10:21:24Z,1782210084,ramp_2,705.0,1.0287090909091098e-06,{}
6,B,Garbage Collection Pauses (Java vs Go),java_inventory,java,inventory,warehouse-go:8084,warehouse-go:8084,2026-06-23 15:51:24,2026-06-23T10:21:24Z,1782210084,ramp_2,705.0,5.910636363636413e-06,{}
6,B,Garbage Collection Pauses (Java vs Go),java_inventory,java,inventory,inventory-go-twin:9082,inventory-go-twin:9082,2026-06-23 15:51:39,2026-06-23T10:21:39Z,1782210099,ramp_2,720.0,2.295472727272616e-06,{}
6,B,Garbage Collection Pauses (Java vs Go),java_inventory,java,inventory,order-go-twin:9083,order-go-twin:9083,2026-06-23 15:51:39,2026-06-23T10:21:39Z,1782210099,ramp_2,720.0,1.0287090909091098e-06,{}
6,B,Garbage Collection Pauses (Java vs Go),java_inventory,java,inventory,warehouse-go:8084,warehouse-go:8084,2026-06-23 15:51:39,2026-06-23T10:21:39Z,1782210099,ramp_2,720.0,3.434109090909172e-06,{}
6,B,Garbage Collection Pauses (Java vs Go),java_inventory,java,inventory,inventory-go-twin:9082,inventory-go-twin:9082,2026-06-23 15:51:54,2026-06-23T10:21:54Z,1782210114,ramp_2,735.0,2.295472727272616e-06,{}
6,B,Garbage Collection Pauses (Java vs Go),java_inventory,java,inventory,order-go-twin:9083,order-go-twin:9083,2026-06-23 15:51:54,2026-06-23T10:21:54Z,1782210114,ramp_2,735.0,1.0286903874475199e-06,{}
6,B,Garbage Collection Pauses (Java vs Go),java_inventory,java,inventory,warehouse-go:8084,warehouse-go:8084,2026-06-23 15:51:54,2026-06-23T10:21:54Z,1782210114,ramp_2,735.0,1.4160363636358833e-06,{}
6,B,Garbage Collection Pauses (Java vs Go),java_inventory,java,inventory,inventory-go-twin:9082,inventory-go-twin:9082,2026-06-23 15:52:09,2026-06-23T10:22:09Z,1782210129,ramp_2,750.0,2.295514463899233e-06,{}
6,B,Garbage Collection Pauses (Java vs Go),java_inventory,java,inventory,order-go-twin:9083,order-go-twin:9083,2026-06-23 15:52:09,2026-06-23T10:22:09Z,1782210129,ramp_2,750.0,1.2612545454545395e-06,{}
6,B,Garbage Collection Pauses (Java vs Go),java_inventory,java,inventory,warehouse-go:8084,warehouse-go:8084,2026-06-23 15:52:09,2026-06-23T10:22:09Z,1782210129,ramp_2,750.0,2.669763636363832e-06,{}
6,B,Garbage Collection Pauses (Java vs Go),java_inventory,java,inventory,inventory-go-twin:9082,inventory-go-twin:9082,2026-06-23 15:52:24,2026-06-23T10:22:24Z,1782210144,ramp_2,765.0,1.3586727272726663e-06,{}
6,B,Garbage Collection Pauses (Java vs Go),java_inventory,java,inventory,order-go-twin:9083,order-go-twin:9083,2026-06-23 15:52:24,2026-06-23T10:22:24Z,1782210144,ramp_2,765.0,1.2612545454545395e-06,{}
6,B,Garbage Collection Pauses (Java vs Go),java_inventory,java,inventory,warehouse-go:8084,warehouse-go:8084,2026-06-23 15:52:24,2026-06-23T10:22:24Z,1782210144,ramp_2,765.0,4.21210909090944e-06,{}
6,B,Garbage Collection Pauses (Java vs Go),java_inventory,java,inventory,inventory-go-twin:9082,inventory-go-twin:9082,2026-06-23 15:52:39,2026-06-23T10:22:39Z,1782210159,ramp_2,780.0,1.3586727272726663e-06,{}
6,B,Garbage Collection Pauses (Java vs Go),java_inventory,java,inventory,order-go-twin:9083,order-go-twin:9083,2026-06-23 15:52:39,2026-06-23T10:22:39Z,1782210159,ramp_2,780.0,1.2612316139706493e-06,{}
6,B,Garbage Collection Pauses (Java vs Go),java_inventory,java,inventory,warehouse-go:8084,warehouse-go:8084,2026-06-23 15:52:39,2026-06-23T10:22:39Z,1782210159,ramp_2,780.0,4.21210909090944e-06,{}
6,B,Garbage Collection Pauses (Java vs Go),java_inventory,java,inventory,inventory-go-twin:9082,inventory-go-twin:9082,2026-06-23 15:52:54,2026-06-23T10:22:54Z,1782210174,ramp_2,795.0,1.3586727272726663e-06,{}
6,B,Garbage Collection Pauses (Java vs Go),java_inventory,java,inventory,order-go-twin:9083,order-go-twin:9083,2026-06-23 15:52:54,2026-06-23T10:22:54Z,1782210174,ramp_2,795.0,1.7896583698479823e-06,{}
6,B,Garbage Collection Pauses (Java vs Go),java_inventory,java,inventory,warehouse-go:8084,warehouse-go:8084,2026-06-23 15:52:54,2026-06-23T10:22:54Z,1782210174,ramp_2,795.0,3.8084216650609757e-06,{}
6,B,Garbage Collection Pauses (Java vs Go),java_inventory,java,inventory,inventory-go-twin:9082,inventory-go-twin:9082,2026-06-23 15:53:09,2026-06-23T10:23:09Z,1782210189,ramp_2,810.0,1.3297878143239132e-06,{}
6,B,Garbage Collection Pauses (Java vs Go),java_inventory,java,inventory,order-go-twin:9083,order-go-twin:9083,2026-06-23 15:53:09,2026-06-23T10:23:09Z,1782210189,ramp_2,810.0,5.284363636365307e-07,{}
6,B,Garbage Collection Pauses (Java vs Go),java_inventory,java,inventory,warehouse-go:8084,warehouse-go:8084,2026-06-23 15:53:09,2026-06-23T10:23:09Z,1782210189,ramp_2,810.0,5.529854545454677e-06,{}
6,B,Garbage Collection Pauses (Java vs Go),java_inventory,java,inventory,inventory-go-twin:9082,inventory-go-twin:9082,2026-06-23 15:53:24,2026-06-23T10:23:24Z,1782210204,ramp_2,825.0,1.3297636363636526e-06,{}
6,B,Garbage Collection Pauses (Java vs Go),java_inventory,java,inventory,order-go-twin:9083,order-go-twin:9083,2026-06-23 15:53:24,2026-06-23T10:23:24Z,1782210204,ramp_2,825.0,5.28445971745108e-07,{}
6,B,Garbage Collection Pauses (Java vs Go),java_inventory,java,inventory,warehouse-go:8084,warehouse-go:8084,2026-06-23 15:53:24,2026-06-23T10:23:24Z,1782210204,ramp_2,825.0,5.6682727272721655e-06,{}
6,B,Garbage Collection Pauses (Java vs Go),java_inventory,java,inventory,inventory-go-twin:9082,inventory-go-twin:9082,2026-06-23 15:53:39,2026-06-23T10:23:39Z,1782210219,ramp_2,840.0,1.3297636363636526e-06,{}
6,B,Garbage Collection Pauses (Java vs Go),java_inventory,java,inventory,order-go-twin:9083,order-go-twin:9083,2026-06-23 15:53:39,2026-06-23T10:23:39Z,1782210219,ramp_2,840.0,2.509890909090979e-06,{}
6,B,Garbage Collection Pauses (Java vs Go),java_inventory,java,inventory,warehouse-go:8084,warehouse-go:8084,2026-06-23 15:53:39,2026-06-23T10:23:39Z,1782210219,ramp_2,840.0,5.673527272727478e-06,{}
6,B,Garbage Collection Pauses (Java vs Go),java_inventory,java,inventory,inventory-go-twin:9082,inventory-go-twin:9082,2026-06-23 15:53:54,2026-06-23T10:23:54Z,1782210234,ramp_2,855.0,3.38296363636364e-06,{}
6,B,Garbage Collection Pauses (Java vs Go),java_inventory,java,inventory,order-go-twin:9083,order-go-twin:9083,2026-06-23 15:53:54,2026-06-23T10:23:54Z,1782210234,ramp_2,855.0,1.9814545454544478e-06,{}
6,B,Garbage Collection Pauses (Java vs Go),java_inventory,java,inventory,warehouse-go:8084,warehouse-go:8084,2026-06-23 15:53:54,2026-06-23T10:23:54Z,1782210234,ramp_2,855.0,6.3145397356410185e-06,{}
6,B,Garbage Collection Pauses (Java vs Go),java_inventory,java,inventory,inventory-go-twin:9082,inventory-go-twin:9082,2026-06-23 15:54:09,2026-06-23T10:24:09Z,1782210249,ramp_2,870.0,2.0531999999999874e-06,{}
6,B,Garbage Collection Pauses (Java vs Go),java_inventory,java,inventory,order-go-twin:9083,order-go-twin:9083,2026-06-23 15:54:09,2026-06-23T10:24:09Z,1782210249,ramp_2,870.0,1.9814905725557672e-06,{}
6,B,Garbage Collection Pauses (Java vs Go),java_inventory,java,inventory,warehouse-go:8084,warehouse-go:8084,2026-06-23 15:54:09,2026-06-23T10:24:09Z,1782210249,ramp_2,870.0,8.197367224858206e-06,{}
6,B,Garbage Collection Pauses (Java vs Go),java_inventory,java,inventory,inventory-go-twin:9082,inventory-go-twin:9082,2026-06-23 15:54:24,2026-06-23T10:24:24Z,1782210264,ramp_2,885.0,2.0531999999999874e-06,{}
6,B,Garbage Collection Pauses (Java vs Go),java_inventory,java,inventory,order-go-twin:9083,order-go-twin:9083,2026-06-23 15:54:24,2026-06-23T10:24:24Z,1782210264,ramp_2,885.0,1.981418519663181e-06,{}
6,B,Garbage Collection Pauses (Java vs Go),java_inventory,java,inventory,warehouse-go:8084,warehouse-go:8084,2026-06-23 15:54:24,2026-06-23T10:24:24Z,1782210264,ramp_2,885.0,6.516454545454656e-06,{}
6,B,Garbage Collection Pauses (Java vs Go),java_inventory,java,inventory,inventory-go-twin:9082,inventory-go-twin:9082,2026-06-23 15:54:39,2026-06-23T10:24:39Z,1782210279,ramp_3,900.0,2.0531999999999874e-06,{}
6,B,Garbage Collection Pauses (Java vs Go),java_inventory,java,inventory,order-go-twin:9083,order-go-twin:9083,2026-06-23 15:54:39,2026-06-23T10:24:39Z,1782210279,ramp_3,900.0,0.0,{}
6,B,Garbage Collection Pauses (Java vs Go),java_inventory,java,inventory,warehouse-go:8084,warehouse-go:8084,2026-06-23 15:54:39,2026-06-23T10:24:39Z,1782210279,ramp_3,900.0,7.0322363636364894e-06,{}
6,B,Garbage Collection Pauses (Java vs Go),java_inventory,java,inventory,inventory-go-twin:9082,inventory-go-twin:9082,2026-06-23 15:54:54,2026-06-23T10:24:54Z,1782210294,ramp_3,915.0,1.3833818181818724e-06,{}
6,B,Garbage Collection Pauses (Java vs Go),java_inventory,java,inventory,order-go-twin:9083,order-go-twin:9083,2026-06-23 15:54:54,2026-06-23T10:24:54Z,1782210294,ramp_3,915.0,2.1048181818182503e-06,{}
6,B,Garbage Collection Pauses (Java vs Go),java_inventory,java,inventory,warehouse-go:8084,warehouse-go:8084,2026-06-23 15:54:54,2026-06-23T10:24:54Z,1782210294,ramp_3,915.0,8.736272727272177e-06,{}
6,B,Garbage Collection Pauses (Java vs Go),java_inventory,java,inventory,inventory-go-twin:9082,inventory-go-twin:9082,2026-06-23 15:55:09,2026-06-23T10:25:09Z,1782210309,ramp_3,930.0,1.3833818181818724e-06,{}
6,B,Garbage Collection Pauses (Java vs Go),java_inventory,java,inventory,order-go-twin:9083,order-go-twin:9083,2026-06-23 15:55:09,2026-06-23T10:25:09Z,1782210309,ramp_3,930.0,2.1048181818182503e-06,{}
6,B,Garbage Collection Pauses (Java vs Go),java_inventory,java,inventory,warehouse-go:8084,warehouse-go:8084,2026-06-23 15:55:09,2026-06-23T10:25:09Z,1782210309,ramp_3,930.0,6.512054545454953e-06,{}
6,B,Garbage Collection Pauses (Java vs Go),java_inventory,java,inventory,inventory-go-twin:9082,inventory-go-twin:9082,2026-06-23 15:55:24,2026-06-23T10:25:24Z,1782210324,ramp_3,945.0,1.3833818181818724e-06,{}
6,B,Garbage Collection Pauses (Java vs Go),java_inventory,java,inventory,order-go-twin:9083,order-go-twin:9083,2026-06-23 15:55:24,2026-06-23T10:25:24Z,1782210324,ramp_3,945.0,2.1048181818182503e-06,{}
6,B,Garbage Collection Pauses (Java vs Go),java_inventory,java,inventory,warehouse-go:8084,warehouse-go:8084,2026-06-23 15:55:24,2026-06-23T10:25:24Z,1782210324,ramp_3,945.0,7.812381818182092e-06,{}
6,B,Garbage Collection Pauses (Java vs Go),java_inventory,java,inventory,inventory-go-twin:9082,inventory-go-twin:9082,2026-06-23 15:55:39,2026-06-23T10:25:39Z,1782210339,ramp_3,960.0,2.622588680205836e-06,{}
6,B,Garbage Collection Pauses (Java vs Go),java_inventory,java,inventory,order-go-twin:9083,order-go-twin:9083,2026-06-23 15:55:39,2026-06-23T10:25:39Z,1782210339,ramp_3,960.0,0.0,{}
6,B,Garbage Collection Pauses (Java vs Go),java_inventory,java,inventory,warehouse-go:8084,warehouse-go:8084,2026-06-23 15:55:39,2026-06-23T10:25:39Z,1782210339,ramp_3,960.0,5.847488136147463e-06,{}
6,B,Garbage Collection Pauses (Java vs Go),java_inventory,java,inventory,inventory-go-twin:9082,inventory-go-twin:9082,2026-06-23 15:55:54,2026-06-23T10:25:54Z,1782210354,ramp_3,975.0,2.6226363636363847e-06,{}
6,B,Garbage Collection Pauses (Java vs Go),java_inventory,java,inventory,order-go-twin:9083,order-go-twin:9083,2026-06-23 15:55:54,2026-06-23T10:25:54Z,1782210354,ramp_3,975.0,2.1577454545454202e-06,{}
6,B,Garbage Collection Pauses (Java vs Go),java_inventory,java,inventory,warehouse-go:8084,warehouse-go:8084,2026-06-23 15:55:54,2026-06-23T10:25:54Z,1782210354,ramp_3,975.0,5.830199999999997e-06,{}
6,B,Garbage Collection Pauses (Java vs Go),java_inventory,java,inventory,inventory-go-twin:9082,inventory-go-twin:9082,2026-06-23 15:56:09,2026-06-23T10:26:09Z,1782210369,ramp_3,990.0,5.078781818181938e-06,{}
6,B,Garbage Collection Pauses (Java vs Go),java_inventory,java,inventory,order-go-twin:9083,order-go-twin:9083,2026-06-23 15:56:09,2026-06-23T10:26:09Z,1782210369,ramp_3,990.0,2.1577454545454202e-06,{}
6,B,Garbage Collection Pauses (Java vs Go),java_inventory,java,inventory,warehouse-go:8084,warehouse-go:8084,2026-06-23 15:56:09,2026-06-23T10:26:09Z,1782210369,ramp_3,990.0,4.450571828578226e-06,{}
6,B,Garbage Collection Pauses (Java vs Go),java_inventory,java,inventory,inventory-go-twin:9082,inventory-go-twin:9082,2026-06-23 15:56:24,2026-06-23T10:26:24Z,1782210384,ramp_3,1005.0,5.078781818181938e-06,{}
6,B,Garbage Collection Pauses (Java vs Go),java_inventory,java,inventory,order-go-twin:9083,order-go-twin:9083,2026-06-23 15:56:24,2026-06-23T10:26:24Z,1782210384,ramp_3,1005.0,2.1577454545454202e-06,{}
6,B,Garbage Collection Pauses (Java vs Go),java_inventory,java,inventory,warehouse-go:8084,warehouse-go:8084,2026-06-23 15:56:24,2026-06-23T10:26:24Z,1782210384,ramp_3,1005.0,4.506636363636614e-06,{}
6,B,Garbage Collection Pauses (Java vs Go),java_inventory,java,inventory,inventory-go-twin:9082,inventory-go-twin:9082,2026-06-23 15:56:39,2026-06-23T10:26:39Z,1782210399,ramp_3,1020.0,2.4561901125475996e-06,{}
6,B,Garbage Collection Pauses (Java vs Go),java_inventory,java,inventory,order-go-twin:9083,order-go-twin:9083,2026-06-23 15:56:39,2026-06-23T10:26:39Z,1782210399,ramp_3,1020.0,2.157784686994275e-06,{}
6,B,Garbage Collection Pauses (Java vs Go),java_inventory,java,inventory,warehouse-go:8084,warehouse-go:8084,2026-06-23 15:56:39,2026-06-23T10:26:39Z,1782210399,ramp_3,1020.0,4.36557517136029e-06,{}
6,B,Garbage Collection Pauses (Java vs Go),java_inventory,java,inventory,inventory-go-twin:9082,inventory-go-twin:9082,2026-06-23 15:56:54,2026-06-23T10:26:54Z,1782210414,ramp_3,1035.0,2.456145454545553e-06,{}
6,B,Garbage Collection Pauses (Java vs Go),java_inventory,java,inventory,order-go-twin:9083,order-go-twin:9083,2026-06-23 15:56:54,2026-06-23T10:26:54Z,1782210414,ramp_3,1035.0,1.282872727272697e-06,{}
6,B,Garbage Collection Pauses (Java vs Go),java_inventory,java,inventory,warehouse-go:8084,warehouse-go:8084,2026-06-23 15:56:54,2026-06-23T10:26:54Z,1782210414,ramp_3,1035.0,2.68150909090916e-06,{}
6,B,Garbage Collection Pauses (Java vs Go),java_inventory,java,inventory,inventory-go-twin:9082,inventory-go-twin:9082,2026-06-23 15:57:09,2026-06-23T10:27:09Z,1782210429,ramp_3,1050.0,2.263600000000012e-06,{}
6,B,Garbage Collection Pauses (Java vs Go),java_inventory,java,inventory,order-go-twin:9083,order-go-twin:9083,2026-06-23 15:57:09,2026-06-23T10:27:09Z,1782210429,ramp_3,1050.0,1.282872727272697e-06,{}
6,B,Garbage Collection Pauses (Java vs Go),java_inventory,java,inventory,warehouse-go:8084,warehouse-go:8084,2026-06-23 15:57:09,2026-06-23T10:27:09Z,1782210429,ramp_3,1050.0,2.925181818181809e-06,{}
6,B,Garbage Collection Pauses (Java vs Go),java_inventory,java,inventory,inventory-go-twin:9082,inventory-go-twin:9082,2026-06-23 15:57:24,2026-06-23T10:27:24Z,1782210444,ramp_3,1065.0,2.263600000000012e-06,{}
6,B,Garbage Collection Pauses (Java vs Go),java_inventory,java,inventory,order-go-twin:9083,order-go-twin:9083,2026-06-23 15:57:24,2026-06-23T10:27:24Z,1782210444,ramp_3,1065.0,1.282872727272697e-06,{}
6,B,Garbage Collection Pauses (Java vs Go),java_inventory,java,inventory,warehouse-go:8084,warehouse-go:8084,2026-06-23 15:57:24,2026-06-23T10:27:24Z,1782210444,ramp_3,1065.0,2.925181818181809e-06,{}
6,B,Garbage Collection Pauses (Java vs Go),java_inventory,java,inventory,inventory-go-twin:9082,inventory-go-twin:9082,2026-06-23 15:57:39,2026-06-23T10:27:39Z,1782210459,ramp_3,1080.0,2.263600000000012e-06,{}
6,B,Garbage Collection Pauses (Java vs Go),java_inventory,java,inventory,order-go-twin:9083,order-go-twin:9083,2026-06-23 15:57:39,2026-06-23T10:27:39Z,1782210459,ramp_3,1080.0,1.282872727272697e-06,{}
6,B,Garbage Collection Pauses (Java vs Go),java_inventory,java,inventory,warehouse-go:8084,warehouse-go:8084,2026-06-23 15:57:39,2026-06-23T10:27:39Z,1782210459,ramp_3,1080.0,2.9966544846277464e-06,{}
6,B,Garbage Collection Pauses (Java vs Go),java_inventory,java,inventory,inventory-go-twin:9082,inventory-go-twin:9082,2026-06-23 15:57:54,2026-06-23T10:27:54Z,1782210474,ramp_3,1095.0,1.2669866724849715e-06,{}
6,B,Garbage Collection Pauses (Java vs Go),java_inventory,java,inventory,order-go-twin:9083,order-go-twin:9083,2026-06-23 15:57:54,2026-06-23T10:27:54Z,1782210474,ramp_3,1095.0,1.5341999999998997e-06,{}
6,B,Garbage Collection Pauses (Java vs Go),java_inventory,java,inventory,warehouse-go:8084,warehouse-go:8084,2026-06-23 15:57:54,2026-06-23T10:27:54Z,1782210474,ramp_3,1095.0,1.3964545454547837e-06,{}
6,B,Garbage Collection Pauses (Java vs Go),java_inventory,java,inventory,inventory-go-twin:9082,inventory-go-twin:9082,2026-06-23 15:58:09,2026-06-23T10:28:09Z,1782210489,ramp_3,1110.0,1.2669406010799975e-06,{}
6,B,Garbage Collection Pauses (Java vs Go),java_inventory,java,inventory,order-go-twin:9083,order-go-twin:9083,2026-06-23 15:58:09,2026-06-23T10:28:09Z,1782210489,ramp_3,1110.0,1.5341999999998997e-06,{}
6,B,Garbage Collection Pauses (Java vs Go),java_inventory,java,inventory,warehouse-go:8084,warehouse-go:8084,2026-06-23 15:58:09,2026-06-23T10:28:09Z,1782210489,ramp_3,1110.0,3.183236363636276e-06,{}
6,B,Garbage Collection Pauses (Java vs Go),java_inventory,java,inventory,inventory-go-twin:9082,inventory-go-twin:9082,2026-06-23 15:58:24,2026-06-23T10:28:24Z,1782210504,ramp_3,1125.0,1.2669636363636534e-06,{}
6,B,Garbage Collection Pauses (Java vs Go),java_inventory,java,inventory,order-go-twin:9083,order-go-twin:9083,2026-06-23 15:58:24,2026-06-23T10:28:24Z,1782210504,ramp_3,1125.0,1.5341999999998997e-06,{}
6,B,Garbage Collection Pauses (Java vs Go),java_inventory,java,inventory,warehouse-go:8084,warehouse-go:8084,2026-06-23 15:58:24,2026-06-23T10:28:24Z,1782210504,ramp_3,1125.0,3.350472727272422e-06,{}
6,B,Garbage Collection Pauses (Java vs Go),java_inventory,java,inventory,inventory-go-twin:9082,inventory-go-twin:9082,2026-06-23 15:58:39,2026-06-23T10:28:39Z,1782210519,ramp_3,1140.0,3.7560363636363055e-06,{}
6,B,Garbage Collection Pauses (Java vs Go),java_inventory,java,inventory,order-go-twin:9083,order-go-twin:9083,2026-06-23 15:58:39,2026-06-23T10:28:39Z,1782210519,ramp_3,1140.0,1.5342278950525371e-06,{}
6,B,Garbage Collection Pauses (Java vs Go),java_inventory,java,inventory,warehouse-go:8084,warehouse-go:8084,2026-06-23 15:58:39,2026-06-23T10:28:39Z,1782210519,ramp_3,1140.0,3.350472727272422e-06,{}
6,B,Garbage Collection Pauses (Java vs Go),java_inventory,java,inventory,inventory-go-twin:9082,inventory-go-twin:9082,2026-06-23 15:58:54,2026-06-23T10:28:54Z,1782210534,ramp_3,1155.0,2.489072727272652e-06,{}
6,B,Garbage Collection Pauses (Java vs Go),java_inventory,java,inventory,order-go-twin:9083,order-go-twin:9083,2026-06-23 15:58:54,2026-06-23T10:28:54Z,1782210534,ramp_3,1155.0,1.0540545454545968e-06,{}
6,B,Garbage Collection Pauses (Java vs Go),java_inventory,java,inventory,warehouse-go:8084,warehouse-go:8084,2026-06-23 15:58:54,2026-06-23T10:28:54Z,1782210534,ramp_3,1155.0,9.330078728704026e-06,{}
6,B,Garbage Collection Pauses (Java vs Go),java_inventory,java,inventory,inventory-go-twin:9082,inventory-go-twin:9082,2026-06-23 15:59:09,2026-06-23T10:29:09Z,1782210549,ramp_3,1170.0,3.833199999999951e-06,{}
6,B,Garbage Collection Pauses (Java vs Go),java_inventory,java,inventory,order-go-twin:9083,order-go-twin:9083,2026-06-23 15:59:09,2026-06-23T10:29:09Z,1782210549,ramp_3,1170.0,1.0540737104311503e-06,{}
6,B,Garbage Collection Pauses (Java vs Go),java_inventory,java,inventory,warehouse-go:8084,warehouse-go:8084,2026-06-23 15:59:09,2026-06-23T10:29:09Z,1782210549,ramp_3,1170.0,5.979436363636534e-06,{}
6,B,Garbage Collection Pauses (Java vs Go),java_inventory,java,inventory,inventory-go-twin:9082,inventory-go-twin:9082,2026-06-23 15:59:24,2026-06-23T10:29:24Z,1782210564,ramp_3,1185.0,1.3441272727272983e-06,{}
6,B,Garbage Collection Pauses (Java vs Go),java_inventory,java,inventory,order-go-twin:9083,order-go-twin:9083,2026-06-23 15:59:24,2026-06-23T10:29:24Z,1782210564,ramp_3,1185.0,1.0540737104311503e-06,{}
6,B,Garbage Collection Pauses (Java vs Go),java_inventory,java,inventory,warehouse-go:8084,warehouse-go:8084,2026-06-23 15:59:24,2026-06-23T10:29:24Z,1782210564,ramp_3,1185.0,7.278145454544829e-06,{}
6,B,Garbage Collection Pauses (Java vs Go),java_inventory,java,inventory,inventory-go-twin:9082,inventory-go-twin:9082,2026-06-23 15:59:39,2026-06-23T10:29:39Z,1782210579,sustain,1200.0,1.3441272727272983e-06,{}
6,B,Garbage Collection Pauses (Java vs Go),java_inventory,java,inventory,order-go-twin:9083,order-go-twin:9083,2026-06-23 15:59:39,2026-06-23T10:29:39Z,1782210579,sustain,1200.0,1.0540545454545968e-06,{}
6,B,Garbage Collection Pauses (Java vs Go),java_inventory,java,inventory,warehouse-go:8084,warehouse-go:8084,2026-06-23 15:59:39,2026-06-23T10:29:39Z,1782210579,sustain,1200.0,4.2733636363635375e-06,{}
6,B,Garbage Collection Pauses (Java vs Go),java_inventory,java,inventory,inventory-go-twin:9082,inventory-go-twin:9082,2026-06-23 15:59:54,2026-06-23T10:29:54Z,1782210594,sustain,1215.0,3.703932655769976e-06,{}
6,B,Garbage Collection Pauses (Java vs Go),java_inventory,java,inventory,order-go-twin:9083,order-go-twin:9083,2026-06-23 15:59:54,2026-06-23T10:29:54Z,1782210594,sustain,1215.0,2.145251904510788e-06,{}
6,B,Garbage Collection Pauses (Java vs Go),java_inventory,java,inventory,warehouse-go:8084,warehouse-go:8084,2026-06-23 15:59:54,2026-06-23T10:29:54Z,1782210594,sustain,1215.0,4.553218181818136e-06,{}
6,B,Garbage Collection Pauses (Java vs Go),java_inventory,java,inventory,inventory-go-twin:9082,inventory-go-twin:9082,2026-06-23 16:00:09,2026-06-23T10:30:09Z,1782210609,sustain,1230.0,2.3598727272727826e-06,{}
6,B,Garbage Collection Pauses (Java vs Go),java_inventory,java,inventory,order-go-twin:9083,order-go-twin:9083,2026-06-23 16:00:09,2026-06-23T10:30:09Z,1782210609,sustain,1230.0,2.1452909090908697e-06,{}
6,B,Garbage Collection Pauses (Java vs Go),java_inventory,java,inventory,warehouse-go:8084,warehouse-go:8084,2026-06-23 16:00:09,2026-06-23T10:30:09Z,1782210609,sustain,1230.0,4.553218181818136e-06,{}
6,B,Garbage Collection Pauses (Java vs Go),java_inventory,java,inventory,inventory-go-twin:9082,inventory-go-twin:9082,2026-06-23 16:00:24,2026-06-23T10:30:24Z,1782210624,sustain,1245.0,3.6344727272728174e-06,{}
6,B,Garbage Collection Pauses (Java vs Go),java_inventory,java,inventory,order-go-twin:9083,order-go-twin:9083,2026-06-23 16:00:24,2026-06-23T10:30:24Z,1782210624,sustain,1245.0,2.145251904510788e-06,{}
6,B,Garbage Collection Pauses (Java vs Go),java_inventory,java,inventory,warehouse-go:8084,warehouse-go:8084,2026-06-23 16:00:24,2026-06-23T10:30:24Z,1782210624,sustain,1245.0,5.131200000000032e-06,{}
6,B,Garbage Collection Pauses (Java vs Go),java_inventory,java,inventory,inventory-go-twin:9082,inventory-go-twin:9082,2026-06-23 16:00:39,2026-06-23T10:30:39Z,1782210639,sustain,1260.0,3.6344727272728174e-06,{}
6,B,Garbage Collection Pauses (Java vs Go),java_inventory,java,inventory,order-go-twin:9083,order-go-twin:9083,2026-06-23 16:00:39,2026-06-23T10:30:39Z,1782210639,sustain,1260.0,4.1687303405516556e-06,{}
6,B,Garbage Collection Pauses (Java vs Go),java_inventory,java,inventory,warehouse-go:8084,warehouse-go:8084,2026-06-23 16:00:39,2026-06-23T10:30:39Z,1782210639,sustain,1260.0,5.281859670175834e-06,{}
6,B,Garbage Collection Pauses (Java vs Go),java_inventory,java,inventory,inventory-go-twin:9082,inventory-go-twin:9082,2026-06-23 16:00:54,2026-06-23T10:30:54Z,1782210654,sustain,1275.0,2.554919180348593e-06,{}
6,B,Garbage Collection Pauses (Java vs Go),java_inventory,java,inventory,order-go-twin:9083,order-go-twin:9083,2026-06-23 16:00:54,2026-06-23T10:30:54Z,1782210654,sustain,1275.0,2.0233268486028005e-06,{}
6,B,Garbage Collection Pauses (Java vs Go),java_inventory,java,inventory,warehouse-go:8084,warehouse-go:8084,2026-06-23 16:00:54,2026-06-23T10:30:54Z,1782210654,sustain,1275.0,3.599443646478472e-06,{}
6,B,Garbage Collection Pauses (Java vs Go),java_inventory,java,inventory,inventory-go-twin:9082,inventory-go-twin:9082,2026-06-23 16:01:09,2026-06-23T10:31:09Z,1782210669,sustain,1290.0,1.2802727272725516e-06,{}
6,B,Garbage Collection Pauses (Java vs Go),java_inventory,java,inventory,order-go-twin:9083,order-go-twin:9083,2026-06-23 16:01:09,2026-06-23T10:31:09Z,1782210669,sustain,1290.0,2.023363636363684e-06,{}
6,B,Garbage Collection Pauses (Java vs Go),java_inventory,java,inventory,warehouse-go:8084,warehouse-go:8084,2026-06-23 16:01:09,2026-06-23T10:31:09Z,1782210669,sustain,1290.0,2.839945454545901e-06,{}
6,B,Garbage Collection Pauses (Java vs Go),java_inventory,java,inventory,inventory-go-twin:9082,inventory-go-twin:9082,2026-06-23 16:01:24,2026-06-23T10:31:24Z,1782210684,sustain,1305.0,2.776581818181805e-06,{}
6,B,Garbage Collection Pauses (Java vs Go),java_inventory,java,inventory,order-go-twin:9083,order-go-twin:9083,2026-06-23 16:01:24,2026-06-23T10:31:24Z,1782210684,sustain,1305.0,2.0234004254623294e-06,{}
6,B,Garbage Collection Pauses (Java vs Go),java_inventory,java,inventory,warehouse-go:8084,warehouse-go:8084,2026-06-23 16:01:24,2026-06-23T10:31:24Z,1782210684,sustain,1305.0,1.1171475845019482e-06,{}
6,B,Garbage Collection Pauses (Java vs Go),java_inventory,java,inventory,inventory-go-twin:9082,inventory-go-twin:9082,2026-06-23 16:01:39,2026-06-23T10:31:39Z,1782210699,sustain,1320.0,2.776531335793882e-06,{}
6,B,Garbage Collection Pauses (Java vs Go),java_inventory,java,inventory,order-go-twin:9083,order-go-twin:9083,2026-06-23 16:01:39,2026-06-23T10:31:39Z,1782210699,sustain,1320.0,0.0,{}
6,B,Garbage Collection Pauses (Java vs Go),java_inventory,java,inventory,warehouse-go:8084,warehouse-go:8084,2026-06-23 16:01:39,2026-06-23T10:31:39Z,1782210699,sustain,1320.0,2.4254831730332835e-06,{}
6,B,Garbage Collection Pauses (Java vs Go),java_inventory,java,inventory,inventory-go-twin:9082,inventory-go-twin:9082,2026-06-23 16:01:54,2026-06-23T10:31:54Z,1782210714,sustain,1335.0,1.4962818857840575e-06,{}
6,B,Garbage Collection Pauses (Java vs Go),java_inventory,java,inventory,order-go-twin:9083,order-go-twin:9083,2026-06-23 16:01:54,2026-06-23T10:31:54Z,1782210714,sustain,1335.0,1.3317151220931403e-06,{}
6,B,Garbage Collection Pauses (Java vs Go),java_inventory,java,inventory,warehouse-go:8084,warehouse-go:8084,2026-06-23 16:01:54,2026-06-23T10:31:54Z,1782210714,sustain,1335.0,2.8020509463805723e-06,{}
6,B,Garbage Collection Pauses (Java vs Go),java_inventory,java,inventory,inventory-go-twin:9082,inventory-go-twin:9082,2026-06-23 16:02:09,2026-06-23T10:32:09Z,1782210729,sustain,1350.0,3.43577389502002e-06,{}
6,B,Garbage Collection Pauses (Java vs Go),java_inventory,java,inventory,order-go-twin:9083,order-go-twin:9083,2026-06-23 16:02:09,2026-06-23T10:32:09Z,1782210729,sustain,1350.0,1.3317151220931403e-06,{}
6,B,Garbage Collection Pauses (Java vs Go),java_inventory,java,inventory,warehouse-go:8084,warehouse-go:8084,2026-06-23 16:02:09,2026-06-23T10:32:09Z,1782210729,sustain,1350.0,2.801999999999729e-06,{}
6,B,Garbage Collection Pauses (Java vs Go),java_inventory,java,inventory,inventory-go-twin:9082,inventory-go-twin:9082,2026-06-23 16:02:24,2026-06-23T10:32:24Z,1782210744,sustain,1365.0,1.9394920092359626e-06,{}
6,B,Garbage Collection Pauses (Java vs Go),java_inventory,java,inventory,order-go-twin:9083,order-go-twin:9083,2026-06-23 16:02:24,2026-06-23T10:32:24Z,1782210744,sustain,1365.0,1.331666696969157e-06,{}
6,B,Garbage Collection Pauses (Java vs Go),java_inventory,java,inventory,warehouse-go:8084,warehouse-go:8084,2026-06-23 16:02:24,2026-06-23T10:32:24Z,1782210744,sustain,1365.0,3.835599999999697e-06,{}
6,B,Garbage Collection Pauses (Java vs Go),java_inventory,java,inventory,inventory-go-twin:9082,inventory-go-twin:9082,2026-06-23 16:02:39,2026-06-23T10:32:39Z,1782210759,sustain,1380.0,1.9395272727270394e-06,{}
6,B,Garbage Collection Pauses (Java vs Go),java_inventory,java,inventory,order-go-twin:9083,order-go-twin:9083,2026-06-23 16:02:39,2026-06-23T10:32:39Z,1782210759,sustain,1380.0,0.0,{}
6,B,Garbage Collection Pauses (Java vs Go),java_inventory,java,inventory,warehouse-go:8084,warehouse-go:8084,2026-06-23 16:02:39,2026-06-23T10:32:39Z,1782210759,sustain,1380.0,2.5272000000000425e-06,{}
6,B,Garbage Collection Pauses (Java vs Go),java_inventory,java,inventory,inventory-go-twin:9082,inventory-go-twin:9082,2026-06-23 16:02:54,2026-06-23T10:32:54Z,1782210774,sustain,1395.0,1.9395272727270394e-06,{}
6,B,Garbage Collection Pauses (Java vs Go),java_inventory,java,inventory,order-go-twin:9083,order-go-twin:9083,2026-06-23 16:02:54,2026-06-23T10:32:54Z,1782210774,sustain,1395.0,2.459781818181769e-06,{}
6,B,Garbage Collection Pauses (Java vs Go),java_inventory,java,inventory,warehouse-go:8084,warehouse-go:8084,2026-06-23 16:02:54,2026-06-23T10:32:54Z,1782210774,sustain,1395.0,1.0335999999999678e-06,{}
6,B,Garbage Collection Pauses (Java vs Go),java_inventory,java,inventory,inventory-go-twin:9082,inventory-go-twin:9082,2026-06-23 16:03:09,2026-06-23T10:33:09Z,1782210789,sustain,1410.0,1.2647090909092853e-06,{}
6,B,Garbage Collection Pauses (Java vs Go),java_inventory,java,inventory,order-go-twin:9083,order-go-twin:9083,2026-06-23 16:03:09,2026-06-23T10:33:09Z,1782210789,sustain,1410.0,2.459781818181769e-06,{}
6,B,Garbage Collection Pauses (Java vs Go),java_inventory,java,inventory,warehouse-go:8084,warehouse-go:8084,2026-06-23 16:03:09,2026-06-23T10:33:09Z,1782210789,sustain,1410.0,2.516554244468353e-06,{}
6,B,Garbage Collection Pauses (Java vs Go),java_inventory,java,inventory,inventory-go-twin:9082,inventory-go-twin:9082,2026-06-23 16:03:24,2026-06-23T10:33:24Z,1782210804,sustain,1425.0,1.2647090909092853e-06,{}
6,B,Garbage Collection Pauses (Java vs Go),java_inventory,java,inventory,order-go-twin:9083,order-go-twin:9083,2026-06-23 16:03:24,2026-06-23T10:33:24Z,1782210804,sustain,1425.0,2.459781818181769e-06,{}
6,B,Garbage Collection Pauses (Java vs Go),java_inventory,java,inventory,warehouse-go:8084,warehouse-go:8084,2026-06-23 16:03:24,2026-06-23T10:33:24Z,1782210804,sustain,1425.0,1.4830269641267236e-06,{}
6,B,Garbage Collection Pauses (Java vs Go),java_inventory,java,inventory,inventory-go-twin:9082,inventory-go-twin:9082,2026-06-23 16:03:39,2026-06-23T10:33:39Z,1782210819,sustain,1440.0,1.2647090909092853e-06,{}
6,B,Garbage Collection Pauses (Java vs Go),java_inventory,java,inventory,order-go-twin:9083,order-go-twin:9083,2026-06-23 16:03:39,2026-06-23T10:33:39Z,1782210819,sustain,1440.0,3.3257395320085745e-06,{}
6,B,Garbage Collection Pauses (Java vs Go),java_inventory,java,inventory,warehouse-go:8084,warehouse-go:8084,2026-06-23 16:03:39,2026-06-23T10:33:39Z,1782210819,sustain,1440.0,2.950473627753003e-06,{}
6,B,Garbage Collection Pauses (Java vs Go),java_inventory,java,inventory,inventory-go-twin:9082,inventory-go-twin:9082,2026-06-23 16:03:54,2026-06-23T10:33:54Z,1782210834,sustain,1455.0,1.4198545454545786e-06,{}
6,B,Garbage Collection Pauses (Java vs Go),java_inventory,java,inventory,order-go-twin:9083,order-go-twin:9083,2026-06-23 16:03:54,2026-06-23T10:33:54Z,1782210834,sustain,1455.0,8.660339278897128e-07,{}
6,B,Garbage Collection Pauses (Java vs Go),java_inventory,java,inventory,warehouse-go:8084,warehouse-go:8084,2026-06-23 16:03:54,2026-06-23T10:33:54Z,1782210834,sustain,1455.0,1.46752727272795e-06,{}
6,B,Garbage Collection Pauses (Java vs Go),java_inventory,java,inventory,inventory-go-twin:9082,inventory-go-twin:9082,2026-06-23 16:04:09,2026-06-23T10:34:09Z,1782210849,sustain,1470.0,1.4198545454545786e-06,{}
6,B,Garbage Collection Pauses (Java vs Go),java_inventory,java,inventory,order-go-twin:9083,order-go-twin:9083,2026-06-23 16:04:09,2026-06-23T10:34:09Z,1782210849,sustain,1470.0,8.660181818182964e-07,{}
6,B,Garbage Collection Pauses (Java vs Go),java_inventory,java,inventory,warehouse-go:8084,warehouse-go:8084,2026-06-23 16:04:09,2026-06-23T10:34:09Z,1782210849,sustain,1470.0,1.46752727272795e-06,{}
6,B,Garbage Collection Pauses (Java vs Go),java_inventory,java,inventory,inventory-go-twin:9082,inventory-go-twin:9082,2026-06-23 16:04:24,2026-06-23T10:34:24Z,1782210864,sustain,1485.0,1.4198545454545786e-06,{}
6,B,Garbage Collection Pauses (Java vs Go),java_inventory,java,inventory,order-go-twin:9083,order-go-twin:9083,2026-06-23 16:04:24,2026-06-23T10:34:24Z,1782210864,sustain,1485.0,8.660339278897128e-07,{}
6,B,Garbage Collection Pauses (Java vs Go),java_inventory,java,inventory,warehouse-go:8084,warehouse-go:8084,2026-06-23 16:04:24,2026-06-23T10:34:24Z,1782210864,sustain,1485.0,2.0860529808554837e-06,{}
6,B,Garbage Collection Pauses (Java vs Go),java_inventory,java,inventory,inventory-go-twin:9082,inventory-go-twin:9082,2026-06-23 16:04:39,2026-06-23T10:34:39Z,1782210879,sustain,1500.0,1.9525991381661186e-06,{}
6,B,Garbage Collection Pauses (Java vs Go),java_inventory,java,inventory,order-go-twin:9083,order-go-twin:9083,2026-06-23 16:04:39,2026-06-23T10:34:39Z,1782210879,sustain,1500.0,7.918946928237791e-07,{}
6,B,Garbage Collection Pauses (Java vs Go),java_inventory,java,inventory,warehouse-go:8084,warehouse-go:8084,2026-06-23 16:04:39,2026-06-23T10:34:39Z,1782210879,sustain,1500.0,6.18563636363549e-07,{}
6,B,Garbage Collection Pauses (Java vs Go),java_inventory,java,inventory,inventory-go-twin:9082,inventory-go-twin:9082,2026-06-23 16:04:54,2026-06-23T10:34:54Z,1782210894,sustain,1515.0,5.327090909090277e-07,{}
6,B,Garbage Collection Pauses (Java vs Go),java_inventory,java,inventory,order-go-twin:9083,order-go-twin:9083,2026-06-23 16:04:54,2026-06-23T10:34:54Z,1782210894,sustain,1515.0,7.919090909091031e-07,{}
6,B,Garbage Collection Pauses (Java vs Go),java_inventory,java,inventory,warehouse-go:8084,warehouse-go:8084,2026-06-23 16:04:54,2026-06-23T10:34:54Z,1782210894,sustain,1515.0,6.18563636363549e-07,{}
6,B,Garbage Collection Pauses (Java vs Go),java_inventory,java,inventory,inventory-go-twin:9082,inventory-go-twin:9082,2026-06-23 16:05:09,2026-06-23T10:35:09Z,1782210909,sustain,1530.0,5.327090909090277e-07,{}
6,B,Garbage Collection Pauses (Java vs Go),java_inventory,java,inventory,order-go-twin:9083,order-go-twin:9083,2026-06-23 16:05:09,2026-06-23T10:35:09Z,1782210909,sustain,1530.0,7.918946928237791e-07,{}
6,B,Garbage Collection Pauses (Java vs Go),java_inventory,java,inventory,warehouse-go:8084,warehouse-go:8084,2026-06-23 16:05:09,2026-06-23T10:35:09Z,1782210909,sustain,1530.0,6.18563636363549e-07,{}
6,B,Garbage Collection Pauses (Java vs Go),java_inventory,java,inventory,inventory-go-twin:9082,inventory-go-twin:9082,2026-06-23 16:05:24,2026-06-23T10:35:24Z,1782210924,sustain,1545.0,1.759309090909095e-06,{}
6,B,Garbage Collection Pauses (Java vs Go),java_inventory,java,inventory,order-go-twin:9083,order-go-twin:9083,2026-06-23 16:05:24,2026-06-23T10:35:24Z,1782210924,sustain,1545.0,7.919090909091031e-07,{}
6,B,Garbage Collection Pauses (Java vs Go),java_inventory,java,inventory,warehouse-go:8084,warehouse-go:8084,2026-06-23 16:05:24,2026-06-23T10:35:24Z,1782210924,sustain,1545.0,1.4808909090901036e-06,{}
6,B,Garbage Collection Pauses (Java vs Go),java_inventory,java,inventory,inventory-go-twin:9082,inventory-go-twin:9082,2026-06-23 16:05:39,2026-06-23T10:35:39Z,1782210939,sustain,1560.0,1.2266000000000674e-06,{}
6,B,Garbage Collection Pauses (Java vs Go),java_inventory,java,inventory,order-go-twin:9083,order-go-twin:9083,2026-06-23 16:05:39,2026-06-23T10:35:39Z,1782210939,sustain,1560.0,1.4608727272726177e-06,{}
6,B,Garbage Collection Pauses (Java vs Go),java_inventory,java,inventory,warehouse-go:8084,warehouse-go:8084,2026-06-23 16:05:39,2026-06-23T10:35:39Z,1782210939,sustain,1560.0,1.4808909090901036e-06,{}
6,B,Garbage Collection Pauses (Java vs Go),java_inventory,java,inventory,inventory-go-twin:9082,inventory-go-twin:9082,2026-06-23 16:05:54,2026-06-23T10:35:54Z,1782210954,sustain,1575.0,1.2266000000000674e-06,{}
6,B,Garbage Collection Pauses (Java vs Go),java_inventory,java,inventory,order-go-twin:9083,order-go-twin:9083,2026-06-23 16:05:54,2026-06-23T10:35:54Z,1782210954,sustain,1575.0,1.4608727272726177e-06,{}
6,B,Garbage Collection Pauses (Java vs Go),java_inventory,java,inventory,warehouse-go:8084,warehouse-go:8084,2026-06-23 16:05:54,2026-06-23T10:35:54Z,1782210954,sustain,1575.0,2.764567916946184e-06,{}
6,B,Garbage Collection Pauses (Java vs Go),java_inventory,java,inventory,inventory-go-twin:9082,inventory-go-twin:9082,2026-06-23 16:06:09,2026-06-23T10:36:09Z,1782210969,sustain,1590.0,2.7365090909089753e-06,{}
6,B,Garbage Collection Pauses (Java vs Go),java_inventory,java,inventory,order-go-twin:9083,order-go-twin:9083,2026-06-23 16:06:09,2026-06-23T10:36:09Z,1782210969,sustain,1590.0,1.4608727272726177e-06,{}
6,B,Garbage Collection Pauses (Java vs Go),java_inventory,java,inventory,warehouse-go:8084,warehouse-go:8084,2026-06-23 16:06:09,2026-06-23T10:36:09Z,1782210969,sustain,1590.0,2.7646181818174007e-06,{}
6,B,Garbage Collection Pauses (Java vs Go),java_inventory,java,inventory,inventory-go-twin:9082,inventory-go-twin:9082,2026-06-23 16:06:24,2026-06-23T10:36:24Z,1782210984,sustain,1605.0,1.5099090909089077e-06,{}
6,B,Garbage Collection Pauses (Java vs Go),java_inventory,java,inventory,order-go-twin:9083,order-go-twin:9083,2026-06-23 16:06:24,2026-06-23T10:36:24Z,1782210984,sustain,1605.0,1.4608727272726177e-06,{}
6,B,Garbage Collection Pauses (Java vs Go),java_inventory,java,inventory,warehouse-go:8084,warehouse-go:8084,2026-06-23 16:06:24,2026-06-23T10:36:24Z,1782210984,sustain,1605.0,2.665709090909907e-06,{}
6,B,Garbage Collection Pauses (Java vs Go),java_inventory,java,inventory,inventory-go-twin:9082,inventory-go-twin:9082,2026-06-23 16:06:39,2026-06-23T10:36:39Z,1782210999,sustain,1620.0,1.5099090909089077e-06,{}
6,B,Garbage Collection Pauses (Java vs Go),java_inventory,java,inventory,order-go-twin:9083,order-go-twin:9083,2026-06-23 16:06:39,2026-06-23T10:36:39Z,1782210999,sustain,1620.0,1.0357272727273825e-06,{}
6,B,Garbage Collection Pauses (Java vs Go),java_inventory,java,inventory,warehouse-go:8084,warehouse-go:8084,2026-06-23 16:06:39,2026-06-23T10:36:39Z,1782210999,sustain,1620.0,2.665709090909907e-06,{}
6,B,Garbage Collection Pauses (Java vs Go),java_inventory,java,inventory,inventory-go-twin:9082,inventory-go-twin:9082,2026-06-23 16:06:54,2026-06-23T10:36:54Z,1782211014,sustain,1635.0,1.206109090909094e-06,{}
6,B,Garbage Collection Pauses (Java vs Go),java_inventory,java,inventory,order-go-twin:9083,order-go-twin:9083,2026-06-23 16:06:54,2026-06-23T10:36:54Z,1782211014,sustain,1635.0,1.0357272727273825e-06,{}
6,B,Garbage Collection Pauses (Java vs Go),java_inventory,java,inventory,warehouse-go:8084,warehouse-go:8084,2026-06-23 16:06:54,2026-06-23T10:36:54Z,1782211014,sustain,1635.0,2.3953818181826117e-06,{}
6,B,Garbage Collection Pauses (Java vs Go),java_inventory,java,inventory,inventory-go-twin:9082,inventory-go-twin:9082,2026-06-23 16:07:09,2026-06-23T10:37:09Z,1782211029,sustain,1650.0,1.2060871620516023e-06,{}
6,B,Garbage Collection Pauses (Java vs Go),java_inventory,java,inventory,order-go-twin:9083,order-go-twin:9083,2026-06-23 16:07:09,2026-06-23T10:37:09Z,1782211029,sustain,1650.0,1.0357272727273825e-06,{}
6,B,Garbage Collection Pauses (Java vs Go),java_inventory,java,inventory,warehouse-go:8084,warehouse-go:8084,2026-06-23 16:07:09,2026-06-23T10:37:09Z,1782211029,sustain,1650.0,1.0133815748804594e-06,{}
6,B,Garbage Collection Pauses (Java vs Go),java_inventory,java,inventory,inventory-go-twin:9082,inventory-go-twin:9082,2026-06-23 16:07:24,2026-06-23T10:37:24Z,1782211044,sustain,1665.0,5.1638181818182035e-06,{}
6,B,Garbage Collection Pauses (Java vs Go),java_inventory,java,inventory,order-go-twin:9083,order-go-twin:9083,2026-06-23 16:07:24,2026-06-23T10:37:24Z,1782211044,sustain,1665.0,1.0357272727273825e-06,{}
6,B,Garbage Collection Pauses (Java vs Go),java_inventory,java,inventory,warehouse-go:8084,warehouse-go:8084,2026-06-23 16:07:24,2026-06-23T10:37:24Z,1782211044,sustain,1665.0,2.339054545453699e-06,{}
6,B,Garbage Collection Pauses (Java vs Go),java_inventory,java,inventory,inventory-go-twin:9082,inventory-go-twin:9082,2026-06-23 16:07:39,2026-06-23T10:37:39Z,1782211059,sustain,1680.0,5.1638181818182035e-06,{}
6,B,Garbage Collection Pauses (Java vs Go),java_inventory,java,inventory,order-go-twin:9083,order-go-twin:9083,2026-06-23 16:07:39,2026-06-23T10:37:39Z,1782211059,sustain,1680.0,2.7717636363636364e-06,{}
6,B,Garbage Collection Pauses (Java vs Go),java_inventory,java,inventory,warehouse-go:8084,warehouse-go:8084,2026-06-23 16:07:39,2026-06-23T10:37:39Z,1782211059,sustain,1680.0,2.651842693769219e-06,{}
6,B,Garbage Collection Pauses (Java vs Go),java_inventory,java,inventory,inventory-go-twin:9082,inventory-go-twin:9082,2026-06-23 16:07:54,2026-06-23T10:37:54Z,1782211074,sustain,1695.0,3.957709090909109e-06,{}
6,B,Garbage Collection Pauses (Java vs Go),java_inventory,java,inventory,order-go-twin:9083,order-go-twin:9083,2026-06-23 16:07:54,2026-06-23T10:37:54Z,1782211074,sustain,1695.0,2.771713241577426e-06,{}
6,B,Garbage Collection Pauses (Java vs Go),java_inventory,java,inventory,warehouse-go:8084,warehouse-go:8084,2026-06-23 16:07:54,2026-06-23T10:37:54Z,1782211074,sustain,1695.0,2.651890909090924e-06,{}
6,B,Garbage Collection Pauses (Java vs Go),java_inventory,java,inventory,inventory-go-twin:9082,inventory-go-twin:9082,2026-06-23 16:08:09,2026-06-23T10:38:09Z,1782211089,sustain,1710.0,3.957709090909109e-06,{}
6,B,Garbage Collection Pauses (Java vs Go),java_inventory,java,inventory,order-go-twin:9083,order-go-twin:9083,2026-06-23 16:08:09,2026-06-23T10:38:09Z,1782211089,sustain,1710.0,2.771713241577426e-06,{}
6,B,Garbage Collection Pauses (Java vs Go),java_inventory,java,inventory,warehouse-go:8084,warehouse-go:8084,2026-06-23 16:08:09,2026-06-23T10:38:09Z,1782211089,sustain,1710.0,2.651890909090924e-06,{}
6,B,Garbage Collection Pauses (Java vs Go),java_inventory,java,inventory,inventory-go-twin:9082,inventory-go-twin:9082,2026-06-23 16:08:24,2026-06-23T10:38:24Z,1782211104,sustain,1725.0,1.380836363636496e-06,{}
6,B,Garbage Collection Pauses (Java vs Go),java_inventory,java,inventory,order-go-twin:9083,order-go-twin:9083,2026-06-23 16:08:24,2026-06-23T10:38:24Z,1782211104,sustain,1725.0,2.771814032982418e-06,{}
6,B,Garbage Collection Pauses (Java vs Go),java_inventory,java,inventory,warehouse-go:8084,warehouse-go:8084,2026-06-23 16:08:24,2026-06-23T10:38:24Z,1782211104,sustain,1725.0,2.7453272727280668e-06,{}
6,B,Garbage Collection Pauses (Java vs Go),java_inventory,java,inventory,inventory-go-twin:9082,inventory-go-twin:9082,2026-06-23 16:08:39,2026-06-23T10:38:39Z,1782211119,sustain,1740.0,1.380836363636496e-06,{}
6,B,Garbage Collection Pauses (Java vs Go),java_inventory,java,inventory,order-go-twin:9083,order-go-twin:9083,2026-06-23 16:08:39,2026-06-23T10:38:39Z,1782211119,sustain,1740.0,0.0,{}
6,B,Garbage Collection Pauses (Java vs Go),java_inventory,java,inventory,warehouse-go:8084,warehouse-go:8084,2026-06-23 16:08:39,2026-06-23T10:38:39Z,1782211119,sustain,1740.0,1.4190909090908395e-06,{}
6,B,Garbage Collection Pauses (Java vs Go),java_inventory,java,inventory,inventory-go-twin:9082,inventory-go-twin:9082,2026-06-23 16:08:54,2026-06-23T10:38:54Z,1782211134,sustain,1755.0,1.380836363636496e-06,{}
6,B,Garbage Collection Pauses (Java vs Go),java_inventory,java,inventory,order-go-twin:9083,order-go-twin:9083,2026-06-23 16:08:54,2026-06-23T10:38:54Z,1782211134,sustain,1755.0,1.4784363636363453e-06,{}
6,B,Garbage Collection Pauses (Java vs Go),java_inventory,java,inventory,warehouse-go:8084,warehouse-go:8084,2026-06-23 16:08:54,2026-06-23T10:38:54Z,1782211134,sustain,1755.0,1.4190909090908395e-06,{}
6,B,Garbage Collection Pauses (Java vs Go),java_inventory,java,inventory,inventory-go-twin:9082,inventory-go-twin:9082,2026-06-23 16:09:09,2026-06-23T10:39:09Z,1782211149,sustain,1770.0,1.3093328969616958e-06,{}
6,B,Garbage Collection Pauses (Java vs Go),java_inventory,java,inventory,order-go-twin:9083,order-go-twin:9083,2026-06-23 16:09:09,2026-06-23T10:39:09Z,1782211149,sustain,1770.0,1.4784363636363453e-06,{}
6,B,Garbage Collection Pauses (Java vs Go),java_inventory,java,inventory,warehouse-go:8084,warehouse-go:8084,2026-06-23 16:09:09,2026-06-23T10:39:09Z,1782211149,sustain,1770.0,0.0,{}
6,B,Garbage Collection Pauses (Java vs Go),java_inventory,java,inventory,inventory-go-twin:9082,inventory-go-twin:9082,2026-06-23 16:09:24,2026-06-23T10:39:24Z,1782211164,sustain,1785.0,1.3093090909090235e-06,{}
6,B,Garbage Collection Pauses (Java vs Go),java_inventory,java,inventory,order-go-twin:9083,order-go-twin:9083,2026-06-23 16:09:24,2026-06-23T10:39:24Z,1782211164,sustain,1785.0,1.4784632447862507e-06,{}
6,B,Garbage Collection Pauses (Java vs Go),java_inventory,java,inventory,warehouse-go:8084,warehouse-go:8084,2026-06-23 16:09:24,2026-06-23T10:39:24Z,1782211164,sustain,1785.0,1.5423454545456086e-06,{}
6,B,Garbage Collection Pauses (Java vs Go),java_inventory,java,inventory,inventory-go-twin:9082,inventory-go-twin:9082,2026-06-23 16:09:39,2026-06-23T10:39:39Z,1782211179,cooldown,1800.0,2.5821272727271685e-06,{}
6,B,Garbage Collection Pauses (Java vs Go),java_inventory,java,inventory,order-go-twin:9083,order-go-twin:9083,2026-06-23 16:09:39,2026-06-23T10:39:39Z,1782211179,cooldown,1800.0,1.4784094834639188e-06,{}
6,B,Garbage Collection Pauses (Java vs Go),java_inventory,java,inventory,warehouse-go:8084,warehouse-go:8084,2026-06-23 16:09:39,2026-06-23T10:39:39Z,1782211179,cooldown,1800.0,1.5423454545456086e-06,{}
6,B,Garbage Collection Pauses (Java vs Go),java_inventory,java,inventory,inventory-go-twin:9082,inventory-go-twin:9082,2026-06-23 16:09:54,2026-06-23T10:39:54Z,1782211194,cooldown,1815.0,2.5821272727271685e-06,{}
6,B,Garbage Collection Pauses (Java vs Go),java_inventory,java,inventory,order-go-twin:9083,order-go-twin:9083,2026-06-23 16:09:54,2026-06-23T10:39:54Z,1782211194,cooldown,1815.0,1.5266267886039302e-06,{}
6,B,Garbage Collection Pauses (Java vs Go),java_inventory,java,inventory,warehouse-go:8084,warehouse-go:8084,2026-06-23 16:09:54,2026-06-23T10:39:54Z,1782211194,cooldown,1815.0,1.5423454545456086e-06,{}
6,B,Garbage Collection Pauses (Java vs Go),java_inventory,java,inventory,inventory-go-twin:9082,inventory-go-twin:9082,2026-06-23 16:10:09,2026-06-23T10:40:09Z,1782211209,cooldown,1830.0,1.2728181818181452e-06,{}
6,B,Garbage Collection Pauses (Java vs Go),java_inventory,java,inventory,order-go-twin:9083,order-go-twin:9083,2026-06-23 16:10:09,2026-06-23T10:40:09Z,1782211209,cooldown,1830.0,1.5266823033146924e-06,{}
6,B,Garbage Collection Pauses (Java vs Go),java_inventory,java,inventory,warehouse-go:8084,warehouse-go:8084,2026-06-23 16:10:09,2026-06-23T10:40:09Z,1782211209,cooldown,1830.0,0.0,{}
6,B,Garbage Collection Pauses (Java vs Go),java_inventory,java,inventory,inventory-go-twin:9082,inventory-go-twin:9082,2026-06-23 16:10:24,2026-06-23T10:40:24Z,1782211224,cooldown,1845.0,1.2728181818181452e-06,{}
6,B,Garbage Collection Pauses (Java vs Go),java_inventory,java,inventory,order-go-twin:9083,order-go-twin:9083,2026-06-23 16:10:24,2026-06-23T10:40:24Z,1782211224,cooldown,1845.0,1.5266823033146924e-06,{}
6,B,Garbage Collection Pauses (Java vs Go),java_inventory,java,inventory,warehouse-go:8084,warehouse-go:8084,2026-06-23 16:10:24,2026-06-23T10:40:24Z,1782211224,cooldown,1845.0,2.2187999999998745e-06,{}
6,B,Garbage Collection Pauses (Java vs Go),java_inventory,java,inventory,inventory-go-twin:9082,inventory-go-twin:9082,2026-06-23 16:10:39,2026-06-23T10:40:39Z,1782211239,cooldown,1860.0,1.3453636363637681e-06,{}
6,B,Garbage Collection Pauses (Java vs Go),java_inventory,java,inventory,order-go-twin:9083,order-go-twin:9083,2026-06-23 16:10:39,2026-06-23T10:40:39Z,1782211239,cooldown,1860.0,3.554890909091002e-06,{}
6,B,Garbage Collection Pauses (Java vs Go),java_inventory,java,inventory,warehouse-go:8084,warehouse-go:8084,2026-06-23 16:10:39,2026-06-23T10:40:39Z,1782211239,cooldown,1860.0,2.218840342551557e-06,{}
6,B,Garbage Collection Pauses (Java vs Go),java_inventory,java,inventory,inventory-go-twin:9082,inventory-go-twin:9082,2026-06-23 16:10:54,2026-06-23T10:40:54Z,1782211254,cooldown,1875.0,1.3453391756514835e-06,{}
6,B,Garbage Collection Pauses (Java vs Go),java_inventory,java,inventory,order-go-twin:9083,order-go-twin:9083,2026-06-23 16:10:54,2026-06-23T10:40:54Z,1782211254,cooldown,1875.0,2.0282363636363697e-06,{}
6,B,Garbage Collection Pauses (Java vs Go),java_inventory,java,inventory,warehouse-go:8084,warehouse-go:8084,2026-06-23 16:10:54,2026-06-23T10:40:54Z,1782211254,cooldown,1875.0,4.7531272727264655e-06,{}
6,B,Garbage Collection Pauses (Java vs Go),java_inventory,java,inventory,inventory-go-twin:9082,inventory-go-twin:9082,2026-06-23 16:11:09,2026-06-23T10:41:09Z,1782211269,cooldown,1890.0,1.3453636363637681e-06,{}
6,B,Garbage Collection Pauses (Java vs Go),java_inventory,java,inventory,order-go-twin:9083,order-go-twin:9083,2026-06-23 16:11:09,2026-06-23T10:41:09Z,1782211269,cooldown,1890.0,2.028199487282056e-06,{}
6,B,Garbage Collection Pauses (Java vs Go),java_inventory,java,inventory,warehouse-go:8084,warehouse-go:8084,2026-06-23 16:11:09,2026-06-23T10:41:09Z,1782211269,cooldown,1890.0,7.4533735750253306e-06,{}
6,B,Garbage Collection Pauses (Java vs Go),java_inventory,java,inventory,inventory-go-twin:9082,inventory-go-twin:9082,2026-06-23 16:11:24,2026-06-23T10:41:24Z,1782211284,cooldown,1905.0,2.476609516190516e-06,{}
6,B,Garbage Collection Pauses (Java vs Go),java_inventory,java,inventory,order-go-twin:9083,order-go-twin:9083,2026-06-23 16:11:24,2026-06-23T10:41:24Z,1782211284,cooldown,1905.0,2.028273241331667e-06,{}
6,B,Garbage Collection Pauses (Java vs Go),java_inventory,java,inventory,warehouse-go:8084,warehouse-go:8084,2026-06-23 16:11:24,2026-06-23T10:41:24Z,1782211284,cooldown,1905.0,5.234709090908638e-06,{}
6,B,Garbage Collection Pauses (Java vs Go),java_inventory,java,inventory,inventory-go-twin:9082,inventory-go-twin:9082,2026-06-23 16:11:39,2026-06-23T10:41:39Z,1782211299,cooldown,1920.0,2.4766545454544464e-06,{}
6,B,Garbage Collection Pauses (Java vs Go),java_inventory,java,inventory,order-go-twin:9083,order-go-twin:9083,2026-06-23 16:11:39,2026-06-23T10:41:39Z,1782211299,cooldown,1920.0,1.3321939601098022e-06,{}
6,B,Garbage Collection Pauses (Java vs Go),java_inventory,java,inventory,warehouse-go:8084,warehouse-go:8084,2026-06-23 16:11:39,2026-06-23T10:41:39Z,1782211299,cooldown,1920.0,4.342072727273302e-06,{}
6,B,Garbage Collection Pauses (Java vs Go),java_inventory,java,inventory,inventory-go-twin:9082,inventory-go-twin:9082,2026-06-23 16:11:54,2026-06-23T10:41:54Z,1782211314,cooldown,1935.0,2.4766545454544464e-06,{}
6,B,Garbage Collection Pauses (Java vs Go),java_inventory,java,inventory,order-go-twin:9083,order-go-twin:9083,2026-06-23 16:11:54,2026-06-23T10:41:54Z,1782211314,cooldown,1935.0,1.3322181818181677e-06,{}
6,B,Garbage Collection Pauses (Java vs Go),java_inventory,java,inventory,warehouse-go:8084,warehouse-go:8084,2026-06-23 16:11:54,2026-06-23T10:41:54Z,1782211314,cooldown,1935.0,6.138275241368421e-06,{}
6,B,Garbage Collection Pauses (Java vs Go),java_inventory,java,inventory,inventory-go-twin:9082,inventory-go-twin:9082,2026-06-23 16:12:09,2026-06-23T10:42:09Z,1782211329,cooldown,1950.0,3.6359090909089294e-06,{}
6,B,Garbage Collection Pauses (Java vs Go),java_inventory,java,inventory,order-go-twin:9083,order-go-twin:9083,2026-06-23 16:12:09,2026-06-23T10:42:09Z,1782211329,cooldown,1950.0,1.3322181818181677e-06,{}
6,B,Garbage Collection Pauses (Java vs Go),java_inventory,java,inventory,warehouse-go:8084,warehouse-go:8084,2026-06-23 16:12:09,2026-06-23T10:42:09Z,1782211329,cooldown,1950.0,4.837454545454771e-06,{}
6,B,Garbage Collection Pauses (Java vs Go),java_inventory,java,inventory,inventory-go-twin:9082,inventory-go-twin:9082,2026-06-23 16:12:24,2026-06-23T10:42:24Z,1782211344,cooldown,1965.0,1.159254545454483e-06,{}
6,B,Garbage Collection Pauses (Java vs Go),java_inventory,java,inventory,order-go-twin:9083,order-go-twin:9083,2026-06-23 16:12:24,2026-06-23T10:42:24Z,1782211344,cooldown,1965.0,3.1972327775856943e-06,{}
6,B,Garbage Collection Pauses (Java vs Go),java_inventory,java,inventory,warehouse-go:8084,warehouse-go:8084,2026-06-23 16:12:24,2026-06-23T10:42:24Z,1782211344,cooldown,1965.0,6.224668642388542e-06,{}
6,B,Garbage Collection Pauses (Java vs Go),java_inventory,java,inventory,inventory-go-twin:9082,inventory-go-twin:9082,2026-06-23 16:12:39,2026-06-23T10:42:39Z,1782211359,cooldown,1980.0,1.159254545454483e-06,{}
6,B,Garbage Collection Pauses (Java vs Go),java_inventory,java,inventory,order-go-twin:9083,order-go-twin:9083,2026-06-23 16:12:39,2026-06-23T10:42:39Z,1782211359,cooldown,1980.0,1.8650727272725733e-06,{}
6,B,Garbage Collection Pauses (Java vs Go),java_inventory,java,inventory,warehouse-go:8084,warehouse-go:8084,2026-06-23 16:12:39,2026-06-23T10:42:39Z,1782211359,cooldown,1980.0,4.583174239531504e-06,{}
6,B,Garbage Collection Pauses (Java vs Go),java_inventory,java,inventory,inventory-go-twin:9082,inventory-go-twin:9082,2026-06-23 16:12:54,2026-06-23T10:42:54Z,1782211374,cooldown,1995.0,1.1592334684823288e-06,{}
6,B,Garbage Collection Pauses (Java vs Go),java_inventory,java,inventory,order-go-twin:9083,order-go-twin:9083,2026-06-23 16:12:54,2026-06-23T10:42:54Z,1782211374,cooldown,1995.0,1.865106638302361e-06,{}
6,B,Garbage Collection Pauses (Java vs Go),java_inventory,java,inventory,warehouse-go:8084,warehouse-go:8084,2026-06-23 16:12:54,2026-06-23T10:42:54Z,1782211374,cooldown,1995.0,5.559719267623158e-06,{}
6,B,Garbage Collection Pauses (Java vs Go),java_inventory,java,inventory,inventory-go-twin:9082,inventory-go-twin:9082,2026-06-23 16:13:09,2026-06-23T10:43:09Z,1782211389,cooldown,2010.0,2.502527272727433e-06,{}
6,B,Garbage Collection Pauses (Java vs Go),java_inventory,java,inventory,order-go-twin:9083,order-go-twin:9083,2026-06-23 16:13:09,2026-06-23T10:43:09Z,1782211389,cooldown,2010.0,3.2428953253693824e-06,{}
6,B,Garbage Collection Pauses (Java vs Go),java_inventory,java,inventory,warehouse-go:8084,warehouse-go:8084,2026-06-23 16:13:09,2026-06-23T10:43:09Z,1782211389,cooldown,2010.0,5.835018181818166e-06,{}
6,B,Garbage Collection Pauses (Java vs Go),java_inventory,java,inventory,inventory-go-twin:9082,inventory-go-twin:9082,2026-06-23 16:13:24,2026-06-23T10:43:24Z,1782211404,cooldown,2025.0,2.502527272727433e-06,{}
6,B,Garbage Collection Pauses (Java vs Go),java_inventory,java,inventory,order-go-twin:9083,order-go-twin:9083,2026-06-23 16:13:24,2026-06-23T10:43:24Z,1782211404,cooldown,2025.0,1.3777886870670212e-06,{}
6,B,Garbage Collection Pauses (Java vs Go),java_inventory,java,inventory,warehouse-go:8084,warehouse-go:8084,2026-06-23 16:13:24,2026-06-23T10:43:24Z,1782211404,cooldown,2025.0,7.220527272727201e-06,{}
6,B,Garbage Collection Pauses (Java vs Go),java_inventory,java,inventory,inventory-go-twin:9082,inventory-go-twin:9082,2026-06-23 16:13:39,2026-06-23T10:43:39Z,1782211419,cooldown,2040.0,2.502572774050598e-06,{}
6,B,Garbage Collection Pauses (Java vs Go),java_inventory,java,inventory,order-go-twin:9083,order-go-twin:9083,2026-06-23 16:13:39,2026-06-23T10:43:39Z,1782211419,cooldown,2040.0,1.377738586571137e-06,{}
6,B,Garbage Collection Pauses (Java vs Go),java_inventory,java,inventory,warehouse-go:8084,warehouse-go:8084,2026-06-23 16:13:39,2026-06-23T10:43:39Z,1782211419,cooldown,2040.0,7.220527272727201e-06,{}
6,B,Garbage Collection Pauses (Java vs Go),java_inventory,java,inventory,inventory-go-twin:9082,inventory-go-twin:9082,2026-06-23 16:13:54,2026-06-23T10:43:54Z,1782211434,cooldown,2055.0,1.484845730077509e-06,{}
6,B,Garbage Collection Pauses (Java vs Go),java_inventory,java,inventory,order-go-twin:9083,order-go-twin:9083,2026-06-23 16:13:54,2026-06-23T10:43:54Z,1782211434,cooldown,2055.0,1.3777636363636198e-06,{}
6,B,Garbage Collection Pauses (Java vs Go),java_inventory,java,inventory,warehouse-go:8084,warehouse-go:8084,2026-06-23 16:13:54,2026-06-23T10:43:54Z,1782211434,cooldown,2055.0,6.679181818182066e-06,{}
6,B,Garbage Collection Pauses (Java vs Go),java_inventory,java,inventory,inventory-go-twin:9082,inventory-go-twin:9082,2026-06-23 16:14:09,2026-06-23T10:44:09Z,1782211449,cooldown,2070.0,1.484899725449428e-06,{}
6,B,Garbage Collection Pauses (Java vs Go),java_inventory,java,inventory,order-go-twin:9083,order-go-twin:9083,2026-06-23 16:14:09,2026-06-23T10:44:09Z,1782211449,cooldown,2070.0,0.0,{}
6,B,Garbage Collection Pauses (Java vs Go),java_inventory,java,inventory,warehouse-go:8084,warehouse-go:8084,2026-06-23 16:14:09,2026-06-23T10:44:09Z,1782211449,cooldown,2070.0,6.365927272727385e-06,{}
6,B,Garbage Collection Pauses (Java vs Go),java_inventory,java,inventory,inventory-go-twin:9082,inventory-go-twin:9082,2026-06-23 16:14:24,2026-06-23T10:44:24Z,1782211464,cooldown,2085.0,1.4848727272726013e-06,{}
6,B,Garbage Collection Pauses (Java vs Go),java_inventory,java,inventory,order-go-twin:9083,order-go-twin:9083,2026-06-23 16:14:24,2026-06-23T10:44:24Z,1782211464,cooldown,2085.0,1.3809930728532576e-06,{}
6,B,Garbage Collection Pauses (Java vs Go),java_inventory,java,inventory,warehouse-go:8084,warehouse-go:8084,2026-06-23 16:14:24,2026-06-23T10:44:24Z,1782211464,cooldown,2085.0,5.01060000000043e-06,{}
6,B,Garbage Collection Pauses (Java vs Go),java_inventory,java,inventory,inventory-go-twin:9082,inventory-go-twin:9082,2026-06-23 16:14:39,2026-06-23T10:44:39Z,1782211479,post_test,2100.0,2.8834021199614573e-06,{}
6,B,Garbage Collection Pauses (Java vs Go),java_inventory,java,inventory,order-go-twin:9083,order-go-twin:9083,2026-06-23 16:14:39,2026-06-23T10:44:39Z,1782211479,post_test,2100.0,1.3810181818182186e-06,{}
6,B,Garbage Collection Pauses (Java vs Go),java_inventory,java,inventory,warehouse-go:8084,warehouse-go:8084,2026-06-23 16:14:39,2026-06-23T10:44:39Z,1782211479,post_test,2100.0,6.416127272727707e-06,{}
6,B,Garbage Collection Pauses (Java vs Go),java_order,java,order,inventory-go-twin:9082,inventory-go-twin:9082,2026-06-23 14:19:20,2026-06-23T08:49:20Z,1782204560,warmup,0.0,2.83583636363645e-06,{}
6,B,Garbage Collection Pauses (Java vs Go),java_order,java,order,order-go-twin:9083,order-go-twin:9083,2026-06-23 14:19:20,2026-06-23T08:49:20Z,1782204560,warmup,0.0,1.6633272727273329e-06,{}
6,B,Garbage Collection Pauses (Java vs Go),java_order,java,order,warehouse-go:8084,warehouse-go:8084,2026-06-23 14:19:20,2026-06-23T08:49:20Z,1782204560,warmup,0.0,5.948726340478926e-06,{}
6,B,Garbage Collection Pauses (Java vs Go),java_order,java,order,inventory-go-twin:9082,inventory-go-twin:9082,2026-06-23 14:19:35,2026-06-23T08:49:35Z,1782204575,warmup,15.0,1.3801567244231646e-06,{}
6,B,Garbage Collection Pauses (Java vs Go),java_order,java,order,order-go-twin:9083,order-go-twin:9083,2026-06-23 14:19:35,2026-06-23T08:49:35Z,1782204575,warmup,15.0,1.6633272727273329e-06,{}
6,B,Garbage Collection Pauses (Java vs Go),java_order,java,order,warehouse-go:8084,warehouse-go:8084,2026-06-23 14:19:35,2026-06-23T08:49:35Z,1782204575,warmup,15.0,5.087254545454543e-06,{}
6,B,Garbage Collection Pauses (Java vs Go),java_order,java,order,inventory-go-twin:9082,inventory-go-twin:9082,2026-06-23 14:19:50,2026-06-23T08:49:50Z,1782204590,warmup,30.0,1.3801818181817905e-06,{}
6,B,Garbage Collection Pauses (Java vs Go),java_order,java,order,order-go-twin:9083,order-go-twin:9083,2026-06-23 14:19:50,2026-06-23T08:49:50Z,1782204590,warmup,30.0,1.58601818181831e-06,{}
6,B,Garbage Collection Pauses (Java vs Go),java_order,java,order,warehouse-go:8084,warehouse-go:8084,2026-06-23 14:19:50,2026-06-23T08:49:50Z,1782204590,warmup,30.0,6.495363636363635e-06,{}
6,B,Garbage Collection Pauses (Java vs Go),java_order,java,order,inventory-go-twin:9082,inventory-go-twin:9082,2026-06-23 14:20:05,2026-06-23T08:50:05Z,1782204605,warmup,45.0,1.3801818181817905e-06,{}
6,B,Garbage Collection Pauses (Java vs Go),java_order,java,order,order-go-twin:9083,order-go-twin:9083,2026-06-23 14:20:05,2026-06-23T08:50:05Z,1782204605,warmup,45.0,1.5860470190368382e-06,{}
6,B,Garbage Collection Pauses (Java vs Go),java_order,java,order,warehouse-go:8084,warehouse-go:8084,2026-06-23 14:20:05,2026-06-23T08:50:05Z,1782204605,warmup,45.0,4.802218181818187e-06,{}
6,B,Garbage Collection Pauses (Java vs Go),java_order,java,order,inventory-go-twin:9082,inventory-go-twin:9082,2026-06-23 14:20:20,2026-06-23T08:50:20Z,1782204620,warmup,60.0,1.8572701321841554e-06,{}
6,B,Garbage Collection Pauses (Java vs Go),java_order,java,order,order-go-twin:9083,order-go-twin:9083,2026-06-23 14:20:20,2026-06-23T08:50:20Z,1782204620,warmup,60.0,1.5860470190368382e-06,{}
6,B,Garbage Collection Pauses (Java vs Go),java_order,java,order,warehouse-go:8084,warehouse-go:8084,2026-06-23 14:20:20,2026-06-23T08:50:20Z,1782204620,warmup,60.0,3.6875454545454598e-06,{}
6,B,Garbage Collection Pauses (Java vs Go),java_order,java,order,inventory-go-twin:9082,inventory-go-twin:9082,2026-06-23 14:20:35,2026-06-23T08:50:35Z,1782204635,warmup,75.0,1.8572363636362971e-06,{}
6,B,Garbage Collection Pauses (Java vs Go),java_order,java,order,order-go-twin:9083,order-go-twin:9083,2026-06-23 14:20:35,2026-06-23T08:50:35Z,1782204635,warmup,75.0,0.0,{}
6,B,Garbage Collection Pauses (Java vs Go),java_order,java,order,warehouse-go:8084,warehouse-go:8084,2026-06-23 14:20:35,2026-06-23T08:50:35Z,1782204635,warmup,75.0,5.479254545454548e-06,{}
6,B,Garbage Collection Pauses (Java vs Go),java_order,java,order,inventory-go-twin:9082,inventory-go-twin:9082,2026-06-23 14:20:50,2026-06-23T08:50:50Z,1782204650,warmup,90.0,1.8572363636362971e-06,{}
6,B,Garbage Collection Pauses (Java vs Go),java_order,java,order,order-go-twin:9083,order-go-twin:9083,2026-06-23 14:20:50,2026-06-23T08:50:50Z,1782204650,warmup,90.0,1.0717999999997946e-06,{}
6,B,Garbage Collection Pauses (Java vs Go),java_order,java,order,warehouse-go:8084,warehouse-go:8084,2026-06-23 14:20:50,2026-06-23T08:50:50Z,1782204650,warmup,90.0,7.574589552917227e-06,{}
6,B,Garbage Collection Pauses (Java vs Go),java_order,java,order,inventory-go-twin:9082,inventory-go-twin:9082,2026-06-23 14:21:05,2026-06-23T08:51:05Z,1782204665,warmup,105.0,2.4729272727273695e-06,{}
6,B,Garbage Collection Pauses (Java vs Go),java_order,java,order,order-go-twin:9083,order-go-twin:9083,2026-06-23 14:21:05,2026-06-23T08:51:05Z,1782204665,warmup,105.0,1.0718194876268424e-06,{}
6,B,Garbage Collection Pauses (Java vs Go),java_order,java,order,warehouse-go:8084,warehouse-go:8084,2026-06-23 14:21:05,2026-06-23T08:51:05Z,1782204665,warmup,105.0,9.630709090909087e-06,{}
6,B,Garbage Collection Pauses (Java vs Go),java_order,java,order,inventory-go-twin:9082,inventory-go-twin:9082,2026-06-23 14:21:20,2026-06-23T08:51:20Z,1782204680,warmup,120.0,2.4729272727273695e-06,{}
6,B,Garbage Collection Pauses (Java vs Go),java_order,java,order,order-go-twin:9083,order-go-twin:9083,2026-06-23 14:21:20,2026-06-23T08:51:20Z,1782204680,warmup,120.0,1.0717999999997946e-06,{}
6,B,Garbage Collection Pauses (Java vs Go),java_order,java,order,warehouse-go:8084,warehouse-go:8084,2026-06-23 14:21:20,2026-06-23T08:51:20Z,1782204680,warmup,120.0,9.727763636363628e-06,{}
6,B,Garbage Collection Pauses (Java vs Go),java_order,java,order,inventory-go-twin:9082,inventory-go-twin:9082,2026-06-23 14:21:35,2026-06-23T08:51:35Z,1782204695,warmup,135.0,2.4729272727273695e-06,{}
6,B,Garbage Collection Pauses (Java vs Go),java_order,java,order,order-go-twin:9083,order-go-twin:9083,2026-06-23 14:21:35,2026-06-23T08:51:35Z,1782204695,warmup,135.0,1.4731636363636178e-06,{}
6,B,Garbage Collection Pauses (Java vs Go),java_order,java,order,warehouse-go:8084,warehouse-go:8084,2026-06-23 14:21:35,2026-06-23T08:51:35Z,1782204695,warmup,135.0,9.332890909090909e-06,{}
6,B,Garbage Collection Pauses (Java vs Go),java_order,java,order,inventory-go-twin:9082,inventory-go-twin:9082,2026-06-23 14:21:50,2026-06-23T08:51:50Z,1782204710,warmup,150.0,2.4729272727273695e-06,{}
6,B,Garbage Collection Pauses (Java vs Go),java_order,java,order,order-go-twin:9083,order-go-twin:9083,2026-06-23 14:21:50,2026-06-23T08:51:50Z,1782204710,warmup,150.0,1.4731636363636178e-06,{}
6,B,Garbage Collection Pauses (Java vs Go),java_order,java,order,warehouse-go:8084,warehouse-go:8084,2026-06-23 14:21:50,2026-06-23T08:51:50Z,1782204710,warmup,150.0,1.24192909090909e-05,{}
6,B,Garbage Collection Pauses (Java vs Go),java_order,java,order,inventory-go-twin:9082,inventory-go-twin:9082,2026-06-23 14:22:05,2026-06-23T08:52:05Z,1782204725,warmup,165.0,2.233636363636251e-06,{}
6,B,Garbage Collection Pauses (Java vs Go),java_order,java,order,order-go-twin:9083,order-go-twin:9083,2026-06-23 14:22:05,2026-06-23T08:52:05Z,1782204725,warmup,165.0,1.4731636363636178e-06,{}
6,B,Garbage Collection Pauses (Java vs Go),java_order,java,order,warehouse-go:8084,warehouse-go:8084,2026-06-23 14:22:05,2026-06-23T08:52:05Z,1782204725,warmup,165.0,1.394747177221405e-05,{}
6,B,Garbage Collection Pauses (Java vs Go),java_order,java,order,inventory-go-twin:9082,inventory-go-twin:9082,2026-06-23 14:22:20,2026-06-23T08:52:20Z,1782204740,warmup,180.0,2.2336769759449045e-06,{}
6,B,Garbage Collection Pauses (Java vs Go),java_order,java,order,order-go-twin:9083,order-go-twin:9083,2026-06-23 14:22:20,2026-06-23T08:52:20Z,1782204740,warmup,180.0,1.1448337302960126e-06,{}
6,B,Garbage Collection Pauses (Java vs Go),java_order,java,order,warehouse-go:8084,warehouse-go:8084,2026-06-23 14:22:20,2026-06-23T08:52:20Z,1782204740,warmup,180.0,1.6031109090909096e-05,{}
6,B,Garbage Collection Pauses (Java vs Go),java_order,java,order,inventory-go-twin:9082,inventory-go-twin:9082,2026-06-23 14:22:35,2026-06-23T08:52:35Z,1782204755,warmup,195.0,2.233636363636251e-06,{}
6,B,Garbage Collection Pauses (Java vs Go),java_order,java,order,order-go-twin:9083,order-go-twin:9083,2026-06-23 14:22:35,2026-06-23T08:52:35Z,1782204755,warmup,195.0,1.1448753613704066e-06,{}
6,B,Garbage Collection Pauses (Java vs Go),java_order,java,order,warehouse-go:8084,warehouse-go:8084,2026-06-23 14:22:35,2026-06-23T08:52:35Z,1782204755,warmup,195.0,1.768729090909092e-05,{}
6,B,Garbage Collection Pauses (Java vs Go),java_order,java,order,inventory-go-twin:9082,inventory-go-twin:9082,2026-06-23 14:22:50,2026-06-23T08:52:50Z,1782204770,warmup,210.0,2.233636363636251e-06,{}
6,B,Garbage Collection Pauses (Java vs Go),java_order,java,order,order-go-twin:9083,order-go-twin:9083,2026-06-23 14:22:50,2026-06-23T08:52:50Z,1782204770,warmup,210.0,1.144854545454745e-06,{}
6,B,Garbage Collection Pauses (Java vs Go),java_order,java,order,warehouse-go:8084,warehouse-go:8084,2026-06-23 14:22:50,2026-06-23T08:52:50Z,1782204770,warmup,210.0,1.8257877415953026e-05,{}
6,B,Garbage Collection Pauses (Java vs Go),java_order,java,order,inventory-go-twin:9082,inventory-go-twin:9082,2026-06-23 14:23:05,2026-06-23T08:53:05Z,1782204785,warmup,225.0,1.509290909090799e-06,{}
6,B,Garbage Collection Pauses (Java vs Go),java_order,java,order,order-go-twin:9083,order-go-twin:9083,2026-06-23 14:23:05,2026-06-23T08:53:05Z,1782204785,warmup,225.0,0.0,{}
6,B,Garbage Collection Pauses (Java vs Go),java_order,java,order,warehouse-go:8084,warehouse-go:8084,2026-06-23 14:23:05,2026-06-23T08:53:05Z,1782204785,warmup,225.0,1.8765941198930897e-05,{}
6,B,Garbage Collection Pauses (Java vs Go),java_order,java,order,inventory-go-twin:9082,inventory-go-twin:9082,2026-06-23 14:23:20,2026-06-23T08:53:20Z,1782204800,warmup,240.0,1.509290909090799e-06,{}
6,B,Garbage Collection Pauses (Java vs Go),java_order,java,order,order-go-twin:9083,order-go-twin:9083,2026-06-23 14:23:20,2026-06-23T08:53:20Z,1782204800,warmup,240.0,4.992727272726008e-07,{}
6,B,Garbage Collection Pauses (Java vs Go),java_order,java,order,warehouse-go:8084,warehouse-go:8084,2026-06-23 14:23:20,2026-06-23T08:53:20Z,1782204800,warmup,240.0,2.143725454545454e-05,{}
6,B,Garbage Collection Pauses (Java vs Go),java_order,java,order,inventory-go-twin:9082,inventory-go-twin:9082,2026-06-23 14:23:35,2026-06-23T08:53:35Z,1782204815,warmup,255.0,1.509290909090799e-06,{}
6,B,Garbage Collection Pauses (Java vs Go),java_order,java,order,order-go-twin:9083,order-go-twin:9083,2026-06-23 14:23:35,2026-06-23T08:53:35Z,1782204815,warmup,255.0,4.992727272726008e-07,{}
6,B,Garbage Collection Pauses (Java vs Go),java_order,java,order,warehouse-go:8084,warehouse-go:8084,2026-06-23 14:23:35,2026-06-23T08:53:35Z,1782204815,warmup,255.0,2.458112727272727e-05,{}
6,B,Garbage Collection Pauses (Java vs Go),java_order,java,order,inventory-go-twin:9082,inventory-go-twin:9082,2026-06-23 14:23:50,2026-06-23T08:53:50Z,1782204830,warmup,270.0,1.5226181818183743e-06,{}
6,B,Garbage Collection Pauses (Java vs Go),java_order,java,order,order-go-twin:9083,order-go-twin:9083,2026-06-23 14:23:50,2026-06-23T08:53:50Z,1782204830,warmup,270.0,4.992636497516963e-07,{}
6,B,Garbage Collection Pauses (Java vs Go),java_order,java,order,warehouse-go:8084,warehouse-go:8084,2026-06-23 14:23:50,2026-06-23T08:53:50Z,1782204830,warmup,270.0,3.3110654545454566e-05,{}
6,B,Garbage Collection Pauses (Java vs Go),java_order,java,order,inventory-go-twin:9082,inventory-go-twin:9082,2026-06-23 14:24:05,2026-06-23T08:54:05Z,1782204845,warmup,285.0,1.5226181818183743e-06,{}
6,B,Garbage Collection Pauses (Java vs Go),java_order,java,order,order-go-twin:9083,order-go-twin:9083,2026-06-23 14:24:05,2026-06-23T08:54:05Z,1782204845,warmup,285.0,4.992727272726008e-07,{}
6,B,Garbage Collection Pauses (Java vs Go),java_order,java,order,warehouse-go:8084,warehouse-go:8084,2026-06-23 14:24:05,2026-06-23T08:54:05Z,1782204845,warmup,285.0,4.174730909090908e-05,{}
6,B,Garbage Collection Pauses (Java vs Go),java_order,java,order,inventory-go-twin:9082,inventory-go-twin:9082,2026-06-23 14:24:20,2026-06-23T08:54:20Z,1782204860,ramp_1,300.0,1.5226181818183743e-06,{}
6,B,Garbage Collection Pauses (Java vs Go),java_order,java,order,order-go-twin:9083,order-go-twin:9083,2026-06-23 14:24:20,2026-06-23T08:54:20Z,1782204860,ramp_1,300.0,0.0,{}
6,B,Garbage Collection Pauses (Java vs Go),java_order,java,order,warehouse-go:8084,warehouse-go:8084,2026-06-23 14:24:20,2026-06-23T08:54:20Z,1782204860,ramp_1,300.0,4.8850181818181816e-05,{}
6,B,Garbage Collection Pauses (Java vs Go),java_order,java,order,inventory-go-twin:9082,inventory-go-twin:9082,2026-06-23 14:24:35,2026-06-23T08:54:35Z,1782204875,ramp_1,315.0,1.5226181818183743e-06,{}
6,B,Garbage Collection Pauses (Java vs Go),java_order,java,order,order-go-twin:9083,order-go-twin:9083,2026-06-23 14:24:35,2026-06-23T08:54:35Z,1782204875,ramp_1,315.0,1.209472727272726e-06,{}
6,B,Garbage Collection Pauses (Java vs Go),java_order,java,order,warehouse-go:8084,warehouse-go:8084,2026-06-23 14:24:35,2026-06-23T08:54:35Z,1782204875,ramp_1,315.0,6.27048e-05,{}
6,B,Garbage Collection Pauses (Java vs Go),java_order,java,order,inventory-go-twin:9082,inventory-go-twin:9082,2026-06-23 14:24:50,2026-06-23T08:54:50Z,1782204890,ramp_1,330.0,1.8001818181817564e-06,{}
6,B,Garbage Collection Pauses (Java vs Go),java_order,java,order,order-go-twin:9083,order-go-twin:9083,2026-06-23 14:24:50,2026-06-23T08:54:50Z,1782204890,ramp_1,330.0,1.2094507372593214e-06,{}
6,B,Garbage Collection Pauses (Java vs Go),java_order,java,order,warehouse-go:8084,warehouse-go:8084,2026-06-23 14:24:50,2026-06-23T08:54:50Z,1782204890,ramp_1,330.0,6.361550210003816e-05,{}
6,B,Garbage Collection Pauses (Java vs Go),java_order,java,order,inventory-go-twin:9082,inventory-go-twin:9082,2026-06-23 14:25:05,2026-06-23T08:55:05Z,1782204905,ramp_1,345.0,1.8002145493553812e-06,{}
6,B,Garbage Collection Pauses (Java vs Go),java_order,java,order,order-go-twin:9083,order-go-twin:9083,2026-06-23 14:25:05,2026-06-23T08:55:05Z,1782204905,ramp_1,345.0,1.209472727272726e-06,{}
6,B,Garbage Collection Pauses (Java vs Go),java_order,java,order,warehouse-go:8084,warehouse-go:8084,2026-06-23 14:25:05,2026-06-23T08:55:05Z,1782204905,ramp_1,345.0,5.779901452753686e-05,{}
6,B,Garbage Collection Pauses (Java vs Go),java_order,java,order,inventory-go-twin:9082,inventory-go-twin:9082,2026-06-23 14:25:20,2026-06-23T08:55:20Z,1782204920,ramp_1,360.0,1.8001818181817564e-06,{}
6,B,Garbage Collection Pauses (Java vs Go),java_order,java,order,order-go-twin:9083,order-go-twin:9083,2026-06-23 14:25:20,2026-06-23T08:55:20Z,1782204920,ramp_1,360.0,1.2094507372593214e-06,{}
6,B,Garbage Collection Pauses (Java vs Go),java_order,java,order,warehouse-go:8084,warehouse-go:8084,2026-06-23 14:25:20,2026-06-23T08:55:20Z,1782204920,ramp_1,360.0,4.576552727272729e-05,{}
6,B,Garbage Collection Pauses (Java vs Go),java_order,java,order,inventory-go-twin:9082,inventory-go-twin:9082,2026-06-23 14:25:35,2026-06-23T08:55:35Z,1782204935,ramp_1,375.0,2.9713818181817143e-06,{}
6,B,Garbage Collection Pauses (Java vs Go),java_order,java,order,order-go-twin:9083,order-go-twin:9083,2026-06-23 14:25:35,2026-06-23T08:55:35Z,1782204935,ramp_1,375.0,0.0,{}
6,B,Garbage Collection Pauses (Java vs Go),java_order,java,order,warehouse-go:8084,warehouse-go:8084,2026-06-23 14:25:35,2026-06-23T08:55:35Z,1782204935,ramp_1,375.0,3.925336363636365e-05,{}
6,B,Garbage Collection Pauses (Java vs Go),java_order,java,order,inventory-go-twin:9082,inventory-go-twin:9082,2026-06-23 14:25:50,2026-06-23T08:55:50Z,1782204950,ramp_1,390.0,1.171199999999958e-06,{}
6,B,Garbage Collection Pauses (Java vs Go),java_order,java,order,order-go-twin:9083,order-go-twin:9083,2026-06-23 14:25:50,2026-06-23T08:55:50Z,1782204950,ramp_1,390.0,6.149090909091608e-07,{}
6,B,Garbage Collection Pauses (Java vs Go),java_order,java,order,warehouse-go:8084,warehouse-go:8084,2026-06-23 14:25:50,2026-06-23T08:55:50Z,1782204950,ramp_1,390.0,4.46807090909091e-05,{}
6,B,Garbage Collection Pauses (Java vs Go),java_order,java,order,inventory-go-twin:9082,inventory-go-twin:9082,2026-06-23 14:26:05,2026-06-23T08:56:05Z,1782204965,ramp_1,405.0,1.917400000000059e-06,{}
6,B,Garbage Collection Pauses (Java vs Go),java_order,java,order,order-go-twin:9083,order-go-twin:9083,2026-06-23 14:26:05,2026-06-23T08:56:05Z,1782204965,ramp_1,405.0,6.149202712777296e-07,{}
6,B,Garbage Collection Pauses (Java vs Go),java_order,java,order,warehouse-go:8084,warehouse-go:8084,2026-06-23 14:26:05,2026-06-23T08:56:05Z,1782204965,ramp_1,405.0,5.687143636363636e-05,{}
6,B,Garbage Collection Pauses (Java vs Go),java_order,java,order,inventory-go-twin:9082,inventory-go-twin:9082,2026-06-23 14:26:20,2026-06-23T08:56:20Z,1782204980,ramp_1,420.0,7.462000000001007e-07,{}
6,B,Garbage Collection Pauses (Java vs Go),java_order,java,order,order-go-twin:9083,order-go-twin:9083,2026-06-23 14:26:20,2026-06-23T08:56:20Z,1782204980,ramp_1,420.0,6.149090909091608e-07,{}
6,B,Garbage Collection Pauses (Java vs Go),java_order,java,order,warehouse-go:8084,warehouse-go:8084,2026-06-23 14:26:20,2026-06-23T08:56:20Z,1782204980,ramp_1,420.0,7.809490909090907e-05,{}
6,B,Garbage Collection Pauses (Java vs Go),java_order,java,order,inventory-go-twin:9082,inventory-go-twin:9082,2026-06-23 14:26:35,2026-06-23T08:56:35Z,1782204995,ramp_1,435.0,7.462000000001007e-07,{}
6,B,Garbage Collection Pauses (Java vs Go),java_order,java,order,order-go-twin:9083,order-go-twin:9083,2026-06-23 14:26:35,2026-06-23T08:56:35Z,1782204995,ramp_1,435.0,0.0,{}
6,B,Garbage Collection Pauses (Java vs Go),java_order,java,order,warehouse-go:8084,warehouse-go:8084,2026-06-23 14:26:35,2026-06-23T08:56:35Z,1782204995,ramp_1,435.0,9.954691903489156e-05,{}
6,B,Garbage Collection Pauses (Java vs Go),java_order,java,order,inventory-go-twin:9082,inventory-go-twin:9082,2026-06-23 14:26:50,2026-06-23T08:56:50Z,1782205010,ramp_1,450.0,1.667527272727393e-06,{}
6,B,Garbage Collection Pauses (Java vs Go),java_order,java,order,order-go-twin:9083,order-go-twin:9083,2026-06-23 14:26:50,2026-06-23T08:56:50Z,1782205010,ramp_1,450.0,5.754259013471521e-07,{}
6,B,Garbage Collection Pauses (Java vs Go),java_order,java,order,warehouse-go:8084,warehouse-go:8084,2026-06-23 14:26:50,2026-06-23T08:56:50Z,1782205010,ramp_1,450.0,9.848510909090908e-05,{}
6,B,Garbage Collection Pauses (Java vs Go),java_order,java,order,inventory-go-twin:9082,inventory-go-twin:9082,2026-06-23 14:27:05,2026-06-23T08:57:05Z,1782205025,ramp_1,465.0,9.213272727272922e-07,{}
6,B,Garbage Collection Pauses (Java vs Go),java_order,java,order,order-go-twin:9083,order-go-twin:9083,2026-06-23 14:27:05,2026-06-23T08:57:05Z,1782205025,ramp_1,465.0,5.754363636362674e-07,{}
6,B,Garbage Collection Pauses (Java vs Go),java_order,java,order,warehouse-go:8084,warehouse-go:8084,2026-06-23 14:27:05,2026-06-23T08:57:05Z,1782205025,ramp_1,465.0,9.187178181818178e-05,{}
6,B,Garbage Collection Pauses (Java vs Go),java_order,java,order,inventory-go-twin:9082,inventory-go-twin:9082,2026-06-23 14:27:20,2026-06-23T08:57:20Z,1782205040,ramp_1,480.0,9.213272727272922e-07,{}
6,B,Garbage Collection Pauses (Java vs Go),java_order,java,order,order-go-twin:9083,order-go-twin:9083,2026-06-23 14:27:20,2026-06-23T08:57:20Z,1782205040,ramp_1,480.0,5.754363636362674e-07,{}
6,B,Garbage Collection Pauses (Java vs Go),java_order,java,order,warehouse-go:8084,warehouse-go:8084,2026-06-23 14:27:20,2026-06-23T08:57:20Z,1782205040,ramp_1,480.0,0.00010334947908143783,{}
6,B,Garbage Collection Pauses (Java vs Go),java_order,java,order,inventory-go-twin:9082,inventory-go-twin:9082,2026-06-23 14:27:35,2026-06-23T08:57:35Z,1782205055,ramp_1,495.0,9.213105216268992e-07,{}
6,B,Garbage Collection Pauses (Java vs Go),java_order,java,order,order-go-twin:9083,order-go-twin:9083,2026-06-23 14:27:35,2026-06-23T08:57:35Z,1782205055,ramp_1,495.0,5.754363636362674e-07,{}
6,B,Garbage Collection Pauses (Java vs Go),java_order,java,order,warehouse-go:8084,warehouse-go:8084,2026-06-23 14:27:35,2026-06-23T08:57:35Z,1782205055,ramp_1,495.0,0.00010404467272727273,{}
6,B,Garbage Collection Pauses (Java vs Go),java_order,java,order,inventory-go-twin:9082,inventory-go-twin:9082,2026-06-23 14:27:50,2026-06-23T08:57:50Z,1782205070,ramp_1,510.0,9.399272727270904e-07,{}
6,B,Garbage Collection Pauses (Java vs Go),java_order,java,order,order-go-twin:9083,order-go-twin:9083,2026-06-23 14:27:50,2026-06-23T08:57:50Z,1782205070,ramp_1,510.0,0.0,{}
6,B,Garbage Collection Pauses (Java vs Go),java_order,java,order,warehouse-go:8084,warehouse-go:8084,2026-06-23 14:27:50,2026-06-23T08:57:50Z,1782205070,ramp_1,510.0,0.0001274372829584917,{}
6,B,Garbage Collection Pauses (Java vs Go),java_order,java,order,inventory-go-twin:9082,inventory-go-twin:9082,2026-06-23 14:28:05,2026-06-23T08:58:05Z,1782205085,ramp_1,525.0,9.399272727270904e-07,{}
6,B,Garbage Collection Pauses (Java vs Go),java_order,java,order,order-go-twin:9083,order-go-twin:9083,2026-06-23 14:28:05,2026-06-23T08:58:05Z,1782205085,ramp_1,525.0,1.1249090909091914e-06,{}
6,B,Garbage Collection Pauses (Java vs Go),java_order,java,order,warehouse-go:8084,warehouse-go:8084,2026-06-23 14:28:05,2026-06-23T08:58:05Z,1782205085,ramp_1,525.0,0.0001408450545454545,{}
6,B,Garbage Collection Pauses (Java vs Go),java_order,java,order,inventory-go-twin:9082,inventory-go-twin:9082,2026-06-23 14:28:20,2026-06-23T08:58:20Z,1782205100,ramp_1,540.0,1.984072727272513e-06,{}
6,B,Garbage Collection Pauses (Java vs Go),java_order,java,order,order-go-twin:9083,order-go-twin:9083,2026-06-23 14:28:20,2026-06-23T08:58:20Z,1782205100,ramp_1,540.0,1.1249090909091914e-06,{}
6,B,Garbage Collection Pauses (Java vs Go),java_order,java,order,warehouse-go:8084,warehouse-go:8084,2026-06-23 14:28:20,2026-06-23T08:58:20Z,1782205100,ramp_1,540.0,0.00024148308212577948,{}
6,B,Garbage Collection Pauses (Java vs Go),java_order,java,order,inventory-go-twin:9082,inventory-go-twin:9082,2026-06-23 14:28:35,2026-06-23T08:58:35Z,1782205115,ramp_1,555.0,1.0441454545454227e-06,{}
6,B,Garbage Collection Pauses (Java vs Go),java_order,java,order,order-go-twin:9083,order-go-twin:9083,2026-06-23 14:28:35,2026-06-23T08:58:35Z,1782205115,ramp_1,555.0,1.1249090909091914e-06,{}
6,B,Garbage Collection Pauses (Java vs Go),java_order,java,order,warehouse-go:8084,warehouse-go:8084,2026-06-23 14:28:35,2026-06-23T08:58:35Z,1782205115,ramp_1,555.0,0.00024008667272727276,{}
6,B,Garbage Collection Pauses (Java vs Go),java_order,java,order,inventory-go-twin:9082,inventory-go-twin:9082,2026-06-23 14:28:50,2026-06-23T08:58:50Z,1782205130,ramp_1,570.0,1.0441454545454227e-06,{}
6,B,Garbage Collection Pauses (Java vs Go),java_order,java,order,order-go-twin:9083,order-go-twin:9083,2026-06-23 14:28:50,2026-06-23T08:58:50Z,1782205130,ramp_1,570.0,1.1249295441736312e-06,{}
6,B,Garbage Collection Pauses (Java vs Go),java_order,java,order,warehouse-go:8084,warehouse-go:8084,2026-06-23 14:28:50,2026-06-23T08:58:50Z,1782205130,ramp_1,570.0,0.0002489939090909091,{}
6,B,Garbage Collection Pauses (Java vs Go),java_order,java,order,inventory-go-twin:9082,inventory-go-twin:9082,2026-06-23 14:29:05,2026-06-23T08:59:05Z,1782205145,ramp_1,585.0,2.1191454545455516e-06,{}
6,B,Garbage Collection Pauses (Java vs Go),java_order,java,order,order-go-twin:9083,order-go-twin:9083,2026-06-23 14:29:05,2026-06-23T08:59:05Z,1782205145,ramp_1,585.0,0.0,{}
6,B,Garbage Collection Pauses (Java vs Go),java_order,java,order,warehouse-go:8084,warehouse-go:8084,2026-06-23 14:29:05,2026-06-23T08:59:05Z,1782205145,ramp_1,585.0,0.00023857450909090918,{}
6,B,Garbage Collection Pauses (Java vs Go),java_order,java,order,inventory-go-twin:9082,inventory-go-twin:9082,2026-06-23 14:29:20,2026-06-23T08:59:20Z,1782205160,ramp_2,600.0,1.0750000000001288e-06,{}
6,B,Garbage Collection Pauses (Java vs Go),java_order,java,order,order-go-twin:9083,order-go-twin:9083,2026-06-23 14:29:20,2026-06-23T08:59:20Z,1782205160,ramp_2,600.0,1.073200000000067e-06,{}
6,B,Garbage Collection Pauses (Java vs Go),java_order,java,order,warehouse-go:8084,warehouse-go:8084,2026-06-23 14:29:20,2026-06-23T08:59:20Z,1782205160,ramp_2,600.0,0.00019134264831548517,{}
6,B,Garbage Collection Pauses (Java vs Go),java_order,java,order,inventory-go-twin:9082,inventory-go-twin:9082,2026-06-23 14:29:35,2026-06-23T08:59:35Z,1782205175,ramp_2,615.0,1.0750000000001288e-06,{}
6,B,Garbage Collection Pauses (Java vs Go),java_order,java,order,order-go-twin:9083,order-go-twin:9083,2026-06-23 14:29:35,2026-06-23T08:59:35Z,1782205175,ramp_2,615.0,1.0731804876275648e-06,{}
6,B,Garbage Collection Pauses (Java vs Go),java_order,java,order,warehouse-go:8084,warehouse-go:8084,2026-06-23 14:29:35,2026-06-23T08:59:35Z,1782205175,ramp_2,615.0,0.00020605941926216852,{}
6,B,Garbage Collection Pauses (Java vs Go),java_order,java,order,inventory-go-twin:9082,inventory-go-twin:9082,2026-06-23 14:29:50,2026-06-23T08:59:50Z,1782205190,ramp_2,630.0,1.0750000000001288e-06,{}
6,B,Garbage Collection Pauses (Java vs Go),java_order,java,order,order-go-twin:9083,order-go-twin:9083,2026-06-23 14:29:50,2026-06-23T08:59:50Z,1782205190,ramp_2,630.0,1.073200000000067e-06,{}
6,B,Garbage Collection Pauses (Java vs Go),java_order,java,order,warehouse-go:8084,warehouse-go:8084,2026-06-23 14:29:50,2026-06-23T08:59:50Z,1782205190,ramp_2,630.0,0.00018910960199276355,{}
6,B,Garbage Collection Pauses (Java vs Go),java_order,java,order,inventory-go-twin:9082,inventory-go-twin:9082,2026-06-23 14:30:05,2026-06-23T09:00:05Z,1782205205,ramp_2,645.0,6.582545454545094e-07,{}
6,B,Garbage Collection Pauses (Java vs Go),java_order,java,order,order-go-twin:9083,order-go-twin:9083,2026-06-23 14:30:05,2026-06-23T09:00:05Z,1782205205,ramp_2,645.0,0.0,{}
6,B,Garbage Collection Pauses (Java vs Go),java_order,java,order,warehouse-go:8084,warehouse-go:8084,2026-06-23 14:30:05,2026-06-23T09:00:05Z,1782205205,ramp_2,645.0,0.0002007581774214076,{}
6,B,Garbage Collection Pauses (Java vs Go),java_order,java,order,inventory-go-twin:9082,inventory-go-twin:9082,2026-06-23 14:30:20,2026-06-23T09:00:20Z,1782205220,ramp_2,660.0,6.582545454545094e-07,{}
6,B,Garbage Collection Pauses (Java vs Go),java_order,java,order,order-go-twin:9083,order-go-twin:9083,2026-06-23 14:30:20,2026-06-23T09:00:20Z,1782205220,ramp_2,660.0,8.287272727270821e-07,{}
6,B,Garbage Collection Pauses (Java vs Go),java_order,java,order,warehouse-go:8084,warehouse-go:8084,2026-06-23 14:30:20,2026-06-23T09:00:20Z,1782205220,ramp_2,660.0,0.00017040917107583782,{}
6,B,Garbage Collection Pauses (Java vs Go),java_order,java,order,inventory-go-twin:9082,inventory-go-twin:9082,2026-06-23 14:30:35,2026-06-23T09:00:35Z,1782205235,ramp_2,675.0,6.582545454545094e-07,{}
6,B,Garbage Collection Pauses (Java vs Go),java_order,java,order,order-go-twin:9083,order-go-twin:9083,2026-06-23 14:30:35,2026-06-23T09:00:35Z,1782205235,ramp_2,675.0,8.287272727270821e-07,{}
6,B,Garbage Collection Pauses (Java vs Go),java_order,java,order,warehouse-go:8084,warehouse-go:8084,2026-06-23 14:30:35,2026-06-23T09:00:35Z,1782205235,ramp_2,675.0,0.00017450439999999997,{}
6,B,Garbage Collection Pauses (Java vs Go),java_order,java,order,inventory-go-twin:9082,inventory-go-twin:9082,2026-06-23 14:30:50,2026-06-23T09:00:50Z,1782205250,ramp_2,690.0,1.6446363636364211e-06,{}
6,B,Garbage Collection Pauses (Java vs Go),java_order,java,order,order-go-twin:9083,order-go-twin:9083,2026-06-23 14:30:50,2026-06-23T09:00:50Z,1782205250,ramp_2,690.0,8.287122052324415e-07,{}
6,B,Garbage Collection Pauses (Java vs Go),java_order,java,order,warehouse-go:8084,warehouse-go:8084,2026-06-23 14:30:50,2026-06-23T09:00:50Z,1782205250,ramp_2,690.0,0.0001943639157075585,{}
6,B,Garbage Collection Pauses (Java vs Go),java_order,java,order,inventory-go-twin:9082,inventory-go-twin:9082,2026-06-23 14:31:05,2026-06-23T09:01:05Z,1782205265,ramp_2,705.0,1.6446363636364211e-06,{}
6,B,Garbage Collection Pauses (Java vs Go),java_order,java,order,order-go-twin:9083,order-go-twin:9083,2026-06-23 14:31:05,2026-06-23T09:01:05Z,1782205265,ramp_2,705.0,8.287272727270821e-07,{}
6,B,Garbage Collection Pauses (Java vs Go),java_order,java,order,warehouse-go:8084,warehouse-go:8084,2026-06-23 14:31:05,2026-06-23T09:01:05Z,1782205265,ramp_2,705.0,0.00025671652727272726,{}
6,B,Garbage Collection Pauses (Java vs Go),java_order,java,order,inventory-go-twin:9082,inventory-go-twin:9082,2026-06-23 14:31:20,2026-06-23T09:01:20Z,1782205280,ramp_2,720.0,1.6446662666594517e-06,{}
6,B,Garbage Collection Pauses (Java vs Go),java_order,java,order,order-go-twin:9083,order-go-twin:9083,2026-06-23 14:31:20,2026-06-23T09:01:20Z,1782205280,ramp_2,720.0,0.0,{}
6,B,Garbage Collection Pauses (Java vs Go),java_order,java,order,warehouse-go:8084,warehouse-go:8084,2026-06-23 14:31:20,2026-06-23T09:01:20Z,1782205280,ramp_2,720.0,0.00028760200723623215,{}
6,B,Garbage Collection Pauses (Java vs Go),java_order,java,order,inventory-go-twin:9082,inventory-go-twin:9082,2026-06-23 14:31:35,2026-06-23T09:01:35Z,1782205295,ramp_2,735.0,1.6446363636364211e-06,{}
6,B,Garbage Collection Pauses (Java vs Go),java_order,java,order,order-go-twin:9083,order-go-twin:9083,2026-06-23 14:31:35,2026-06-23T09:01:35Z,1782205295,ramp_2,735.0,1.1078383243331826e-06,{}
6,B,Garbage Collection Pauses (Java vs Go),java_order,java,order,warehouse-go:8084,warehouse-go:8084,2026-06-23 14:31:35,2026-06-23T09:01:35Z,1782205295,ramp_2,735.0,0.00031106247272727277,{}
6,B,Garbage Collection Pauses (Java vs Go),java_order,java,order,inventory-go-twin:9082,inventory-go-twin:9082,2026-06-23 14:31:50,2026-06-23T09:01:50Z,1782205310,ramp_2,750.0,1.5871090909091494e-06,{}
6,B,Garbage Collection Pauses (Java vs Go),java_order,java,order,order-go-twin:9083,order-go-twin:9083,2026-06-23 14:31:50,2026-06-23T09:01:50Z,1782205310,ramp_2,750.0,1.1078181818181946e-06,{}
6,B,Garbage Collection Pauses (Java vs Go),java_order,java,order,warehouse-go:8084,warehouse-go:8084,2026-06-23 14:31:50,2026-06-23T09:01:50Z,1782205310,ramp_2,750.0,0.0002873294363636364,{}
6,B,Garbage Collection Pauses (Java vs Go),java_order,java,order,inventory-go-twin:9082,inventory-go-twin:9082,2026-06-23 14:32:05,2026-06-23T09:02:05Z,1782205325,ramp_2,765.0,1.587137947962749e-06,{}
6,B,Garbage Collection Pauses (Java vs Go),java_order,java,order,order-go-twin:9083,order-go-twin:9083,2026-06-23 14:32:05,2026-06-23T09:02:05Z,1782205325,ramp_2,765.0,1.1078181818181946e-06,{}
6,B,Garbage Collection Pauses (Java vs Go),java_order,java,order,warehouse-go:8084,warehouse-go:8084,2026-06-23 14:32:05,2026-06-23T09:02:05Z,1782205325,ramp_2,765.0,0.0002403447818181818,{}
6,B,Garbage Collection Pauses (Java vs Go),java_order,java,order,inventory-go-twin:9082,inventory-go-twin:9082,2026-06-23 14:32:20,2026-06-23T09:02:20Z,1782205340,ramp_2,780.0,1.5871090909091494e-06,{}
6,B,Garbage Collection Pauses (Java vs Go),java_order,java,order,order-go-twin:9083,order-go-twin:9083,2026-06-23 14:32:20,2026-06-23T09:02:20Z,1782205340,ramp_2,780.0,1.2243090909091027e-06,{}
6,B,Garbage Collection Pauses (Java vs Go),java_order,java,order,warehouse-go:8084,warehouse-go:8084,2026-06-23 14:32:20,2026-06-23T09:02:20Z,1782205340,ramp_2,780.0,0.0002550830181818183,{}
6,B,Garbage Collection Pauses (Java vs Go),java_order,java,order,inventory-go-twin:9082,inventory-go-twin:9082,2026-06-23 14:32:35,2026-06-23T09:02:35Z,1782205355,ramp_2,795.0,1.5871090909091494e-06,{}
6,B,Garbage Collection Pauses (Java vs Go),java_order,java,order,order-go-twin:9083,order-go-twin:9083,2026-06-23 14:32:35,2026-06-23T09:02:35Z,1782205355,ramp_2,795.0,1.2243090909091027e-06,{}
6,B,Garbage Collection Pauses (Java vs Go),java_order,java,order,warehouse-go:8084,warehouse-go:8084,2026-06-23 14:32:35,2026-06-23T09:02:35Z,1782205355,ramp_2,795.0,0.00023264441818181822,{}
6,B,Garbage Collection Pauses (Java vs Go),java_order,java,order,inventory-go-twin:9082,inventory-go-twin:9082,2026-06-23 14:32:50,2026-06-23T09:02:50Z,1782205370,ramp_2,810.0,1.2601818181816199e-06,{}
6,B,Garbage Collection Pauses (Java vs Go),java_order,java,order,order-go-twin:9083,order-go-twin:9083,2026-06-23 14:32:50,2026-06-23T09:02:50Z,1782205370,ramp_2,810.0,1.2243090909091027e-06,{}
6,B,Garbage Collection Pauses (Java vs Go),java_order,java,order,warehouse-go:8084,warehouse-go:8084,2026-06-23 14:32:50,2026-06-23T09:02:50Z,1782205370,ramp_2,810.0,0.00023768018181818192,{}
6,B,Garbage Collection Pauses (Java vs Go),java_order,java,order,inventory-go-twin:9082,inventory-go-twin:9082,2026-06-23 14:33:05,2026-06-23T09:03:05Z,1782205385,ramp_2,825.0,1.2601818181816199e-06,{}
6,B,Garbage Collection Pauses (Java vs Go),java_order,java,order,order-go-twin:9083,order-go-twin:9083,2026-06-23 14:33:05,2026-06-23T09:03:05Z,1782205385,ramp_2,825.0,2.3413454545454213e-06,{}
6,B,Garbage Collection Pauses (Java vs Go),java_order,java,order,warehouse-go:8084,warehouse-go:8084,2026-06-23 14:33:05,2026-06-23T09:03:05Z,1782205385,ramp_2,825.0,0.0002542101999999998,{}
6,B,Garbage Collection Pauses (Java vs Go),java_order,java,order,inventory-go-twin:9082,inventory-go-twin:9082,2026-06-23 14:33:20,2026-06-23T09:03:20Z,1782205400,ramp_2,840.0,1.2601589062015073e-06,{}
6,B,Garbage Collection Pauses (Java vs Go),java_order,java,order,order-go-twin:9083,order-go-twin:9083,2026-06-23 14:33:20,2026-06-23T09:03:20Z,1782205400,ramp_2,840.0,1.1170566737576597e-06,{}
6,B,Garbage Collection Pauses (Java vs Go),java_order,java,order,warehouse-go:8084,warehouse-go:8084,2026-06-23 14:33:20,2026-06-23T09:03:20Z,1782205400,ramp_2,840.0,0.0002781083636363638,{}
6,B,Garbage Collection Pauses (Java vs Go),java_order,java,order,inventory-go-twin:9082,inventory-go-twin:9082,2026-06-23 14:33:35,2026-06-23T09:03:35Z,1782205415,ramp_2,855.0,1.7429090909091484e-06,{}
6,B,Garbage Collection Pauses (Java vs Go),java_order,java,order,order-go-twin:9083,order-go-twin:9083,2026-06-23 14:33:35,2026-06-23T09:03:35Z,1782205415,ramp_2,855.0,1.1170363636363186e-06,{}
6,B,Garbage Collection Pauses (Java vs Go),java_order,java,order,warehouse-go:8084,warehouse-go:8084,2026-06-23 14:33:35,2026-06-23T09:03:35Z,1782205415,ramp_2,855.0,0.00028005009090909097,{}
6,B,Garbage Collection Pauses (Java vs Go),java_order,java,order,inventory-go-twin:9082,inventory-go-twin:9082,2026-06-23 14:33:50,2026-06-23T09:03:50Z,1782205430,ramp_2,870.0,1.7429090909091484e-06,{}
6,B,Garbage Collection Pauses (Java vs Go),java_order,java,order,order-go-twin:9083,order-go-twin:9083,2026-06-23 14:33:50,2026-06-23T09:03:50Z,1782205430,ramp_2,870.0,1.1170363636363186e-06,{}
6,B,Garbage Collection Pauses (Java vs Go),java_order,java,order,warehouse-go:8084,warehouse-go:8084,2026-06-23 14:33:50,2026-06-23T09:03:50Z,1782205430,ramp_2,870.0,0.0003233368545454544,{}
6,B,Garbage Collection Pauses (Java vs Go),java_order,java,order,inventory-go-twin:9082,inventory-go-twin:9082,2026-06-23 14:34:05,2026-06-23T09:04:05Z,1782205445,ramp_2,885.0,1.7429090909091484e-06,{}
6,B,Garbage Collection Pauses (Java vs Go),java_order,java,order,order-go-twin:9083,order-go-twin:9083,2026-06-23 14:34:05,2026-06-23T09:04:05Z,1782205445,ramp_2,885.0,0.0,{}
6,B,Garbage Collection Pauses (Java vs Go),java_order,java,order,warehouse-go:8084,warehouse-go:8084,2026-06-23 14:34:05,2026-06-23T09:04:05Z,1782205445,ramp_2,885.0,0.0002679725454545453,{}
6,B,Garbage Collection Pauses (Java vs Go),java_order,java,order,inventory-go-twin:9082,inventory-go-twin:9082,2026-06-23 14:34:20,2026-06-23T09:04:20Z,1782205460,ramp_3,900.0,1.7429090909091484e-06,{}
6,B,Garbage Collection Pauses (Java vs Go),java_order,java,order,order-go-twin:9083,order-go-twin:9083,2026-06-23 14:34:20,2026-06-23T09:04:20Z,1782205460,ramp_3,900.0,1.3198000000002141e-06,{}
6,B,Garbage Collection Pauses (Java vs Go),java_order,java,order,warehouse-go:8084,warehouse-go:8084,2026-06-23 14:34:20,2026-06-23T09:04:20Z,1782205460,ramp_3,900.0,0.0003633922474136836,{}
6,B,Garbage Collection Pauses (Java vs Go),java_order,java,order,inventory-go-twin:9082,inventory-go-twin:9082,2026-06-23 14:34:35,2026-06-23T09:04:35Z,1782205475,ramp_3,915.0,1.2639090909092018e-06,{}
6,B,Garbage Collection Pauses (Java vs Go),java_order,java,order,order-go-twin:9083,order-go-twin:9083,2026-06-23 14:34:35,2026-06-23T09:04:35Z,1782205475,ramp_3,915.0,1.3198000000002141e-06,{}
6,B,Garbage Collection Pauses (Java vs Go),java_order,java,order,warehouse-go:8084,warehouse-go:8084,2026-06-23 14:34:35,2026-06-23T09:04:35Z,1782205475,ramp_3,915.0,0.0004078128181818183,{}
6,B,Garbage Collection Pauses (Java vs Go),java_order,java,order,inventory-go-twin:9082,inventory-go-twin:9082,2026-06-23 14:34:50,2026-06-23T09:04:50Z,1782205490,ramp_3,930.0,1.2639090909092018e-06,{}
6,B,Garbage Collection Pauses (Java vs Go),java_order,java,order,order-go-twin:9083,order-go-twin:9083,2026-06-23 14:34:50,2026-06-23T09:04:50Z,1782205490,ramp_3,930.0,1.3198000000002141e-06,{}
6,B,Garbage Collection Pauses (Java vs Go),java_order,java,order,warehouse-go:8084,warehouse-go:8084,2026-06-23 14:34:50,2026-06-23T09:04:50Z,1782205490,ramp_3,930.0,0.0003658646545454543,{}
6,B,Garbage Collection Pauses (Java vs Go),java_order,java,order,inventory-go-twin:9082,inventory-go-twin:9082,2026-06-23 14:35:05,2026-06-23T09:05:05Z,1782205505,ramp_3,945.0,1.2639090909092018e-06,{}
6,B,Garbage Collection Pauses (Java vs Go),java_order,java,order,order-go-twin:9083,order-go-twin:9083,2026-06-23 14:35:05,2026-06-23T09:05:05Z,1782205505,ramp_3,945.0,2.402592680133092e-06,{}
6,B,Garbage Collection Pauses (Java vs Go),java_order,java,order,warehouse-go:8084,warehouse-go:8084,2026-06-23 14:35:05,2026-06-23T09:05:05Z,1782205505,ramp_3,945.0,0.0003674467636363638,{}
6,B,Garbage Collection Pauses (Java vs Go),java_order,java,order,inventory-go-twin:9082,inventory-go-twin:9082,2026-06-23 14:35:20,2026-06-23T09:05:20Z,1782205520,ramp_3,960.0,1.2639090909092018e-06,{}
6,B,Garbage Collection Pauses (Java vs Go),java_order,java,order,order-go-twin:9083,order-go-twin:9083,2026-06-23 14:35:20,2026-06-23T09:05:20Z,1782205520,ramp_3,960.0,1.082856051928006e-06,{}
6,B,Garbage Collection Pauses (Java vs Go),java_order,java,order,warehouse-go:8084,warehouse-go:8084,2026-06-23 14:35:20,2026-06-23T09:05:20Z,1782205520,ramp_3,960.0,0.00040643238181818213,{}
6,B,Garbage Collection Pauses (Java vs Go),java_order,java,order,inventory-go-twin:9082,inventory-go-twin:9082,2026-06-23 14:35:35,2026-06-23T09:05:35Z,1782205535,ramp_3,975.0,1.2360909090907751e-06,{}
6,B,Garbage Collection Pauses (Java vs Go),java_order,java,order,order-go-twin:9083,order-go-twin:9083,2026-06-23 14:35:35,2026-06-23T09:05:35Z,1782205535,ramp_3,975.0,1.0828363636361526e-06,{}
6,B,Garbage Collection Pauses (Java vs Go),java_order,java,order,warehouse-go:8084,warehouse-go:8084,2026-06-23 14:35:35,2026-06-23T09:05:35Z,1782205535,ramp_3,975.0,0.00034959411989308927,{}
6,B,Garbage Collection Pauses (Java vs Go),java_order,java,order,inventory-go-twin:9082,inventory-go-twin:9082,2026-06-23 14:35:50,2026-06-23T09:05:50Z,1782205550,ramp_3,990.0,1.236113383879573e-06,{}
6,B,Garbage Collection Pauses (Java vs Go),java_order,java,order,order-go-twin:9083,order-go-twin:9083,2026-06-23 14:35:50,2026-06-23T09:05:50Z,1782205550,ramp_3,990.0,1.0828363636361526e-06,{}
6,B,Garbage Collection Pauses (Java vs Go),java_order,java,order,warehouse-go:8084,warehouse-go:8084,2026-06-23 14:35:50,2026-06-23T09:05:50Z,1782205550,ramp_3,990.0,0.0004194037090909092,{}
6,B,Garbage Collection Pauses (Java vs Go),java_order,java,order,inventory-go-twin:9082,inventory-go-twin:9082,2026-06-23 14:36:05,2026-06-23T09:06:05Z,1782205565,ramp_3,1005.0,1.236113383879573e-06,{}
6,B,Garbage Collection Pauses (Java vs Go),java_order,java,order,order-go-twin:9083,order-go-twin:9083,2026-06-23 14:36:05,2026-06-23T09:06:05Z,1782205565,ramp_3,1005.0,8.34875729532288e-07,{}
6,B,Garbage Collection Pauses (Java vs Go),java_order,java,order,warehouse-go:8084,warehouse-go:8084,2026-06-23 14:36:05,2026-06-23T09:06:05Z,1782205565,ramp_3,1005.0,0.0004508260940710167,{}
6,B,Garbage Collection Pauses (Java vs Go),java_order,java,order,inventory-go-twin:9082,inventory-go-twin:9082,2026-06-23 14:36:20,2026-06-23T09:06:20Z,1782205580,ramp_3,1020.0,1.0810560192003287e-06,{}
6,B,Garbage Collection Pauses (Java vs Go),java_order,java,order,order-go-twin:9083,order-go-twin:9083,2026-06-23 14:36:20,2026-06-23T09:06:20Z,1782205580,ramp_3,1020.0,8.348909090910067e-07,{}
6,B,Garbage Collection Pauses (Java vs Go),java_order,java,order,warehouse-go:8084,warehouse-go:8084,2026-06-23 14:36:20,2026-06-23T09:06:20Z,1782205580,ramp_3,1020.0,0.00034211367479408704,{}
6,B,Garbage Collection Pauses (Java vs Go),java_order,java,order,inventory-go-twin:9082,inventory-go-twin:9082,2026-06-23 14:36:35,2026-06-23T09:06:35Z,1782205595,ramp_3,1035.0,1.0810560192003287e-06,{}
6,B,Garbage Collection Pauses (Java vs Go),java_order,java,order,order-go-twin:9083,order-go-twin:9083,2026-06-23 14:36:35,2026-06-23T09:06:35Z,1782205595,ramp_3,1035.0,8.348909090910067e-07,{}
6,B,Garbage Collection Pauses (Java vs Go),java_order,java,order,warehouse-go:8084,warehouse-go:8084,2026-06-23 14:36:35,2026-06-23T09:06:35Z,1782205595,ramp_3,1035.0,0.00035567391501972685,{}
6,B,Garbage Collection Pauses (Java vs Go),java_order,java,order,inventory-go-twin:9082,inventory-go-twin:9082,2026-06-23 14:36:50,2026-06-23T09:06:50Z,1782205610,ramp_3,1050.0,1.081036363636343e-06,{}
6,B,Garbage Collection Pauses (Java vs Go),java_order,java,order,order-go-twin:9083,order-go-twin:9083,2026-06-23 14:36:50,2026-06-23T09:06:50Z,1782205610,ramp_3,1050.0,0.0,{}
6,B,Garbage Collection Pauses (Java vs Go),java_order,java,order,warehouse-go:8084,warehouse-go:8084,2026-06-23 14:36:50,2026-06-23T09:06:50Z,1782205610,ramp_3,1050.0,0.0003821271477663234,{}
6,B,Garbage Collection Pauses (Java vs Go),java_order,java,order,inventory-go-twin:9082,inventory-go-twin:9082,2026-06-23 14:37:05,2026-06-23T09:07:05Z,1782205625,ramp_3,1065.0,2.499800000000082e-06,{}
6,B,Garbage Collection Pauses (Java vs Go),java_order,java,order,order-go-twin:9083,order-go-twin:9083,2026-06-23 14:37:05,2026-06-23T09:07:05Z,1782205625,ramp_3,1065.0,8.011418389424807e-07,{}
6,B,Garbage Collection Pauses (Java vs Go),java_order,java,order,warehouse-go:8084,warehouse-go:8084,2026-06-23 14:37:05,2026-06-23T09:07:05Z,1782205625,ramp_3,1065.0,0.0003301477999999999,{}
6,B,Garbage Collection Pauses (Java vs Go),java_order,java,order,inventory-go-twin:9082,inventory-go-twin:9082,2026-06-23 14:37:20,2026-06-23T09:07:20Z,1782205640,ramp_3,1080.0,1.4187636363637391e-06,{}
6,B,Garbage Collection Pauses (Java vs Go),java_order,java,order,order-go-twin:9083,order-go-twin:9083,2026-06-23 14:37:20,2026-06-23T09:07:20Z,1782205640,ramp_3,1080.0,8.011272727272271e-07,{}
6,B,Garbage Collection Pauses (Java vs Go),java_order,java,order,warehouse-go:8084,warehouse-go:8084,2026-06-23 14:37:20,2026-06-23T09:07:20Z,1782205640,ramp_3,1080.0,0.00023012718181818188,{}
6,B,Garbage Collection Pauses (Java vs Go),java_order,java,order,inventory-go-twin:9082,inventory-go-twin:9082,2026-06-23 14:37:35,2026-06-23T09:07:35Z,1782205655,ramp_3,1095.0,1.4187378411302642e-06,{}
6,B,Garbage Collection Pauses (Java vs Go),java_order,java,order,order-go-twin:9083,order-go-twin:9083,2026-06-23 14:37:35,2026-06-23T09:07:35Z,1782205655,ramp_3,1095.0,8.011272727272271e-07,{}
6,B,Garbage Collection Pauses (Java vs Go),java_order,java,order,warehouse-go:8084,warehouse-go:8084,2026-06-23 14:37:35,2026-06-23T09:07:35Z,1782205655,ramp_3,1095.0,0.00019486085454545432,{}
6,B,Garbage Collection Pauses (Java vs Go),java_order,java,order,inventory-go-twin:9082,inventory-go-twin:9082,2026-06-23 14:37:50,2026-06-23T09:07:50Z,1782205670,ramp_3,1110.0,1.4187636363637391e-06,{}
6,B,Garbage Collection Pauses (Java vs Go),java_order,java,order,order-go-twin:9083,order-go-twin:9083,2026-06-23 14:37:50,2026-06-23T09:07:50Z,1782205670,ramp_3,1110.0,8.011127070416446e-07,{}
6,B,Garbage Collection Pauses (Java vs Go),java_order,java,order,warehouse-go:8084,warehouse-go:8084,2026-06-23 14:37:50,2026-06-23T09:07:50Z,1782205670,ramp_3,1110.0,0.00018861210909090916,{}
6,B,Garbage Collection Pauses (Java vs Go),java_order,java,order,inventory-go-twin:9082,inventory-go-twin:9082,2026-06-23 14:38:05,2026-06-23T09:08:05Z,1782205685,ramp_3,1125.0,7.843454545454108e-07,{}
6,B,Garbage Collection Pauses (Java vs Go),java_order,java,order,order-go-twin:9083,order-go-twin:9083,2026-06-23 14:38:05,2026-06-23T09:08:05Z,1782205685,ramp_3,1125.0,6.270431446700822e-07,{}
6,B,Garbage Collection Pauses (Java vs Go),java_order,java,order,warehouse-go:8084,warehouse-go:8084,2026-06-23 14:38:05,2026-06-23T09:08:05Z,1782205685,ramp_3,1125.0,0.00019180816363636392,{}
6,B,Garbage Collection Pauses (Java vs Go),java_order,java,order,inventory-go-twin:9082,inventory-go-twin:9082,2026-06-23 14:38:20,2026-06-23T09:08:20Z,1782205700,ramp_3,1140.0,7.843454545454108e-07,{}
6,B,Garbage Collection Pauses (Java vs Go),java_order,java,order,order-go-twin:9083,order-go-twin:9083,2026-06-23 14:38:20,2026-06-23T09:08:20Z,1782205700,ramp_3,1140.0,6.270545454545307e-07,{}
6,B,Garbage Collection Pauses (Java vs Go),java_order,java,order,warehouse-go:8084,warehouse-go:8084,2026-06-23 14:38:20,2026-06-23T09:08:20Z,1782205700,ramp_3,1140.0,0.0001853684545454542,{}
6,B,Garbage Collection Pauses (Java vs Go),java_order,java,order,inventory-go-twin:9082,inventory-go-twin:9082,2026-06-23 14:38:35,2026-06-23T09:08:35Z,1782205715,ramp_3,1155.0,7.843454545454108e-07,{}
6,B,Garbage Collection Pauses (Java vs Go),java_order,java,order,order-go-twin:9083,order-go-twin:9083,2026-06-23 14:38:35,2026-06-23T09:08:35Z,1782205715,ramp_3,1155.0,6.270431446700822e-07,{}
6,B,Garbage Collection Pauses (Java vs Go),java_order,java,order,warehouse-go:8084,warehouse-go:8084,2026-06-23 14:38:35,2026-06-23T09:08:35Z,1782205715,ramp_3,1155.0,0.0001842548909090908,{}
6,B,Garbage Collection Pauses (Java vs Go),java_order,java,order,inventory-go-twin:9082,inventory-go-twin:9082,2026-06-23 14:38:50,2026-06-23T09:08:50Z,1782205730,ramp_3,1170.0,1.0653624479556368e-06,{}
6,B,Garbage Collection Pauses (Java vs Go),java_order,java,order,order-go-twin:9083,order-go-twin:9083,2026-06-23 14:38:50,2026-06-23T09:08:50Z,1782205730,ramp_3,1170.0,8.883272727272518e-07,{}
6,B,Garbage Collection Pauses (Java vs Go),java_order,java,order,warehouse-go:8084,warehouse-go:8084,2026-06-23 14:38:50,2026-06-23T09:08:50Z,1782205730,ramp_3,1170.0,0.00036669307272727296,{}
6,B,Garbage Collection Pauses (Java vs Go),java_order,java,order,inventory-go-twin:9082,inventory-go-twin:9082,2026-06-23 14:39:05,2026-06-23T09:09:05Z,1782205745,ramp_3,1185.0,1.0653818181819631e-06,{}
6,B,Garbage Collection Pauses (Java vs Go),java_order,java,order,order-go-twin:9083,order-go-twin:9083,2026-06-23 14:39:05,2026-06-23T09:09:05Z,1782205745,ramp_3,1185.0,8.883272727272518e-07,{}
6,B,Garbage Collection Pauses (Java vs Go),java_order,java,order,warehouse-go:8084,warehouse-go:8084,2026-06-23 14:39:05,2026-06-23T09:09:05Z,1782205745,ramp_3,1185.0,0.00037327914545454545,{}
6,B,Garbage Collection Pauses (Java vs Go),java_order,java,order,inventory-go-twin:9082,inventory-go-twin:9082,2026-06-23 14:39:20,2026-06-23T09:09:20Z,1782205760,sustain,1200.0,1.0653818181819631e-06,{}
6,B,Garbage Collection Pauses (Java vs Go),java_order,java,order,order-go-twin:9083,order-go-twin:9083,2026-06-23 14:39:20,2026-06-23T09:09:20Z,1782205760,sustain,1200.0,8.883111216159497e-07,{}
6,B,Garbage Collection Pauses (Java vs Go),java_order,java,order,warehouse-go:8084,warehouse-go:8084,2026-06-23 14:39:20,2026-06-23T09:09:20Z,1782205760,sustain,1200.0,0.00044454609090909057,{}
6,B,Garbage Collection Pauses (Java vs Go),java_order,java,order,inventory-go-twin:9082,inventory-go-twin:9082,2026-06-23 14:39:35,2026-06-23T09:09:35Z,1782205775,sustain,1215.0,2.3071454545452553e-06,{}
6,B,Garbage Collection Pauses (Java vs Go),java_order,java,order,order-go-twin:9083,order-go-twin:9083,2026-06-23 14:39:35,2026-06-23T09:09:35Z,1782205775,sustain,1215.0,8.883434244258778e-07,{}
6,B,Garbage Collection Pauses (Java vs Go),java_order,java,order,warehouse-go:8084,warehouse-go:8084,2026-06-23 14:39:35,2026-06-23T09:09:35Z,1782205775,sustain,1215.0,0.00031968560000000004,{}
6,B,Garbage Collection Pauses (Java vs Go),java_order,java,order,inventory-go-twin:9082,inventory-go-twin:9082,2026-06-23 14:39:50,2026-06-23T09:09:50Z,1782205790,sustain,1230.0,2.3071454545452553e-06,{}
6,B,Garbage Collection Pauses (Java vs Go),java_order,java,order,order-go-twin:9083,order-go-twin:9083,2026-06-23 14:39:50,2026-06-23T09:09:50Z,1782205790,sustain,1230.0,0.0,{}
6,B,Garbage Collection Pauses (Java vs Go),java_order,java,order,warehouse-go:8084,warehouse-go:8084,2026-06-23 14:39:50,2026-06-23T09:09:50Z,1782205790,sustain,1230.0,0.0002446908727272727,{}
6,B,Garbage Collection Pauses (Java vs Go),java_order,java,order,inventory-go-twin:9082,inventory-go-twin:9082,2026-06-23 14:40:05,2026-06-23T09:10:05Z,1782205805,sustain,1245.0,2.3071454545452553e-06,{}
6,B,Garbage Collection Pauses (Java vs Go),java_order,java,order,order-go-twin:9083,order-go-twin:9083,2026-06-23 14:40:05,2026-06-23T09:10:05Z,1782205805,sustain,1245.0,1.2410909090909188e-06,{}
6,B,Garbage Collection Pauses (Java vs Go),java_order,java,order,warehouse-go:8084,warehouse-go:8084,2026-06-23 14:40:05,2026-06-23T09:10:05Z,1782205805,sustain,1245.0,0.00023576388661612004,{}
6,B,Garbage Collection Pauses (Java vs Go),java_order,java,order,inventory-go-twin:9082,inventory-go-twin:9082,2026-06-23 14:40:20,2026-06-23T09:10:20Z,1782205820,sustain,1260.0,2.3071454545452553e-06,{}
6,B,Garbage Collection Pauses (Java vs Go),java_order,java,order,order-go-twin:9083,order-go-twin:9083,2026-06-23 14:40:20,2026-06-23T09:10:20Z,1782205820,sustain,1260.0,1.2410909090909188e-06,{}
6,B,Garbage Collection Pauses (Java vs Go),java_order,java,order,warehouse-go:8084,warehouse-go:8084,2026-06-23 14:40:20,2026-06-23T09:10:20Z,1782205820,sustain,1260.0,0.0001865019454545455,{}
6,B,Garbage Collection Pauses (Java vs Go),java_order,java,order,inventory-go-twin:9082,inventory-go-twin:9082,2026-06-23 14:40:35,2026-06-23T09:10:35Z,1782205835,sustain,1275.0,1.3793090909092702e-06,{}
6,B,Garbage Collection Pauses (Java vs Go),java_order,java,order,order-go-twin:9083,order-go-twin:9083,2026-06-23 14:40:35,2026-06-23T09:10:35Z,1782205835,sustain,1275.0,1.2410909090909188e-06,{}
6,B,Garbage Collection Pauses (Java vs Go),java_order,java,order,warehouse-go:8084,warehouse-go:8084,2026-06-23 14:40:35,2026-06-23T09:10:35Z,1782205835,sustain,1275.0,0.00021340072727272735,{}
6,B,Garbage Collection Pauses (Java vs Go),java_order,java,order,inventory-go-twin:9082,inventory-go-twin:9082,2026-06-23 14:40:50,2026-06-23T09:10:50Z,1782205850,sustain,1290.0,1.379334169712356e-06,{}
6,B,Garbage Collection Pauses (Java vs Go),java_order,java,order,order-go-twin:9083,order-go-twin:9083,2026-06-23 14:40:50,2026-06-23T09:10:50Z,1782205850,sustain,1290.0,0.0,{}
6,B,Garbage Collection Pauses (Java vs Go),java_order,java,order,warehouse-go:8084,warehouse-go:8084,2026-06-23 14:40:50,2026-06-23T09:10:50Z,1782205850,sustain,1290.0,0.00021314827272727243,{}
6,B,Garbage Collection Pauses (Java vs Go),java_order,java,order,inventory-go-twin:9082,inventory-go-twin:9082,2026-06-23 14:41:05,2026-06-23T09:11:05Z,1782205865,sustain,1305.0,2.705550808167129e-06,{}
6,B,Garbage Collection Pauses (Java vs Go),java_order,java,order,order-go-twin:9083,order-go-twin:9083,2026-06-23 14:41:05,2026-06-23T09:11:05Z,1782205865,sustain,1305.0,5.875090909092005e-07,{}
6,B,Garbage Collection Pauses (Java vs Go),java_order,java,order,warehouse-go:8084,warehouse-go:8084,2026-06-23 14:41:05,2026-06-23T09:11:05Z,1782205865,sustain,1305.0,0.00021866612727272687,{}
6,B,Garbage Collection Pauses (Java vs Go),java_order,java,order,inventory-go-twin:9082,inventory-go-twin:9082,2026-06-23 14:41:20,2026-06-23T09:11:20Z,1782205880,sustain,1320.0,1.3262909090907347e-06,{}
6,B,Garbage Collection Pauses (Java vs Go),java_order,java,order,order-go-twin:9083,order-go-twin:9083,2026-06-23 14:41:20,2026-06-23T09:11:20Z,1782205880,sustain,1320.0,5.875090909092005e-07,{}
6,B,Garbage Collection Pauses (Java vs Go),java_order,java,order,warehouse-go:8084,warehouse-go:8084,2026-06-23 14:41:20,2026-06-23T09:11:20Z,1782205880,sustain,1320.0,0.00026793852727272685,{}
6,B,Garbage Collection Pauses (Java vs Go),java_order,java,order,inventory-go-twin:9082,inventory-go-twin:9082,2026-06-23 14:41:35,2026-06-23T09:11:35Z,1782205895,sustain,1335.0,1.3262909090907347e-06,{}
6,B,Garbage Collection Pauses (Java vs Go),java_order,java,order,order-go-twin:9083,order-go-twin:9083,2026-06-23 14:41:35,2026-06-23T09:11:35Z,1782205895,sustain,1335.0,5.874984091199438e-07,{}
6,B,Garbage Collection Pauses (Java vs Go),java_order,java,order,warehouse-go:8084,warehouse-go:8084,2026-06-23 14:41:35,2026-06-23T09:11:35Z,1782205895,sustain,1335.0,0.00022558178181818184,{}
6,B,Garbage Collection Pauses (Java vs Go),java_order,java,order,inventory-go-twin:9082,inventory-go-twin:9082,2026-06-23 14:41:50,2026-06-23T09:11:50Z,1782205910,sustain,1350.0,1.962818181818053e-06,{}
6,B,Garbage Collection Pauses (Java vs Go),java_order,java,order,order-go-twin:9083,order-go-twin:9083,2026-06-23 14:41:50,2026-06-23T09:11:50Z,1782205910,sustain,1350.0,5.874984091199438e-07,{}
6,B,Garbage Collection Pauses (Java vs Go),java_order,java,order,warehouse-go:8084,warehouse-go:8084,2026-06-23 14:41:50,2026-06-23T09:11:50Z,1782205910,sustain,1350.0,0.0002455026636847942,{}
6,B,Garbage Collection Pauses (Java vs Go),java_order,java,order,inventory-go-twin:9082,inventory-go-twin:9082,2026-06-23 14:42:05,2026-06-23T09:12:05Z,1782205925,sustain,1365.0,6.36538846160885e-07,{}
6,B,Garbage Collection Pauses (Java vs Go),java_order,java,order,order-go-twin:9083,order-go-twin:9083,2026-06-23 14:42:05,2026-06-23T09:12:05Z,1782205925,sustain,1365.0,6.0458727272727495e-06,{}
6,B,Garbage Collection Pauses (Java vs Go),java_order,java,order,warehouse-go:8084,warehouse-go:8084,2026-06-23 14:42:05,2026-06-23T09:12:05Z,1782205925,sustain,1365.0,0.00020809934545454575,{}
6,B,Garbage Collection Pauses (Java vs Go),java_order,java,order,inventory-go-twin:9082,inventory-go-twin:9082,2026-06-23 14:42:20,2026-06-23T09:12:20Z,1782205940,sustain,1380.0,6.365272727273183e-07,{}
6,B,Garbage Collection Pauses (Java vs Go),java_order,java,order,order-go-twin:9083,order-go-twin:9083,2026-06-23 14:42:20,2026-06-23T09:12:20Z,1782205940,sustain,1380.0,6.0458727272727495e-06,{}
6,B,Garbage Collection Pauses (Java vs Go),java_order,java,order,warehouse-go:8084,warehouse-go:8084,2026-06-23 14:42:20,2026-06-23T09:12:20Z,1782205940,sustain,1380.0,0.00017899225454545445,{}
6,B,Garbage Collection Pauses (Java vs Go),java_order,java,order,inventory-go-twin:9082,inventory-go-twin:9082,2026-06-23 14:42:35,2026-06-23T09:12:35Z,1782205955,sustain,1395.0,2.0572545454546694e-06,{}
6,B,Garbage Collection Pauses (Java vs Go),java_order,java,order,order-go-twin:9083,order-go-twin:9083,2026-06-23 14:42:35,2026-06-23T09:12:35Z,1782205955,sustain,1395.0,6.0458727272727495e-06,{}
6,B,Garbage Collection Pauses (Java vs Go),java_order,java,order,warehouse-go:8084,warehouse-go:8084,2026-06-23 14:42:35,2026-06-23T09:12:35Z,1782205955,sustain,1395.0,0.00023634553917201495,{}
6,B,Garbage Collection Pauses (Java vs Go),java_order,java,order,inventory-go-twin:9082,inventory-go-twin:9082,2026-06-23 14:42:50,2026-06-23T09:12:50Z,1782205970,sustain,1410.0,1.420727272727351e-06,{}
6,B,Garbage Collection Pauses (Java vs Go),java_order,java,order,order-go-twin:9083,order-go-twin:9083,2026-06-23 14:42:50,2026-06-23T09:12:50Z,1782205970,sustain,1410.0,7.202959946181305e-07,{}
6,B,Garbage Collection Pauses (Java vs Go),java_order,java,order,warehouse-go:8084,warehouse-go:8084,2026-06-23 14:42:50,2026-06-23T09:12:50Z,1782205970,sustain,1410.0,0.0002880712350684538,{}
6,B,Garbage Collection Pauses (Java vs Go),java_order,java,order,inventory-go-twin:9082,inventory-go-twin:9082,2026-06-23 14:43:05,2026-06-23T09:13:05Z,1782205985,sustain,1425.0,1.420727272727351e-06,{}
6,B,Garbage Collection Pauses (Java vs Go),java_order,java,order,order-go-twin:9083,order-go-twin:9083,2026-06-23 14:43:05,2026-06-23T09:13:05Z,1782205985,sustain,1425.0,7.203090909089417e-07,{}
6,B,Garbage Collection Pauses (Java vs Go),java_order,java,order,warehouse-go:8084,warehouse-go:8084,2026-06-23 14:43:05,2026-06-23T09:13:05Z,1782205985,sustain,1425.0,0.0003268113783886985,{}
6,B,Garbage Collection Pauses (Java vs Go),java_order,java,order,inventory-go-twin:9082,inventory-go-twin:9082,2026-06-23 14:43:20,2026-06-23T09:13:20Z,1782206000,sustain,1440.0,2.575218181818182e-06,{}
6,B,Garbage Collection Pauses (Java vs Go),java_order,java,order,order-go-twin:9083,order-go-twin:9083,2026-06-23 14:43:20,2026-06-23T09:13:20Z,1782206000,sustain,1440.0,7.202959946181305e-07,{}
6,B,Garbage Collection Pauses (Java vs Go),java_order,java,order,warehouse-go:8084,warehouse-go:8084,2026-06-23 14:43:20,2026-06-23T09:13:20Z,1782206000,sustain,1440.0,0.00029624983636363585,{}
6,B,Garbage Collection Pauses (Java vs Go),java_order,java,order,inventory-go-twin:9082,inventory-go-twin:9082,2026-06-23 14:43:35,2026-06-23T09:13:35Z,1782206015,sustain,1455.0,1.1544909090908308e-06,{}
6,B,Garbage Collection Pauses (Java vs Go),java_order,java,order,order-go-twin:9083,order-go-twin:9083,2026-06-23 14:43:35,2026-06-23T09:13:35Z,1782206015,sustain,1455.0,7.203090909089417e-07,{}
6,B,Garbage Collection Pauses (Java vs Go),java_order,java,order,warehouse-go:8084,warehouse-go:8084,2026-06-23 14:43:35,2026-06-23T09:13:35Z,1782206015,sustain,1455.0,0.00020563659999999913,{}
6,B,Garbage Collection Pauses (Java vs Go),java_order,java,order,inventory-go-twin:9082,inventory-go-twin:9082,2026-06-23 14:43:50,2026-06-23T09:13:50Z,1782206030,sustain,1470.0,2.135309090909007e-06,{}
6,B,Garbage Collection Pauses (Java vs Go),java_order,java,order,order-go-twin:9083,order-go-twin:9083,2026-06-23 14:43:50,2026-06-23T09:13:50Z,1782206030,sustain,1470.0,0.0,{}
6,B,Garbage Collection Pauses (Java vs Go),java_order,java,order,warehouse-go:8084,warehouse-go:8084,2026-06-23 14:43:50,2026-06-23T09:13:50Z,1782206030,sustain,1470.0,0.00021041783636363602,{}
6,B,Garbage Collection Pauses (Java vs Go),java_order,java,order,inventory-go-twin:9082,inventory-go-twin:9082,2026-06-23 14:44:05,2026-06-23T09:14:05Z,1782206045,sustain,1485.0,2.135309090909007e-06,{}
6,B,Garbage Collection Pauses (Java vs Go),java_order,java,order,order-go-twin:9083,order-go-twin:9083,2026-06-23 14:44:05,2026-06-23T09:14:05Z,1782206045,sustain,1485.0,1.068126034072312e-06,{}
6,B,Garbage Collection Pauses (Java vs Go),java_order,java,order,warehouse-go:8084,warehouse-go:8084,2026-06-23 14:44:05,2026-06-23T09:14:05Z,1782206045,sustain,1485.0,0.00018171939489808897,{}
6,B,Garbage Collection Pauses (Java vs Go),java_order,java,order,inventory-go-twin:9082,inventory-go-twin:9082,2026-06-23 14:44:20,2026-06-23T09:14:20Z,1782206060,sustain,1500.0,9.80818181818176e-07,{}
6,B,Garbage Collection Pauses (Java vs Go),java_order,java,order,order-go-twin:9083,order-go-twin:9083,2026-06-23 14:44:20,2026-06-23T09:14:20Z,1782206060,sustain,1500.0,1.068126034072312e-06,{}
6,B,Garbage Collection Pauses (Java vs Go),java_order,java,order,warehouse-go:8084,warehouse-go:8084,2026-06-23 14:44:20,2026-06-23T09:14:20Z,1782206060,sustain,1500.0,0.00020832913947019144,{}
6,B,Garbage Collection Pauses (Java vs Go),java_order,java,order,inventory-go-twin:9082,inventory-go-twin:9082,2026-06-23 14:44:35,2026-06-23T09:14:35Z,1782206075,sustain,1515.0,2.0633806658062365e-06,{}
6,B,Garbage Collection Pauses (Java vs Go),java_order,java,order,order-go-twin:9083,order-go-twin:9083,2026-06-23 14:44:35,2026-06-23T09:14:35Z,1782206075,sustain,1515.0,1.0681454545456587e-06,{}
6,B,Garbage Collection Pauses (Java vs Go),java_order,java,order,warehouse-go:8084,warehouse-go:8084,2026-06-23 14:44:35,2026-06-23T09:14:35Z,1782206075,sustain,1515.0,0.00021924989090909108,{}
6,B,Garbage Collection Pauses (Java vs Go),java_order,java,order,inventory-go-twin:9082,inventory-go-twin:9082,2026-06-23 14:44:50,2026-06-23T09:14:50Z,1782206090,sustain,1530.0,1.0826000000001656e-06,{}
6,B,Garbage Collection Pauses (Java vs Go),java_order,java,order,order-go-twin:9083,order-go-twin:9083,2026-06-23 14:44:50,2026-06-23T09:14:50Z,1782206090,sustain,1530.0,1.068126034072312e-06,{}
6,B,Garbage Collection Pauses (Java vs Go),java_order,java,order,warehouse-go:8084,warehouse-go:8084,2026-06-23 14:44:50,2026-06-23T09:14:50Z,1782206090,sustain,1530.0,0.0002580266181818179,{}
6,B,Garbage Collection Pauses (Java vs Go),java_order,java,order,inventory-go-twin:9082,inventory-go-twin:9082,2026-06-23 14:45:05,2026-06-23T09:15:05Z,1782206105,sustain,1545.0,1.0826000000001656e-06,{}
6,B,Garbage Collection Pauses (Java vs Go),java_order,java,order,order-go-twin:9083,order-go-twin:9083,2026-06-23 14:45:05,2026-06-23T09:15:05Z,1782206105,sustain,1545.0,0.0,{}
6,B,Garbage Collection Pauses (Java vs Go),java_order,java,order,warehouse-go:8084,warehouse-go:8084,2026-06-23 14:45:05,2026-06-23T09:15:05Z,1782206105,sustain,1545.0,0.0003291932363636371,{}
6,B,Garbage Collection Pauses (Java vs Go),java_order,java,order,inventory-go-twin:9082,inventory-go-twin:9082,2026-06-23 14:45:20,2026-06-23T09:15:20Z,1782206120,sustain,1560.0,1.0826000000001656e-06,{}
6,B,Garbage Collection Pauses (Java vs Go),java_order,java,order,order-go-twin:9083,order-go-twin:9083,2026-06-23 14:45:20,2026-06-23T09:15:20Z,1782206120,sustain,1560.0,8.716885761558441e-07,{}
6,B,Garbage Collection Pauses (Java vs Go),java_order,java,order,warehouse-go:8084,warehouse-go:8084,2026-06-23 14:45:20,2026-06-23T09:15:20Z,1782206120,sustain,1560.0,0.00032149538181818204,{}
6,B,Garbage Collection Pauses (Java vs Go),java_order,java,order,inventory-go-twin:9082,inventory-go-twin:9082,2026-06-23 14:45:35,2026-06-23T09:15:35Z,1782206135,sustain,1575.0,1.3877999999999997e-06,{}
6,B,Garbage Collection Pauses (Java vs Go),java_order,java,order,order-go-twin:9083,order-go-twin:9083,2026-06-23 14:45:35,2026-06-23T09:15:35Z,1782206135,sustain,1575.0,8.716727272726412e-07,{}
6,B,Garbage Collection Pauses (Java vs Go),java_order,java,order,warehouse-go:8084,warehouse-go:8084,2026-06-23 14:45:35,2026-06-23T09:15:35Z,1782206135,sustain,1575.0,0.00034743907272727256,{}
6,B,Garbage Collection Pauses (Java vs Go),java_order,java,order,inventory-go-twin:9082,inventory-go-twin:9082,2026-06-23 14:45:50,2026-06-23T09:15:50Z,1782206150,sustain,1590.0,1.3877999999999997e-06,{}
6,B,Garbage Collection Pauses (Java vs Go),java_order,java,order,order-go-twin:9083,order-go-twin:9083,2026-06-23 14:45:50,2026-06-23T09:15:50Z,1782206150,sustain,1590.0,8.716568789657509e-07,{}
6,B,Garbage Collection Pauses (Java vs Go),java_order,java,order,warehouse-go:8084,warehouse-go:8084,2026-06-23 14:45:50,2026-06-23T09:15:50Z,1782206150,sustain,1590.0,0.0003625137366133927,{}
6,B,Garbage Collection Pauses (Java vs Go),java_order,java,order,inventory-go-twin:9082,inventory-go-twin:9082,2026-06-23 14:46:05,2026-06-23T09:16:05Z,1782206165,sustain,1605.0,1.3877999999999997e-06,{}
6,B,Garbage Collection Pauses (Java vs Go),java_order,java,order,order-go-twin:9083,order-go-twin:9083,2026-06-23 14:46:05,2026-06-23T09:16:05Z,1782206165,sustain,1605.0,0.0,{}
6,B,Garbage Collection Pauses (Java vs Go),java_order,java,order,warehouse-go:8084,warehouse-go:8084,2026-06-23 14:46:05,2026-06-23T09:16:05Z,1782206165,sustain,1605.0,0.0003086497572683143,{}
6,B,Garbage Collection Pauses (Java vs Go),java_order,java,order,inventory-go-twin:9082,inventory-go-twin:9082,2026-06-23 14:46:20,2026-06-23T09:16:20Z,1782206180,sustain,1620.0,7.966545454543308e-07,{}
6,B,Garbage Collection Pauses (Java vs Go),java_order,java,order,order-go-twin:9083,order-go-twin:9083,2026-06-23 14:46:20,2026-06-23T09:16:20Z,1782206180,sustain,1620.0,1.3027272727271372e-06,{}
6,B,Garbage Collection Pauses (Java vs Go),java_order,java,order,warehouse-go:8084,warehouse-go:8084,2026-06-23 14:46:20,2026-06-23T09:16:20Z,1782206180,sustain,1620.0,0.00030564867272727265,{}
6,B,Garbage Collection Pauses (Java vs Go),java_order,java,order,inventory-go-twin:9082,inventory-go-twin:9082,2026-06-23 14:46:35,2026-06-23T09:16:35Z,1782206195,sustain,1635.0,7.966545454543308e-07,{}
6,B,Garbage Collection Pauses (Java vs Go),java_order,java,order,order-go-twin:9083,order-go-twin:9083,2026-06-23 14:46:35,2026-06-23T09:16:35Z,1782206195,sustain,1635.0,1.30270358720737e-06,{}
6,B,Garbage Collection Pauses (Java vs Go),java_order,java,order,warehouse-go:8084,warehouse-go:8084,2026-06-23 14:46:35,2026-06-23T09:16:35Z,1782206195,sustain,1635.0,0.0002727963962981138,{}
6,B,Garbage Collection Pauses (Java vs Go),java_order,java,order,inventory-go-twin:9082,inventory-go-twin:9082,2026-06-23 14:46:50,2026-06-23T09:16:50Z,1782206210,sustain,1650.0,7.966400610895838e-07,{}
6,B,Garbage Collection Pauses (Java vs Go),java_order,java,order,order-go-twin:9083,order-go-twin:9083,2026-06-23 14:46:50,2026-06-23T09:16:50Z,1782206210,sustain,1650.0,1.3027272727271372e-06,{}
6,B,Garbage Collection Pauses (Java vs Go),java_order,java,order,warehouse-go:8084,warehouse-go:8084,2026-06-23 14:46:50,2026-06-23T09:16:50Z,1782206210,sustain,1650.0,0.00023936316363636355,{}
6,B,Garbage Collection Pauses (Java vs Go),java_order,java,order,inventory-go-twin:9082,inventory-go-twin:9082,2026-06-23 14:47:05,2026-06-23T09:17:05Z,1782206225,sustain,1665.0,1.0652351775424384e-06,{}
6,B,Garbage Collection Pauses (Java vs Go),java_order,java,order,order-go-twin:9083,order-go-twin:9083,2026-06-23 14:47:05,2026-06-23T09:17:05Z,1782206225,sustain,1665.0,1.3027509591082122e-06,{}
6,B,Garbage Collection Pauses (Java vs Go),java_order,java,order,warehouse-go:8084,warehouse-go:8084,2026-06-23 14:47:05,2026-06-23T09:17:05Z,1782206225,sustain,1665.0,0.0002987750545454546,{}
6,B,Garbage Collection Pauses (Java vs Go),java_order,java,order,inventory-go-twin:9082,inventory-go-twin:9082,2026-06-23 14:47:20,2026-06-23T09:17:20Z,1782206240,sustain,1680.0,1.0652545454547573e-06,{}
6,B,Garbage Collection Pauses (Java vs Go),java_order,java,order,order-go-twin:9083,order-go-twin:9083,2026-06-23 14:47:20,2026-06-23T09:17:20Z,1782206240,sustain,1680.0,8.761658878930112e-07,{}
6,B,Garbage Collection Pauses (Java vs Go),java_order,java,order,warehouse-go:8084,warehouse-go:8084,2026-06-23 14:47:20,2026-06-23T09:17:20Z,1782206240,sustain,1680.0,0.0003361480390552555,{}
6,B,Garbage Collection Pauses (Java vs Go),java_order,java,order,inventory-go-twin:9082,inventory-go-twin:9082,2026-06-23 14:47:35,2026-06-23T09:17:35Z,1782206255,sustain,1695.0,1.0652545454547573e-06,{}
6,B,Garbage Collection Pauses (Java vs Go),java_order,java,order,order-go-twin:9083,order-go-twin:9083,2026-06-23 14:47:35,2026-06-23T09:17:35Z,1782206255,sustain,1695.0,8.761658878930112e-07,{}
6,B,Garbage Collection Pauses (Java vs Go),java_order,java,order,warehouse-go:8084,warehouse-go:8084,2026-06-23 14:47:35,2026-06-23T09:17:35Z,1782206255,sustain,1695.0,0.0002996655575555925,{}
6,B,Garbage Collection Pauses (Java vs Go),java_order,java,order,inventory-go-twin:9082,inventory-go-twin:9082,2026-06-23 14:47:50,2026-06-23T09:17:50Z,1782206270,sustain,1710.0,9.89472918674177e-07,{}
6,B,Garbage Collection Pauses (Java vs Go),java_order,java,order,order-go-twin:9083,order-go-twin:9083,2026-06-23 14:47:50,2026-06-23T09:17:50Z,1782206270,sustain,1710.0,8.761818181818819e-07,{}
6,B,Garbage Collection Pauses (Java vs Go),java_order,java,order,warehouse-go:8084,warehouse-go:8084,2026-06-23 14:47:50,2026-06-23T09:17:50Z,1782206270,sustain,1710.0,0.00031660189090909114,{}
6,B,Garbage Collection Pauses (Java vs Go),java_order,java,order,inventory-go-twin:9082,inventory-go-twin:9082,2026-06-23 14:48:05,2026-06-23T09:18:05Z,1782206285,sustain,1725.0,9.895089001617925e-07,{}
6,B,Garbage Collection Pauses (Java vs Go),java_order,java,order,order-go-twin:9083,order-go-twin:9083,2026-06-23 14:48:05,2026-06-23T09:18:05Z,1782206285,sustain,1725.0,1.5235004272804912e-06,{}
6,B,Garbage Collection Pauses (Java vs Go),java_order,java,order,warehouse-go:8084,warehouse-go:8084,2026-06-23 14:48:05,2026-06-23T09:18:05Z,1782206285,sustain,1725.0,0.0002754188363636359,{}
6,B,Garbage Collection Pauses (Java vs Go),java_order,java,order,inventory-go-twin:9082,inventory-go-twin:9082,2026-06-23 14:48:20,2026-06-23T09:18:20Z,1782206300,sustain,1740.0,9.894909090908802e-07,{}
6,B,Garbage Collection Pauses (Java vs Go),java_order,java,order,order-go-twin:9083,order-go-twin:9083,2026-06-23 14:48:20,2026-06-23T09:18:20Z,1782206300,sustain,1740.0,6.472791403791971e-07,{}
6,B,Garbage Collection Pauses (Java vs Go),java_order,java,order,warehouse-go:8084,warehouse-go:8084,2026-06-23 14:48:20,2026-06-23T09:18:20Z,1782206300,sustain,1740.0,0.00027640392727272707,{}
6,B,Garbage Collection Pauses (Java vs Go),java_order,java,order,inventory-go-twin:9082,inventory-go-twin:9082,2026-06-23 14:48:35,2026-06-23T09:18:35Z,1782206315,sustain,1755.0,1.3545999999998119e-06,{}
6,B,Garbage Collection Pauses (Java vs Go),java_order,java,order,order-go-twin:9083,order-go-twin:9083,2026-06-23 14:48:35,2026-06-23T09:18:35Z,1782206315,sustain,1755.0,6.472791403791971e-07,{}
6,B,Garbage Collection Pauses (Java vs Go),java_order,java,order,warehouse-go:8084,warehouse-go:8084,2026-06-23 14:48:35,2026-06-23T09:18:35Z,1782206315,sustain,1755.0,0.0002590230541262888,{}
6,B,Garbage Collection Pauses (Java vs Go),java_order,java,order,inventory-go-twin:9082,inventory-go-twin:9082,2026-06-23 14:48:50,2026-06-23T09:18:50Z,1782206330,sustain,1770.0,1.3545999999998119e-06,{}
6,B,Garbage Collection Pauses (Java vs Go),java_order,java,order,order-go-twin:9083,order-go-twin:9083,2026-06-23 14:48:50,2026-06-23T09:18:50Z,1782206330,sustain,1770.0,6.472791403791971e-07,{}
6,B,Garbage Collection Pauses (Java vs Go),java_order,java,order,warehouse-go:8084,warehouse-go:8084,2026-06-23 14:48:50,2026-06-23T09:18:50Z,1782206330,sustain,1770.0,0.0002216461818181823,{}
6,B,Garbage Collection Pauses (Java vs Go),java_order,java,order,inventory-go-twin:9082,inventory-go-twin:9082,2026-06-23 14:49:05,2026-06-23T09:19:05Z,1782206345,sustain,1785.0,2.3715454545454215e-06,{}
6,B,Garbage Collection Pauses (Java vs Go),java_order,java,order,order-go-twin:9083,order-go-twin:9083,2026-06-23 14:49:05,2026-06-23T09:19:05Z,1782206345,sustain,1785.0,8.692569226015752e-07,{}
6,B,Garbage Collection Pauses (Java vs Go),java_order,java,order,warehouse-go:8084,warehouse-go:8084,2026-06-23 14:49:05,2026-06-23T09:19:05Z,1782206345,sustain,1785.0,0.00017638529791450718,{}
6,B,Garbage Collection Pauses (Java vs Go),java_order,java,order,inventory-go-twin:9082,inventory-go-twin:9082,2026-06-23 14:49:20,2026-06-23T09:19:20Z,1782206360,cooldown,1800.0,1.0169454545456096e-06,{}
6,B,Garbage Collection Pauses (Java vs Go),java_order,java,order,order-go-twin:9083,order-go-twin:9083,2026-06-23 14:49:20,2026-06-23T09:19:20Z,1782206360,cooldown,1800.0,8.692885325189411e-07,{}
6,B,Garbage Collection Pauses (Java vs Go),java_order,java,order,warehouse-go:8084,warehouse-go:8084,2026-06-23 14:49:20,2026-06-23T09:19:20Z,1782206360,cooldown,1800.0,0.00018069900547262687,{}
6,B,Garbage Collection Pauses (Java vs Go),java_order,java,order,inventory-go-twin:9082,inventory-go-twin:9082,2026-06-23 14:49:35,2026-06-23T09:19:35Z,1782206375,cooldown,1815.0,2.8093852839040334e-06,{}
6,B,Garbage Collection Pauses (Java vs Go),java_order,java,order,order-go-twin:9083,order-go-twin:9083,2026-06-23 14:49:35,2026-06-23T09:19:35Z,1782206375,cooldown,1815.0,8.692885325189411e-07,{}
6,B,Garbage Collection Pauses (Java vs Go),java_order,java,order,warehouse-go:8084,warehouse-go:8084,2026-06-23 14:49:35,2026-06-23T09:19:35Z,1782206375,cooldown,1815.0,0.00018592,{}
6,B,Garbage Collection Pauses (Java vs Go),java_order,java,order,inventory-go-twin:9082,inventory-go-twin:9082,2026-06-23 14:49:50,2026-06-23T09:19:50Z,1782206390,cooldown,1830.0,1.7925235004272298e-06,{}
6,B,Garbage Collection Pauses (Java vs Go),java_order,java,order,order-go-twin:9083,order-go-twin:9083,2026-06-23 14:49:50,2026-06-23T09:19:50Z,1782206390,cooldown,1830.0,2.275236363636559e-06,{}
6,B,Garbage Collection Pauses (Java vs Go),java_order,java,order,warehouse-go:8084,warehouse-go:8084,2026-06-23 14:49:50,2026-06-23T09:19:50Z,1782206390,cooldown,1830.0,0.00029180845454545424,{}
6,B,Garbage Collection Pauses (Java vs Go),java_order,java,order,inventory-go-twin:9082,inventory-go-twin:9082,2026-06-23 14:50:05,2026-06-23T09:20:05Z,1782206405,cooldown,1845.0,1.7924909090908582e-06,{}
6,B,Garbage Collection Pauses (Java vs Go),java_order,java,order,order-go-twin:9083,order-go-twin:9083,2026-06-23 14:50:05,2026-06-23T09:20:05Z,1782206405,cooldown,1845.0,1.4059636363636636e-06,{}
6,B,Garbage Collection Pauses (Java vs Go),java_order,java,order,warehouse-go:8084,warehouse-go:8084,2026-06-23 14:50:05,2026-06-23T09:20:05Z,1782206405,cooldown,1845.0,0.000285780727272728,{}
6,B,Garbage Collection Pauses (Java vs Go),java_order,java,order,inventory-go-twin:9082,inventory-go-twin:9082,2026-06-23 14:50:20,2026-06-23T09:20:20Z,1782206420,cooldown,1860.0,2.8833818181818585e-06,{}
6,B,Garbage Collection Pauses (Java vs Go),java_order,java,order,order-go-twin:9083,order-go-twin:9083,2026-06-23 14:50:20,2026-06-23T09:20:20Z,1782206420,cooldown,1860.0,1.4059636363636636e-06,{}
6,B,Garbage Collection Pauses (Java vs Go),java_order,java,order,warehouse-go:8084,warehouse-go:8084,2026-06-23 14:50:20,2026-06-23T09:20:20Z,1782206420,cooldown,1860.0,0.00028236528426755955,{}
6,B,Garbage Collection Pauses (Java vs Go),java_order,java,order,inventory-go-twin:9082,inventory-go-twin:9082,2026-06-23 14:50:35,2026-06-23T09:20:35Z,1782206435,cooldown,1875.0,1.0908909090910003e-06,{}
6,B,Garbage Collection Pauses (Java vs Go),java_order,java,order,order-go-twin:9083,order-go-twin:9083,2026-06-23 14:50:35,2026-06-23T09:20:35Z,1782206435,cooldown,1875.0,1.4059380738532302e-06,{}
6,B,Garbage Collection Pauses (Java vs Go),java_order,java,order,warehouse-go:8084,warehouse-go:8084,2026-06-23 14:50:35,2026-06-23T09:20:35Z,1782206435,cooldown,1875.0,0.0002788739636363643,{}
6,B,Garbage Collection Pauses (Java vs Go),java_order,java,order,inventory-go-twin:9082,inventory-go-twin:9082,2026-06-23 14:50:50,2026-06-23T09:20:50Z,1782206450,cooldown,1890.0,1.0908909090910003e-06,{}
6,B,Garbage Collection Pauses (Java vs Go),java_order,java,order,order-go-twin:9083,order-go-twin:9083,2026-06-23 14:50:50,2026-06-23T09:20:50Z,1782206450,cooldown,1890.0,0.0,{}
6,B,Garbage Collection Pauses (Java vs Go),java_order,java,order,warehouse-go:8084,warehouse-go:8084,2026-06-23 14:50:50,2026-06-23T09:20:50Z,1782206450,cooldown,1890.0,0.00030577203221876764,{}
6,B,Garbage Collection Pauses (Java vs Go),java_order,java,order,inventory-go-twin:9082,inventory-go-twin:9082,2026-06-23 14:51:05,2026-06-23T09:21:05Z,1782206465,cooldown,1905.0,1.0908909090910003e-06,{}
6,B,Garbage Collection Pauses (Java vs Go),java_order,java,order,order-go-twin:9083,order-go-twin:9083,2026-06-23 14:51:05,2026-06-23T09:21:05Z,1782206465,cooldown,1905.0,9.1792876493158e-07,{}
6,B,Garbage Collection Pauses (Java vs Go),java_order,java,order,warehouse-go:8084,warehouse-go:8084,2026-06-23 14:51:05,2026-06-23T09:21:05Z,1782206465,cooldown,1905.0,0.00028463980654897187,{}
6,B,Garbage Collection Pauses (Java vs Go),java_order,java,order,inventory-go-twin:9082,inventory-go-twin:9082,2026-06-23 14:51:20,2026-06-23T09:21:20Z,1782206480,cooldown,1920.0,9.575280449445176e-07,{}
6,B,Garbage Collection Pauses (Java vs Go),java_order,java,order,order-go-twin:9083,order-go-twin:9083,2026-06-23 14:51:20,2026-06-23T09:21:20Z,1782206480,cooldown,1920.0,9.179454545454879e-07,{}
6,B,Garbage Collection Pauses (Java vs Go),java_order,java,order,warehouse-go:8084,warehouse-go:8084,2026-06-23 14:51:20,2026-06-23T09:21:20Z,1782206480,cooldown,1920.0,0.00027489432727272734,{}
6,B,Garbage Collection Pauses (Java vs Go),java_order,java,order,inventory-go-twin:9082,inventory-go-twin:9082,2026-06-23 14:51:35,2026-06-23T09:21:35Z,1782206495,cooldown,1935.0,9.575454545453347e-07,{}
6,B,Garbage Collection Pauses (Java vs Go),java_order,java,order,order-go-twin:9083,order-go-twin:9083,2026-06-23 14:51:35,2026-06-23T09:21:35Z,1782206495,cooldown,1935.0,9.179454545454879e-07,{}
6,B,Garbage Collection Pauses (Java vs Go),java_order,java,order,warehouse-go:8084,warehouse-go:8084,2026-06-23 14:51:35,2026-06-23T09:21:35Z,1782206495,cooldown,1935.0,0.0004014135197541862,{}
6,B,Garbage Collection Pauses (Java vs Go),java_order,java,order,inventory-go-twin:9082,inventory-go-twin:9082,2026-06-23 14:51:50,2026-06-23T09:21:50Z,1782206510,cooldown,1950.0,9.575454545453347e-07,{}
6,B,Garbage Collection Pauses (Java vs Go),java_order,java,order,order-go-twin:9083,order-go-twin:9083,2026-06-23 14:51:50,2026-06-23T09:21:50Z,1782206510,cooldown,1950.0,1.0241640757103653e-06,{}
6,B,Garbage Collection Pauses (Java vs Go),java_order,java,order,warehouse-go:8084,warehouse-go:8084,2026-06-23 14:51:50,2026-06-23T09:21:50Z,1782206510,cooldown,1950.0,0.0002588860888379789,{}
6,B,Garbage Collection Pauses (Java vs Go),java_order,java,order,inventory-go-twin:9082,inventory-go-twin:9082,2026-06-23 14:52:05,2026-06-23T09:22:05Z,1782206525,cooldown,1965.0,8.347818181817209e-07,{}
6,B,Garbage Collection Pauses (Java vs Go),java_order,java,order,order-go-twin:9083,order-go-twin:9083,2026-06-23 14:52:05,2026-06-23T09:22:05Z,1782206525,cooldown,1965.0,1.0241268340574604e-06,{}
6,B,Garbage Collection Pauses (Java vs Go),java_order,java,order,warehouse-go:8084,warehouse-go:8084,2026-06-23 14:52:05,2026-06-23T09:22:05Z,1782206525,cooldown,1965.0,0.00029535623636363687,{}
6,B,Garbage Collection Pauses (Java vs Go),java_order,java,order,inventory-go-twin:9082,inventory-go-twin:9082,2026-06-23 14:52:20,2026-06-23T09:22:20Z,1782206540,cooldown,1980.0,8.347818181817209e-07,{}
6,B,Garbage Collection Pauses (Java vs Go),java_order,java,order,order-go-twin:9083,order-go-twin:9083,2026-06-23 14:52:20,2026-06-23T09:22:20Z,1782206540,cooldown,1980.0,1.0241454545453524e-06,{}
6,B,Garbage Collection Pauses (Java vs Go),java_order,java,order,warehouse-go:8084,warehouse-go:8084,2026-06-23 14:52:20,2026-06-23T09:22:20Z,1782206540,cooldown,1980.0,0.0002954896000000005,{}
6,B,Garbage Collection Pauses (Java vs Go),java_order,java,order,inventory-go-twin:9082,inventory-go-twin:9082,2026-06-23 14:52:35,2026-06-23T09:22:35Z,1782206555,cooldown,1995.0,8.347666406064372e-07,{}
6,B,Garbage Collection Pauses (Java vs Go),java_order,java,order,order-go-twin:9083,order-go-twin:9083,2026-06-23 14:52:35,2026-06-23T09:22:35Z,1782206555,cooldown,1995.0,0.0,{}
6,B,Garbage Collection Pauses (Java vs Go),java_order,java,order,warehouse-go:8084,warehouse-go:8084,2026-06-23 14:52:35,2026-06-23T09:22:35Z,1782206555,cooldown,1995.0,0.00020036378181818228,{}
6,B,Garbage Collection Pauses (Java vs Go),java_order,java,order,inventory-go-twin:9082,inventory-go-twin:9082,2026-06-23 14:52:50,2026-06-23T09:22:50Z,1782206570,cooldown,2010.0,1.2168181818183515e-06,{}
6,B,Garbage Collection Pauses (Java vs Go),java_order,java,order,order-go-twin:9083,order-go-twin:9083,2026-06-23 14:52:50,2026-06-23T09:22:50Z,1782206570,cooldown,2010.0,6.481454545454406e-07,{}
6,B,Garbage Collection Pauses (Java vs Go),java_order,java,order,warehouse-go:8084,warehouse-go:8084,2026-06-23 14:52:50,2026-06-23T09:22:50Z,1782206570,cooldown,2010.0,0.000211746472727273,{}
6,B,Garbage Collection Pauses (Java vs Go),java_order,java,order,inventory-go-twin:9082,inventory-go-twin:9082,2026-06-23 14:53:05,2026-06-23T09:23:05Z,1782206585,cooldown,2025.0,1.2168181818183515e-06,{}
6,B,Garbage Collection Pauses (Java vs Go),java_order,java,order,order-go-twin:9083,order-go-twin:9083,2026-06-23 14:53:05,2026-06-23T09:23:05Z,1782206585,cooldown,2025.0,6.481454545454406e-07,{}
6,B,Garbage Collection Pauses (Java vs Go),java_order,java,order,warehouse-go:8084,warehouse-go:8084,2026-06-23 14:53:05,2026-06-23T09:23:05Z,1782206585,cooldown,2025.0,0.00020455596363636383,{}
6,B,Garbage Collection Pauses (Java vs Go),java_order,java,order,inventory-go-twin:9082,inventory-go-twin:9082,2026-06-23 14:53:20,2026-06-23T09:23:20Z,1782206600,cooldown,2040.0,1.2168181818183515e-06,{}
6,B,Garbage Collection Pauses (Java vs Go),java_order,java,order,order-go-twin:9083,order-go-twin:9083,2026-06-23 14:53:20,2026-06-23T09:23:20Z,1782206600,cooldown,2040.0,6.481336702968898e-07,{}
6,B,Garbage Collection Pauses (Java vs Go),java_order,java,order,warehouse-go:8084,warehouse-go:8084,2026-06-23 14:53:20,2026-06-23T09:23:20Z,1782206600,cooldown,2040.0,0.00019496194614643342,{}
6,B,Garbage Collection Pauses (Java vs Go),java_order,java,order,inventory-go-twin:9082,inventory-go-twin:9082,2026-06-23 14:53:35,2026-06-23T09:23:35Z,1782206615,cooldown,2055.0,1.5087090909090347e-06,{}
6,B,Garbage Collection Pauses (Java vs Go),java_order,java,order,order-go-twin:9083,order-go-twin:9083,2026-06-23 14:53:35,2026-06-23T09:23:35Z,1782206615,cooldown,2055.0,6.481454545454406e-07,{}
6,B,Garbage Collection Pauses (Java vs Go),java_order,java,order,warehouse-go:8084,warehouse-go:8084,2026-06-23 14:53:35,2026-06-23T09:23:35Z,1782206615,cooldown,2055.0,0.00018235620000000007,{}
6,B,Garbage Collection Pauses (Java vs Go),java_order,java,order,inventory-go-twin:9082,inventory-go-twin:9082,2026-06-23 14:53:50,2026-06-23T09:23:50Z,1782206630,cooldown,2070.0,1.5087090909090347e-06,{}
6,B,Garbage Collection Pauses (Java vs Go),java_order,java,order,order-go-twin:9083,order-go-twin:9083,2026-06-23 14:53:50,2026-06-23T09:23:50Z,1782206630,cooldown,2070.0,1.1342545454545211e-06,{}
6,B,Garbage Collection Pauses (Java vs Go),java_order,java,order,warehouse-go:8084,warehouse-go:8084,2026-06-23 14:53:50,2026-06-23T09:23:50Z,1782206630,cooldown,2070.0,0.0001261883272727269,{}
6,B,Garbage Collection Pauses (Java vs Go),java_order,java,order,inventory-go-twin:9082,inventory-go-twin:9082,2026-06-23 14:54:05,2026-06-23T09:24:05Z,1782206645,cooldown,2085.0,1.5087090909090347e-06,{}
6,B,Garbage Collection Pauses (Java vs Go),java_order,java,order,order-go-twin:9083,order-go-twin:9083,2026-06-23 14:54:05,2026-06-23T09:24:05Z,1782206645,cooldown,2085.0,1.1342339230195571e-06,{}
6,B,Garbage Collection Pauses (Java vs Go),java_order,java,order,warehouse-go:8084,warehouse-go:8084,2026-06-23 14:54:05,2026-06-23T09:24:05Z,1782206645,cooldown,2085.0,8.253716363636375e-05,{}
6,B,Garbage Collection Pauses (Java vs Go),java_order,java,order,inventory-go-twin:9082,inventory-go-twin:9082,2026-06-23 14:54:20,2026-06-23T09:24:20Z,1782206660,post_test,2100.0,1.0611454545455585e-06,{}
6,B,Garbage Collection Pauses (Java vs Go),java_order,java,order,order-go-twin:9083,order-go-twin:9083,2026-06-23 14:54:20,2026-06-23T09:24:20Z,1782206660,post_test,2100.0,1.1342339230195571e-06,{}
6,B,Garbage Collection Pauses (Java vs Go),java_order,java,order,warehouse-go:8084,warehouse-go:8084,2026-06-23 14:54:20,2026-06-23T09:24:20Z,1782206660,post_test,2100.0,5.286443636363708e-05,{}
