grafana_panel_id,grafana_ref_id,grafana_panel_title,segment_label,service_type,benchmark_type,instance,service_label,timestamp_local,timestamp_utc,timestamp_unix,load_phase,offset_seconds,value,prom_labels_json
4,B,HTTP Throughput,go_inventory,go,inventory,inventory-go-twin:9082,inventory-go-twin:9082,2026-06-23 14:59:29,2026-06-23T09:29:29Z,1782206969,warmup,0.0,0.028846666666666666,{}
4,B,HTTP Throughput,go_inventory,go,inventory,order-go-twin:9083,order-go-twin:9083,2026-06-23 14:59:29,2026-06-23T09:29:29Z,1782206969,warmup,0.0,0.0,{}
4,B,HTTP Throughput,go_inventory,go,inventory,warehouse-go:8084,warehouse-go:8084,2026-06-23 14:59:29,2026-06-23T09:29:29Z,1782206969,warmup,0.0,0.0,{}
4,B,HTTP Throughput,go_inventory,go,inventory,inventory-go-twin:9082,inventory-go-twin:9082,2026-06-23 14:59:44,2026-06-23T09:29:44Z,1782206984,warmup,15.0,0.01971166666666667,{}
4,B,HTTP Throughput,go_inventory,go,inventory,order-go-twin:9083,order-go-twin:9083,2026-06-23 14:59:44,2026-06-23T09:29:44Z,1782206984,warmup,15.0,0.0,{}
4,B,HTTP Throughput,go_inventory,go,inventory,warehouse-go:8084,warehouse-go:8084,2026-06-23 14:59:44,2026-06-23T09:29:44Z,1782206984,warmup,15.0,0.0,{}
4,B,HTTP Throughput,go_inventory,go,inventory,inventory-go-twin:9082,inventory-go-twin:9082,2026-06-23 14:59:59,2026-06-23T09:29:59Z,1782206999,warmup,30.0,0.018406666666666665,{}
4,B,HTTP Throughput,go_inventory,go,inventory,order-go-twin:9083,order-go-twin:9083,2026-06-23 14:59:59,2026-06-23T09:29:59Z,1782206999,warmup,30.0,0.0,{}
4,B,HTTP Throughput,go_inventory,go,inventory,warehouse-go:8084,warehouse-go:8084,2026-06-23 14:59:59,2026-06-23T09:29:59Z,1782206999,warmup,30.0,0.0,{}
4,B,HTTP Throughput,go_inventory,go,inventory,inventory-go-twin:9082,inventory-go-twin:9082,2026-06-23 15:00:14,2026-06-23T09:30:14Z,1782207014,warmup,45.0,0.2724301212121212,{}
4,B,HTTP Throughput,go_inventory,go,inventory,order-go-twin:9083,order-go-twin:9083,2026-06-23 15:00:14,2026-06-23T09:30:14Z,1782207014,warmup,45.0,0.0,{}
4,B,HTTP Throughput,go_inventory,go,inventory,warehouse-go:8084,warehouse-go:8084,2026-06-23 15:00:14,2026-06-23T09:30:14Z,1782207014,warmup,45.0,0.0,{}
4,B,HTTP Throughput,go_inventory,go,inventory,inventory-go-twin:9082,inventory-go-twin:9082,2026-06-23 15:00:29,2026-06-23T09:30:29Z,1782207029,warmup,60.0,0.5272727272727272,{}
4,B,HTTP Throughput,go_inventory,go,inventory,order-go-twin:9083,order-go-twin:9083,2026-06-23 15:00:29,2026-06-23T09:30:29Z,1782207029,warmup,60.0,0.0,{}
4,B,HTTP Throughput,go_inventory,go,inventory,warehouse-go:8084,warehouse-go:8084,2026-06-23 15:00:29,2026-06-23T09:30:29Z,1782207029,warmup,60.0,0.0,{}
4,B,HTTP Throughput,go_inventory,go,inventory,inventory-go-twin:9082,inventory-go-twin:9082,2026-06-23 15:00:44,2026-06-23T09:30:44Z,1782207044,warmup,75.0,1.0545454545454545,{}
4,B,HTTP Throughput,go_inventory,go,inventory,order-go-twin:9083,order-go-twin:9083,2026-06-23 15:00:44,2026-06-23T09:30:44Z,1782207044,warmup,75.0,0.0,{}
4,B,HTTP Throughput,go_inventory,go,inventory,warehouse-go:8084,warehouse-go:8084,2026-06-23 15:00:44,2026-06-23T09:30:44Z,1782207044,warmup,75.0,0.0,{}
4,B,HTTP Throughput,go_inventory,go,inventory,inventory-go-twin:9082,inventory-go-twin:9082,2026-06-23 15:00:59,2026-06-23T09:30:59Z,1782207059,warmup,90.0,1.5272727272727273,{}
4,B,HTTP Throughput,go_inventory,go,inventory,order-go-twin:9083,order-go-twin:9083,2026-06-23 15:00:59,2026-06-23T09:30:59Z,1782207059,warmup,90.0,0.0,{}
4,B,HTTP Throughput,go_inventory,go,inventory,warehouse-go:8084,warehouse-go:8084,2026-06-23 15:00:59,2026-06-23T09:30:59Z,1782207059,warmup,90.0,0.0,{}
4,B,HTTP Throughput,go_inventory,go,inventory,inventory-go-twin:9082,inventory-go-twin:9082,2026-06-23 15:01:14,2026-06-23T09:31:14Z,1782207074,warmup,105.0,2.0545454545454542,{}
4,B,HTTP Throughput,go_inventory,go,inventory,order-go-twin:9083,order-go-twin:9083,2026-06-23 15:01:14,2026-06-23T09:31:14Z,1782207074,warmup,105.0,0.0,{}
4,B,HTTP Throughput,go_inventory,go,inventory,warehouse-go:8084,warehouse-go:8084,2026-06-23 15:01:14,2026-06-23T09:31:14Z,1782207074,warmup,105.0,0.0,{}
4,B,HTTP Throughput,go_inventory,go,inventory,inventory-go-twin:9082,inventory-go-twin:9082,2026-06-23 15:01:29,2026-06-23T09:31:29Z,1782207089,warmup,120.0,2.527272727272727,{}
4,B,HTTP Throughput,go_inventory,go,inventory,order-go-twin:9083,order-go-twin:9083,2026-06-23 15:01:29,2026-06-23T09:31:29Z,1782207089,warmup,120.0,0.0,{}
4,B,HTTP Throughput,go_inventory,go,inventory,warehouse-go:8084,warehouse-go:8084,2026-06-23 15:01:29,2026-06-23T09:31:29Z,1782207089,warmup,120.0,0.0,{}
4,B,HTTP Throughput,go_inventory,go,inventory,inventory-go-twin:9082,inventory-go-twin:9082,2026-06-23 15:01:44,2026-06-23T09:31:44Z,1782207104,warmup,135.0,3.0544899183651206,{}
4,B,HTTP Throughput,go_inventory,go,inventory,order-go-twin:9083,order-go-twin:9083,2026-06-23 15:01:44,2026-06-23T09:31:44Z,1782207104,warmup,135.0,0.0,{}
4,B,HTTP Throughput,go_inventory,go,inventory,warehouse-go:8084,warehouse-go:8084,2026-06-23 15:01:44,2026-06-23T09:31:44Z,1782207104,warmup,135.0,0.0,{}
4,B,HTTP Throughput,go_inventory,go,inventory,inventory-go-twin:9082,inventory-go-twin:9082,2026-06-23 15:01:59,2026-06-23T09:31:59Z,1782207119,warmup,150.0,3.5272085962073416,{}
4,B,HTTP Throughput,go_inventory,go,inventory,order-go-twin:9083,order-go-twin:9083,2026-06-23 15:01:59,2026-06-23T09:31:59Z,1782207119,warmup,150.0,0.0,{}
4,B,HTTP Throughput,go_inventory,go,inventory,warehouse-go:8084,warehouse-go:8084,2026-06-23 15:01:59,2026-06-23T09:31:59Z,1782207119,warmup,150.0,0.0,{}
4,B,HTTP Throughput,go_inventory,go,inventory,inventory-go-twin:9082,inventory-go-twin:9082,2026-06-23 15:02:14,2026-06-23T09:32:14Z,1782207134,warmup,165.0,4.054619174894089,{}
4,B,HTTP Throughput,go_inventory,go,inventory,order-go-twin:9083,order-go-twin:9083,2026-06-23 15:02:14,2026-06-23T09:32:14Z,1782207134,warmup,165.0,0.0,{}
4,B,HTTP Throughput,go_inventory,go,inventory,warehouse-go:8084,warehouse-go:8084,2026-06-23 15:02:14,2026-06-23T09:32:14Z,1782207134,warmup,165.0,0.0,{}
4,B,HTTP Throughput,go_inventory,go,inventory,inventory-go-twin:9082,inventory-go-twin:9082,2026-06-23 15:02:29,2026-06-23T09:32:29Z,1782207149,warmup,180.0,4.527272727272727,{}
4,B,HTTP Throughput,go_inventory,go,inventory,order-go-twin:9083,order-go-twin:9083,2026-06-23 15:02:29,2026-06-23T09:32:29Z,1782207149,warmup,180.0,0.0,{}
4,B,HTTP Throughput,go_inventory,go,inventory,warehouse-go:8084,warehouse-go:8084,2026-06-23 15:02:29,2026-06-23T09:32:29Z,1782207149,warmup,180.0,0.0,{}
4,B,HTTP Throughput,go_inventory,go,inventory,inventory-go-twin:9082,inventory-go-twin:9082,2026-06-23 15:02:44,2026-06-23T09:32:44Z,1782207164,warmup,195.0,5.054637357042855,{}
4,B,HTTP Throughput,go_inventory,go,inventory,order-go-twin:9083,order-go-twin:9083,2026-06-23 15:02:44,2026-06-23T09:32:44Z,1782207164,warmup,195.0,0.0,{}
4,B,HTTP Throughput,go_inventory,go,inventory,warehouse-go:8084,warehouse-go:8084,2026-06-23 15:02:44,2026-06-23T09:32:44Z,1782207164,warmup,195.0,0.0,{}
4,B,HTTP Throughput,go_inventory,go,inventory,inventory-go-twin:9082,inventory-go-twin:9082,2026-06-23 15:02:59,2026-06-23T09:32:59Z,1782207179,warmup,210.0,5.527272727272727,{}
4,B,HTTP Throughput,go_inventory,go,inventory,order-go-twin:9083,order-go-twin:9083,2026-06-23 15:02:59,2026-06-23T09:32:59Z,1782207179,warmup,210.0,0.0,{}
4,B,HTTP Throughput,go_inventory,go,inventory,warehouse-go:8084,warehouse-go:8084,2026-06-23 15:02:59,2026-06-23T09:32:59Z,1782207179,warmup,210.0,0.0,{}
4,B,HTTP Throughput,go_inventory,go,inventory,inventory-go-twin:9082,inventory-go-twin:9082,2026-06-23 15:03:14,2026-06-23T09:33:14Z,1782207194,warmup,225.0,6.036253886292976,{}
4,B,HTTP Throughput,go_inventory,go,inventory,order-go-twin:9083,order-go-twin:9083,2026-06-23 15:03:14,2026-06-23T09:33:14Z,1782207194,warmup,225.0,0.0,{}
4,B,HTTP Throughput,go_inventory,go,inventory,warehouse-go:8084,warehouse-go:8084,2026-06-23 15:03:14,2026-06-23T09:33:14Z,1782207194,warmup,225.0,0.0,{}
4,B,HTTP Throughput,go_inventory,go,inventory,inventory-go-twin:9082,inventory-go-twin:9082,2026-06-23 15:03:29,2026-06-23T09:33:29Z,1782207209,warmup,240.0,6.509090909090909,{}
4,B,HTTP Throughput,go_inventory,go,inventory,order-go-twin:9083,order-go-twin:9083,2026-06-23 15:03:29,2026-06-23T09:33:29Z,1782207209,warmup,240.0,0.0,{}
4,B,HTTP Throughput,go_inventory,go,inventory,warehouse-go:8084,warehouse-go:8084,2026-06-23 15:03:29,2026-06-23T09:33:29Z,1782207209,warmup,240.0,0.0,{}
4,B,HTTP Throughput,go_inventory,go,inventory,inventory-go-twin:9082,inventory-go-twin:9082,2026-06-23 15:03:44,2026-06-23T09:33:44Z,1782207224,warmup,255.0,7.0181818181818185,{}
4,B,HTTP Throughput,go_inventory,go,inventory,order-go-twin:9083,order-go-twin:9083,2026-06-23 15:03:44,2026-06-23T09:33:44Z,1782207224,warmup,255.0,0.0,{}
4,B,HTTP Throughput,go_inventory,go,inventory,warehouse-go:8084,warehouse-go:8084,2026-06-23 15:03:44,2026-06-23T09:33:44Z,1782207224,warmup,255.0,0.0,{}
4,B,HTTP Throughput,go_inventory,go,inventory,inventory-go-twin:9082,inventory-go-twin:9082,2026-06-23 15:03:59,2026-06-23T09:33:59Z,1782207239,warmup,270.0,7.49090909090909,{}
4,B,HTTP Throughput,go_inventory,go,inventory,order-go-twin:9083,order-go-twin:9083,2026-06-23 15:03:59,2026-06-23T09:33:59Z,1782207239,warmup,270.0,0.0,{}
4,B,HTTP Throughput,go_inventory,go,inventory,warehouse-go:8084,warehouse-go:8084,2026-06-23 15:03:59,2026-06-23T09:33:59Z,1782207239,warmup,270.0,0.0,{}
4,B,HTTP Throughput,go_inventory,go,inventory,inventory-go-twin:9082,inventory-go-twin:9082,2026-06-23 15:04:14,2026-06-23T09:34:14Z,1782207254,warmup,285.0,8.018181818181818,{}
4,B,HTTP Throughput,go_inventory,go,inventory,order-go-twin:9083,order-go-twin:9083,2026-06-23 15:04:14,2026-06-23T09:34:14Z,1782207254,warmup,285.0,0.0,{}
4,B,HTTP Throughput,go_inventory,go,inventory,warehouse-go:8084,warehouse-go:8084,2026-06-23 15:04:14,2026-06-23T09:34:14Z,1782207254,warmup,285.0,0.0,{}
4,B,HTTP Throughput,go_inventory,go,inventory,inventory-go-twin:9082,inventory-go-twin:9082,2026-06-23 15:04:29,2026-06-23T09:34:29Z,1782207269,ramp_1,300.0,8.49090909090909,{}
4,B,HTTP Throughput,go_inventory,go,inventory,order-go-twin:9083,order-go-twin:9083,2026-06-23 15:04:29,2026-06-23T09:34:29Z,1782207269,ramp_1,300.0,0.0,{}
4,B,HTTP Throughput,go_inventory,go,inventory,warehouse-go:8084,warehouse-go:8084,2026-06-23 15:04:29,2026-06-23T09:34:29Z,1782207269,ramp_1,300.0,0.0,{}
4,B,HTTP Throughput,go_inventory,go,inventory,inventory-go-twin:9082,inventory-go-twin:9082,2026-06-23 15:04:44,2026-06-23T09:34:44Z,1782207284,ramp_1,315.0,9.2,{}
4,B,HTTP Throughput,go_inventory,go,inventory,order-go-twin:9083,order-go-twin:9083,2026-06-23 15:04:44,2026-06-23T09:34:44Z,1782207284,ramp_1,315.0,0.0,{}
4,B,HTTP Throughput,go_inventory,go,inventory,warehouse-go:8084,warehouse-go:8084,2026-06-23 15:04:44,2026-06-23T09:34:44Z,1782207284,ramp_1,315.0,0.0,{}
4,B,HTTP Throughput,go_inventory,go,inventory,inventory-go-twin:9082,inventory-go-twin:9082,2026-06-23 15:04:59,2026-06-23T09:34:59Z,1782207299,ramp_1,330.0,10.309090909090909,{}
4,B,HTTP Throughput,go_inventory,go,inventory,order-go-twin:9083,order-go-twin:9083,2026-06-23 15:04:59,2026-06-23T09:34:59Z,1782207299,ramp_1,330.0,0.0,{}
4,B,HTTP Throughput,go_inventory,go,inventory,warehouse-go:8084,warehouse-go:8084,2026-06-23 15:04:59,2026-06-23T09:34:59Z,1782207299,ramp_1,330.0,0.0,{}
4,B,HTTP Throughput,go_inventory,go,inventory,inventory-go-twin:9082,inventory-go-twin:9082,2026-06-23 15:05:14,2026-06-23T09:35:14Z,1782207314,ramp_1,345.0,11.781818181818181,{}
4,B,HTTP Throughput,go_inventory,go,inventory,order-go-twin:9083,order-go-twin:9083,2026-06-23 15:05:14,2026-06-23T09:35:14Z,1782207314,ramp_1,345.0,0.0,{}
4,B,HTTP Throughput,go_inventory,go,inventory,warehouse-go:8084,warehouse-go:8084,2026-06-23 15:05:14,2026-06-23T09:35:14Z,1782207314,ramp_1,345.0,0.0,{}
4,B,HTTP Throughput,go_inventory,go,inventory,inventory-go-twin:9082,inventory-go-twin:9082,2026-06-23 15:05:29,2026-06-23T09:35:29Z,1782207329,ramp_1,360.0,13.654297194596463,{}
4,B,HTTP Throughput,go_inventory,go,inventory,order-go-twin:9083,order-go-twin:9083,2026-06-23 15:05:29,2026-06-23T09:35:29Z,1782207329,ramp_1,360.0,0.0,{}
4,B,HTTP Throughput,go_inventory,go,inventory,warehouse-go:8084,warehouse-go:8084,2026-06-23 15:05:29,2026-06-23T09:35:29Z,1782207329,ramp_1,360.0,0.0,{}
4,B,HTTP Throughput,go_inventory,go,inventory,inventory-go-twin:9082,inventory-go-twin:9082,2026-06-23 15:05:44,2026-06-23T09:35:44Z,1782207344,ramp_1,375.0,15.654545454545453,{}
4,B,HTTP Throughput,go_inventory,go,inventory,order-go-twin:9083,order-go-twin:9083,2026-06-23 15:05:44,2026-06-23T09:35:44Z,1782207344,ramp_1,375.0,0.0,{}
4,B,HTTP Throughput,go_inventory,go,inventory,warehouse-go:8084,warehouse-go:8084,2026-06-23 15:05:44,2026-06-23T09:35:44Z,1782207344,ramp_1,375.0,0.0,{}
4,B,HTTP Throughput,go_inventory,go,inventory,inventory-go-twin:9082,inventory-go-twin:9082,2026-06-23 15:05:59,2026-06-23T09:35:59Z,1782207359,ramp_1,390.0,17.654224468646024,{}
4,B,HTTP Throughput,go_inventory,go,inventory,order-go-twin:9083,order-go-twin:9083,2026-06-23 15:05:59,2026-06-23T09:35:59Z,1782207359,ramp_1,390.0,0.0,{}
4,B,HTTP Throughput,go_inventory,go,inventory,warehouse-go:8084,warehouse-go:8084,2026-06-23 15:05:59,2026-06-23T09:35:59Z,1782207359,ramp_1,390.0,0.0,{}
4,B,HTTP Throughput,go_inventory,go,inventory,inventory-go-twin:9082,inventory-go-twin:9082,2026-06-23 15:06:14,2026-06-23T09:36:14Z,1782207374,ramp_1,405.0,19.654545454545456,{}
4,B,HTTP Throughput,go_inventory,go,inventory,order-go-twin:9083,order-go-twin:9083,2026-06-23 15:06:14,2026-06-23T09:36:14Z,1782207374,ramp_1,405.0,0.0,{}
4,B,HTTP Throughput,go_inventory,go,inventory,warehouse-go:8084,warehouse-go:8084,2026-06-23 15:06:14,2026-06-23T09:36:14Z,1782207374,ramp_1,405.0,0.0,{}
4,B,HTTP Throughput,go_inventory,go,inventory,inventory-go-twin:9082,inventory-go-twin:9082,2026-06-23 15:06:29,2026-06-23T09:36:29Z,1782207389,ramp_1,420.0,21.654151742695586,{}
4,B,HTTP Throughput,go_inventory,go,inventory,order-go-twin:9083,order-go-twin:9083,2026-06-23 15:06:29,2026-06-23T09:36:29Z,1782207389,ramp_1,420.0,0.0,{}
4,B,HTTP Throughput,go_inventory,go,inventory,warehouse-go:8084,warehouse-go:8084,2026-06-23 15:06:29,2026-06-23T09:36:29Z,1782207389,ramp_1,420.0,0.0,{}
4,B,HTTP Throughput,go_inventory,go,inventory,inventory-go-twin:9082,inventory-go-twin:9082,2026-06-23 15:06:44,2026-06-23T09:36:44Z,1782207404,ramp_1,435.0,23.65411537972037,{}
4,B,HTTP Throughput,go_inventory,go,inventory,order-go-twin:9083,order-go-twin:9083,2026-06-23 15:06:44,2026-06-23T09:36:44Z,1782207404,ramp_1,435.0,0.0,{}
4,B,HTTP Throughput,go_inventory,go,inventory,warehouse-go:8084,warehouse-go:8084,2026-06-23 15:06:44,2026-06-23T09:36:44Z,1782207404,ramp_1,435.0,0.0,{}
4,B,HTTP Throughput,go_inventory,go,inventory,inventory-go-twin:9082,inventory-go-twin:9082,2026-06-23 15:06:59,2026-06-23T09:36:59Z,1782207419,ramp_1,450.0,25.654545454545453,{}
4,B,HTTP Throughput,go_inventory,go,inventory,order-go-twin:9083,order-go-twin:9083,2026-06-23 15:06:59,2026-06-23T09:36:59Z,1782207419,ramp_1,450.0,0.0,{}
4,B,HTTP Throughput,go_inventory,go,inventory,warehouse-go:8084,warehouse-go:8084,2026-06-23 15:06:59,2026-06-23T09:36:59Z,1782207419,ramp_1,450.0,0.0,{}
4,B,HTTP Throughput,go_inventory,go,inventory,inventory-go-twin:9082,inventory-go-twin:9082,2026-06-23 15:07:14,2026-06-23T09:37:14Z,1782207434,ramp_1,465.0,27.654545454545456,{}
4,B,HTTP Throughput,go_inventory,go,inventory,order-go-twin:9083,order-go-twin:9083,2026-06-23 15:07:14,2026-06-23T09:37:14Z,1782207434,ramp_1,465.0,0.0,{}
4,B,HTTP Throughput,go_inventory,go,inventory,warehouse-go:8084,warehouse-go:8084,2026-06-23 15:07:14,2026-06-23T09:37:14Z,1782207434,ramp_1,465.0,0.0,{}
4,B,HTTP Throughput,go_inventory,go,inventory,inventory-go-twin:9082,inventory-go-twin:9082,2026-06-23 15:07:29,2026-06-23T09:37:29Z,1782207449,ramp_1,480.0,29.472727272727273,{}
4,B,HTTP Throughput,go_inventory,go,inventory,order-go-twin:9083,order-go-twin:9083,2026-06-23 15:07:29,2026-06-23T09:37:29Z,1782207449,ramp_1,480.0,0.0,{}
4,B,HTTP Throughput,go_inventory,go,inventory,warehouse-go:8084,warehouse-go:8084,2026-06-23 15:07:29,2026-06-23T09:37:29Z,1782207449,ramp_1,480.0,0.0,{}
4,B,HTTP Throughput,go_inventory,go,inventory,inventory-go-twin:9082,inventory-go-twin:9082,2026-06-23 15:07:44,2026-06-23T09:37:44Z,1782207464,ramp_1,495.0,31.472727272727273,{}
4,B,HTTP Throughput,go_inventory,go,inventory,order-go-twin:9083,order-go-twin:9083,2026-06-23 15:07:44,2026-06-23T09:37:44Z,1782207464,ramp_1,495.0,0.0,{}
4,B,HTTP Throughput,go_inventory,go,inventory,warehouse-go:8084,warehouse-go:8084,2026-06-23 15:07:44,2026-06-23T09:37:44Z,1782207464,ramp_1,495.0,0.0,{}
4,B,HTTP Throughput,go_inventory,go,inventory,inventory-go-twin:9082,inventory-go-twin:9082,2026-06-23 15:07:59,2026-06-23T09:37:59Z,1782207479,ramp_1,510.0,33.45454545454545,{}
4,B,HTTP Throughput,go_inventory,go,inventory,order-go-twin:9083,order-go-twin:9083,2026-06-23 15:07:59,2026-06-23T09:37:59Z,1782207479,ramp_1,510.0,0.0,{}
4,B,HTTP Throughput,go_inventory,go,inventory,warehouse-go:8084,warehouse-go:8084,2026-06-23 15:07:59,2026-06-23T09:37:59Z,1782207479,ramp_1,510.0,0.0,{}
4,B,HTTP Throughput,go_inventory,go,inventory,inventory-go-twin:9082,inventory-go-twin:9082,2026-06-23 15:08:14,2026-06-23T09:38:14Z,1782207494,ramp_1,525.0,35.437007945599014,{}
4,B,HTTP Throughput,go_inventory,go,inventory,order-go-twin:9083,order-go-twin:9083,2026-06-23 15:08:14,2026-06-23T09:38:14Z,1782207494,ramp_1,525.0,0.0,{}
4,B,HTTP Throughput,go_inventory,go,inventory,warehouse-go:8084,warehouse-go:8084,2026-06-23 15:08:14,2026-06-23T09:38:14Z,1782207494,ramp_1,525.0,0.0,{}
4,B,HTTP Throughput,go_inventory,go,inventory,inventory-go-twin:9082,inventory-go-twin:9082,2026-06-23 15:08:29,2026-06-23T09:38:29Z,1782207509,ramp_1,540.0,37.6,{}
4,B,HTTP Throughput,go_inventory,go,inventory,order-go-twin:9083,order-go-twin:9083,2026-06-23 15:08:29,2026-06-23T09:38:29Z,1782207509,ramp_1,540.0,0.0,{}
4,B,HTTP Throughput,go_inventory,go,inventory,warehouse-go:8084,warehouse-go:8084,2026-06-23 15:08:29,2026-06-23T09:38:29Z,1782207509,ramp_1,540.0,0.0,{}
4,B,HTTP Throughput,go_inventory,go,inventory,inventory-go-twin:9082,inventory-go-twin:9082,2026-06-23 15:08:44,2026-06-23T09:38:44Z,1782207524,ramp_1,555.0,39.58181818181818,{}
4,B,HTTP Throughput,go_inventory,go,inventory,order-go-twin:9083,order-go-twin:9083,2026-06-23 15:08:44,2026-06-23T09:38:44Z,1782207524,ramp_1,555.0,0.0,{}
4,B,HTTP Throughput,go_inventory,go,inventory,warehouse-go:8084,warehouse-go:8084,2026-06-23 15:08:44,2026-06-23T09:38:44Z,1782207524,ramp_1,555.0,0.0,{}
4,B,HTTP Throughput,go_inventory,go,inventory,inventory-go-twin:9082,inventory-go-twin:9082,2026-06-23 15:08:59,2026-06-23T09:38:59Z,1782207539,ramp_1,570.0,41.58181818181818,{}
4,B,HTTP Throughput,go_inventory,go,inventory,order-go-twin:9083,order-go-twin:9083,2026-06-23 15:08:59,2026-06-23T09:38:59Z,1782207539,ramp_1,570.0,0.0,{}
4,B,HTTP Throughput,go_inventory,go,inventory,warehouse-go:8084,warehouse-go:8084,2026-06-23 15:08:59,2026-06-23T09:38:59Z,1782207539,ramp_1,570.0,0.0,{}
4,B,HTTP Throughput,go_inventory,go,inventory,inventory-go-twin:9082,inventory-go-twin:9082,2026-06-23 15:09:14,2026-06-23T09:39:14Z,1782207554,ramp_1,585.0,43.58181818181818,{}
4,B,HTTP Throughput,go_inventory,go,inventory,order-go-twin:9083,order-go-twin:9083,2026-06-23 15:09:14,2026-06-23T09:39:14Z,1782207554,ramp_1,585.0,0.0,{}
4,B,HTTP Throughput,go_inventory,go,inventory,warehouse-go:8084,warehouse-go:8084,2026-06-23 15:09:14,2026-06-23T09:39:14Z,1782207554,ramp_1,585.0,0.0,{}
4,B,HTTP Throughput,go_inventory,go,inventory,inventory-go-twin:9082,inventory-go-twin:9082,2026-06-23 15:09:29,2026-06-23T09:39:29Z,1782207569,ramp_2,600.0,45.58181818181818,{}
4,B,HTTP Throughput,go_inventory,go,inventory,order-go-twin:9083,order-go-twin:9083,2026-06-23 15:09:29,2026-06-23T09:39:29Z,1782207569,ramp_2,600.0,0.0,{}
4,B,HTTP Throughput,go_inventory,go,inventory,warehouse-go:8084,warehouse-go:8084,2026-06-23 15:09:29,2026-06-23T09:39:29Z,1782207569,ramp_2,600.0,0.0,{}
4,B,HTTP Throughput,go_inventory,go,inventory,inventory-go-twin:9082,inventory-go-twin:9082,2026-06-23 15:09:44,2026-06-23T09:39:44Z,1782207584,ramp_2,615.0,47.654545454545456,{}
4,B,HTTP Throughput,go_inventory,go,inventory,order-go-twin:9083,order-go-twin:9083,2026-06-23 15:09:44,2026-06-23T09:39:44Z,1782207584,ramp_2,615.0,0.0,{}
4,B,HTTP Throughput,go_inventory,go,inventory,warehouse-go:8084,warehouse-go:8084,2026-06-23 15:09:44,2026-06-23T09:39:44Z,1782207584,ramp_2,615.0,0.0,{}
4,B,HTTP Throughput,go_inventory,go,inventory,inventory-go-twin:9082,inventory-go-twin:9082,2026-06-23 15:09:59,2026-06-23T09:39:59Z,1782207599,ramp_2,630.0,49.85454545454545,{}
4,B,HTTP Throughput,go_inventory,go,inventory,order-go-twin:9083,order-go-twin:9083,2026-06-23 15:09:59,2026-06-23T09:39:59Z,1782207599,ramp_2,630.0,0.0,{}
4,B,HTTP Throughput,go_inventory,go,inventory,warehouse-go:8084,warehouse-go:8084,2026-06-23 15:09:59,2026-06-23T09:39:59Z,1782207599,ramp_2,630.0,0.0,{}
4,B,HTTP Throughput,go_inventory,go,inventory,inventory-go-twin:9082,inventory-go-twin:9082,2026-06-23 15:10:14,2026-06-23T09:40:14Z,1782207614,ramp_2,645.0,52.236363636363635,{}
4,B,HTTP Throughput,go_inventory,go,inventory,order-go-twin:9083,order-go-twin:9083,2026-06-23 15:10:14,2026-06-23T09:40:14Z,1782207614,ramp_2,645.0,0.0,{}
4,B,HTTP Throughput,go_inventory,go,inventory,warehouse-go:8084,warehouse-go:8084,2026-06-23 15:10:14,2026-06-23T09:40:14Z,1782207614,ramp_2,645.0,0.0,{}
4,B,HTTP Throughput,go_inventory,go,inventory,inventory-go-twin:9082,inventory-go-twin:9082,2026-06-23 15:10:29,2026-06-23T09:40:29Z,1782207629,ramp_2,660.0,54.69090909090909,{}
4,B,HTTP Throughput,go_inventory,go,inventory,order-go-twin:9083,order-go-twin:9083,2026-06-23 15:10:29,2026-06-23T09:40:29Z,1782207629,ramp_2,660.0,0.0,{}
4,B,HTTP Throughput,go_inventory,go,inventory,warehouse-go:8084,warehouse-go:8084,2026-06-23 15:10:29,2026-06-23T09:40:29Z,1782207629,ramp_2,660.0,0.0,{}
4,B,HTTP Throughput,go_inventory,go,inventory,inventory-go-twin:9082,inventory-go-twin:9082,2026-06-23 15:10:44,2026-06-23T09:40:44Z,1782207644,ramp_2,675.0,57.199999999999996,{}
4,B,HTTP Throughput,go_inventory,go,inventory,order-go-twin:9083,order-go-twin:9083,2026-06-23 15:10:44,2026-06-23T09:40:44Z,1782207644,ramp_2,675.0,0.0,{}
4,B,HTTP Throughput,go_inventory,go,inventory,warehouse-go:8084,warehouse-go:8084,2026-06-23 15:10:44,2026-06-23T09:40:44Z,1782207644,ramp_2,675.0,0.0,{}
4,B,HTTP Throughput,go_inventory,go,inventory,inventory-go-twin:9082,inventory-go-twin:9082,2026-06-23 15:10:59,2026-06-23T09:40:59Z,1782207659,ramp_2,690.0,59.709090909090904,{}
4,B,HTTP Throughput,go_inventory,go,inventory,order-go-twin:9083,order-go-twin:9083,2026-06-23 15:10:59,2026-06-23T09:40:59Z,1782207659,ramp_2,690.0,0.0,{}
4,B,HTTP Throughput,go_inventory,go,inventory,warehouse-go:8084,warehouse-go:8084,2026-06-23 15:10:59,2026-06-23T09:40:59Z,1782207659,ramp_2,690.0,0.0,{}
4,B,HTTP Throughput,go_inventory,go,inventory,inventory-go-twin:9082,inventory-go-twin:9082,2026-06-23 15:11:14,2026-06-23T09:41:14Z,1782207674,ramp_2,705.0,62.19886911147071,{}
4,B,HTTP Throughput,go_inventory,go,inventory,order-go-twin:9083,order-go-twin:9083,2026-06-23 15:11:14,2026-06-23T09:41:14Z,1782207674,ramp_2,705.0,0.0,{}
4,B,HTTP Throughput,go_inventory,go,inventory,warehouse-go:8084,warehouse-go:8084,2026-06-23 15:11:14,2026-06-23T09:41:14Z,1782207674,ramp_2,705.0,0.0,{}
4,B,HTTP Throughput,go_inventory,go,inventory,inventory-go-twin:9082,inventory-go-twin:9082,2026-06-23 15:11:29,2026-06-23T09:41:29Z,1782207689,ramp_2,720.0,64.7090909090909,{}
4,B,HTTP Throughput,go_inventory,go,inventory,order-go-twin:9083,order-go-twin:9083,2026-06-23 15:11:29,2026-06-23T09:41:29Z,1782207689,ramp_2,720.0,0.0,{}
4,B,HTTP Throughput,go_inventory,go,inventory,warehouse-go:8084,warehouse-go:8084,2026-06-23 15:11:29,2026-06-23T09:41:29Z,1782207689,ramp_2,720.0,0.0,{}
4,B,HTTP Throughput,go_inventory,go,inventory,inventory-go-twin:9082,inventory-go-twin:9082,2026-06-23 15:11:44,2026-06-23T09:41:44Z,1782207704,ramp_2,735.0,67.16485754286442,{}
4,B,HTTP Throughput,go_inventory,go,inventory,order-go-twin:9083,order-go-twin:9083,2026-06-23 15:11:44,2026-06-23T09:41:44Z,1782207704,ramp_2,735.0,0.0,{}
4,B,HTTP Throughput,go_inventory,go,inventory,warehouse-go:8084,warehouse-go:8084,2026-06-23 15:11:44,2026-06-23T09:41:44Z,1782207704,ramp_2,735.0,0.0,{}
4,B,HTTP Throughput,go_inventory,go,inventory,inventory-go-twin:9082,inventory-go-twin:9082,2026-06-23 15:11:59,2026-06-23T09:41:59Z,1782207719,ramp_2,750.0,69.67399407261951,{}
4,B,HTTP Throughput,go_inventory,go,inventory,order-go-twin:9083,order-go-twin:9083,2026-06-23 15:11:59,2026-06-23T09:41:59Z,1782207719,ramp_2,750.0,0.0,{}
4,B,HTTP Throughput,go_inventory,go,inventory,warehouse-go:8084,warehouse-go:8084,2026-06-23 15:11:59,2026-06-23T09:41:59Z,1782207719,ramp_2,750.0,0.0,{}
4,B,HTTP Throughput,go_inventory,go,inventory,inventory-go-twin:9082,inventory-go-twin:9082,2026-06-23 15:12:14,2026-06-23T09:42:14Z,1782207734,ramp_2,765.0,72.18181818181817,{}
4,B,HTTP Throughput,go_inventory,go,inventory,order-go-twin:9083,order-go-twin:9083,2026-06-23 15:12:14,2026-06-23T09:42:14Z,1782207734,ramp_2,765.0,0.0,{}
4,B,HTTP Throughput,go_inventory,go,inventory,warehouse-go:8084,warehouse-go:8084,2026-06-23 15:12:14,2026-06-23T09:42:14Z,1782207734,ramp_2,765.0,0.0,{}
4,B,HTTP Throughput,go_inventory,go,inventory,inventory-go-twin:9082,inventory-go-twin:9082,2026-06-23 15:12:29,2026-06-23T09:42:29Z,1782207749,ramp_2,780.0,74.61818181818181,{}
4,B,HTTP Throughput,go_inventory,go,inventory,order-go-twin:9083,order-go-twin:9083,2026-06-23 15:12:29,2026-06-23T09:42:29Z,1782207749,ramp_2,780.0,0.0,{}
4,B,HTTP Throughput,go_inventory,go,inventory,warehouse-go:8084,warehouse-go:8084,2026-06-23 15:12:29,2026-06-23T09:42:29Z,1782207749,ramp_2,780.0,0.0,{}
4,B,HTTP Throughput,go_inventory,go,inventory,inventory-go-twin:9082,inventory-go-twin:9082,2026-06-23 15:12:44,2026-06-23T09:42:44Z,1782207764,ramp_2,795.0,77.18181818181817,{}
4,B,HTTP Throughput,go_inventory,go,inventory,order-go-twin:9083,order-go-twin:9083,2026-06-23 15:12:44,2026-06-23T09:42:44Z,1782207764,ramp_2,795.0,0.0,{}
4,B,HTTP Throughput,go_inventory,go,inventory,warehouse-go:8084,warehouse-go:8084,2026-06-23 15:12:44,2026-06-23T09:42:44Z,1782207764,ramp_2,795.0,0.0,{}
4,B,HTTP Throughput,go_inventory,go,inventory,inventory-go-twin:9082,inventory-go-twin:9082,2026-06-23 15:12:59,2026-06-23T09:42:59Z,1782207779,ramp_2,810.0,79.68946019163288,{}
4,B,HTTP Throughput,go_inventory,go,inventory,order-go-twin:9083,order-go-twin:9083,2026-06-23 15:12:59,2026-06-23T09:42:59Z,1782207779,ramp_2,810.0,0.0,{}
4,B,HTTP Throughput,go_inventory,go,inventory,warehouse-go:8084,warehouse-go:8084,2026-06-23 15:12:59,2026-06-23T09:42:59Z,1782207779,ramp_2,810.0,0.0,{}
4,B,HTTP Throughput,go_inventory,go,inventory,inventory-go-twin:9082,inventory-go-twin:9082,2026-06-23 15:13:14,2026-06-23T09:43:14Z,1782207794,ramp_2,825.0,82.19999999999999,{}
4,B,HTTP Throughput,go_inventory,go,inventory,order-go-twin:9083,order-go-twin:9083,2026-06-23 15:13:14,2026-06-23T09:43:14Z,1782207794,ramp_2,825.0,0.0,{}
4,B,HTTP Throughput,go_inventory,go,inventory,warehouse-go:8084,warehouse-go:8084,2026-06-23 15:13:14,2026-06-23T09:43:14Z,1782207794,ramp_2,825.0,0.0,{}
4,B,HTTP Throughput,go_inventory,go,inventory,inventory-go-twin:9082,inventory-go-twin:9082,2026-06-23 15:13:29,2026-06-23T09:43:29Z,1782207809,ramp_2,840.0,84.67272727272727,{}
4,B,HTTP Throughput,go_inventory,go,inventory,order-go-twin:9083,order-go-twin:9083,2026-06-23 15:13:29,2026-06-23T09:43:29Z,1782207809,ramp_2,840.0,0.0,{}
4,B,HTTP Throughput,go_inventory,go,inventory,warehouse-go:8084,warehouse-go:8084,2026-06-23 15:13:29,2026-06-23T09:43:29Z,1782207809,ramp_2,840.0,0.0,{}
4,B,HTTP Throughput,go_inventory,go,inventory,inventory-go-twin:9082,inventory-go-twin:9082,2026-06-23 15:13:44,2026-06-23T09:43:44Z,1782207824,ramp_2,855.0,87.18181818181817,{}
4,B,HTTP Throughput,go_inventory,go,inventory,order-go-twin:9083,order-go-twin:9083,2026-06-23 15:13:44,2026-06-23T09:43:44Z,1782207824,ramp_2,855.0,0.0,{}
4,B,HTTP Throughput,go_inventory,go,inventory,warehouse-go:8084,warehouse-go:8084,2026-06-23 15:13:44,2026-06-23T09:43:44Z,1782207824,ramp_2,855.0,0.0,{}
4,B,HTTP Throughput,go_inventory,go,inventory,inventory-go-twin:9082,inventory-go-twin:9082,2026-06-23 15:13:59,2026-06-23T09:43:59Z,1782207839,ramp_2,870.0,89.67272727272726,{}
4,B,HTTP Throughput,go_inventory,go,inventory,order-go-twin:9083,order-go-twin:9083,2026-06-23 15:13:59,2026-06-23T09:43:59Z,1782207839,ramp_2,870.0,0.0,{}
4,B,HTTP Throughput,go_inventory,go,inventory,warehouse-go:8084,warehouse-go:8084,2026-06-23 15:13:59,2026-06-23T09:43:59Z,1782207839,ramp_2,870.0,0.0,{}
4,B,HTTP Throughput,go_inventory,go,inventory,inventory-go-twin:9082,inventory-go-twin:9082,2026-06-23 15:14:14,2026-06-23T09:44:14Z,1782207854,ramp_2,885.0,92.18181818181817,{}
4,B,HTTP Throughput,go_inventory,go,inventory,order-go-twin:9083,order-go-twin:9083,2026-06-23 15:14:14,2026-06-23T09:44:14Z,1782207854,ramp_2,885.0,0.0,{}
4,B,HTTP Throughput,go_inventory,go,inventory,warehouse-go:8084,warehouse-go:8084,2026-06-23 15:14:14,2026-06-23T09:44:14Z,1782207854,ramp_2,885.0,0.0,{}
4,B,HTTP Throughput,go_inventory,go,inventory,inventory-go-twin:9082,inventory-go-twin:9082,2026-06-23 15:14:29,2026-06-23T09:44:29Z,1782207869,ramp_3,900.0,94.47272727272727,{}
4,B,HTTP Throughput,go_inventory,go,inventory,order-go-twin:9083,order-go-twin:9083,2026-06-23 15:14:29,2026-06-23T09:44:29Z,1782207869,ramp_3,900.0,0.0,{}
4,B,HTTP Throughput,go_inventory,go,inventory,warehouse-go:8084,warehouse-go:8084,2026-06-23 15:14:29,2026-06-23T09:44:29Z,1782207869,ramp_3,900.0,0.0,{}
4,B,HTTP Throughput,go_inventory,go,inventory,inventory-go-twin:9082,inventory-go-twin:9082,2026-06-23 15:14:44,2026-06-23T09:44:44Z,1782207884,ramp_3,915.0,97.27272727272727,{}
4,B,HTTP Throughput,go_inventory,go,inventory,order-go-twin:9083,order-go-twin:9083,2026-06-23 15:14:44,2026-06-23T09:44:44Z,1782207884,ramp_3,915.0,0.0,{}
4,B,HTTP Throughput,go_inventory,go,inventory,warehouse-go:8084,warehouse-go:8084,2026-06-23 15:14:44,2026-06-23T09:44:44Z,1782207884,ramp_3,915.0,0.0,{}
4,B,HTTP Throughput,go_inventory,go,inventory,inventory-go-twin:9082,inventory-go-twin:9082,2026-06-23 15:14:59,2026-06-23T09:44:59Z,1782207899,ramp_3,930.0,100.74545454545454,{}
4,B,HTTP Throughput,go_inventory,go,inventory,order-go-twin:9083,order-go-twin:9083,2026-06-23 15:14:59,2026-06-23T09:44:59Z,1782207899,ramp_3,930.0,0.0,{}
4,B,HTTP Throughput,go_inventory,go,inventory,warehouse-go:8084,warehouse-go:8084,2026-06-23 15:14:59,2026-06-23T09:44:59Z,1782207899,ramp_3,930.0,0.0,{}
4,B,HTTP Throughput,go_inventory,go,inventory,inventory-go-twin:9082,inventory-go-twin:9082,2026-06-23 15:15:14,2026-06-23T09:45:14Z,1782207914,ramp_3,945.0,104.92727272727272,{}
4,B,HTTP Throughput,go_inventory,go,inventory,order-go-twin:9083,order-go-twin:9083,2026-06-23 15:15:14,2026-06-23T09:45:14Z,1782207914,ramp_3,945.0,0.0,{}
4,B,HTTP Throughput,go_inventory,go,inventory,warehouse-go:8084,warehouse-go:8084,2026-06-23 15:15:14,2026-06-23T09:45:14Z,1782207914,ramp_3,945.0,0.0,{}
4,B,HTTP Throughput,go_inventory,go,inventory,inventory-go-twin:9082,inventory-go-twin:9082,2026-06-23 15:15:29,2026-06-23T09:45:29Z,1782207929,ramp_3,960.0,109.74545454545454,{}
4,B,HTTP Throughput,go_inventory,go,inventory,order-go-twin:9083,order-go-twin:9083,2026-06-23 15:15:29,2026-06-23T09:45:29Z,1782207929,ramp_3,960.0,0.0,{}
4,B,HTTP Throughput,go_inventory,go,inventory,warehouse-go:8084,warehouse-go:8084,2026-06-23 15:15:29,2026-06-23T09:45:29Z,1782207929,ramp_3,960.0,0.0,{}
4,B,HTTP Throughput,go_inventory,go,inventory,inventory-go-twin:9082,inventory-go-twin:9082,2026-06-23 15:15:44,2026-06-23T09:45:44Z,1782207944,ramp_3,975.0,114.74754086437937,{}
4,B,HTTP Throughput,go_inventory,go,inventory,order-go-twin:9083,order-go-twin:9083,2026-06-23 15:15:44,2026-06-23T09:45:44Z,1782207944,ramp_3,975.0,0.0,{}
4,B,HTTP Throughput,go_inventory,go,inventory,warehouse-go:8084,warehouse-go:8084,2026-06-23 15:15:44,2026-06-23T09:45:44Z,1782207944,ramp_3,975.0,0.0,{}
4,B,HTTP Throughput,go_inventory,go,inventory,inventory-go-twin:9082,inventory-go-twin:9082,2026-06-23 15:15:59,2026-06-23T09:45:59Z,1782207959,ramp_3,990.0,119.74545454545454,{}
4,B,HTTP Throughput,go_inventory,go,inventory,order-go-twin:9083,order-go-twin:9083,2026-06-23 15:15:59,2026-06-23T09:45:59Z,1782207959,ramp_3,990.0,0.0,{}
4,B,HTTP Throughput,go_inventory,go,inventory,warehouse-go:8084,warehouse-go:8084,2026-06-23 15:15:59,2026-06-23T09:45:59Z,1782207959,ramp_3,990.0,0.0,{}
4,B,HTTP Throughput,go_inventory,go,inventory,inventory-go-twin:9082,inventory-go-twin:9082,2026-06-23 15:16:14,2026-06-23T09:46:14Z,1782207974,ramp_3,1005.0,124.78181818181818,{}
4,B,HTTP Throughput,go_inventory,go,inventory,order-go-twin:9083,order-go-twin:9083,2026-06-23 15:16:14,2026-06-23T09:46:14Z,1782207974,ramp_3,1005.0,0.0,{}
4,B,HTTP Throughput,go_inventory,go,inventory,warehouse-go:8084,warehouse-go:8084,2026-06-23 15:16:14,2026-06-23T09:46:14Z,1782207974,ramp_3,1005.0,0.0,{}
4,B,HTTP Throughput,go_inventory,go,inventory,inventory-go-twin:9082,inventory-go-twin:9082,2026-06-23 15:16:29,2026-06-23T09:46:29Z,1782207989,ramp_3,1020.0,129.78181818181818,{}
4,B,HTTP Throughput,go_inventory,go,inventory,order-go-twin:9083,order-go-twin:9083,2026-06-23 15:16:29,2026-06-23T09:46:29Z,1782207989,ramp_3,1020.0,0.0,{}
4,B,HTTP Throughput,go_inventory,go,inventory,warehouse-go:8084,warehouse-go:8084,2026-06-23 15:16:29,2026-06-23T09:46:29Z,1782207989,ramp_3,1020.0,0.0,{}
4,B,HTTP Throughput,go_inventory,go,inventory,inventory-go-twin:9082,inventory-go-twin:9082,2026-06-23 15:16:44,2026-06-23T09:46:44Z,1782208004,ramp_3,1035.0,134.78181818181818,{}
4,B,HTTP Throughput,go_inventory,go,inventory,order-go-twin:9083,order-go-twin:9083,2026-06-23 15:16:44,2026-06-23T09:46:44Z,1782208004,ramp_3,1035.0,0.0,{}
4,B,HTTP Throughput,go_inventory,go,inventory,warehouse-go:8084,warehouse-go:8084,2026-06-23 15:16:44,2026-06-23T09:46:44Z,1782208004,ramp_3,1035.0,0.0,{}
4,B,HTTP Throughput,go_inventory,go,inventory,inventory-go-twin:9082,inventory-go-twin:9082,2026-06-23 15:16:59,2026-06-23T09:46:59Z,1782208019,ramp_3,1050.0,139.61818181818182,{}
4,B,HTTP Throughput,go_inventory,go,inventory,order-go-twin:9083,order-go-twin:9083,2026-06-23 15:16:59,2026-06-23T09:46:59Z,1782208019,ramp_3,1050.0,0.0,{}
4,B,HTTP Throughput,go_inventory,go,inventory,warehouse-go:8084,warehouse-go:8084,2026-06-23 15:16:59,2026-06-23T09:46:59Z,1782208019,ramp_3,1050.0,0.0,{}
4,B,HTTP Throughput,go_inventory,go,inventory,inventory-go-twin:9082,inventory-go-twin:9082,2026-06-23 15:17:14,2026-06-23T09:47:14Z,1782208034,ramp_3,1065.0,144.61818181818182,{}
4,B,HTTP Throughput,go_inventory,go,inventory,order-go-twin:9083,order-go-twin:9083,2026-06-23 15:17:14,2026-06-23T09:47:14Z,1782208034,ramp_3,1065.0,0.0,{}
4,B,HTTP Throughput,go_inventory,go,inventory,warehouse-go:8084,warehouse-go:8084,2026-06-23 15:17:14,2026-06-23T09:47:14Z,1782208034,ramp_3,1065.0,0.0,{}
4,B,HTTP Throughput,go_inventory,go,inventory,inventory-go-twin:9082,inventory-go-twin:9082,2026-06-23 15:17:29,2026-06-23T09:47:29Z,1782208049,ramp_3,1080.0,149.4936271568574,{}
4,B,HTTP Throughput,go_inventory,go,inventory,order-go-twin:9083,order-go-twin:9083,2026-06-23 15:17:29,2026-06-23T09:47:29Z,1782208049,ramp_3,1080.0,0.0,{}
4,B,HTTP Throughput,go_inventory,go,inventory,warehouse-go:8084,warehouse-go:8084,2026-06-23 15:17:29,2026-06-23T09:47:29Z,1782208049,ramp_3,1080.0,0.0,{}
4,B,HTTP Throughput,go_inventory,go,inventory,inventory-go-twin:9082,inventory-go-twin:9082,2026-06-23 15:17:44,2026-06-23T09:47:44Z,1782208064,ramp_3,1095.0,154.66991509245287,{}
4,B,HTTP Throughput,go_inventory,go,inventory,order-go-twin:9083,order-go-twin:9083,2026-06-23 15:17:44,2026-06-23T09:47:44Z,1782208064,ramp_3,1095.0,0.0,{}
4,B,HTTP Throughput,go_inventory,go,inventory,warehouse-go:8084,warehouse-go:8084,2026-06-23 15:17:44,2026-06-23T09:47:44Z,1782208064,ramp_3,1095.0,0.0,{}
4,B,HTTP Throughput,go_inventory,go,inventory,inventory-go-twin:9082,inventory-go-twin:9082,2026-06-23 15:17:59,2026-06-23T09:47:59Z,1782208079,ramp_3,1110.0,159.87272727272727,{}
4,B,HTTP Throughput,go_inventory,go,inventory,order-go-twin:9083,order-go-twin:9083,2026-06-23 15:17:59,2026-06-23T09:47:59Z,1782208079,ramp_3,1110.0,0.0,{}
4,B,HTTP Throughput,go_inventory,go,inventory,warehouse-go:8084,warehouse-go:8084,2026-06-23 15:17:59,2026-06-23T09:47:59Z,1782208079,ramp_3,1110.0,0.0,{}
4,B,HTTP Throughput,go_inventory,go,inventory,inventory-go-twin:9082,inventory-go-twin:9082,2026-06-23 15:18:14,2026-06-23T09:48:14Z,1782208094,ramp_3,1125.0,164.8757250131821,{}
4,B,HTTP Throughput,go_inventory,go,inventory,order-go-twin:9083,order-go-twin:9083,2026-06-23 15:18:14,2026-06-23T09:48:14Z,1782208094,ramp_3,1125.0,0.0,{}
4,B,HTTP Throughput,go_inventory,go,inventory,warehouse-go:8084,warehouse-go:8084,2026-06-23 15:18:14,2026-06-23T09:48:14Z,1782208094,ramp_3,1125.0,0.0,{}
4,B,HTTP Throughput,go_inventory,go,inventory,inventory-go-twin:9082,inventory-go-twin:9082,2026-06-23 15:18:29,2026-06-23T09:48:29Z,1782208109,ramp_3,1140.0,170.0,{}
4,B,HTTP Throughput,go_inventory,go,inventory,order-go-twin:9083,order-go-twin:9083,2026-06-23 15:18:29,2026-06-23T09:48:29Z,1782208109,ramp_3,1140.0,0.0,{}
4,B,HTTP Throughput,go_inventory,go,inventory,warehouse-go:8084,warehouse-go:8084,2026-06-23 15:18:29,2026-06-23T09:48:29Z,1782208109,ramp_3,1140.0,0.0,{}
4,B,HTTP Throughput,go_inventory,go,inventory,inventory-go-twin:9082,inventory-go-twin:9082,2026-06-23 15:18:44,2026-06-23T09:48:44Z,1782208124,ramp_3,1155.0,174.87272727272725,{}
4,B,HTTP Throughput,go_inventory,go,inventory,order-go-twin:9083,order-go-twin:9083,2026-06-23 15:18:44,2026-06-23T09:48:44Z,1782208124,ramp_3,1155.0,0.0,{}
4,B,HTTP Throughput,go_inventory,go,inventory,warehouse-go:8084,warehouse-go:8084,2026-06-23 15:18:44,2026-06-23T09:48:44Z,1782208124,ramp_3,1155.0,0.0,{}
4,B,HTTP Throughput,go_inventory,go,inventory,inventory-go-twin:9082,inventory-go-twin:9082,2026-06-23 15:18:59,2026-06-23T09:48:59Z,1782208139,ramp_3,1170.0,179.87599774541357,{}
4,B,HTTP Throughput,go_inventory,go,inventory,order-go-twin:9083,order-go-twin:9083,2026-06-23 15:18:59,2026-06-23T09:48:59Z,1782208139,ramp_3,1170.0,0.0,{}
4,B,HTTP Throughput,go_inventory,go,inventory,warehouse-go:8084,warehouse-go:8084,2026-06-23 15:18:59,2026-06-23T09:48:59Z,1782208139,ramp_3,1170.0,0.0,{}
4,B,HTTP Throughput,go_inventory,go,inventory,inventory-go-twin:9082,inventory-go-twin:9082,2026-06-23 15:19:14,2026-06-23T09:49:14Z,1782208154,ramp_3,1185.0,184.87272727272725,{}
4,B,HTTP Throughput,go_inventory,go,inventory,order-go-twin:9083,order-go-twin:9083,2026-06-23 15:19:14,2026-06-23T09:49:14Z,1782208154,ramp_3,1185.0,0.0,{}
4,B,HTTP Throughput,go_inventory,go,inventory,warehouse-go:8084,warehouse-go:8084,2026-06-23 15:19:14,2026-06-23T09:49:14Z,1782208154,ramp_3,1185.0,0.0,{}
4,B,HTTP Throughput,go_inventory,go,inventory,inventory-go-twin:9082,inventory-go-twin:9082,2026-06-23 15:19:29,2026-06-23T09:49:29Z,1782208169,sustain,1200.0,190.0,{}
4,B,HTTP Throughput,go_inventory,go,inventory,order-go-twin:9083,order-go-twin:9083,2026-06-23 15:19:29,2026-06-23T09:49:29Z,1782208169,sustain,1200.0,0.0,{}
4,B,HTTP Throughput,go_inventory,go,inventory,warehouse-go:8084,warehouse-go:8084,2026-06-23 15:19:29,2026-06-23T09:49:29Z,1782208169,sustain,1200.0,0.0,{}
4,B,HTTP Throughput,go_inventory,go,inventory,inventory-go-twin:9082,inventory-go-twin:9082,2026-06-23 15:19:44,2026-06-23T09:49:44Z,1782208184,sustain,1215.0,194.53080965108458,{}
4,B,HTTP Throughput,go_inventory,go,inventory,order-go-twin:9083,order-go-twin:9083,2026-06-23 15:19:44,2026-06-23T09:49:44Z,1782208184,sustain,1215.0,0.0,{}
4,B,HTTP Throughput,go_inventory,go,inventory,warehouse-go:8084,warehouse-go:8084,2026-06-23 15:19:44,2026-06-23T09:49:44Z,1782208184,sustain,1215.0,0.0,{}
4,B,HTTP Throughput,go_inventory,go,inventory,inventory-go-twin:9082,inventory-go-twin:9082,2026-06-23 15:19:59,2026-06-23T09:49:59Z,1782208199,sustain,1230.0,197.7090909090909,{}
4,B,HTTP Throughput,go_inventory,go,inventory,order-go-twin:9083,order-go-twin:9083,2026-06-23 15:19:59,2026-06-23T09:49:59Z,1782208199,sustain,1230.0,0.0,{}
4,B,HTTP Throughput,go_inventory,go,inventory,warehouse-go:8084,warehouse-go:8084,2026-06-23 15:19:59,2026-06-23T09:49:59Z,1782208199,sustain,1230.0,0.0,{}
4,B,HTTP Throughput,go_inventory,go,inventory,inventory-go-twin:9082,inventory-go-twin:9082,2026-06-23 15:20:14,2026-06-23T09:50:14Z,1782208214,sustain,1245.0,199.29453262786598,{}
4,B,HTTP Throughput,go_inventory,go,inventory,order-go-twin:9083,order-go-twin:9083,2026-06-23 15:20:14,2026-06-23T09:50:14Z,1782208214,sustain,1245.0,0.0,{}
4,B,HTTP Throughput,go_inventory,go,inventory,warehouse-go:8084,warehouse-go:8084,2026-06-23 15:20:14,2026-06-23T09:50:14Z,1782208214,sustain,1245.0,0.0,{}
4,B,HTTP Throughput,go_inventory,go,inventory,inventory-go-twin:9082,inventory-go-twin:9082,2026-06-23 15:20:29,2026-06-23T09:50:29Z,1782208229,sustain,1260.0,198.9236559335285,{}
4,B,HTTP Throughput,go_inventory,go,inventory,order-go-twin:9083,order-go-twin:9083,2026-06-23 15:20:29,2026-06-23T09:50:29Z,1782208229,sustain,1260.0,0.0,{}
4,B,HTTP Throughput,go_inventory,go,inventory,warehouse-go:8084,warehouse-go:8084,2026-06-23 15:20:29,2026-06-23T09:50:29Z,1782208229,sustain,1260.0,0.0,{}
4,B,HTTP Throughput,go_inventory,go,inventory,inventory-go-twin:9082,inventory-go-twin:9082,2026-06-23 15:20:44,2026-06-23T09:50:44Z,1782208244,sustain,1275.0,198.92727272727274,{}
4,B,HTTP Throughput,go_inventory,go,inventory,order-go-twin:9083,order-go-twin:9083,2026-06-23 15:20:44,2026-06-23T09:50:44Z,1782208244,sustain,1275.0,0.0,{}
4,B,HTTP Throughput,go_inventory,go,inventory,warehouse-go:8084,warehouse-go:8084,2026-06-23 15:20:44,2026-06-23T09:50:44Z,1782208244,sustain,1275.0,0.0,{}
4,B,HTTP Throughput,go_inventory,go,inventory,inventory-go-twin:9082,inventory-go-twin:9082,2026-06-23 15:20:59,2026-06-23T09:50:59Z,1782208259,sustain,1290.0,198.8181818181818,{}
4,B,HTTP Throughput,go_inventory,go,inventory,order-go-twin:9083,order-go-twin:9083,2026-06-23 15:20:59,2026-06-23T09:50:59Z,1782208259,sustain,1290.0,0.0,{}
4,B,HTTP Throughput,go_inventory,go,inventory,warehouse-go:8084,warehouse-go:8084,2026-06-23 15:20:59,2026-06-23T09:50:59Z,1782208259,sustain,1290.0,0.0,{}
4,B,HTTP Throughput,go_inventory,go,inventory,inventory-go-twin:9082,inventory-go-twin:9082,2026-06-23 15:21:14,2026-06-23T09:51:14Z,1782208274,sustain,1305.0,199.59999999999997,{}
4,B,HTTP Throughput,go_inventory,go,inventory,order-go-twin:9083,order-go-twin:9083,2026-06-23 15:21:14,2026-06-23T09:51:14Z,1782208274,sustain,1305.0,0.0,{}
4,B,HTTP Throughput,go_inventory,go,inventory,warehouse-go:8084,warehouse-go:8084,2026-06-23 15:21:14,2026-06-23T09:51:14Z,1782208274,sustain,1305.0,0.0,{}
4,B,HTTP Throughput,go_inventory,go,inventory,inventory-go-twin:9082,inventory-go-twin:9082,2026-06-23 15:21:29,2026-06-23T09:51:29Z,1782208289,sustain,1320.0,199.72727272727272,{}
4,B,HTTP Throughput,go_inventory,go,inventory,order-go-twin:9083,order-go-twin:9083,2026-06-23 15:21:29,2026-06-23T09:51:29Z,1782208289,sustain,1320.0,0.0,{}
4,B,HTTP Throughput,go_inventory,go,inventory,warehouse-go:8084,warehouse-go:8084,2026-06-23 15:21:29,2026-06-23T09:51:29Z,1782208289,sustain,1320.0,0.0,{}
4,B,HTTP Throughput,go_inventory,go,inventory,inventory-go-twin:9082,inventory-go-twin:9082,2026-06-23 15:21:44,2026-06-23T09:51:44Z,1782208304,sustain,1335.0,199.72727272727272,{}
4,B,HTTP Throughput,go_inventory,go,inventory,order-go-twin:9083,order-go-twin:9083,2026-06-23 15:21:44,2026-06-23T09:51:44Z,1782208304,sustain,1335.0,0.0,{}
4,B,HTTP Throughput,go_inventory,go,inventory,warehouse-go:8084,warehouse-go:8084,2026-06-23 15:21:44,2026-06-23T09:51:44Z,1782208304,sustain,1335.0,0.0,{}
4,B,HTTP Throughput,go_inventory,go,inventory,inventory-go-twin:9082,inventory-go-twin:9082,2026-06-23 15:21:59,2026-06-23T09:51:59Z,1782208319,sustain,1350.0,199.94545454545454,{}
4,B,HTTP Throughput,go_inventory,go,inventory,order-go-twin:9083,order-go-twin:9083,2026-06-23 15:21:59,2026-06-23T09:51:59Z,1782208319,sustain,1350.0,0.0,{}
4,B,HTTP Throughput,go_inventory,go,inventory,warehouse-go:8084,warehouse-go:8084,2026-06-23 15:21:59,2026-06-23T09:51:59Z,1782208319,sustain,1350.0,0.0,{}
4,B,HTTP Throughput,go_inventory,go,inventory,inventory-go-twin:9082,inventory-go-twin:9082,2026-06-23 15:22:14,2026-06-23T09:52:14Z,1782208334,sustain,1365.0,199.94545454545454,{}
4,B,HTTP Throughput,go_inventory,go,inventory,order-go-twin:9083,order-go-twin:9083,2026-06-23 15:22:14,2026-06-23T09:52:14Z,1782208334,sustain,1365.0,0.0,{}
4,B,HTTP Throughput,go_inventory,go,inventory,warehouse-go:8084,warehouse-go:8084,2026-06-23 15:22:14,2026-06-23T09:52:14Z,1782208334,sustain,1365.0,0.0,{}
4,B,HTTP Throughput,go_inventory,go,inventory,inventory-go-twin:9082,inventory-go-twin:9082,2026-06-23 15:22:29,2026-06-23T09:52:29Z,1782208349,sustain,1380.0,199.16363636363633,{}
4,B,HTTP Throughput,go_inventory,go,inventory,order-go-twin:9083,order-go-twin:9083,2026-06-23 15:22:29,2026-06-23T09:52:29Z,1782208349,sustain,1380.0,0.0,{}
4,B,HTTP Throughput,go_inventory,go,inventory,warehouse-go:8084,warehouse-go:8084,2026-06-23 15:22:29,2026-06-23T09:52:29Z,1782208349,sustain,1380.0,0.0,{}
4,B,HTTP Throughput,go_inventory,go,inventory,inventory-go-twin:9082,inventory-go-twin:9082,2026-06-23 15:22:44,2026-06-23T09:52:44Z,1782208364,sustain,1395.0,199.16001527244958,{}
4,B,HTTP Throughput,go_inventory,go,inventory,order-go-twin:9083,order-go-twin:9083,2026-06-23 15:22:44,2026-06-23T09:52:44Z,1782208364,sustain,1395.0,0.0,{}
4,B,HTTP Throughput,go_inventory,go,inventory,warehouse-go:8084,warehouse-go:8084,2026-06-23 15:22:44,2026-06-23T09:52:44Z,1782208364,sustain,1395.0,0.0,{}
4,B,HTTP Throughput,go_inventory,go,inventory,inventory-go-twin:9082,inventory-go-twin:9082,2026-06-23 15:22:59,2026-06-23T09:52:59Z,1782208379,sustain,1410.0,199.2181818181818,{}
4,B,HTTP Throughput,go_inventory,go,inventory,order-go-twin:9083,order-go-twin:9083,2026-06-23 15:22:59,2026-06-23T09:52:59Z,1782208379,sustain,1410.0,0.0,{}
4,B,HTTP Throughput,go_inventory,go,inventory,warehouse-go:8084,warehouse-go:8084,2026-06-23 15:22:59,2026-06-23T09:52:59Z,1782208379,sustain,1410.0,0.0,{}
4,B,HTTP Throughput,go_inventory,go,inventory,inventory-go-twin:9082,inventory-go-twin:9082,2026-06-23 15:23:14,2026-06-23T09:53:14Z,1782208394,sustain,1425.0,199.98181818181817,{}
4,B,HTTP Throughput,go_inventory,go,inventory,order-go-twin:9083,order-go-twin:9083,2026-06-23 15:23:14,2026-06-23T09:53:14Z,1782208394,sustain,1425.0,0.0,{}
4,B,HTTP Throughput,go_inventory,go,inventory,warehouse-go:8084,warehouse-go:8084,2026-06-23 15:23:14,2026-06-23T09:53:14Z,1782208394,sustain,1425.0,0.0,{}
4,B,HTTP Throughput,go_inventory,go,inventory,inventory-go-twin:9082,inventory-go-twin:9082,2026-06-23 15:23:29,2026-06-23T09:53:29Z,1782208409,sustain,1440.0,199.65454545454543,{}
4,B,HTTP Throughput,go_inventory,go,inventory,order-go-twin:9083,order-go-twin:9083,2026-06-23 15:23:29,2026-06-23T09:53:29Z,1782208409,sustain,1440.0,0.0,{}
4,B,HTTP Throughput,go_inventory,go,inventory,warehouse-go:8084,warehouse-go:8084,2026-06-23 15:23:29,2026-06-23T09:53:29Z,1782208409,sustain,1440.0,0.0,{}
4,B,HTTP Throughput,go_inventory,go,inventory,inventory-go-twin:9082,inventory-go-twin:9082,2026-06-23 15:23:44,2026-06-23T09:53:44Z,1782208424,sustain,1455.0,199.65454545454543,{}
4,B,HTTP Throughput,go_inventory,go,inventory,order-go-twin:9083,order-go-twin:9083,2026-06-23 15:23:44,2026-06-23T09:53:44Z,1782208424,sustain,1455.0,0.0,{}
4,B,HTTP Throughput,go_inventory,go,inventory,warehouse-go:8084,warehouse-go:8084,2026-06-23 15:23:44,2026-06-23T09:53:44Z,1782208424,sustain,1455.0,0.0,{}
4,B,HTTP Throughput,go_inventory,go,inventory,inventory-go-twin:9082,inventory-go-twin:9082,2026-06-23 15:23:59,2026-06-23T09:53:59Z,1782208439,sustain,1470.0,199.4,{}
4,B,HTTP Throughput,go_inventory,go,inventory,order-go-twin:9083,order-go-twin:9083,2026-06-23 15:23:59,2026-06-23T09:53:59Z,1782208439,sustain,1470.0,0.0,{}
4,B,HTTP Throughput,go_inventory,go,inventory,warehouse-go:8084,warehouse-go:8084,2026-06-23 15:23:59,2026-06-23T09:53:59Z,1782208439,sustain,1470.0,0.0,{}
4,B,HTTP Throughput,go_inventory,go,inventory,inventory-go-twin:9082,inventory-go-twin:9082,2026-06-23 15:24:14,2026-06-23T09:54:14Z,1782208454,sustain,1485.0,199.4,{}
4,B,HTTP Throughput,go_inventory,go,inventory,order-go-twin:9083,order-go-twin:9083,2026-06-23 15:24:14,2026-06-23T09:54:14Z,1782208454,sustain,1485.0,0.0,{}
4,B,HTTP Throughput,go_inventory,go,inventory,warehouse-go:8084,warehouse-go:8084,2026-06-23 15:24:14,2026-06-23T09:54:14Z,1782208454,sustain,1485.0,0.0,{}
4,B,HTTP Throughput,go_inventory,go,inventory,inventory-go-twin:9082,inventory-go-twin:9082,2026-06-23 15:24:29,2026-06-23T09:54:29Z,1782208469,sustain,1500.0,199.74545454545452,{}
4,B,HTTP Throughput,go_inventory,go,inventory,order-go-twin:9083,order-go-twin:9083,2026-06-23 15:24:29,2026-06-23T09:54:29Z,1782208469,sustain,1500.0,0.0,{}
4,B,HTTP Throughput,go_inventory,go,inventory,warehouse-go:8084,warehouse-go:8084,2026-06-23 15:24:29,2026-06-23T09:54:29Z,1782208469,sustain,1500.0,0.0,{}
4,B,HTTP Throughput,go_inventory,go,inventory,inventory-go-twin:9082,inventory-go-twin:9082,2026-06-23 15:24:44,2026-06-23T09:54:44Z,1782208484,sustain,1515.0,199.74545454545452,{}
4,B,HTTP Throughput,go_inventory,go,inventory,order-go-twin:9083,order-go-twin:9083,2026-06-23 15:24:44,2026-06-23T09:54:44Z,1782208484,sustain,1515.0,0.0,{}
4,B,HTTP Throughput,go_inventory,go,inventory,warehouse-go:8084,warehouse-go:8084,2026-06-23 15:24:44,2026-06-23T09:54:44Z,1782208484,sustain,1515.0,0.0,{}
4,B,HTTP Throughput,go_inventory,go,inventory,inventory-go-twin:9082,inventory-go-twin:9082,2026-06-23 15:24:59,2026-06-23T09:54:59Z,1782208499,sustain,1530.0,199.78181818181815,{}
4,B,HTTP Throughput,go_inventory,go,inventory,order-go-twin:9083,order-go-twin:9083,2026-06-23 15:24:59,2026-06-23T09:54:59Z,1782208499,sustain,1530.0,0.0,{}
4,B,HTTP Throughput,go_inventory,go,inventory,warehouse-go:8084,warehouse-go:8084,2026-06-23 15:24:59,2026-06-23T09:54:59Z,1782208499,sustain,1530.0,0.0,{}
4,B,HTTP Throughput,go_inventory,go,inventory,inventory-go-twin:9082,inventory-go-twin:9082,2026-06-23 15:25:14,2026-06-23T09:55:14Z,1782208514,sustain,1545.0,199.78181818181815,{}
4,B,HTTP Throughput,go_inventory,go,inventory,order-go-twin:9083,order-go-twin:9083,2026-06-23 15:25:14,2026-06-23T09:55:14Z,1782208514,sustain,1545.0,0.0,{}
4,B,HTTP Throughput,go_inventory,go,inventory,warehouse-go:8084,warehouse-go:8084,2026-06-23 15:25:14,2026-06-23T09:55:14Z,1782208514,sustain,1545.0,0.0,{}
4,B,HTTP Throughput,go_inventory,go,inventory,inventory-go-twin:9082,inventory-go-twin:9082,2026-06-23 15:25:29,2026-06-23T09:55:29Z,1782208529,sustain,1560.0,199.78181818181815,{}
4,B,HTTP Throughput,go_inventory,go,inventory,order-go-twin:9083,order-go-twin:9083,2026-06-23 15:25:29,2026-06-23T09:55:29Z,1782208529,sustain,1560.0,0.0,{}
4,B,HTTP Throughput,go_inventory,go,inventory,warehouse-go:8084,warehouse-go:8084,2026-06-23 15:25:29,2026-06-23T09:55:29Z,1782208529,sustain,1560.0,0.0,{}
4,B,HTTP Throughput,go_inventory,go,inventory,inventory-go-twin:9082,inventory-go-twin:9082,2026-06-23 15:25:44,2026-06-23T09:55:44Z,1782208544,sustain,1575.0,199.78181818181815,{}
4,B,HTTP Throughput,go_inventory,go,inventory,order-go-twin:9083,order-go-twin:9083,2026-06-23 15:25:44,2026-06-23T09:55:44Z,1782208544,sustain,1575.0,0.0,{}
4,B,HTTP Throughput,go_inventory,go,inventory,warehouse-go:8084,warehouse-go:8084,2026-06-23 15:25:44,2026-06-23T09:55:44Z,1782208544,sustain,1575.0,0.0,{}
4,B,HTTP Throughput,go_inventory,go,inventory,inventory-go-twin:9082,inventory-go-twin:9082,2026-06-23 15:25:59,2026-06-23T09:55:59Z,1782208559,sustain,1590.0,199.6181818181818,{}
4,B,HTTP Throughput,go_inventory,go,inventory,order-go-twin:9083,order-go-twin:9083,2026-06-23 15:25:59,2026-06-23T09:55:59Z,1782208559,sustain,1590.0,0.0,{}
4,B,HTTP Throughput,go_inventory,go,inventory,warehouse-go:8084,warehouse-go:8084,2026-06-23 15:25:59,2026-06-23T09:55:59Z,1782208559,sustain,1590.0,0.0,{}
4,B,HTTP Throughput,go_inventory,go,inventory,inventory-go-twin:9082,inventory-go-twin:9082,2026-06-23 15:26:14,2026-06-23T09:56:14Z,1782208574,sustain,1605.0,199.6181818181818,{}
4,B,HTTP Throughput,go_inventory,go,inventory,order-go-twin:9083,order-go-twin:9083,2026-06-23 15:26:14,2026-06-23T09:56:14Z,1782208574,sustain,1605.0,0.0,{}
4,B,HTTP Throughput,go_inventory,go,inventory,warehouse-go:8084,warehouse-go:8084,2026-06-23 15:26:14,2026-06-23T09:56:14Z,1782208574,sustain,1605.0,0.0,{}
4,B,HTTP Throughput,go_inventory,go,inventory,inventory-go-twin:9082,inventory-go-twin:9082,2026-06-23 15:26:29,2026-06-23T09:56:29Z,1782208589,sustain,1620.0,199.6181818181818,{}
4,B,HTTP Throughput,go_inventory,go,inventory,order-go-twin:9083,order-go-twin:9083,2026-06-23 15:26:29,2026-06-23T09:56:29Z,1782208589,sustain,1620.0,0.0,{}
4,B,HTTP Throughput,go_inventory,go,inventory,warehouse-go:8084,warehouse-go:8084,2026-06-23 15:26:29,2026-06-23T09:56:29Z,1782208589,sustain,1620.0,0.0,{}
4,B,HTTP Throughput,go_inventory,go,inventory,inventory-go-twin:9082,inventory-go-twin:9082,2026-06-23 15:26:44,2026-06-23T09:56:44Z,1782208604,sustain,1635.0,199.8763613883889,{}
4,B,HTTP Throughput,go_inventory,go,inventory,order-go-twin:9083,order-go-twin:9083,2026-06-23 15:26:44,2026-06-23T09:56:44Z,1782208604,sustain,1635.0,0.0,{}
4,B,HTTP Throughput,go_inventory,go,inventory,warehouse-go:8084,warehouse-go:8084,2026-06-23 15:26:44,2026-06-23T09:56:44Z,1782208604,sustain,1635.0,0.0,{}
4,B,HTTP Throughput,go_inventory,go,inventory,inventory-go-twin:9082,inventory-go-twin:9082,2026-06-23 15:26:59,2026-06-23T09:56:59Z,1782208619,sustain,1650.0,199.87272727272727,{}
4,B,HTTP Throughput,go_inventory,go,inventory,order-go-twin:9083,order-go-twin:9083,2026-06-23 15:26:59,2026-06-23T09:56:59Z,1782208619,sustain,1650.0,0.0,{}
4,B,HTTP Throughput,go_inventory,go,inventory,warehouse-go:8084,warehouse-go:8084,2026-06-23 15:26:59,2026-06-23T09:56:59Z,1782208619,sustain,1650.0,0.0,{}
4,B,HTTP Throughput,go_inventory,go,inventory,inventory-go-twin:9082,inventory-go-twin:9082,2026-06-23 15:27:14,2026-06-23T09:57:14Z,1782208634,sustain,1665.0,199.87272727272727,{}
4,B,HTTP Throughput,go_inventory,go,inventory,order-go-twin:9083,order-go-twin:9083,2026-06-23 15:27:14,2026-06-23T09:57:14Z,1782208634,sustain,1665.0,0.0,{}
4,B,HTTP Throughput,go_inventory,go,inventory,warehouse-go:8084,warehouse-go:8084,2026-06-23 15:27:14,2026-06-23T09:57:14Z,1782208634,sustain,1665.0,0.0,{}
4,B,HTTP Throughput,go_inventory,go,inventory,inventory-go-twin:9082,inventory-go-twin:9082,2026-06-23 15:27:29,2026-06-23T09:57:29Z,1782208649,sustain,1680.0,199.74545454545452,{}
4,B,HTTP Throughput,go_inventory,go,inventory,order-go-twin:9083,order-go-twin:9083,2026-06-23 15:27:29,2026-06-23T09:57:29Z,1782208649,sustain,1680.0,0.0,{}
4,B,HTTP Throughput,go_inventory,go,inventory,warehouse-go:8084,warehouse-go:8084,2026-06-23 15:27:29,2026-06-23T09:57:29Z,1782208649,sustain,1680.0,0.0,{}
4,B,HTTP Throughput,go_inventory,go,inventory,inventory-go-twin:9082,inventory-go-twin:9082,2026-06-23 15:27:44,2026-06-23T09:57:44Z,1782208664,sustain,1695.0,199.87272727272727,{}
4,B,HTTP Throughput,go_inventory,go,inventory,order-go-twin:9083,order-go-twin:9083,2026-06-23 15:27:44,2026-06-23T09:57:44Z,1782208664,sustain,1695.0,0.0,{}
4,B,HTTP Throughput,go_inventory,go,inventory,warehouse-go:8084,warehouse-go:8084,2026-06-23 15:27:44,2026-06-23T09:57:44Z,1782208664,sustain,1695.0,0.0,{}
4,B,HTTP Throughput,go_inventory,go,inventory,inventory-go-twin:9082,inventory-go-twin:9082,2026-06-23 15:27:59,2026-06-23T09:57:59Z,1782208679,sustain,1710.0,199.86909328921294,{}
4,B,HTTP Throughput,go_inventory,go,inventory,order-go-twin:9083,order-go-twin:9083,2026-06-23 15:27:59,2026-06-23T09:57:59Z,1782208679,sustain,1710.0,0.0,{}
4,B,HTTP Throughput,go_inventory,go,inventory,warehouse-go:8084,warehouse-go:8084,2026-06-23 15:27:59,2026-06-23T09:57:59Z,1782208679,sustain,1710.0,0.0,{}
4,B,HTTP Throughput,go_inventory,go,inventory,inventory-go-twin:9082,inventory-go-twin:9082,2026-06-23 15:28:14,2026-06-23T09:58:14Z,1782208694,sustain,1725.0,199.87272727272727,{}
4,B,HTTP Throughput,go_inventory,go,inventory,order-go-twin:9083,order-go-twin:9083,2026-06-23 15:28:14,2026-06-23T09:58:14Z,1782208694,sustain,1725.0,0.0,{}
4,B,HTTP Throughput,go_inventory,go,inventory,warehouse-go:8084,warehouse-go:8084,2026-06-23 15:28:14,2026-06-23T09:58:14Z,1782208694,sustain,1725.0,0.0,{}
4,B,HTTP Throughput,go_inventory,go,inventory,inventory-go-twin:9082,inventory-go-twin:9082,2026-06-23 15:28:29,2026-06-23T09:58:29Z,1782208709,sustain,1740.0,200.0036364297533,{}
4,B,HTTP Throughput,go_inventory,go,inventory,order-go-twin:9083,order-go-twin:9083,2026-06-23 15:28:29,2026-06-23T09:58:29Z,1782208709,sustain,1740.0,0.0,{}
4,B,HTTP Throughput,go_inventory,go,inventory,warehouse-go:8084,warehouse-go:8084,2026-06-23 15:28:29,2026-06-23T09:58:29Z,1782208709,sustain,1740.0,0.0,{}
4,B,HTTP Throughput,go_inventory,go,inventory,inventory-go-twin:9082,inventory-go-twin:9082,2026-06-23 15:28:44,2026-06-23T09:58:44Z,1782208724,sustain,1755.0,200.0,{}
4,B,HTTP Throughput,go_inventory,go,inventory,order-go-twin:9083,order-go-twin:9083,2026-06-23 15:28:44,2026-06-23T09:58:44Z,1782208724,sustain,1755.0,0.0,{}
4,B,HTTP Throughput,go_inventory,go,inventory,warehouse-go:8084,warehouse-go:8084,2026-06-23 15:28:44,2026-06-23T09:58:44Z,1782208724,sustain,1755.0,0.0,{}
4,B,HTTP Throughput,go_inventory,go,inventory,inventory-go-twin:9082,inventory-go-twin:9082,2026-06-23 15:28:59,2026-06-23T09:58:59Z,1782208739,sustain,1770.0,200.0,{}
4,B,HTTP Throughput,go_inventory,go,inventory,order-go-twin:9083,order-go-twin:9083,2026-06-23 15:28:59,2026-06-23T09:58:59Z,1782208739,sustain,1770.0,0.0,{}
4,B,HTTP Throughput,go_inventory,go,inventory,warehouse-go:8084,warehouse-go:8084,2026-06-23 15:28:59,2026-06-23T09:58:59Z,1782208739,sustain,1770.0,0.0,{}
4,B,HTTP Throughput,go_inventory,go,inventory,inventory-go-twin:9082,inventory-go-twin:9082,2026-06-23 15:29:14,2026-06-23T09:59:14Z,1782208754,sustain,1785.0,200.0,{}
4,B,HTTP Throughput,go_inventory,go,inventory,order-go-twin:9083,order-go-twin:9083,2026-06-23 15:29:14,2026-06-23T09:59:14Z,1782208754,sustain,1785.0,0.0,{}
4,B,HTTP Throughput,go_inventory,go,inventory,warehouse-go:8084,warehouse-go:8084,2026-06-23 15:29:14,2026-06-23T09:59:14Z,1782208754,sustain,1785.0,0.0,{}
4,B,HTTP Throughput,go_inventory,go,inventory,inventory-go-twin:9082,inventory-go-twin:9082,2026-06-23 15:29:29,2026-06-23T09:59:29Z,1782208769,cooldown,1800.0,200.0,{}
4,B,HTTP Throughput,go_inventory,go,inventory,order-go-twin:9083,order-go-twin:9083,2026-06-23 15:29:29,2026-06-23T09:59:29Z,1782208769,cooldown,1800.0,0.0,{}
4,B,HTTP Throughput,go_inventory,go,inventory,warehouse-go:8084,warehouse-go:8084,2026-06-23 15:29:29,2026-06-23T09:59:29Z,1782208769,cooldown,1800.0,0.0,{}
4,B,HTTP Throughput,go_inventory,go,inventory,inventory-go-twin:9082,inventory-go-twin:9082,2026-06-23 15:29:44,2026-06-23T09:59:44Z,1782208784,cooldown,1815.0,197.63995709012892,{}
4,B,HTTP Throughput,go_inventory,go,inventory,order-go-twin:9083,order-go-twin:9083,2026-06-23 15:29:44,2026-06-23T09:59:44Z,1782208784,cooldown,1815.0,0.0,{}
4,B,HTTP Throughput,go_inventory,go,inventory,warehouse-go:8084,warehouse-go:8084,2026-06-23 15:29:44,2026-06-23T09:59:44Z,1782208784,cooldown,1815.0,0.0,{}
4,B,HTTP Throughput,go_inventory,go,inventory,inventory-go-twin:9082,inventory-go-twin:9082,2026-06-23 15:29:59,2026-06-23T09:59:59Z,1782208799,cooldown,1830.0,193.912616593029,{}
4,B,HTTP Throughput,go_inventory,go,inventory,order-go-twin:9083,order-go-twin:9083,2026-06-23 15:29:59,2026-06-23T09:59:59Z,1782208799,cooldown,1830.0,0.0,{}
4,B,HTTP Throughput,go_inventory,go,inventory,warehouse-go:8084,warehouse-go:8084,2026-06-23 15:29:59,2026-06-23T09:59:59Z,1782208799,cooldown,1830.0,0.0,{}
4,B,HTTP Throughput,go_inventory,go,inventory,inventory-go-twin:9082,inventory-go-twin:9082,2026-06-23 15:30:14,2026-06-23T10:00:14Z,1782208814,cooldown,1845.0,187.45454545454547,{}
4,B,HTTP Throughput,go_inventory,go,inventory,order-go-twin:9083,order-go-twin:9083,2026-06-23 15:30:14,2026-06-23T10:00:14Z,1782208814,cooldown,1845.0,0.0,{}
4,B,HTTP Throughput,go_inventory,go,inventory,warehouse-go:8084,warehouse-go:8084,2026-06-23 15:30:14,2026-06-23T10:00:14Z,1782208814,cooldown,1845.0,0.0,{}
4,B,HTTP Throughput,go_inventory,go,inventory,inventory-go-twin:9082,inventory-go-twin:9082,2026-06-23 15:30:29,2026-06-23T10:00:29Z,1782208829,cooldown,1860.0,179.20325824105896,{}
4,B,HTTP Throughput,go_inventory,go,inventory,order-go-twin:9083,order-go-twin:9083,2026-06-23 15:30:29,2026-06-23T10:00:29Z,1782208829,cooldown,1860.0,0.0,{}
4,B,HTTP Throughput,go_inventory,go,inventory,warehouse-go:8084,warehouse-go:8084,2026-06-23 15:30:29,2026-06-23T10:00:29Z,1782208829,cooldown,1860.0,0.0,{}
4,B,HTTP Throughput,go_inventory,go,inventory,inventory-go-twin:9082,inventory-go-twin:9082,2026-06-23 15:30:44,2026-06-23T10:00:44Z,1782208844,cooldown,1875.0,169.8394516263932,{}
4,B,HTTP Throughput,go_inventory,go,inventory,order-go-twin:9083,order-go-twin:9083,2026-06-23 15:30:44,2026-06-23T10:00:44Z,1782208844,cooldown,1875.0,0.0,{}
4,B,HTTP Throughput,go_inventory,go,inventory,warehouse-go:8084,warehouse-go:8084,2026-06-23 15:30:44,2026-06-23T10:00:44Z,1782208844,cooldown,1875.0,0.0,{}
4,B,HTTP Throughput,go_inventory,go,inventory,inventory-go-twin:9082,inventory-go-twin:9082,2026-06-23 15:30:59,2026-06-23T10:00:59Z,1782208859,cooldown,1890.0,159.89090909090908,{}
4,B,HTTP Throughput,go_inventory,go,inventory,order-go-twin:9083,order-go-twin:9083,2026-06-23 15:30:59,2026-06-23T10:00:59Z,1782208859,cooldown,1890.0,0.0,{}
4,B,HTTP Throughput,go_inventory,go,inventory,warehouse-go:8084,warehouse-go:8084,2026-06-23 15:30:59,2026-06-23T10:00:59Z,1782208859,cooldown,1890.0,0.0,{}
4,B,HTTP Throughput,go_inventory,go,inventory,inventory-go-twin:9082,inventory-go-twin:9082,2026-06-23 15:31:14,2026-06-23T10:01:14Z,1782208874,cooldown,1905.0,149.98181818181817,{}
4,B,HTTP Throughput,go_inventory,go,inventory,order-go-twin:9083,order-go-twin:9083,2026-06-23 15:31:14,2026-06-23T10:01:14Z,1782208874,cooldown,1905.0,0.0,{}
4,B,HTTP Throughput,go_inventory,go,inventory,warehouse-go:8084,warehouse-go:8084,2026-06-23 15:31:14,2026-06-23T10:01:14Z,1782208874,cooldown,1905.0,0.0,{}
4,B,HTTP Throughput,go_inventory,go,inventory,inventory-go-twin:9082,inventory-go-twin:9082,2026-06-23 15:31:29,2026-06-23T10:01:29Z,1782208889,cooldown,1920.0,140.01818181818183,{}
4,B,HTTP Throughput,go_inventory,go,inventory,order-go-twin:9083,order-go-twin:9083,2026-06-23 15:31:29,2026-06-23T10:01:29Z,1782208889,cooldown,1920.0,0.0,{}
4,B,HTTP Throughput,go_inventory,go,inventory,warehouse-go:8084,warehouse-go:8084,2026-06-23 15:31:29,2026-06-23T10:01:29Z,1782208889,cooldown,1920.0,0.0,{}
4,B,HTTP Throughput,go_inventory,go,inventory,inventory-go-twin:9082,inventory-go-twin:9082,2026-06-23 15:31:44,2026-06-23T10:01:44Z,1782208904,cooldown,1935.0,129.92727272727274,{}
4,B,HTTP Throughput,go_inventory,go,inventory,order-go-twin:9083,order-go-twin:9083,2026-06-23 15:31:44,2026-06-23T10:01:44Z,1782208904,cooldown,1935.0,0.0,{}
4,B,HTTP Throughput,go_inventory,go,inventory,warehouse-go:8084,warehouse-go:8084,2026-06-23 15:31:44,2026-06-23T10:01:44Z,1782208904,cooldown,1935.0,0.0,{}
4,B,HTTP Throughput,go_inventory,go,inventory,inventory-go-twin:9082,inventory-go-twin:9082,2026-06-23 15:31:59,2026-06-23T10:01:59Z,1782208919,cooldown,1950.0,120.0,{}
4,B,HTTP Throughput,go_inventory,go,inventory,order-go-twin:9083,order-go-twin:9083,2026-06-23 15:31:59,2026-06-23T10:01:59Z,1782208919,cooldown,1950.0,0.0,{}
4,B,HTTP Throughput,go_inventory,go,inventory,warehouse-go:8084,warehouse-go:8084,2026-06-23 15:31:59,2026-06-23T10:01:59Z,1782208919,cooldown,1950.0,0.0,{}
4,B,HTTP Throughput,go_inventory,go,inventory,inventory-go-twin:9082,inventory-go-twin:9082,2026-06-23 15:32:14,2026-06-23T10:02:14Z,1782208934,cooldown,1965.0,110.0,{}
4,B,HTTP Throughput,go_inventory,go,inventory,order-go-twin:9083,order-go-twin:9083,2026-06-23 15:32:14,2026-06-23T10:02:14Z,1782208934,cooldown,1965.0,0.0,{}
4,B,HTTP Throughput,go_inventory,go,inventory,warehouse-go:8084,warehouse-go:8084,2026-06-23 15:32:14,2026-06-23T10:02:14Z,1782208934,cooldown,1965.0,0.0,{}
4,B,HTTP Throughput,go_inventory,go,inventory,inventory-go-twin:9082,inventory-go-twin:9082,2026-06-23 15:32:29,2026-06-23T10:02:29Z,1782208949,cooldown,1980.0,99.43636363636364,{}
4,B,HTTP Throughput,go_inventory,go,inventory,order-go-twin:9083,order-go-twin:9083,2026-06-23 15:32:29,2026-06-23T10:02:29Z,1782208949,cooldown,1980.0,0.0,{}
4,B,HTTP Throughput,go_inventory,go,inventory,warehouse-go:8084,warehouse-go:8084,2026-06-23 15:32:29,2026-06-23T10:02:29Z,1782208949,cooldown,1980.0,0.0,{}
4,B,HTTP Throughput,go_inventory,go,inventory,inventory-go-twin:9082,inventory-go-twin:9082,2026-06-23 15:32:44,2026-06-23T10:02:44Z,1782208964,cooldown,1995.0,89.27110416174251,{}
4,B,HTTP Throughput,go_inventory,go,inventory,order-go-twin:9083,order-go-twin:9083,2026-06-23 15:32:44,2026-06-23T10:02:44Z,1782208964,cooldown,1995.0,0.0,{}
4,B,HTTP Throughput,go_inventory,go,inventory,warehouse-go:8084,warehouse-go:8084,2026-06-23 15:32:44,2026-06-23T10:02:44Z,1782208964,cooldown,1995.0,0.0,{}
4,B,HTTP Throughput,go_inventory,go,inventory,inventory-go-twin:9082,inventory-go-twin:9082,2026-06-23 15:32:59,2026-06-23T10:02:59Z,1782208979,cooldown,2010.0,79.36363636363636,{}
4,B,HTTP Throughput,go_inventory,go,inventory,order-go-twin:9083,order-go-twin:9083,2026-06-23 15:32:59,2026-06-23T10:02:59Z,1782208979,cooldown,2010.0,0.0,{}
4,B,HTTP Throughput,go_inventory,go,inventory,warehouse-go:8084,warehouse-go:8084,2026-06-23 15:32:59,2026-06-23T10:02:59Z,1782208979,cooldown,2010.0,0.0,{}
4,B,HTTP Throughput,go_inventory,go,inventory,inventory-go-twin:9082,inventory-go-twin:9082,2026-06-23 15:33:14,2026-06-23T10:03:14Z,1782208994,cooldown,2025.0,69.45454545454545,{}
4,B,HTTP Throughput,go_inventory,go,inventory,order-go-twin:9083,order-go-twin:9083,2026-06-23 15:33:14,2026-06-23T10:03:14Z,1782208994,cooldown,2025.0,0.0,{}
4,B,HTTP Throughput,go_inventory,go,inventory,warehouse-go:8084,warehouse-go:8084,2026-06-23 15:33:14,2026-06-23T10:03:14Z,1782208994,cooldown,2025.0,0.0,{}
4,B,HTTP Throughput,go_inventory,go,inventory,inventory-go-twin:9082,inventory-go-twin:9082,2026-06-23 15:33:29,2026-06-23T10:03:29Z,1782209009,cooldown,2040.0,60.07381952399135,{}
4,B,HTTP Throughput,go_inventory,go,inventory,order-go-twin:9083,order-go-twin:9083,2026-06-23 15:33:29,2026-06-23T10:03:29Z,1782209009,cooldown,2040.0,0.0,{}
4,B,HTTP Throughput,go_inventory,go,inventory,warehouse-go:8084,warehouse-go:8084,2026-06-23 15:33:29,2026-06-23T10:03:29Z,1782209009,cooldown,2040.0,0.0,{}
4,B,HTTP Throughput,go_inventory,go,inventory,inventory-go-twin:9082,inventory-go-twin:9082,2026-06-23 15:33:44,2026-06-23T10:03:44Z,1782209024,cooldown,2055.0,50.018181818181816,{}
4,B,HTTP Throughput,go_inventory,go,inventory,order-go-twin:9083,order-go-twin:9083,2026-06-23 15:33:44,2026-06-23T10:03:44Z,1782209024,cooldown,2055.0,0.0,{}
4,B,HTTP Throughput,go_inventory,go,inventory,warehouse-go:8084,warehouse-go:8084,2026-06-23 15:33:44,2026-06-23T10:03:44Z,1782209024,cooldown,2055.0,0.0,{}
4,B,HTTP Throughput,go_inventory,go,inventory,inventory-go-twin:9082,inventory-go-twin:9082,2026-06-23 15:33:59,2026-06-23T10:03:59Z,1782209039,cooldown,2070.0,39.92654679005836,{}
4,B,HTTP Throughput,go_inventory,go,inventory,order-go-twin:9083,order-go-twin:9083,2026-06-23 15:33:59,2026-06-23T10:03:59Z,1782209039,cooldown,2070.0,0.0,{}
4,B,HTTP Throughput,go_inventory,go,inventory,warehouse-go:8084,warehouse-go:8084,2026-06-23 15:33:59,2026-06-23T10:03:59Z,1782209039,cooldown,2070.0,0.0,{}
4,B,HTTP Throughput,go_inventory,go,inventory,inventory-go-twin:9082,inventory-go-twin:9082,2026-06-23 15:34:14,2026-06-23T10:04:14Z,1782209054,cooldown,2085.0,29.836363636363632,{}
4,B,HTTP Throughput,go_inventory,go,inventory,order-go-twin:9083,order-go-twin:9083,2026-06-23 15:34:14,2026-06-23T10:04:14Z,1782209054,cooldown,2085.0,0.0,{}
4,B,HTTP Throughput,go_inventory,go,inventory,warehouse-go:8084,warehouse-go:8084,2026-06-23 15:34:14,2026-06-23T10:04:14Z,1782209054,cooldown,2085.0,0.0,{}
4,B,HTTP Throughput,go_inventory,go,inventory,inventory-go-twin:9082,inventory-go-twin:9082,2026-06-23 15:34:29,2026-06-23T10:04:29Z,1782209069,post_test,2100.0,19.90909090909091,{}
4,B,HTTP Throughput,go_inventory,go,inventory,order-go-twin:9083,order-go-twin:9083,2026-06-23 15:34:29,2026-06-23T10:04:29Z,1782209069,post_test,2100.0,0.0,{}
4,B,HTTP Throughput,go_inventory,go,inventory,warehouse-go:8084,warehouse-go:8084,2026-06-23 15:34:29,2026-06-23T10:04:29Z,1782209069,post_test,2100.0,0.0,{}
4,B,HTTP Throughput,go_order,go,order,order-go-twin:9083,order-go-twin:9083,2026-06-23 13:39:26,2026-06-23T08:09:26Z,1782202166,warmup,15.0,0.0,{}
4,B,HTTP Throughput,go_order,go,order,order-go-twin:9083,order-go-twin:9083,2026-06-23 13:39:41,2026-06-23T08:09:41Z,1782202181,warmup,30.0,0.0,{}
4,B,HTTP Throughput,go_order,go,order,inventory-go-twin:9082,inventory-go-twin:9082,2026-06-23 13:39:56,2026-06-23T08:09:56Z,1782202196,warmup,45.0,0.0,{}
4,B,HTTP Throughput,go_order,go,order,order-go-twin:9083,order-go-twin:9083,2026-06-23 13:39:56,2026-06-23T08:09:56Z,1782202196,warmup,45.0,0.07485333333333334,{}
4,B,HTTP Throughput,go_order,go,order,inventory-go-twin:9082,inventory-go-twin:9082,2026-06-23 13:40:11,2026-06-23T08:10:11Z,1782202211,warmup,60.0,0.15711611111111112,{}
4,B,HTTP Throughput,go_order,go,order,order-go-twin:9083,order-go-twin:9083,2026-06-23 13:40:11,2026-06-23T08:10:11Z,1782202211,warmup,60.0,0.2185666666666667,{}
4,B,HTTP Throughput,go_order,go,order,inventory-go-twin:9082,inventory-go-twin:9082,2026-06-23 13:40:26,2026-06-23T08:10:26Z,1782202226,warmup,75.0,0.7407850793650793,{}
4,B,HTTP Throughput,go_order,go,order,order-go-twin:9083,order-go-twin:9083,2026-06-23 13:40:26,2026-06-23T08:10:26Z,1782202226,warmup,75.0,0.4908095238095238,{}
4,B,HTTP Throughput,go_order,go,order,inventory-go-twin:9082,inventory-go-twin:9082,2026-06-23 13:40:41,2026-06-23T08:10:41Z,1782202241,warmup,90.0,1.3071521256613756,{}
4,B,HTTP Throughput,go_order,go,order,order-go-twin:9083,order-go-twin:9083,2026-06-23 13:40:41,2026-06-23T08:10:41Z,1782202241,warmup,90.0,0.7684493333333334,{}
4,B,HTTP Throughput,go_order,go,order,inventory-go-twin:9082,inventory-go-twin:9082,2026-06-23 13:40:56,2026-06-23T08:10:56Z,1782202256,warmup,105.0,2.104732727272727,{}
4,B,HTTP Throughput,go_order,go,order,order-go-twin:9083,order-go-twin:9083,2026-06-23 13:40:56,2026-06-23T08:10:56Z,1782202256,warmup,105.0,1.0909090909090908,{}
4,B,HTTP Throughput,go_order,go,order,inventory-go-twin:9082,inventory-go-twin:9082,2026-06-23 13:41:11,2026-06-23T08:11:11Z,1782202271,warmup,120.0,2.745454545454545,{}
4,B,HTTP Throughput,go_order,go,order,order-go-twin:9083,order-go-twin:9083,2026-06-23 13:41:11,2026-06-23T08:11:11Z,1782202271,warmup,120.0,1.3818181818181818,{}
4,B,HTTP Throughput,go_order,go,order,inventory-go-twin:9082,inventory-go-twin:9082,2026-06-23 13:41:26,2026-06-23T08:11:26Z,1782202286,warmup,135.0,3.2545454545454544,{}
4,B,HTTP Throughput,go_order,go,order,order-go-twin:9083,order-go-twin:9083,2026-06-23 13:41:26,2026-06-23T08:11:26Z,1782202286,warmup,135.0,1.5999999999999999,{}
4,B,HTTP Throughput,go_order,go,order,inventory-go-twin:9082,inventory-go-twin:9082,2026-06-23 13:41:41,2026-06-23T08:11:41Z,1782202301,warmup,150.0,3.9090909090909087,{}
4,B,HTTP Throughput,go_order,go,order,order-go-twin:9083,order-go-twin:9083,2026-06-23 13:41:41,2026-06-23T08:11:41Z,1782202301,warmup,150.0,1.9636363636363636,{}
4,B,HTTP Throughput,go_order,go,order,inventory-go-twin:9082,inventory-go-twin:9082,2026-06-23 13:41:56,2026-06-23T08:11:56Z,1782202316,warmup,165.0,4.381818181818182,{}
4,B,HTTP Throughput,go_order,go,order,order-go-twin:9083,order-go-twin:9083,2026-06-23 13:41:56,2026-06-23T08:11:56Z,1782202316,warmup,165.0,2.2181818181818183,{}
4,B,HTTP Throughput,go_order,go,order,inventory-go-twin:9082,inventory-go-twin:9082,2026-06-23 13:42:11,2026-06-23T08:12:11Z,1782202331,warmup,180.0,4.9818181818181815,{}
4,B,HTTP Throughput,go_order,go,order,order-go-twin:9083,order-go-twin:9083,2026-06-23 13:42:11,2026-06-23T08:12:11Z,1782202331,warmup,180.0,2.4545454545454546,{}
4,B,HTTP Throughput,go_order,go,order,inventory-go-twin:9082,inventory-go-twin:9082,2026-06-23 13:42:26,2026-06-23T08:12:26Z,1782202346,warmup,195.0,5.5636363636363635,{}
4,B,HTTP Throughput,go_order,go,order,order-go-twin:9083,order-go-twin:9083,2026-06-23 13:42:26,2026-06-23T08:12:26Z,1782202346,warmup,195.0,2.7818181818181817,{}
4,B,HTTP Throughput,go_order,go,order,inventory-go-twin:9082,inventory-go-twin:9082,2026-06-23 13:42:41,2026-06-23T08:12:41Z,1782202361,warmup,210.0,6.054545454545455,{}
4,B,HTTP Throughput,go_order,go,order,order-go-twin:9083,order-go-twin:9083,2026-06-23 13:42:41,2026-06-23T08:12:41Z,1782202361,warmup,210.0,3.0727272727272728,{}
4,B,HTTP Throughput,go_order,go,order,inventory-go-twin:9082,inventory-go-twin:9082,2026-06-23 13:42:56,2026-06-23T08:12:56Z,1782202376,warmup,225.0,6.690909090909091,{}
4,B,HTTP Throughput,go_order,go,order,order-go-twin:9083,order-go-twin:9083,2026-06-23 13:42:56,2026-06-23T08:12:56Z,1782202376,warmup,225.0,3.3454545454545452,{}
4,B,HTTP Throughput,go_order,go,order,inventory-go-twin:9082,inventory-go-twin:9082,2026-06-23 13:43:11,2026-06-23T08:13:11Z,1782202391,warmup,240.0,6.981818181818182,{}
4,B,HTTP Throughput,go_order,go,order,order-go-twin:9083,order-go-twin:9083,2026-06-23 13:43:11,2026-06-23T08:13:11Z,1782202391,warmup,240.0,3.4909090909090907,{}
4,B,HTTP Throughput,go_order,go,order,inventory-go-twin:9082,inventory-go-twin:9082,2026-06-23 13:43:26,2026-06-23T08:13:26Z,1782202406,warmup,255.0,7.3090909090909095,{}
4,B,HTTP Throughput,go_order,go,order,order-go-twin:9083,order-go-twin:9083,2026-06-23 13:43:26,2026-06-23T08:13:26Z,1782202406,warmup,255.0,3.6545454545454543,{}
4,B,HTTP Throughput,go_order,go,order,inventory-go-twin:9082,inventory-go-twin:9082,2026-06-23 13:43:41,2026-06-23T08:13:41Z,1782202421,warmup,270.0,7.945454545454544,{}
4,B,HTTP Throughput,go_order,go,order,order-go-twin:9083,order-go-twin:9083,2026-06-23 13:43:41,2026-06-23T08:13:41Z,1782202421,warmup,270.0,3.9454545454545453,{}
4,B,HTTP Throughput,go_order,go,order,inventory-go-twin:9082,inventory-go-twin:9082,2026-06-23 13:43:56,2026-06-23T08:13:56Z,1782202436,warmup,285.0,8.709090909090909,{}
4,B,HTTP Throughput,go_order,go,order,order-go-twin:9083,order-go-twin:9083,2026-06-23 13:43:56,2026-06-23T08:13:56Z,1782202436,warmup,285.0,4.3999999999999995,{}
4,B,HTTP Throughput,go_order,go,order,inventory-go-twin:9082,inventory-go-twin:9082,2026-06-23 13:44:11,2026-06-23T08:14:11Z,1782202451,ramp_1,300.0,9.4,{}
4,B,HTTP Throughput,go_order,go,order,order-go-twin:9083,order-go-twin:9083,2026-06-23 13:44:11,2026-06-23T08:14:11Z,1782202451,ramp_1,300.0,4.763636363636364,{}
4,B,HTTP Throughput,go_order,go,order,inventory-go-twin:9082,inventory-go-twin:9082,2026-06-23 13:44:26,2026-06-23T08:14:26Z,1782202466,ramp_1,315.0,10.145454545454545,{}
4,B,HTTP Throughput,go_order,go,order,order-go-twin:9083,order-go-twin:9083,2026-06-23 13:44:26,2026-06-23T08:14:26Z,1782202466,ramp_1,315.0,5.072727272727272,{}
4,B,HTTP Throughput,go_order,go,order,inventory-go-twin:9082,inventory-go-twin:9082,2026-06-23 13:44:41,2026-06-23T08:14:41Z,1782202481,ramp_1,330.0,11.472727272727273,{}
4,B,HTTP Throughput,go_order,go,order,order-go-twin:9083,order-go-twin:9083,2026-06-23 13:44:41,2026-06-23T08:14:41Z,1782202481,ramp_1,330.0,5.654545454545454,{}
4,B,HTTP Throughput,go_order,go,order,inventory-go-twin:9082,inventory-go-twin:9082,2026-06-23 13:44:56,2026-06-23T08:14:56Z,1782202496,ramp_1,345.0,13.072727272727272,{}
4,B,HTTP Throughput,go_order,go,order,order-go-twin:9083,order-go-twin:9083,2026-06-23 13:44:56,2026-06-23T08:14:56Z,1782202496,ramp_1,345.0,6.581818181818181,{}
4,B,HTTP Throughput,go_order,go,order,inventory-go-twin:9082,inventory-go-twin:9082,2026-06-23 13:45:11,2026-06-23T08:15:11Z,1782202511,ramp_1,360.0,14.999999999999998,{}
4,B,HTTP Throughput,go_order,go,order,order-go-twin:9083,order-go-twin:9083,2026-06-23 13:45:11,2026-06-23T08:15:11Z,1782202511,ramp_1,360.0,7.509090909090909,{}
4,B,HTTP Throughput,go_order,go,order,inventory-go-twin:9082,inventory-go-twin:9082,2026-06-23 13:45:26,2026-06-23T08:15:26Z,1782202526,ramp_1,375.0,17.327272727272728,{}
4,B,HTTP Throughput,go_order,go,order,order-go-twin:9083,order-go-twin:9083,2026-06-23 13:45:26,2026-06-23T08:15:26Z,1782202526,ramp_1,375.0,8.672727272727272,{}
4,B,HTTP Throughput,go_order,go,order,inventory-go-twin:9082,inventory-go-twin:9082,2026-06-23 13:45:41,2026-06-23T08:15:41Z,1782202541,ramp_1,390.0,19.581818181818182,{}
4,B,HTTP Throughput,go_order,go,order,order-go-twin:9083,order-go-twin:9083,2026-06-23 13:45:41,2026-06-23T08:15:41Z,1782202541,ramp_1,390.0,9.781818181818181,{}
4,B,HTTP Throughput,go_order,go,order,inventory-go-twin:9082,inventory-go-twin:9082,2026-06-23 13:45:56,2026-06-23T08:15:56Z,1782202556,ramp_1,405.0,21.945454545454545,{}
4,B,HTTP Throughput,go_order,go,order,order-go-twin:9083,order-go-twin:9083,2026-06-23 13:45:56,2026-06-23T08:15:56Z,1782202556,ramp_1,405.0,10.98181818181818,{}
4,B,HTTP Throughput,go_order,go,order,inventory-go-twin:9082,inventory-go-twin:9082,2026-06-23 13:46:11,2026-06-23T08:16:11Z,1782202571,ramp_1,420.0,24.10909090909091,{}
4,B,HTTP Throughput,go_order,go,order,order-go-twin:9083,order-go-twin:9083,2026-06-23 13:46:11,2026-06-23T08:16:11Z,1782202571,ramp_1,420.0,12.054545454545455,{}
4,B,HTTP Throughput,go_order,go,order,inventory-go-twin:9082,inventory-go-twin:9082,2026-06-23 13:46:26,2026-06-23T08:16:26Z,1782202586,ramp_1,435.0,26.2,{}
4,B,HTTP Throughput,go_order,go,order,order-go-twin:9083,order-go-twin:9083,2026-06-23 13:46:26,2026-06-23T08:16:26Z,1782202586,ramp_1,435.0,12.927272727272726,{}
4,B,HTTP Throughput,go_order,go,order,inventory-go-twin:9082,inventory-go-twin:9082,2026-06-23 13:46:41,2026-06-23T08:16:41Z,1782202601,ramp_1,450.0,28.709090909090907,{}
4,B,HTTP Throughput,go_order,go,order,order-go-twin:9083,order-go-twin:9083,2026-06-23 13:46:41,2026-06-23T08:16:41Z,1782202601,ramp_1,450.0,14.363636363636363,{}
4,B,HTTP Throughput,go_order,go,order,inventory-go-twin:9082,inventory-go-twin:9082,2026-06-23 13:46:56,2026-06-23T08:16:56Z,1782202616,ramp_1,465.0,30.563636363636363,{}
4,B,HTTP Throughput,go_order,go,order,order-go-twin:9083,order-go-twin:9083,2026-06-23 13:46:56,2026-06-23T08:16:56Z,1782202616,ramp_1,465.0,15.327272727272726,{}
4,B,HTTP Throughput,go_order,go,order,inventory-go-twin:9082,inventory-go-twin:9082,2026-06-23 13:47:11,2026-06-23T08:17:11Z,1782202631,ramp_1,480.0,33.199999999999996,{}
4,B,HTTP Throughput,go_order,go,order,order-go-twin:9083,order-go-twin:9083,2026-06-23 13:47:11,2026-06-23T08:17:11Z,1782202631,ramp_1,480.0,16.527272727272727,{}
4,B,HTTP Throughput,go_order,go,order,inventory-go-twin:9082,inventory-go-twin:9082,2026-06-23 13:47:26,2026-06-23T08:17:26Z,1782202646,ramp_1,495.0,35.74545454545454,{}
4,B,HTTP Throughput,go_order,go,order,order-go-twin:9083,order-go-twin:9083,2026-06-23 13:47:26,2026-06-23T08:17:26Z,1782202646,ramp_1,495.0,17.854545454545455,{}
4,B,HTTP Throughput,go_order,go,order,inventory-go-twin:9082,inventory-go-twin:9082,2026-06-23 13:47:41,2026-06-23T08:17:41Z,1782202661,ramp_1,510.0,38.199999999999996,{}
4,B,HTTP Throughput,go_order,go,order,order-go-twin:9083,order-go-twin:9083,2026-06-23 13:47:41,2026-06-23T08:17:41Z,1782202661,ramp_1,510.0,19.127272727272725,{}
4,B,HTTP Throughput,go_order,go,order,inventory-go-twin:9082,inventory-go-twin:9082,2026-06-23 13:47:56,2026-06-23T08:17:56Z,1782202676,ramp_1,525.0,40.83636363636363,{}
4,B,HTTP Throughput,go_order,go,order,order-go-twin:9083,order-go-twin:9083,2026-06-23 13:47:56,2026-06-23T08:17:56Z,1782202676,ramp_1,525.0,20.363636363636363,{}
4,B,HTTP Throughput,go_order,go,order,inventory-go-twin:9082,inventory-go-twin:9082,2026-06-23 13:48:11,2026-06-23T08:18:11Z,1782202691,ramp_1,540.0,41.21818181818181,{}
4,B,HTTP Throughput,go_order,go,order,order-go-twin:9083,order-go-twin:9083,2026-06-23 13:48:11,2026-06-23T08:18:11Z,1782202691,ramp_1,540.0,20.581818181818182,{}
4,B,HTTP Throughput,go_order,go,order,inventory-go-twin:9082,inventory-go-twin:9082,2026-06-23 13:48:26,2026-06-23T08:18:26Z,1782202706,ramp_1,555.0,43.96363636363636,{}
4,B,HTTP Throughput,go_order,go,order,order-go-twin:9083,order-go-twin:9083,2026-06-23 13:48:26,2026-06-23T08:18:26Z,1782202706,ramp_1,555.0,22.018181818181816,{}
4,B,HTTP Throughput,go_order,go,order,inventory-go-twin:9082,inventory-go-twin:9082,2026-06-23 13:48:41,2026-06-23T08:18:41Z,1782202721,ramp_1,570.0,46.50909090909091,{}
4,B,HTTP Throughput,go_order,go,order,order-go-twin:9083,order-go-twin:9083,2026-06-23 13:48:41,2026-06-23T08:18:41Z,1782202721,ramp_1,570.0,23.254545454545454,{}
4,B,HTTP Throughput,go_order,go,order,inventory-go-twin:9082,inventory-go-twin:9082,2026-06-23 13:48:56,2026-06-23T08:18:56Z,1782202736,ramp_1,585.0,49.32727272727273,{}
4,B,HTTP Throughput,go_order,go,order,order-go-twin:9083,order-go-twin:9083,2026-06-23 13:48:56,2026-06-23T08:18:56Z,1782202736,ramp_1,585.0,24.654545454545453,{}
4,B,HTTP Throughput,go_order,go,order,inventory-go-twin:9082,inventory-go-twin:9082,2026-06-23 13:49:11,2026-06-23T08:19:11Z,1782202751,ramp_2,600.0,54.21818181818182,{}
4,B,HTTP Throughput,go_order,go,order,order-go-twin:9083,order-go-twin:9083,2026-06-23 13:49:11,2026-06-23T08:19:11Z,1782202751,ramp_2,600.0,27.145454545454545,{}
4,B,HTTP Throughput,go_order,go,order,inventory-go-twin:9082,inventory-go-twin:9082,2026-06-23 13:49:26,2026-06-23T08:19:26Z,1782202766,ramp_2,615.0,56.763636363636365,{}
4,B,HTTP Throughput,go_order,go,order,order-go-twin:9083,order-go-twin:9083,2026-06-23 13:49:26,2026-06-23T08:19:26Z,1782202766,ramp_2,615.0,28.363636363636363,{}
4,B,HTTP Throughput,go_order,go,order,inventory-go-twin:9082,inventory-go-twin:9082,2026-06-23 13:49:41,2026-06-23T08:19:41Z,1782202781,ramp_2,630.0,59.76363636363636,{}
4,B,HTTP Throughput,go_order,go,order,order-go-twin:9083,order-go-twin:9083,2026-06-23 13:49:41,2026-06-23T08:19:41Z,1782202781,ramp_2,630.0,29.945454545454545,{}
4,B,HTTP Throughput,go_order,go,order,inventory-go-twin:9082,inventory-go-twin:9082,2026-06-23 13:49:56,2026-06-23T08:19:56Z,1782202796,ramp_2,645.0,62.85454545454545,{}
4,B,HTTP Throughput,go_order,go,order,order-go-twin:9083,order-go-twin:9083,2026-06-23 13:49:56,2026-06-23T08:19:56Z,1782202796,ramp_2,645.0,31.436363636363634,{}
4,B,HTTP Throughput,go_order,go,order,inventory-go-twin:9082,inventory-go-twin:9082,2026-06-23 13:50:11,2026-06-23T08:20:11Z,1782202811,ramp_2,660.0,65.92727272727272,{}
4,B,HTTP Throughput,go_order,go,order,order-go-twin:9083,order-go-twin:9083,2026-06-23 13:50:11,2026-06-23T08:20:11Z,1782202811,ramp_2,660.0,32.945454545454545,{}
4,B,HTTP Throughput,go_order,go,order,inventory-go-twin:9082,inventory-go-twin:9082,2026-06-23 13:50:26,2026-06-23T08:20:26Z,1782202826,ramp_2,675.0,68.87272727272727,{}
4,B,HTTP Throughput,go_order,go,order,order-go-twin:9083,order-go-twin:9083,2026-06-23 13:50:26,2026-06-23T08:20:26Z,1782202826,ramp_2,675.0,34.4,{}
4,B,HTTP Throughput,go_order,go,order,inventory-go-twin:9082,inventory-go-twin:9082,2026-06-23 13:50:41,2026-06-23T08:20:41Z,1782202841,ramp_2,690.0,71.56363636363636,{}
4,B,HTTP Throughput,go_order,go,order,order-go-twin:9083,order-go-twin:9083,2026-06-23 13:50:41,2026-06-23T08:20:41Z,1782202841,ramp_2,690.0,35.72727272727273,{}
4,B,HTTP Throughput,go_order,go,order,inventory-go-twin:9082,inventory-go-twin:9082,2026-06-23 13:50:56,2026-06-23T08:20:56Z,1782202856,ramp_2,705.0,73.43636363636364,{}
4,B,HTTP Throughput,go_order,go,order,order-go-twin:9083,order-go-twin:9083,2026-06-23 13:50:56,2026-06-23T08:20:56Z,1782202856,ramp_2,705.0,36.69090909090909,{}
4,B,HTTP Throughput,go_order,go,order,inventory-go-twin:9082,inventory-go-twin:9082,2026-06-23 13:51:11,2026-06-23T08:21:11Z,1782202871,ramp_2,720.0,74.72727272727272,{}
4,B,HTTP Throughput,go_order,go,order,order-go-twin:9083,order-go-twin:9083,2026-06-23 13:51:11,2026-06-23T08:21:11Z,1782202871,ramp_2,720.0,37.29090909090909,{}
4,B,HTTP Throughput,go_order,go,order,inventory-go-twin:9082,inventory-go-twin:9082,2026-06-23 13:51:26,2026-06-23T08:21:26Z,1782202886,ramp_2,735.0,75.14545454545454,{}
4,B,HTTP Throughput,go_order,go,order,order-go-twin:9083,order-go-twin:9083,2026-06-23 13:51:26,2026-06-23T08:21:26Z,1782202886,ramp_2,735.0,37.49090909090909,{}
4,B,HTTP Throughput,go_order,go,order,inventory-go-twin:9082,inventory-go-twin:9082,2026-06-23 13:51:41,2026-06-23T08:21:41Z,1782202901,ramp_2,750.0,75.10909090909091,{}
4,B,HTTP Throughput,go_order,go,order,order-go-twin:9083,order-go-twin:9083,2026-06-23 13:51:41,2026-06-23T08:21:41Z,1782202901,ramp_2,750.0,37.45454545454545,{}
4,B,HTTP Throughput,go_order,go,order,inventory-go-twin:9082,inventory-go-twin:9082,2026-06-23 13:51:56,2026-06-23T08:21:56Z,1782202916,ramp_2,765.0,75.21818181818182,{}
4,B,HTTP Throughput,go_order,go,order,order-go-twin:9083,order-go-twin:9083,2026-06-23 13:51:56,2026-06-23T08:21:56Z,1782202916,ramp_2,765.0,37.50909090909091,{}
4,B,HTTP Throughput,go_order,go,order,inventory-go-twin:9082,inventory-go-twin:9082,2026-06-23 13:52:11,2026-06-23T08:22:11Z,1782202931,ramp_2,780.0,75.14545454545454,{}
4,B,HTTP Throughput,go_order,go,order,order-go-twin:9083,order-go-twin:9083,2026-06-23 13:52:11,2026-06-23T08:22:11Z,1782202931,ramp_2,780.0,37.50909090909091,{}
4,B,HTTP Throughput,go_order,go,order,inventory-go-twin:9082,inventory-go-twin:9082,2026-06-23 13:52:26,2026-06-23T08:22:26Z,1782202946,ramp_2,795.0,75.25454545454545,{}
4,B,HTTP Throughput,go_order,go,order,order-go-twin:9083,order-go-twin:9083,2026-06-23 13:52:26,2026-06-23T08:22:26Z,1782202946,ramp_2,795.0,37.56363636363636,{}
4,B,HTTP Throughput,go_order,go,order,inventory-go-twin:9082,inventory-go-twin:9082,2026-06-23 13:52:41,2026-06-23T08:22:41Z,1782202961,ramp_2,810.0,75.41818181818182,{}
4,B,HTTP Throughput,go_order,go,order,order-go-twin:9083,order-go-twin:9083,2026-06-23 13:52:41,2026-06-23T08:22:41Z,1782202961,ramp_2,810.0,37.67272727272727,{}
4,B,HTTP Throughput,go_order,go,order,inventory-go-twin:9082,inventory-go-twin:9082,2026-06-23 13:52:56,2026-06-23T08:22:56Z,1782202976,ramp_2,825.0,74.78181818181818,{}
4,B,HTTP Throughput,go_order,go,order,order-go-twin:9083,order-go-twin:9083,2026-06-23 13:52:56,2026-06-23T08:22:56Z,1782202976,ramp_2,825.0,37.29090909090909,{}
4,B,HTTP Throughput,go_order,go,order,inventory-go-twin:9082,inventory-go-twin:9082,2026-06-23 13:53:11,2026-06-23T08:23:11Z,1782202991,ramp_2,840.0,74.72727272727272,{}
4,B,HTTP Throughput,go_order,go,order,order-go-twin:9083,order-go-twin:9083,2026-06-23 13:53:11,2026-06-23T08:23:11Z,1782202991,ramp_2,840.0,37.14545454545454,{}
4,B,HTTP Throughput,go_order,go,order,inventory-go-twin:9082,inventory-go-twin:9082,2026-06-23 13:53:26,2026-06-23T08:23:26Z,1782203006,ramp_2,855.0,68.81818181818181,{}
4,B,HTTP Throughput,go_order,go,order,order-go-twin:9083,order-go-twin:9083,2026-06-23 13:53:26,2026-06-23T08:23:26Z,1782203006,ramp_2,855.0,34.309090909090905,{}
4,B,HTTP Throughput,go_order,go,order,inventory-go-twin:9082,inventory-go-twin:9082,2026-06-23 13:53:41,2026-06-23T08:23:41Z,1782203021,ramp_2,870.0,68.85454545454544,{}
4,B,HTTP Throughput,go_order,go,order,order-go-twin:9083,order-go-twin:9083,2026-06-23 13:53:41,2026-06-23T08:23:41Z,1782203021,ramp_2,870.0,34.43636363636364,{}
4,B,HTTP Throughput,go_order,go,order,inventory-go-twin:9082,inventory-go-twin:9082,2026-06-23 13:53:56,2026-06-23T08:23:56Z,1782203036,ramp_2,885.0,69.2,{}
4,B,HTTP Throughput,go_order,go,order,order-go-twin:9083,order-go-twin:9083,2026-06-23 13:53:56,2026-06-23T08:23:56Z,1782203036,ramp_2,885.0,34.47272727272727,{}
4,B,HTTP Throughput,go_order,go,order,inventory-go-twin:9082,inventory-go-twin:9082,2026-06-23 13:54:11,2026-06-23T08:24:11Z,1782203051,ramp_3,900.0,72.76363636363637,{}
4,B,HTTP Throughput,go_order,go,order,order-go-twin:9083,order-go-twin:9083,2026-06-23 13:54:11,2026-06-23T08:24:11Z,1782203051,ramp_3,900.0,36.67272727272727,{}
4,B,HTTP Throughput,go_order,go,order,inventory-go-twin:9082,inventory-go-twin:9082,2026-06-23 13:54:26,2026-06-23T08:24:26Z,1782203066,ramp_3,915.0,74.89090909090909,{}
4,B,HTTP Throughput,go_order,go,order,order-go-twin:9083,order-go-twin:9083,2026-06-23 13:54:26,2026-06-23T08:24:26Z,1782203066,ramp_3,915.0,37.38181818181818,{}
4,B,HTTP Throughput,go_order,go,order,inventory-go-twin:9082,inventory-go-twin:9082,2026-06-23 13:54:41,2026-06-23T08:24:41Z,1782203081,ramp_3,930.0,75.30909090909091,{}
4,B,HTTP Throughput,go_order,go,order,order-go-twin:9083,order-go-twin:9083,2026-06-23 13:54:41,2026-06-23T08:24:41Z,1782203081,ramp_3,930.0,37.527272727272724,{}
4,B,HTTP Throughput,go_order,go,order,inventory-go-twin:9082,inventory-go-twin:9082,2026-06-23 13:54:56,2026-06-23T08:24:56Z,1782203096,ramp_3,945.0,75.12727272727273,{}
4,B,HTTP Throughput,go_order,go,order,order-go-twin:9083,order-go-twin:9083,2026-06-23 13:54:56,2026-06-23T08:24:56Z,1782203096,ramp_3,945.0,37.4,{}
4,B,HTTP Throughput,go_order,go,order,inventory-go-twin:9082,inventory-go-twin:9082,2026-06-23 13:55:11,2026-06-23T08:25:11Z,1782203111,ramp_3,960.0,74.94545454545454,{}
4,B,HTTP Throughput,go_order,go,order,order-go-twin:9083,order-go-twin:9083,2026-06-23 13:55:11,2026-06-23T08:25:11Z,1782203111,ramp_3,960.0,37.27272727272727,{}
4,B,HTTP Throughput,go_order,go,order,inventory-go-twin:9082,inventory-go-twin:9082,2026-06-23 13:55:26,2026-06-23T08:25:26Z,1782203126,ramp_3,975.0,74.94545454545454,{}
4,B,HTTP Throughput,go_order,go,order,order-go-twin:9083,order-go-twin:9083,2026-06-23 13:55:26,2026-06-23T08:25:26Z,1782203126,ramp_3,975.0,37.29090909090909,{}
4,B,HTTP Throughput,go_order,go,order,inventory-go-twin:9082,inventory-go-twin:9082,2026-06-23 13:55:41,2026-06-23T08:25:41Z,1782203141,ramp_3,990.0,74.58181818181818,{}
4,B,HTTP Throughput,go_order,go,order,order-go-twin:9083,order-go-twin:9083,2026-06-23 13:55:41,2026-06-23T08:25:41Z,1782203141,ramp_3,990.0,37.14545454545454,{}
4,B,HTTP Throughput,go_order,go,order,inventory-go-twin:9082,inventory-go-twin:9082,2026-06-23 13:55:56,2026-06-23T08:25:56Z,1782203156,ramp_3,1005.0,74.61818181818181,{}
4,B,HTTP Throughput,go_order,go,order,order-go-twin:9083,order-go-twin:9083,2026-06-23 13:55:56,2026-06-23T08:25:56Z,1782203156,ramp_3,1005.0,37.090909090909086,{}
4,B,HTTP Throughput,go_order,go,order,inventory-go-twin:9082,inventory-go-twin:9082,2026-06-23 13:56:11,2026-06-23T08:26:11Z,1782203171,ramp_3,1020.0,74.67272727272727,{}
4,B,HTTP Throughput,go_order,go,order,order-go-twin:9083,order-go-twin:9083,2026-06-23 13:56:11,2026-06-23T08:26:11Z,1782203171,ramp_3,1020.0,37.21818181818182,{}
4,B,HTTP Throughput,go_order,go,order,inventory-go-twin:9082,inventory-go-twin:9082,2026-06-23 13:56:26,2026-06-23T08:26:26Z,1782203186,ramp_3,1035.0,74.74545454545455,{}
4,B,HTTP Throughput,go_order,go,order,order-go-twin:9083,order-go-twin:9083,2026-06-23 13:56:26,2026-06-23T08:26:26Z,1782203186,ramp_3,1035.0,37.25454545454545,{}
4,B,HTTP Throughput,go_order,go,order,inventory-go-twin:9082,inventory-go-twin:9082,2026-06-23 13:56:41,2026-06-23T08:26:41Z,1782203201,ramp_3,1050.0,74.94545454545454,{}
4,B,HTTP Throughput,go_order,go,order,order-go-twin:9083,order-go-twin:9083,2026-06-23 13:56:41,2026-06-23T08:26:41Z,1782203201,ramp_3,1050.0,37.236363636363635,{}
4,B,HTTP Throughput,go_order,go,order,inventory-go-twin:9082,inventory-go-twin:9082,2026-06-23 13:56:56,2026-06-23T08:26:56Z,1782203216,ramp_3,1065.0,75.05454545454545,{}
4,B,HTTP Throughput,go_order,go,order,order-go-twin:9083,order-go-twin:9083,2026-06-23 13:56:56,2026-06-23T08:26:56Z,1782203216,ramp_3,1065.0,37.38181818181818,{}
4,B,HTTP Throughput,go_order,go,order,inventory-go-twin:9082,inventory-go-twin:9082,2026-06-23 13:57:11,2026-06-23T08:27:11Z,1782203231,ramp_3,1080.0,74.76363636363637,{}
4,B,HTTP Throughput,go_order,go,order,order-go-twin:9083,order-go-twin:9083,2026-06-23 13:57:11,2026-06-23T08:27:11Z,1782203231,ramp_3,1080.0,37.21818181818182,{}
4,B,HTTP Throughput,go_order,go,order,inventory-go-twin:9082,inventory-go-twin:9082,2026-06-23 13:57:26,2026-06-23T08:27:26Z,1782203246,ramp_3,1095.0,74.78181818181818,{}
4,B,HTTP Throughput,go_order,go,order,order-go-twin:9083,order-go-twin:9083,2026-06-23 13:57:26,2026-06-23T08:27:26Z,1782203246,ramp_3,1095.0,37.27272727272727,{}
4,B,HTTP Throughput,go_order,go,order,inventory-go-twin:9082,inventory-go-twin:9082,2026-06-23 13:57:41,2026-06-23T08:27:41Z,1782203261,ramp_3,1110.0,74.81818181818181,{}
4,B,HTTP Throughput,go_order,go,order,order-go-twin:9083,order-go-twin:9083,2026-06-23 13:57:41,2026-06-23T08:27:41Z,1782203261,ramp_3,1110.0,37.309090909090905,{}
4,B,HTTP Throughput,go_order,go,order,inventory-go-twin:9082,inventory-go-twin:9082,2026-06-23 13:57:56,2026-06-23T08:27:56Z,1782203276,ramp_3,1125.0,74.85454545454546,{}
4,B,HTTP Throughput,go_order,go,order,order-go-twin:9083,order-go-twin:9083,2026-06-23 13:57:56,2026-06-23T08:27:56Z,1782203276,ramp_3,1125.0,37.25454545454545,{}
4,B,HTTP Throughput,go_order,go,order,inventory-go-twin:9082,inventory-go-twin:9082,2026-06-23 13:58:11,2026-06-23T08:28:11Z,1782203291,ramp_3,1140.0,75.18181818181817,{}
4,B,HTTP Throughput,go_order,go,order,order-go-twin:9083,order-go-twin:9083,2026-06-23 13:58:11,2026-06-23T08:28:11Z,1782203291,ramp_3,1140.0,37.36363636363636,{}
4,B,HTTP Throughput,go_order,go,order,inventory-go-twin:9082,inventory-go-twin:9082,2026-06-23 13:58:26,2026-06-23T08:28:26Z,1782203306,ramp_3,1155.0,69.85454545454544,{}
4,B,HTTP Throughput,go_order,go,order,order-go-twin:9083,order-go-twin:9083,2026-06-23 13:58:26,2026-06-23T08:28:26Z,1782203306,ramp_3,1155.0,34.78181818181818,{}
4,B,HTTP Throughput,go_order,go,order,inventory-go-twin:9082,inventory-go-twin:9082,2026-06-23 13:58:41,2026-06-23T08:28:41Z,1782203321,ramp_3,1170.0,69.8,{}
4,B,HTTP Throughput,go_order,go,order,order-go-twin:9083,order-go-twin:9083,2026-06-23 13:58:41,2026-06-23T08:28:41Z,1782203321,ramp_3,1170.0,34.74545454545454,{}
4,B,HTTP Throughput,go_order,go,order,inventory-go-twin:9082,inventory-go-twin:9082,2026-06-23 13:58:56,2026-06-23T08:28:56Z,1782203336,ramp_3,1185.0,69.34545454545454,{}
4,B,HTTP Throughput,go_order,go,order,order-go-twin:9083,order-go-twin:9083,2026-06-23 13:58:56,2026-06-23T08:28:56Z,1782203336,ramp_3,1185.0,34.43636363636364,{}
4,B,HTTP Throughput,go_order,go,order,inventory-go-twin:9082,inventory-go-twin:9082,2026-06-23 13:59:11,2026-06-23T08:29:11Z,1782203351,sustain,1200.0,69.14545454545454,{}
4,B,HTTP Throughput,go_order,go,order,order-go-twin:9083,order-go-twin:9083,2026-06-23 13:59:11,2026-06-23T08:29:11Z,1782203351,sustain,1200.0,34.418181818181814,{}
4,B,HTTP Throughput,go_order,go,order,inventory-go-twin:9082,inventory-go-twin:9082,2026-06-23 13:59:26,2026-06-23T08:29:26Z,1782203366,sustain,1215.0,74.32727272727273,{}
4,B,HTTP Throughput,go_order,go,order,order-go-twin:9083,order-go-twin:9083,2026-06-23 13:59:26,2026-06-23T08:29:26Z,1782203366,sustain,1215.0,37.07272727272727,{}
4,B,HTTP Throughput,go_order,go,order,inventory-go-twin:9082,inventory-go-twin:9082,2026-06-23 13:59:41,2026-06-23T08:29:41Z,1782203381,sustain,1230.0,74.21818181818182,{}
4,B,HTTP Throughput,go_order,go,order,order-go-twin:9083,order-go-twin:9083,2026-06-23 13:59:41,2026-06-23T08:29:41Z,1782203381,sustain,1230.0,36.945454545454545,{}
4,B,HTTP Throughput,go_order,go,order,inventory-go-twin:9082,inventory-go-twin:9082,2026-06-23 13:59:56,2026-06-23T08:29:56Z,1782203396,sustain,1245.0,74.34545454545454,{}
4,B,HTTP Throughput,go_order,go,order,order-go-twin:9083,order-go-twin:9083,2026-06-23 13:59:56,2026-06-23T08:29:56Z,1782203396,sustain,1245.0,37.10909090909091,{}
4,B,HTTP Throughput,go_order,go,order,inventory-go-twin:9082,inventory-go-twin:9082,2026-06-23 14:00:11,2026-06-23T08:30:11Z,1782203411,sustain,1260.0,74.16363636363636,{}
4,B,HTTP Throughput,go_order,go,order,order-go-twin:9083,order-go-twin:9083,2026-06-23 14:00:11,2026-06-23T08:30:11Z,1782203411,sustain,1260.0,37.10909090909091,{}
4,B,HTTP Throughput,go_order,go,order,inventory-go-twin:9082,inventory-go-twin:9082,2026-06-23 14:00:26,2026-06-23T08:30:26Z,1782203426,sustain,1275.0,74.18181818181819,{}
4,B,HTTP Throughput,go_order,go,order,order-go-twin:9083,order-go-twin:9083,2026-06-23 14:00:26,2026-06-23T08:30:26Z,1782203426,sustain,1275.0,37.14545454545454,{}
4,B,HTTP Throughput,go_order,go,order,inventory-go-twin:9082,inventory-go-twin:9082,2026-06-23 14:00:41,2026-06-23T08:30:41Z,1782203441,sustain,1290.0,74.5090909090909,{}
4,B,HTTP Throughput,go_order,go,order,order-go-twin:9083,order-go-twin:9083,2026-06-23 14:00:41,2026-06-23T08:30:41Z,1782203441,sustain,1290.0,37.21818181818182,{}
4,B,HTTP Throughput,go_order,go,order,inventory-go-twin:9082,inventory-go-twin:9082,2026-06-23 14:00:56,2026-06-23T08:30:56Z,1782203456,sustain,1305.0,74.85454545454544,{}
4,B,HTTP Throughput,go_order,go,order,order-go-twin:9083,order-go-twin:9083,2026-06-23 14:00:56,2026-06-23T08:30:56Z,1782203456,sustain,1305.0,37.4,{}
4,B,HTTP Throughput,go_order,go,order,inventory-go-twin:9082,inventory-go-twin:9082,2026-06-23 14:01:11,2026-06-23T08:31:11Z,1782203471,sustain,1320.0,75.07272727272726,{}
4,B,HTTP Throughput,go_order,go,order,order-go-twin:9083,order-go-twin:9083,2026-06-23 14:01:11,2026-06-23T08:31:11Z,1782203471,sustain,1320.0,37.527272727272724,{}
4,B,HTTP Throughput,go_order,go,order,inventory-go-twin:9082,inventory-go-twin:9082,2026-06-23 14:01:26,2026-06-23T08:31:26Z,1782203486,sustain,1335.0,74.92727272727272,{}
4,B,HTTP Throughput,go_order,go,order,order-go-twin:9083,order-go-twin:9083,2026-06-23 14:01:26,2026-06-23T08:31:26Z,1782203486,sustain,1335.0,37.418181818181814,{}
4,B,HTTP Throughput,go_order,go,order,inventory-go-twin:9082,inventory-go-twin:9082,2026-06-23 14:01:41,2026-06-23T08:31:41Z,1782203501,sustain,1350.0,74.92727272727272,{}
4,B,HTTP Throughput,go_order,go,order,order-go-twin:9083,order-go-twin:9083,2026-06-23 14:01:41,2026-06-23T08:31:41Z,1782203501,sustain,1350.0,37.45454545454545,{}
4,B,HTTP Throughput,go_order,go,order,inventory-go-twin:9082,inventory-go-twin:9082,2026-06-23 14:01:56,2026-06-23T08:31:56Z,1782203516,sustain,1365.0,74.58181818181818,{}
4,B,HTTP Throughput,go_order,go,order,order-go-twin:9083,order-go-twin:9083,2026-06-23 14:01:56,2026-06-23T08:31:56Z,1782203516,sustain,1365.0,37.29090909090909,{}
4,B,HTTP Throughput,go_order,go,order,inventory-go-twin:9082,inventory-go-twin:9082,2026-06-23 14:02:11,2026-06-23T08:32:11Z,1782203531,sustain,1380.0,74.30909090909091,{}
4,B,HTTP Throughput,go_order,go,order,order-go-twin:9083,order-go-twin:9083,2026-06-23 14:02:11,2026-06-23T08:32:11Z,1782203531,sustain,1380.0,37.163636363636364,{}
4,B,HTTP Throughput,go_order,go,order,inventory-go-twin:9082,inventory-go-twin:9082,2026-06-23 14:02:26,2026-06-23T08:32:26Z,1782203546,sustain,1395.0,74.38181818181818,{}
4,B,HTTP Throughput,go_order,go,order,order-go-twin:9083,order-go-twin:9083,2026-06-23 14:02:26,2026-06-23T08:32:26Z,1782203546,sustain,1395.0,37.199999999999996,{}
4,B,HTTP Throughput,go_order,go,order,inventory-go-twin:9082,inventory-go-twin:9082,2026-06-23 14:02:41,2026-06-23T08:32:41Z,1782203561,sustain,1410.0,74.32727272727273,{}
4,B,HTTP Throughput,go_order,go,order,order-go-twin:9083,order-go-twin:9083,2026-06-23 14:02:41,2026-06-23T08:32:41Z,1782203561,sustain,1410.0,37.163636363636364,{}
4,B,HTTP Throughput,go_order,go,order,inventory-go-twin:9082,inventory-go-twin:9082,2026-06-23 14:02:56,2026-06-23T08:32:56Z,1782203576,sustain,1425.0,74.5090909090909,{}
4,B,HTTP Throughput,go_order,go,order,order-go-twin:9083,order-go-twin:9083,2026-06-23 14:02:56,2026-06-23T08:32:56Z,1782203576,sustain,1425.0,37.21818181818182,{}
4,B,HTTP Throughput,go_order,go,order,inventory-go-twin:9082,inventory-go-twin:9082,2026-06-23 14:03:11,2026-06-23T08:33:11Z,1782203591,sustain,1440.0,74.67272727272727,{}
4,B,HTTP Throughput,go_order,go,order,order-go-twin:9083,order-go-twin:9083,2026-06-23 14:03:11,2026-06-23T08:33:11Z,1782203591,sustain,1440.0,37.309090909090905,{}
4,B,HTTP Throughput,go_order,go,order,inventory-go-twin:9082,inventory-go-twin:9082,2026-06-23 14:03:26,2026-06-23T08:33:26Z,1782203606,sustain,1455.0,74.29090909090908,{}
4,B,HTTP Throughput,go_order,go,order,order-go-twin:9083,order-go-twin:9083,2026-06-23 14:03:26,2026-06-23T08:33:26Z,1782203606,sustain,1455.0,36.90909090909091,{}
4,B,HTTP Throughput,go_order,go,order,inventory-go-twin:9082,inventory-go-twin:9082,2026-06-23 14:03:41,2026-06-23T08:33:41Z,1782203621,sustain,1470.0,69.63636363636364,{}
4,B,HTTP Throughput,go_order,go,order,order-go-twin:9083,order-go-twin:9083,2026-06-23 14:03:41,2026-06-23T08:33:41Z,1782203621,sustain,1470.0,34.81818181818181,{}
4,B,HTTP Throughput,go_order,go,order,inventory-go-twin:9082,inventory-go-twin:9082,2026-06-23 14:03:56,2026-06-23T08:33:56Z,1782203636,sustain,1485.0,69.74545454545455,{}
4,B,HTTP Throughput,go_order,go,order,order-go-twin:9083,order-go-twin:9083,2026-06-23 14:03:56,2026-06-23T08:33:56Z,1782203636,sustain,1485.0,34.85454545454545,{}
4,B,HTTP Throughput,go_order,go,order,inventory-go-twin:9082,inventory-go-twin:9082,2026-06-23 14:04:11,2026-06-23T08:34:11Z,1782203651,sustain,1500.0,69.7090909090909,{}
4,B,HTTP Throughput,go_order,go,order,order-go-twin:9083,order-go-twin:9083,2026-06-23 14:04:11,2026-06-23T08:34:11Z,1782203651,sustain,1500.0,34.85454545454545,{}
4,B,HTTP Throughput,go_order,go,order,inventory-go-twin:9082,inventory-go-twin:9082,2026-06-23 14:04:26,2026-06-23T08:34:26Z,1782203666,sustain,1515.0,73.65454545454546,{}
4,B,HTTP Throughput,go_order,go,order,order-go-twin:9083,order-go-twin:9083,2026-06-23 14:04:26,2026-06-23T08:34:26Z,1782203666,sustain,1515.0,37.10909090909091,{}
4,B,HTTP Throughput,go_order,go,order,inventory-go-twin:9082,inventory-go-twin:9082,2026-06-23 14:04:41,2026-06-23T08:34:41Z,1782203681,sustain,1530.0,74.2,{}
4,B,HTTP Throughput,go_order,go,order,order-go-twin:9083,order-go-twin:9083,2026-06-23 14:04:41,2026-06-23T08:34:41Z,1782203681,sustain,1530.0,37.10909090909091,{}
4,B,HTTP Throughput,go_order,go,order,inventory-go-twin:9082,inventory-go-twin:9082,2026-06-23 14:04:56,2026-06-23T08:34:56Z,1782203696,sustain,1545.0,73.98181818181818,{}
4,B,HTTP Throughput,go_order,go,order,order-go-twin:9083,order-go-twin:9083,2026-06-23 14:04:56,2026-06-23T08:34:56Z,1782203696,sustain,1545.0,36.98181818181818,{}
4,B,HTTP Throughput,go_order,go,order,inventory-go-twin:9082,inventory-go-twin:9082,2026-06-23 14:05:11,2026-06-23T08:35:11Z,1782203711,sustain,1560.0,73.8,{}
4,B,HTTP Throughput,go_order,go,order,order-go-twin:9083,order-go-twin:9083,2026-06-23 14:05:11,2026-06-23T08:35:11Z,1782203711,sustain,1560.0,36.85454545454545,{}
4,B,HTTP Throughput,go_order,go,order,inventory-go-twin:9082,inventory-go-twin:9082,2026-06-23 14:05:26,2026-06-23T08:35:26Z,1782203726,sustain,1575.0,74.21818181818182,{}
4,B,HTTP Throughput,go_order,go,order,order-go-twin:9083,order-go-twin:9083,2026-06-23 14:05:26,2026-06-23T08:35:26Z,1782203726,sustain,1575.0,37.127272727272725,{}
4,B,HTTP Throughput,go_order,go,order,inventory-go-twin:9082,inventory-go-twin:9082,2026-06-23 14:05:41,2026-06-23T08:35:41Z,1782203741,sustain,1590.0,74.27272727272727,{}
4,B,HTTP Throughput,go_order,go,order,order-go-twin:9083,order-go-twin:9083,2026-06-23 14:05:41,2026-06-23T08:35:41Z,1782203741,sustain,1590.0,37.21818181818182,{}
4,B,HTTP Throughput,go_order,go,order,inventory-go-twin:9082,inventory-go-twin:9082,2026-06-23 14:05:56,2026-06-23T08:35:56Z,1782203756,sustain,1605.0,74.6,{}
4,B,HTTP Throughput,go_order,go,order,order-go-twin:9083,order-go-twin:9083,2026-06-23 14:05:56,2026-06-23T08:35:56Z,1782203756,sustain,1605.0,37.25454545454545,{}
4,B,HTTP Throughput,go_order,go,order,inventory-go-twin:9082,inventory-go-twin:9082,2026-06-23 14:06:11,2026-06-23T08:36:11Z,1782203771,sustain,1620.0,74.69090909090909,{}
4,B,HTTP Throughput,go_order,go,order,order-go-twin:9083,order-go-twin:9083,2026-06-23 14:06:11,2026-06-23T08:36:11Z,1782203771,sustain,1620.0,37.27272727272727,{}
4,B,HTTP Throughput,go_order,go,order,inventory-go-twin:9082,inventory-go-twin:9082,2026-06-23 14:06:26,2026-06-23T08:36:26Z,1782203786,sustain,1635.0,74.83636363636363,{}
4,B,HTTP Throughput,go_order,go,order,order-go-twin:9083,order-go-twin:9083,2026-06-23 14:06:26,2026-06-23T08:36:26Z,1782203786,sustain,1635.0,37.45454545454545,{}
4,B,HTTP Throughput,go_order,go,order,inventory-go-twin:9082,inventory-go-twin:9082,2026-06-23 14:06:41,2026-06-23T08:36:41Z,1782203801,sustain,1650.0,74.39999999999999,{}
4,B,HTTP Throughput,go_order,go,order,order-go-twin:9083,order-go-twin:9083,2026-06-23 14:06:41,2026-06-23T08:36:41Z,1782203801,sustain,1650.0,37.163636363636364,{}
4,B,HTTP Throughput,go_order,go,order,inventory-go-twin:9082,inventory-go-twin:9082,2026-06-23 14:06:56,2026-06-23T08:36:56Z,1782203816,sustain,1665.0,74.36363636363636,{}
4,B,HTTP Throughput,go_order,go,order,order-go-twin:9083,order-go-twin:9083,2026-06-23 14:06:56,2026-06-23T08:36:56Z,1782203816,sustain,1665.0,37.199999999999996,{}
4,B,HTTP Throughput,go_order,go,order,inventory-go-twin:9082,inventory-go-twin:9082,2026-06-23 14:07:11,2026-06-23T08:37:11Z,1782203831,sustain,1680.0,74.38181818181818,{}
4,B,HTTP Throughput,go_order,go,order,order-go-twin:9083,order-go-twin:9083,2026-06-23 14:07:11,2026-06-23T08:37:11Z,1782203831,sustain,1680.0,37.18181818181818,{}
4,B,HTTP Throughput,go_order,go,order,inventory-go-twin:9082,inventory-go-twin:9082,2026-06-23 14:07:26,2026-06-23T08:37:26Z,1782203846,sustain,1695.0,74.0909090909091,{}
4,B,HTTP Throughput,go_order,go,order,order-go-twin:9083,order-go-twin:9083,2026-06-23 14:07:26,2026-06-23T08:37:26Z,1782203846,sustain,1695.0,37.0,{}
4,B,HTTP Throughput,go_order,go,order,inventory-go-twin:9082,inventory-go-twin:9082,2026-06-23 14:07:41,2026-06-23T08:37:41Z,1782203861,sustain,1710.0,74.54545454545455,{}
4,B,HTTP Throughput,go_order,go,order,order-go-twin:9083,order-go-twin:9083,2026-06-23 14:07:41,2026-06-23T08:37:41Z,1782203861,sustain,1710.0,37.27272727272727,{}
4,B,HTTP Throughput,go_order,go,order,inventory-go-twin:9082,inventory-go-twin:9082,2026-06-23 14:07:56,2026-06-23T08:37:56Z,1782203876,sustain,1725.0,74.23636363636363,{}
4,B,HTTP Throughput,go_order,go,order,order-go-twin:9083,order-go-twin:9083,2026-06-23 14:07:56,2026-06-23T08:37:56Z,1782203876,sustain,1725.0,37.14545454545454,{}
4,B,HTTP Throughput,go_order,go,order,inventory-go-twin:9082,inventory-go-twin:9082,2026-06-23 14:08:11,2026-06-23T08:38:11Z,1782203891,sustain,1740.0,73.67272727272727,{}
4,B,HTTP Throughput,go_order,go,order,order-go-twin:9083,order-go-twin:9083,2026-06-23 14:08:11,2026-06-23T08:38:11Z,1782203891,sustain,1740.0,36.90909090909091,{}
4,B,HTTP Throughput,go_order,go,order,inventory-go-twin:9082,inventory-go-twin:9082,2026-06-23 14:08:26,2026-06-23T08:38:26Z,1782203906,sustain,1755.0,73.85454545454546,{}
4,B,HTTP Throughput,go_order,go,order,order-go-twin:9083,order-go-twin:9083,2026-06-23 14:08:26,2026-06-23T08:38:26Z,1782203906,sustain,1755.0,36.92727272727272,{}
4,B,HTTP Throughput,go_order,go,order,inventory-go-twin:9082,inventory-go-twin:9082,2026-06-23 14:08:41,2026-06-23T08:38:41Z,1782203921,sustain,1770.0,68.72727272727272,{}
4,B,HTTP Throughput,go_order,go,order,order-go-twin:9083,order-go-twin:9083,2026-06-23 14:08:41,2026-06-23T08:38:41Z,1782203921,sustain,1770.0,34.418181818181814,{}
4,B,HTTP Throughput,go_order,go,order,inventory-go-twin:9082,inventory-go-twin:9082,2026-06-23 14:08:56,2026-06-23T08:38:56Z,1782203936,sustain,1785.0,69.05454545454545,{}
4,B,HTTP Throughput,go_order,go,order,order-go-twin:9083,order-go-twin:9083,2026-06-23 14:08:56,2026-06-23T08:38:56Z,1782203936,sustain,1785.0,34.527272727272724,{}
4,B,HTTP Throughput,go_order,go,order,inventory-go-twin:9082,inventory-go-twin:9082,2026-06-23 14:09:11,2026-06-23T08:39:11Z,1782203951,cooldown,1800.0,69.72727272727272,{}
4,B,HTTP Throughput,go_order,go,order,order-go-twin:9083,order-go-twin:9083,2026-06-23 14:09:11,2026-06-23T08:39:11Z,1782203951,cooldown,1800.0,34.92727272727272,{}
4,B,HTTP Throughput,go_order,go,order,inventory-go-twin:9082,inventory-go-twin:9082,2026-06-23 14:09:26,2026-06-23T08:39:26Z,1782203966,cooldown,1815.0,69.67272727272727,{}
4,B,HTTP Throughput,go_order,go,order,order-go-twin:9083,order-go-twin:9083,2026-06-23 14:09:26,2026-06-23T08:39:26Z,1782203966,cooldown,1815.0,34.89090909090909,{}
4,B,HTTP Throughput,go_order,go,order,inventory-go-twin:9082,inventory-go-twin:9082,2026-06-23 14:09:41,2026-06-23T08:39:41Z,1782203981,cooldown,1830.0,74.9090909090909,{}
4,B,HTTP Throughput,go_order,go,order,order-go-twin:9083,order-go-twin:9083,2026-06-23 14:09:41,2026-06-23T08:39:41Z,1782203981,cooldown,1830.0,37.527272727272724,{}
4,B,HTTP Throughput,go_order,go,order,inventory-go-twin:9082,inventory-go-twin:9082,2026-06-23 14:09:56,2026-06-23T08:39:56Z,1782203996,cooldown,1845.0,74.47272727272727,{}
4,B,HTTP Throughput,go_order,go,order,order-go-twin:9083,order-go-twin:9083,2026-06-23 14:09:56,2026-06-23T08:39:56Z,1782203996,cooldown,1845.0,37.43636363636364,{}
4,B,HTTP Throughput,go_order,go,order,inventory-go-twin:9082,inventory-go-twin:9082,2026-06-23 14:10:11,2026-06-23T08:40:11Z,1782204011,cooldown,1860.0,74.38181818181818,{}
4,B,HTTP Throughput,go_order,go,order,order-go-twin:9083,order-go-twin:9083,2026-06-23 14:10:11,2026-06-23T08:40:11Z,1782204011,cooldown,1860.0,37.49090909090909,{}
4,B,HTTP Throughput,go_order,go,order,inventory-go-twin:9082,inventory-go-twin:9082,2026-06-23 14:10:26,2026-06-23T08:40:26Z,1782204026,cooldown,1875.0,74.32727272727273,{}
4,B,HTTP Throughput,go_order,go,order,order-go-twin:9083,order-go-twin:9083,2026-06-23 14:10:26,2026-06-23T08:40:26Z,1782204026,cooldown,1875.0,37.43636363636364,{}
4,B,HTTP Throughput,go_order,go,order,inventory-go-twin:9082,inventory-go-twin:9082,2026-06-23 14:10:41,2026-06-23T08:40:41Z,1782204041,cooldown,1890.0,74.16363636363636,{}
4,B,HTTP Throughput,go_order,go,order,order-go-twin:9083,order-go-twin:9083,2026-06-23 14:10:41,2026-06-23T08:40:41Z,1782204041,cooldown,1890.0,37.4,{}
4,B,HTTP Throughput,go_order,go,order,inventory-go-twin:9082,inventory-go-twin:9082,2026-06-23 14:10:56,2026-06-23T08:40:56Z,1782204056,cooldown,1905.0,74.39999999999999,{}
4,B,HTTP Throughput,go_order,go,order,order-go-twin:9083,order-go-twin:9083,2026-06-23 14:10:56,2026-06-23T08:40:56Z,1782204056,cooldown,1905.0,37.527272727272724,{}
4,B,HTTP Throughput,go_order,go,order,inventory-go-twin:9082,inventory-go-twin:9082,2026-06-23 14:11:11,2026-06-23T08:41:11Z,1782204071,cooldown,1920.0,74.10909090909091,{}
4,B,HTTP Throughput,go_order,go,order,order-go-twin:9083,order-go-twin:9083,2026-06-23 14:11:11,2026-06-23T08:41:11Z,1782204071,cooldown,1920.0,37.4,{}
4,B,HTTP Throughput,go_order,go,order,inventory-go-twin:9082,inventory-go-twin:9082,2026-06-23 14:11:26,2026-06-23T08:41:26Z,1782204086,cooldown,1935.0,74.14545454545454,{}
4,B,HTTP Throughput,go_order,go,order,order-go-twin:9083,order-go-twin:9083,2026-06-23 14:11:26,2026-06-23T08:41:26Z,1782204086,cooldown,1935.0,37.345454545454544,{}
4,B,HTTP Throughput,go_order,go,order,inventory-go-twin:9082,inventory-go-twin:9082,2026-06-23 14:11:41,2026-06-23T08:41:41Z,1782204101,cooldown,1950.0,74.10909090909091,{}
4,B,HTTP Throughput,go_order,go,order,order-go-twin:9083,order-go-twin:9083,2026-06-23 14:11:41,2026-06-23T08:41:41Z,1782204101,cooldown,1950.0,37.38181818181818,{}
4,B,HTTP Throughput,go_order,go,order,inventory-go-twin:9082,inventory-go-twin:9082,2026-06-23 14:11:56,2026-06-23T08:41:56Z,1782204116,cooldown,1965.0,73.10909090909091,{}
4,B,HTTP Throughput,go_order,go,order,order-go-twin:9083,order-go-twin:9083,2026-06-23 14:11:56,2026-06-23T08:41:56Z,1782204116,cooldown,1965.0,36.61818181818182,{}
4,B,HTTP Throughput,go_order,go,order,inventory-go-twin:9082,inventory-go-twin:9082,2026-06-23 14:12:11,2026-06-23T08:42:11Z,1782204131,cooldown,1980.0,70.32967032967032,{}
4,B,HTTP Throughput,go_order,go,order,order-go-twin:9083,order-go-twin:9083,2026-06-23 14:12:11,2026-06-23T08:42:11Z,1782204131,cooldown,1980.0,35.50433306530868,{}
4,B,HTTP Throughput,go_order,go,order,inventory-go-twin:9082,inventory-go-twin:9082,2026-06-23 14:12:26,2026-06-23T08:42:26Z,1782204146,cooldown,1995.0,69.91869918699187,{}
4,B,HTTP Throughput,go_order,go,order,order-go-twin:9083,order-go-twin:9083,2026-06-23 14:12:26,2026-06-23T08:42:26Z,1782204146,cooldown,1995.0,35.27141478754959,{}
4,B,HTTP Throughput,go_order,go,order,inventory-go-twin:9082,inventory-go-twin:9082,2026-06-23 14:12:41,2026-06-23T08:42:41Z,1782204161,cooldown,2010.0,67.98892164745823,{}
4,B,HTTP Throughput,go_order,go,order,order-go-twin:9083,order-go-twin:9083,2026-06-23 14:12:41,2026-06-23T08:42:41Z,1782204161,cooldown,2010.0,34.32441124968731,{}
4,B,HTTP Throughput,go_order,go,order,inventory-go-twin:9082,inventory-go-twin:9082,2026-06-23 14:12:56,2026-06-23T08:42:56Z,1782204176,cooldown,2025.0,70.07272727272726,{}
4,B,HTTP Throughput,go_order,go,order,order-go-twin:9083,order-go-twin:9083,2026-06-23 14:12:56,2026-06-23T08:42:56Z,1782204176,cooldown,2025.0,35.34481191251068,{}
4,B,HTTP Throughput,go_order,go,order,inventory-go-twin:9082,inventory-go-twin:9082,2026-06-23 14:13:11,2026-06-23T08:43:11Z,1782204191,cooldown,2040.0,66.3090909090909,{}
4,B,HTTP Throughput,go_order,go,order,order-go-twin:9083,order-go-twin:9083,2026-06-23 14:13:11,2026-06-23T08:43:11Z,1782204191,cooldown,2040.0,33.345454545454544,{}
4,B,HTTP Throughput,go_order,go,order,inventory-go-twin:9082,inventory-go-twin:9082,2026-06-23 14:13:26,2026-06-23T08:43:26Z,1782204206,cooldown,2055.0,59.94545454545454,{}
4,B,HTTP Throughput,go_order,go,order,order-go-twin:9083,order-go-twin:9083,2026-06-23 14:13:26,2026-06-23T08:43:26Z,1782204206,cooldown,2055.0,30.236363636363635,{}
4,B,HTTP Throughput,go_order,go,order,inventory-go-twin:9082,inventory-go-twin:9082,2026-06-23 14:13:41,2026-06-23T08:43:41Z,1782204221,cooldown,2070.0,50.49090909090909,{}
4,B,HTTP Throughput,go_order,go,order,order-go-twin:9083,order-go-twin:9083,2026-06-23 14:13:41,2026-06-23T08:43:41Z,1782204221,cooldown,2070.0,25.236363636363635,{}
4,B,HTTP Throughput,go_order,go,order,inventory-go-twin:9082,inventory-go-twin:9082,2026-06-23 14:13:56,2026-06-23T08:43:56Z,1782204236,cooldown,2085.0,37.36363636363636,{}
4,B,HTTP Throughput,go_order,go,order,order-go-twin:9083,order-go-twin:9083,2026-06-23 14:13:56,2026-06-23T08:43:56Z,1782204236,cooldown,2085.0,18.745113725204995,{}
4,B,HTTP Throughput,go_order,go,order,inventory-go-twin:9082,inventory-go-twin:9082,2026-06-23 14:14:11,2026-06-23T08:44:11Z,1782204251,post_test,2100.0,25.29090909090909,{}
4,B,HTTP Throughput,go_order,go,order,order-go-twin:9083,order-go-twin:9083,2026-06-23 14:14:11,2026-06-23T08:44:11Z,1782204251,post_test,2100.0,12.69090909090909,{}
4,B,HTTP Throughput,java_inventory,java,inventory,inventory-go-twin:9082,inventory-go-twin:9082,2026-06-23 15:39:39,2026-06-23T10:09:39Z,1782209379,warmup,0.0,0.0,{}
4,B,HTTP Throughput,java_inventory,java,inventory,order-go-twin:9083,order-go-twin:9083,2026-06-23 15:39:39,2026-06-23T10:09:39Z,1782209379,warmup,0.0,0.0,{}
4,B,HTTP Throughput,java_inventory,java,inventory,warehouse-go:8084,warehouse-go:8084,2026-06-23 15:39:39,2026-06-23T10:09:39Z,1782209379,warmup,0.0,0.0,{}
4,B,HTTP Throughput,java_inventory,java,inventory,inventory-go-twin:9082,inventory-go-twin:9082,2026-06-23 15:39:54,2026-06-23T10:09:54Z,1782209394,warmup,15.0,0.0,{}
4,B,HTTP Throughput,java_inventory,java,inventory,order-go-twin:9083,order-go-twin:9083,2026-06-23 15:39:54,2026-06-23T10:09:54Z,1782209394,warmup,15.0,0.0,{}
4,B,HTTP Throughput,java_inventory,java,inventory,warehouse-go:8084,warehouse-go:8084,2026-06-23 15:39:54,2026-06-23T10:09:54Z,1782209394,warmup,15.0,0.0,{}
4,B,HTTP Throughput,java_inventory,java,inventory,inventory-go-twin:9082,inventory-go-twin:9082,2026-06-23 15:40:09,2026-06-23T10:10:09Z,1782209409,warmup,30.0,0.0,{}
4,B,HTTP Throughput,java_inventory,java,inventory,order-go-twin:9083,order-go-twin:9083,2026-06-23 15:40:09,2026-06-23T10:10:09Z,1782209409,warmup,30.0,0.0,{}
4,B,HTTP Throughput,java_inventory,java,inventory,warehouse-go:8084,warehouse-go:8084,2026-06-23 15:40:09,2026-06-23T10:10:09Z,1782209409,warmup,30.0,0.0,{}
4,B,HTTP Throughput,java_inventory,java,inventory,inventory-go-twin:9082,inventory-go-twin:9082,2026-06-23 15:40:24,2026-06-23T10:10:24Z,1782209424,warmup,45.0,0.0,{}
4,B,HTTP Throughput,java_inventory,java,inventory,order-go-twin:9083,order-go-twin:9083,2026-06-23 15:40:24,2026-06-23T10:10:24Z,1782209424,warmup,45.0,0.0,{}
4,B,HTTP Throughput,java_inventory,java,inventory,warehouse-go:8084,warehouse-go:8084,2026-06-23 15:40:24,2026-06-23T10:10:24Z,1782209424,warmup,45.0,0.0,{}
4,B,HTTP Throughput,java_inventory,java,inventory,inventory-go-twin:9082,inventory-go-twin:9082,2026-06-23 15:40:39,2026-06-23T10:10:39Z,1782209439,warmup,60.0,0.0,{}
4,B,HTTP Throughput,java_inventory,java,inventory,order-go-twin:9083,order-go-twin:9083,2026-06-23 15:40:39,2026-06-23T10:10:39Z,1782209439,warmup,60.0,0.0,{}
4,B,HTTP Throughput,java_inventory,java,inventory,warehouse-go:8084,warehouse-go:8084,2026-06-23 15:40:39,2026-06-23T10:10:39Z,1782209439,warmup,60.0,0.0,{}
4,B,HTTP Throughput,java_inventory,java,inventory,inventory-go-twin:9082,inventory-go-twin:9082,2026-06-23 15:40:54,2026-06-23T10:10:54Z,1782209454,warmup,75.0,0.0,{}
4,B,HTTP Throughput,java_inventory,java,inventory,order-go-twin:9083,order-go-twin:9083,2026-06-23 15:40:54,2026-06-23T10:10:54Z,1782209454,warmup,75.0,0.0,{}
4,B,HTTP Throughput,java_inventory,java,inventory,warehouse-go:8084,warehouse-go:8084,2026-06-23 15:40:54,2026-06-23T10:10:54Z,1782209454,warmup,75.0,0.0,{}
4,B,HTTP Throughput,java_inventory,java,inventory,inventory-go-twin:9082,inventory-go-twin:9082,2026-06-23 15:41:09,2026-06-23T10:11:09Z,1782209469,warmup,90.0,0.0,{}
4,B,HTTP Throughput,java_inventory,java,inventory,order-go-twin:9083,order-go-twin:9083,2026-06-23 15:41:09,2026-06-23T10:11:09Z,1782209469,warmup,90.0,0.0,{}
4,B,HTTP Throughput,java_inventory,java,inventory,warehouse-go:8084,warehouse-go:8084,2026-06-23 15:41:09,2026-06-23T10:11:09Z,1782209469,warmup,90.0,0.0,{}
4,B,HTTP Throughput,java_inventory,java,inventory,inventory-go-twin:9082,inventory-go-twin:9082,2026-06-23 15:41:24,2026-06-23T10:11:24Z,1782209484,warmup,105.0,0.0,{}
4,B,HTTP Throughput,java_inventory,java,inventory,order-go-twin:9083,order-go-twin:9083,2026-06-23 15:41:24,2026-06-23T10:11:24Z,1782209484,warmup,105.0,0.0,{}
4,B,HTTP Throughput,java_inventory,java,inventory,warehouse-go:8084,warehouse-go:8084,2026-06-23 15:41:24,2026-06-23T10:11:24Z,1782209484,warmup,105.0,0.0,{}
4,B,HTTP Throughput,java_inventory,java,inventory,inventory-go-twin:9082,inventory-go-twin:9082,2026-06-23 15:41:39,2026-06-23T10:11:39Z,1782209499,warmup,120.0,0.0,{}
4,B,HTTP Throughput,java_inventory,java,inventory,order-go-twin:9083,order-go-twin:9083,2026-06-23 15:41:39,2026-06-23T10:11:39Z,1782209499,warmup,120.0,0.0,{}
4,B,HTTP Throughput,java_inventory,java,inventory,warehouse-go:8084,warehouse-go:8084,2026-06-23 15:41:39,2026-06-23T10:11:39Z,1782209499,warmup,120.0,0.0,{}
4,B,HTTP Throughput,java_inventory,java,inventory,inventory-go-twin:9082,inventory-go-twin:9082,2026-06-23 15:41:54,2026-06-23T10:11:54Z,1782209514,warmup,135.0,0.0,{}
4,B,HTTP Throughput,java_inventory,java,inventory,order-go-twin:9083,order-go-twin:9083,2026-06-23 15:41:54,2026-06-23T10:11:54Z,1782209514,warmup,135.0,0.0,{}
4,B,HTTP Throughput,java_inventory,java,inventory,warehouse-go:8084,warehouse-go:8084,2026-06-23 15:41:54,2026-06-23T10:11:54Z,1782209514,warmup,135.0,0.0,{}
4,B,HTTP Throughput,java_inventory,java,inventory,inventory-go-twin:9082,inventory-go-twin:9082,2026-06-23 15:42:09,2026-06-23T10:12:09Z,1782209529,warmup,150.0,0.0,{}
4,B,HTTP Throughput,java_inventory,java,inventory,order-go-twin:9083,order-go-twin:9083,2026-06-23 15:42:09,2026-06-23T10:12:09Z,1782209529,warmup,150.0,0.0,{}
4,B,HTTP Throughput,java_inventory,java,inventory,warehouse-go:8084,warehouse-go:8084,2026-06-23 15:42:09,2026-06-23T10:12:09Z,1782209529,warmup,150.0,0.0,{}
4,B,HTTP Throughput,java_inventory,java,inventory,inventory-go-twin:9082,inventory-go-twin:9082,2026-06-23 15:42:24,2026-06-23T10:12:24Z,1782209544,warmup,165.0,0.0,{}
4,B,HTTP Throughput,java_inventory,java,inventory,order-go-twin:9083,order-go-twin:9083,2026-06-23 15:42:24,2026-06-23T10:12:24Z,1782209544,warmup,165.0,0.0,{}
4,B,HTTP Throughput,java_inventory,java,inventory,warehouse-go:8084,warehouse-go:8084,2026-06-23 15:42:24,2026-06-23T10:12:24Z,1782209544,warmup,165.0,0.0,{}
4,B,HTTP Throughput,java_inventory,java,inventory,inventory-go-twin:9082,inventory-go-twin:9082,2026-06-23 15:42:39,2026-06-23T10:12:39Z,1782209559,warmup,180.0,0.0,{}
4,B,HTTP Throughput,java_inventory,java,inventory,order-go-twin:9083,order-go-twin:9083,2026-06-23 15:42:39,2026-06-23T10:12:39Z,1782209559,warmup,180.0,0.0,{}
4,B,HTTP Throughput,java_inventory,java,inventory,warehouse-go:8084,warehouse-go:8084,2026-06-23 15:42:39,2026-06-23T10:12:39Z,1782209559,warmup,180.0,0.0,{}
4,B,HTTP Throughput,java_inventory,java,inventory,inventory-go-twin:9082,inventory-go-twin:9082,2026-06-23 15:42:54,2026-06-23T10:12:54Z,1782209574,warmup,195.0,0.0,{}
4,B,HTTP Throughput,java_inventory,java,inventory,order-go-twin:9083,order-go-twin:9083,2026-06-23 15:42:54,2026-06-23T10:12:54Z,1782209574,warmup,195.0,0.0,{}
4,B,HTTP Throughput,java_inventory,java,inventory,warehouse-go:8084,warehouse-go:8084,2026-06-23 15:42:54,2026-06-23T10:12:54Z,1782209574,warmup,195.0,0.0,{}
4,B,HTTP Throughput,java_inventory,java,inventory,inventory-go-twin:9082,inventory-go-twin:9082,2026-06-23 15:43:09,2026-06-23T10:13:09Z,1782209589,warmup,210.0,0.0,{}
4,B,HTTP Throughput,java_inventory,java,inventory,order-go-twin:9083,order-go-twin:9083,2026-06-23 15:43:09,2026-06-23T10:13:09Z,1782209589,warmup,210.0,0.0,{}
4,B,HTTP Throughput,java_inventory,java,inventory,warehouse-go:8084,warehouse-go:8084,2026-06-23 15:43:09,2026-06-23T10:13:09Z,1782209589,warmup,210.0,0.0,{}
4,B,HTTP Throughput,java_inventory,java,inventory,inventory-go-twin:9082,inventory-go-twin:9082,2026-06-23 15:43:24,2026-06-23T10:13:24Z,1782209604,warmup,225.0,0.0,{}
4,B,HTTP Throughput,java_inventory,java,inventory,order-go-twin:9083,order-go-twin:9083,2026-06-23 15:43:24,2026-06-23T10:13:24Z,1782209604,warmup,225.0,0.0,{}
4,B,HTTP Throughput,java_inventory,java,inventory,warehouse-go:8084,warehouse-go:8084,2026-06-23 15:43:24,2026-06-23T10:13:24Z,1782209604,warmup,225.0,0.0,{}
4,B,HTTP Throughput,java_inventory,java,inventory,inventory-go-twin:9082,inventory-go-twin:9082,2026-06-23 15:43:39,2026-06-23T10:13:39Z,1782209619,warmup,240.0,0.0,{}
4,B,HTTP Throughput,java_inventory,java,inventory,order-go-twin:9083,order-go-twin:9083,2026-06-23 15:43:39,2026-06-23T10:13:39Z,1782209619,warmup,240.0,0.0,{}
4,B,HTTP Throughput,java_inventory,java,inventory,warehouse-go:8084,warehouse-go:8084,2026-06-23 15:43:39,2026-06-23T10:13:39Z,1782209619,warmup,240.0,0.0,{}
4,B,HTTP Throughput,java_inventory,java,inventory,inventory-go-twin:9082,inventory-go-twin:9082,2026-06-23 15:43:54,2026-06-23T10:13:54Z,1782209634,warmup,255.0,0.0,{}
4,B,HTTP Throughput,java_inventory,java,inventory,order-go-twin:9083,order-go-twin:9083,2026-06-23 15:43:54,2026-06-23T10:13:54Z,1782209634,warmup,255.0,0.0,{}
4,B,HTTP Throughput,java_inventory,java,inventory,warehouse-go:8084,warehouse-go:8084,2026-06-23 15:43:54,2026-06-23T10:13:54Z,1782209634,warmup,255.0,0.0,{}
4,B,HTTP Throughput,java_inventory,java,inventory,inventory-go-twin:9082,inventory-go-twin:9082,2026-06-23 15:44:09,2026-06-23T10:14:09Z,1782209649,warmup,270.0,0.0,{}
4,B,HTTP Throughput,java_inventory,java,inventory,order-go-twin:9083,order-go-twin:9083,2026-06-23 15:44:09,2026-06-23T10:14:09Z,1782209649,warmup,270.0,0.0,{}
4,B,HTTP Throughput,java_inventory,java,inventory,warehouse-go:8084,warehouse-go:8084,2026-06-23 15:44:09,2026-06-23T10:14:09Z,1782209649,warmup,270.0,0.0,{}
4,B,HTTP Throughput,java_inventory,java,inventory,inventory-go-twin:9082,inventory-go-twin:9082,2026-06-23 15:44:24,2026-06-23T10:14:24Z,1782209664,warmup,285.0,0.0,{}
4,B,HTTP Throughput,java_inventory,java,inventory,order-go-twin:9083,order-go-twin:9083,2026-06-23 15:44:24,2026-06-23T10:14:24Z,1782209664,warmup,285.0,0.0,{}
4,B,HTTP Throughput,java_inventory,java,inventory,warehouse-go:8084,warehouse-go:8084,2026-06-23 15:44:24,2026-06-23T10:14:24Z,1782209664,warmup,285.0,0.0,{}
4,B,HTTP Throughput,java_inventory,java,inventory,inventory-go-twin:9082,inventory-go-twin:9082,2026-06-23 15:44:39,2026-06-23T10:14:39Z,1782209679,ramp_1,300.0,0.0,{}
4,B,HTTP Throughput,java_inventory,java,inventory,order-go-twin:9083,order-go-twin:9083,2026-06-23 15:44:39,2026-06-23T10:14:39Z,1782209679,ramp_1,300.0,0.0,{}
4,B,HTTP Throughput,java_inventory,java,inventory,warehouse-go:8084,warehouse-go:8084,2026-06-23 15:44:39,2026-06-23T10:14:39Z,1782209679,ramp_1,300.0,0.0,{}
4,B,HTTP Throughput,java_inventory,java,inventory,inventory-go-twin:9082,inventory-go-twin:9082,2026-06-23 15:44:54,2026-06-23T10:14:54Z,1782209694,ramp_1,315.0,0.0,{}
4,B,HTTP Throughput,java_inventory,java,inventory,order-go-twin:9083,order-go-twin:9083,2026-06-23 15:44:54,2026-06-23T10:14:54Z,1782209694,ramp_1,315.0,0.0,{}
4,B,HTTP Throughput,java_inventory,java,inventory,warehouse-go:8084,warehouse-go:8084,2026-06-23 15:44:54,2026-06-23T10:14:54Z,1782209694,ramp_1,315.0,0.0,{}
4,B,HTTP Throughput,java_inventory,java,inventory,inventory-go-twin:9082,inventory-go-twin:9082,2026-06-23 15:45:09,2026-06-23T10:15:09Z,1782209709,ramp_1,330.0,0.0,{}
4,B,HTTP Throughput,java_inventory,java,inventory,order-go-twin:9083,order-go-twin:9083,2026-06-23 15:45:09,2026-06-23T10:15:09Z,1782209709,ramp_1,330.0,0.0,{}
4,B,HTTP Throughput,java_inventory,java,inventory,warehouse-go:8084,warehouse-go:8084,2026-06-23 15:45:09,2026-06-23T10:15:09Z,1782209709,ramp_1,330.0,0.0,{}
4,B,HTTP Throughput,java_inventory,java,inventory,inventory-go-twin:9082,inventory-go-twin:9082,2026-06-23 15:45:24,2026-06-23T10:15:24Z,1782209724,ramp_1,345.0,0.0,{}
4,B,HTTP Throughput,java_inventory,java,inventory,order-go-twin:9083,order-go-twin:9083,2026-06-23 15:45:24,2026-06-23T10:15:24Z,1782209724,ramp_1,345.0,0.0,{}
4,B,HTTP Throughput,java_inventory,java,inventory,warehouse-go:8084,warehouse-go:8084,2026-06-23 15:45:24,2026-06-23T10:15:24Z,1782209724,ramp_1,345.0,0.0,{}
4,B,HTTP Throughput,java_inventory,java,inventory,inventory-go-twin:9082,inventory-go-twin:9082,2026-06-23 15:45:39,2026-06-23T10:15:39Z,1782209739,ramp_1,360.0,0.0,{}
4,B,HTTP Throughput,java_inventory,java,inventory,order-go-twin:9083,order-go-twin:9083,2026-06-23 15:45:39,2026-06-23T10:15:39Z,1782209739,ramp_1,360.0,0.0,{}
4,B,HTTP Throughput,java_inventory,java,inventory,warehouse-go:8084,warehouse-go:8084,2026-06-23 15:45:39,2026-06-23T10:15:39Z,1782209739,ramp_1,360.0,0.0,{}
4,B,HTTP Throughput,java_inventory,java,inventory,inventory-go-twin:9082,inventory-go-twin:9082,2026-06-23 15:45:54,2026-06-23T10:15:54Z,1782209754,ramp_1,375.0,0.0,{}
4,B,HTTP Throughput,java_inventory,java,inventory,order-go-twin:9083,order-go-twin:9083,2026-06-23 15:45:54,2026-06-23T10:15:54Z,1782209754,ramp_1,375.0,0.0,{}
4,B,HTTP Throughput,java_inventory,java,inventory,warehouse-go:8084,warehouse-go:8084,2026-06-23 15:45:54,2026-06-23T10:15:54Z,1782209754,ramp_1,375.0,0.0,{}
4,B,HTTP Throughput,java_inventory,java,inventory,inventory-go-twin:9082,inventory-go-twin:9082,2026-06-23 15:46:09,2026-06-23T10:16:09Z,1782209769,ramp_1,390.0,0.0,{}
4,B,HTTP Throughput,java_inventory,java,inventory,order-go-twin:9083,order-go-twin:9083,2026-06-23 15:46:09,2026-06-23T10:16:09Z,1782209769,ramp_1,390.0,0.0,{}
4,B,HTTP Throughput,java_inventory,java,inventory,warehouse-go:8084,warehouse-go:8084,2026-06-23 15:46:09,2026-06-23T10:16:09Z,1782209769,ramp_1,390.0,0.0,{}
4,B,HTTP Throughput,java_inventory,java,inventory,inventory-go-twin:9082,inventory-go-twin:9082,2026-06-23 15:46:24,2026-06-23T10:16:24Z,1782209784,ramp_1,405.0,0.0,{}
4,B,HTTP Throughput,java_inventory,java,inventory,order-go-twin:9083,order-go-twin:9083,2026-06-23 15:46:24,2026-06-23T10:16:24Z,1782209784,ramp_1,405.0,0.0,{}
4,B,HTTP Throughput,java_inventory,java,inventory,warehouse-go:8084,warehouse-go:8084,2026-06-23 15:46:24,2026-06-23T10:16:24Z,1782209784,ramp_1,405.0,0.0,{}
4,B,HTTP Throughput,java_inventory,java,inventory,inventory-go-twin:9082,inventory-go-twin:9082,2026-06-23 15:46:39,2026-06-23T10:16:39Z,1782209799,ramp_1,420.0,0.0,{}
4,B,HTTP Throughput,java_inventory,java,inventory,order-go-twin:9083,order-go-twin:9083,2026-06-23 15:46:39,2026-06-23T10:16:39Z,1782209799,ramp_1,420.0,0.0,{}
4,B,HTTP Throughput,java_inventory,java,inventory,warehouse-go:8084,warehouse-go:8084,2026-06-23 15:46:39,2026-06-23T10:16:39Z,1782209799,ramp_1,420.0,0.0,{}
4,B,HTTP Throughput,java_inventory,java,inventory,inventory-go-twin:9082,inventory-go-twin:9082,2026-06-23 15:46:54,2026-06-23T10:16:54Z,1782209814,ramp_1,435.0,0.0,{}
4,B,HTTP Throughput,java_inventory,java,inventory,order-go-twin:9083,order-go-twin:9083,2026-06-23 15:46:54,2026-06-23T10:16:54Z,1782209814,ramp_1,435.0,0.0,{}
4,B,HTTP Throughput,java_inventory,java,inventory,warehouse-go:8084,warehouse-go:8084,2026-06-23 15:46:54,2026-06-23T10:16:54Z,1782209814,ramp_1,435.0,0.0,{}
4,B,HTTP Throughput,java_inventory,java,inventory,inventory-go-twin:9082,inventory-go-twin:9082,2026-06-23 15:47:09,2026-06-23T10:17:09Z,1782209829,ramp_1,450.0,0.0,{}
4,B,HTTP Throughput,java_inventory,java,inventory,order-go-twin:9083,order-go-twin:9083,2026-06-23 15:47:09,2026-06-23T10:17:09Z,1782209829,ramp_1,450.0,0.0,{}
4,B,HTTP Throughput,java_inventory,java,inventory,warehouse-go:8084,warehouse-go:8084,2026-06-23 15:47:09,2026-06-23T10:17:09Z,1782209829,ramp_1,450.0,0.0,{}
4,B,HTTP Throughput,java_inventory,java,inventory,inventory-go-twin:9082,inventory-go-twin:9082,2026-06-23 15:47:24,2026-06-23T10:17:24Z,1782209844,ramp_1,465.0,0.0,{}
4,B,HTTP Throughput,java_inventory,java,inventory,order-go-twin:9083,order-go-twin:9083,2026-06-23 15:47:24,2026-06-23T10:17:24Z,1782209844,ramp_1,465.0,0.0,{}
4,B,HTTP Throughput,java_inventory,java,inventory,warehouse-go:8084,warehouse-go:8084,2026-06-23 15:47:24,2026-06-23T10:17:24Z,1782209844,ramp_1,465.0,0.0,{}
4,B,HTTP Throughput,java_inventory,java,inventory,inventory-go-twin:9082,inventory-go-twin:9082,2026-06-23 15:47:39,2026-06-23T10:17:39Z,1782209859,ramp_1,480.0,0.0,{}
4,B,HTTP Throughput,java_inventory,java,inventory,order-go-twin:9083,order-go-twin:9083,2026-06-23 15:47:39,2026-06-23T10:17:39Z,1782209859,ramp_1,480.0,0.0,{}
4,B,HTTP Throughput,java_inventory,java,inventory,warehouse-go:8084,warehouse-go:8084,2026-06-23 15:47:39,2026-06-23T10:17:39Z,1782209859,ramp_1,480.0,0.0,{}
4,B,HTTP Throughput,java_inventory,java,inventory,inventory-go-twin:9082,inventory-go-twin:9082,2026-06-23 15:47:54,2026-06-23T10:17:54Z,1782209874,ramp_1,495.0,0.0,{}
4,B,HTTP Throughput,java_inventory,java,inventory,order-go-twin:9083,order-go-twin:9083,2026-06-23 15:47:54,2026-06-23T10:17:54Z,1782209874,ramp_1,495.0,0.0,{}
4,B,HTTP Throughput,java_inventory,java,inventory,warehouse-go:8084,warehouse-go:8084,2026-06-23 15:47:54,2026-06-23T10:17:54Z,1782209874,ramp_1,495.0,0.0,{}
4,B,HTTP Throughput,java_inventory,java,inventory,inventory-go-twin:9082,inventory-go-twin:9082,2026-06-23 15:48:09,2026-06-23T10:18:09Z,1782209889,ramp_1,510.0,0.0,{}
4,B,HTTP Throughput,java_inventory,java,inventory,order-go-twin:9083,order-go-twin:9083,2026-06-23 15:48:09,2026-06-23T10:18:09Z,1782209889,ramp_1,510.0,0.0,{}
4,B,HTTP Throughput,java_inventory,java,inventory,warehouse-go:8084,warehouse-go:8084,2026-06-23 15:48:09,2026-06-23T10:18:09Z,1782209889,ramp_1,510.0,0.0,{}
4,B,HTTP Throughput,java_inventory,java,inventory,inventory-go-twin:9082,inventory-go-twin:9082,2026-06-23 15:48:24,2026-06-23T10:18:24Z,1782209904,ramp_1,525.0,0.0,{}
4,B,HTTP Throughput,java_inventory,java,inventory,order-go-twin:9083,order-go-twin:9083,2026-06-23 15:48:24,2026-06-23T10:18:24Z,1782209904,ramp_1,525.0,0.0,{}
4,B,HTTP Throughput,java_inventory,java,inventory,warehouse-go:8084,warehouse-go:8084,2026-06-23 15:48:24,2026-06-23T10:18:24Z,1782209904,ramp_1,525.0,0.0,{}
4,B,HTTP Throughput,java_inventory,java,inventory,inventory-go-twin:9082,inventory-go-twin:9082,2026-06-23 15:48:39,2026-06-23T10:18:39Z,1782209919,ramp_1,540.0,0.0,{}
4,B,HTTP Throughput,java_inventory,java,inventory,order-go-twin:9083,order-go-twin:9083,2026-06-23 15:48:39,2026-06-23T10:18:39Z,1782209919,ramp_1,540.0,0.0,{}
4,B,HTTP Throughput,java_inventory,java,inventory,warehouse-go:8084,warehouse-go:8084,2026-06-23 15:48:39,2026-06-23T10:18:39Z,1782209919,ramp_1,540.0,0.0,{}
4,B,HTTP Throughput,java_inventory,java,inventory,inventory-go-twin:9082,inventory-go-twin:9082,2026-06-23 15:48:54,2026-06-23T10:18:54Z,1782209934,ramp_1,555.0,0.0,{}
4,B,HTTP Throughput,java_inventory,java,inventory,order-go-twin:9083,order-go-twin:9083,2026-06-23 15:48:54,2026-06-23T10:18:54Z,1782209934,ramp_1,555.0,0.0,{}
4,B,HTTP Throughput,java_inventory,java,inventory,warehouse-go:8084,warehouse-go:8084,2026-06-23 15:48:54,2026-06-23T10:18:54Z,1782209934,ramp_1,555.0,0.0,{}
4,B,HTTP Throughput,java_inventory,java,inventory,inventory-go-twin:9082,inventory-go-twin:9082,2026-06-23 15:49:09,2026-06-23T10:19:09Z,1782209949,ramp_1,570.0,0.0,{}
4,B,HTTP Throughput,java_inventory,java,inventory,order-go-twin:9083,order-go-twin:9083,2026-06-23 15:49:09,2026-06-23T10:19:09Z,1782209949,ramp_1,570.0,0.0,{}
4,B,HTTP Throughput,java_inventory,java,inventory,warehouse-go:8084,warehouse-go:8084,2026-06-23 15:49:09,2026-06-23T10:19:09Z,1782209949,ramp_1,570.0,0.0,{}
4,B,HTTP Throughput,java_inventory,java,inventory,inventory-go-twin:9082,inventory-go-twin:9082,2026-06-23 15:49:24,2026-06-23T10:19:24Z,1782209964,ramp_1,585.0,0.0,{}
4,B,HTTP Throughput,java_inventory,java,inventory,order-go-twin:9083,order-go-twin:9083,2026-06-23 15:49:24,2026-06-23T10:19:24Z,1782209964,ramp_1,585.0,0.0,{}
4,B,HTTP Throughput,java_inventory,java,inventory,warehouse-go:8084,warehouse-go:8084,2026-06-23 15:49:24,2026-06-23T10:19:24Z,1782209964,ramp_1,585.0,0.0,{}
4,B,HTTP Throughput,java_inventory,java,inventory,inventory-go-twin:9082,inventory-go-twin:9082,2026-06-23 15:49:39,2026-06-23T10:19:39Z,1782209979,ramp_2,600.0,0.0,{}
4,B,HTTP Throughput,java_inventory,java,inventory,order-go-twin:9083,order-go-twin:9083,2026-06-23 15:49:39,2026-06-23T10:19:39Z,1782209979,ramp_2,600.0,0.0,{}
4,B,HTTP Throughput,java_inventory,java,inventory,warehouse-go:8084,warehouse-go:8084,2026-06-23 15:49:39,2026-06-23T10:19:39Z,1782209979,ramp_2,600.0,0.0,{}
4,B,HTTP Throughput,java_inventory,java,inventory,inventory-go-twin:9082,inventory-go-twin:9082,2026-06-23 15:49:54,2026-06-23T10:19:54Z,1782209994,ramp_2,615.0,0.0,{}
4,B,HTTP Throughput,java_inventory,java,inventory,order-go-twin:9083,order-go-twin:9083,2026-06-23 15:49:54,2026-06-23T10:19:54Z,1782209994,ramp_2,615.0,0.0,{}
4,B,HTTP Throughput,java_inventory,java,inventory,warehouse-go:8084,warehouse-go:8084,2026-06-23 15:49:54,2026-06-23T10:19:54Z,1782209994,ramp_2,615.0,0.0,{}
4,B,HTTP Throughput,java_inventory,java,inventory,inventory-go-twin:9082,inventory-go-twin:9082,2026-06-23 15:50:09,2026-06-23T10:20:09Z,1782210009,ramp_2,630.0,0.0,{}
4,B,HTTP Throughput,java_inventory,java,inventory,order-go-twin:9083,order-go-twin:9083,2026-06-23 15:50:09,2026-06-23T10:20:09Z,1782210009,ramp_2,630.0,0.0,{}
4,B,HTTP Throughput,java_inventory,java,inventory,warehouse-go:8084,warehouse-go:8084,2026-06-23 15:50:09,2026-06-23T10:20:09Z,1782210009,ramp_2,630.0,0.0,{}
4,B,HTTP Throughput,java_inventory,java,inventory,inventory-go-twin:9082,inventory-go-twin:9082,2026-06-23 15:50:24,2026-06-23T10:20:24Z,1782210024,ramp_2,645.0,0.0,{}
4,B,HTTP Throughput,java_inventory,java,inventory,order-go-twin:9083,order-go-twin:9083,2026-06-23 15:50:24,2026-06-23T10:20:24Z,1782210024,ramp_2,645.0,0.0,{}
4,B,HTTP Throughput,java_inventory,java,inventory,warehouse-go:8084,warehouse-go:8084,2026-06-23 15:50:24,2026-06-23T10:20:24Z,1782210024,ramp_2,645.0,0.0,{}
4,B,HTTP Throughput,java_inventory,java,inventory,inventory-go-twin:9082,inventory-go-twin:9082,2026-06-23 15:50:39,2026-06-23T10:20:39Z,1782210039,ramp_2,660.0,0.0,{}
4,B,HTTP Throughput,java_inventory,java,inventory,order-go-twin:9083,order-go-twin:9083,2026-06-23 15:50:39,2026-06-23T10:20:39Z,1782210039,ramp_2,660.0,0.0,{}
4,B,HTTP Throughput,java_inventory,java,inventory,warehouse-go:8084,warehouse-go:8084,2026-06-23 15:50:39,2026-06-23T10:20:39Z,1782210039,ramp_2,660.0,0.0,{}
4,B,HTTP Throughput,java_inventory,java,inventory,inventory-go-twin:9082,inventory-go-twin:9082,2026-06-23 15:50:54,2026-06-23T10:20:54Z,1782210054,ramp_2,675.0,0.0,{}
4,B,HTTP Throughput,java_inventory,java,inventory,order-go-twin:9083,order-go-twin:9083,2026-06-23 15:50:54,2026-06-23T10:20:54Z,1782210054,ramp_2,675.0,0.0,{}
4,B,HTTP Throughput,java_inventory,java,inventory,warehouse-go:8084,warehouse-go:8084,2026-06-23 15:50:54,2026-06-23T10:20:54Z,1782210054,ramp_2,675.0,0.0,{}
4,B,HTTP Throughput,java_inventory,java,inventory,inventory-go-twin:9082,inventory-go-twin:9082,2026-06-23 15:51:09,2026-06-23T10:21:09Z,1782210069,ramp_2,690.0,0.0,{}
4,B,HTTP Throughput,java_inventory,java,inventory,order-go-twin:9083,order-go-twin:9083,2026-06-23 15:51:09,2026-06-23T10:21:09Z,1782210069,ramp_2,690.0,0.0,{}
4,B,HTTP Throughput,java_inventory,java,inventory,warehouse-go:8084,warehouse-go:8084,2026-06-23 15:51:09,2026-06-23T10:21:09Z,1782210069,ramp_2,690.0,0.0,{}
4,B,HTTP Throughput,java_inventory,java,inventory,inventory-go-twin:9082,inventory-go-twin:9082,2026-06-23 15:51:24,2026-06-23T10:21:24Z,1782210084,ramp_2,705.0,0.0,{}
4,B,HTTP Throughput,java_inventory,java,inventory,order-go-twin:9083,order-go-twin:9083,2026-06-23 15:51:24,2026-06-23T10:21:24Z,1782210084,ramp_2,705.0,0.0,{}
4,B,HTTP Throughput,java_inventory,java,inventory,warehouse-go:8084,warehouse-go:8084,2026-06-23 15:51:24,2026-06-23T10:21:24Z,1782210084,ramp_2,705.0,0.0,{}
4,B,HTTP Throughput,java_inventory,java,inventory,inventory-go-twin:9082,inventory-go-twin:9082,2026-06-23 15:51:39,2026-06-23T10:21:39Z,1782210099,ramp_2,720.0,0.0,{}
4,B,HTTP Throughput,java_inventory,java,inventory,order-go-twin:9083,order-go-twin:9083,2026-06-23 15:51:39,2026-06-23T10:21:39Z,1782210099,ramp_2,720.0,0.0,{}
4,B,HTTP Throughput,java_inventory,java,inventory,warehouse-go:8084,warehouse-go:8084,2026-06-23 15:51:39,2026-06-23T10:21:39Z,1782210099,ramp_2,720.0,0.0,{}
4,B,HTTP Throughput,java_inventory,java,inventory,inventory-go-twin:9082,inventory-go-twin:9082,2026-06-23 15:51:54,2026-06-23T10:21:54Z,1782210114,ramp_2,735.0,0.0,{}
4,B,HTTP Throughput,java_inventory,java,inventory,order-go-twin:9083,order-go-twin:9083,2026-06-23 15:51:54,2026-06-23T10:21:54Z,1782210114,ramp_2,735.0,0.0,{}
4,B,HTTP Throughput,java_inventory,java,inventory,warehouse-go:8084,warehouse-go:8084,2026-06-23 15:51:54,2026-06-23T10:21:54Z,1782210114,ramp_2,735.0,0.0,{}
4,B,HTTP Throughput,java_inventory,java,inventory,inventory-go-twin:9082,inventory-go-twin:9082,2026-06-23 15:52:09,2026-06-23T10:22:09Z,1782210129,ramp_2,750.0,0.0,{}
4,B,HTTP Throughput,java_inventory,java,inventory,order-go-twin:9083,order-go-twin:9083,2026-06-23 15:52:09,2026-06-23T10:22:09Z,1782210129,ramp_2,750.0,0.0,{}
4,B,HTTP Throughput,java_inventory,java,inventory,warehouse-go:8084,warehouse-go:8084,2026-06-23 15:52:09,2026-06-23T10:22:09Z,1782210129,ramp_2,750.0,0.0,{}
4,B,HTTP Throughput,java_inventory,java,inventory,inventory-go-twin:9082,inventory-go-twin:9082,2026-06-23 15:52:24,2026-06-23T10:22:24Z,1782210144,ramp_2,765.0,0.0,{}
4,B,HTTP Throughput,java_inventory,java,inventory,order-go-twin:9083,order-go-twin:9083,2026-06-23 15:52:24,2026-06-23T10:22:24Z,1782210144,ramp_2,765.0,0.0,{}
4,B,HTTP Throughput,java_inventory,java,inventory,warehouse-go:8084,warehouse-go:8084,2026-06-23 15:52:24,2026-06-23T10:22:24Z,1782210144,ramp_2,765.0,0.0,{}
4,B,HTTP Throughput,java_inventory,java,inventory,inventory-go-twin:9082,inventory-go-twin:9082,2026-06-23 15:52:39,2026-06-23T10:22:39Z,1782210159,ramp_2,780.0,0.0,{}
4,B,HTTP Throughput,java_inventory,java,inventory,order-go-twin:9083,order-go-twin:9083,2026-06-23 15:52:39,2026-06-23T10:22:39Z,1782210159,ramp_2,780.0,0.0,{}
4,B,HTTP Throughput,java_inventory,java,inventory,warehouse-go:8084,warehouse-go:8084,2026-06-23 15:52:39,2026-06-23T10:22:39Z,1782210159,ramp_2,780.0,0.0,{}
4,B,HTTP Throughput,java_inventory,java,inventory,inventory-go-twin:9082,inventory-go-twin:9082,2026-06-23 15:52:54,2026-06-23T10:22:54Z,1782210174,ramp_2,795.0,0.0,{}
4,B,HTTP Throughput,java_inventory,java,inventory,order-go-twin:9083,order-go-twin:9083,2026-06-23 15:52:54,2026-06-23T10:22:54Z,1782210174,ramp_2,795.0,0.0,{}
4,B,HTTP Throughput,java_inventory,java,inventory,warehouse-go:8084,warehouse-go:8084,2026-06-23 15:52:54,2026-06-23T10:22:54Z,1782210174,ramp_2,795.0,0.0,{}
4,B,HTTP Throughput,java_inventory,java,inventory,inventory-go-twin:9082,inventory-go-twin:9082,2026-06-23 15:53:09,2026-06-23T10:23:09Z,1782210189,ramp_2,810.0,0.0,{}
4,B,HTTP Throughput,java_inventory,java,inventory,order-go-twin:9083,order-go-twin:9083,2026-06-23 15:53:09,2026-06-23T10:23:09Z,1782210189,ramp_2,810.0,0.0,{}
4,B,HTTP Throughput,java_inventory,java,inventory,warehouse-go:8084,warehouse-go:8084,2026-06-23 15:53:09,2026-06-23T10:23:09Z,1782210189,ramp_2,810.0,0.0,{}
4,B,HTTP Throughput,java_inventory,java,inventory,inventory-go-twin:9082,inventory-go-twin:9082,2026-06-23 15:53:24,2026-06-23T10:23:24Z,1782210204,ramp_2,825.0,0.0,{}
4,B,HTTP Throughput,java_inventory,java,inventory,order-go-twin:9083,order-go-twin:9083,2026-06-23 15:53:24,2026-06-23T10:23:24Z,1782210204,ramp_2,825.0,0.0,{}
4,B,HTTP Throughput,java_inventory,java,inventory,warehouse-go:8084,warehouse-go:8084,2026-06-23 15:53:24,2026-06-23T10:23:24Z,1782210204,ramp_2,825.0,0.0,{}
4,B,HTTP Throughput,java_inventory,java,inventory,inventory-go-twin:9082,inventory-go-twin:9082,2026-06-23 15:53:39,2026-06-23T10:23:39Z,1782210219,ramp_2,840.0,0.0,{}
4,B,HTTP Throughput,java_inventory,java,inventory,order-go-twin:9083,order-go-twin:9083,2026-06-23 15:53:39,2026-06-23T10:23:39Z,1782210219,ramp_2,840.0,0.0,{}
4,B,HTTP Throughput,java_inventory,java,inventory,warehouse-go:8084,warehouse-go:8084,2026-06-23 15:53:39,2026-06-23T10:23:39Z,1782210219,ramp_2,840.0,0.0,{}
4,B,HTTP Throughput,java_inventory,java,inventory,inventory-go-twin:9082,inventory-go-twin:9082,2026-06-23 15:53:54,2026-06-23T10:23:54Z,1782210234,ramp_2,855.0,0.0,{}
4,B,HTTP Throughput,java_inventory,java,inventory,order-go-twin:9083,order-go-twin:9083,2026-06-23 15:53:54,2026-06-23T10:23:54Z,1782210234,ramp_2,855.0,0.0,{}
4,B,HTTP Throughput,java_inventory,java,inventory,warehouse-go:8084,warehouse-go:8084,2026-06-23 15:53:54,2026-06-23T10:23:54Z,1782210234,ramp_2,855.0,0.0,{}
4,B,HTTP Throughput,java_inventory,java,inventory,inventory-go-twin:9082,inventory-go-twin:9082,2026-06-23 15:54:09,2026-06-23T10:24:09Z,1782210249,ramp_2,870.0,0.0,{}
4,B,HTTP Throughput,java_inventory,java,inventory,order-go-twin:9083,order-go-twin:9083,2026-06-23 15:54:09,2026-06-23T10:24:09Z,1782210249,ramp_2,870.0,0.0,{}
4,B,HTTP Throughput,java_inventory,java,inventory,warehouse-go:8084,warehouse-go:8084,2026-06-23 15:54:09,2026-06-23T10:24:09Z,1782210249,ramp_2,870.0,0.0,{}
4,B,HTTP Throughput,java_inventory,java,inventory,inventory-go-twin:9082,inventory-go-twin:9082,2026-06-23 15:54:24,2026-06-23T10:24:24Z,1782210264,ramp_2,885.0,0.0,{}
4,B,HTTP Throughput,java_inventory,java,inventory,order-go-twin:9083,order-go-twin:9083,2026-06-23 15:54:24,2026-06-23T10:24:24Z,1782210264,ramp_2,885.0,0.0,{}
4,B,HTTP Throughput,java_inventory,java,inventory,warehouse-go:8084,warehouse-go:8084,2026-06-23 15:54:24,2026-06-23T10:24:24Z,1782210264,ramp_2,885.0,0.0,{}
4,B,HTTP Throughput,java_inventory,java,inventory,inventory-go-twin:9082,inventory-go-twin:9082,2026-06-23 15:54:39,2026-06-23T10:24:39Z,1782210279,ramp_3,900.0,0.0,{}
4,B,HTTP Throughput,java_inventory,java,inventory,order-go-twin:9083,order-go-twin:9083,2026-06-23 15:54:39,2026-06-23T10:24:39Z,1782210279,ramp_3,900.0,0.0,{}
4,B,HTTP Throughput,java_inventory,java,inventory,warehouse-go:8084,warehouse-go:8084,2026-06-23 15:54:39,2026-06-23T10:24:39Z,1782210279,ramp_3,900.0,0.0,{}
4,B,HTTP Throughput,java_inventory,java,inventory,inventory-go-twin:9082,inventory-go-twin:9082,2026-06-23 15:54:54,2026-06-23T10:24:54Z,1782210294,ramp_3,915.0,0.0,{}
4,B,HTTP Throughput,java_inventory,java,inventory,order-go-twin:9083,order-go-twin:9083,2026-06-23 15:54:54,2026-06-23T10:24:54Z,1782210294,ramp_3,915.0,0.0,{}
4,B,HTTP Throughput,java_inventory,java,inventory,warehouse-go:8084,warehouse-go:8084,2026-06-23 15:54:54,2026-06-23T10:24:54Z,1782210294,ramp_3,915.0,0.0,{}
4,B,HTTP Throughput,java_inventory,java,inventory,inventory-go-twin:9082,inventory-go-twin:9082,2026-06-23 15:55:09,2026-06-23T10:25:09Z,1782210309,ramp_3,930.0,0.0,{}
4,B,HTTP Throughput,java_inventory,java,inventory,order-go-twin:9083,order-go-twin:9083,2026-06-23 15:55:09,2026-06-23T10:25:09Z,1782210309,ramp_3,930.0,0.0,{}
4,B,HTTP Throughput,java_inventory,java,inventory,warehouse-go:8084,warehouse-go:8084,2026-06-23 15:55:09,2026-06-23T10:25:09Z,1782210309,ramp_3,930.0,0.0,{}
4,B,HTTP Throughput,java_inventory,java,inventory,inventory-go-twin:9082,inventory-go-twin:9082,2026-06-23 15:55:24,2026-06-23T10:25:24Z,1782210324,ramp_3,945.0,0.0,{}
4,B,HTTP Throughput,java_inventory,java,inventory,order-go-twin:9083,order-go-twin:9083,2026-06-23 15:55:24,2026-06-23T10:25:24Z,1782210324,ramp_3,945.0,0.0,{}
4,B,HTTP Throughput,java_inventory,java,inventory,warehouse-go:8084,warehouse-go:8084,2026-06-23 15:55:24,2026-06-23T10:25:24Z,1782210324,ramp_3,945.0,0.0,{}
4,B,HTTP Throughput,java_inventory,java,inventory,inventory-go-twin:9082,inventory-go-twin:9082,2026-06-23 15:55:39,2026-06-23T10:25:39Z,1782210339,ramp_3,960.0,0.0,{}
4,B,HTTP Throughput,java_inventory,java,inventory,order-go-twin:9083,order-go-twin:9083,2026-06-23 15:55:39,2026-06-23T10:25:39Z,1782210339,ramp_3,960.0,0.0,{}
4,B,HTTP Throughput,java_inventory,java,inventory,warehouse-go:8084,warehouse-go:8084,2026-06-23 15:55:39,2026-06-23T10:25:39Z,1782210339,ramp_3,960.0,0.0,{}
4,B,HTTP Throughput,java_inventory,java,inventory,inventory-go-twin:9082,inventory-go-twin:9082,2026-06-23 15:55:54,2026-06-23T10:25:54Z,1782210354,ramp_3,975.0,0.0,{}
4,B,HTTP Throughput,java_inventory,java,inventory,order-go-twin:9083,order-go-twin:9083,2026-06-23 15:55:54,2026-06-23T10:25:54Z,1782210354,ramp_3,975.0,0.0,{}
4,B,HTTP Throughput,java_inventory,java,inventory,warehouse-go:8084,warehouse-go:8084,2026-06-23 15:55:54,2026-06-23T10:25:54Z,1782210354,ramp_3,975.0,0.0,{}
4,B,HTTP Throughput,java_inventory,java,inventory,inventory-go-twin:9082,inventory-go-twin:9082,2026-06-23 15:56:09,2026-06-23T10:26:09Z,1782210369,ramp_3,990.0,0.0,{}
4,B,HTTP Throughput,java_inventory,java,inventory,order-go-twin:9083,order-go-twin:9083,2026-06-23 15:56:09,2026-06-23T10:26:09Z,1782210369,ramp_3,990.0,0.0,{}
4,B,HTTP Throughput,java_inventory,java,inventory,warehouse-go:8084,warehouse-go:8084,2026-06-23 15:56:09,2026-06-23T10:26:09Z,1782210369,ramp_3,990.0,0.0,{}
4,B,HTTP Throughput,java_inventory,java,inventory,inventory-go-twin:9082,inventory-go-twin:9082,2026-06-23 15:56:24,2026-06-23T10:26:24Z,1782210384,ramp_3,1005.0,0.0,{}
4,B,HTTP Throughput,java_inventory,java,inventory,order-go-twin:9083,order-go-twin:9083,2026-06-23 15:56:24,2026-06-23T10:26:24Z,1782210384,ramp_3,1005.0,0.0,{}
4,B,HTTP Throughput,java_inventory,java,inventory,warehouse-go:8084,warehouse-go:8084,2026-06-23 15:56:24,2026-06-23T10:26:24Z,1782210384,ramp_3,1005.0,0.0,{}
4,B,HTTP Throughput,java_inventory,java,inventory,inventory-go-twin:9082,inventory-go-twin:9082,2026-06-23 15:56:39,2026-06-23T10:26:39Z,1782210399,ramp_3,1020.0,0.0,{}
4,B,HTTP Throughput,java_inventory,java,inventory,order-go-twin:9083,order-go-twin:9083,2026-06-23 15:56:39,2026-06-23T10:26:39Z,1782210399,ramp_3,1020.0,0.0,{}
4,B,HTTP Throughput,java_inventory,java,inventory,warehouse-go:8084,warehouse-go:8084,2026-06-23 15:56:39,2026-06-23T10:26:39Z,1782210399,ramp_3,1020.0,0.0,{}
4,B,HTTP Throughput,java_inventory,java,inventory,inventory-go-twin:9082,inventory-go-twin:9082,2026-06-23 15:56:54,2026-06-23T10:26:54Z,1782210414,ramp_3,1035.0,0.0,{}
4,B,HTTP Throughput,java_inventory,java,inventory,order-go-twin:9083,order-go-twin:9083,2026-06-23 15:56:54,2026-06-23T10:26:54Z,1782210414,ramp_3,1035.0,0.0,{}
4,B,HTTP Throughput,java_inventory,java,inventory,warehouse-go:8084,warehouse-go:8084,2026-06-23 15:56:54,2026-06-23T10:26:54Z,1782210414,ramp_3,1035.0,0.0,{}
4,B,HTTP Throughput,java_inventory,java,inventory,inventory-go-twin:9082,inventory-go-twin:9082,2026-06-23 15:57:09,2026-06-23T10:27:09Z,1782210429,ramp_3,1050.0,0.0,{}
4,B,HTTP Throughput,java_inventory,java,inventory,order-go-twin:9083,order-go-twin:9083,2026-06-23 15:57:09,2026-06-23T10:27:09Z,1782210429,ramp_3,1050.0,0.0,{}
4,B,HTTP Throughput,java_inventory,java,inventory,warehouse-go:8084,warehouse-go:8084,2026-06-23 15:57:09,2026-06-23T10:27:09Z,1782210429,ramp_3,1050.0,0.0,{}
4,B,HTTP Throughput,java_inventory,java,inventory,inventory-go-twin:9082,inventory-go-twin:9082,2026-06-23 15:57:24,2026-06-23T10:27:24Z,1782210444,ramp_3,1065.0,0.0,{}
4,B,HTTP Throughput,java_inventory,java,inventory,order-go-twin:9083,order-go-twin:9083,2026-06-23 15:57:24,2026-06-23T10:27:24Z,1782210444,ramp_3,1065.0,0.0,{}
4,B,HTTP Throughput,java_inventory,java,inventory,warehouse-go:8084,warehouse-go:8084,2026-06-23 15:57:24,2026-06-23T10:27:24Z,1782210444,ramp_3,1065.0,0.0,{}
4,B,HTTP Throughput,java_inventory,java,inventory,inventory-go-twin:9082,inventory-go-twin:9082,2026-06-23 15:57:39,2026-06-23T10:27:39Z,1782210459,ramp_3,1080.0,0.0,{}
4,B,HTTP Throughput,java_inventory,java,inventory,order-go-twin:9083,order-go-twin:9083,2026-06-23 15:57:39,2026-06-23T10:27:39Z,1782210459,ramp_3,1080.0,0.0,{}
4,B,HTTP Throughput,java_inventory,java,inventory,warehouse-go:8084,warehouse-go:8084,2026-06-23 15:57:39,2026-06-23T10:27:39Z,1782210459,ramp_3,1080.0,0.0,{}
4,B,HTTP Throughput,java_inventory,java,inventory,inventory-go-twin:9082,inventory-go-twin:9082,2026-06-23 15:57:54,2026-06-23T10:27:54Z,1782210474,ramp_3,1095.0,0.0,{}
4,B,HTTP Throughput,java_inventory,java,inventory,order-go-twin:9083,order-go-twin:9083,2026-06-23 15:57:54,2026-06-23T10:27:54Z,1782210474,ramp_3,1095.0,0.0,{}
4,B,HTTP Throughput,java_inventory,java,inventory,warehouse-go:8084,warehouse-go:8084,2026-06-23 15:57:54,2026-06-23T10:27:54Z,1782210474,ramp_3,1095.0,0.0,{}
4,B,HTTP Throughput,java_inventory,java,inventory,inventory-go-twin:9082,inventory-go-twin:9082,2026-06-23 15:58:09,2026-06-23T10:28:09Z,1782210489,ramp_3,1110.0,0.0,{}
4,B,HTTP Throughput,java_inventory,java,inventory,order-go-twin:9083,order-go-twin:9083,2026-06-23 15:58:09,2026-06-23T10:28:09Z,1782210489,ramp_3,1110.0,0.0,{}
4,B,HTTP Throughput,java_inventory,java,inventory,warehouse-go:8084,warehouse-go:8084,2026-06-23 15:58:09,2026-06-23T10:28:09Z,1782210489,ramp_3,1110.0,0.0,{}
4,B,HTTP Throughput,java_inventory,java,inventory,inventory-go-twin:9082,inventory-go-twin:9082,2026-06-23 15:58:24,2026-06-23T10:28:24Z,1782210504,ramp_3,1125.0,0.0,{}
4,B,HTTP Throughput,java_inventory,java,inventory,order-go-twin:9083,order-go-twin:9083,2026-06-23 15:58:24,2026-06-23T10:28:24Z,1782210504,ramp_3,1125.0,0.0,{}
4,B,HTTP Throughput,java_inventory,java,inventory,warehouse-go:8084,warehouse-go:8084,2026-06-23 15:58:24,2026-06-23T10:28:24Z,1782210504,ramp_3,1125.0,0.0,{}
4,B,HTTP Throughput,java_inventory,java,inventory,inventory-go-twin:9082,inventory-go-twin:9082,2026-06-23 15:58:39,2026-06-23T10:28:39Z,1782210519,ramp_3,1140.0,0.0,{}
4,B,HTTP Throughput,java_inventory,java,inventory,order-go-twin:9083,order-go-twin:9083,2026-06-23 15:58:39,2026-06-23T10:28:39Z,1782210519,ramp_3,1140.0,0.0,{}
4,B,HTTP Throughput,java_inventory,java,inventory,warehouse-go:8084,warehouse-go:8084,2026-06-23 15:58:39,2026-06-23T10:28:39Z,1782210519,ramp_3,1140.0,0.0,{}
4,B,HTTP Throughput,java_inventory,java,inventory,inventory-go-twin:9082,inventory-go-twin:9082,2026-06-23 15:58:54,2026-06-23T10:28:54Z,1782210534,ramp_3,1155.0,0.0,{}
4,B,HTTP Throughput,java_inventory,java,inventory,order-go-twin:9083,order-go-twin:9083,2026-06-23 15:58:54,2026-06-23T10:28:54Z,1782210534,ramp_3,1155.0,0.0,{}
4,B,HTTP Throughput,java_inventory,java,inventory,warehouse-go:8084,warehouse-go:8084,2026-06-23 15:58:54,2026-06-23T10:28:54Z,1782210534,ramp_3,1155.0,0.0,{}
4,B,HTTP Throughput,java_inventory,java,inventory,inventory-go-twin:9082,inventory-go-twin:9082,2026-06-23 15:59:09,2026-06-23T10:29:09Z,1782210549,ramp_3,1170.0,0.0,{}
4,B,HTTP Throughput,java_inventory,java,inventory,order-go-twin:9083,order-go-twin:9083,2026-06-23 15:59:09,2026-06-23T10:29:09Z,1782210549,ramp_3,1170.0,0.0,{}
4,B,HTTP Throughput,java_inventory,java,inventory,warehouse-go:8084,warehouse-go:8084,2026-06-23 15:59:09,2026-06-23T10:29:09Z,1782210549,ramp_3,1170.0,0.0,{}
4,B,HTTP Throughput,java_inventory,java,inventory,inventory-go-twin:9082,inventory-go-twin:9082,2026-06-23 15:59:24,2026-06-23T10:29:24Z,1782210564,ramp_3,1185.0,0.0,{}
4,B,HTTP Throughput,java_inventory,java,inventory,order-go-twin:9083,order-go-twin:9083,2026-06-23 15:59:24,2026-06-23T10:29:24Z,1782210564,ramp_3,1185.0,0.0,{}
4,B,HTTP Throughput,java_inventory,java,inventory,warehouse-go:8084,warehouse-go:8084,2026-06-23 15:59:24,2026-06-23T10:29:24Z,1782210564,ramp_3,1185.0,0.0,{}
4,B,HTTP Throughput,java_inventory,java,inventory,inventory-go-twin:9082,inventory-go-twin:9082,2026-06-23 15:59:39,2026-06-23T10:29:39Z,1782210579,sustain,1200.0,0.0,{}
4,B,HTTP Throughput,java_inventory,java,inventory,order-go-twin:9083,order-go-twin:9083,2026-06-23 15:59:39,2026-06-23T10:29:39Z,1782210579,sustain,1200.0,0.0,{}
4,B,HTTP Throughput,java_inventory,java,inventory,warehouse-go:8084,warehouse-go:8084,2026-06-23 15:59:39,2026-06-23T10:29:39Z,1782210579,sustain,1200.0,0.0,{}
4,B,HTTP Throughput,java_inventory,java,inventory,inventory-go-twin:9082,inventory-go-twin:9082,2026-06-23 15:59:54,2026-06-23T10:29:54Z,1782210594,sustain,1215.0,0.0,{}
4,B,HTTP Throughput,java_inventory,java,inventory,order-go-twin:9083,order-go-twin:9083,2026-06-23 15:59:54,2026-06-23T10:29:54Z,1782210594,sustain,1215.0,0.0,{}
4,B,HTTP Throughput,java_inventory,java,inventory,warehouse-go:8084,warehouse-go:8084,2026-06-23 15:59:54,2026-06-23T10:29:54Z,1782210594,sustain,1215.0,0.0,{}
4,B,HTTP Throughput,java_inventory,java,inventory,inventory-go-twin:9082,inventory-go-twin:9082,2026-06-23 16:00:09,2026-06-23T10:30:09Z,1782210609,sustain,1230.0,0.0,{}
4,B,HTTP Throughput,java_inventory,java,inventory,order-go-twin:9083,order-go-twin:9083,2026-06-23 16:00:09,2026-06-23T10:30:09Z,1782210609,sustain,1230.0,0.0,{}
4,B,HTTP Throughput,java_inventory,java,inventory,warehouse-go:8084,warehouse-go:8084,2026-06-23 16:00:09,2026-06-23T10:30:09Z,1782210609,sustain,1230.0,0.0,{}
4,B,HTTP Throughput,java_inventory,java,inventory,inventory-go-twin:9082,inventory-go-twin:9082,2026-06-23 16:00:24,2026-06-23T10:30:24Z,1782210624,sustain,1245.0,0.0,{}
4,B,HTTP Throughput,java_inventory,java,inventory,order-go-twin:9083,order-go-twin:9083,2026-06-23 16:00:24,2026-06-23T10:30:24Z,1782210624,sustain,1245.0,0.0,{}
4,B,HTTP Throughput,java_inventory,java,inventory,warehouse-go:8084,warehouse-go:8084,2026-06-23 16:00:24,2026-06-23T10:30:24Z,1782210624,sustain,1245.0,0.0,{}
4,B,HTTP Throughput,java_inventory,java,inventory,inventory-go-twin:9082,inventory-go-twin:9082,2026-06-23 16:00:39,2026-06-23T10:30:39Z,1782210639,sustain,1260.0,0.0,{}
4,B,HTTP Throughput,java_inventory,java,inventory,order-go-twin:9083,order-go-twin:9083,2026-06-23 16:00:39,2026-06-23T10:30:39Z,1782210639,sustain,1260.0,0.0,{}
4,B,HTTP Throughput,java_inventory,java,inventory,warehouse-go:8084,warehouse-go:8084,2026-06-23 16:00:39,2026-06-23T10:30:39Z,1782210639,sustain,1260.0,0.0,{}
4,B,HTTP Throughput,java_inventory,java,inventory,inventory-go-twin:9082,inventory-go-twin:9082,2026-06-23 16:00:54,2026-06-23T10:30:54Z,1782210654,sustain,1275.0,0.0,{}
4,B,HTTP Throughput,java_inventory,java,inventory,order-go-twin:9083,order-go-twin:9083,2026-06-23 16:00:54,2026-06-23T10:30:54Z,1782210654,sustain,1275.0,0.0,{}
4,B,HTTP Throughput,java_inventory,java,inventory,warehouse-go:8084,warehouse-go:8084,2026-06-23 16:00:54,2026-06-23T10:30:54Z,1782210654,sustain,1275.0,0.0,{}
4,B,HTTP Throughput,java_inventory,java,inventory,inventory-go-twin:9082,inventory-go-twin:9082,2026-06-23 16:01:09,2026-06-23T10:31:09Z,1782210669,sustain,1290.0,0.0,{}
4,B,HTTP Throughput,java_inventory,java,inventory,order-go-twin:9083,order-go-twin:9083,2026-06-23 16:01:09,2026-06-23T10:31:09Z,1782210669,sustain,1290.0,0.0,{}
4,B,HTTP Throughput,java_inventory,java,inventory,warehouse-go:8084,warehouse-go:8084,2026-06-23 16:01:09,2026-06-23T10:31:09Z,1782210669,sustain,1290.0,0.0,{}
4,B,HTTP Throughput,java_inventory,java,inventory,inventory-go-twin:9082,inventory-go-twin:9082,2026-06-23 16:01:24,2026-06-23T10:31:24Z,1782210684,sustain,1305.0,0.0,{}
4,B,HTTP Throughput,java_inventory,java,inventory,order-go-twin:9083,order-go-twin:9083,2026-06-23 16:01:24,2026-06-23T10:31:24Z,1782210684,sustain,1305.0,0.0,{}
4,B,HTTP Throughput,java_inventory,java,inventory,warehouse-go:8084,warehouse-go:8084,2026-06-23 16:01:24,2026-06-23T10:31:24Z,1782210684,sustain,1305.0,0.0,{}
4,B,HTTP Throughput,java_inventory,java,inventory,inventory-go-twin:9082,inventory-go-twin:9082,2026-06-23 16:01:39,2026-06-23T10:31:39Z,1782210699,sustain,1320.0,0.0,{}
4,B,HTTP Throughput,java_inventory,java,inventory,order-go-twin:9083,order-go-twin:9083,2026-06-23 16:01:39,2026-06-23T10:31:39Z,1782210699,sustain,1320.0,0.0,{}
4,B,HTTP Throughput,java_inventory,java,inventory,warehouse-go:8084,warehouse-go:8084,2026-06-23 16:01:39,2026-06-23T10:31:39Z,1782210699,sustain,1320.0,0.0,{}
4,B,HTTP Throughput,java_inventory,java,inventory,inventory-go-twin:9082,inventory-go-twin:9082,2026-06-23 16:01:54,2026-06-23T10:31:54Z,1782210714,sustain,1335.0,0.0,{}
4,B,HTTP Throughput,java_inventory,java,inventory,order-go-twin:9083,order-go-twin:9083,2026-06-23 16:01:54,2026-06-23T10:31:54Z,1782210714,sustain,1335.0,0.0,{}
4,B,HTTP Throughput,java_inventory,java,inventory,warehouse-go:8084,warehouse-go:8084,2026-06-23 16:01:54,2026-06-23T10:31:54Z,1782210714,sustain,1335.0,0.0,{}
4,B,HTTP Throughput,java_inventory,java,inventory,inventory-go-twin:9082,inventory-go-twin:9082,2026-06-23 16:02:09,2026-06-23T10:32:09Z,1782210729,sustain,1350.0,0.0,{}
4,B,HTTP Throughput,java_inventory,java,inventory,order-go-twin:9083,order-go-twin:9083,2026-06-23 16:02:09,2026-06-23T10:32:09Z,1782210729,sustain,1350.0,0.0,{}
4,B,HTTP Throughput,java_inventory,java,inventory,warehouse-go:8084,warehouse-go:8084,2026-06-23 16:02:09,2026-06-23T10:32:09Z,1782210729,sustain,1350.0,0.0,{}
4,B,HTTP Throughput,java_inventory,java,inventory,inventory-go-twin:9082,inventory-go-twin:9082,2026-06-23 16:02:24,2026-06-23T10:32:24Z,1782210744,sustain,1365.0,0.0,{}
4,B,HTTP Throughput,java_inventory,java,inventory,order-go-twin:9083,order-go-twin:9083,2026-06-23 16:02:24,2026-06-23T10:32:24Z,1782210744,sustain,1365.0,0.0,{}
4,B,HTTP Throughput,java_inventory,java,inventory,warehouse-go:8084,warehouse-go:8084,2026-06-23 16:02:24,2026-06-23T10:32:24Z,1782210744,sustain,1365.0,0.0,{}
4,B,HTTP Throughput,java_inventory,java,inventory,inventory-go-twin:9082,inventory-go-twin:9082,2026-06-23 16:02:39,2026-06-23T10:32:39Z,1782210759,sustain,1380.0,0.0,{}
4,B,HTTP Throughput,java_inventory,java,inventory,order-go-twin:9083,order-go-twin:9083,2026-06-23 16:02:39,2026-06-23T10:32:39Z,1782210759,sustain,1380.0,0.0,{}
4,B,HTTP Throughput,java_inventory,java,inventory,warehouse-go:8084,warehouse-go:8084,2026-06-23 16:02:39,2026-06-23T10:32:39Z,1782210759,sustain,1380.0,0.0,{}
4,B,HTTP Throughput,java_inventory,java,inventory,inventory-go-twin:9082,inventory-go-twin:9082,2026-06-23 16:02:54,2026-06-23T10:32:54Z,1782210774,sustain,1395.0,0.0,{}
4,B,HTTP Throughput,java_inventory,java,inventory,order-go-twin:9083,order-go-twin:9083,2026-06-23 16:02:54,2026-06-23T10:32:54Z,1782210774,sustain,1395.0,0.0,{}
4,B,HTTP Throughput,java_inventory,java,inventory,warehouse-go:8084,warehouse-go:8084,2026-06-23 16:02:54,2026-06-23T10:32:54Z,1782210774,sustain,1395.0,0.0,{}
4,B,HTTP Throughput,java_inventory,java,inventory,inventory-go-twin:9082,inventory-go-twin:9082,2026-06-23 16:03:09,2026-06-23T10:33:09Z,1782210789,sustain,1410.0,0.0,{}
4,B,HTTP Throughput,java_inventory,java,inventory,order-go-twin:9083,order-go-twin:9083,2026-06-23 16:03:09,2026-06-23T10:33:09Z,1782210789,sustain,1410.0,0.0,{}
4,B,HTTP Throughput,java_inventory,java,inventory,warehouse-go:8084,warehouse-go:8084,2026-06-23 16:03:09,2026-06-23T10:33:09Z,1782210789,sustain,1410.0,0.0,{}
4,B,HTTP Throughput,java_inventory,java,inventory,inventory-go-twin:9082,inventory-go-twin:9082,2026-06-23 16:03:24,2026-06-23T10:33:24Z,1782210804,sustain,1425.0,0.0,{}
4,B,HTTP Throughput,java_inventory,java,inventory,order-go-twin:9083,order-go-twin:9083,2026-06-23 16:03:24,2026-06-23T10:33:24Z,1782210804,sustain,1425.0,0.0,{}
4,B,HTTP Throughput,java_inventory,java,inventory,warehouse-go:8084,warehouse-go:8084,2026-06-23 16:03:24,2026-06-23T10:33:24Z,1782210804,sustain,1425.0,0.0,{}
4,B,HTTP Throughput,java_inventory,java,inventory,inventory-go-twin:9082,inventory-go-twin:9082,2026-06-23 16:03:39,2026-06-23T10:33:39Z,1782210819,sustain,1440.0,0.0,{}
4,B,HTTP Throughput,java_inventory,java,inventory,order-go-twin:9083,order-go-twin:9083,2026-06-23 16:03:39,2026-06-23T10:33:39Z,1782210819,sustain,1440.0,0.0,{}
4,B,HTTP Throughput,java_inventory,java,inventory,warehouse-go:8084,warehouse-go:8084,2026-06-23 16:03:39,2026-06-23T10:33:39Z,1782210819,sustain,1440.0,0.0,{}
4,B,HTTP Throughput,java_inventory,java,inventory,inventory-go-twin:9082,inventory-go-twin:9082,2026-06-23 16:03:54,2026-06-23T10:33:54Z,1782210834,sustain,1455.0,0.0,{}
4,B,HTTP Throughput,java_inventory,java,inventory,order-go-twin:9083,order-go-twin:9083,2026-06-23 16:03:54,2026-06-23T10:33:54Z,1782210834,sustain,1455.0,0.0,{}
4,B,HTTP Throughput,java_inventory,java,inventory,warehouse-go:8084,warehouse-go:8084,2026-06-23 16:03:54,2026-06-23T10:33:54Z,1782210834,sustain,1455.0,0.0,{}
4,B,HTTP Throughput,java_inventory,java,inventory,inventory-go-twin:9082,inventory-go-twin:9082,2026-06-23 16:04:09,2026-06-23T10:34:09Z,1782210849,sustain,1470.0,0.0,{}
4,B,HTTP Throughput,java_inventory,java,inventory,order-go-twin:9083,order-go-twin:9083,2026-06-23 16:04:09,2026-06-23T10:34:09Z,1782210849,sustain,1470.0,0.0,{}
4,B,HTTP Throughput,java_inventory,java,inventory,warehouse-go:8084,warehouse-go:8084,2026-06-23 16:04:09,2026-06-23T10:34:09Z,1782210849,sustain,1470.0,0.0,{}
4,B,HTTP Throughput,java_inventory,java,inventory,inventory-go-twin:9082,inventory-go-twin:9082,2026-06-23 16:04:24,2026-06-23T10:34:24Z,1782210864,sustain,1485.0,0.0,{}
4,B,HTTP Throughput,java_inventory,java,inventory,order-go-twin:9083,order-go-twin:9083,2026-06-23 16:04:24,2026-06-23T10:34:24Z,1782210864,sustain,1485.0,0.0,{}
4,B,HTTP Throughput,java_inventory,java,inventory,warehouse-go:8084,warehouse-go:8084,2026-06-23 16:04:24,2026-06-23T10:34:24Z,1782210864,sustain,1485.0,0.0,{}
4,B,HTTP Throughput,java_inventory,java,inventory,inventory-go-twin:9082,inventory-go-twin:9082,2026-06-23 16:04:39,2026-06-23T10:34:39Z,1782210879,sustain,1500.0,0.0,{}
4,B,HTTP Throughput,java_inventory,java,inventory,order-go-twin:9083,order-go-twin:9083,2026-06-23 16:04:39,2026-06-23T10:34:39Z,1782210879,sustain,1500.0,0.0,{}
4,B,HTTP Throughput,java_inventory,java,inventory,warehouse-go:8084,warehouse-go:8084,2026-06-23 16:04:39,2026-06-23T10:34:39Z,1782210879,sustain,1500.0,0.0,{}
4,B,HTTP Throughput,java_inventory,java,inventory,inventory-go-twin:9082,inventory-go-twin:9082,2026-06-23 16:04:54,2026-06-23T10:34:54Z,1782210894,sustain,1515.0,0.0,{}
4,B,HTTP Throughput,java_inventory,java,inventory,order-go-twin:9083,order-go-twin:9083,2026-06-23 16:04:54,2026-06-23T10:34:54Z,1782210894,sustain,1515.0,0.0,{}
4,B,HTTP Throughput,java_inventory,java,inventory,warehouse-go:8084,warehouse-go:8084,2026-06-23 16:04:54,2026-06-23T10:34:54Z,1782210894,sustain,1515.0,0.0,{}
4,B,HTTP Throughput,java_inventory,java,inventory,inventory-go-twin:9082,inventory-go-twin:9082,2026-06-23 16:05:09,2026-06-23T10:35:09Z,1782210909,sustain,1530.0,0.0,{}
4,B,HTTP Throughput,java_inventory,java,inventory,order-go-twin:9083,order-go-twin:9083,2026-06-23 16:05:09,2026-06-23T10:35:09Z,1782210909,sustain,1530.0,0.0,{}
4,B,HTTP Throughput,java_inventory,java,inventory,warehouse-go:8084,warehouse-go:8084,2026-06-23 16:05:09,2026-06-23T10:35:09Z,1782210909,sustain,1530.0,0.0,{}
4,B,HTTP Throughput,java_inventory,java,inventory,inventory-go-twin:9082,inventory-go-twin:9082,2026-06-23 16:05:24,2026-06-23T10:35:24Z,1782210924,sustain,1545.0,0.0,{}
4,B,HTTP Throughput,java_inventory,java,inventory,order-go-twin:9083,order-go-twin:9083,2026-06-23 16:05:24,2026-06-23T10:35:24Z,1782210924,sustain,1545.0,0.0,{}
4,B,HTTP Throughput,java_inventory,java,inventory,warehouse-go:8084,warehouse-go:8084,2026-06-23 16:05:24,2026-06-23T10:35:24Z,1782210924,sustain,1545.0,0.0,{}
4,B,HTTP Throughput,java_inventory,java,inventory,inventory-go-twin:9082,inventory-go-twin:9082,2026-06-23 16:05:39,2026-06-23T10:35:39Z,1782210939,sustain,1560.0,0.0,{}
4,B,HTTP Throughput,java_inventory,java,inventory,order-go-twin:9083,order-go-twin:9083,2026-06-23 16:05:39,2026-06-23T10:35:39Z,1782210939,sustain,1560.0,0.0,{}
4,B,HTTP Throughput,java_inventory,java,inventory,warehouse-go:8084,warehouse-go:8084,2026-06-23 16:05:39,2026-06-23T10:35:39Z,1782210939,sustain,1560.0,0.0,{}
4,B,HTTP Throughput,java_inventory,java,inventory,inventory-go-twin:9082,inventory-go-twin:9082,2026-06-23 16:05:54,2026-06-23T10:35:54Z,1782210954,sustain,1575.0,0.0,{}
4,B,HTTP Throughput,java_inventory,java,inventory,order-go-twin:9083,order-go-twin:9083,2026-06-23 16:05:54,2026-06-23T10:35:54Z,1782210954,sustain,1575.0,0.0,{}
4,B,HTTP Throughput,java_inventory,java,inventory,warehouse-go:8084,warehouse-go:8084,2026-06-23 16:05:54,2026-06-23T10:35:54Z,1782210954,sustain,1575.0,0.0,{}
4,B,HTTP Throughput,java_inventory,java,inventory,inventory-go-twin:9082,inventory-go-twin:9082,2026-06-23 16:06:09,2026-06-23T10:36:09Z,1782210969,sustain,1590.0,0.0,{}
4,B,HTTP Throughput,java_inventory,java,inventory,order-go-twin:9083,order-go-twin:9083,2026-06-23 16:06:09,2026-06-23T10:36:09Z,1782210969,sustain,1590.0,0.0,{}
4,B,HTTP Throughput,java_inventory,java,inventory,warehouse-go:8084,warehouse-go:8084,2026-06-23 16:06:09,2026-06-23T10:36:09Z,1782210969,sustain,1590.0,0.0,{}
4,B,HTTP Throughput,java_inventory,java,inventory,inventory-go-twin:9082,inventory-go-twin:9082,2026-06-23 16:06:24,2026-06-23T10:36:24Z,1782210984,sustain,1605.0,0.0,{}
4,B,HTTP Throughput,java_inventory,java,inventory,order-go-twin:9083,order-go-twin:9083,2026-06-23 16:06:24,2026-06-23T10:36:24Z,1782210984,sustain,1605.0,0.0,{}
4,B,HTTP Throughput,java_inventory,java,inventory,warehouse-go:8084,warehouse-go:8084,2026-06-23 16:06:24,2026-06-23T10:36:24Z,1782210984,sustain,1605.0,0.0,{}
4,B,HTTP Throughput,java_inventory,java,inventory,inventory-go-twin:9082,inventory-go-twin:9082,2026-06-23 16:06:39,2026-06-23T10:36:39Z,1782210999,sustain,1620.0,0.0,{}
4,B,HTTP Throughput,java_inventory,java,inventory,order-go-twin:9083,order-go-twin:9083,2026-06-23 16:06:39,2026-06-23T10:36:39Z,1782210999,sustain,1620.0,0.0,{}
4,B,HTTP Throughput,java_inventory,java,inventory,warehouse-go:8084,warehouse-go:8084,2026-06-23 16:06:39,2026-06-23T10:36:39Z,1782210999,sustain,1620.0,0.0,{}
4,B,HTTP Throughput,java_inventory,java,inventory,inventory-go-twin:9082,inventory-go-twin:9082,2026-06-23 16:06:54,2026-06-23T10:36:54Z,1782211014,sustain,1635.0,0.0,{}
4,B,HTTP Throughput,java_inventory,java,inventory,order-go-twin:9083,order-go-twin:9083,2026-06-23 16:06:54,2026-06-23T10:36:54Z,1782211014,sustain,1635.0,0.0,{}
4,B,HTTP Throughput,java_inventory,java,inventory,warehouse-go:8084,warehouse-go:8084,2026-06-23 16:06:54,2026-06-23T10:36:54Z,1782211014,sustain,1635.0,0.0,{}
4,B,HTTP Throughput,java_inventory,java,inventory,inventory-go-twin:9082,inventory-go-twin:9082,2026-06-23 16:07:09,2026-06-23T10:37:09Z,1782211029,sustain,1650.0,0.0,{}
4,B,HTTP Throughput,java_inventory,java,inventory,order-go-twin:9083,order-go-twin:9083,2026-06-23 16:07:09,2026-06-23T10:37:09Z,1782211029,sustain,1650.0,0.0,{}
4,B,HTTP Throughput,java_inventory,java,inventory,warehouse-go:8084,warehouse-go:8084,2026-06-23 16:07:09,2026-06-23T10:37:09Z,1782211029,sustain,1650.0,0.0,{}
4,B,HTTP Throughput,java_inventory,java,inventory,inventory-go-twin:9082,inventory-go-twin:9082,2026-06-23 16:07:24,2026-06-23T10:37:24Z,1782211044,sustain,1665.0,0.0,{}
4,B,HTTP Throughput,java_inventory,java,inventory,order-go-twin:9083,order-go-twin:9083,2026-06-23 16:07:24,2026-06-23T10:37:24Z,1782211044,sustain,1665.0,0.0,{}
4,B,HTTP Throughput,java_inventory,java,inventory,warehouse-go:8084,warehouse-go:8084,2026-06-23 16:07:24,2026-06-23T10:37:24Z,1782211044,sustain,1665.0,0.0,{}
4,B,HTTP Throughput,java_inventory,java,inventory,inventory-go-twin:9082,inventory-go-twin:9082,2026-06-23 16:07:39,2026-06-23T10:37:39Z,1782211059,sustain,1680.0,0.0,{}
4,B,HTTP Throughput,java_inventory,java,inventory,order-go-twin:9083,order-go-twin:9083,2026-06-23 16:07:39,2026-06-23T10:37:39Z,1782211059,sustain,1680.0,0.0,{}
4,B,HTTP Throughput,java_inventory,java,inventory,warehouse-go:8084,warehouse-go:8084,2026-06-23 16:07:39,2026-06-23T10:37:39Z,1782211059,sustain,1680.0,0.0,{}
4,B,HTTP Throughput,java_inventory,java,inventory,inventory-go-twin:9082,inventory-go-twin:9082,2026-06-23 16:07:54,2026-06-23T10:37:54Z,1782211074,sustain,1695.0,0.0,{}
4,B,HTTP Throughput,java_inventory,java,inventory,order-go-twin:9083,order-go-twin:9083,2026-06-23 16:07:54,2026-06-23T10:37:54Z,1782211074,sustain,1695.0,0.0,{}
4,B,HTTP Throughput,java_inventory,java,inventory,warehouse-go:8084,warehouse-go:8084,2026-06-23 16:07:54,2026-06-23T10:37:54Z,1782211074,sustain,1695.0,0.0,{}
4,B,HTTP Throughput,java_inventory,java,inventory,inventory-go-twin:9082,inventory-go-twin:9082,2026-06-23 16:08:09,2026-06-23T10:38:09Z,1782211089,sustain,1710.0,0.0,{}
4,B,HTTP Throughput,java_inventory,java,inventory,order-go-twin:9083,order-go-twin:9083,2026-06-23 16:08:09,2026-06-23T10:38:09Z,1782211089,sustain,1710.0,0.0,{}
4,B,HTTP Throughput,java_inventory,java,inventory,warehouse-go:8084,warehouse-go:8084,2026-06-23 16:08:09,2026-06-23T10:38:09Z,1782211089,sustain,1710.0,0.0,{}
4,B,HTTP Throughput,java_inventory,java,inventory,inventory-go-twin:9082,inventory-go-twin:9082,2026-06-23 16:08:24,2026-06-23T10:38:24Z,1782211104,sustain,1725.0,0.0,{}
4,B,HTTP Throughput,java_inventory,java,inventory,order-go-twin:9083,order-go-twin:9083,2026-06-23 16:08:24,2026-06-23T10:38:24Z,1782211104,sustain,1725.0,0.0,{}
4,B,HTTP Throughput,java_inventory,java,inventory,warehouse-go:8084,warehouse-go:8084,2026-06-23 16:08:24,2026-06-23T10:38:24Z,1782211104,sustain,1725.0,0.0,{}
4,B,HTTP Throughput,java_inventory,java,inventory,inventory-go-twin:9082,inventory-go-twin:9082,2026-06-23 16:08:39,2026-06-23T10:38:39Z,1782211119,sustain,1740.0,0.0,{}
4,B,HTTP Throughput,java_inventory,java,inventory,order-go-twin:9083,order-go-twin:9083,2026-06-23 16:08:39,2026-06-23T10:38:39Z,1782211119,sustain,1740.0,0.0,{}
4,B,HTTP Throughput,java_inventory,java,inventory,warehouse-go:8084,warehouse-go:8084,2026-06-23 16:08:39,2026-06-23T10:38:39Z,1782211119,sustain,1740.0,0.0,{}
4,B,HTTP Throughput,java_inventory,java,inventory,inventory-go-twin:9082,inventory-go-twin:9082,2026-06-23 16:08:54,2026-06-23T10:38:54Z,1782211134,sustain,1755.0,0.0,{}
4,B,HTTP Throughput,java_inventory,java,inventory,order-go-twin:9083,order-go-twin:9083,2026-06-23 16:08:54,2026-06-23T10:38:54Z,1782211134,sustain,1755.0,0.0,{}
4,B,HTTP Throughput,java_inventory,java,inventory,warehouse-go:8084,warehouse-go:8084,2026-06-23 16:08:54,2026-06-23T10:38:54Z,1782211134,sustain,1755.0,0.0,{}
4,B,HTTP Throughput,java_inventory,java,inventory,inventory-go-twin:9082,inventory-go-twin:9082,2026-06-23 16:09:09,2026-06-23T10:39:09Z,1782211149,sustain,1770.0,0.0,{}
4,B,HTTP Throughput,java_inventory,java,inventory,order-go-twin:9083,order-go-twin:9083,2026-06-23 16:09:09,2026-06-23T10:39:09Z,1782211149,sustain,1770.0,0.0,{}
4,B,HTTP Throughput,java_inventory,java,inventory,warehouse-go:8084,warehouse-go:8084,2026-06-23 16:09:09,2026-06-23T10:39:09Z,1782211149,sustain,1770.0,0.0,{}
4,B,HTTP Throughput,java_inventory,java,inventory,inventory-go-twin:9082,inventory-go-twin:9082,2026-06-23 16:09:24,2026-06-23T10:39:24Z,1782211164,sustain,1785.0,0.0,{}
4,B,HTTP Throughput,java_inventory,java,inventory,order-go-twin:9083,order-go-twin:9083,2026-06-23 16:09:24,2026-06-23T10:39:24Z,1782211164,sustain,1785.0,0.0,{}
4,B,HTTP Throughput,java_inventory,java,inventory,warehouse-go:8084,warehouse-go:8084,2026-06-23 16:09:24,2026-06-23T10:39:24Z,1782211164,sustain,1785.0,0.0,{}
4,B,HTTP Throughput,java_inventory,java,inventory,inventory-go-twin:9082,inventory-go-twin:9082,2026-06-23 16:09:39,2026-06-23T10:39:39Z,1782211179,cooldown,1800.0,0.0,{}
4,B,HTTP Throughput,java_inventory,java,inventory,order-go-twin:9083,order-go-twin:9083,2026-06-23 16:09:39,2026-06-23T10:39:39Z,1782211179,cooldown,1800.0,0.0,{}
4,B,HTTP Throughput,java_inventory,java,inventory,warehouse-go:8084,warehouse-go:8084,2026-06-23 16:09:39,2026-06-23T10:39:39Z,1782211179,cooldown,1800.0,0.0,{}
4,B,HTTP Throughput,java_inventory,java,inventory,inventory-go-twin:9082,inventory-go-twin:9082,2026-06-23 16:09:54,2026-06-23T10:39:54Z,1782211194,cooldown,1815.0,0.0,{}
4,B,HTTP Throughput,java_inventory,java,inventory,order-go-twin:9083,order-go-twin:9083,2026-06-23 16:09:54,2026-06-23T10:39:54Z,1782211194,cooldown,1815.0,0.0,{}
4,B,HTTP Throughput,java_inventory,java,inventory,warehouse-go:8084,warehouse-go:8084,2026-06-23 16:09:54,2026-06-23T10:39:54Z,1782211194,cooldown,1815.0,0.0,{}
4,B,HTTP Throughput,java_inventory,java,inventory,inventory-go-twin:9082,inventory-go-twin:9082,2026-06-23 16:10:09,2026-06-23T10:40:09Z,1782211209,cooldown,1830.0,0.0,{}
4,B,HTTP Throughput,java_inventory,java,inventory,order-go-twin:9083,order-go-twin:9083,2026-06-23 16:10:09,2026-06-23T10:40:09Z,1782211209,cooldown,1830.0,0.0,{}
4,B,HTTP Throughput,java_inventory,java,inventory,warehouse-go:8084,warehouse-go:8084,2026-06-23 16:10:09,2026-06-23T10:40:09Z,1782211209,cooldown,1830.0,0.0,{}
4,B,HTTP Throughput,java_inventory,java,inventory,inventory-go-twin:9082,inventory-go-twin:9082,2026-06-23 16:10:24,2026-06-23T10:40:24Z,1782211224,cooldown,1845.0,0.0,{}
4,B,HTTP Throughput,java_inventory,java,inventory,order-go-twin:9083,order-go-twin:9083,2026-06-23 16:10:24,2026-06-23T10:40:24Z,1782211224,cooldown,1845.0,0.0,{}
4,B,HTTP Throughput,java_inventory,java,inventory,warehouse-go:8084,warehouse-go:8084,2026-06-23 16:10:24,2026-06-23T10:40:24Z,1782211224,cooldown,1845.0,0.0,{}
4,B,HTTP Throughput,java_inventory,java,inventory,inventory-go-twin:9082,inventory-go-twin:9082,2026-06-23 16:10:39,2026-06-23T10:40:39Z,1782211239,cooldown,1860.0,0.0,{}
4,B,HTTP Throughput,java_inventory,java,inventory,order-go-twin:9083,order-go-twin:9083,2026-06-23 16:10:39,2026-06-23T10:40:39Z,1782211239,cooldown,1860.0,0.0,{}
4,B,HTTP Throughput,java_inventory,java,inventory,warehouse-go:8084,warehouse-go:8084,2026-06-23 16:10:39,2026-06-23T10:40:39Z,1782211239,cooldown,1860.0,0.0,{}
4,B,HTTP Throughput,java_inventory,java,inventory,inventory-go-twin:9082,inventory-go-twin:9082,2026-06-23 16:10:54,2026-06-23T10:40:54Z,1782211254,cooldown,1875.0,0.0,{}
4,B,HTTP Throughput,java_inventory,java,inventory,order-go-twin:9083,order-go-twin:9083,2026-06-23 16:10:54,2026-06-23T10:40:54Z,1782211254,cooldown,1875.0,0.0,{}
4,B,HTTP Throughput,java_inventory,java,inventory,warehouse-go:8084,warehouse-go:8084,2026-06-23 16:10:54,2026-06-23T10:40:54Z,1782211254,cooldown,1875.0,0.0,{}
4,B,HTTP Throughput,java_inventory,java,inventory,inventory-go-twin:9082,inventory-go-twin:9082,2026-06-23 16:11:09,2026-06-23T10:41:09Z,1782211269,cooldown,1890.0,0.0,{}
4,B,HTTP Throughput,java_inventory,java,inventory,order-go-twin:9083,order-go-twin:9083,2026-06-23 16:11:09,2026-06-23T10:41:09Z,1782211269,cooldown,1890.0,0.0,{}
4,B,HTTP Throughput,java_inventory,java,inventory,warehouse-go:8084,warehouse-go:8084,2026-06-23 16:11:09,2026-06-23T10:41:09Z,1782211269,cooldown,1890.0,0.0,{}
4,B,HTTP Throughput,java_inventory,java,inventory,inventory-go-twin:9082,inventory-go-twin:9082,2026-06-23 16:11:24,2026-06-23T10:41:24Z,1782211284,cooldown,1905.0,0.0,{}
4,B,HTTP Throughput,java_inventory,java,inventory,order-go-twin:9083,order-go-twin:9083,2026-06-23 16:11:24,2026-06-23T10:41:24Z,1782211284,cooldown,1905.0,0.0,{}
4,B,HTTP Throughput,java_inventory,java,inventory,warehouse-go:8084,warehouse-go:8084,2026-06-23 16:11:24,2026-06-23T10:41:24Z,1782211284,cooldown,1905.0,0.0,{}
4,B,HTTP Throughput,java_inventory,java,inventory,inventory-go-twin:9082,inventory-go-twin:9082,2026-06-23 16:11:39,2026-06-23T10:41:39Z,1782211299,cooldown,1920.0,0.0,{}
4,B,HTTP Throughput,java_inventory,java,inventory,order-go-twin:9083,order-go-twin:9083,2026-06-23 16:11:39,2026-06-23T10:41:39Z,1782211299,cooldown,1920.0,0.0,{}
4,B,HTTP Throughput,java_inventory,java,inventory,warehouse-go:8084,warehouse-go:8084,2026-06-23 16:11:39,2026-06-23T10:41:39Z,1782211299,cooldown,1920.0,0.0,{}
4,B,HTTP Throughput,java_inventory,java,inventory,inventory-go-twin:9082,inventory-go-twin:9082,2026-06-23 16:11:54,2026-06-23T10:41:54Z,1782211314,cooldown,1935.0,0.0,{}
4,B,HTTP Throughput,java_inventory,java,inventory,order-go-twin:9083,order-go-twin:9083,2026-06-23 16:11:54,2026-06-23T10:41:54Z,1782211314,cooldown,1935.0,0.0,{}
4,B,HTTP Throughput,java_inventory,java,inventory,warehouse-go:8084,warehouse-go:8084,2026-06-23 16:11:54,2026-06-23T10:41:54Z,1782211314,cooldown,1935.0,0.0,{}
4,B,HTTP Throughput,java_inventory,java,inventory,inventory-go-twin:9082,inventory-go-twin:9082,2026-06-23 16:12:09,2026-06-23T10:42:09Z,1782211329,cooldown,1950.0,0.0,{}
4,B,HTTP Throughput,java_inventory,java,inventory,order-go-twin:9083,order-go-twin:9083,2026-06-23 16:12:09,2026-06-23T10:42:09Z,1782211329,cooldown,1950.0,0.0,{}
4,B,HTTP Throughput,java_inventory,java,inventory,warehouse-go:8084,warehouse-go:8084,2026-06-23 16:12:09,2026-06-23T10:42:09Z,1782211329,cooldown,1950.0,0.0,{}
4,B,HTTP Throughput,java_inventory,java,inventory,inventory-go-twin:9082,inventory-go-twin:9082,2026-06-23 16:12:24,2026-06-23T10:42:24Z,1782211344,cooldown,1965.0,0.0,{}
4,B,HTTP Throughput,java_inventory,java,inventory,order-go-twin:9083,order-go-twin:9083,2026-06-23 16:12:24,2026-06-23T10:42:24Z,1782211344,cooldown,1965.0,0.0,{}
4,B,HTTP Throughput,java_inventory,java,inventory,warehouse-go:8084,warehouse-go:8084,2026-06-23 16:12:24,2026-06-23T10:42:24Z,1782211344,cooldown,1965.0,0.0,{}
4,B,HTTP Throughput,java_inventory,java,inventory,inventory-go-twin:9082,inventory-go-twin:9082,2026-06-23 16:12:39,2026-06-23T10:42:39Z,1782211359,cooldown,1980.0,0.0,{}
4,B,HTTP Throughput,java_inventory,java,inventory,order-go-twin:9083,order-go-twin:9083,2026-06-23 16:12:39,2026-06-23T10:42:39Z,1782211359,cooldown,1980.0,0.0,{}
4,B,HTTP Throughput,java_inventory,java,inventory,warehouse-go:8084,warehouse-go:8084,2026-06-23 16:12:39,2026-06-23T10:42:39Z,1782211359,cooldown,1980.0,0.0,{}
4,B,HTTP Throughput,java_inventory,java,inventory,inventory-go-twin:9082,inventory-go-twin:9082,2026-06-23 16:12:54,2026-06-23T10:42:54Z,1782211374,cooldown,1995.0,0.0,{}
4,B,HTTP Throughput,java_inventory,java,inventory,order-go-twin:9083,order-go-twin:9083,2026-06-23 16:12:54,2026-06-23T10:42:54Z,1782211374,cooldown,1995.0,0.0,{}
4,B,HTTP Throughput,java_inventory,java,inventory,warehouse-go:8084,warehouse-go:8084,2026-06-23 16:12:54,2026-06-23T10:42:54Z,1782211374,cooldown,1995.0,0.0,{}
4,B,HTTP Throughput,java_inventory,java,inventory,inventory-go-twin:9082,inventory-go-twin:9082,2026-06-23 16:13:09,2026-06-23T10:43:09Z,1782211389,cooldown,2010.0,0.0,{}
4,B,HTTP Throughput,java_inventory,java,inventory,order-go-twin:9083,order-go-twin:9083,2026-06-23 16:13:09,2026-06-23T10:43:09Z,1782211389,cooldown,2010.0,0.0,{}
4,B,HTTP Throughput,java_inventory,java,inventory,warehouse-go:8084,warehouse-go:8084,2026-06-23 16:13:09,2026-06-23T10:43:09Z,1782211389,cooldown,2010.0,0.0,{}
4,B,HTTP Throughput,java_inventory,java,inventory,inventory-go-twin:9082,inventory-go-twin:9082,2026-06-23 16:13:24,2026-06-23T10:43:24Z,1782211404,cooldown,2025.0,0.0,{}
4,B,HTTP Throughput,java_inventory,java,inventory,order-go-twin:9083,order-go-twin:9083,2026-06-23 16:13:24,2026-06-23T10:43:24Z,1782211404,cooldown,2025.0,0.0,{}
4,B,HTTP Throughput,java_inventory,java,inventory,warehouse-go:8084,warehouse-go:8084,2026-06-23 16:13:24,2026-06-23T10:43:24Z,1782211404,cooldown,2025.0,0.0,{}
4,B,HTTP Throughput,java_inventory,java,inventory,inventory-go-twin:9082,inventory-go-twin:9082,2026-06-23 16:13:39,2026-06-23T10:43:39Z,1782211419,cooldown,2040.0,0.0,{}
4,B,HTTP Throughput,java_inventory,java,inventory,order-go-twin:9083,order-go-twin:9083,2026-06-23 16:13:39,2026-06-23T10:43:39Z,1782211419,cooldown,2040.0,0.0,{}
4,B,HTTP Throughput,java_inventory,java,inventory,warehouse-go:8084,warehouse-go:8084,2026-06-23 16:13:39,2026-06-23T10:43:39Z,1782211419,cooldown,2040.0,0.0,{}
4,B,HTTP Throughput,java_inventory,java,inventory,inventory-go-twin:9082,inventory-go-twin:9082,2026-06-23 16:13:54,2026-06-23T10:43:54Z,1782211434,cooldown,2055.0,0.0,{}
4,B,HTTP Throughput,java_inventory,java,inventory,order-go-twin:9083,order-go-twin:9083,2026-06-23 16:13:54,2026-06-23T10:43:54Z,1782211434,cooldown,2055.0,0.0,{}
4,B,HTTP Throughput,java_inventory,java,inventory,warehouse-go:8084,warehouse-go:8084,2026-06-23 16:13:54,2026-06-23T10:43:54Z,1782211434,cooldown,2055.0,0.0,{}
4,B,HTTP Throughput,java_inventory,java,inventory,inventory-go-twin:9082,inventory-go-twin:9082,2026-06-23 16:14:09,2026-06-23T10:44:09Z,1782211449,cooldown,2070.0,0.0,{}
4,B,HTTP Throughput,java_inventory,java,inventory,order-go-twin:9083,order-go-twin:9083,2026-06-23 16:14:09,2026-06-23T10:44:09Z,1782211449,cooldown,2070.0,0.0,{}
4,B,HTTP Throughput,java_inventory,java,inventory,warehouse-go:8084,warehouse-go:8084,2026-06-23 16:14:09,2026-06-23T10:44:09Z,1782211449,cooldown,2070.0,0.0,{}
4,B,HTTP Throughput,java_inventory,java,inventory,inventory-go-twin:9082,inventory-go-twin:9082,2026-06-23 16:14:24,2026-06-23T10:44:24Z,1782211464,cooldown,2085.0,0.0,{}
4,B,HTTP Throughput,java_inventory,java,inventory,order-go-twin:9083,order-go-twin:9083,2026-06-23 16:14:24,2026-06-23T10:44:24Z,1782211464,cooldown,2085.0,0.0,{}
4,B,HTTP Throughput,java_inventory,java,inventory,warehouse-go:8084,warehouse-go:8084,2026-06-23 16:14:24,2026-06-23T10:44:24Z,1782211464,cooldown,2085.0,0.0,{}
4,B,HTTP Throughput,java_inventory,java,inventory,inventory-go-twin:9082,inventory-go-twin:9082,2026-06-23 16:14:39,2026-06-23T10:44:39Z,1782211479,post_test,2100.0,0.0,{}
4,B,HTTP Throughput,java_inventory,java,inventory,order-go-twin:9083,order-go-twin:9083,2026-06-23 16:14:39,2026-06-23T10:44:39Z,1782211479,post_test,2100.0,0.0,{}
4,B,HTTP Throughput,java_inventory,java,inventory,warehouse-go:8084,warehouse-go:8084,2026-06-23 16:14:39,2026-06-23T10:44:39Z,1782211479,post_test,2100.0,0.0,{}
4,B,HTTP Throughput,java_order,java,order,inventory-go-twin:9082,inventory-go-twin:9082,2026-06-23 14:19:20,2026-06-23T08:49:20Z,1782204560,warmup,0.0,0.0,{}
4,B,HTTP Throughput,java_order,java,order,order-go-twin:9083,order-go-twin:9083,2026-06-23 14:19:20,2026-06-23T08:49:20Z,1782204560,warmup,0.0,0.0,{}
4,B,HTTP Throughput,java_order,java,order,inventory-go-twin:9082,inventory-go-twin:9082,2026-06-23 14:19:35,2026-06-23T08:49:35Z,1782204575,warmup,15.0,0.0,{}
4,B,HTTP Throughput,java_order,java,order,order-go-twin:9083,order-go-twin:9083,2026-06-23 14:19:35,2026-06-23T08:49:35Z,1782204575,warmup,15.0,0.0,{}
4,B,HTTP Throughput,java_order,java,order,inventory-go-twin:9082,inventory-go-twin:9082,2026-06-23 14:19:50,2026-06-23T08:49:50Z,1782204590,warmup,30.0,0.0,{}
4,B,HTTP Throughput,java_order,java,order,order-go-twin:9083,order-go-twin:9083,2026-06-23 14:19:50,2026-06-23T08:49:50Z,1782204590,warmup,30.0,0.0,{}
4,B,HTTP Throughput,java_order,java,order,inventory-go-twin:9082,inventory-go-twin:9082,2026-06-23 14:20:05,2026-06-23T08:50:05Z,1782204605,warmup,45.0,0.0,{}
4,B,HTTP Throughput,java_order,java,order,order-go-twin:9083,order-go-twin:9083,2026-06-23 14:20:05,2026-06-23T08:50:05Z,1782204605,warmup,45.0,0.0,{}
4,B,HTTP Throughput,java_order,java,order,warehouse-go:8084,warehouse-go:8084,2026-06-23 14:20:05,2026-06-23T08:50:05Z,1782204605,warmup,45.0,0.14629370396293706,{}
4,B,HTTP Throughput,java_order,java,order,inventory-go-twin:9082,inventory-go-twin:9082,2026-06-23 14:20:20,2026-06-23T08:50:20Z,1782204620,warmup,60.0,0.0,{}
4,B,HTTP Throughput,java_order,java,order,order-go-twin:9083,order-go-twin:9083,2026-06-23 14:20:20,2026-06-23T08:50:20Z,1782204620,warmup,60.0,0.0,{}
4,B,HTTP Throughput,java_order,java,order,warehouse-go:8084,warehouse-go:8084,2026-06-23 14:20:20,2026-06-23T08:50:20Z,1782204620,warmup,60.0,0.42573490250389984,{}
4,B,HTTP Throughput,java_order,java,order,inventory-go-twin:9082,inventory-go-twin:9082,2026-06-23 14:20:35,2026-06-23T08:50:35Z,1782204635,warmup,75.0,0.0,{}
4,B,HTTP Throughput,java_order,java,order,order-go-twin:9083,order-go-twin:9083,2026-06-23 14:20:35,2026-06-23T08:50:35Z,1782204635,warmup,75.0,0.0,{}
4,B,HTTP Throughput,java_order,java,order,warehouse-go:8084,warehouse-go:8084,2026-06-23 14:20:35,2026-06-23T08:50:35Z,1782204635,warmup,75.0,1.0974120793789681,{}
4,B,HTTP Throughput,java_order,java,order,inventory-go-twin:9082,inventory-go-twin:9082,2026-06-23 14:20:50,2026-06-23T08:50:50Z,1782204650,warmup,90.0,0.0,{}
4,B,HTTP Throughput,java_order,java,order,order-go-twin:9083,order-go-twin:9083,2026-06-23 14:20:50,2026-06-23T08:50:50Z,1782204650,warmup,90.0,0.0,{}
4,B,HTTP Throughput,java_order,java,order,warehouse-go:8084,warehouse-go:8084,2026-06-23 14:20:50,2026-06-23T08:50:50Z,1782204650,warmup,90.0,1.8399132068507846,{}
4,B,HTTP Throughput,java_order,java,order,inventory-go-twin:9082,inventory-go-twin:9082,2026-06-23 14:21:05,2026-06-23T08:51:05Z,1782204665,warmup,105.0,0.0,{}
4,B,HTTP Throughput,java_order,java,order,order-go-twin:9083,order-go-twin:9083,2026-06-23 14:21:05,2026-06-23T08:51:05Z,1782204665,warmup,105.0,0.0,{}
4,B,HTTP Throughput,java_order,java,order,warehouse-go:8084,warehouse-go:8084,2026-06-23 14:21:05,2026-06-23T08:51:05Z,1782204665,warmup,105.0,2.709090909090909,{}
4,B,HTTP Throughput,java_order,java,order,inventory-go-twin:9082,inventory-go-twin:9082,2026-06-23 14:21:20,2026-06-23T08:51:20Z,1782204680,warmup,120.0,0.0,{}
4,B,HTTP Throughput,java_order,java,order,order-go-twin:9083,order-go-twin:9083,2026-06-23 14:21:20,2026-06-23T08:51:20Z,1782204680,warmup,120.0,0.0,{}
4,B,HTTP Throughput,java_order,java,order,warehouse-go:8084,warehouse-go:8084,2026-06-23 14:21:20,2026-06-23T08:51:20Z,1782204680,warmup,120.0,3.4545454545454546,{}
4,B,HTTP Throughput,java_order,java,order,inventory-go-twin:9082,inventory-go-twin:9082,2026-06-23 14:21:35,2026-06-23T08:51:35Z,1782204695,warmup,135.0,0.0,{}
4,B,HTTP Throughput,java_order,java,order,order-go-twin:9083,order-go-twin:9083,2026-06-23 14:21:35,2026-06-23T08:51:35Z,1782204695,warmup,135.0,0.0,{}
4,B,HTTP Throughput,java_order,java,order,warehouse-go:8084,warehouse-go:8084,2026-06-23 14:21:35,2026-06-23T08:51:35Z,1782204695,warmup,135.0,4.090909090909091,{}
4,B,HTTP Throughput,java_order,java,order,inventory-go-twin:9082,inventory-go-twin:9082,2026-06-23 14:21:50,2026-06-23T08:51:50Z,1782204710,warmup,150.0,0.0,{}
4,B,HTTP Throughput,java_order,java,order,order-go-twin:9083,order-go-twin:9083,2026-06-23 14:21:50,2026-06-23T08:51:50Z,1782204710,warmup,150.0,0.0,{}
4,B,HTTP Throughput,java_order,java,order,warehouse-go:8084,warehouse-go:8084,2026-06-23 14:21:50,2026-06-23T08:51:50Z,1782204710,warmup,150.0,4.818181818181818,{}
4,B,HTTP Throughput,java_order,java,order,inventory-go-twin:9082,inventory-go-twin:9082,2026-06-23 14:22:05,2026-06-23T08:52:05Z,1782204725,warmup,165.0,0.0,{}
4,B,HTTP Throughput,java_order,java,order,order-go-twin:9083,order-go-twin:9083,2026-06-23 14:22:05,2026-06-23T08:52:05Z,1782204725,warmup,165.0,0.0,{}
4,B,HTTP Throughput,java_order,java,order,warehouse-go:8084,warehouse-go:8084,2026-06-23 14:22:05,2026-06-23T08:52:05Z,1782204725,warmup,165.0,5.491008927435045,{}
4,B,HTTP Throughput,java_order,java,order,inventory-go-twin:9082,inventory-go-twin:9082,2026-06-23 14:22:20,2026-06-23T08:52:20Z,1782204740,warmup,180.0,0.0,{}
4,B,HTTP Throughput,java_order,java,order,order-go-twin:9083,order-go-twin:9083,2026-06-23 14:22:20,2026-06-23T08:52:20Z,1782204740,warmup,180.0,0.0,{}
4,B,HTTP Throughput,java_order,java,order,warehouse-go:8084,warehouse-go:8084,2026-06-23 14:22:20,2026-06-23T08:52:20Z,1782204740,warmup,180.0,6.218181818181818,{}
4,B,HTTP Throughput,java_order,java,order,inventory-go-twin:9082,inventory-go-twin:9082,2026-06-23 14:22:35,2026-06-23T08:52:35Z,1782204755,warmup,195.0,0.0,{}
4,B,HTTP Throughput,java_order,java,order,order-go-twin:9083,order-go-twin:9083,2026-06-23 14:22:35,2026-06-23T08:52:35Z,1782204755,warmup,195.0,0.0,{}
4,B,HTTP Throughput,java_order,java,order,warehouse-go:8084,warehouse-go:8084,2026-06-23 14:22:35,2026-06-23T08:52:35Z,1782204755,warmup,195.0,6.8545454545454545,{}
4,B,HTTP Throughput,java_order,java,order,inventory-go-twin:9082,inventory-go-twin:9082,2026-06-23 14:22:50,2026-06-23T08:52:50Z,1782204770,warmup,210.0,0.0,{}
4,B,HTTP Throughput,java_order,java,order,order-go-twin:9083,order-go-twin:9083,2026-06-23 14:22:50,2026-06-23T08:52:50Z,1782204770,warmup,210.0,0.0,{}
4,B,HTTP Throughput,java_order,java,order,warehouse-go:8084,warehouse-go:8084,2026-06-23 14:22:50,2026-06-23T08:52:50Z,1782204770,warmup,210.0,7.509227440498919,{}
4,B,HTTP Throughput,java_order,java,order,inventory-go-twin:9082,inventory-go-twin:9082,2026-06-23 14:23:05,2026-06-23T08:53:05Z,1782204785,warmup,225.0,0.0,{}
4,B,HTTP Throughput,java_order,java,order,order-go-twin:9083,order-go-twin:9083,2026-06-23 14:23:05,2026-06-23T08:53:05Z,1782204785,warmup,225.0,0.0,{}
4,B,HTTP Throughput,java_order,java,order,warehouse-go:8084,warehouse-go:8084,2026-06-23 14:23:05,2026-06-23T08:53:05Z,1782204785,warmup,225.0,8.181966944853542,{}
4,B,HTTP Throughput,java_order,java,order,inventory-go-twin:9082,inventory-go-twin:9082,2026-06-23 14:23:20,2026-06-23T08:53:20Z,1782204800,warmup,240.0,0.0,{}
4,B,HTTP Throughput,java_order,java,order,order-go-twin:9083,order-go-twin:9083,2026-06-23 14:23:20,2026-06-23T08:53:20Z,1782204800,warmup,240.0,0.0,{}
4,B,HTTP Throughput,java_order,java,order,warehouse-go:8084,warehouse-go:8084,2026-06-23 14:23:20,2026-06-23T08:53:20Z,1782204800,warmup,240.0,8.98181818181818,{}
4,B,HTTP Throughput,java_order,java,order,inventory-go-twin:9082,inventory-go-twin:9082,2026-06-23 14:23:35,2026-06-23T08:53:35Z,1782204815,warmup,255.0,0.0,{}
4,B,HTTP Throughput,java_order,java,order,order-go-twin:9083,order-go-twin:9083,2026-06-23 14:23:35,2026-06-23T08:53:35Z,1782204815,warmup,255.0,0.0,{}
4,B,HTTP Throughput,java_order,java,order,warehouse-go:8084,warehouse-go:8084,2026-06-23 14:23:35,2026-06-23T08:53:35Z,1782204815,warmup,255.0,9.709090909090909,{}
4,B,HTTP Throughput,java_order,java,order,inventory-go-twin:9082,inventory-go-twin:9082,2026-06-23 14:23:50,2026-06-23T08:53:50Z,1782204830,warmup,270.0,0.0,{}
4,B,HTTP Throughput,java_order,java,order,order-go-twin:9083,order-go-twin:9083,2026-06-23 14:23:50,2026-06-23T08:53:50Z,1782204830,warmup,270.0,0.0,{}
4,B,HTTP Throughput,java_order,java,order,warehouse-go:8084,warehouse-go:8084,2026-06-23 14:23:50,2026-06-23T08:53:50Z,1782204830,warmup,270.0,10.145454545454545,{}
4,B,HTTP Throughput,java_order,java,order,inventory-go-twin:9082,inventory-go-twin:9082,2026-06-23 14:24:05,2026-06-23T08:54:05Z,1782204845,warmup,285.0,0.0,{}
4,B,HTTP Throughput,java_order,java,order,order-go-twin:9083,order-go-twin:9083,2026-06-23 14:24:05,2026-06-23T08:54:05Z,1782204845,warmup,285.0,0.0,{}
4,B,HTTP Throughput,java_order,java,order,warehouse-go:8084,warehouse-go:8084,2026-06-23 14:24:05,2026-06-23T08:54:05Z,1782204845,warmup,285.0,10.290909090909091,{}
4,B,HTTP Throughput,java_order,java,order,inventory-go-twin:9082,inventory-go-twin:9082,2026-06-23 14:24:20,2026-06-23T08:54:20Z,1782204860,ramp_1,300.0,0.0,{}
4,B,HTTP Throughput,java_order,java,order,order-go-twin:9083,order-go-twin:9083,2026-06-23 14:24:20,2026-06-23T08:54:20Z,1782204860,ramp_1,300.0,0.0,{}
4,B,HTTP Throughput,java_order,java,order,warehouse-go:8084,warehouse-go:8084,2026-06-23 14:24:20,2026-06-23T08:54:20Z,1782204860,ramp_1,300.0,10.872727272727271,{}
4,B,HTTP Throughput,java_order,java,order,inventory-go-twin:9082,inventory-go-twin:9082,2026-06-23 14:24:35,2026-06-23T08:54:35Z,1782204875,ramp_1,315.0,0.0,{}
4,B,HTTP Throughput,java_order,java,order,order-go-twin:9083,order-go-twin:9083,2026-06-23 14:24:35,2026-06-23T08:54:35Z,1782204875,ramp_1,315.0,0.0,{}
4,B,HTTP Throughput,java_order,java,order,warehouse-go:8084,warehouse-go:8084,2026-06-23 14:24:35,2026-06-23T08:54:35Z,1782204875,ramp_1,315.0,11.6,{}
4,B,HTTP Throughput,java_order,java,order,inventory-go-twin:9082,inventory-go-twin:9082,2026-06-23 14:24:50,2026-06-23T08:54:50Z,1782204890,ramp_1,330.0,0.0,{}
4,B,HTTP Throughput,java_order,java,order,order-go-twin:9083,order-go-twin:9083,2026-06-23 14:24:50,2026-06-23T08:54:50Z,1782204890,ramp_1,330.0,0.0,{}
4,B,HTTP Throughput,java_order,java,order,warehouse-go:8084,warehouse-go:8084,2026-06-23 14:24:50,2026-06-23T08:54:50Z,1782204890,ramp_1,330.0,13.491154384625176,{}
4,B,HTTP Throughput,java_order,java,order,inventory-go-twin:9082,inventory-go-twin:9082,2026-06-23 14:25:05,2026-06-23T08:55:05Z,1782204905,ramp_1,345.0,0.0,{}
4,B,HTTP Throughput,java_order,java,order,order-go-twin:9083,order-go-twin:9083,2026-06-23 14:25:05,2026-06-23T08:55:05Z,1782204905,ramp_1,345.0,0.0,{}
4,B,HTTP Throughput,java_order,java,order,warehouse-go:8084,warehouse-go:8084,2026-06-23 14:25:05,2026-06-23T08:55:05Z,1782204905,ramp_1,345.0,15.96392661684758,{}
4,B,HTTP Throughput,java_order,java,order,inventory-go-twin:9082,inventory-go-twin:9082,2026-06-23 14:25:20,2026-06-23T08:55:20Z,1782204920,ramp_1,360.0,0.0,{}
4,B,HTTP Throughput,java_order,java,order,order-go-twin:9083,order-go-twin:9083,2026-06-23 14:25:20,2026-06-23T08:55:20Z,1782204920,ramp_1,360.0,0.0,{}
4,B,HTTP Throughput,java_order,java,order,warehouse-go:8084,warehouse-go:8084,2026-06-23 14:25:20,2026-06-23T08:55:20Z,1782204920,ramp_1,360.0,18.636363636363637,{}
4,B,HTTP Throughput,java_order,java,order,inventory-go-twin:9082,inventory-go-twin:9082,2026-06-23 14:25:35,2026-06-23T08:55:35Z,1782204935,ramp_1,375.0,0.0,{}
4,B,HTTP Throughput,java_order,java,order,order-go-twin:9083,order-go-twin:9083,2026-06-23 14:25:35,2026-06-23T08:55:35Z,1782204935,ramp_1,375.0,0.0,{}
4,B,HTTP Throughput,java_order,java,order,warehouse-go:8084,warehouse-go:8084,2026-06-23 14:25:35,2026-06-23T08:55:35Z,1782204935,ramp_1,375.0,21.4,{}
4,B,HTTP Throughput,java_order,java,order,inventory-go-twin:9082,inventory-go-twin:9082,2026-06-23 14:25:50,2026-06-23T08:55:50Z,1782204950,ramp_1,390.0,0.0,{}
4,B,HTTP Throughput,java_order,java,order,order-go-twin:9083,order-go-twin:9083,2026-06-23 14:25:50,2026-06-23T08:55:50Z,1782204950,ramp_1,390.0,0.0,{}
4,B,HTTP Throughput,java_order,java,order,warehouse-go:8084,warehouse-go:8084,2026-06-23 14:25:50,2026-06-23T08:55:50Z,1782204950,ramp_1,390.0,23.96363636363636,{}
4,B,HTTP Throughput,java_order,java,order,inventory-go-twin:9082,inventory-go-twin:9082,2026-06-23 14:26:05,2026-06-23T08:56:05Z,1782204965,ramp_1,405.0,0.0,{}
4,B,HTTP Throughput,java_order,java,order,order-go-twin:9083,order-go-twin:9083,2026-06-23 14:26:05,2026-06-23T08:56:05Z,1782204965,ramp_1,405.0,0.0,{}
4,B,HTTP Throughput,java_order,java,order,warehouse-go:8084,warehouse-go:8084,2026-06-23 14:26:05,2026-06-23T08:56:05Z,1782204965,ramp_1,405.0,26.799999999999997,{}
4,B,HTTP Throughput,java_order,java,order,inventory-go-twin:9082,inventory-go-twin:9082,2026-06-23 14:26:20,2026-06-23T08:56:20Z,1782204980,ramp_1,420.0,0.0,{}
4,B,HTTP Throughput,java_order,java,order,order-go-twin:9083,order-go-twin:9083,2026-06-23 14:26:20,2026-06-23T08:56:20Z,1782204980,ramp_1,420.0,0.0,{}
4,B,HTTP Throughput,java_order,java,order,warehouse-go:8084,warehouse-go:8084,2026-06-23 14:26:20,2026-06-23T08:56:20Z,1782204980,ramp_1,420.0,29.709090909090907,{}
4,B,HTTP Throughput,java_order,java,order,inventory-go-twin:9082,inventory-go-twin:9082,2026-06-23 14:26:35,2026-06-23T08:56:35Z,1782204995,ramp_1,435.0,0.0,{}
4,B,HTTP Throughput,java_order,java,order,order-go-twin:9083,order-go-twin:9083,2026-06-23 14:26:35,2026-06-23T08:56:35Z,1782204995,ramp_1,435.0,0.0,{}
4,B,HTTP Throughput,java_order,java,order,warehouse-go:8084,warehouse-go:8084,2026-06-23 14:26:35,2026-06-23T08:56:35Z,1782204995,ramp_1,435.0,32.291496209021986,{}
4,B,HTTP Throughput,java_order,java,order,inventory-go-twin:9082,inventory-go-twin:9082,2026-06-23 14:26:50,2026-06-23T08:56:50Z,1782205010,ramp_1,450.0,0.0,{}
4,B,HTTP Throughput,java_order,java,order,order-go-twin:9083,order-go-twin:9083,2026-06-23 14:26:50,2026-06-23T08:56:50Z,1782205010,ramp_1,450.0,0.0,{}
4,B,HTTP Throughput,java_order,java,order,warehouse-go:8084,warehouse-go:8084,2026-06-23 14:26:50,2026-06-23T08:56:50Z,1782205010,ramp_1,450.0,35.309090909090905,{}
4,B,HTTP Throughput,java_order,java,order,inventory-go-twin:9082,inventory-go-twin:9082,2026-06-23 14:27:05,2026-06-23T08:57:05Z,1782205025,ramp_1,465.0,0.0,{}
4,B,HTTP Throughput,java_order,java,order,order-go-twin:9083,order-go-twin:9083,2026-06-23 14:27:05,2026-06-23T08:57:05Z,1782205025,ramp_1,465.0,0.0,{}
4,B,HTTP Throughput,java_order,java,order,warehouse-go:8084,warehouse-go:8084,2026-06-23 14:27:05,2026-06-23T08:57:05Z,1782205025,ramp_1,465.0,38.03636363636363,{}
4,B,HTTP Throughput,java_order,java,order,inventory-go-twin:9082,inventory-go-twin:9082,2026-06-23 14:27:20,2026-06-23T08:57:20Z,1782205040,ramp_1,480.0,0.0,{}
4,B,HTTP Throughput,java_order,java,order,order-go-twin:9083,order-go-twin:9083,2026-06-23 14:27:20,2026-06-23T08:57:20Z,1782205040,ramp_1,480.0,0.0,{}
4,B,HTTP Throughput,java_order,java,order,warehouse-go:8084,warehouse-go:8084,2026-06-23 14:27:20,2026-06-23T08:57:20Z,1782205040,ramp_1,480.0,41.20074910452918,{}
4,B,HTTP Throughput,java_order,java,order,inventory-go-twin:9082,inventory-go-twin:9082,2026-06-23 14:27:35,2026-06-23T08:57:35Z,1782205055,ramp_1,495.0,0.0,{}
4,B,HTTP Throughput,java_order,java,order,order-go-twin:9083,order-go-twin:9083,2026-06-23 14:27:35,2026-06-23T08:57:35Z,1782205055,ramp_1,495.0,0.0,{}
4,B,HTTP Throughput,java_order,java,order,warehouse-go:8084,warehouse-go:8084,2026-06-23 14:27:35,2026-06-23T08:57:35Z,1782205055,ramp_1,495.0,43.87272727272727,{}
4,B,HTTP Throughput,java_order,java,order,inventory-go-twin:9082,inventory-go-twin:9082,2026-06-23 14:27:50,2026-06-23T08:57:50Z,1782205070,ramp_1,510.0,0.0,{}
4,B,HTTP Throughput,java_order,java,order,order-go-twin:9083,order-go-twin:9083,2026-06-23 14:27:50,2026-06-23T08:57:50Z,1782205070,ramp_1,510.0,0.0,{}
4,B,HTTP Throughput,java_order,java,order,warehouse-go:8084,warehouse-go:8084,2026-06-23 14:27:50,2026-06-23T08:57:50Z,1782205070,ramp_1,510.0,46.74460464355194,{}
4,B,HTTP Throughput,java_order,java,order,inventory-go-twin:9082,inventory-go-twin:9082,2026-06-23 14:28:05,2026-06-23T08:58:05Z,1782205085,ramp_1,525.0,0.0,{}
4,B,HTTP Throughput,java_order,java,order,order-go-twin:9083,order-go-twin:9083,2026-06-23 14:28:05,2026-06-23T08:58:05Z,1782205085,ramp_1,525.0,0.0,{}
4,B,HTTP Throughput,java_order,java,order,warehouse-go:8084,warehouse-go:8084,2026-06-23 14:28:05,2026-06-23T08:58:05Z,1782205085,ramp_1,525.0,49.4,{}
4,B,HTTP Throughput,java_order,java,order,inventory-go-twin:9082,inventory-go-twin:9082,2026-06-23 14:28:20,2026-06-23T08:58:20Z,1782205100,ramp_1,540.0,0.0,{}
4,B,HTTP Throughput,java_order,java,order,order-go-twin:9083,order-go-twin:9083,2026-06-23 14:28:20,2026-06-23T08:58:20Z,1782205100,ramp_1,540.0,0.0,{}
4,B,HTTP Throughput,java_order,java,order,warehouse-go:8084,warehouse-go:8084,2026-06-23 14:28:20,2026-06-23T08:58:20Z,1782205100,ramp_1,540.0,51.99905456264432,{}
4,B,HTTP Throughput,java_order,java,order,inventory-go-twin:9082,inventory-go-twin:9082,2026-06-23 14:28:35,2026-06-23T08:58:35Z,1782205115,ramp_1,555.0,0.0,{}
4,B,HTTP Throughput,java_order,java,order,order-go-twin:9083,order-go-twin:9083,2026-06-23 14:28:35,2026-06-23T08:58:35Z,1782205115,ramp_1,555.0,0.0,{}
4,B,HTTP Throughput,java_order,java,order,warehouse-go:8084,warehouse-go:8084,2026-06-23 14:28:35,2026-06-23T08:58:35Z,1782205115,ramp_1,555.0,55.25454545454546,{}
4,B,HTTP Throughput,java_order,java,order,inventory-go-twin:9082,inventory-go-twin:9082,2026-06-23 14:28:50,2026-06-23T08:58:50Z,1782205130,ramp_1,570.0,0.0,{}
4,B,HTTP Throughput,java_order,java,order,order-go-twin:9083,order-go-twin:9083,2026-06-23 14:28:50,2026-06-23T08:58:50Z,1782205130,ramp_1,570.0,0.0,{}
4,B,HTTP Throughput,java_order,java,order,warehouse-go:8084,warehouse-go:8084,2026-06-23 14:28:50,2026-06-23T08:58:50Z,1782205130,ramp_1,570.0,58.27272727272727,{}
4,B,HTTP Throughput,java_order,java,order,inventory-go-twin:9082,inventory-go-twin:9082,2026-06-23 14:29:05,2026-06-23T08:59:05Z,1782205145,ramp_1,585.0,0.0,{}
4,B,HTTP Throughput,java_order,java,order,order-go-twin:9083,order-go-twin:9083,2026-06-23 14:29:05,2026-06-23T08:59:05Z,1782205145,ramp_1,585.0,0.0,{}
4,B,HTTP Throughput,java_order,java,order,warehouse-go:8084,warehouse-go:8084,2026-06-23 14:29:05,2026-06-23T08:59:05Z,1782205145,ramp_1,585.0,61.018181818181816,{}
4,B,HTTP Throughput,java_order,java,order,inventory-go-twin:9082,inventory-go-twin:9082,2026-06-23 14:29:20,2026-06-23T08:59:20Z,1782205160,ramp_2,600.0,0.0,{}
4,B,HTTP Throughput,java_order,java,order,order-go-twin:9083,order-go-twin:9083,2026-06-23 14:29:20,2026-06-23T08:59:20Z,1782205160,ramp_2,600.0,0.0,{}
4,B,HTTP Throughput,java_order,java,order,warehouse-go:8084,warehouse-go:8084,2026-06-23 14:29:20,2026-06-23T08:59:20Z,1782205160,ramp_2,600.0,60.59889820185087,{}
4,B,HTTP Throughput,java_order,java,order,inventory-go-twin:9082,inventory-go-twin:9082,2026-06-23 14:29:35,2026-06-23T08:59:35Z,1782205175,ramp_2,615.0,0.0,{}
4,B,HTTP Throughput,java_order,java,order,order-go-twin:9083,order-go-twin:9083,2026-06-23 14:29:35,2026-06-23T08:59:35Z,1782205175,ramp_2,615.0,0.0,{}
4,B,HTTP Throughput,java_order,java,order,warehouse-go:8084,warehouse-go:8084,2026-06-23 14:29:35,2026-06-23T08:59:35Z,1782205175,ramp_2,615.0,63.23751340933472,{}
4,B,HTTP Throughput,java_order,java,order,inventory-go-twin:9082,inventory-go-twin:9082,2026-06-23 14:29:50,2026-06-23T08:59:50Z,1782205190,ramp_2,630.0,0.0,{}
4,B,HTTP Throughput,java_order,java,order,order-go-twin:9083,order-go-twin:9083,2026-06-23 14:29:50,2026-06-23T08:59:50Z,1782205190,ramp_2,630.0,0.0,{}
4,B,HTTP Throughput,java_order,java,order,warehouse-go:8084,warehouse-go:8084,2026-06-23 14:29:50,2026-06-23T08:59:50Z,1782205190,ramp_2,630.0,66.01938217058492,{}
4,B,HTTP Throughput,java_order,java,order,inventory-go-twin:9082,inventory-go-twin:9082,2026-06-23 14:30:05,2026-06-23T09:00:05Z,1782205205,ramp_2,645.0,0.0,{}
4,B,HTTP Throughput,java_order,java,order,order-go-twin:9083,order-go-twin:9083,2026-06-23 14:30:05,2026-06-23T09:00:05Z,1782205205,ramp_2,645.0,0.0,{}
4,B,HTTP Throughput,java_order,java,order,warehouse-go:8084,warehouse-go:8084,2026-06-23 14:30:05,2026-06-23T09:00:05Z,1782205205,ramp_2,645.0,71.38311605665558,{}
4,B,HTTP Throughput,java_order,java,order,inventory-go-twin:9082,inventory-go-twin:9082,2026-06-23 14:30:20,2026-06-23T09:00:20Z,1782205220,ramp_2,660.0,0.0,{}
4,B,HTTP Throughput,java_order,java,order,order-go-twin:9083,order-go-twin:9083,2026-06-23 14:30:20,2026-06-23T09:00:20Z,1782205220,ramp_2,660.0,0.0,{}
4,B,HTTP Throughput,java_order,java,order,warehouse-go:8084,warehouse-go:8084,2026-06-23 14:30:20,2026-06-23T09:00:20Z,1782205220,ramp_2,660.0,75.07409225622284,{}
4,B,HTTP Throughput,java_order,java,order,inventory-go-twin:9082,inventory-go-twin:9082,2026-06-23 14:30:35,2026-06-23T09:00:35Z,1782205235,ramp_2,675.0,0.0,{}
4,B,HTTP Throughput,java_order,java,order,order-go-twin:9083,order-go-twin:9083,2026-06-23 14:30:35,2026-06-23T09:00:35Z,1782205235,ramp_2,675.0,0.0,{}
4,B,HTTP Throughput,java_order,java,order,warehouse-go:8084,warehouse-go:8084,2026-06-23 14:30:35,2026-06-23T09:00:35Z,1782205235,ramp_2,675.0,78.36363636363636,{}
4,B,HTTP Throughput,java_order,java,order,inventory-go-twin:9082,inventory-go-twin:9082,2026-06-23 14:30:50,2026-06-23T09:00:50Z,1782205250,ramp_2,690.0,0.0,{}
4,B,HTTP Throughput,java_order,java,order,order-go-twin:9083,order-go-twin:9083,2026-06-23 14:30:50,2026-06-23T09:00:50Z,1782205250,ramp_2,690.0,0.0,{}
4,B,HTTP Throughput,java_order,java,order,warehouse-go:8084,warehouse-go:8084,2026-06-23 14:30:50,2026-06-23T09:00:50Z,1782205250,ramp_2,690.0,81.34693358061057,{}
4,B,HTTP Throughput,java_order,java,order,inventory-go-twin:9082,inventory-go-twin:9082,2026-06-23 14:31:05,2026-06-23T09:01:05Z,1782205265,ramp_2,705.0,0.0,{}
4,B,HTTP Throughput,java_order,java,order,order-go-twin:9083,order-go-twin:9083,2026-06-23 14:31:05,2026-06-23T09:01:05Z,1782205265,ramp_2,705.0,0.0,{}
4,B,HTTP Throughput,java_order,java,order,warehouse-go:8084,warehouse-go:8084,2026-06-23 14:31:05,2026-06-23T09:01:05Z,1782205265,ramp_2,705.0,84.0,{}
4,B,HTTP Throughput,java_order,java,order,inventory-go-twin:9082,inventory-go-twin:9082,2026-06-23 14:31:20,2026-06-23T09:01:20Z,1782205280,ramp_2,720.0,0.0,{}
4,B,HTTP Throughput,java_order,java,order,order-go-twin:9083,order-go-twin:9083,2026-06-23 14:31:20,2026-06-23T09:01:20Z,1782205280,ramp_2,720.0,0.0,{}
4,B,HTTP Throughput,java_order,java,order,warehouse-go:8084,warehouse-go:8084,2026-06-23 14:31:20,2026-06-23T09:01:20Z,1782205280,ramp_2,720.0,87.25295903710841,{}
4,B,HTTP Throughput,java_order,java,order,inventory-go-twin:9082,inventory-go-twin:9082,2026-06-23 14:31:35,2026-06-23T09:01:35Z,1782205295,ramp_2,735.0,0.0,{}
4,B,HTTP Throughput,java_order,java,order,order-go-twin:9083,order-go-twin:9083,2026-06-23 14:31:35,2026-06-23T09:01:35Z,1782205295,ramp_2,735.0,0.0,{}
4,B,HTTP Throughput,java_order,java,order,warehouse-go:8084,warehouse-go:8084,2026-06-23 14:31:35,2026-06-23T09:01:35Z,1782205295,ramp_2,735.0,89.07272727272726,{}
4,B,HTTP Throughput,java_order,java,order,inventory-go-twin:9082,inventory-go-twin:9082,2026-06-23 14:31:50,2026-06-23T09:01:50Z,1782205310,ramp_2,750.0,0.0,{}
4,B,HTTP Throughput,java_order,java,order,order-go-twin:9083,order-go-twin:9083,2026-06-23 14:31:50,2026-06-23T09:01:50Z,1782205310,ramp_2,750.0,0.0,{}
4,B,HTTP Throughput,java_order,java,order,warehouse-go:8084,warehouse-go:8084,2026-06-23 14:31:50,2026-06-23T09:01:50Z,1782205310,ramp_2,750.0,84.76363636363637,{}
4,B,HTTP Throughput,java_order,java,order,inventory-go-twin:9082,inventory-go-twin:9082,2026-06-23 14:32:05,2026-06-23T09:02:05Z,1782205325,ramp_2,765.0,0.0,{}
4,B,HTTP Throughput,java_order,java,order,order-go-twin:9083,order-go-twin:9083,2026-06-23 14:32:05,2026-06-23T09:02:05Z,1782205325,ramp_2,765.0,0.0,{}
4,B,HTTP Throughput,java_order,java,order,warehouse-go:8084,warehouse-go:8084,2026-06-23 14:32:05,2026-06-23T09:02:05Z,1782205325,ramp_2,765.0,83.0,{}
4,B,HTTP Throughput,java_order,java,order,inventory-go-twin:9082,inventory-go-twin:9082,2026-06-23 14:32:20,2026-06-23T09:02:20Z,1782205340,ramp_2,780.0,0.0,{}
4,B,HTTP Throughput,java_order,java,order,order-go-twin:9083,order-go-twin:9083,2026-06-23 14:32:20,2026-06-23T09:02:20Z,1782205340,ramp_2,780.0,0.0,{}
4,B,HTTP Throughput,java_order,java,order,warehouse-go:8084,warehouse-go:8084,2026-06-23 14:32:20,2026-06-23T09:02:20Z,1782205340,ramp_2,780.0,78.92727272727272,{}
4,B,HTTP Throughput,java_order,java,order,inventory-go-twin:9082,inventory-go-twin:9082,2026-06-23 14:32:35,2026-06-23T09:02:35Z,1782205355,ramp_2,795.0,0.0,{}
4,B,HTTP Throughput,java_order,java,order,order-go-twin:9083,order-go-twin:9083,2026-06-23 14:32:35,2026-06-23T09:02:35Z,1782205355,ramp_2,795.0,0.0,{}
4,B,HTTP Throughput,java_order,java,order,warehouse-go:8084,warehouse-go:8084,2026-06-23 14:32:35,2026-06-23T09:02:35Z,1782205355,ramp_2,795.0,76.61818181818181,{}
4,B,HTTP Throughput,java_order,java,order,inventory-go-twin:9082,inventory-go-twin:9082,2026-06-23 14:32:50,2026-06-23T09:02:50Z,1782205370,ramp_2,810.0,0.0,{}
4,B,HTTP Throughput,java_order,java,order,order-go-twin:9083,order-go-twin:9083,2026-06-23 14:32:50,2026-06-23T09:02:50Z,1782205370,ramp_2,810.0,0.0,{}
4,B,HTTP Throughput,java_order,java,order,warehouse-go:8084,warehouse-go:8084,2026-06-23 14:32:50,2026-06-23T09:02:50Z,1782205370,ramp_2,810.0,79.74545454545455,{}
4,B,HTTP Throughput,java_order,java,order,inventory-go-twin:9082,inventory-go-twin:9082,2026-06-23 14:33:05,2026-06-23T09:03:05Z,1782205385,ramp_2,825.0,0.0,{}
4,B,HTTP Throughput,java_order,java,order,order-go-twin:9083,order-go-twin:9083,2026-06-23 14:33:05,2026-06-23T09:03:05Z,1782205385,ramp_2,825.0,0.0,{}
4,B,HTTP Throughput,java_order,java,order,warehouse-go:8084,warehouse-go:8084,2026-06-23 14:33:05,2026-06-23T09:03:05Z,1782205385,ramp_2,825.0,75.56363636363636,{}
4,B,HTTP Throughput,java_order,java,order,inventory-go-twin:9082,inventory-go-twin:9082,2026-06-23 14:33:20,2026-06-23T09:03:20Z,1782205400,ramp_2,840.0,0.0,{}
4,B,HTTP Throughput,java_order,java,order,order-go-twin:9083,order-go-twin:9083,2026-06-23 14:33:20,2026-06-23T09:03:20Z,1782205400,ramp_2,840.0,0.0,{}
4,B,HTTP Throughput,java_order,java,order,warehouse-go:8084,warehouse-go:8084,2026-06-23 14:33:20,2026-06-23T09:03:20Z,1782205400,ramp_2,840.0,74.74545454545455,{}
4,B,HTTP Throughput,java_order,java,order,inventory-go-twin:9082,inventory-go-twin:9082,2026-06-23 14:33:35,2026-06-23T09:03:35Z,1782205415,ramp_2,855.0,0.0,{}
4,B,HTTP Throughput,java_order,java,order,order-go-twin:9083,order-go-twin:9083,2026-06-23 14:33:35,2026-06-23T09:03:35Z,1782205415,ramp_2,855.0,0.0,{}
4,B,HTTP Throughput,java_order,java,order,warehouse-go:8084,warehouse-go:8084,2026-06-23 14:33:35,2026-06-23T09:03:35Z,1782205415,ramp_2,855.0,74.63636363636363,{}
4,B,HTTP Throughput,java_order,java,order,inventory-go-twin:9082,inventory-go-twin:9082,2026-06-23 14:33:50,2026-06-23T09:03:50Z,1782205430,ramp_2,870.0,0.0,{}
4,B,HTTP Throughput,java_order,java,order,order-go-twin:9083,order-go-twin:9083,2026-06-23 14:33:50,2026-06-23T09:03:50Z,1782205430,ramp_2,870.0,0.0,{}
4,B,HTTP Throughput,java_order,java,order,warehouse-go:8084,warehouse-go:8084,2026-06-23 14:33:50,2026-06-23T09:03:50Z,1782205430,ramp_2,870.0,75.45454545454545,{}
4,B,HTTP Throughput,java_order,java,order,inventory-go-twin:9082,inventory-go-twin:9082,2026-06-23 14:34:05,2026-06-23T09:04:05Z,1782205445,ramp_2,885.0,0.0,{}
4,B,HTTP Throughput,java_order,java,order,order-go-twin:9083,order-go-twin:9083,2026-06-23 14:34:05,2026-06-23T09:04:05Z,1782205445,ramp_2,885.0,0.0,{}
4,B,HTTP Throughput,java_order,java,order,warehouse-go:8084,warehouse-go:8084,2026-06-23 14:34:05,2026-06-23T09:04:05Z,1782205445,ramp_2,885.0,77.6,{}
4,B,HTTP Throughput,java_order,java,order,inventory-go-twin:9082,inventory-go-twin:9082,2026-06-23 14:34:20,2026-06-23T09:04:20Z,1782205460,ramp_3,900.0,0.0,{}
4,B,HTTP Throughput,java_order,java,order,order-go-twin:9083,order-go-twin:9083,2026-06-23 14:34:20,2026-06-23T09:04:20Z,1782205460,ramp_3,900.0,0.0,{}
4,B,HTTP Throughput,java_order,java,order,warehouse-go:8084,warehouse-go:8084,2026-06-23 14:34:20,2026-06-23T09:04:20Z,1782205460,ramp_3,900.0,78.61675242268322,{}
4,B,HTTP Throughput,java_order,java,order,inventory-go-twin:9082,inventory-go-twin:9082,2026-06-23 14:34:35,2026-06-23T09:04:35Z,1782205475,ramp_3,915.0,0.0,{}
4,B,HTTP Throughput,java_order,java,order,order-go-twin:9083,order-go-twin:9083,2026-06-23 14:34:35,2026-06-23T09:04:35Z,1782205475,ramp_3,915.0,0.0,{}
4,B,HTTP Throughput,java_order,java,order,warehouse-go:8084,warehouse-go:8084,2026-06-23 14:34:35,2026-06-23T09:04:35Z,1782205475,ramp_3,915.0,74.54545454545453,{}
4,B,HTTP Throughput,java_order,java,order,inventory-go-twin:9082,inventory-go-twin:9082,2026-06-23 14:34:50,2026-06-23T09:04:50Z,1782205490,ramp_3,930.0,0.0,{}
4,B,HTTP Throughput,java_order,java,order,order-go-twin:9083,order-go-twin:9083,2026-06-23 14:34:50,2026-06-23T09:04:50Z,1782205490,ramp_3,930.0,0.0,{}
4,B,HTTP Throughput,java_order,java,order,warehouse-go:8084,warehouse-go:8084,2026-06-23 14:34:50,2026-06-23T09:04:50Z,1782205490,ramp_3,930.0,73.9090909090909,{}
4,B,HTTP Throughput,java_order,java,order,inventory-go-twin:9082,inventory-go-twin:9082,2026-06-23 14:35:05,2026-06-23T09:05:05Z,1782205505,ramp_3,945.0,0.0,{}
4,B,HTTP Throughput,java_order,java,order,order-go-twin:9083,order-go-twin:9083,2026-06-23 14:35:05,2026-06-23T09:05:05Z,1782205505,ramp_3,945.0,0.0,{}
4,B,HTTP Throughput,java_order,java,order,warehouse-go:8084,warehouse-go:8084,2026-06-23 14:35:05,2026-06-23T09:05:05Z,1782205505,ramp_3,945.0,73.25454545454545,{}
4,B,HTTP Throughput,java_order,java,order,inventory-go-twin:9082,inventory-go-twin:9082,2026-06-23 14:35:20,2026-06-23T09:05:20Z,1782205520,ramp_3,960.0,0.0,{}
4,B,HTTP Throughput,java_order,java,order,order-go-twin:9083,order-go-twin:9083,2026-06-23 14:35:20,2026-06-23T09:05:20Z,1782205520,ramp_3,960.0,0.0,{}
4,B,HTTP Throughput,java_order,java,order,warehouse-go:8084,warehouse-go:8084,2026-06-23 14:35:20,2026-06-23T09:05:20Z,1782205520,ramp_3,960.0,72.41818181818182,{}
4,B,HTTP Throughput,java_order,java,order,inventory-go-twin:9082,inventory-go-twin:9082,2026-06-23 14:35:35,2026-06-23T09:05:35Z,1782205535,ramp_3,975.0,0.0,{}
4,B,HTTP Throughput,java_order,java,order,order-go-twin:9083,order-go-twin:9083,2026-06-23 14:35:35,2026-06-23T09:05:35Z,1782205535,ramp_3,975.0,0.0,{}
4,B,HTTP Throughput,java_order,java,order,warehouse-go:8084,warehouse-go:8084,2026-06-23 14:35:35,2026-06-23T09:05:35Z,1782205535,ramp_3,975.0,75.38318878525065,{}
4,B,HTTP Throughput,java_order,java,order,inventory-go-twin:9082,inventory-go-twin:9082,2026-06-23 14:35:50,2026-06-23T09:05:50Z,1782205550,ramp_3,990.0,0.0,{}
4,B,HTTP Throughput,java_order,java,order,order-go-twin:9083,order-go-twin:9083,2026-06-23 14:35:50,2026-06-23T09:05:50Z,1782205550,ramp_3,990.0,0.0,{}
4,B,HTTP Throughput,java_order,java,order,warehouse-go:8084,warehouse-go:8084,2026-06-23 14:35:50,2026-06-23T09:05:50Z,1782205550,ramp_3,990.0,71.05454545454545,{}
4,B,HTTP Throughput,java_order,java,order,inventory-go-twin:9082,inventory-go-twin:9082,2026-06-23 14:36:05,2026-06-23T09:06:05Z,1782205565,ramp_3,1005.0,0.0,{}
4,B,HTTP Throughput,java_order,java,order,order-go-twin:9083,order-go-twin:9083,2026-06-23 14:36:05,2026-06-23T09:06:05Z,1782205565,ramp_3,1005.0,0.0,{}
4,B,HTTP Throughput,java_order,java,order,warehouse-go:8084,warehouse-go:8084,2026-06-23 14:36:05,2026-06-23T09:06:05Z,1782205565,ramp_3,1005.0,68.79874911365248,{}
4,B,HTTP Throughput,java_order,java,order,inventory-go-twin:9082,inventory-go-twin:9082,2026-06-23 14:36:20,2026-06-23T09:06:20Z,1782205580,ramp_3,1020.0,0.0,{}
4,B,HTTP Throughput,java_order,java,order,order-go-twin:9083,order-go-twin:9083,2026-06-23 14:36:20,2026-06-23T09:06:20Z,1782205580,ramp_3,1020.0,0.0,{}
4,B,HTTP Throughput,java_order,java,order,warehouse-go:8084,warehouse-go:8084,2026-06-23 14:36:20,2026-06-23T09:06:20Z,1782205580,ramp_3,1020.0,69.07398316333025,{}
4,B,HTTP Throughput,java_order,java,order,inventory-go-twin:9082,inventory-go-twin:9082,2026-06-23 14:36:35,2026-06-23T09:06:35Z,1782205595,ramp_3,1035.0,0.0,{}
4,B,HTTP Throughput,java_order,java,order,order-go-twin:9083,order-go-twin:9083,2026-06-23 14:36:35,2026-06-23T09:06:35Z,1782205595,ramp_3,1035.0,0.0,{}
4,B,HTTP Throughput,java_order,java,order,warehouse-go:8084,warehouse-go:8084,2026-06-23 14:36:35,2026-06-23T09:06:35Z,1782205595,ramp_3,1035.0,72.94412828857656,{}
4,B,HTTP Throughput,java_order,java,order,inventory-go-twin:9082,inventory-go-twin:9082,2026-06-23 14:36:50,2026-06-23T09:06:50Z,1782205610,ramp_3,1050.0,0.0,{}
4,B,HTTP Throughput,java_order,java,order,order-go-twin:9083,order-go-twin:9083,2026-06-23 14:36:50,2026-06-23T09:06:50Z,1782205610,ramp_3,1050.0,0.0,{}
4,B,HTTP Throughput,java_order,java,order,warehouse-go:8084,warehouse-go:8084,2026-06-23 14:36:50,2026-06-23T09:06:50Z,1782205610,ramp_3,1050.0,81.74694085347006,{}
4,B,HTTP Throughput,java_order,java,order,inventory-go-twin:9082,inventory-go-twin:9082,2026-06-23 14:37:05,2026-06-23T09:07:05Z,1782205625,ramp_3,1065.0,0.0,{}
4,B,HTTP Throughput,java_order,java,order,order-go-twin:9083,order-go-twin:9083,2026-06-23 14:37:05,2026-06-23T09:07:05Z,1782205625,ramp_3,1065.0,0.0,{}
4,B,HTTP Throughput,java_order,java,order,warehouse-go:8084,warehouse-go:8084,2026-06-23 14:37:05,2026-06-23T09:07:05Z,1782205625,ramp_3,1065.0,80.38181818181818,{}
4,B,HTTP Throughput,java_order,java,order,inventory-go-twin:9082,inventory-go-twin:9082,2026-06-23 14:37:20,2026-06-23T09:07:20Z,1782205640,ramp_3,1080.0,0.0,{}
4,B,HTTP Throughput,java_order,java,order,order-go-twin:9083,order-go-twin:9083,2026-06-23 14:37:20,2026-06-23T09:07:20Z,1782205640,ramp_3,1080.0,0.0,{}
4,B,HTTP Throughput,java_order,java,order,warehouse-go:8084,warehouse-go:8084,2026-06-23 14:37:20,2026-06-23T09:07:20Z,1782205640,ramp_3,1080.0,78.16363636363636,{}
4,B,HTTP Throughput,java_order,java,order,inventory-go-twin:9082,inventory-go-twin:9082,2026-06-23 14:37:35,2026-06-23T09:07:35Z,1782205655,ramp_3,1095.0,0.0,{}
4,B,HTTP Throughput,java_order,java,order,order-go-twin:9083,order-go-twin:9083,2026-06-23 14:37:35,2026-06-23T09:07:35Z,1782205655,ramp_3,1095.0,0.0,{}
4,B,HTTP Throughput,java_order,java,order,warehouse-go:8084,warehouse-go:8084,2026-06-23 14:37:35,2026-06-23T09:07:35Z,1782205655,ramp_3,1095.0,79.45454545454545,{}
4,B,HTTP Throughput,java_order,java,order,inventory-go-twin:9082,inventory-go-twin:9082,2026-06-23 14:37:50,2026-06-23T09:07:50Z,1782205670,ramp_3,1110.0,0.0,{}
4,B,HTTP Throughput,java_order,java,order,order-go-twin:9083,order-go-twin:9083,2026-06-23 14:37:50,2026-06-23T09:07:50Z,1782205670,ramp_3,1110.0,0.0,{}
4,B,HTTP Throughput,java_order,java,order,warehouse-go:8084,warehouse-go:8084,2026-06-23 14:37:50,2026-06-23T09:07:50Z,1782205670,ramp_3,1110.0,76.98181818181818,{}
4,B,HTTP Throughput,java_order,java,order,inventory-go-twin:9082,inventory-go-twin:9082,2026-06-23 14:38:05,2026-06-23T09:08:05Z,1782205685,ramp_3,1125.0,0.0,{}
4,B,HTTP Throughput,java_order,java,order,order-go-twin:9083,order-go-twin:9083,2026-06-23 14:38:05,2026-06-23T09:08:05Z,1782205685,ramp_3,1125.0,0.0,{}
4,B,HTTP Throughput,java_order,java,order,warehouse-go:8084,warehouse-go:8084,2026-06-23 14:38:05,2026-06-23T09:08:05Z,1782205685,ramp_3,1125.0,88.54545454545455,{}
4,B,HTTP Throughput,java_order,java,order,inventory-go-twin:9082,inventory-go-twin:9082,2026-06-23 14:38:20,2026-06-23T09:08:20Z,1782205700,ramp_3,1140.0,0.0,{}
4,B,HTTP Throughput,java_order,java,order,order-go-twin:9083,order-go-twin:9083,2026-06-23 14:38:20,2026-06-23T09:08:20Z,1782205700,ramp_3,1140.0,0.0,{}
4,B,HTTP Throughput,java_order,java,order,warehouse-go:8084,warehouse-go:8084,2026-06-23 14:38:20,2026-06-23T09:08:20Z,1782205700,ramp_3,1140.0,81.76363636363635,{}
4,B,HTTP Throughput,java_order,java,order,inventory-go-twin:9082,inventory-go-twin:9082,2026-06-23 14:38:35,2026-06-23T09:08:35Z,1782205715,ramp_3,1155.0,0.0,{}
4,B,HTTP Throughput,java_order,java,order,order-go-twin:9083,order-go-twin:9083,2026-06-23 14:38:35,2026-06-23T09:08:35Z,1782205715,ramp_3,1155.0,0.0,{}
4,B,HTTP Throughput,java_order,java,order,warehouse-go:8084,warehouse-go:8084,2026-06-23 14:38:35,2026-06-23T09:08:35Z,1782205715,ramp_3,1155.0,84.6,{}
4,B,HTTP Throughput,java_order,java,order,inventory-go-twin:9082,inventory-go-twin:9082,2026-06-23 14:38:50,2026-06-23T09:08:50Z,1782205730,ramp_3,1170.0,0.0,{}
4,B,HTTP Throughput,java_order,java,order,order-go-twin:9083,order-go-twin:9083,2026-06-23 14:38:50,2026-06-23T09:08:50Z,1782205730,ramp_3,1170.0,0.0,{}
4,B,HTTP Throughput,java_order,java,order,warehouse-go:8084,warehouse-go:8084,2026-06-23 14:38:50,2026-06-23T09:08:50Z,1782205730,ramp_3,1170.0,88.27272727272727,{}
4,B,HTTP Throughput,java_order,java,order,inventory-go-twin:9082,inventory-go-twin:9082,2026-06-23 14:39:05,2026-06-23T09:09:05Z,1782205745,ramp_3,1185.0,0.0,{}
4,B,HTTP Throughput,java_order,java,order,order-go-twin:9083,order-go-twin:9083,2026-06-23 14:39:05,2026-06-23T09:09:05Z,1782205745,ramp_3,1185.0,0.0,{}
4,B,HTTP Throughput,java_order,java,order,warehouse-go:8084,warehouse-go:8084,2026-06-23 14:39:05,2026-06-23T09:09:05Z,1782205745,ramp_3,1185.0,85.03636363636363,{}
4,B,HTTP Throughput,java_order,java,order,inventory-go-twin:9082,inventory-go-twin:9082,2026-06-23 14:39:20,2026-06-23T09:09:20Z,1782205760,sustain,1200.0,0.0,{}
4,B,HTTP Throughput,java_order,java,order,order-go-twin:9083,order-go-twin:9083,2026-06-23 14:39:20,2026-06-23T09:09:20Z,1782205760,sustain,1200.0,0.0,{}
4,B,HTTP Throughput,java_order,java,order,warehouse-go:8084,warehouse-go:8084,2026-06-23 14:39:20,2026-06-23T09:09:20Z,1782205760,sustain,1200.0,92.07272727272726,{}
4,B,HTTP Throughput,java_order,java,order,inventory-go-twin:9082,inventory-go-twin:9082,2026-06-23 14:39:35,2026-06-23T09:09:35Z,1782205775,sustain,1215.0,0.0,{}
4,B,HTTP Throughput,java_order,java,order,order-go-twin:9083,order-go-twin:9083,2026-06-23 14:39:35,2026-06-23T09:09:35Z,1782205775,sustain,1215.0,0.0,{}
4,B,HTTP Throughput,java_order,java,order,warehouse-go:8084,warehouse-go:8084,2026-06-23 14:39:35,2026-06-23T09:09:35Z,1782205775,sustain,1215.0,88.21818181818182,{}
4,B,HTTP Throughput,java_order,java,order,inventory-go-twin:9082,inventory-go-twin:9082,2026-06-23 14:39:50,2026-06-23T09:09:50Z,1782205790,sustain,1230.0,0.0,{}
4,B,HTTP Throughput,java_order,java,order,order-go-twin:9083,order-go-twin:9083,2026-06-23 14:39:50,2026-06-23T09:09:50Z,1782205790,sustain,1230.0,0.0,{}
4,B,HTTP Throughput,java_order,java,order,warehouse-go:8084,warehouse-go:8084,2026-06-23 14:39:50,2026-06-23T09:09:50Z,1782205790,sustain,1230.0,90.2,{}
4,B,HTTP Throughput,java_order,java,order,inventory-go-twin:9082,inventory-go-twin:9082,2026-06-23 14:40:05,2026-06-23T09:10:05Z,1782205805,sustain,1245.0,0.0,{}
4,B,HTTP Throughput,java_order,java,order,order-go-twin:9083,order-go-twin:9083,2026-06-23 14:40:05,2026-06-23T09:10:05Z,1782205805,sustain,1245.0,0.0,{}
4,B,HTTP Throughput,java_order,java,order,warehouse-go:8084,warehouse-go:8084,2026-06-23 14:40:05,2026-06-23T09:10:05Z,1782205805,sustain,1245.0,83.2560592010764,{}
4,B,HTTP Throughput,java_order,java,order,inventory-go-twin:9082,inventory-go-twin:9082,2026-06-23 14:40:20,2026-06-23T09:10:20Z,1782205820,sustain,1260.0,0.0,{}
4,B,HTTP Throughput,java_order,java,order,order-go-twin:9083,order-go-twin:9083,2026-06-23 14:40:20,2026-06-23T09:10:20Z,1782205820,sustain,1260.0,0.0,{}
4,B,HTTP Throughput,java_order,java,order,warehouse-go:8084,warehouse-go:8084,2026-06-23 14:40:20,2026-06-23T09:10:20Z,1782205820,sustain,1260.0,84.47272727272727,{}
4,B,HTTP Throughput,java_order,java,order,inventory-go-twin:9082,inventory-go-twin:9082,2026-06-23 14:40:35,2026-06-23T09:10:35Z,1782205835,sustain,1275.0,0.0,{}
4,B,HTTP Throughput,java_order,java,order,order-go-twin:9083,order-go-twin:9083,2026-06-23 14:40:35,2026-06-23T09:10:35Z,1782205835,sustain,1275.0,0.0,{}
4,B,HTTP Throughput,java_order,java,order,warehouse-go:8084,warehouse-go:8084,2026-06-23 14:40:35,2026-06-23T09:10:35Z,1782205835,sustain,1275.0,83.10909090909091,{}
4,B,HTTP Throughput,java_order,java,order,inventory-go-twin:9082,inventory-go-twin:9082,2026-06-23 14:40:50,2026-06-23T09:10:50Z,1782205850,sustain,1290.0,0.0,{}
4,B,HTTP Throughput,java_order,java,order,order-go-twin:9083,order-go-twin:9083,2026-06-23 14:40:50,2026-06-23T09:10:50Z,1782205850,sustain,1290.0,0.0,{}
4,B,HTTP Throughput,java_order,java,order,warehouse-go:8084,warehouse-go:8084,2026-06-23 14:40:50,2026-06-23T09:10:50Z,1782205850,sustain,1290.0,80.52727272727273,{}
4,B,HTTP Throughput,java_order,java,order,inventory-go-twin:9082,inventory-go-twin:9082,2026-06-23 14:41:05,2026-06-23T09:11:05Z,1782205865,sustain,1305.0,0.0,{}
4,B,HTTP Throughput,java_order,java,order,order-go-twin:9083,order-go-twin:9083,2026-06-23 14:41:05,2026-06-23T09:11:05Z,1782205865,sustain,1305.0,0.0,{}
4,B,HTTP Throughput,java_order,java,order,warehouse-go:8084,warehouse-go:8084,2026-06-23 14:41:05,2026-06-23T09:11:05Z,1782205865,sustain,1305.0,78.43636363636364,{}
4,B,HTTP Throughput,java_order,java,order,inventory-go-twin:9082,inventory-go-twin:9082,2026-06-23 14:41:20,2026-06-23T09:11:20Z,1782205880,sustain,1320.0,0.0,{}
4,B,HTTP Throughput,java_order,java,order,order-go-twin:9083,order-go-twin:9083,2026-06-23 14:41:20,2026-06-23T09:11:20Z,1782205880,sustain,1320.0,0.0,{}
4,B,HTTP Throughput,java_order,java,order,warehouse-go:8084,warehouse-go:8084,2026-06-23 14:41:20,2026-06-23T09:11:20Z,1782205880,sustain,1320.0,83.29090909090908,{}
4,B,HTTP Throughput,java_order,java,order,inventory-go-twin:9082,inventory-go-twin:9082,2026-06-23 14:41:35,2026-06-23T09:11:35Z,1782205895,sustain,1335.0,0.0,{}
4,B,HTTP Throughput,java_order,java,order,order-go-twin:9083,order-go-twin:9083,2026-06-23 14:41:35,2026-06-23T09:11:35Z,1782205895,sustain,1335.0,0.0,{}
4,B,HTTP Throughput,java_order,java,order,warehouse-go:8084,warehouse-go:8084,2026-06-23 14:41:35,2026-06-23T09:11:35Z,1782205895,sustain,1335.0,85.45454545454545,{}
4,B,HTTP Throughput,java_order,java,order,inventory-go-twin:9082,inventory-go-twin:9082,2026-06-23 14:41:50,2026-06-23T09:11:50Z,1782205910,sustain,1350.0,0.0,{}
4,B,HTTP Throughput,java_order,java,order,order-go-twin:9083,order-go-twin:9083,2026-06-23 14:41:50,2026-06-23T09:11:50Z,1782205910,sustain,1350.0,0.0,{}
4,B,HTTP Throughput,java_order,java,order,warehouse-go:8084,warehouse-go:8084,2026-06-23 14:41:50,2026-06-23T09:11:50Z,1782205910,sustain,1350.0,83.00150911834761,{}
4,B,HTTP Throughput,java_order,java,order,inventory-go-twin:9082,inventory-go-twin:9082,2026-06-23 14:42:05,2026-06-23T09:12:05Z,1782205925,sustain,1365.0,0.0,{}
4,B,HTTP Throughput,java_order,java,order,order-go-twin:9083,order-go-twin:9083,2026-06-23 14:42:05,2026-06-23T09:12:05Z,1782205925,sustain,1365.0,0.0,{}
4,B,HTTP Throughput,java_order,java,order,warehouse-go:8084,warehouse-go:8084,2026-06-23 14:42:05,2026-06-23T09:12:05Z,1782205925,sustain,1365.0,86.72727272727273,{}
4,B,HTTP Throughput,java_order,java,order,inventory-go-twin:9082,inventory-go-twin:9082,2026-06-23 14:42:20,2026-06-23T09:12:20Z,1782205940,sustain,1380.0,0.0,{}
4,B,HTTP Throughput,java_order,java,order,order-go-twin:9083,order-go-twin:9083,2026-06-23 14:42:20,2026-06-23T09:12:20Z,1782205940,sustain,1380.0,0.0,{}
4,B,HTTP Throughput,java_order,java,order,warehouse-go:8084,warehouse-go:8084,2026-06-23 14:42:20,2026-06-23T09:12:20Z,1782205940,sustain,1380.0,74.56363636363636,{}
4,B,HTTP Throughput,java_order,java,order,inventory-go-twin:9082,inventory-go-twin:9082,2026-06-23 14:42:35,2026-06-23T09:12:35Z,1782205955,sustain,1395.0,0.0,{}
4,B,HTTP Throughput,java_order,java,order,order-go-twin:9083,order-go-twin:9083,2026-06-23 14:42:35,2026-06-23T09:12:35Z,1782205955,sustain,1395.0,0.0,{}
4,B,HTTP Throughput,java_order,java,order,warehouse-go:8084,warehouse-go:8084,2026-06-23 14:42:35,2026-06-23T09:12:35Z,1782205955,sustain,1395.0,77.74404101743605,{}
4,B,HTTP Throughput,java_order,java,order,inventory-go-twin:9082,inventory-go-twin:9082,2026-06-23 14:42:50,2026-06-23T09:12:50Z,1782205970,sustain,1410.0,0.0,{}
4,B,HTTP Throughput,java_order,java,order,order-go-twin:9083,order-go-twin:9083,2026-06-23 14:42:50,2026-06-23T09:12:50Z,1782205970,sustain,1410.0,0.0,{}
4,B,HTTP Throughput,java_order,java,order,warehouse-go:8084,warehouse-go:8084,2026-06-23 14:42:50,2026-06-23T09:12:50Z,1782205970,sustain,1410.0,83.81665787894765,{}
4,B,HTTP Throughput,java_order,java,order,inventory-go-twin:9082,inventory-go-twin:9082,2026-06-23 14:43:05,2026-06-23T09:13:05Z,1782205985,sustain,1425.0,0.0,{}
4,B,HTTP Throughput,java_order,java,order,order-go-twin:9083,order-go-twin:9083,2026-06-23 14:43:05,2026-06-23T09:13:05Z,1782205985,sustain,1425.0,0.0,{}
4,B,HTTP Throughput,java_order,java,order,warehouse-go:8084,warehouse-go:8084,2026-06-23 14:43:05,2026-06-23T09:13:05Z,1782205985,sustain,1425.0,77.36504300078184,{}
4,B,HTTP Throughput,java_order,java,order,inventory-go-twin:9082,inventory-go-twin:9082,2026-06-23 14:43:20,2026-06-23T09:13:20Z,1782206000,sustain,1440.0,0.0,{}
4,B,HTTP Throughput,java_order,java,order,order-go-twin:9083,order-go-twin:9083,2026-06-23 14:43:20,2026-06-23T09:13:20Z,1782206000,sustain,1440.0,0.0,{}
4,B,HTTP Throughput,java_order,java,order,warehouse-go:8084,warehouse-go:8084,2026-06-23 14:43:20,2026-06-23T09:13:20Z,1782206000,sustain,1440.0,77.98181818181818,{}
4,B,HTTP Throughput,java_order,java,order,inventory-go-twin:9082,inventory-go-twin:9082,2026-06-23 14:43:35,2026-06-23T09:13:35Z,1782206015,sustain,1455.0,0.0,{}
4,B,HTTP Throughput,java_order,java,order,order-go-twin:9083,order-go-twin:9083,2026-06-23 14:43:35,2026-06-23T09:13:35Z,1782206015,sustain,1455.0,0.0,{}
4,B,HTTP Throughput,java_order,java,order,warehouse-go:8084,warehouse-go:8084,2026-06-23 14:43:35,2026-06-23T09:13:35Z,1782206015,sustain,1455.0,63.92727272727272,{}
4,B,HTTP Throughput,java_order,java,order,inventory-go-twin:9082,inventory-go-twin:9082,2026-06-23 14:43:50,2026-06-23T09:13:50Z,1782206030,sustain,1470.0,0.0,{}
4,B,HTTP Throughput,java_order,java,order,order-go-twin:9083,order-go-twin:9083,2026-06-23 14:43:50,2026-06-23T09:13:50Z,1782206030,sustain,1470.0,0.0,{}
4,B,HTTP Throughput,java_order,java,order,warehouse-go:8084,warehouse-go:8084,2026-06-23 14:43:50,2026-06-23T09:13:50Z,1782206030,sustain,1470.0,72.56363636363636,{}
4,B,HTTP Throughput,java_order,java,order,inventory-go-twin:9082,inventory-go-twin:9082,2026-06-23 14:44:05,2026-06-23T09:14:05Z,1782206045,sustain,1485.0,0.0,{}
4,B,HTTP Throughput,java_order,java,order,order-go-twin:9083,order-go-twin:9083,2026-06-23 14:44:05,2026-06-23T09:14:05Z,1782206045,sustain,1485.0,0.0,{}
4,B,HTTP Throughput,java_order,java,order,warehouse-go:8084,warehouse-go:8084,2026-06-23 14:44:05,2026-06-23T09:14:05Z,1782206045,sustain,1485.0,62.255677375952295,{}
4,B,HTTP Throughput,java_order,java,order,inventory-go-twin:9082,inventory-go-twin:9082,2026-06-23 14:44:20,2026-06-23T09:14:20Z,1782206060,sustain,1500.0,0.0,{}
4,B,HTTP Throughput,java_order,java,order,order-go-twin:9083,order-go-twin:9083,2026-06-23 14:44:20,2026-06-23T09:14:20Z,1782206060,sustain,1500.0,0.0,{}
4,B,HTTP Throughput,java_order,java,order,warehouse-go:8084,warehouse-go:8084,2026-06-23 14:44:20,2026-06-23T09:14:20Z,1782206060,sustain,1500.0,72.21686878420392,{}
4,B,HTTP Throughput,java_order,java,order,inventory-go-twin:9082,inventory-go-twin:9082,2026-06-23 14:44:35,2026-06-23T09:14:35Z,1782206075,sustain,1515.0,0.0,{}
4,B,HTTP Throughput,java_order,java,order,order-go-twin:9083,order-go-twin:9083,2026-06-23 14:44:35,2026-06-23T09:14:35Z,1782206075,sustain,1515.0,0.0,{}
4,B,HTTP Throughput,java_order,java,order,warehouse-go:8084,warehouse-go:8084,2026-06-23 14:44:35,2026-06-23T09:14:35Z,1782206075,sustain,1515.0,62.56363636363636,{}
4,B,HTTP Throughput,java_order,java,order,inventory-go-twin:9082,inventory-go-twin:9082,2026-06-23 14:44:50,2026-06-23T09:14:50Z,1782206090,sustain,1530.0,0.0,{}
4,B,HTTP Throughput,java_order,java,order,order-go-twin:9083,order-go-twin:9083,2026-06-23 14:44:50,2026-06-23T09:14:50Z,1782206090,sustain,1530.0,0.0,{}
4,B,HTTP Throughput,java_order,java,order,warehouse-go:8084,warehouse-go:8084,2026-06-23 14:44:50,2026-06-23T09:14:50Z,1782206090,sustain,1530.0,60.709090909090904,{}
4,B,HTTP Throughput,java_order,java,order,inventory-go-twin:9082,inventory-go-twin:9082,2026-06-23 14:45:05,2026-06-23T09:15:05Z,1782206105,sustain,1545.0,0.0,{}
4,B,HTTP Throughput,java_order,java,order,order-go-twin:9083,order-go-twin:9083,2026-06-23 14:45:05,2026-06-23T09:15:05Z,1782206105,sustain,1545.0,0.0,{}
4,B,HTTP Throughput,java_order,java,order,warehouse-go:8084,warehouse-go:8084,2026-06-23 14:45:05,2026-06-23T09:15:05Z,1782206105,sustain,1545.0,64.92727272727272,{}
4,B,HTTP Throughput,java_order,java,order,inventory-go-twin:9082,inventory-go-twin:9082,2026-06-23 14:45:20,2026-06-23T09:15:20Z,1782206120,sustain,1560.0,0.0,{}
4,B,HTTP Throughput,java_order,java,order,order-go-twin:9083,order-go-twin:9083,2026-06-23 14:45:20,2026-06-23T09:15:20Z,1782206120,sustain,1560.0,0.0,{}
4,B,HTTP Throughput,java_order,java,order,warehouse-go:8084,warehouse-go:8084,2026-06-23 14:45:20,2026-06-23T09:15:20Z,1782206120,sustain,1560.0,67.81818181818181,{}
4,B,HTTP Throughput,java_order,java,order,inventory-go-twin:9082,inventory-go-twin:9082,2026-06-23 14:45:35,2026-06-23T09:15:35Z,1782206135,sustain,1575.0,0.0,{}
4,B,HTTP Throughput,java_order,java,order,order-go-twin:9083,order-go-twin:9083,2026-06-23 14:45:35,2026-06-23T09:15:35Z,1782206135,sustain,1575.0,0.0,{}
4,B,HTTP Throughput,java_order,java,order,warehouse-go:8084,warehouse-go:8084,2026-06-23 14:45:35,2026-06-23T09:15:35Z,1782206135,sustain,1575.0,70.74545454545454,{}
4,B,HTTP Throughput,java_order,java,order,inventory-go-twin:9082,inventory-go-twin:9082,2026-06-23 14:45:50,2026-06-23T09:15:50Z,1782206150,sustain,1590.0,0.0,{}
4,B,HTTP Throughput,java_order,java,order,order-go-twin:9083,order-go-twin:9083,2026-06-23 14:45:50,2026-06-23T09:15:50Z,1782206150,sustain,1590.0,0.0,{}
4,B,HTTP Throughput,java_order,java,order,warehouse-go:8084,warehouse-go:8084,2026-06-23 14:45:50,2026-06-23T09:15:50Z,1782206150,sustain,1590.0,82.14694812632958,{}
4,B,HTTP Throughput,java_order,java,order,inventory-go-twin:9082,inventory-go-twin:9082,2026-06-23 14:46:05,2026-06-23T09:16:05Z,1782206165,sustain,1605.0,0.0,{}
4,B,HTTP Throughput,java_order,java,order,order-go-twin:9083,order-go-twin:9083,2026-06-23 14:46:05,2026-06-23T09:16:05Z,1782206165,sustain,1605.0,0.0,{}
4,B,HTTP Throughput,java_order,java,order,warehouse-go:8084,warehouse-go:8084,2026-06-23 14:46:05,2026-06-23T09:16:05Z,1782206165,sustain,1605.0,83.31060564737541,{}
4,B,HTTP Throughput,java_order,java,order,inventory-go-twin:9082,inventory-go-twin:9082,2026-06-23 14:46:20,2026-06-23T09:16:20Z,1782206180,sustain,1620.0,0.0,{}
4,B,HTTP Throughput,java_order,java,order,order-go-twin:9083,order-go-twin:9083,2026-06-23 14:46:20,2026-06-23T09:16:20Z,1782206180,sustain,1620.0,0.0,{}
4,B,HTTP Throughput,java_order,java,order,warehouse-go:8084,warehouse-go:8084,2026-06-23 14:46:20,2026-06-23T09:16:20Z,1782206180,sustain,1620.0,83.16363636363636,{}
4,B,HTTP Throughput,java_order,java,order,inventory-go-twin:9082,inventory-go-twin:9082,2026-06-23 14:46:35,2026-06-23T09:16:35Z,1782206195,sustain,1635.0,0.0,{}
4,B,HTTP Throughput,java_order,java,order,order-go-twin:9083,order-go-twin:9083,2026-06-23 14:46:35,2026-06-23T09:16:35Z,1782206195,sustain,1635.0,0.0,{}
4,B,HTTP Throughput,java_order,java,order,warehouse-go:8084,warehouse-go:8084,2026-06-23 14:46:35,2026-06-23T09:16:35Z,1782206195,sustain,1635.0,84.91063473881344,{}
4,B,HTTP Throughput,java_order,java,order,inventory-go-twin:9082,inventory-go-twin:9082,2026-06-23 14:46:50,2026-06-23T09:16:50Z,1782206210,sustain,1650.0,0.0,{}
4,B,HTTP Throughput,java_order,java,order,order-go-twin:9083,order-go-twin:9083,2026-06-23 14:46:50,2026-06-23T09:16:50Z,1782206210,sustain,1650.0,0.0,{}
4,B,HTTP Throughput,java_order,java,order,warehouse-go:8084,warehouse-go:8084,2026-06-23 14:46:50,2026-06-23T09:16:50Z,1782206210,sustain,1650.0,84.52727272727272,{}
4,B,HTTP Throughput,java_order,java,order,inventory-go-twin:9082,inventory-go-twin:9082,2026-06-23 14:47:05,2026-06-23T09:17:05Z,1782206225,sustain,1665.0,0.0,{}
4,B,HTTP Throughput,java_order,java,order,order-go-twin:9083,order-go-twin:9083,2026-06-23 14:47:05,2026-06-23T09:17:05Z,1782206225,sustain,1665.0,0.0,{}
4,B,HTTP Throughput,java_order,java,order,warehouse-go:8084,warehouse-go:8084,2026-06-23 14:47:05,2026-06-23T09:17:05Z,1782206225,sustain,1665.0,85.38181818181818,{}
4,B,HTTP Throughput,java_order,java,order,inventory-go-twin:9082,inventory-go-twin:9082,2026-06-23 14:47:20,2026-06-23T09:17:20Z,1782206240,sustain,1680.0,0.0,{}
4,B,HTTP Throughput,java_order,java,order,order-go-twin:9083,order-go-twin:9083,2026-06-23 14:47:20,2026-06-23T09:17:20Z,1782206240,sustain,1680.0,0.0,{}
4,B,HTTP Throughput,java_order,java,order,warehouse-go:8084,warehouse-go:8084,2026-06-23 14:47:20,2026-06-23T09:17:20Z,1782206240,sustain,1680.0,87.81977854142804,{}
4,B,HTTP Throughput,java_order,java,order,inventory-go-twin:9082,inventory-go-twin:9082,2026-06-23 14:47:35,2026-06-23T09:17:35Z,1782206255,sustain,1695.0,0.0,{}
4,B,HTTP Throughput,java_order,java,order,order-go-twin:9083,order-go-twin:9083,2026-06-23 14:47:35,2026-06-23T09:17:35Z,1782206255,sustain,1695.0,0.0,{}
4,B,HTTP Throughput,java_order,java,order,warehouse-go:8084,warehouse-go:8084,2026-06-23 14:47:35,2026-06-23T09:17:35Z,1782206255,sustain,1695.0,88.58342878961436,{}
4,B,HTTP Throughput,java_order,java,order,inventory-go-twin:9082,inventory-go-twin:9082,2026-06-23 14:47:50,2026-06-23T09:17:50Z,1782206270,sustain,1710.0,0.0,{}
4,B,HTTP Throughput,java_order,java,order,order-go-twin:9083,order-go-twin:9083,2026-06-23 14:47:50,2026-06-23T09:17:50Z,1782206270,sustain,1710.0,0.0,{}
4,B,HTTP Throughput,java_order,java,order,warehouse-go:8084,warehouse-go:8084,2026-06-23 14:47:50,2026-06-23T09:17:50Z,1782206270,sustain,1710.0,84.85454545454544,{}
4,B,HTTP Throughput,java_order,java,order,inventory-go-twin:9082,inventory-go-twin:9082,2026-06-23 14:48:05,2026-06-23T09:18:05Z,1782206285,sustain,1725.0,0.0,{}
4,B,HTTP Throughput,java_order,java,order,order-go-twin:9083,order-go-twin:9083,2026-06-23 14:48:05,2026-06-23T09:18:05Z,1782206285,sustain,1725.0,0.0,{}
4,B,HTTP Throughput,java_order,java,order,warehouse-go:8084,warehouse-go:8084,2026-06-23 14:48:05,2026-06-23T09:18:05Z,1782206285,sustain,1725.0,84.36363636363636,{}
4,B,HTTP Throughput,java_order,java,order,inventory-go-twin:9082,inventory-go-twin:9082,2026-06-23 14:48:20,2026-06-23T09:18:20Z,1782206300,sustain,1740.0,0.0,{}
4,B,HTTP Throughput,java_order,java,order,order-go-twin:9083,order-go-twin:9083,2026-06-23 14:48:20,2026-06-23T09:18:20Z,1782206300,sustain,1740.0,0.0,{}
4,B,HTTP Throughput,java_order,java,order,warehouse-go:8084,warehouse-go:8084,2026-06-23 14:48:20,2026-06-23T09:18:20Z,1782206300,sustain,1740.0,87.07272727272726,{}
4,B,HTTP Throughput,java_order,java,order,inventory-go-twin:9082,inventory-go-twin:9082,2026-06-23 14:48:35,2026-06-23T09:18:35Z,1782206315,sustain,1755.0,0.0,{}
4,B,HTTP Throughput,java_order,java,order,order-go-twin:9083,order-go-twin:9083,2026-06-23 14:48:35,2026-06-23T09:18:35Z,1782206315,sustain,1755.0,0.0,{}
4,B,HTTP Throughput,java_order,java,order,warehouse-go:8084,warehouse-go:8084,2026-06-23 14:48:35,2026-06-23T09:18:35Z,1782206315,sustain,1755.0,81.38033853929929,{}
4,B,HTTP Throughput,java_order,java,order,inventory-go-twin:9082,inventory-go-twin:9082,2026-06-23 14:48:50,2026-06-23T09:18:50Z,1782206330,sustain,1770.0,0.0,{}
4,B,HTTP Throughput,java_order,java,order,order-go-twin:9083,order-go-twin:9083,2026-06-23 14:48:50,2026-06-23T09:18:50Z,1782206330,sustain,1770.0,0.0,{}
4,B,HTTP Throughput,java_order,java,order,warehouse-go:8084,warehouse-go:8084,2026-06-23 14:48:50,2026-06-23T09:18:50Z,1782206330,sustain,1770.0,89.30909090909091,{}
4,B,HTTP Throughput,java_order,java,order,inventory-go-twin:9082,inventory-go-twin:9082,2026-06-23 14:49:05,2026-06-23T09:19:05Z,1782206345,sustain,1785.0,0.0,{}
4,B,HTTP Throughput,java_order,java,order,order-go-twin:9083,order-go-twin:9083,2026-06-23 14:49:05,2026-06-23T09:19:05Z,1782206345,sustain,1785.0,0.0,{}
4,B,HTTP Throughput,java_order,java,order,warehouse-go:8084,warehouse-go:8084,2026-06-23 14:49:05,2026-06-23T09:19:05Z,1782206345,sustain,1785.0,85.87428862342952,{}
4,B,HTTP Throughput,java_order,java,order,inventory-go-twin:9082,inventory-go-twin:9082,2026-06-23 14:49:20,2026-06-23T09:19:20Z,1782206360,cooldown,1800.0,0.0,{}
4,B,HTTP Throughput,java_order,java,order,order-go-twin:9083,order-go-twin:9083,2026-06-23 14:49:20,2026-06-23T09:19:20Z,1782206360,cooldown,1800.0,0.0,{}
4,B,HTTP Throughput,java_order,java,order,warehouse-go:8084,warehouse-go:8084,2026-06-23 14:49:20,2026-06-23T09:19:20Z,1782206360,cooldown,1800.0,87.78022217777858,{}
4,B,HTTP Throughput,java_order,java,order,inventory-go-twin:9082,inventory-go-twin:9082,2026-06-23 14:49:35,2026-06-23T09:19:35Z,1782206375,cooldown,1815.0,0.0,{}
4,B,HTTP Throughput,java_order,java,order,order-go-twin:9083,order-go-twin:9083,2026-06-23 14:49:35,2026-06-23T09:19:35Z,1782206375,cooldown,1815.0,0.0,{}
4,B,HTTP Throughput,java_order,java,order,warehouse-go:8084,warehouse-go:8084,2026-06-23 14:49:35,2026-06-23T09:19:35Z,1782206375,cooldown,1815.0,91.94545454545454,{}
4,B,HTTP Throughput,java_order,java,order,inventory-go-twin:9082,inventory-go-twin:9082,2026-06-23 14:49:50,2026-06-23T09:19:50Z,1782206390,cooldown,1830.0,0.0,{}
4,B,HTTP Throughput,java_order,java,order,order-go-twin:9083,order-go-twin:9083,2026-06-23 14:49:50,2026-06-23T09:19:50Z,1782206390,cooldown,1830.0,0.0,{}
4,B,HTTP Throughput,java_order,java,order,warehouse-go:8084,warehouse-go:8084,2026-06-23 14:49:50,2026-06-23T09:19:50Z,1782206390,cooldown,1830.0,84.41818181818181,{}
4,B,HTTP Throughput,java_order,java,order,inventory-go-twin:9082,inventory-go-twin:9082,2026-06-23 14:50:05,2026-06-23T09:20:05Z,1782206405,cooldown,1845.0,0.0,{}
4,B,HTTP Throughput,java_order,java,order,order-go-twin:9083,order-go-twin:9083,2026-06-23 14:50:05,2026-06-23T09:20:05Z,1782206405,cooldown,1845.0,0.0,{}
4,B,HTTP Throughput,java_order,java,order,warehouse-go:8084,warehouse-go:8084,2026-06-23 14:50:05,2026-06-23T09:20:05Z,1782206405,cooldown,1845.0,75.92727272727272,{}
4,B,HTTP Throughput,java_order,java,order,inventory-go-twin:9082,inventory-go-twin:9082,2026-06-23 14:50:20,2026-06-23T09:20:20Z,1782206420,cooldown,1860.0,0.0,{}
4,B,HTTP Throughput,java_order,java,order,order-go-twin:9083,order-go-twin:9083,2026-06-23 14:50:20,2026-06-23T09:20:20Z,1782206420,cooldown,1860.0,0.0,{}
4,B,HTTP Throughput,java_order,java,order,warehouse-go:8084,warehouse-go:8084,2026-06-23 14:50:20,2026-06-23T09:20:20Z,1782206420,cooldown,1860.0,74.59864366102434,{}
4,B,HTTP Throughput,java_order,java,order,inventory-go-twin:9082,inventory-go-twin:9082,2026-06-23 14:50:35,2026-06-23T09:20:35Z,1782206435,cooldown,1875.0,0.0,{}
4,B,HTTP Throughput,java_order,java,order,order-go-twin:9083,order-go-twin:9083,2026-06-23 14:50:35,2026-06-23T09:20:35Z,1782206435,cooldown,1875.0,0.0,{}
4,B,HTTP Throughput,java_order,java,order,warehouse-go:8084,warehouse-go:8084,2026-06-23 14:50:35,2026-06-23T09:20:35Z,1782206435,cooldown,1875.0,76.61818181818181,{}
4,B,HTTP Throughput,java_order,java,order,inventory-go-twin:9082,inventory-go-twin:9082,2026-06-23 14:50:50,2026-06-23T09:20:50Z,1782206450,cooldown,1890.0,0.0,{}
4,B,HTTP Throughput,java_order,java,order,order-go-twin:9083,order-go-twin:9083,2026-06-23 14:50:50,2026-06-23T09:20:50Z,1782206450,cooldown,1890.0,0.0,{}
4,B,HTTP Throughput,java_order,java,order,warehouse-go:8084,warehouse-go:8084,2026-06-23 14:50:50,2026-06-23T09:20:50Z,1782206450,cooldown,1890.0,75.23773159511993,{}
4,B,HTTP Throughput,java_order,java,order,inventory-go-twin:9082,inventory-go-twin:9082,2026-06-23 14:51:05,2026-06-23T09:21:05Z,1782206465,cooldown,1905.0,0.0,{}
4,B,HTTP Throughput,java_order,java,order,order-go-twin:9083,order-go-twin:9083,2026-06-23 14:51:05,2026-06-23T09:21:05Z,1782206465,cooldown,1905.0,0.0,{}
4,B,HTTP Throughput,java_order,java,order,warehouse-go:8084,warehouse-go:8084,2026-06-23 14:51:05,2026-06-23T09:21:05Z,1782206465,cooldown,1905.0,73.21685060271632,{}
4,B,HTTP Throughput,java_order,java,order,inventory-go-twin:9082,inventory-go-twin:9082,2026-06-23 14:51:20,2026-06-23T09:21:20Z,1782206480,cooldown,1920.0,0.0,{}
4,B,HTTP Throughput,java_order,java,order,order-go-twin:9083,order-go-twin:9083,2026-06-23 14:51:20,2026-06-23T09:21:20Z,1782206480,cooldown,1920.0,0.0,{}
4,B,HTTP Throughput,java_order,java,order,warehouse-go:8084,warehouse-go:8084,2026-06-23 14:51:20,2026-06-23T09:21:20Z,1782206480,cooldown,1920.0,68.23636363636363,{}
4,B,HTTP Throughput,java_order,java,order,inventory-go-twin:9082,inventory-go-twin:9082,2026-06-23 14:51:35,2026-06-23T09:21:35Z,1782206495,cooldown,1935.0,0.0,{}
4,B,HTTP Throughput,java_order,java,order,order-go-twin:9083,order-go-twin:9083,2026-06-23 14:51:35,2026-06-23T09:21:35Z,1782206495,cooldown,1935.0,0.0,{}
4,B,HTTP Throughput,java_order,java,order,warehouse-go:8084,warehouse-go:8084,2026-06-23 14:51:35,2026-06-23T09:21:35Z,1782206495,cooldown,1935.0,69.23510481627606,{}
4,B,HTTP Throughput,java_order,java,order,inventory-go-twin:9082,inventory-go-twin:9082,2026-06-23 14:51:50,2026-06-23T09:21:50Z,1782206510,cooldown,1950.0,0.0,{}
4,B,HTTP Throughput,java_order,java,order,order-go-twin:9083,order-go-twin:9083,2026-06-23 14:51:50,2026-06-23T09:21:50Z,1782206510,cooldown,1950.0,0.0,{}
4,B,HTTP Throughput,java_order,java,order,warehouse-go:8084,warehouse-go:8084,2026-06-23 14:51:50,2026-06-23T09:21:50Z,1782206510,cooldown,1950.0,70.00127275041365,{}
4,B,HTTP Throughput,java_order,java,order,inventory-go-twin:9082,inventory-go-twin:9082,2026-06-23 14:52:05,2026-06-23T09:22:05Z,1782206525,cooldown,1965.0,0.0,{}
4,B,HTTP Throughput,java_order,java,order,order-go-twin:9083,order-go-twin:9083,2026-06-23 14:52:05,2026-06-23T09:22:05Z,1782206525,cooldown,1965.0,0.0,{}
4,B,HTTP Throughput,java_order,java,order,warehouse-go:8084,warehouse-go:8084,2026-06-23 14:52:05,2026-06-23T09:22:05Z,1782206525,cooldown,1965.0,69.61818181818181,{}
4,B,HTTP Throughput,java_order,java,order,inventory-go-twin:9082,inventory-go-twin:9082,2026-06-23 14:52:20,2026-06-23T09:22:20Z,1782206540,cooldown,1980.0,0.0,{}
4,B,HTTP Throughput,java_order,java,order,order-go-twin:9083,order-go-twin:9083,2026-06-23 14:52:20,2026-06-23T09:22:20Z,1782206540,cooldown,1980.0,0.0,{}
4,B,HTTP Throughput,java_order,java,order,warehouse-go:8084,warehouse-go:8084,2026-06-23 14:52:20,2026-06-23T09:22:20Z,1782206540,cooldown,1980.0,72.2909090909091,{}
4,B,HTTP Throughput,java_order,java,order,inventory-go-twin:9082,inventory-go-twin:9082,2026-06-23 14:52:35,2026-06-23T09:22:35Z,1782206555,cooldown,1995.0,0.0,{}
4,B,HTTP Throughput,java_order,java,order,order-go-twin:9083,order-go-twin:9083,2026-06-23 14:52:35,2026-06-23T09:22:35Z,1782206555,cooldown,1995.0,0.0,{}
4,B,HTTP Throughput,java_order,java,order,warehouse-go:8084,warehouse-go:8084,2026-06-23 14:52:35,2026-06-23T09:22:35Z,1782206555,cooldown,1995.0,72.50909090909092,{}
4,B,HTTP Throughput,java_order,java,order,inventory-go-twin:9082,inventory-go-twin:9082,2026-06-23 14:52:50,2026-06-23T09:22:50Z,1782206570,cooldown,2010.0,0.0,{}
4,B,HTTP Throughput,java_order,java,order,order-go-twin:9083,order-go-twin:9083,2026-06-23 14:52:50,2026-06-23T09:22:50Z,1782206570,cooldown,2010.0,0.0,{}
4,B,HTTP Throughput,java_order,java,order,warehouse-go:8084,warehouse-go:8084,2026-06-23 14:52:50,2026-06-23T09:22:50Z,1782206570,cooldown,2010.0,72.67272727272727,{}
4,B,HTTP Throughput,java_order,java,order,inventory-go-twin:9082,inventory-go-twin:9082,2026-06-23 14:53:05,2026-06-23T09:23:05Z,1782206585,cooldown,2025.0,0.0,{}
4,B,HTTP Throughput,java_order,java,order,order-go-twin:9083,order-go-twin:9083,2026-06-23 14:53:05,2026-06-23T09:23:05Z,1782206585,cooldown,2025.0,0.0,{}
4,B,HTTP Throughput,java_order,java,order,warehouse-go:8084,warehouse-go:8084,2026-06-23 14:53:05,2026-06-23T09:23:05Z,1782206585,cooldown,2025.0,75.29090909090908,{}
4,B,HTTP Throughput,java_order,java,order,inventory-go-twin:9082,inventory-go-twin:9082,2026-06-23 14:53:20,2026-06-23T09:23:20Z,1782206600,cooldown,2040.0,0.0,{}
4,B,HTTP Throughput,java_order,java,order,order-go-twin:9083,order-go-twin:9083,2026-06-23 14:53:20,2026-06-23T09:23:20Z,1782206600,cooldown,2040.0,0.0,{}
4,B,HTTP Throughput,java_order,java,order,warehouse-go:8084,warehouse-go:8084,2026-06-23 14:53:20,2026-06-23T09:23:20Z,1782206600,cooldown,2040.0,71.2896129161288,{}
4,B,HTTP Throughput,java_order,java,order,inventory-go-twin:9082,inventory-go-twin:9082,2026-06-23 14:53:35,2026-06-23T09:23:35Z,1782206615,cooldown,2055.0,0.0,{}
4,B,HTTP Throughput,java_order,java,order,order-go-twin:9083,order-go-twin:9083,2026-06-23 14:53:35,2026-06-23T09:23:35Z,1782206615,cooldown,2055.0,0.0,{}
4,B,HTTP Throughput,java_order,java,order,warehouse-go:8084,warehouse-go:8084,2026-06-23 14:53:35,2026-06-23T09:23:35Z,1782206615,cooldown,2055.0,65.76363636363635,{}
4,B,HTTP Throughput,java_order,java,order,inventory-go-twin:9082,inventory-go-twin:9082,2026-06-23 14:53:50,2026-06-23T09:23:50Z,1782206630,cooldown,2070.0,0.0,{}
4,B,HTTP Throughput,java_order,java,order,order-go-twin:9083,order-go-twin:9083,2026-06-23 14:53:50,2026-06-23T09:23:50Z,1782206630,cooldown,2070.0,0.0,{}
4,B,HTTP Throughput,java_order,java,order,warehouse-go:8084,warehouse-go:8084,2026-06-23 14:53:50,2026-06-23T09:23:50Z,1782206630,cooldown,2070.0,56.527272727272724,{}
4,B,HTTP Throughput,java_order,java,order,inventory-go-twin:9082,inventory-go-twin:9082,2026-06-23 14:54:05,2026-06-23T09:24:05Z,1782206645,cooldown,2085.0,0.0,{}
4,B,HTTP Throughput,java_order,java,order,order-go-twin:9083,order-go-twin:9083,2026-06-23 14:54:05,2026-06-23T09:24:05Z,1782206645,cooldown,2085.0,0.0,{}
4,B,HTTP Throughput,java_order,java,order,warehouse-go:8084,warehouse-go:8084,2026-06-23 14:54:05,2026-06-23T09:24:05Z,1782206645,cooldown,2085.0,42.63636363636363,{}
4,B,HTTP Throughput,java_order,java,order,inventory-go-twin:9082,inventory-go-twin:9082,2026-06-23 14:54:20,2026-06-23T09:24:20Z,1782206660,post_test,2100.0,0.0,{}
4,B,HTTP Throughput,java_order,java,order,order-go-twin:9083,order-go-twin:9083,2026-06-23 14:54:20,2026-06-23T09:24:20Z,1782206660,post_test,2100.0,0.0,{}
4,B,HTTP Throughput,java_order,java,order,warehouse-go:8084,warehouse-go:8084,2026-06-23 14:54:20,2026-06-23T09:24:20Z,1782206660,post_test,2100.0,29.036363636363635,{}
